{
"type": "FeatureCollection",
"name": "Mejorada",
"crs": { "type": "name", "properties": { "name": "urn:ogc:def:crs:EPSG::3035" } },
"features": [
{ "type": "Feature", "properties": { "SITE_NAME": "Sotos del Río Guadyerbas y Arenales del Baldío de Velada", "ODESIGNATE": "Reserva Fluvial", "NUT2": 42, "SITE_CODE_": "ES425002", "DESIG_ABBR": "ES91", "SITE_CDDA": "349510_CDDA", "Sup_ha": 1864.7044911200001 }, "geometry": { "type": "MultiPolygon", "coordinates": [ [ [ [ 3046710.272191285155714, 2006195.817206297069788 ], [ 3046711.630883364006877, 2006248.338519668206573 ], [ 3046704.287205336615443, 2006358.903470462188125 ], [ 3046698.299778334796429, 2006377.265709209488705 ], [ 3046691.9921342022717, 2006410.008267758181319 ], [ 3046688.273061219602823, 2006475.887215554714203 ], [ 3046684.969073756597936, 2006528.284489833051339 ], [ 3046687.174794773105532, 2006570.299806244438514 ], [ 3046685.04229945410043, 2006618.640342467930168 ], [ 3046682.922012623399496, 2006635.761762449983507 ], [ 3046678.968282237183303, 2006669.579509925097227 ], [ 3046876.372506882995367, 2006634.478534273803234 ], [ 3046958.894572185352445, 2005844.049469282152131 ], [ 3046761.488387272693217, 2005879.14933448843658 ], [ 3045250.920735000167042, 2006285.512747179483995 ], [ 3045250.920735000167042, 2006863.882932011270896 ], [ 3045297.011632034555078, 2006862.295051197288558 ], [ 3045329.029371714219451, 2006861.273667769506574 ], [ 3045353.346694051288068, 2006865.065644388319924 ], [ 3045385.542977074161172, 2006863.751126730348915 ], [ 3045425.927587848156691, 2006865.394677331205457 ], [ 3045483.204149251803756, 2006861.870640362845734 ], [ 3045526.945926726330072, 2006854.091319205006585 ], [ 3045572.334692378528416, 2006851.298796934308484 ], [ 3045615.809801816940308, 2006854.904202281264588 ], [ 3045658.394907750189304, 2006857.062504925066605 ], [ 3045693.219944844488055, 2006861.952720505185425 ], [ 3045730.100554804317653, 2006859.002291069366038 ], [ 3045762.753719068132341, 2006840.965359276160598 ], [ 3045789.874556809198111, 2006816.505922186654061 ], [ 3045818.441844975575805, 2006794.155065987026319 ], [ 3045848.384164785966277, 2006748.331909303320572 ], [ 3045865.517914745025337, 2006735.463678771164268 ], [ 3045891.464137966744602, 2006713.992243401706219 ], [ 3045913.796310945414007, 2006692.924306117463857 ], [ 3045937.651276138611138, 2006670.163969359826297 ], [ 3045958.324864482041448, 2006649.48688333411701 ], [ 3045988.385952593758702, 2006624.743829561164603 ], [ 3046012.307142132427543, 2006607.472011728212237 ], [ 3046051.819256619550288, 2006583.996438514674082 ], [ 3046093.114348825998604, 2006551.626345209311694 ], [ 3046132.703157329000533, 2006516.987160875927657 ], [ 3046163.710123714059591, 2006483.575211065588519 ], [ 3046178.732956426218152, 2006468.476245095022023 ], [ 3046205.981130808591843, 2006452.317592532839626 ], [ 3046231.863029214553535, 2006433.282688389765099 ], [ 3046249.553338157944381, 2006423.429705890128389 ], [ 3046264.552930368110538, 2006419.758672209922224 ], [ 3046296.121745281852782, 2006409.789570148801431 ], [ 3046337.061882756650448, 2006385.291692485567182 ], [ 3046372.694334686733782, 2006354.195260108681396 ], [ 3046399.821930698119104, 2006329.65432469220832 ], [ 3046429.267505428288132, 2006300.165874846279621 ], [ 3046452.502753989771008, 2006280.638597890036181 ], [ 3046487.655603090301156, 2006248.973252207739279 ], [ 3046517.829274579882622, 2006223.816836532438174 ], [ 3046547.010628679767251, 2006196.048108077608049 ], [ 3046572.788705802056938, 2006177.090054830769077 ], [ 3046600.014356752857566, 2006146.471294544171542 ], [ 3046630.186378741636872, 2006121.356043349951506 ], [ 3046657.010759634431452, 2006100.487967595458031 ], [ 3046678.715777218341827, 2006080.256924103479832 ], [ 3046705.905605701729655, 2006060.260778010124341 ], [ 3046706.619425380602479, 2006060.228187737753615 ], [ 3046710.272191285155714, 2006195.817206297069788 ] ] ], [ [ [ 3047950.150194101966918, 2008720.258603879483417 ], [ 3047916.658488549757749, 2008688.215761221479625 ], [ 3047866.957099203020334, 2008658.548561024246737 ], [ 3047810.476702880114317, 2008609.821240332908928 ], [ 3047759.519535701721907, 2008572.271205050405115 ], [ 3047721.47405905649066, 2008545.091292544035241 ], [ 3047700.712178111542016, 2008518.891369682736695 ], [ 3047694.454228344839066, 2008509.871359779499471 ], [ 3047666.146023540291935, 2008500.212383401812986 ], [ 3047638.83399901445955, 2008476.697040720842779 ], [ 3047603.429534744471312, 2008456.1405995702371 ], [ 3047569.098858901299536, 2008438.939736285014078 ], [ 3047540.241207589395344, 2008425.832057730294764 ], [ 3047511.537277919240296, 2008423.843128736363724 ], [ 3047480.141362133435905, 2008424.86606920696795 ], [ 3047483.25320437271148, 2008434.445449456339702 ], [ 3047504.567784138489515, 2008453.96079113218002 ], [ 3047535.230519777163863, 2008478.400098881917074 ], [ 3047511.846004432067275, 2008469.385680175386369 ], [ 3047495.714717626571655, 2008472.254027086310089 ], [ 3047488.146682672202587, 2008475.119694442255422 ], [ 3047489.92431955691427, 2008476.323436039732769 ], [ 3047653.320896638557315, 2008601.287239209050313 ], [ 3047600.116052196361125, 2008707.515771265840158 ], [ 3047606.898424694314599, 2008716.442537230672315 ], [ 3047617.499844299629331, 2008722.663594523677602 ], [ 3047628.734958235640079, 2008729.278722201474011 ], [ 3047639.577648426406085, 2008733.43042480899021 ], [ 3047637.269003357738256, 2008752.586614092579111 ], [ 3047639.623642798513174, 2008767.367066104896367 ], [ 3047645.539296600967646, 2008781.007713538128883 ], [ 3047656.485473691485822, 2008789.19414518517442 ], [ 3047668.188205159269273, 2008808.89869792573154 ], [ 3047672.037367047276348, 2008822.90678338916041 ], [ 3047682.170408166013658, 2008832.757723968941718 ], [ 3047693.613376977387816, 2008830.723015811992809 ], [ 3047707.96698213275522, 2008826.650867030955851 ], [ 3047716.92602585721761, 2008818.978127627167851 ], [ 3047727.038055110257119, 2008798.434471991378814 ], [ 3047737.935031095519662, 2008782.817563396878541 ], [ 3047764.251933473628014, 2008803.470082345651463 ], [ 3047789.178603024221957, 2008812.210428826976568 ], [ 3047823.038467535283417, 2008826.45542797492817 ], [ 3047845.194781041238457, 2008837.714938726974651 ], [ 3047866.514476911630481, 2008813.658582116710022 ], [ 3047889.956575608346611, 2008792.77126692677848 ], [ 3047913.130820015911013, 2008803.849925328278914 ], [ 3047919.599169162102044, 2008810.806006807368249 ], [ 3047923.526800548657775, 2008825.306787427747622 ], [ 3047932.32550873234868, 2008826.782135288231075 ], [ 3047951.128696297295392, 2008830.531733852578327 ], [ 3047959.432328746654093, 2008808.789764443179592 ], [ 3047972.680589187890291, 2008818.086885797558352 ], [ 3047980.276126485317945, 2008825.349205075763166 ], [ 3047982.633961003739387, 2008829.996290158480406 ], [ 3047997.192283162847161, 2008827.407771477475762 ], [ 3048035.805615499615669, 2008773.931418139021844 ], [ 3047990.710562243126333, 2008753.071151628857478 ], [ 3047953.528313516173512, 2008731.310597288189456 ], [ 3047950.150194101966918, 2008720.258603879483417 ] ] ], [ [ [ 3054769.705476102884859, 2011692.444412003271282 ], [ 3054756.266354174353182, 2011676.704305018531159 ], [ 3054742.260638875886798, 2011670.022708810865879 ], [ 3054726.627801213879138, 2011662.748110786778852 ], [ 3054702.155541623942554, 2011650.954523531254381 ], [ 3054668.685736488550901, 2011642.511784124886617 ], [ 3054620.852897338569164, 2011627.055810325080529 ], [ 3054603.097825740464032, 2011622.833815541584045 ], [ 3054583.720729998312891, 2011610.469023329671472 ], [ 3054565.01150363497436, 2011615.991488686064258 ], [ 3054514.929248785600066, 2011590.620599837508053 ], [ 3054507.170216112397611, 2011588.108012511394918 ], [ 3054492.136198039166629, 2011584.273577434010804 ], [ 3054449.781523655168712, 2011579.882298416690901 ], [ 3054435.689335337840021, 2011574.441714789252728 ], [ 3054392.414672657381743, 2011512.416716009145603 ], [ 3054400.616277748718858, 2011498.020166901871562 ], [ 3054407.262602187227458, 2011479.340185494860634 ], [ 3054417.648099074140191, 2011472.347754867747426 ], [ 3054453.161857432685792, 2011448.448276242474094 ], [ 3054454.710766564123333, 2011425.040072517236695 ], [ 3054451.277655017096549, 2011424.069257563911378 ], [ 3054449.063200936187059, 2011442.407733523286879 ], [ 3054441.483106269035488, 2011449.874513603048399 ], [ 3054405.533183737657964, 2011471.733746112557128 ], [ 3054400.882993495091796, 2011476.694018960231915 ], [ 3054394.498803939670324, 2011497.465442222077399 ], [ 3054385.431364154908806, 2011507.446447406895459 ], [ 3054355.472404364030808, 2011508.107668798649684 ], [ 3054301.454272652976215, 2011505.748045741347596 ], [ 3054288.63890269305557, 2011506.474442212842405 ], [ 3054268.806068188510835, 2011499.085372891277075 ], [ 3054264.634563175961375, 2011496.219201929867268 ], [ 3054257.855698976665735, 2011488.263493791688234 ], [ 3054251.476279596332461, 2011482.050586018711329 ], [ 3054242.510193052701652, 2011469.731191664468497 ], [ 3054235.967064425349236, 2011459.687298633856699 ], [ 3054224.78272339515388, 2011444.529646902345121 ], [ 3054214.915651831775904, 2011429.421694964868948 ], [ 3054208.504571209196001, 2011412.433681563008577 ], [ 3054206.580158283933997, 2011397.23193111596629 ], [ 3054214.55330003798008, 2011359.165321038570255 ], [ 3054219.759085453115404, 2011284.676806907169521 ], [ 3054214.705317982006818, 2011281.369548806222156 ], [ 3054208.184593735262752, 2011328.935924072051421 ], [ 3054198.201675418764353, 2011396.501347935060039 ], [ 3054198.65704671246931, 2011422.806124096503481 ], [ 3054172.847164366394281, 2011418.292212027590722 ], [ 3054159.114329363685101, 2011419.181637341622263 ], [ 3054118.818280330393463, 2011412.742898775497451 ], [ 3054114.700492225587368, 2011412.380120917456225 ], [ 3054103.969500755425543, 2011395.03485043765977 ], [ 3054092.764115829020739, 2011388.027701047016308 ], [ 3054080.013180180452764, 2011423.244733993429691 ], [ 3054074.869743376970291, 2011436.449547398835421 ], [ 3054075.192269465886056, 2011446.565536028705537 ], [ 3054081.535477905534208, 2011458.986102243419737 ], [ 3054062.969104297459126, 2011485.346765124704689 ], [ 3054158.041279531084001, 2011562.67936506215483 ], [ 3054156.554510311223567, 2011565.287717330735177 ], [ 3054152.415204269811511, 2011564.694288996048272 ], [ 3054146.854562958236784, 2011564.056686092168093 ], [ 3054140.330861036665738, 2011563.710050681140274 ], [ 3054137.59907562378794, 2011563.692081901943311 ], [ 3054127.430392224807292, 2011563.764517997391522 ], [ 3054127.379491720348597, 2011563.764846756588668 ], [ 3054103.734853307716548, 2011563.92114611598663 ], [ 3054099.875536005012691, 2011564.021218767156824 ], [ 3054093.346813899464905, 2011564.531194981187582 ], [ 3054086.857533765025437, 2011565.467138239182532 ], [ 3054080.435474642086774, 2011566.825025291880593 ], [ 3054077.868130013346672, 2011567.544896614039317 ], [ 3054052.851858926936984, 2011568.263282379833981 ], [ 3054025.874849268700927, 2011570.032435546861961 ], [ 3054019.099163594655693, 2011570.839821985457093 ], [ 3054016.999123972840607, 2011570.819362126756459 ], [ 3054003.653601574711502, 2011570.829926183680072 ], [ 3053999.213447676971555, 2011570.932177524780855 ], [ 3053992.684733910020441, 2011571.442168837878853 ], [ 3053986.195462452247739, 2011572.378127278527245 ], [ 3053981.398356748279184, 2011573.230394495651126 ], [ 3053974.976307072676718, 2011574.588297492126003 ], [ 3053971.259466048330069, 2011575.630445930641145 ], [ 3053968.648975166957825, 2011576.362347283400595 ], [ 3053962.443476177286357, 2011578.544990650145337 ], [ 3053956.386315166484565, 2011581.126756220590323 ], [ 3053956.309027456212789, 2011581.162779534002766 ], [ 3053939.032603087369353, 2011589.213448520749807 ], [ 3053936.629920777864754, 2011586.867078501963988 ], [ 3053926.348449374549091, 2011567.048086237860844 ], [ 3053925.896342251449823, 2011566.187175782164559 ], [ 3053922.659737105481327, 2011560.556486605666578 ], [ 3053921.137375647202134, 2011558.178349249297753 ], [ 3053908.823193432763219, 2011539.54065077425912 ], [ 3053898.375914121512324, 2011523.728647072799504 ], [ 3053885.045580992475152, 2011486.307906600646675 ], [ 3053884.585265873931348, 2011485.043144343188033 ], [ 3053882.118156655691564, 2011479.023948806570843 ], [ 3053880.427854963578284, 2011475.454651942942291 ], [ 3053866.688778338953853, 2011447.892471523722634 ], [ 3053865.521035584621131, 2011445.62440174468793 ], [ 3053862.284440303221345, 2011439.9937186492607 ], [ 3053858.682980091311038, 2011434.593834408326074 ], [ 3053856.212817146442831, 2011431.29441404948011 ], [ 3053844.550203708000481, 2011416.383936501340941 ], [ 3053843.069526186212897, 2011414.537562123034149 ], [ 3053838.786394040565938, 2011409.667747891740873 ], [ 3053834.189017990604043, 2011405.094822914572433 ], [ 3053829.297346674371511, 2011400.838244457729161 ], [ 3053824.132174514234066, 2011396.916407564887777 ], [ 3053818.715655457228422, 2011393.346047149738297 ], [ 3053818.3438157197088, 2011393.119577399455011 ], [ 3053795.660639921203256, 2011379.3671098141931 ], [ 3053791.274673150852323, 2011376.860900432104245 ], [ 3053762.779558479785919, 2011361.54319711891003 ], [ 3053757.378721427172422, 2011358.189128229161724 ], [ 3053731.729772573336959, 2011335.283377300249413 ], [ 3053698.52920051291585, 2011303.732777268625796 ], [ 3053652.612105520442128, 2011259.951585133560002 ], [ 3053613.876295940950513, 2011219.81197320856154 ], [ 3053611.435964489355683, 2011217.371288091875613 ], [ 3053585.504185837693512, 2011192.340778431622311 ], [ 3053584.211519882082939, 2011191.115788160357624 ], [ 3053579.319864119403064, 2011186.859235252486542 ], [ 3053574.154707093723118, 2011182.937425071373582 ], [ 3053569.83039328455925, 2011180.045979229733348 ], [ 3053551.629806390032172, 2011168.566929392050952 ], [ 3053550.537615981884301, 2011167.888042984297499 ], [ 3053544.892915129195899, 2011164.684531847480685 ], [ 3053539.044297583401203, 2011161.861359962029383 ], [ 3053533.016775428317487, 2011159.430903859436512 ], [ 3053526.836116862483323, 2011157.403277829289436 ], [ 3053525.675429975613952, 2011157.07236145157367 ], [ 3053510.175746561959386, 2011152.755883687641472 ], [ 3053493.825708277523518, 2011192.357229390414432 ], [ 3053489.63235891237855, 2011200.820803703740239 ], [ 3053488.710167771205306, 2011200.448932803468779 ], [ 3053485.619806181639433, 2011199.435230095637962 ], [ 3053482.466193686239421, 2011198.627213304163888 ], [ 3053479.262709090486169, 2011198.028585050953552 ], [ 3053476.023135060910136, 2011197.641760271973908 ], [ 3053473.085236580111086, 2011197.476136625977233 ], [ 3053463.370907240081578, 2011197.216091992333531 ], [ 3053463.046913777478039, 2011197.208402025746182 ], [ 3053459.77684364002198, 2011197.249431779840961 ], [ 3053456.512546054087579, 2011197.50445342855528 ], [ 3053455.522533718496561, 2011197.624318318907171 ], [ 3053411.459686304442585, 2011203.406838053138927 ], [ 3053409.20501617109403, 2011203.754948436981067 ], [ 3053405.993959791958332, 2011204.433994480175897 ], [ 3053403.65671587921679, 2011205.067828026134521 ], [ 3053377.778227657079697, 2011212.755380201851949 ], [ 3053339.751793341245502, 2011224.051559302257374 ], [ 3053327.326382379047573, 2011227.737538381479681 ], [ 3053326.481512472964823, 2011227.996275753015652 ], [ 3053323.378759703598917, 2011229.087539583910257 ], [ 3053320.350149202160537, 2011230.378519889432937 ], [ 3053317.408784294500947, 2011231.863544697873294 ], [ 3053315.958980770781636, 2011232.686145539162681 ], [ 3053295.100143130868673, 2011244.974757700227201 ], [ 3053293.708312355913222, 2011245.82485440489836 ], [ 3053291.937992620281875, 2011246.997343718307093 ], [ 3053266.351223385892808, 2011264.716682292521 ], [ 3053265.391915869899094, 2011265.397519174031913 ], [ 3053263.939992803148925, 2011266.492868344765157 ], [ 3053247.330419055186212, 2011279.492319179698825 ], [ 3053241.229191915132105, 2011281.366030299803242 ], [ 3053224.073899628128856, 2011280.629585156682879 ], [ 3053197.745445630513132, 2011278.131090040551499 ], [ 3053196.647146658971906, 2011277.354603773215786 ], [ 3053192.458782193716615, 2011271.673494992312044 ], [ 3053186.988310576416552, 2011260.608352472539991 ], [ 3053184.560876404866576, 2011244.811298551270738 ], [ 3053183.89947923226282, 2011241.336947271833196 ], [ 3053183.135938021354377, 2011238.401367494137958 ], [ 3053178.801499120891094, 2011223.617694063810632 ], [ 3053178.737340377643704, 2011223.401004937011749 ], [ 3053177.704568570479751, 2011220.313444309867918 ], [ 3053176.470963364001364, 2011217.303821712965146 ], [ 3053175.048036063089967, 2011214.397247669054195 ], [ 3053175.0419483743608, 2011214.385156720178202 ], [ 3053168.58401247067377, 2011202.225532573414966 ], [ 3053168.567162467632443, 2011202.193669740343466 ], [ 3053168.560794362332672, 2011202.181729940930381 ], [ 3053163.012059732340276, 2011191.715364846633747 ], [ 3053162.988841630518436, 2011191.671562215778977 ], [ 3053161.370552550069988, 2011188.856241979636252 ], [ 3053159.569798410870135, 2011186.156431211391464 ], [ 3053157.594479491002858, 2011183.583493485115469 ], [ 3053155.452875193208456, 2011181.148623701184988 ], [ 3053153.154240788891912, 2011178.862134059192613 ], [ 3053150.708376687485725, 2011176.733935914700851 ], [ 3053148.125763060990721, 2011174.773110568989068 ], [ 3053145.710694182664156, 2011173.168878611177206 ], [ 3053134.714457820169628, 2011166.327454630052671 ], [ 3053134.42132349871099, 2011166.146485301898792 ], [ 3053131.599022909998894, 2011164.544695499585941 ], [ 3053128.674681981094182, 2011163.133192469133064 ], [ 3053125.660923374351114, 2011161.91794096166268 ], [ 3053122.57057167775929, 2011160.904261874267831 ], [ 3053119.416969738435, 2011160.096269427100196 ], [ 3053116.213496319949627, 2011159.497666139388457 ], [ 3053112.973934040404856, 2011159.110866851173341 ], [ 3053109.712054333649576, 2011158.937579069053754 ], [ 3053106.441996575333178, 2011158.97863430227153 ], [ 3053103.177711769007146, 2011159.233681608457118 ], [ 3053099.933041026815772, 2011159.701680269325152 ], [ 3053096.721995992120355, 2011160.380748632596806 ], [ 3053095.346728585660458, 2011160.739103344734758 ], [ 3053071.360357505269349, 2011167.351874876767397 ], [ 3053069.572029596660286, 2011167.880595195805654 ], [ 3053066.469285417348146, 2011168.971876799594611 ], [ 3053063.44068348640576, 2011170.262874595588073 ], [ 3053060.49932708684355, 2011171.747916509630159 ], [ 3053057.936521511524916, 2011173.24544144817628 ], [ 3053030.618751455098391, 2011190.289616355206817 ], [ 3053030.33993055857718, 2011190.464805007679388 ], [ 3053027.610311371739954, 2011192.318147133337334 ], [ 3053025.004192476626486, 2011194.343993596034124 ], [ 3053022.081724520772696, 2011196.988622982287779 ], [ 3053007.319007819518447, 2011210.347726446110755 ], [ 3052998.204467627219856, 2011217.290810290258378 ], [ 3052968.208676277194172, 2011240.14023373532109 ], [ 3052949.17692922661081, 2011254.6377980010584 ], [ 3052951.758524891920388, 2011057.467256338568404 ], [ 3052928.024849297478795, 2011057.702211209805682 ], [ 3052904.376091948710382, 2011098.159362509381026 ], [ 3052876.711302351672202, 2011198.944605785887688 ], [ 3052813.884085283614695, 2011170.942833208478987 ], [ 3052807.297058546449989, 2011188.808277603238821 ], [ 3052805.931726174429059, 2011192.511334992013872 ], [ 3052778.374896022956818, 2011180.571566772181541 ], [ 3052768.31098830094561, 2011176.486557283438742 ], [ 3052749.663222977425903, 2011168.917272550519556 ], [ 3052718.36982141667977, 2011153.70024425140582 ], [ 3052689.450488732196391, 2011140.742419682443142 ], [ 3052664.3447101758793, 2011126.436686044093221 ], [ 3052647.385156185366213, 2011112.694287520833313 ], [ 3052630.118203730788082, 2011095.238435416482389 ], [ 3052595.719795916229486, 2011074.957838934613392 ], [ 3052515.801700199022889, 2011039.893168185139075 ], [ 3052507.101678010076284, 2011036.075943723553792 ], [ 3052472.040387565270066, 2011001.421409647446126 ], [ 3052433.670531118288636, 2010958.641642154660076 ], [ 3052401.68165131798014, 2010905.344552886672318 ], [ 3052320.859179705381393, 2010866.487719969591126 ], [ 3052310.072106119245291, 2010861.301703562028706 ], [ 3052309.309525513090193, 2010862.195451049134135 ], [ 3052302.159459110349417, 2010859.538147075101733 ], [ 3052302.152659894432873, 2010859.535606167977676 ], [ 3052272.76483808318153, 2010848.61631573503837 ], [ 3052272.245553839020431, 2010848.425077749416232 ], [ 3052269.824649506248534, 2010847.576720200013369 ], [ 3052200.95815038215369, 2010824.45201858994551 ], [ 3052199.394638068974018, 2010823.941528195748106 ], [ 3052165.389406306669116, 2010813.153197622159496 ], [ 3052152.809996723663062, 2010806.586048919707537 ], [ 3052132.493856421671808, 2010791.990017631789669 ], [ 3052131.945808065123856, 2010791.599109051981941 ], [ 3052126.529364740476012, 2010788.02893404266797 ], [ 3052120.884728387929499, 2010784.82558651198633 ], [ 3052118.351987723261118, 2010783.544073815923184 ], [ 3052072.6475780159235, 2010761.247855191584677 ], [ 3052069.331771026365459, 2010759.706369978142902 ], [ 3052063.304323595948517, 2010757.276096922345459 ], [ 3052057.123743267264217, 2010755.248659890610725 ], [ 3052050.816414878237993, 2010753.632948132930323 ], [ 3052044.712541643995792, 2010752.482655173167586 ], [ 3052020.367111070081592, 2010748.68250185623765 ], [ 3052020.064095961861312, 2010748.63573112944141 ], [ 3052013.585032356902957, 2010747.862281276844442 ], [ 3052007.0614491305314, 2010747.515937502030283 ], [ 3052000.521364602260292, 2010747.598003142513335 ], [ 3051993.992759027518332, 2010748.108268345473334 ], [ 3051992.635864204727113, 2010748.26843793457374 ], [ 3051972.493373088538647, 2010750.784481875831261 ], [ 3051967.361105152405798, 2010751.560546257067472 ], [ 3051960.939162747003138, 2010752.918722710339352 ], [ 3051954.611936299595982, 2010754.693042812403291 ], [ 3051948.4065405074507, 2010756.875952205853537 ], [ 3051947.486569859553128, 2010757.238548608031124 ], [ 3051925.177173942793161, 2010766.158071644837037 ], [ 3051920.040086512453854, 2010768.377504433272406 ], [ 3051914.15743594802916, 2010771.347735377959907 ], [ 3051908.474243592470884, 2010774.693305432796478 ], [ 3051903.014847269281745, 2010778.400060703745112 ], [ 3051901.456263944040984, 2010779.555956014664844 ], [ 3051883.122160570695996, 2010793.423162682214752 ], [ 3051879.468691976740956, 2010796.319271528394893 ], [ 3051876.315632389392704, 2010799.047315510222688 ], [ 3051874.783375975675881, 2010800.428345816209912 ], [ 3051863.734430018346757, 2010805.663952559698373 ], [ 3051863.379525846801698, 2010805.833012203685939 ], [ 3051835.662388107739389, 2010819.097973527619615 ], [ 3051830.802599631715566, 2010821.585602574748918 ], [ 3051829.422030492685735, 2010822.353394334670156 ], [ 3051823.268179079517722, 2010825.838353187311441 ], [ 3051818.965569655410945, 2010828.416146 ], [ 3051818.485447119921446, 2010828.742124085314572 ], [ 3051809.591462342068553, 2010848.583545920439065 ], [ 3051751.850441684946418, 2010838.589927869848907 ], [ 3051693.680731792002916, 2010830.425548823084682 ], [ 3051688.770523004233837, 2010826.612350965850055 ], [ 3051682.11368955578655, 2010818.291402562754229 ], [ 3051678.091049446258694, 2010812.163396887714043 ], [ 3051674.296991605311632, 2010805.855138776591048 ], [ 3051671.829909541178495, 2010799.836037261178717 ], [ 3051668.971899902448058, 2010793.99878317466937 ], [ 3051666.545158998575062, 2010789.698232684517279 ], [ 3051655.200318525545299, 2010770.729338831733912 ], [ 3051654.390506392344832, 2010769.399336755741388 ], [ 3051650.789097882807255, 2010763.999601880088449 ], [ 3051646.838316776324064, 2010758.853973485296592 ], [ 3051642.555251126177609, 2010753.984341519651935 ], [ 3051637.957949137315154, 2010749.411614648764953 ], [ 3051633.066359128803015, 2010745.155249280622229 ], [ 3051627.90127517702058, 2010741.233639551559463 ], [ 3051622.484850852750242, 2010737.663519411580637 ], [ 3051619.977217760868371, 2010736.178969277301803 ], [ 3051597.799127017147839, 2010723.492962887044996 ], [ 3051594.662145680747926, 2010721.774224865017459 ], [ 3051588.813621370121837, 2010718.951287304516882 ], [ 3051582.78619835479185, 2010716.521074720192701 ], [ 3051581.679838925600052, 2010716.124621127964929 ], [ 3051546.435102042742074, 2010703.731925713131204 ], [ 3051503.876463777851313, 2010682.15699123358354 ], [ 3051437.632382145617157, 2010645.387563986238092 ], [ 3051351.618838581256568, 2010583.520103531656787 ], [ 3051319.484195890836418, 2010558.4071682295762 ], [ 3051301.958215021528304, 2010543.062505874084309 ], [ 3051301.944765071384609, 2010543.050710317445919 ], [ 3051281.054681492038071, 2010524.767385169863701 ], [ 3051242.350993624422699, 2010480.638550573028624 ], [ 3051229.095788167789578, 2010460.957813727902249 ], [ 3051227.49595501087606, 2010458.654530281433836 ], [ 3051223.545197748579085, 2010453.508937268285081 ], [ 3051221.400107452645898, 2010450.98834181856364 ], [ 3051212.109302496071905, 2010440.439861523685977 ], [ 3051207.963155201170594, 2010426.65237937355414 ], [ 3051206.086882310919464, 2010412.791408587945625 ], [ 3051205.924368924461305, 2010411.894254775717854 ], [ 3051205.747418008279055, 2010410.487251207232475 ], [ 3051204.5094009116292, 2010404.080123542109504 ], [ 3051202.854019268415868, 2010397.775544335134327 ], [ 3051200.788317726925015, 2010391.600532070267946 ], [ 3051199.756529688835144, 2010388.943379773991182 ], [ 3051195.674763843417168, 2010378.867251278366894 ], [ 3051194.239502576645464, 2010375.505330557236448 ], [ 3051192.171226452104747, 2010371.28093512239866 ], [ 3051212.619447408709675, 2010364.485238299006596 ], [ 3051229.003082481678575, 2010359.300879455404356 ], [ 3051229.727822310291231, 2010359.060310781234875 ], [ 3051269.701572397723794, 2010345.331304189981893 ], [ 3051292.339422413147986, 2010339.465694072656333 ], [ 3051294.831948511768132, 2010338.733829942531884 ], [ 3051300.145919618196785, 2010336.560107697732747 ], [ 3051305.321352204307914, 2010333.511013564188033 ], [ 3051340.706503584980965, 2010308.681939999107271 ], [ 3051344.800166963599622, 2010305.399630901403725 ], [ 3051345.407834332436323, 2010304.833836492151022 ], [ 3051380.366454180330038, 2010271.613263997016475 ], [ 3051403.387978934682906, 2010251.172350344015285 ], [ 3051405.919186390005052, 2010248.68966910848394 ], [ 3051413.472425262443721, 2010240.609020764939487 ], [ 3051415.1229810686782, 2010238.731933533912525 ], [ 3051418.472794522065669, 2010234.047427369048819 ], [ 3051421.131385942921042, 2010228.945485593751073 ], [ 3051423.044853344559669, 2010223.529922243207693 ], [ 3051423.935048458632082, 2010219.518833741545677 ], [ 3051426.350411840248853, 2010205.248217216925696 ], [ 3051426.589380713179708, 2010203.640336775686592 ], [ 3051426.911460015922785, 2010197.93235702207312 ], [ 3051426.463239048607647, 2010192.531301870942116 ], [ 3051426.036554091610014, 2010189.72415689821355 ], [ 3051424.094543135724962, 2010177.056283405050635 ], [ 3051421.257051381282508, 2010145.280105757759884 ], [ 3051419.028085021302104, 2010126.815314380219206 ], [ 3051418.832381529733539, 2010125.193692110246047 ], [ 3051416.989321995526552, 2010124.320504978764802 ], [ 3051367.736121654044837, 2010100.98579717008397 ], [ 3051359.626869567669928, 2010106.506518465233967 ], [ 3051355.406881538685411, 2010109.87712861970067 ], [ 3051351.338689317926764, 2010114.164933159947395 ], [ 3051340.945339628029615, 2010126.923098538769409 ], [ 3051337.786426301579922, 2010131.37497578910552 ], [ 3051335.127829012461007, 2010136.476919932989404 ], [ 3051333.372774379327893, 2010141.333576824283227 ], [ 3051331.378373391926289, 2010148.183125789742917 ], [ 3051331.219955855049193, 2010148.742034152150154 ], [ 3051330.204459256958216, 2010153.540314648998901 ], [ 3051329.601028783246875, 2010157.589203235926107 ], [ 3051329.487359033897519, 2010158.409893353935331 ], [ 3051329.165279881563038, 2010164.117874322459102 ], [ 3051329.246445902157575, 2010166.137400111183524 ], [ 3051329.558270091190934, 2010170.89504780806601 ], [ 3051329.968872613273561, 2010174.556304786354303 ], [ 3051330.275990349240601, 2010176.247802503407001 ], [ 3051330.943594460375607, 2010179.519174977671355 ], [ 3051331.432182664982975, 2010183.417662627296522 ], [ 3051331.377613671123981, 2010185.665081711718813 ], [ 3051330.659572740551084, 2010188.517293161479756 ], [ 3051328.021201087161899, 2010195.591942868893966 ], [ 3051314.635389720555395, 2010210.557712199166417 ], [ 3051306.396133089438081, 2010217.399163690395653 ], [ 3051299.046359745785594, 2010220.320642960257828 ], [ 3051296.05127829965204, 2010221.653119396651164 ], [ 3051291.08635416906327, 2010224.556375890504569 ], [ 3051286.571633748710155, 2010228.130258213728666 ], [ 3051285.358156461734325, 2010229.28370847995393 ], [ 3051268.927817540243268, 2010245.551757978275418 ], [ 3051255.186754437163472, 2010250.712483688956127 ], [ 3051251.782119944225997, 2010252.171049961587414 ], [ 3051234.957778758369386, 2010260.302299520466477 ], [ 3051204.749361474998295, 2010270.039101602276787 ], [ 3051091.176512467674911, 2010295.280613151146099 ], [ 3051083.034750168211758, 2010297.09271359955892 ], [ 3051079.184782098978758, 2010298.151366567937657 ], [ 3051073.870825038291514, 2010300.325115622021258 ], [ 3051069.687438555061817, 2010302.771436905255541 ], [ 3051066.035754726734012, 2010302.089197151595727 ], [ 3051059.556741144508123, 2010301.315875030355528 ], [ 3051057.04443682404235, 2010301.131616215687245 ], [ 3051046.392570753581822, 2010300.485984599683434 ], [ 3051030.305365704931319, 2010299.5108949218411 ], [ 3051026.294137739576399, 2010299.348941191565245 ], [ 3051021.994176247622818, 2010299.354730095714331 ], [ 3050991.950189366005361, 2010300.042672481387854 ], [ 3050973.634667607955635, 2010300.462028541835025 ], [ 3050971.394597147591412, 2010300.538441061740741 ], [ 3050965.785360127687454, 2010300.951015732018277 ], [ 3050919.332115077413619, 2010305.680997017538175 ], [ 3050918.412801676429808, 2010305.77882912941277 ], [ 3050911.923300706781447, 2010306.715277989860624 ], [ 3050856.926574231125414, 2010316.490509446011856 ], [ 3050837.348457297310233, 2010319.477546143112704 ], [ 3050822.070733120199293, 2010321.808482923079282 ], [ 3050780.798360086511821, 2010323.923402401618659 ], [ 3050758.647481929510832, 2010323.633099155267701 ], [ 3050757.290972153190523, 2010323.315881945425645 ], [ 3050752.906227632425725, 2010320.015435109846294 ], [ 3050741.159627222456038, 2010309.014171766350046 ], [ 3050738.897996066138148, 2010303.016059048939496 ], [ 3050736.59246177226305, 2010297.428529129130766 ], [ 3050733.73448702506721, 2010291.591328961309046 ], [ 3050732.714277791790664, 2010289.721067106584087 ], [ 3050725.946559770498425, 2010277.629690417088568 ], [ 3050723.730253237299621, 2010273.86946109496057 ], [ 3050720.128883096389472, 2010268.46979401842691 ], [ 3050718.087456458248198, 2010265.722567255841568 ], [ 3050709.694237424060702, 2010254.832058440428227 ], [ 3050707.784923491999507, 2010252.4337317077443 ], [ 3050703.501900383271277, 2010247.564181473338977 ], [ 3050700.27334169857204, 2010244.289980590576306 ], [ 3050685.574776765890419, 2010230.071868313010782 ], [ 3050684.206077695358545, 2010228.773430584929883 ], [ 3050681.550231101922691, 2010226.391568589489907 ], [ 3050660.632645296864212, 2010208.313539825612679 ], [ 3050647.758103970903903, 2010197.186707947636023 ], [ 3050645.522407642565668, 2010195.312301211990416 ], [ 3050640.357372870203108, 2010191.390795543091372 ], [ 3050634.940998431760818, 2010187.820784542476758 ], [ 3050630.080980278551579, 2010185.033442396204919 ], [ 3050600.906091936863959, 2010169.396541566122323 ], [ 3050600.121545618399978, 2010168.980708355549723 ], [ 3050594.273072317242622, 2010166.157889509340748 ], [ 3050588.245700383093208, 2010163.727799296146259 ], [ 3050582.065197370015085, 2010161.70055045071058 ], [ 3050578.836119400803, 2010160.817995761986822 ], [ 3050570.831110989674926, 2010158.775586343603209 ], [ 3050570.809202346019447, 2010158.754655006108806 ], [ 3050570.612226757220924, 2010158.142584388842806 ], [ 3050569.176390387583524, 2010153.999746473273262 ], [ 3050566.709352629259229, 2010147.980701531050727 ], [ 3050563.851389556191862, 2010142.143512759590521 ], [ 3050560.614884783513844, 2010136.513033700641245 ], [ 3050557.013525283895433, 2010131.113379624672234 ], [ 3050553.544998306315392, 2010126.559004247421399 ], [ 3050546.391760739032179, 2010117.717883028322831 ], [ 3050545.909557411447167, 2010117.126718638231978 ], [ 3050541.626544613391161, 2010112.257183277513832 ], [ 3050539.106883572414517, 2010109.675725606270134 ], [ 3050518.005816976539791, 2010088.844059835653752 ], [ 3050515.928230784833431, 2010086.852895185584202 ], [ 3050511.036697327159345, 2010082.596642150776461 ], [ 3050506.750672665424645, 2010079.304816410876811 ], [ 3050495.356060831807554, 2010071.046123097650707 ], [ 3050487.964933833573014, 2010065.682517347624525 ], [ 3050487.040487972553819, 2010065.019891623407602 ], [ 3050481.624122428707778, 2010061.449897721642628 ], [ 3050477.321934801526368, 2010058.963870803359896 ], [ 3050442.269769326783717, 2010039.882877732161433 ], [ 3050441.63339950889349, 2010039.539606178412214 ], [ 3050399.659627456218004, 2010017.092264680191875 ], [ 3050373.513199492357671, 2010000.019456196343526 ], [ 3050371.124979147687554, 2009998.508987868204713 ], [ 3050365.480428750626743, 2009995.305842477129772 ], [ 3050359.631967931054533, 2009992.483051541494206 ], [ 3050353.604608103632927, 2009990.052989961812273 ], [ 3050352.148183163721114, 2009989.534168583108112 ], [ 3050329.585315180942416, 2009981.696917400695384 ], [ 3050318.043556221760809, 2009974.633545900695026 ], [ 3050317.987984158098698, 2009974.59944720310159 ], [ 3050312.981942462269217, 2009971.531272895401344 ], [ 3050312.948988188058138, 2009971.511089060455561 ], [ 3050307.304440661799163, 2009968.30795037932694 ], [ 3050301.455982777290046, 2009965.485166408121586 ], [ 3050295.428625939413905, 2009963.055112032685429 ], [ 3050290.67784271761775, 2009961.456726821372285 ], [ 3050284.608763531781733, 2009959.586023505311459 ], [ 3050258.487528758123517, 2009941.098824052605778 ], [ 3050253.08374304883182, 2009937.537666201824322 ], [ 3050247.439198594540358, 2009934.334534425055608 ], [ 3050244.045929769519717, 2009932.638543782988563 ], [ 3050216.074441277422011, 2009919.330816583242267 ], [ 3050213.619255892932415, 2009918.204031826462597 ], [ 3050207.591903571970761, 2009915.773988273227587 ], [ 3050203.456321609206498, 2009914.367509913630784 ], [ 3050175.104743993841112, 2009905.424181940499693 ], [ 3050173.059842676855624, 2009904.803460396127775 ], [ 3050171.164427842013538, 2009904.271175288595259 ], [ 3050135.145953759551048, 2009894.542496742447838 ], [ 3050130.734140754677355, 2009893.459318534005433 ], [ 3050124.327354210428894, 2009892.262509115738794 ], [ 3050117.848391223698854, 2009891.489313775207847 ], [ 3050111.324908408336341, 2009891.143226847983897 ], [ 3050106.386367586906999, 2009891.165741127450019 ], [ 3050077.442439607810229, 2009892.014219510601833 ], [ 3050075.840996230952442, 2009892.074029981857166 ], [ 3050069.312491711694747, 2009892.584557691821828 ], [ 3050062.823427157476544, 2009893.521050761220977 ], [ 3050060.479928784072399, 2009893.966285592410713 ], [ 3050027.630994994193316, 2009900.610685997409746 ], [ 3050017.824232267215848, 2009902.59430882986635 ], [ 3049936.77712503541261, 2009917.0011955446098 ], [ 3049931.015067440457642, 2009918.025426188251004 ], [ 3049929.701351807452738, 2009918.267963146790862 ], [ 3049851.311089406721294, 2009933.277353716315702 ], [ 3049846.203570045530796, 2009934.39317442686297 ], [ 3049839.876458783634007, 2009936.167780257761478 ], [ 3049833.671176111325622, 2009938.350970922969282 ], [ 3049833.209618863649666, 2009938.531608313787729 ], [ 3049785.745205058716238, 2009957.244570284150541 ], [ 3049743.896781356073916, 2009971.538561698049307 ], [ 3049740.280252810101956, 2009972.617348538944498 ], [ 3049738.893919246271253, 2009971.830639376072213 ], [ 3049733.045487421564758, 2009969.007924281759188 ], [ 3049727.018159571103752, 2009966.577941861236468 ], [ 3049720.837703061755747, 2009964.550804397556931 ], [ 3049714.530502209439874, 2009962.935399879934266 ], [ 3049708.123744495213032, 2009961.738649600185454 ], [ 3049701.644812657497823, 2009960.965514914598316 ], [ 3049695.121363177429885, 2009960.61948989611119 ], [ 3049688.581413798034191, 2009960.701876505278051 ], [ 3049686.146103105973452, 2009960.842143299756572 ], [ 3049685.248599543701857, 2009960.904814488487318 ], [ 3049678.418450602795929, 2009959.906546312384307 ], [ 3049675.475443708710372, 2009959.382267763372511 ], [ 3049672.135020724032074, 2009954.401082920376211 ], [ 3049668.184308024588972, 2009949.255608510924503 ], [ 3049663.901316154748201, 2009944.386144834337756 ], [ 3049661.482507514767349, 2009941.904446781147271 ], [ 3049656.710511554498225, 2009937.179667072603479 ], [ 3049654.532097211107612, 2009935.088820386910811 ], [ 3049649.64059110218659, 2009930.832650241907686 ], [ 3049644.735523736104369, 2009927.095969618298113 ], [ 3049639.502805951517075, 2009923.36555187124759 ], [ 3049639.242877632845193, 2009923.180830019759014 ], [ 3049633.826545826159418, 2009919.610928809503093 ], [ 3049628.182026870548725, 2009916.40786838112399 ], [ 3049625.79397834604606, 2009915.19723822362721 ], [ 3049616.095218012109399, 2009910.446433531818911 ], [ 3049612.634840639308095, 2009908.834362539695576 ], [ 3049606.607518990524113, 2009906.404395008692518 ], [ 3049600.427068727090955, 2009904.377272827783599 ], [ 3049599.69323621224612, 2009904.166345850564539 ], [ 3049590.923961154185236, 2009901.682197856949642 ], [ 3049589.312249309383333, 2009901.240454018115997 ], [ 3049585.885342830326408, 2009900.332239918876439 ], [ 3049581.847097972407937, 2009898.503913277760148 ], [ 3049581.417206048965454, 2009898.27168621472083 ], [ 3049580.307704679202288, 2009896.555735056987032 ], [ 3049573.957155138254166, 2009884.815935686230659 ], [ 3049571.917360484134406, 2009879.83944739238359 ], [ 3049566.04892233107239, 2009859.981554980855435 ], [ 3049565.980530776083469, 2009859.751031283056363 ], [ 3049563.914846601895988, 2009853.576075890799984 ], [ 3049563.393516199663281, 2009852.204758551437408 ], [ 3049555.378157305996865, 2009831.588977489853278 ], [ 3049554.128870077896863, 2009827.426987169543281 ], [ 3049552.114857744425535, 2009821.424732487881556 ], [ 3049549.647834504488856, 2009815.405731784878299 ], [ 3049546.789889794774354, 2009809.568595990305766 ], [ 3049543.553407151252031, 2009803.938178418204188 ], [ 3049540.415970186702907, 2009799.191975696245208 ], [ 3049531.967111015692353, 2009787.187330489512533 ], [ 3049531.503214395139366, 2009786.533948966534808 ], [ 3049527.55251426436007, 2009781.388487617485225 ], [ 3049526.091814877465367, 2009779.653298544697464 ], [ 3049515.844715952407569, 2009767.765156036242843 ], [ 3049513.02243610098958, 2009764.630895836045966 ], [ 3049512.31509942561388, 2009763.886732230428606 ], [ 3049503.469209235161543, 2009754.677893529180437 ], [ 3049499.579335672780871, 2009750.849528346676379 ], [ 3049494.687841583974659, 2009746.593374663265422 ], [ 3049493.142931047827005, 2009745.362977046519518 ], [ 3049485.250261452514678, 2009739.206930061802268 ], [ 3049481.630187930073589, 2009736.515942794969305 ], [ 3049476.213866859208792, 2009732.94605939858593 ], [ 3049470.569357838481665, 2009729.743017203174531 ], [ 3049464.720940745901316, 2009726.920333946123719 ], [ 3049458.891187451779842, 2009724.56267254287377 ], [ 3049447.33399670664221, 2009720.315032446756959 ], [ 3049447.136436082888395, 2009720.242744002491236 ], [ 3049440.955993223004043, 2009718.215641092741862 ], [ 3049434.648805104196072, 2009716.600271573988721 ], [ 3049433.64207364898175, 2009716.383141959086061 ], [ 3049425.807962949387729, 2009714.735932875890285 ], [ 3049420.40794884506613, 2009713.756348409224302 ], [ 3049413.929028231650591, 2009712.983250251272693 ], [ 3049407.405588923953474, 2009712.637261768104509 ], [ 3049402.881726112216711, 2009712.648559267632663 ], [ 3049395.643550788983703, 2009712.830787082901224 ], [ 3049393.627473473548889, 2009712.901912912493572 ], [ 3049387.09901240374893, 2009713.412537086289376 ], [ 3049380.60999179398641, 2009714.349126589717343 ], [ 3049378.173103566281497, 2009714.813331429613754 ], [ 3049371.418958206661046, 2009716.186254655243829 ], [ 3049367.434044647496194, 2009717.080579301575199 ], [ 3049361.106956905685365, 2009718.855248781386763 ], [ 3049356.234537265263498, 2009720.531222367659211 ], [ 3049349.317031532060355, 2009723.108597451122478 ], [ 3049348.450522775761783, 2009723.435906162718311 ], [ 3049336.205971114337444, 2009728.125536827836186 ], [ 3049335.739639971405268, 2009728.305508155142888 ], [ 3049329.682714497670531, 2009730.887874206062406 ], [ 3049323.800192188471556, 2009733.858433001907542 ], [ 3049322.416762943379581, 2009734.627926426241174 ], [ 3049313.13501990493387, 2009739.8852167816367 ], [ 3049308.835381668061018, 2009742.46161258011125 ], [ 3049303.376105584669858, 2009746.168676134897396 ], [ 3049298.164166066795588, 2009750.220973873278126 ], [ 3049293.221740323584527, 2009754.600985324708745 ], [ 3049293.208338816184551, 2009754.613703191746026 ], [ 3049286.583859417121857, 2009760.878015185706317 ], [ 3049281.945565255358815, 2009765.554559570504352 ], [ 3049279.254706184379756, 2009768.640293627977371 ], [ 3049277.604397799819708, 2009770.532731171231717 ], [ 3049273.59251275844872, 2009775.778644341276959 ], [ 3049271.668678977526724, 2009778.566913229646161 ], [ 3049269.408779143821448, 2009779.157734828768298 ], [ 3049265.520619257353246, 2009779.948337353533134 ], [ 3049261.025017004460096, 2009780.405843323795125 ], [ 3049260.96571545721963, 2009780.409495064988732 ], [ 3049258.109539959579706, 2009780.129512343322858 ], [ 3049253.752780757844448, 2009775.783185590291396 ], [ 3049251.313162313774228, 2009773.432679357705638 ], [ 3049246.421673129312694, 2009769.176548934075981 ], [ 3049244.953860616777092, 2009768.006423012586311 ], [ 3049231.297043470200151, 2009757.332454498158768 ], [ 3049227.599878696259111, 2009754.581221148371696 ], [ 3049222.183566076681018, 2009751.01136533706449 ], [ 3049221.533438341226429, 2009750.616751223104075 ], [ 3049210.43122696550563, 2009743.936967446003109 ], [ 3049205.436856191139668, 2009741.128569771535695 ], [ 3049199.588451183866709, 2009738.305918677011505 ], [ 3049199.325057190842927, 2009738.189908066065982 ], [ 3049188.445286228321493, 2009733.416090007405728 ], [ 3049182.703892786521465, 2009731.110342980129644 ], [ 3049164.048902028705925, 2009724.29435799154453 ], [ 3049164.026389609090984, 2009724.286200682166964 ], [ 3049157.845962636638433, 2009722.259135047672316 ], [ 3049155.335118331946433, 2009721.562713763443753 ], [ 3049129.274837462231517, 2009714.704896572977304 ], [ 3049125.478511770255864, 2009713.785988934803754 ], [ 3049124.734475630801171, 2009713.624406637623906 ], [ 3049104.876895605586469, 2009709.392811520025134 ], [ 3049099.213468864560127, 2009708.357551556779072 ], [ 3049066.880602886900306, 2009703.415673201903701 ], [ 3049061.136937347706407, 2009702.708800595719367 ], [ 3049028.908407755196095, 2009699.694109881529585 ], [ 3049028.174736021552235, 2009699.62816460407339 ], [ 3049021.651324273087084, 2009699.282231868710369 ], [ 3049018.726350637152791, 2009699.266093695070595 ], [ 3048988.798503142781556, 2009699.540407179156318 ], [ 3048985.183566559106112, 2009699.639027247903869 ], [ 3048978.655137210618705, 2009700.149711695499718 ], [ 3048976.785978809930384, 2009700.375306533882394 ], [ 3048959.627575569786131, 2009702.609381096437573 ], [ 3048954.455669984221458, 2009702.850031442474574 ], [ 3048943.32027433719486, 2009702.703079062514007 ], [ 3048932.954168823082, 2009702.51562861353159 ], [ 3048923.708740655332804, 2009700.940872519044206 ], [ 3048922.046370128169656, 2009700.672310949070379 ], [ 3048915.567483521066606, 2009699.899283682461828 ], [ 3048912.619008899666369, 2009699.689740638015792 ], [ 3048904.704311495181173, 2009699.245232238667086 ], [ 3048903.932569263968617, 2009699.177951010176912 ], [ 3048903.829759426414967, 2009699.169072424992919 ], [ 3048903.59177724737674, 2009699.148861011257395 ], [ 3048898.242668278515339, 2009698.701488230843097 ], [ 3048891.957248123828322, 2009698.375785698881373 ], [ 3048885.417346491478384, 2009698.458284211810678 ], [ 3048878.888925021979958, 2009698.968983441125602 ], [ 3048875.794733763672411, 2009699.361704712035134 ], [ 3048869.497262214310467, 2009700.260675966506824 ], [ 3048869.433436140418053, 2009700.269692403031513 ], [ 3048865.23942394182086, 2009700.865641549229622 ], [ 3048861.78080996312201, 2009701.418602437945083 ], [ 3048851.851447917055339, 2009703.183846707222983 ], [ 3048845.429689769633114, 2009704.542454012669623 ], [ 3048839.102646425366402, 2009706.317200556863099 ], [ 3048835.503107603639364, 2009707.52862192876637 ], [ 3048826.256107248365879, 2009710.834349482320249 ], [ 3048823.650431922636926, 2009711.806258340831846 ], [ 3048817.593551016412675, 2009714.388698150869459 ], [ 3048814.851938875392079, 2009715.713991013355553 ], [ 3048797.592459313571453, 2009724.376959200715646 ], [ 3048780.769970337860286, 2009731.047341040335596 ], [ 3048777.500856320839375, 2009732.093427287647501 ], [ 3048770.089168574661016, 2009733.530157026601955 ], [ 3048769.191013177856803, 2009733.708477929234505 ], [ 3048751.307897165883332, 2009737.34376873774454 ], [ 3048747.322326649911702, 2009738.238274110946804 ], [ 3048740.995294661261141, 2009740.013036367949098 ], [ 3048739.107918007764965, 2009740.629463482182473 ], [ 3048712.967671775259078, 2009749.451514112995937 ], [ 3048708.649847755674273, 2009751.018435164354742 ], [ 3048706.659138753078878, 2009751.816373953828588 ], [ 3048675.785871231928468, 2009764.57093969383277 ], [ 3048671.719716232270002, 2009766.355462265666574 ], [ 3048669.527918723411858, 2009767.40680777025409 ], [ 3048650.390875142998993, 2009776.868552854051813 ], [ 3048646.700215697754174, 2009778.787863448495045 ], [ 3048641.01721413526684, 2009782.133847925812006 ], [ 3048636.148430952336639, 2009785.414923517033458 ], [ 3048616.705530174076557, 2009799.342917460948229 ], [ 3048596.957947897724807, 2009812.975307158892974 ], [ 3048594.906364746857435, 2009814.428931520320475 ], [ 3048589.694498337805271, 2009818.481325509026647 ], [ 3048587.375881310086697, 2009820.465662477072328 ], [ 3048572.870031704194844, 2009833.258565859869123 ], [ 3048570.246297533623874, 2009835.654334516497329 ], [ 3048567.963016452267766, 2009837.880849079228938 ], [ 3048561.183885629288852, 2009844.699714063666761 ], [ 3048558.815545891411602, 2009847.162552688736469 ], [ 3048554.474453264847398, 2009852.140811548102647 ], [ 3048551.130994543433189, 2009856.463025823002681 ], [ 3048543.670887920074165, 2009866.655620289035141 ], [ 3048543.461150248069316, 2009866.943292837357149 ], [ 3048542.927436793223023, 2009867.036661451449618 ], [ 3048539.760066953487694, 2009867.652274389052764 ], [ 3048521.15202456805855, 2009871.578697250690311 ], [ 3048517.897675943560898, 2009872.321744333254173 ], [ 3048511.570675128139555, 2009874.096545207547024 ], [ 3048510.794445370323956, 2009874.345100960694253 ], [ 3048486.163942264392972, 2009882.342623004456982 ], [ 3048459.790053780656308, 2009890.328098605619743 ], [ 3048443.866332339588553, 2009895.128126699244604 ], [ 3048442.46972409915179, 2009895.510895928600803 ], [ 3048436.611107109114528, 2009896.285307674668729 ], [ 3048433.236548632383347, 2009896.789826214779168 ], [ 3048417.59869868773967, 2009899.399278172990307 ], [ 3048389.540227411314845, 2009902.931783909210935 ], [ 3048378.074911034666002, 2009905.055866679642349 ], [ 3048371.747925139032304, 2009906.830689420923591 ], [ 3048365.542770179919899, 2009909.014095057966188 ], [ 3048359.48594974912703, 2009911.596608953084797 ], [ 3048353.603534548543394, 2009914.567313478793949 ], [ 3048353.157610787078738, 2009914.81226904806681 ], [ 3048349.417791719548404, 2009914.167005187831819 ], [ 3048344.54993309546262, 2009913.545887359185144 ], [ 3048339.669465938117355, 2009913.045668005477637 ], [ 3048338.058485148474574, 2009912.893844353035092 ], [ 3048331.535133116878569, 2009912.548016377957538 ], [ 3048324.995285544078797, 2009912.630602474557236 ], [ 3048318.466921679675579, 2009913.141390599310398 ], [ 3048311.978002894669771, 2009914.078145248582587 ], [ 3048305.556306689977646, 2009915.436839715577662 ], [ 3048299.229327984154224, 2009917.21167357522063 ], [ 3048293.848963297903538, 2009919.078619816340506 ], [ 3048284.87187868449837, 2009922.478366202674806 ], [ 3048266.890687578357756, 2009929.113957779947668 ], [ 3048265.257541031111032, 2009929.732733196346089 ], [ 3048259.200731666758657, 2009932.315262449206784 ], [ 3048256.774843256920576, 2009933.482834603870288 ], [ 3048252.064252071082592, 2009935.826923599699512 ], [ 3048246.418610613793135, 2009938.061647821217775 ], [ 3048236.70472962828353, 2009941.600007206900045 ], [ 3048234.670167160220444, 2009942.365949010243639 ], [ 3048232.851004837080836, 2009943.093187978724018 ], [ 3048222.55356065928936, 2009947.325549200642854 ], [ 3048218.315918551757932, 2009949.180845574708655 ], [ 3048217.065507399849594, 2009949.772814645897597 ], [ 3048210.830855491571128, 2009952.776279059937224 ], [ 3048205.641190459486097, 2009951.096559302415699 ], [ 3048188.971844066865742, 2009945.24684737296775 ], [ 3048183.949529754929245, 2009943.634549928596243 ], [ 3048177.642421856988221, 2009942.019353934098035 ], [ 3048176.203841924667358, 2009941.712451961822808 ], [ 3048159.446595229674131, 2009938.267617324599996 ], [ 3048154.782982137054205, 2009937.424977733753622 ], [ 3048148.621240475215018, 2009936.463553815847263 ], [ 3048148.316776090767235, 2009936.416561123216525 ], [ 3048141.83795132022351, 2009935.643648585537449 ], [ 3048135.314614632166922, 2009935.297849589027464 ], [ 3048128.823657621629536, 2009935.37826030398719 ], [ 3048123.714374093804508, 2009935.607787961140275 ], [ 3048123.66549976170063, 2009935.609992777695879 ], [ 3048117.137153352610767, 2009936.120811392553151 ], [ 3048110.648252777289599, 2009937.057596729369834 ], [ 3048104.226575456559658, 2009938.416321929777041 ], [ 3048098.636436552274972, 2009939.961585792480037 ], [ 3048096.300457908771932, 2009940.679899362148717 ], [ 3048091.319677506573498, 2009941.890551882097498 ], [ 3048091.067637094762176, 2009941.952185617294163 ], [ 3048089.463373957201838, 2009942.360439226729795 ], [ 3048081.39775353576988, 2009944.483556 ], [ 3048076.675059550441802, 2009945.850169935729355 ], [ 3048071.207233911380172, 2009947.750330871436745 ], [ 3048059.437960940413177, 2009938.718717454001307 ], [ 3048056.42243195977062, 2009936.495490712346509 ], [ 3048043.84997787931934, 2009927.594833275536075 ], [ 3048038.43370230589062, 2009924.02510572806932 ], [ 3048032.789248360786587, 2009920.822229251498356 ], [ 3048028.557526746299118, 2009918.732359451008961 ], [ 3048014.572470800951123, 2009912.241184472804889 ], [ 3048012.955839931499213, 2009911.508546333992854 ], [ 3048011.962253167293966, 2009911.075714589096606 ], [ 3048005.192387394607067, 2009908.170827172929421 ], [ 3048001.593091193586588, 2009908.810793885029852 ], [ 3047967.954098517075181, 2009913.272301280638203 ], [ 3047947.905884748324752, 2009916.837166368495673 ], [ 3047926.791985062882304, 2009925.657883113715798 ], [ 3047900.496920049190521, 2009918.680745235877112 ], [ 3047859.848510438576341, 2009910.202679334674031 ], [ 3047834.080575661733747, 2009904.145145453279838 ], [ 3047814.758736907504499, 2009902.514462569262832 ], [ 3047790.99832600960508, 2009897.113292205147445 ], [ 3047759.513110420666635, 2009893.592322723241523 ], [ 3047732.814153157174587, 2009891.246814546640962 ], [ 3047716.644010178279132, 2009885.509250459959731 ], [ 3047684.21644871076569, 2009892.795465504052117 ], [ 3047660.803401655517519, 2009901.51859649643302 ], [ 3047629.045963566750288, 2009905.64582656044513 ], [ 3047601.689177121035755, 2009904.987471963977441 ], [ 3047601.441384380217642, 2009904.981476177461445 ], [ 3047552.428410602733493, 2009918.256900881649926 ], [ 3047543.052656740881503, 2009897.631799810333177 ], [ 3047535.047997850459069, 2009876.256154111819342 ], [ 3047527.881546784192324, 2009862.331163490656763 ], [ 3047518.059669033624232, 2009853.43826944869943 ], [ 3047497.089488318189979, 2009841.461255342932418 ], [ 3047485.04685933329165, 2009832.96315180673264 ], [ 3047477.580248377285898, 2009822.131422484992072 ], [ 3047476.806749518960714, 2009810.10955180041492 ], [ 3047476.142526907846332, 2009798.574796345084906 ], [ 3047466.152212253771722, 2009795.791519690770656 ], [ 3047455.600994255393744, 2009796.65450722980313 ], [ 3047449.847567022778094, 2009791.597907285671681 ], [ 3047455.545394317712635, 2009781.971753178630024 ], [ 3047458.189836256206036, 2009767.315434798598289 ], [ 3047447.975481611676514, 2009755.959015098167583 ], [ 3047436.482341011986136, 2009750.909842140506953 ], [ 3047420.738589530810714, 2009743.069878495763987 ], [ 3047399.423575713299215, 2009729.127744602737948 ], [ 3047392.784265358000994, 2009716.122340872418135 ], [ 3047397.001609056256711, 2009706.75944102788344 ], [ 3047392.010669172741473, 2009704.100394952343777 ], [ 3047377.365862129721791, 2009703.158180514117703 ], [ 3047369.585293983109295, 2009690.355717554222792 ], [ 3047364.235697060823441, 2009680.667507874779403 ], [ 3047352.126046160236001, 2009664.581670840037987 ], [ 3047335.641978392377496, 2009656.873479840578511 ], [ 3047322.825443894602358, 2009653.072951348498464 ], [ 3047309.672472298145294, 2009644.772336852969602 ], [ 3047309.369865256827325, 2009635.706621448276564 ], [ 3047310.469341492746025, 2009625.884842593455687 ], [ 3047308.046921716537327, 2009620.235845228191465 ], [ 3047287.6937669897452, 2009602.576208959566429 ], [ 3047280.933252206072211, 2009612.897984924493358 ], [ 3047270.392934089992195, 2009623.385343668051064 ], [ 3047258.350337840616703, 2009614.887297221226618 ], [ 3047258.931150720454752, 2009601.611224634572864 ], [ 3047255.210597068071365, 2009595.179874113062397 ], [ 3047248.559853985439986, 2009589.269571263808757 ], [ 3047250.018471354618669, 2009569.7576615200378 ], [ 3047253.212501719594002, 2009558.550139993196353 ], [ 3047256.162505813874304, 2009548.399304151069373 ], [ 3047238.736533119343221, 2009534.778890882385895 ], [ 3047223.39665958750993, 2009522.30746979964897 ], [ 3047206.096885657403618, 2009509.677919835085049 ], [ 3047193.973912018351257, 2009471.808954234467819 ], [ 3047190.991184995975345, 2009453.08682437078096 ], [ 3047191.88893952453509, 2009437.221284782746807 ], [ 3047190.633058598730713, 2009429.338284083176404 ], [ 3047186.05746105266735, 2009414.9526685802266 ], [ 3047191.068322434555739, 2009407.981893268413842 ], [ 3047189.027523246593773, 2009395.172019515186548 ], [ 3047178.196691424120218, 2009372.779211153509095 ], [ 3047164.819772345945239, 2009355.905603758292273 ], [ 3047175.550851417705417, 2009341.837819485692307 ], [ 3047184.453669132199138, 2009330.62846784084104 ], [ 3047198.246578123420477, 2009319.056108177872375 ], [ 3047205.321202817372978, 2009310.704975835047662 ], [ 3047203.280443124473095, 2009297.89520792872645 ], [ 3047186.583262057974935, 2009291.238254398340359 ], [ 3047179.913142200559378, 2009278.238392298109829 ], [ 3047162.91349570825696, 2009262.515632812632248 ], [ 3047156.75671820063144, 2009245.371338659664616 ], [ 3047161.241073260083795, 2009220.761650955071673 ], [ 3047164.438133013434708, 2009204.993927643401548 ], [ 3047162.789831673726439, 2009194.647503405809402 ], [ 3047143.075599559117109, 2009190.553632587660104 ], [ 3047122.859534886199981, 2009183.509142513386905 ], [ 3047130.675031592138112, 2009158.307118125725538 ], [ 3047124.36120301252231, 2009140.177479848265648 ], [ 3047151.173759276047349, 2009105.010945255868137 ], [ 3047161.98341423086822, 2009091.43587582022883 ], [ 3047173.096250530332327, 2009070.207351591903716 ], [ 3047168.442250630818307, 2009055.329077949048951 ], [ 3047166.88399404194206, 2009038.380294004222378 ], [ 3047174.060141230467707, 2009016.331871959147975 ], [ 3047179.87892541475594, 2009000.097894160542637 ], [ 3047184.107932732440531, 2008983.639968630857766 ], [ 3047178.759114562533796, 2008957.232572853798047 ], [ 3047179.99108101380989, 2008933.707941552856937 ], [ 3047169.788314932025969, 2008915.256671731825918 ], [ 3047157.678851135075092, 2008899.17102136136964 ], [ 3047143.113159454893321, 2008882.002108568558469 ], [ 3047124.767761524766684, 2008864.998863706132397 ], [ 3047108.934743003919721, 2008847.04213444236666 ], [ 3047099.021363498643041, 2008815.873371094232425 ], [ 3047093.661138094495982, 2008796.560932524735108 ], [ 3047092.204381000250578, 2008765.914903129916638 ], [ 3047094.97535895369947, 2008752.249479009071365 ], [ 3047100.648816493339837, 2008727.935105587588623 ], [ 3047102.152357292361557, 2008713.481778125511482 ], [ 3047096.792083416134119, 2008694.169466259656474 ], [ 3047088.4370127171278, 2008679.94936056714505 ], [ 3047076.394498399458826, 2008671.451369155663997 ], [ 3047063.948080630972981, 2008667.584977203514427 ], [ 3047067.313757414929569, 2008645.707652170211077 ], [ 3047068.859790191985667, 2008624.153797802748159 ], [ 3047080.006617733743042, 2008598.359546636696905 ], [ 3047091.747557463124394, 2008581.072563129710034 ], [ 3047090.738838396500796, 2008567.572621603263542 ], [ 3047085.221626838669181, 2008547.274857189739123 ], [ 3047080.98336520139128, 2008520.669986435212195 ], [ 3047075.309314663987607, 2008499.386939041782171 ], [ 3047071.003384007140994, 2008481.913644171319902 ], [ 3047062.202749270014465, 2008462.706386064877734 ], [ 3047057.627479564398527, 2008448.32083344925195 ], [ 3047049.844960335176438, 2008423.359498010482639 ], [ 3047050.249827323481441, 2008402.008710756897926 ], [ 3047049.331162074580789, 2008381.906555511755869 ], [ 3047053.412001670338213, 2008361.928585262969136 ], [ 3047064.009597054682672, 2008332.685592176159844 ], [ 3047067.215427868999541, 2008314.383146020118147 ], [ 3047065.89285930711776, 2008298.912587577477098 ], [ 3047064.805628507398069, 2008284.92000223766081 ], [ 3047063.169138425961137, 2008267.478709835093468 ], [ 3047066.344199319370091, 2008249.181747768539935 ], [ 3047070.03170405421406, 2008243.459655561251566 ], [ 3047083.734829037450254, 2008238.489726273110136 ], [ 3047092.547911726869643, 2008233.882686914643273 ], [ 3047092.492618224583566, 2008219.200079277390614 ], [ 3047092.740598794072866, 2008196.863857530523092 ], [ 3047107.800015666522086, 2008157.201419648015872 ], [ 3047118.935579607728869, 2008138.502275256440043 ], [ 3047136.405773025937378, 2008111.583714333595708 ], [ 3047150.480006566736847, 2008089.828764156671241 ], [ 3047180.216501887887716, 2008079.981297831283882 ], [ 3047186.474744393024594, 2008083.428151905769482 ], [ 3047205.435071901418269, 2008082.589876079233363 ], [ 3047220.641029542312026, 2008079.885884425137192 ], [ 3047226.224819102324545, 2008062.173964327666909 ], [ 3047216.49317860044539, 2008046.678860058775172 ], [ 3047214.284070839174092, 2008039.97872972371988 ], [ 3047217.783863173797727, 2008033.276771885575727 ], [ 3047223.591339308768511, 2008024.1379324644804 ], [ 3047230.533631457947195, 2008029.489713195478544 ], [ 3047235.947721442673355, 2008034.606587009504437 ], [ 3047246.17349429987371, 2008038.867895718896762 ], [ 3047259.181074384599924, 2008039.088108278112486 ], [ 3047266.762779460754246, 2008041.286372763570398 ], [ 3047279.041775289922953, 2008034.54320964938961 ], [ 3047286.609853236470371, 2008031.677623087307438 ], [ 3047285.735884672030807, 2008016.633887120289728 ], [ 3047275.274669878184795, 2008010.89451941032894 ], [ 3047263.803814623504877, 2008008.374504526145756 ], [ 3047258.644382487982512, 2008011.825190887553617 ], [ 3047247.30821995344013, 2008007.761317230528221 ], [ 3047230.454074256122112, 2008000.118960204534233 ], [ 3047211.886125821620226, 2008003.42063630791381 ], [ 3047202.982838938944042, 2008014.629959756974131 ], [ 3047192.619333046488464, 2008016.472807574318722 ], [ 3047189.570310563780367, 2008035.76046650391072 ], [ 3047182.380912287160754, 2008036.025649553863332 ], [ 3047157.185691534541547, 2008019.227161249378696 ], [ 3047157.365890379063785, 2008006.02252885629423 ], [ 3047163.498954810202122, 2007991.759407851146534 ], [ 3047151.625132700428367, 2007977.151864756364375 ], [ 3047128.054635509382933, 2007984.889658971689641 ], [ 3047122.101775644347072, 2007985.948153409874067 ], [ 3047102.826466797851026, 2007955.937748742522672 ], [ 3047099.911066873930395, 2007944.803573898505419 ], [ 3047087.464532512240112, 2007940.937179226893932 ], [ 3047083.595706127583981, 2007930.985813881969079 ], [ 3047082.834169421344995, 2007911.868987499503419 ], [ 3047073.965915278531611, 2007901.793314597336575 ], [ 3047062.67226088931784, 2007890.629101240541786 ], [ 3047054.185722404159606, 2007873.392630972433835 ], [ 3047042.300226839259267, 2007865.880023479927331 ], [ 3047024.504480002447963, 2007852.32562239211984 ], [ 3047006.473186035640538, 2007837.293098136782646 ], [ 3046993.959866668097675, 2007825.839039184385911 ], [ 3046989.474816647358239, 2007804.851235833950341 ], [ 3046988.230767945758998, 2007789.873424143763259 ], [ 3046982.769113035872579, 2007784.258403271669522 ], [ 3046976.031368885189295, 2007780.390101999277249 ], [ 3046972.331214316189289, 2007764.329114041989669 ], [ 3046963.13737562391907, 2007759.377735054120421 ], [ 3046956.96932146884501, 2007749.328590747900307 ], [ 3046946.912225531414151, 2007738.957705549430102 ], [ 3046938.781093603000045, 2007733.310728431213647 ], [ 3046932.34681461378932, 2007721.789015785558149 ], [ 3046925.651680895127356, 2007710.820326059823856 ], [ 3046917.635014691390097, 2007713.259194151731208 ], [ 3046915.481021082494408, 2007721.241767689120024 ], [ 3046908.02538281865418, 2007720.034316295292228 ], [ 3046892.808859953656793, 2007713.114162478363141 ], [ 3046872.050970131997019, 2007716.805473444983363 ], [ 3046857.20650129346177, 2007721.978369576390833 ], [ 3046832.300868568941951, 2007738.059908502735198 ], [ 3046813.999192016199231, 2007742.8343048193492 ], [ 3046770.635632185265422, 2007773.69672141992487 ], [ 3046768.56488539557904, 2007778.219373141415417 ], [ 3046766.926076389849186, 2007781.499950641766191 ], [ 3046762.261529113166034, 2007789.746582815190777 ], [ 3046758.21396549930796, 2007796.323058905079961 ], [ 3046754.651067627593875, 2007804.221806175308302 ], [ 3046750.724365119822323, 2007811.557015533559024 ], [ 3046745.911110023967922, 2007819.698370864149183 ], [ 3046734.555280406959355, 2007833.471688041463494 ], [ 3046731.324948994442821, 2007839.507671911036596 ], [ 3046721.010038841981441, 2007856.307986888801679 ], [ 3046710.092464923858643, 2007872.577618293697014 ], [ 3046699.405168327502906, 2007885.705173393245786 ], [ 3046689.989373188465834, 2007894.198875228175893 ], [ 3046633.715766339562833, 2007948.648549675708637 ], [ 3046617.227626659907401, 2007963.395382691174746 ], [ 3046612.470791729167104, 2007970.361471740296111 ], [ 3046605.443714408669621, 2007979.960483042523265 ], [ 3046599.249779997393489, 2007988.357532593654469 ], [ 3046592.404121252708137, 2007995.208700739778578 ], [ 3046584.406144489534199, 2008002.153323085280135 ], [ 3046573.278332303278148, 2008012.005324565339833 ], [ 3046535.254620279185474, 2008045.305282794404775 ], [ 3046515.31688772700727, 2008062.226072581950575 ], [ 3046511.947012082673609, 2008065.60172071447596 ], [ 3046499.03594975778833, 2008074.899448335403576 ], [ 3046482.000747221987695, 2008087.170432993210852 ], [ 3046458.596080746501684, 2008107.048469178145751 ], [ 3046420.005046856589615, 2008138.442686911439523 ], [ 3046410.705878188833594, 2008145.183047099970281 ], [ 3046399.182388459332287, 2008156.118771966779605 ], [ 3046381.797221163287759, 2008174.156832198612392 ], [ 3046368.257360528223217, 2008186.130048390245065 ], [ 3046337.889779105782509, 2008214.227951197652146 ], [ 3046316.261913099326193, 2008232.452613533241674 ], [ 3046297.250279092229903, 2008249.391276129055768 ], [ 3046290.279659677296877, 2008258.260921703651547 ], [ 3046278.634096715133637, 2008267.789685552241281 ], [ 3046266.462664353661239, 2008279.499843819066882 ], [ 3046210.032845799811184, 2008323.470049050170928 ], [ 3046177.950206039473414, 2008346.340621949406341 ], [ 3046152.808616373687983, 2008364.491642181761563 ], [ 3046140.603600714355707, 2008374.525275151710957 ], [ 3046119.042792419437319, 2008391.704629400745034 ], [ 3046111.199140795972198, 2008397.132428982295096 ], [ 3046100.173396009486169, 2008406.540911144809797 ], [ 3046093.312936123926193, 2008411.641870748484507 ], [ 3046082.3609729395248, 2008417.814990857150406 ], [ 3046073.050323903560638, 2008423.017318128375337 ], [ 3046059.883183198515326, 2008429.878251881804317 ], [ 3046048.773993167094886, 2008436.596628304105252 ], [ 3046026.689748891629279, 2008447.941421375609934 ], [ 3046016.896154400426894, 2008453.361381945898756 ], [ 3046008.47153554065153, 2008459.155985815217718 ], [ 3046003.005953321233392, 2008462.691623809747398 ], [ 3045997.218508771620691, 2008467.328696144046262 ], [ 3045989.502118556760252, 2008472.723763761809096 ], [ 3045984.25420349650085, 2008476.736964019248262 ], [ 3045980.1836779830046, 2008479.345600493252277 ], [ 3045973.783167972229421, 2008482.682733338093385 ], [ 3045965.973735233768821, 2008486.158976622624323 ], [ 3045958.981504847295582, 2008489.094703863374889 ], [ 3045952.980563879013062, 2008491.05363901774399 ], [ 3045941.817232493776828, 2008495.329529538284987 ], [ 3045936.074267022311687, 2008498.012685916153714 ], [ 3045929.498969297390431, 2008502.546193355228752 ], [ 3045924.445266521535814, 2008505.481685172999278 ], [ 3045917.297085749916732, 2008509.732031638268381 ], [ 3045911.605176992248744, 2008513.439665489131585 ], [ 3045907.958829265087843, 2008516.226194834336638 ], [ 3045902.348745820578188, 2008521.084558847127482 ], [ 3045889.568731940351427, 2008538.081031198846176 ], [ 3045884.048736131750047, 2008534.776543711312115 ], [ 3045882.252298374194652, 2008532.674278792925179 ], [ 3045879.107296416535974, 2008530.3254753802903 ], [ 3045875.332191515248269, 2008528.098867733962834 ], [ 3045870.395736511796713, 2008525.84524168074131 ], [ 3045866.360110297333449, 2008525.742208007024601 ], [ 3045860.649978565052152, 2008525.70392686012201 ], [ 3045851.897940552793443, 2008525.365616725059226 ], [ 3045847.901559324935079, 2008525.508927166461945 ], [ 3045842.242191097699106, 2008525.725581857841462 ], [ 3045833.848297090735286, 2008527.380554584553465 ], [ 3045830.456435880623758, 2008528.703229126054794 ], [ 3045824.75137032289058, 2008530.862887119408697 ], [ 3045816.861706492491066, 2008533.198285666760057 ], [ 3045804.813373337499797, 2008538.289748757146299 ], [ 3045799.250492656603456, 2008541.214488339610398 ], [ 3045786.681770374067128, 2008547.817619862500578 ], [ 3045756.230234971269965, 2008564.55138290906325 ], [ 3045728.729297146201134, 2008579.677199962781742 ], [ 3045696.33700499124825, 2008599.39124987530522 ], [ 3045676.521177591755986, 2008613.251623787917197 ], [ 3045660.358348604291677, 2008622.905156400054693 ], [ 3045652.180557186715305, 2008628.655961549375206 ], [ 3045645.224590136669576, 2008634.685973939485848 ], [ 3045639.586829599924386, 2008640.835683628451079 ], [ 3045629.600277646444738, 2008647.334281268063933 ], [ 3045621.526189816184342, 2008651.506184548372403 ], [ 3045614.811903966590762, 2008655.294380787760019 ], [ 3045608.970458571799099, 2008658.126839343458414 ], [ 3045605.087066804524511, 2008660.317193227121606 ], [ 3045599.948549055494368, 2008664.949885576963425 ], [ 3045593.127433530986309, 2008670.297288754023612 ], [ 3045581.216425650753081, 2008679.114096795674413 ], [ 3045571.60544023104012, 2008686.953885483322665 ], [ 3045559.981630010996014, 2008696.620945328148082 ], [ 3045546.277129219844937, 2008705.523191251792014 ], [ 3045523.164376273751259, 2008721.368401301559061 ], [ 3045470.133501446805894, 2008759.973102365620434 ], [ 3045402.586470493581146, 2008808.181897202506661 ], [ 3045357.469268691260368, 2008837.020115112653002 ], [ 3045342.439816301688552, 2008846.71543230349198 ], [ 3045330.356783277355134, 2008855.471244232729077 ], [ 3045323.607042395509779, 2008861.393731510965154 ], [ 3045317.546880064532161, 2008866.038413927191868 ], [ 3045302.434423915110528, 2008878.971298070624471 ], [ 3045297.515816748142242, 2008882.754301212029532 ], [ 3045292.718089430127293, 2008888.69438759307377 ], [ 3045288.466384056955576, 2008891.821727837435901 ], [ 3045284.943422703072429, 2008893.917111578630283 ], [ 3045279.066346053034067, 2008897.353816847316921 ], [ 3045273.08049900457263, 2008900.171494307229295 ], [ 3045267.203424189705402, 2008903.608201561262831 ], [ 3045259.359395440667868, 2008908.459230908891186 ], [ 3045254.99501565285027, 2008913.937194996280596 ], [ 3045250.920735000167042, 2008918.766708271810785 ], [ 3045250.920735000167042, 2010984.331264788750559 ], [ 3045255.632063203025609, 2010987.934381653787568 ], [ 3045288.958564542233944, 2011010.378694408107549 ], [ 3045303.987310738302767, 2011027.46473910450004 ], [ 3045319.814928484614938, 2011032.24910187185742 ], [ 3045342.58198912627995, 2011035.798889962257817 ], [ 3045361.266647686250508, 2011036.0218000409659 ], [ 3045381.13445732370019, 2011028.940954302437603 ], [ 3045397.463682251051068, 2011014.383234487148002 ], [ 3045419.874520318582654, 2011000.770279187941924 ], [ 3045436.674921033903956, 2010989.168615639209747 ], [ 3045459.842691400554031, 2010970.354479703586549 ], [ 3045488.379974992014468, 2010962.744933664798737 ], [ 3045522.056568697094917, 2010950.168008679291233 ], [ 3045564.186902536079288, 2010948.246990954736248 ], [ 3045606.597649755422026, 2010947.289453507168218 ], [ 3045619.349559949710965, 2010961.234069937141612 ], [ 3045642.472857832442969, 2010965.227419523987919 ], [ 3045670.895235081203282, 2010966.251508153742179 ], [ 3045677.274160132743418, 2010985.38305584480986 ], [ 3045692.465559283271432, 2011005.480218407465145 ], [ 3045712.633611569181085, 2011012.02587764384225 ], [ 3045733.37364243902266, 2011018.976364483824 ], [ 3045763.834487388376147, 2011015.078123387182131 ], [ 3045778.756567533127964, 2011021.543588287662715 ], [ 3045803.424684123601764, 2011026.275562181835994 ], [ 3045826.430252064950764, 2011032.316472822101787 ], [ 3045849.920816312544048, 2011029.65807216311805 ], [ 3045885.305186647921801, 2011026.404065237846226 ], [ 3045897.193520084023476, 2011034.929236243711784 ], [ 3045909.920228299684823, 2011039.758597651962191 ], [ 3045936.680027892813087, 2011036.518767968984321 ], [ 3045949.328146930783987, 2011040.855563900666311 ], [ 3045955.591971541754901, 2011035.181555355200544 ], [ 3045956.357225517276675, 2011021.872383724432439 ], [ 3045957.030140256509185, 2011014.152956312056631 ], [ 3045964.031241270713508, 2011012.907621259335428 ], [ 3045966.832376694306731, 2011021.529113424243405 ], [ 3045978.196448132861406, 2011035.720667678164318 ], [ 3045989.824050767347217, 2011033.652557855704799 ], [ 3045996.550356295891106, 2011027.896198279224336 ], [ 3046015.650129067711532, 2011027.538919330341741 ], [ 3046021.400949768722057, 2011042.728863430209458 ], [ 3046034.475409218575805, 2011061.682781284675002 ], [ 3046053.541491434909403, 2011049.171762681566179 ], [ 3046071.508359402883798, 2011029.763181077083573 ], [ 3046079.392610390204936, 2011013.161214313702658 ], [ 3046090.966901386156678, 2011019.715564167825505 ], [ 3046097.045723388902843, 2011030.794028566684574 ], [ 3046117.990579071920365, 2011039.228336319560185 ], [ 3046135.938022587448359, 2011040.595930779585615 ], [ 3046160.822046746965498, 2011028.570172104984522 ], [ 3046186.221981699578464, 2011007.839530265890062 ], [ 3046200.420610638801008, 2011003.794142656493932 ], [ 3046213.932448339648545, 2011013.550506766652688 ], [ 3046221.312260729726404, 2011020.851004714611918 ], [ 3046235.034229779615998, 2011022.970169584034011 ], [ 3046250.121854817029089, 2011033.459592894650996 ], [ 3046272.695630655623972, 2011034.004429538268596 ], [ 3046285.741928067523986, 2011031.683984321309254 ], [ 3046299.464020093437284, 2011033.803249161923304 ], [ 3046305.753070518374443, 2011037.244513433426619 ], [ 3046312.981378875672817, 2011034.438964899629354 ], [ 3046319.761052133515477, 2011020.060137501684949 ], [ 3046325.349034915678203, 2011009.946501751663163 ], [ 3046331.394209143705666, 2011008.871348256245255 ], [ 3046329.509906722232699, 2010997.04685493814759 ], [ 3046329.249090371653438, 2010986.45348484441638 ], [ 3046322.253459082916379, 2010978.577989590587094 ], [ 3046325.559104808606207, 2010963.297176524996758 ], [ 3046342.513963072560728, 2010940.522169271484017 ], [ 3046368.017801033332944, 2010929.399546072352678 ], [ 3046385.227855375036597, 2010926.338612176245078 ], [ 3046403.951990217436105, 2010929.594814154785126 ], [ 3046415.736573351547122, 2010928.51212703040801 ], [ 3046431.396207643672824, 2010933.833327527390793 ], [ 3046444.546326242387295, 2010941.120915204752237 ], [ 3046479.356178404763341, 2010925.303370130015537 ], [ 3046495.772725102491677, 2010914.277140299556777 ], [ 3046510.207054764963686, 2010911.709920735098422 ], [ 3046569.10780205251649, 2010914.913643921725452 ], [ 3046622.148428442422301, 2010902.44026567437686 ], [ 3046651.97880532592535, 2010882.442032595397905 ], [ 3046676.568648350890726, 2010886.681791647337377 ], [ 3046690.76749542914331, 2010882.63655900536105 ], [ 3046712.634847770445049, 2010878.747404143214226 ], [ 3046734.73772779898718, 2010876.336335821542889 ], [ 3046763.362428485415876, 2010866.685589971020818 ], [ 3046770.618899697437882, 2010885.1543719235342 ], [ 3046775.906969070900232, 2010900.426746489014477 ], [ 3046777.79112106654793, 2010912.251250910572708 ], [ 3046789.208567592315376, 2010917.82046329206787 ], [ 3046808.3000737153925, 2010914.425015380140394 ], [ 3046825.981271238066256, 2010914.32040840992704 ], [ 3046836.908012340776622, 2010898.697557315696031 ], [ 3046848.745933377649635, 2010888.992407791316509 ], [ 3046862.518622124567628, 2010870.33018418145366 ], [ 3046887.874019181355834, 2010861.260941744083539 ], [ 3046909.89846099819988, 2010858.357370384968817 ], [ 3046937.693320512771606, 2010855.440722415223718 ], [ 3046953.42311155050993, 2010858.216471994761378 ], [ 3046975.220379624515772, 2010856.873194115003571 ], [ 3046995.228912051767111, 2010850.274949429556727 ], [ 3047031.771895421668887, 2010836.176245905458927 ], [ 3047066.629829943180084, 2010820.857383806025609 ], [ 3047093.709871158003807, 2010810.468184348661453 ], [ 3047113.255754353478551, 2010803.952283019432798 ], [ 3047129.097885401919484, 2010780.362212725915015 ], [ 3047146.776534952223301, 2010768.098562429193407 ], [ 3047152.62274719029665, 2010750.846167272888124 ], [ 3047173.842767708469182, 2010724.779828813392669 ], [ 3047208.703848719596863, 2010688.181214521639049 ], [ 3047239.039586779195815, 2010644.281171535840258 ], [ 3047254.15008944645524, 2010607.141844493104145 ], [ 3047268.618565048556775, 2010577.716471620369703 ], [ 3047284.250439871102571, 2010561.763798682019114 ], [ 3047291.689266992732882, 2010551.321273678448051 ], [ 3047303.945118655450642, 2010553.194871792104095 ], [ 3047323.80522348638624, 2010548.649743120186031 ], [ 3047337.107204833067954, 2010527.031610921723768 ], [ 3047359.219235156197101, 2010488.6473528589122 ], [ 3047392.283556120470166, 2010443.755515077617019 ], [ 3047422.35066173132509, 2010386.223924767458811 ], [ 3047454.605051698163152, 2010327.290064036846161 ], [ 3047481.374624310061336, 2010288.077687859768048 ], [ 3047506.077490121126175, 2010265.952151844510809 ], [ 3047524.255791343748569, 2010238.907144470605999 ], [ 3047547.099824039265513, 2010214.072400058852509 ], [ 3047572.246160153765231, 2010173.628854976501316 ], [ 3047598.048191887326539, 2010158.400941619649529 ], [ 3047607.430413892958313, 2010142.039857242722064 ], [ 3047630.030675827525556, 2010112.688722940860316 ], [ 3047637.14102865755558, 2010104.238925983197987 ], [ 3047662.618777460418642, 2010073.961836713831872 ], [ 3047698.400258305482566, 2010046.31996089569293 ], [ 3047739.360223974101245, 2010039.036406055092812 ], [ 3047778.046237595379353, 2010029.624094742583111 ], [ 3047815.212366330437362, 2010028.588317076675594 ], [ 3047850.912016673013568, 2010027.306780035840347 ], [ 3047871.103018580935895, 2010030.809511966537684 ], [ 3047903.446478306315839, 2010026.578150828136131 ], [ 3047926.884399480186403, 2010032.543463757960126 ], [ 3047948.104215520434082, 2010045.489481241907924 ], [ 3047971.203155749477446, 2010040.368871970335022 ], [ 3047986.102990473620594, 2010049.879018024075776 ], [ 3047993.592063690535724, 2010057.666957766050473 ], [ 3047993.061700418591499, 2010072.453900572145358 ], [ 3047996.098133561667055, 2010082.55358248995617 ], [ 3048017.920921278186142, 2010090.325957950903103 ], [ 3048035.854695030953735, 2010097.776633620029315 ], [ 3048037.267625317443162, 2010106.645044386154041 ], [ 3048044.184808150865138, 2010114.028031586436555 ], [ 3048055.812729284632951, 2010111.960445461329073 ], [ 3048077.941241135355085, 2010118.665198323782533 ], [ 3048107.463619737885892, 2010126.588548142462969 ], [ 3048144.46698784083128, 2010133.688332850812003 ], [ 3048169.31796989031136, 2010148.522059571230784 ], [ 3048175.417224815115333, 2010151.668814140371978 ], [ 3048202.182425745762885, 2010165.477527974871919 ], [ 3048226.301844926550984, 2010166.761908418964595 ], [ 3048250.766163700725883, 2010170.011666227830574 ], [ 3048269.129302509129047, 2010165.226586387259886 ], [ 3048295.419256128370762, 2010159.032146813580766 ], [ 3048318.024581907317042, 2010159.572491755243391 ], [ 3048352.914451536722481, 2010144.249265477759764 ], [ 3048370.439182564616203, 2010143.15992433950305 ], [ 3048386.724505661521107, 2010140.264267412945628 ], [ 3048433.922887302003801, 2010157.204429670237005 ], [ 3048447.382405271753669, 2010136.572067951550707 ], [ 3048454.383916508406401, 2010135.32724512880668 ], [ 3048471.561326830182225, 2010120.11352679762058 ], [ 3048469.520473126322031, 2010107.303697742521763 ], [ 3048481.383944029919803, 2010106.714294678298756 ], [ 3048487.881152902729809, 2010090.359783106250688 ], [ 3048488.877562650479376, 2010089.348893898772076 ], [ 3048498.174834156408906, 2010079.916579419514164 ], [ 3048520.284300914034247, 2010068.385824312921613 ], [ 3048538.412063763942569, 2010062.122900397516787 ], [ 3048557.793295353651047, 2010051.583871489390731 ], [ 3048575.497496857307851, 2010048.436040053144097 ], [ 3048589.90156236384064, 2010045.875047056702897 ], [ 3048601.560468119569123, 2010043.802118686493486 ], [ 3048599.538656174205244, 2010049.228021729970351 ], [ 3048599.48502738494426, 2010057.850516931619495 ], [ 3048602.260968655347824, 2010057.356883465545252 ], [ 3048613.117072176188231, 2010059.948795264819637 ], [ 3048613.207498640753329, 2010059.970412821043283 ], [ 3048622.295135842636228, 2010059.874566469807178 ], [ 3048623.72629320435226, 2010057.484007642837241 ], [ 3048629.083924491889775, 2010048.534704621182755 ], [ 3048646.552661444060504, 2010043.908834613626823 ], [ 3048658.583184480667114, 2010041.769854251295328 ], [ 3048662.37546609621495, 2010041.095634013647214 ], [ 3048673.243607996962965, 2010043.216471078805625 ], [ 3048687.913853977806866, 2010042.128023013705388 ], [ 3048700.066481724381447, 2010034.394258389482275 ], [ 3048706.347389492206275, 2010034.797531820833683 ], [ 3048715.827506249770522, 2010037.165151830296963 ], [ 3048721.699231319595128, 2010029.028119508177042 ], [ 3048714.232601992785931, 2010018.196320617338642 ], [ 3048720.26141607388854, 2010011.044650326482952 ], [ 3048738.882651619147509, 2010004.694098007399589 ], [ 3048748.755222612526268, 2010009.525072791613638 ], [ 3048759.573503592982888, 2009993.41571182734333 ], [ 3048773.169810527935624, 2009994.544804928125814 ], [ 3048790.293843233492225, 2009987.95381547883153 ], [ 3048799.678883530199528, 2009983.751987385330722 ], [ 3048821.728977428283542, 2009989.96452359855175 ], [ 3048842.733832877594978, 2009980.656937952386215 ], [ 3048850.173071833793074, 2009970.214785607531667 ], [ 3048865.97110079228878, 2009958.286494192201644 ], [ 3048881.104103662539274, 2009957.115854025352746 ], [ 3048893.43860273109749, 2009959.4827028545551 ], [ 3048903.889386616647243, 2009950.024999737506732 ], [ 3048901.848506429232657, 2009937.215200970415026 ], [ 3048918.61924459412694, 2009931.193629109766334 ], [ 3048930.482896227389574, 2009930.604337215190753 ], [ 3048945.388793562538922, 2009930.994129559257999 ], [ 3048978.649712221231312, 2009923.560699552763253 ], [ 3049006.563408079557121, 2009918.598048925865442 ], [ 3049033.77901176828891, 2009912.239493682049215 ], [ 3049045.724477234296501, 2009903.233526557683945 ], [ 3049049.607807946391404, 2009900.305825904477388 ], [ 3049062.464621641673148, 2009884.847373398486525 ], [ 3049066.888916729949415, 2009894.700336819514632 ], [ 3049068.904870172031224, 2009898.394989243941382 ], [ 3049088.493108926806599, 2009907.071895844070241 ], [ 3049097.918758937157691, 2009914.479640899924561 ], [ 3049102.161973691079766, 2009917.814415351487696 ], [ 3049109.628604524768889, 2009928.646358473459259 ], [ 3049116.806080197915435, 2009946.622708404902369 ], [ 3049129.636551504954696, 2009961.060783392749727 ], [ 3049144.090441482141614, 2009976.730188697809353 ], [ 3049155.218928568530828, 2009989.444371422985569 ], [ 3049166.395099464803934, 2010002.656622154405341 ], [ 3049172.68426460865885, 2010006.098256392404437 ], [ 3049180.123551972210407, 2009995.656169106950983 ], [ 3049185.280698540154845, 2009980.046717675868422 ], [ 3049173.869168591219932, 2009966.108234834624454 ], [ 3049172.245541729498655, 2009964.12508683395572 ], [ 3049162.505097796209157, 2009951.164144125767052 ], [ 3049143.149990054778755, 2009931.806363532319665 ], [ 3049118.09218789357692, 2009897.75656591495499 ], [ 3049129.333839688450098, 2009884.105203059269115 ], [ 3049116.26790968561545, 2009868.189065312268212 ], [ 3049108.198353996034712, 2009862.530735418200493 ], [ 3049113.520746288821101, 2009850.94505620165728 ], [ 3049130.198733102530241, 2009850.513144954573363 ], [ 3049144.266149948351085, 2009854.598470705328509 ], [ 3049154.421933269128203, 2009861.405857222620398 ], [ 3049164.670343429781497, 2009862.623713252600282 ], [ 3049174.62145120697096, 2009867.947563024237752 ], [ 3049176.034368104301393, 2009876.815845822216943 ], [ 3049173.958802940323949, 2009890.864172097761184 ], [ 3049175.764194420073181, 2009902.195999167859554 ], [ 3049180.979281757958233, 2009907.855147000867873 ], [ 3049188.359087759628892, 2009915.156036696396768 ], [ 3049190.924479862675071, 2009922.299516112310812 ], [ 3049194.384087156504393, 2009934.857198894955218 ], [ 3049196.24296090612188, 2009937.566495578270406 ], [ 3049203.676375241484493, 2009936.245034552644938 ], [ 3049217.87588182836771, 2009932.200618074275553 ], [ 3049225.393785770516843, 2009922.251218384830281 ], [ 3049238.645424643531442, 2009921.415271891979501 ], [ 3049244.533259273972362, 2009920.36847887118347 ], [ 3049254.468356789089739, 2009918.602198228007182 ], [ 3049274.713257647585124, 2009913.483105916297063 ], [ 3049291.374722801614553, 2009906.97458644839935 ], [ 3049300.776405925862491, 2009908.849639496766031 ], [ 3049315.12691284622997, 2009914.911262982524931 ], [ 3049327.021417460404336, 2009914.316603895043954 ], [ 3049341.97275850828737, 2009903.045693481108174 ], [ 3049363.089410288259387, 2009906.384594278875738 ], [ 3049369.771988075226545, 2009909.34907988505438 ], [ 3049392.440931174904108, 2009919.405530713032931 ], [ 3049406.288375815842301, 2009922.06280813831836 ], [ 3049417.110160735435784, 2009924.139490818604827 ], [ 3049446.102454783394933, 2009946.850520073669031 ], [ 3049460.006921587977558, 2009959.071186046116054 ], [ 3049473.079497836530209, 2009967.320028922753409 ], [ 3049481.305462213698775, 2009972.510650248732418 ], [ 3049497.296068276278675, 2009985.880409473087639 ], [ 3049515.395261077210307, 2009997.355312765110284 ], [ 3049534.647045273333788, 2010007.105507645290345 ], [ 3049545.442699362989515, 2009999.613254520809278 ], [ 3049562.591794278472662, 2010002.13761400943622 ], [ 3049577.962714371737093, 2010014.60427494905889 ], [ 3049575.88723461702466, 2010028.652558195404708 ], [ 3049573.506026764400303, 2010043.768475828925148 ], [ 3049576.96562312822789, 2010056.326080877101049 ], [ 3049580.865375316236168, 2010071.845297534251586 ], [ 3049588.16671556327492, 2010078.653556970646605 ], [ 3049589.987597430124879, 2010079.613802568987012 ], [ 3049590.032911716960371, 2010080.373513190774247 ], [ 3049590.848306432366371, 2010086.855751887662336 ], [ 3049592.086343518458307, 2010093.26286029163748 ], [ 3049593.741739059798419, 2010099.567405695328489 ], [ 3049595.807448197621852, 2010105.742369760293514 ], [ 3049598.274499132297933, 2010111.761380698764697 ], [ 3049601.132470929995179, 2010117.598526974907145 ], [ 3049604.368979806080461, 2010123.228955290745944 ], [ 3049607.970338645391166, 2010128.628550688037649 ], [ 3049611.921063494868577, 2010133.774024271871895 ], [ 3049616.204066447913647, 2010138.64348687697202 ], [ 3049620.801299475133419, 2010143.216030671726912 ], [ 3049625.692814497277141, 2010147.472200185991824 ], [ 3049630.85781770478934, 2010151.39360224455595 ], [ 3049636.274155845865607, 2010154.963503956561908 ], [ 3049639.870868549216539, 2010157.004482215968892 ], [ 3049641.918679635971785, 2010158.166565398685634 ], [ 3049647.767109144479036, 2010160.989268919685856 ], [ 3049653.794433116912842, 2010163.419240135233849 ], [ 3049659.974884253926575, 2010165.44636696879752 ], [ 3049666.282078327611089, 2010167.06176159856841 ], [ 3049672.688827971927822, 2010168.258502901066095 ], [ 3049674.549500942230225, 2010168.524975128471851 ], [ 3049703.783299381844699, 2010172.427610734477639 ], [ 3049708.401550368405879, 2010172.934268193785101 ], [ 3049711.041906455531716, 2010173.126082458766177 ], [ 3049738.225886054802686, 2010174.737807541852817 ], [ 3049742.108972317539155, 2010174.892018056707457 ], [ 3049748.64891464356333, 2010174.809634185861796 ], [ 3049755.177376666106284, 2010174.299051340203732 ], [ 3049761.666396731510758, 2010173.362504180753604 ], [ 3049768.088197057135403, 2010172.004018562613055 ], [ 3049772.864830505102873, 2010170.705430218018591 ], [ 3049799.597036385443062, 2010162.731274859979749 ], [ 3049801.147489050868899, 2010162.255239700200036 ], [ 3049803.388546118047088, 2010161.518737903330475 ], [ 3049849.352363895624876, 2010145.819062971277162 ], [ 3049853.31656993040815, 2010144.372365883551538 ], [ 3049853.778125857003033, 2010144.191728129750118 ], [ 3049894.618060510605574, 2010128.090519866440445 ], [ 3049963.069742959924042, 2010114.984027607599273 ], [ 3050050.394966887310147, 2010099.461135061457753 ], [ 3050052.737867245450616, 2010099.016002633143216 ], [ 3050088.151347519829869, 2010091.852800729451701 ], [ 3050093.877696759533137, 2010091.684976116986945 ], [ 3050113.820100324228406, 2010097.071463200962171 ], [ 3050133.72757738083601, 2010103.351093424716964 ], [ 3050147.977658019401133, 2010110.130707493517548 ], [ 3050179.974726744461805, 2010132.776430453406647 ], [ 3050185.378515306860209, 2010136.337581053143367 ], [ 3050191.023061061743647, 2010139.540705745341256 ], [ 3050196.871515606995672, 2010142.363475835649297 ], [ 3050202.898867583833635, 2010144.793516662670299 ], [ 3050207.649646060541272, 2010146.391891764709726 ], [ 3050216.879910750314593, 2010149.237024120055139 ], [ 3050232.059804185293615, 2010158.526760862674564 ], [ 3050237.68165145535022, 2010161.716092194197699 ], [ 3050243.530108361039311, 2010164.538867863826454 ], [ 3050249.557462736032903, 2010166.968914458993822 ], [ 3050251.013886159751564, 2010167.487732341745868 ], [ 3050272.20888248924166, 2010174.8498579361476 ], [ 3050291.896437543444335, 2010187.705129519570619 ], [ 3050294.284658709540963, 2010189.215594246052206 ], [ 3050299.223212145734578, 2010192.044874863699079 ], [ 3050344.637560373172164, 2010216.332214853260666 ], [ 3050373.831075916998088, 2010232.2238263648469 ], [ 3050376.143044007010758, 2010233.901665290584788 ], [ 3050376.188488037325442, 2010233.93462576624006 ], [ 3050381.614878887310624, 2010237.867608705768362 ], [ 3050386.41633105231449, 2010242.607695726910606 ], [ 3050386.791459074243903, 2010243.895878496579826 ], [ 3050386.969070653431118, 2010244.498522383160889 ], [ 3050389.034776131622493, 2010250.673510308843106 ], [ 3050391.501827154308558, 2010256.692552333232015 ], [ 3050394.359802791383117, 2010262.5297368071042 ], [ 3050397.596319237723947, 2010268.16021025297232 ], [ 3050401.197689348831773, 2010273.559857533546165 ], [ 3050405.148429119959474, 2010278.705389521550387 ], [ 3050409.431450583972037, 2010283.574916816316545 ], [ 3050413.080004268791527, 2010287.253021636744961 ], [ 3050432.820436072535813, 2010306.120491154957563 ], [ 3050441.020781845785677, 2010314.077540685189888 ], [ 3050442.498703274410218, 2010315.481800480280071 ], [ 3050447.390245639719069, 2010319.738049318082631 ], [ 3050452.555279424414039, 2010323.659536197548732 ], [ 3050455.261541168671101, 2010325.507950815372169 ], [ 3050465.886725852731615, 2010332.505881941178814 ], [ 3050468.59683620929718, 2010334.227459567133337 ], [ 3050474.241397199220955, 2010337.43061693222262 ], [ 3050480.089866700582206, 2010340.253420746186748 ], [ 3050484.160713811405003, 2010341.945420250529423 ], [ 3050494.949477524962276, 2010346.147514161420986 ], [ 3050496.905997182242572, 2010346.885590546531603 ], [ 3050503.086493941023946, 2010348.912826502230018 ], [ 3050506.31556815141812, 2010349.795374811626971 ], [ 3050514.568338165991008, 2010351.90093605639413 ], [ 3050523.730084533803165, 2010356.811422140570357 ], [ 3050547.29813127964735, 2010377.18000895739533 ], [ 3050554.541345685720444, 2010384.186409508809447 ], [ 3050557.498093479312956, 2010392.027955248951912 ], [ 3050559.80363932531327, 2010397.615482114022598 ], [ 3050562.661625876557082, 2010403.452677687164396 ], [ 3050563.315590953454375, 2010404.66262583900243 ], [ 3050568.003567759878933, 2010413.192113844677806 ], [ 3050570.586130616720766, 2010417.612651785602793 ], [ 3050574.187512306962162, 2010423.012312933569774 ], [ 3050576.390694700181484, 2010425.96890802308917 ], [ 3050586.675325078889728, 2010439.238825491629541 ], [ 3050588.422894353978336, 2010441.427777764154598 ], [ 3050592.705928082577884, 2010446.297322044614702 ], [ 3050597.071786215994507, 2010450.654015363426879 ], [ 3050618.760022582951933, 2010470.965940260095522 ], [ 3050618.991431582719088, 2010471.181879499461502 ], [ 3050623.882985183037817, 2010475.43814652855508 ], [ 3050626.754431034903973, 2010477.685020064469427 ], [ 3050651.757480849511921, 2010496.505456084152684 ], [ 3050654.051080307923257, 2010498.180089605972171 ], [ 3050659.467464055866003, 2010501.750103759812191 ], [ 3050665.112035957630724, 2010504.953283139737323 ], [ 3050670.960515873041004, 2010507.776109572034329 ], [ 3050676.987892334349453, 2010510.206208147807047 ], [ 3050683.168397816363722, 2010512.233466254547238 ], [ 3050688.32002323307097, 2010513.586055591003969 ], [ 3050720.273948797024786, 2010521.058516979217529 ], [ 3050721.429573759902269, 2010521.321457675425336 ], [ 3050727.836382631212473, 2010522.518340700305998 ], [ 3050734.315365671180189, 2010523.291611455846578 ], [ 3050740.838866291102022, 2010523.637775371782482 ], [ 3050741.546154304407537, 2010523.64956603711471 ], [ 3050777.704110438004136, 2010524.123402870260179 ], [ 3050783.536825228482485, 2010524.029371546348557 ], [ 3050784.123938628472388, 2010524.001016112277284 ], [ 3050833.625792496837676, 2010521.464328145375475 ], [ 3050839.567205998115242, 2010520.982251657173038 ], [ 3050843.623439954593778, 2010520.447556915227324 ], [ 3050884.676169817335904, 2010514.184102062601596 ], [ 3050887.109417717903852, 2010513.782333222217858 ], [ 3050939.63283864594996, 2010504.446658067638054 ], [ 3050978.44674826413393, 2010500.494495364138857 ], [ 3051018.712717190384865, 2010499.572496398352087 ], [ 3051020.100398793816566, 2010499.65659796516411 ], [ 3051026.78888324322179, 2010521.898371433606371 ], [ 3051028.788439108990133, 2010527.852392107946798 ], [ 3051031.255505941808224, 2010533.871463938849047 ], [ 3051034.113499353639781, 2010539.708683518925682 ], [ 3051037.350035469979048, 2010545.339197252178565 ], [ 3051040.951427056454122, 2010550.738889798987657 ], [ 3051044.902190020307899, 2010555.884471859317273 ], [ 3051047.047282793559134, 2010558.405061314348131 ], [ 3051066.259962721727788, 2010580.218279677210376 ], [ 3051079.457903943024576, 2010599.813924004323781 ], [ 3051081.057741589378566, 2010602.117204649141058 ], [ 3051085.008508381433785, 2010607.262790486449376 ], [ 3051087.018856137990952, 2010609.630107347620651 ], [ 3051134.049772016704082, 2010663.253331809071824 ], [ 3051136.32247619330883, 2010665.755603247322142 ], [ 3051140.919764751568437, 2010670.32828561658971 ], [ 3051143.117881252430379, 2010672.312042948091403 ], [ 3051168.833967605605721, 2010694.819015895947814 ], [ 3051188.39518900308758, 2010711.945522506954148 ], [ 3051191.102098997682333, 2010714.229881481733173 ], [ 3051192.575752147473395, 2010715.404706475324929 ], [ 3051228.375476824585348, 2010743.381773412460461 ], [ 3051231.474825560580939, 2010745.705923829926178 ], [ 3051323.685866182669997, 2010812.030923744197935 ], [ 3051324.277936472557485, 2010812.453517327085137 ], [ 3051329.694352455437183, 2010816.023605349240825 ], [ 3051333.294981795363128, 2010818.124007435981184 ], [ 3051406.125163633842021, 2010858.548954195342958 ], [ 3051408.1691406192258, 2010859.651811711955816 ], [ 3051409.36100391857326, 2010860.26642387220636 ], [ 3051459.279399205930531, 2010885.572336527286097 ], [ 3051463.936055381782353, 2010887.780644406331703 ], [ 3051469.963472527451813, 2010890.210840913467109 ], [ 3051471.069830734282732, 2010890.607291642110795 ], [ 3051491.93583370372653, 2010897.944146126275882 ], [ 3051498.935899330303073, 2010922.636089373612776 ], [ 3051516.117099469993263, 2010991.453533241758123 ], [ 3051517.293730927631259, 2010995.751711572287604 ], [ 3051519.359488049522042, 2011001.926750933052972 ], [ 3051521.826592708006501, 2011007.945853364188224 ], [ 3051524.684623740613461, 2011013.783106962218881 ], [ 3051527.921197105199099, 2011019.413657946744934 ], [ 3051529.906946273054928, 2011022.486561443889514 ], [ 3051544.240621752571315, 2011043.781748973298818 ], [ 3051545.856301606632769, 2011046.108578973682597 ], [ 3051549.807102181948721, 2011051.254205713281408 ], [ 3051554.090185137931257, 2011056.123835116392002 ], [ 3051558.687502111773938, 2011060.696558653842658 ], [ 3051563.579104654025286, 2011064.952920061768964 ], [ 3051568.744198586326092, 2011068.874525372404605 ], [ 3051572.559515722095966, 2011071.442624046467245 ], [ 3051601.727168687153608, 2011090.090893391286954 ], [ 3051603.328283679671586, 2011091.092911093728617 ], [ 3051608.972904956433922, 2011094.296199177391827 ], [ 3051614.821433940902352, 2011097.119138053851202 ], [ 3051620.84885894972831, 2011099.54935232619755 ], [ 3051623.56862370017916, 2011100.497464624000713 ], [ 3051653.951411777175963, 2011110.590987532865256 ], [ 3051657.412201235070825, 2011111.670253984397277 ], [ 3051663.71949982829392, 2011113.285907938843593 ], [ 3051670.126354281790555, 2011114.482913143699989 ], [ 3051676.605381545610726, 2011115.256307274335995 ], [ 3051683.128924841992557, 2011115.60259524337016 ], [ 3051689.668966149445623, 2011115.520474037854001 ], [ 3051694.132168096490204, 2011115.218017386971042 ], [ 3051718.446715926751494, 2011113.024289630353451 ], [ 3051720.512074023019522, 2011112.816427219193429 ], [ 3051727.001191550400108, 2011111.880145176313818 ], [ 3051733.423086965456605, 2011110.521922388114035 ], [ 3051739.75026464369148, 2011108.747557249618694 ], [ 3051745.955610245931894, 2011106.564604308689013 ], [ 3051749.990018335171044, 2011104.896454370813444 ], [ 3051775.603366630151868, 2011093.656880912836641 ], [ 3051777.625968961976469, 2011092.742964192293584 ], [ 3051783.508574003353715, 2011089.77270077355206 ], [ 3051789.191720639355481, 2011086.427099993219599 ], [ 3051789.822089431807399, 2011086.024869452696294 ], [ 3051822.726190113928169, 2011064.860839050728828 ], [ 3051831.735734459944069, 2011059.259882238693535 ], [ 3051832.436763450037688, 2011058.820168573176488 ], [ 3051837.896121286787093, 2011055.113391470396891 ], [ 3051838.413333743344992, 2011054.734817923279479 ], [ 3051872.122444757260382, 2011029.902977317804471 ], [ 3051875.549739993643016, 2011027.378191395429894 ], [ 3051882.280126244295388, 2011022.730167832225561 ], [ 3051899.563381594605744, 2011010.794326073024422 ], [ 3051910.322416141629219, 2011004.688445636769757 ], [ 3051914.543746689334512, 2011002.156713917851448 ], [ 3051915.023868255317211, 2011001.830736313946545 ], [ 3051917.834031463600695, 2011000.411784816533327 ], [ 3051919.214597973972559, 2010999.64399426127784 ], [ 3051922.303066770546138, 2010997.895007291808724 ], [ 3051946.667889717034996, 2010986.234424333553761 ], [ 3051971.093102231156081, 2010974.660403321031481 ], [ 3051976.307791876606643, 2010972.003726604394615 ], [ 3051981.990968923550099, 2010968.658157690661028 ], [ 3051987.450350728351623, 2010964.95140484184958 ], [ 3051992.662391445133835, 2010960.89940640819259 ], [ 3051995.815445168875158, 2010958.171367110917345 ], [ 3052003.108893662225455, 2010951.597580180037767 ], [ 3052020.718146860599518, 2010960.188079294748604 ], [ 3052039.947473609820008, 2010974.003138464409858 ], [ 3052040.495522281620651, 2010974.394046135945246 ], [ 3052045.911967804189771, 2010977.964212428312749 ], [ 3052051.556604804471135, 2010981.167551373597234 ], [ 3052051.71140618622303, 2010981.248564401874319 ], [ 3052077.993033072445542, 2010994.969180485000834 ], [ 3052083.686781046912074, 2010997.711163231637329 ], [ 3052089.714229745790362, 2011000.141437357757241 ], [ 3052093.698640355374664, 2011001.500271597644314 ], [ 3052135.065504903905094, 2011014.623986820923164 ], [ 3052201.673682883381844, 2011036.990277482196689 ], [ 3052229.596517527010292, 2011047.365200405474752 ], [ 3052270.737344519700855, 2011062.654869314981624 ], [ 3052279.797836061567068, 2011080.830123799387366 ], [ 3052280.964697551913559, 2011083.096492965705693 ], [ 3052284.201272224076092, 2011088.727085088845342 ], [ 3052287.802705858368427, 2011094.126865758560598 ], [ 3052290.893190953880548, 2011098.211009117774665 ], [ 3052300.186294983606786, 2011109.843721341574565 ], [ 3052301.046618383843452, 2011110.905257681151852 ], [ 3052305.329713948071003, 2011115.774946907302365 ], [ 3052309.927047473378479, 2011120.347736179595813 ], [ 3052311.219406817574054, 2011121.52877165353857 ], [ 3052323.861828622408211, 2011132.874548951396719 ], [ 3052337.304312157910317, 2011148.937045734841377 ], [ 3052340.01487422734499, 2011152.039959606016055 ], [ 3052362.37525843270123, 2011176.569596227025613 ], [ 3052363.404056466184556, 2011177.680738437687978 ], [ 3052368.001394346822053, 2011182.253533516312018 ], [ 3052372.893021486699581, 2011186.509972367901355 ], [ 3052378.058143600821495, 2011190.431660674978048 ], [ 3052380.071520288474858, 2011191.819563847268 ], [ 3052420.904839821625501, 2011219.217199280625209 ], [ 3052424.307927820831537, 2011221.399502576095983 ], [ 3052427.46819200925529, 2011223.254094697767869 ], [ 3052476.695990514010191, 2011250.913061130326241 ], [ 3052479.180384301580489, 2011252.261853949399665 ], [ 3052480.985259837470949, 2011253.184528139652684 ], [ 3052502.968611594289541, 2011264.135873483493924 ], [ 3052548.06393038854003, 2011297.152249625883996 ], [ 3052549.319474975578487, 2011298.056317714042962 ], [ 3052554.735947272740304, 2011301.626540265977383 ], [ 3052556.970791738014668, 2011302.954527504043654 ], [ 3052607.351630507037044, 2011331.989463521167636 ], [ 3052610.761451250873506, 2011333.864877218613401 ], [ 3052616.610028331167996, 2011336.687936439411715 ], [ 3052621.542845633812249, 2011338.711206329986453 ], [ 3052682.020953561645001, 2011361.615137288346887 ], [ 3052683.115612851455808, 2011362.022208064096048 ], [ 3052689.29622305650264, 2011364.049721521325409 ], [ 3052693.586865788325667, 2011365.197032084455714 ], [ 3052722.14979903306812, 2011372.14872786286287 ], [ 3052724.166513200383633, 2011372.617209154181182 ], [ 3052730.573429359123111, 2011373.81435801810585 ], [ 3052731.588851808570325, 2011373.964254260528833 ], [ 3052741.340728883165866, 2011375.352321590529755 ], [ 3052746.804397975560278, 2011375.975966855185106 ], [ 3052753.328007450327277, 2011376.322404383216053 ], [ 3052759.868116455152631, 2011376.240434067323804 ], [ 3052765.724865657277405, 2011375.782776568550617 ], [ 3052766.396744762547314, 2011375.730265410616994 ], [ 3052772.885930008254945, 2011374.794131278758869 ], [ 3052776.138781637884676, 2011374.106184204807505 ], [ 3052769.371490464545786, 2011402.795874284114689 ], [ 3052778.960523419082165, 2011406.500774842686951 ], [ 3052805.005396447144449, 2011401.256737796124071 ], [ 3052828.159730099607259, 2011401.458793819183484 ], [ 3052858.570117989555001, 2011397.98545763688162 ], [ 3052880.060759938322008, 2011398.027390991104767 ], [ 3052901.522098998073488, 2011391.479398783529177 ], [ 3052922.848511897027493, 2011387.287764809792861 ], [ 3052944.352638386655599, 2011390.785766307497397 ], [ 3052956.422309309244156, 2011387.488324091536924 ], [ 3052971.098836070392281, 2011369.706206519389525 ], [ 3052985.066781432367861, 2011347.813986783614382 ], [ 3052991.371540603227913, 2011339.967764450702816 ], [ 3053014.1078672837466, 2011325.663816018495709 ], [ 3053020.224507459439337, 2011321.827847319189459 ], [ 3053020.403088475111872, 2011321.715357656124979 ], [ 3053021.540453587658703, 2011320.974199472228065 ], [ 3053050.728561835363507, 2011301.399337391601875 ], [ 3053052.320809636730701, 2011300.287151539931074 ], [ 3053054.926923469174653, 2011298.261304486310109 ], [ 3053057.398203806951642, 2011296.071452158736065 ], [ 3053059.724180854856968, 2011293.727054454153404 ], [ 3053061.89477512286976, 2011291.238109898287803 ], [ 3053063.900723637081683, 2011288.615282549522817 ], [ 3053065.733579943887889, 2011285.869901984930038 ], [ 3053067.385355201084167, 2011283.013621808495373 ], [ 3053068.393393469043076, 2011280.978384541813284 ], [ 3053070.701875218655914, 2011280.33099564537406 ], [ 3053073.804614556021988, 2011279.239712297683582 ], [ 3053076.833211672492325, 2011277.948713150573894 ], [ 3053079.774563332088292, 2011276.463670241413638 ], [ 3053082.337364757433534, 2011274.966144723119214 ], [ 3053087.239675102289766, 2011271.907415269408375 ], [ 3053087.317200038582087, 2011271.870334951439872 ], [ 3053089.358583545312285, 2011285.154863432981074 ], [ 3053090.019985269289464, 2011288.629215384833515 ], [ 3053090.847689422778785, 2011291.781484519131482 ], [ 3053091.880465995520353, 2011294.869045269675553 ], [ 3053093.114075776189566, 2011297.878667605808005 ], [ 3053093.887846808880568, 2011299.519486446632072 ], [ 3053104.640384631697088, 2011321.268505865940824 ], [ 3053105.295633324421942, 2011322.546351642813534 ], [ 3053106.913928248919547, 2011325.361672044033185 ], [ 3053108.714687790721655, 2011328.061482718912885 ], [ 3053109.110175632871687, 2011328.605866489931941 ], [ 3053120.517222657334059, 2011344.078364015091211 ], [ 3053122.09705909807235, 2011346.106918048579246 ], [ 3053124.238668315112591, 2011348.541787831578404 ], [ 3053126.537307028658688, 2011350.828277298249304 ], [ 3053128.983174794353545, 2011352.9564751368016 ], [ 3053131.565791415981948, 2011354.91730009065941 ], [ 3053131.591303411871195, 2011354.935363179305568 ], [ 3053149.718500833958387, 2011367.752360368613154 ], [ 3053149.744246157817543, 2011367.769976699724793 ], [ 3053152.426706859841943, 2011369.537562261568382 ], [ 3053155.249009819701314, 2011371.139353259699419 ], [ 3053158.173352399840951, 2011372.550857571652159 ], [ 3053161.187111937440932, 2011373.766110474010929 ], [ 3053164.2774638524279, 2011374.779791078064591 ], [ 3053167.431065313052386, 2011375.587785208597779 ], [ 3053170.634537577629089, 2011376.186390363844112 ], [ 3053173.444960488937795, 2011376.534333187388256 ], [ 3053214.111331808380783, 2011380.393443680601195 ], [ 3053214.540469560306519, 2011380.432302610483021 ], [ 3053216.675110496114939, 2011380.569992774631828 ], [ 3053243.726430932991207, 2011381.731207437813282 ], [ 3053244.853669019881636, 2011381.766810949891806 ], [ 3053248.123726237565279, 2011381.725763161666691 ], [ 3053251.388010069727898, 2011381.470723574515432 ], [ 3053254.632679443340749, 2011381.002732892520726 ], [ 3053257.843722758814692, 2011380.323672737227753 ], [ 3053260.627582220826298, 2011379.554944973671809 ], [ 3053284.034983715042472, 2011372.366225137840956 ], [ 3053284.414718449115753, 2011372.247887575533241 ], [ 3053287.517463046591729, 2011371.156618257286027 ], [ 3053290.546065260656178, 2011369.865632843459025 ], [ 3053293.487421839963645, 2011368.380603318102658 ], [ 3053296.32904864102602, 2011366.707902291789651 ], [ 3053299.058670118451118, 2011364.854574607452378 ], [ 3053300.51059086760506, 2011363.759225501678884 ], [ 3053323.399543792009354, 2011345.845393451163545 ], [ 3053346.210401232354343, 2011330.048313812585548 ], [ 3053360.06168851070106, 2011321.888073666021228 ], [ 3053366.518924653530121, 2011319.972606375580654 ], [ 3053366.537432015873492, 2011319.967088831122965 ], [ 3053393.260279322974384, 2011312.028663523029536 ], [ 3053397.482045166194439, 2011316.828685786575079 ], [ 3053402.07940879277885, 2011321.401571961818263 ], [ 3053406.971066513098776, 2011325.658109481912106 ], [ 3053412.136223919689655, 2011329.579903620528057 ], [ 3053417.552727093920112, 2011333.150219785049558 ], [ 3053423.197426047641784, 2011336.353716311044991 ], [ 3053429.046040093991905, 2011339.17687364667654 ], [ 3053435.07355719152838, 2011341.607315490022302 ], [ 3053441.25420921202749, 2011343.634927735198289 ], [ 3053447.561611069831997, 2011345.25082049285993 ], [ 3053453.968574504368007, 2011346.448070496786386 ], [ 3053454.583625574130565, 2011346.540231156395748 ], [ 3053470.104914606548846, 2011361.521951217204332 ], [ 3053509.047686414793134, 2011401.875904702814296 ], [ 3053511.91800527041778, 2011404.728995173703879 ], [ 3053559.358666115440428, 2011449.962777606444433 ], [ 3053559.476175575517118, 2011450.074740189360455 ], [ 3053593.827409917954355, 2011482.71873875381425 ], [ 3053594.572586921043694, 2011483.419357969425619 ], [ 3053596.042644237633795, 2011484.759454087587073 ], [ 3053629.117382504511625, 2011514.296592295402661 ], [ 3053632.538996226154268, 2011517.21305571612902 ], [ 3053637.704167237505317, 2011521.134873954579234 ], [ 3053642.6024602772668, 2011524.385593308834359 ], [ 3053657.775638400111347, 2011533.808574621798471 ], [ 3053658.293861792422831, 2011534.128196635982022 ], [ 3053663.051666390150785, 2011536.860862790374085 ], [ 3053692.00732378102839, 2011552.425996781792492 ], [ 3053694.499296606518328, 2011553.936950789298862 ], [ 3053698.616228034719825, 2011562.195812217658386 ], [ 3053713.965483700390905, 2011605.283718470251188 ], [ 3053714.425802117679268, 2011606.548480541910976 ], [ 3053716.892926895990968, 2011612.567674290854484 ], [ 3053719.750987023115158, 2011618.405038317665458 ], [ 3053722.98759833117947, 2011624.035718377213925 ], [ 3053724.530027117580175, 2011626.44423127733171 ], [ 3053730.737761958502233, 2011635.83209080575034 ], [ 3053750.975023241713643, 2011666.461279856739566 ], [ 3053766.106780890841037, 2011695.629638432059437 ], [ 3053766.558889965992421, 2011696.490548274712637 ], [ 3053769.795507615432143, 2011702.121232670964673 ], [ 3053773.396988607011735, 2011707.521117275115103 ], [ 3053775.125921713653952, 2011709.772965000709519 ], [ 3054818.439596721436828, 2011709.772965000709519 ], [ 3054769.705476102884859, 2011692.444412003271282 ] ] ] ] } }
]
}
