{
"type": "FeatureCollection",
"name": "Carcaixent",
"crs": { "type": "name", "properties": { "name": "urn:ogc:def:crs:EPSG::3035" } },
"features": [
{ "type": "Feature", "properties": { "SITE_NAME": "Cova Blanca", "ODESIGNATE": "Cuevas", "NUT2": 52, "SITE_CODE_": "ES523171", "DESIG_ABBR": "ES51", "SITE_CDDA": "389430_CDDA", "Sup_ha": 0.0028274333882300001 }, "geometry": { "type": "Polygon", "coordinates": [ [ [ 3422852.505535107571632, 1846883.011646663304418 ], [ 3422852.941924064885825, 1846882.716147385071963 ], [ 3422853.321177273523062, 1846882.350573696196079 ], [ 3422853.631771319545805, 1846881.926033374620602 ], [ 3422853.864268959965557, 1846881.45542584778741 ], [ 3422854.011605872772634, 1846880.953050296287984 ], [ 3422854.069305300712585, 1846880.434171144384891 ], [ 3422854.03561407327652, 1846879.914554260438308 ], [ 3422853.911555883008987, 1846879.409987959545106 ], [ 3422853.700900171883404, 1846878.93580321315676 ], [ 3422853.410047604702413, 1846878.50640789186582 ], [ 3422853.047835587989539, 1846878.13484895369038 ], [ 3422852.625269750133157, 1846877.832416031742468 ], [ 3422852.155189538840204, 1846877.608298401581123 ], [ 3422851.65187810221687, 1846877.469305763021111 ], [ 3422851.130628302693367, 1846877.419661334482953 ], [ 3422850.607278054580092, 1846877.460873548407108 ], [ 3422850.097729090601206, 1846877.59169018547982 ], [ 3422849.617463799193501, 1846877.808136450592428 ], [ 3422849.181074800901115, 1846878.103635741164908 ], [ 3422848.80182155687362, 1846878.469209452625364 ], [ 3422848.491227485239506, 1846878.893749811919406 ], [ 3422848.258729831781238, 1846879.364357375539839 ], [ 3422848.111392920371145, 1846879.866732968017459 ], [ 3422848.053693508729339, 1846880.385612164158374 ], [ 3422848.087384763173759, 1846880.905229072319344 ], [ 3422848.211442990694195, 1846881.409795398358256 ], [ 3422848.422098743729293, 1846881.883980149170384 ], [ 3422848.712951351422817, 1846882.313375460682437 ], [ 3422849.075163403060287, 1846882.68493437464349 ], [ 3422849.497729266993701, 1846882.987367260269821 ], [ 3422849.96780949132517, 1846883.211484849918634 ], [ 3422850.471120927482843, 1846883.350477450760081 ], [ 3422850.99237071024254, 1846883.40012183599174 ], [ 3422851.515720930416137, 1846883.358909592032433 ], [ 3422852.025269858073443, 1846883.228092937730253 ], [ 3422852.505535107571632, 1846883.011646663304418 ] ] ] } },
{ "type": "Feature", "properties": { "SITE_NAME": "Cova de l`Aigua (Carcaixent-Simat)", "ODESIGNATE": "Cuevas", "NUT2": 52, "SITE_CODE_": "ES523175", "DESIG_ABBR": "ES51", "SITE_CDDA": "389434_CDDA", "Sup_ha": 0.0028274333882300001 }, "geometry": { "type": "Polygon", "coordinates": [ [ [ 3421757.833943581674248, 1837790.157439723843709 ], [ 3421758.270418995525688, 1837789.86199258826673 ], [ 3421758.64976852806285, 1837789.496471788501367 ], [ 3421758.96046583680436, 1837789.071983490604907 ], [ 3421759.193070542067289, 1837788.601425552740693 ], [ 3421759.340515069197863, 1837788.099095637910068 ], [ 3421759.398319388739765, 1837787.580256777815521 ], [ 3421759.364727147854865, 1837787.060673641040921 ], [ 3421759.240759026259184, 1837786.55613348283805 ], [ 3421759.030181731563061, 1837786.081966507947072 ], [ 3421758.739393546245992, 1837785.65258003375493 ], [ 3421758.377229921519756, 1837785.281020763562992 ], [ 3421757.954695012420416, 1837784.978578322567046 ], [ 3421757.484627328347415, 1837784.754442283185199 ], [ 3421756.98130963742733, 1837784.615422906819731 ], [ 3421756.460034992545843, 1837784.565744222374633 ], [ 3421755.936642060987651, 1837784.606915701879188 ], [ 3421755.427033873740584, 1837784.737686366774142 ], [ 3421754.94669461902231, 1837784.954082818934694 ], [ 3421754.510219162795693, 1837785.249529955210164 ], [ 3421754.130869594868273, 1837785.6150507775601 ], [ 3421753.820172260981053, 1837786.039539112476632 ], [ 3421753.587567542213947, 1837786.510097090620548 ], [ 3421753.440123016946018, 1837787.012427047593519 ], [ 3421753.382318712305278, 1837787.531265945406631 ], [ 3421753.415910981595516, 1837788.050849116174504 ], [ 3421753.539879139978439, 1837788.555389288580045 ], [ 3421753.750456477049738, 1837789.029556274181232 ], [ 3421754.041244702413678, 1837789.45894273230806 ], [ 3421754.403408363461494, 1837789.830501985969022 ], [ 3421754.825943298637867, 1837790.132944395765662 ], [ 3421755.296010995283723, 1837790.357080388814211 ], [ 3421755.799328684806824, 1837790.496099726064131 ], [ 3421756.320603313855827, 1837790.545778368832543 ], [ 3421756.843996217474341, 1837790.504606861388311 ], [ 3421757.353604368399829, 1837790.373836178332567 ], [ 3421757.833943581674248, 1837790.157439723843709 ] ] ] } },
{ "type": "Feature", "properties": { "SITE_NAME": "Cova de les Meravelles (Alzira)", "ODESIGNATE": "Cuevas", "NUT2": 52, "SITE_CODE_": "ES523179", "DESIG_ABBR": "ES51", "SITE_CDDA": "389447_CDDA", "Sup_ha": 0.0028274333882300001 }, "geometry": { "type": "Polygon", "coordinates": [ [ [ 3417216.202413322404027, 1843733.636436195811257 ], [ 3417216.638821236323565, 1843733.340883765136823 ], [ 3417217.018094106111676, 1843732.975260343402624 ], [ 3417217.328707918524742, 1843732.550675212638453 ], [ 3417217.56122483080253, 1843732.080029176082462 ], [ 3417217.70857993606478, 1843731.577622573589906 ], [ 3417217.766295921988785, 1843731.058720769360662 ], [ 3417217.732619117479771, 1843730.539090327685699 ], [ 3417217.608572775032371, 1843730.034519969252869 ], [ 3417217.397925977129489, 1843729.560340793570504 ], [ 3417217.107079119887203, 1843729.130960507784039 ], [ 3417216.744869432412088, 1843728.759425597498193 ], [ 3417216.322302475105971, 1843728.457024979172274 ], [ 3417215.85221772827208, 1843728.232946936972439 ], [ 3417215.348898479249328, 1843728.093999979551882 ], [ 3417214.827637828886509, 1843728.04440593556501 ], [ 3417214.304274016991258, 1843728.085671688662842 ], [ 3417213.794709191191941, 1843728.216543412068859 ], [ 3417213.314426222350448, 1843728.433044633129612 ], [ 3417212.878018266521394, 1843728.728597070090473 ], [ 3417212.498745361808687, 1843729.094220514642075 ], [ 3417212.188131523318589, 1843729.518805676605552 ], [ 3417211.955614597536623, 1843729.989451750647277 ], [ 3417211.808259495068341, 1843730.491858403198421 ], [ 3417211.750543524511158, 1843731.01076024142094 ], [ 3417211.784220356494188, 1843731.530390713829547 ], [ 3417211.908266736194491, 1843732.034961093449965 ], [ 3417212.118913575541228, 1843732.509140274254605 ], [ 3417212.409760474227369, 1843732.938520553754643 ], [ 3417212.771970195695758, 1843733.310055434238166 ], [ 3417213.194537179078907, 1843733.612456026021391 ], [ 3417213.664621938019991, 1843733.836534019792452 ], [ 3417214.167941185645759, 1843733.975480939028785 ], [ 3417214.68920182203874, 1843734.025074952282012 ], [ 3417215.21256560459733, 1843733.983809159835801 ], [ 3417215.722130393609405, 1843733.85293741710484 ], [ 3417216.202413322404027, 1843733.636436195811257 ] ] ] } },
{ "type": "Feature", "properties": { "SITE_NAME": "Cova de les Ratetes", "ODESIGNATE": "Cuevas", "NUT2": 52, "SITE_CODE_": "ES523182", "DESIG_ABBR": "ES51", "SITE_CDDA": "389450_CDDA", "Sup_ha": 0.0028274333882300001 }, "geometry": { "type": "Polygon", "coordinates": [ [ [ 3423227.779092111159116, 1845514.142632426694036 ], [ 3423228.215495167300105, 1845513.847148298984393 ], [ 3423228.594764242414385, 1845513.481589555740356 ], [ 3423228.905375439208001, 1845513.057063507847488 ], [ 3423229.137890994083136, 1845512.586469158297405 ], [ 3423229.285246040206403, 1845512.084105278598145 ], [ 3423229.342963269911706, 1845511.565235946560279 ], [ 3423229.309288973454386, 1845511.045626734616235 ], [ 3423229.185246325097978, 1845510.541065705940127 ], [ 3423228.974604297429323, 1845510.066883694613352 ], [ 3423228.683763139881194, 1845509.637488478561863 ], [ 3423228.321559910662472, 1845509.265927013475448 ], [ 3423227.898999971337616, 1845508.963489004410803 ], [ 3423227.428922590333968, 1845508.739363886648789 ], [ 3423226.9256108305417, 1845508.600361586781219 ], [ 3423226.404357564635575, 1845508.55070561892353 ], [ 3423225.881000810768455, 1845508.591904757544398 ], [ 3423225.371442499570549, 1845508.722707190085202 ], [ 3423224.891165304929018, 1845508.939138552639633 ], [ 3423224.454762207344174, 1845509.234622683143243 ], [ 3423224.075493096839637, 1845509.600181453628466 ], [ 3423223.764881873968989, 1845510.024707532254979 ], [ 3423223.532366306055337, 1845510.495301923714578 ], [ 3423223.385011260397732, 1845510.997665838338435 ], [ 3423223.327294046524912, 1845511.516535212751478 ], [ 3423223.36096837092191, 1845512.036144456127658 ], [ 3423223.485011056065559, 1845512.540705503430218 ], [ 3423223.695653125178069, 1845513.014887523371726 ], [ 3423223.986494324170053, 1845513.444282728713006 ], [ 3423224.348697588313371, 1845513.815844168886542 ], [ 3423224.771257553715259, 1845514.118282143492252 ], [ 3423225.241334948688745, 1845514.342407226795331 ], [ 3423225.744646706618369, 1845514.481409483822063 ], [ 3423226.265899957157671, 1845514.531065411167219 ], [ 3423226.789256683550775, 1845514.489866244839504 ], [ 3423227.298814957495779, 1845514.359063789015636 ], [ 3423227.779092111159116, 1845514.142632426694036 ] ] ] } },
{ "type": "Feature", "properties": { "SITE_NAME": "Cova de Planxa", "ODESIGNATE": "Cuevas", "NUT2": 52, "SITE_CODE_": "ES523183", "DESIG_ABBR": "ES51", "SITE_CDDA": "389451_CDDA", "Sup_ha": 0.0028274333882300001 }, "geometry": { "type": "Polygon", "coordinates": [ [ [ 3424774.513915660325438, 1834263.959384980844334 ], [ 3424774.950431691017002, 1834263.664005030412227 ], [ 3424775.329827476292849, 1834263.298549636732787 ], [ 3424775.640575269237161, 1834262.874122971436009 ], [ 3424775.873233155813068, 1834262.403621024917811 ], [ 3424776.02073194552213, 1834261.901339767500758 ], [ 3424776.078589960932732, 1834261.382540743332356 ], [ 3424776.045049216598272, 1834260.86298741074279 ], [ 3424775.92112882854417, 1834260.358466126024723 ], [ 3424775.710594054311514, 1834259.884306518360972 ], [ 3424775.419841883704066, 1834259.454915683018044 ], [ 3424775.057706670835614, 1834259.083340433426201 ], [ 3424774.635191712994128, 1834258.780870917020366 ], [ 3424774.165134909562767, 1834258.556697502965108 ], [ 3424773.661818698979914, 1834258.417631591204554 ], [ 3424773.140536089427769, 1834258.367898638825864 ], [ 3424772.617125989869237, 1834258.409009752329439 ], [ 3424772.107491952367127, 1834258.53971578925848 ], [ 3424771.627118951641023, 1834258.756045321468264 ], [ 3424771.190602879971266, 1834259.05142528261058 ], [ 3424770.8112070588395, 1834259.416880701901391 ], [ 3424770.500459239818156, 1834259.841307398164645 ], [ 3424770.26780133927241, 1834260.311809377977625 ], [ 3424770.120302551425993, 1834260.814090683823451 ], [ 3424770.062444550450891, 1834261.332889738259837 ], [ 3424770.095985323190689, 1834261.852443102747202 ], [ 3424770.219905748032033, 1834262.356964405626059 ], [ 3424770.430440565105528, 1834262.831124024698511 ], [ 3424770.721192777622491, 1834263.260514853987843 ], [ 3424771.083328024949878, 1834263.6320900763385 ], [ 3424771.505843009799719, 1834263.934559561545029 ], [ 3424771.975899826269597, 1834264.158732937881723 ], [ 3424772.479216035455465, 1834264.297798801446334 ], [ 3424773.000498629175127, 1834264.347531714010984 ], [ 3424773.523908701259643, 1834264.306420574663207 ], [ 3424774.03354270150885, 1834264.175714518642053 ], [ 3424774.513915660325438, 1834263.959384980844334 ] ] ] } },
{ "type": "Feature", "properties": { "SITE_NAME": "Hort de Soriano-Font de la Parra", "ODESIGNATE": "Paraje Natural Municipal", "NUT2": 52, "SITE_CODE_": "ES523124", "DESIG_ABBR": "ES15", "SITE_CDDA": "389062_CDDA", "Sup_ha": 53.224201329000003 }, "geometry": { "type": "Polygon", "coordinates": [ [ [ 3418647.932324536610395, 1837829.419348031515256 ], [ 3418716.978519409894943, 1837722.017242141067982 ], [ 3418741.305147694889456, 1837712.589925696374848 ], [ 3418769.841575255617499, 1837655.225109863327816 ], [ 3418797.279348934534937, 1837600.103305116761476 ], [ 3418817.25121839530766, 1837560.08490750216879 ], [ 3418829.204037074465305, 1837536.379206569399685 ], [ 3418875.404029384721071, 1837445.617748117307201 ], [ 3418884.614182833116502, 1837427.548104593064636 ], [ 3418890.337755781598389, 1837416.226102985674515 ], [ 3418845.585127315949649, 1837319.674786144867539 ], [ 3418819.455894073937088, 1837302.445531217381358 ], [ 3418702.629257059656084, 1837412.979010582901537 ], [ 3418657.668814309407026, 1837455.562903811223805 ], [ 3418530.962821193505079, 1837494.223127161385491 ], [ 3418524.907702948898077, 1837465.625892599811777 ], [ 3418518.601077110506594, 1837435.394591913558543 ], [ 3418507.354401576332748, 1837382.210854647448286 ], [ 3418504.359814025461674, 1837368.011355706257746 ], [ 3418499.909665505867451, 1837350.074360250961035 ], [ 3418484.703700831159949, 1837288.920903735794127 ], [ 3418478.0745361270383, 1837261.716705394443125 ], [ 3418473.881665498018265, 1837244.993645243579522 ], [ 3418471.956087192520499, 1837237.284570144955069 ], [ 3418470.132887027226388, 1837230.012216363335028 ], [ 3418459.671982989646494, 1837188.113934342516586 ], [ 3418458.581966728437692, 1837183.547456911765039 ], [ 3418426.921240989118814, 1837132.261855256743729 ], [ 3418423.624492553528398, 1837127.0852525846567 ], [ 3418408.191987860016525, 1837103.226567461621016 ], [ 3418369.597336759325117, 1837043.494947508675978 ], [ 3418311.490433217957616, 1837000.907609331887215 ], [ 3418255.570540629327297, 1837064.089154250454158 ], [ 3418236.139453571755439, 1837085.653839969076216 ], [ 3418191.364888727664948, 1837216.846789175411686 ], [ 3418190.490900126285851, 1837219.253933140542358 ], [ 3418189.335091472603381, 1837222.728162580635399 ], [ 3418173.133975549135357, 1837289.315589190460742 ], [ 3418171.031365047208965, 1837298.079724188195542 ], [ 3418139.708303023129702, 1837320.856812810059637 ], [ 3418126.448023143224418, 1837330.571267928229645 ], [ 3418105.937566671520472, 1837345.577808957081288 ], [ 3418095.816780571360141, 1837371.806619618786499 ], [ 3418091.085091958753765, 1837384.080984165892005 ], [ 3418073.355264121666551, 1837403.198005338199437 ], [ 3418037.072373440954834, 1837414.337590106530115 ], [ 3418018.206312811933458, 1837403.835609689820558 ], [ 3417980.248176252003759, 1837419.092920992290601 ], [ 3417967.45392752205953, 1837424.13536626775749 ], [ 3417925.544723346829414, 1837441.356136973248795 ], [ 3417760.258783596102148, 1837509.19824944040738 ], [ 3417740.710261232219636, 1837519.297756883781403 ], [ 3417660.219131445512176, 1837560.892305956222117 ], [ 3417687.309497507289052, 1837591.397718632826582 ], [ 3417731.000485638156533, 1837582.863966388860717 ], [ 3417741.890579761471599, 1837595.050116823287681 ], [ 3417758.589468710124493, 1837613.635382788255811 ], [ 3417783.467786333058029, 1837641.436956909485161 ], [ 3417794.262981601059437, 1837653.464305729605258 ], [ 3417803.032848641742021, 1837663.315312708029523 ], [ 3417804.022213999181986, 1837664.023404688574374 ], [ 3417829.651510627940297, 1837720.048952166223899 ], [ 3417901.322747529484332, 1837788.522122642723843 ], [ 3417917.050781513098627, 1837803.562089455546811 ], [ 3417939.539702077396214, 1837824.988499453524128 ], [ 3417949.400749041233212, 1837834.378627805970609 ], [ 3417956.490154191851616, 1837841.088014379609376 ], [ 3418141.801937597803771, 1837897.925720556871966 ], [ 3418275.604247428011149, 1837938.799512270838022 ], [ 3418341.498491284903139, 1837892.389555214205757 ], [ 3418393.797456957399845, 1837855.575465698493645 ], [ 3418398.570508008357137, 1837852.26692792843096 ], [ 3418541.683834699913859, 1837787.272568229585886 ], [ 3418647.932324536610395, 1837829.419348031515256 ] ] ] } },
{ "type": "Feature", "properties": { "SITE_NAME": "La Murta y la Casella", "ODESIGNATE": "Paraje Natural Municipal", "NUT2": 52, "SITE_CODE_": "ES523090", "DESIG_ABBR": "ES15", "SITE_CDDA": "348828_CDDA", "Sup_ha": 771.93861499800005 }, "geometry": { "type": "MultiPolygon", "coordinates": [ [ [ [ 3425959.49330586520955, 1840963.271388110937551 ], [ 3426002.324734999332577, 1840917.836943099275231 ], [ 3426065.336810777429491, 1840831.743657055078074 ], [ 3426123.627367416396737, 1840741.395625901175663 ], [ 3426190.151715829968452, 1840651.69410856696777 ], [ 3426212.617891503032297, 1840612.672316741896793 ], [ 3426246.056398641783744, 1840519.403239858336747 ], [ 3426259.953004502225667, 1840503.985631071496755 ], [ 3426338.173766896128654, 1840450.6470508556813 ], [ 3426386.837100742384791, 1840377.023696995340288 ], [ 3426394.752565000671893, 1840368.022755135316402 ], [ 3426394.752565000671893, 1839005.91893019946292 ], [ 3426272.524157856591046, 1838979.669005552073941 ], [ 3426126.311914594843984, 1839014.074300084961578 ], [ 3426000.231153528671712, 1839047.147074728272855 ], [ 3425997.783956996165216, 1839041.718283119145781 ], [ 3425929.122997666709125, 1839055.459117926191539 ], [ 3425768.987232253886759, 1839213.042835375992581 ], [ 3425480.023923947941512, 1839437.851267250953242 ], [ 3425390.968021220061928, 1839506.098666345467791 ], [ 3425246.886549041606486, 1839645.682597649050876 ], [ 3425214.397846095263958, 1839651.42133924853988 ], [ 3425170.061268602497876, 1839658.798876420827582 ], [ 3425148.229827641509473, 1839683.974926743656397 ], [ 3425116.478218649514019, 1839708.846002865815535 ], [ 3425096.875060452148318, 1839735.617063453886658 ], [ 3425066.877096296288073, 1839771.951042848872021 ], [ 3425033.645748334936798, 1839787.269596086116508 ], [ 3424998.910966710653156, 1839818.524690570076928 ], [ 3424964.184708351269364, 1839849.768252220470458 ], [ 3424924.710181246511638, 1839875.924809415591881 ], [ 3424902.59553420683369, 1839899.192582231480628 ], [ 3424867.271104311570525, 1839926.614314798731357 ], [ 3424843.518110806588084, 1839952.120598298730329 ], [ 3424826.301776364911348, 1839968.696009445935488 ], [ 3424799.732298084534705, 1839988.783653856255114 ], [ 3424780.12942181667313, 1840015.555179625982419 ], [ 3424775.960893585346639, 1840027.650680129649118 ], [ 3424765.093749755062163, 1840059.188540312228724 ], [ 3424733.974795602727681, 1840107.464308266062289 ], [ 3424704.137181233149022, 1840132.017616234486923 ], [ 3424675.360999516677111, 1840150.51693063788116 ], [ 3424647.751580194104463, 1840176.66525997268036 ], [ 3424619.847352608572692, 1840200.896966993808746 ], [ 3424577.105054941959679, 1840231.519607258029282 ], [ 3424553.350925858598202, 1840257.016437715152279 ], [ 3424528.678957987111062, 1840302.253884043777362 ], [ 3424514.279500303324312, 1840324.248279674677178 ], [ 3424474.680225809570402, 1840336.705935522215441 ], [ 3424423.219290296547115, 1840349.192048098426312 ], [ 3424386.720145601313561, 1840368.977083082543686 ], [ 3424335.828622589353472, 1840407.630358507623896 ], [ 3424277.274347730446607, 1840431.176907159155235 ], [ 3424234.404686219058931, 1840469.362295167520642 ], [ 3424208.139056220650673, 1840502.324437604751438 ], [ 3424191.156700707506388, 1840540.63713589636609 ], [ 3424176.233858296182007, 1840569.735506859375164 ], [ 3424146.43197909463197, 1840602.116884005255997 ], [ 3424105.9586251815781, 1840623.56196942483075 ], [ 3424087.369567027781159, 1840629.760964149143547 ], [ 3424064.126980672590435, 1840651.443252532742918 ], [ 3424045.579616602510214, 1840673.110218165209517 ], [ 3424031.837175752967596, 1840695.540116561343893 ], [ 3424030.019833815284073, 1840708.111617953516543 ], [ 3424026.821179754566401, 1840730.207974791293964 ], [ 3424050.370533191598952, 1840732.12547835893929 ], [ 3424012.413814704399556, 1840809.698289077263325 ], [ 3423960.823576506227255, 1840874.993035491555929 ], [ 3423802.791765487752855, 1841049.615249762544408 ], [ 3423735.836910882033408, 1841103.868444405030459 ], [ 3423816.894904057495296, 1841283.696239140350372 ], [ 3423826.969551090616733, 1841300.135225622681901 ], [ 3423834.997141388244927, 1841321.738886667881161 ], [ 3423843.024640421848744, 1841343.342566170264035 ], [ 3423844.664129146840423, 1841348.775652384152636 ], [ 3423848.519318478181958, 1841357.902749684173614 ], [ 3423887.750092053320259, 1841450.612487023696303 ], [ 3423952.022285629063845, 1841552.158856456400827 ], [ 3424052.943000928964466, 1841509.965312369167805 ], [ 3424173.235955382697284, 1841461.311612004647031 ], [ 3424425.072148025501519, 1841475.09305285802111 ], [ 3424768.863326100632548, 1841601.430873126490042 ], [ 3424932.582423372194171, 1841662.180876273429021 ], [ 3425069.18595302850008, 1841725.08595897234045 ], [ 3425096.151810134295374, 1841702.733459698501974 ], [ 3425209.166338244453073, 1841564.967330486280844 ], [ 3425282.343823921866715, 1841518.513012452749535 ], [ 3425399.140772448852658, 1841405.321588757447898 ], [ 3425486.75219488888979, 1841340.336258135968819 ], [ 3425576.076786063145846, 1841246.839330186368898 ], [ 3425652.63188046310097, 1841182.686627402203158 ], [ 3425836.106423087883741, 1841040.256393579067662 ], [ 3425909.049703917466104, 1840998.883809772087261 ], [ 3425959.49330586520955, 1840963.271388110937551 ] ] ], [ [ [ 3423990.710083990357816, 1842857.565299150999635 ], [ 3424009.442359153646976, 1842814.121084117330611 ], [ 3424024.188845026772469, 1842724.965837110765278 ], [ 3424026.510125477798283, 1842674.757918447256088 ], [ 3424028.181475006975234, 1842638.60926233464852 ], [ 3424029.852854557801038, 1842602.460619316902012 ], [ 3424032.174276317004114, 1842552.252762255491689 ], [ 3424043.262599598616362, 1842525.203402744606137 ], [ 3424051.197990611195564, 1842505.845239610876888 ], [ 3423848.208697244524956, 1842524.652178930817172 ], [ 3423726.410711827687919, 1842600.376818917458877 ], [ 3423543.614393346011639, 1842725.699689921690151 ], [ 3423485.755706652998924, 1842801.491512868320569 ], [ 3423203.299380469601601, 1842879.634617352625355 ], [ 3423195.946037052664906, 1842866.633689193520695 ], [ 3423199.222409187350422, 1842863.027631584554911 ], [ 3423202.326333665288985, 1842858.750515527557582 ], [ 3423203.15004429128021, 1842856.637373456265777 ], [ 3423203.538523688912392, 1842854.405138598289341 ], [ 3423203.399741630069911, 1842852.512826774036512 ], [ 3423202.859838634729385, 1842850.656949192751199 ], [ 3423201.919508109334856, 1842848.9080629136879 ], [ 3423198.544747474603355, 1842844.489660424878821 ], [ 3423190.370740901213139, 1842835.778909399174154 ], [ 3423182.419772064313293, 1842826.668187719304115 ], [ 3423168.448743788525462, 1842808.901570138055831 ], [ 3423165.829111057333648, 1842808.067406286019832 ], [ 3423162.20548893045634, 1842805.797405080869794 ], [ 3423154.794773838948458, 1842798.875099249882624 ], [ 3423150.977721556089818, 1842796.405423179734498 ], [ 3423145.564390038140118, 1842794.201502572512254 ], [ 3423132.651520294137299, 1842790.57449565269053 ], [ 3423123.426127915270627, 1842787.452547911554575 ], [ 3423105.373506555799395, 1842779.831952527398244 ], [ 3423087.736805659718812, 1842771.34566527674906 ], [ 3423077.391391944140196, 1842765.637831711908802 ], [ 3423069.602578623220325, 1842760.55285651027225 ], [ 3423062.295661977957934, 1842754.833261795574799 ], [ 3423051.357909843791276, 1842745.211540734861046 ], [ 3422919.900994482450187, 1842879.233258462278172 ], [ 3422867.410661056637764, 1842918.196460803505033 ], [ 3422728.142958201467991, 1843024.727017418015748 ], [ 3422724.452188780065626, 1843046.129795964574441 ], [ 3422604.43958742544055, 1843138.96062342543155 ], [ 3422578.883468042127788, 1843135.704773504287004 ], [ 3422574.964293159078807, 1843159.454297285992652 ], [ 3422481.789522561244667, 1843209.04357650806196 ], [ 3422461.435447804164141, 1843205.496297291014344 ], [ 3422407.644046310335398, 1843249.677874032407999 ], [ 3422319.988258032128215, 1843323.754726762650535 ], [ 3422284.389014543034136, 1843315.829925877042115 ], [ 3422259.467310296371579, 1843328.05489586526528 ], [ 3422228.507653962355107, 1843312.421368439216167 ], [ 3422003.847912123426795, 1843416.247851103311405 ], [ 3421948.58154467958957, 1843389.226733567658812 ], [ 3421829.974933123216033, 1843444.555259004468098 ], [ 3421732.818131971172988, 1843467.155823899433017 ], [ 3421638.438223126810044, 1843528.926050815265626 ], [ 3421551.302649887744337, 1843578.440497864736244 ], [ 3421516.811376126017421, 1843593.167194758774713 ], [ 3421489.149944681674242, 1843607.674064559629187 ], [ 3421468.262581110931933, 1843616.480639863060787 ], [ 3421451.083398944698274, 1843624.407641285099089 ], [ 3421426.153191437479109, 1843635.288937789388001 ], [ 3421404.239188827574253, 1843650.305650928989053 ], [ 3421373.776328559033573, 1843661.906771396053955 ], [ 3421348.67042388394475, 1843674.485972327645868 ], [ 3421310.354684652760625, 1843683.624230690067634 ], [ 3421298.382030433043838, 1843687.987377155339345 ], [ 3421248.377565911971033, 1843719.049716518027708 ], [ 3421165.822207507211715, 1843795.205463680438697 ], [ 3421143.309466491919011, 1843802.271741051692516 ], [ 3421162.402213500346988, 1843845.438697127159685 ], [ 3421139.804470996372402, 1843854.727120500756428 ], [ 3421124.378637495450675, 1843843.695621786871925 ], [ 3421109.606752128805965, 1843845.298821866745129 ], [ 3421100.413125754334033, 1843835.780105016659945 ], [ 3421101.003486740402877, 1843828.453049688367173 ], [ 3421111.847666864283383, 1843823.662752475356683 ], [ 3421101.619843505322933, 1843807.823543996782973 ], [ 3421101.31633747369051, 1843807.353456297656521 ], [ 3421092.160110173746943, 1843818.039189090719447 ], [ 3421083.66228608135134, 1843827.237758534029126 ], [ 3421079.458756434731185, 1843834.410441849380732 ], [ 3421071.301852573174983, 1843846.153307478642091 ], [ 3421061.296174833085388, 1843859.03082604566589 ], [ 3421054.910152499563992, 1843866.556936812354252 ], [ 3421050.444877802859992, 1843869.982470916584134 ], [ 3421032.973983641713858, 1843887.934448999818414 ], [ 3421017.357874707318842, 1843900.234126402297989 ], [ 3421012.661412249319255, 1843903.214134481269866 ], [ 3420989.935295374598354, 1843914.177518940297887 ], [ 3420984.531359092332423, 1843917.64840291836299 ], [ 3420980.801023826934397, 1843921.223659162642434 ], [ 3420973.450157262384892, 1843926.974741608137265 ], [ 3420968.498801362235099, 1843929.422635027440265 ], [ 3420954.399654066190124, 1843933.545183134963736 ], [ 3420948.427458024118096, 1843935.900973673909903 ], [ 3420938.27145810611546, 1843941.000169905135408 ], [ 3420935.701292214915156, 1843942.864845825359225 ], [ 3420925.169103732332587, 1843944.926563332788646 ], [ 3420920.637832127511501, 1843947.395135155878961 ], [ 3420916.319622559472919, 1843950.322242992697284 ], [ 3420912.297463725320995, 1843953.653836911777034 ], [ 3420910.57212442252785, 1843955.524094116175547 ], [ 3420872.755474990233779, 1843979.294551237719133 ], [ 3420871.43034954695031, 1843979.200802708277479 ], [ 3420862.274601207114756, 1843987.764900083653629 ], [ 3420849.815155590418726, 1843998.177841441938654 ], [ 3420845.35313699953258, 1844000.765960683347657 ], [ 3420835.675293781328946, 1844005.140303264372051 ], [ 3420830.179232815280557, 1844008.606504293624312 ], [ 3420822.093242254573852, 1844015.790754604153335 ], [ 3420811.289909337647259, 1844028.176186644239351 ], [ 3420808.156932045239955, 1844032.791257232427597 ], [ 3420800.451008981559426, 1844039.670242635300383 ], [ 3420796.880594223272055, 1844043.360147746279836 ], [ 3420796.423250200692564, 1844043.889918343862519 ], [ 3420789.980824844911695, 1844051.44568373891525 ], [ 3420786.740528379566967, 1844055.826682569924742 ], [ 3420784.06692823395133, 1844060.123273005243391 ], [ 3420783.202691050246358, 1844065.076393519993871 ], [ 3420783.509503454901278, 1844070.106577390339226 ], [ 3420785.532810082659125, 1844073.671349900774658 ], [ 3420789.113998286426067, 1844076.522941774223 ], [ 3420794.165157251060009, 1844078.686078063677996 ], [ 3420809.245734194759279, 1844083.776235956465825 ], [ 3420813.754499534610659, 1844086.180948039516807 ], [ 3420823.270777893252671, 1844090.332619871245697 ], [ 3420828.32134780427441, 1844091.104524840600789 ], [ 3420838.873369537293911, 1844091.020691577577963 ], [ 3420839.665964900515974, 1844092.007790311705321 ], [ 3420827.193589159287512, 1844094.47831582906656 ], [ 3420819.778407575562596, 1844095.189034362323582 ], [ 3420814.606982592027634, 1844095.41522603505291 ], [ 3420794.19095886638388, 1844096.022927382029593 ], [ 3420794.179531230591238, 1844096.014748692279682 ], [ 3420788.983218676410615, 1844096.739012155681849 ], [ 3420783.532315018586814, 1844097.989724653074518 ], [ 3420778.740303517784923, 1844099.886849971488118 ], [ 3420773.707975156139582, 1844102.469159338390455 ], [ 3420769.413851223886013, 1844105.684671009425074 ], [ 3420765.618299189023674, 1844109.56331768585369 ], [ 3420762.210309630725533, 1844113.316817660816014 ], [ 3420758.601408874616027, 1844117.416429838631302 ], [ 3420750.4757817434147, 1844123.286563405301422 ], [ 3420750.477295390795916, 1844123.296393412398174 ], [ 3420746.145233761984855, 1844126.266176055883989 ], [ 3420741.906221581622958, 1844129.311300808563828 ], [ 3420737.875669871922582, 1844132.654313776642084 ], [ 3420734.069625354837626, 1844136.464140054536983 ], [ 3420730.487197577953339, 1844140.07530542765744 ], [ 3420722.104856541845948, 1844143.74997560470365 ], [ 3420716.50586660252884, 1844147.142616567201912 ], [ 3420712.764816565439105, 1844150.780206197872758 ], [ 3420709.077361900359392, 1844154.237573940772563 ], [ 3420704.638826321810484, 1844157.638467804761603 ], [ 3420700.794944026973099, 1844161.202549900393933 ], [ 3420697.263053024187684, 1844165.208589699817821 ], [ 3420693.98652935680002, 1844169.353573233354837 ], [ 3420690.073250672779977, 1844172.929216959513724 ], [ 3420682.773795162327588, 1844174.457510359585285 ], [ 3420677.605320707894862, 1844174.108550551347435 ], [ 3420672.301858531311154, 1844173.872815200826153 ], [ 3420667.33060112548992, 1844173.087720788782462 ], [ 3420661.922079555690289, 1844172.697988785104826 ], [ 3420656.484043014235795, 1844173.371900063939393 ], [ 3420651.469896000809968, 1844174.156583641422912 ], [ 3420637.464997859671712, 1844175.854075298411772 ], [ 3420637.455083872657269, 1844175.855726651614532 ], [ 3420617.559152505360544, 1844177.727912793401629 ], [ 3420605.08859171718359, 1844181.196760427905247 ], [ 3420579.759103112388402, 1844204.278895999770612 ], [ 3420555.999449146445841, 1844225.930349613307044 ], [ 3420512.647534318268299, 1844259.052151184994727 ], [ 3420502.295568649657071, 1844282.886524475412443 ], [ 3420497.092669019475579, 1844296.708591333357617 ], [ 3420491.889690681360662, 1844310.530776910018176 ], [ 3420484.425868147518486, 1844315.877404569182545 ], [ 3420476.961947679519653, 1844321.224051174940541 ], [ 3420465.3280243370682, 1844332.639125430490822 ], [ 3420456.512002592440695, 1844343.534303271677345 ], [ 3420463.704833563417196, 1844343.888915268704295 ], [ 3420483.914535377640277, 1844338.969932803651318 ], [ 3420485.370160481892526, 1844345.583352507790551 ], [ 3420470.109080227091908, 1844353.650302964029834 ], [ 3420459.831568664871156, 1844365.091499276924878 ], [ 3420459.665637361351401, 1844374.182933829957619 ], [ 3420448.335702535696328, 1844383.147829348454252 ], [ 3420440.706390098202974, 1844382.533318704226986 ], [ 3420447.961639114655554, 1844396.236242439830676 ], [ 3420454.179441852029413, 1844387.749859740491956 ], [ 3420501.828510998748243, 1844419.445817608386278 ], [ 3420503.386992755346, 1844432.141738354461268 ], [ 3420511.507117437198758, 1844443.734671700745821 ], [ 3420501.599973536562175, 1844454.015121209435165 ], [ 3420489.019796007778496, 1844449.446337127825245 ], [ 3420481.445518233813345, 1844477.385346891125664 ], [ 3420447.459651725832373, 1844470.100845982553437 ], [ 3420429.90575147792697, 1844476.946810823166743 ], [ 3420410.489586260169744, 1844497.451655249577016 ], [ 3420415.467457632534206, 1844509.174812279874459 ], [ 3420398.621992170810699, 1844520.621174004860222 ], [ 3420389.642907407600433, 1844506.025674166157842 ], [ 3420370.350765083916485, 1844522.184726714389399 ], [ 3420359.583141549024731, 1844511.426024341024458 ], [ 3420387.795490520074964, 1844481.2188027985394 ], [ 3420393.095201657153666, 1844469.346465526614338 ], [ 3420413.11948289303109, 1844460.516248764004558 ], [ 3420413.885535850655288, 1844465.490241833496839 ], [ 3420435.151303354650736, 1844454.48720381478779 ], [ 3420435.869745794218034, 1844430.825770315947011 ], [ 3420448.421893186401576, 1844414.609905990771949 ], [ 3420428.880486858077347, 1844411.190527206519619 ], [ 3420426.25750915100798, 1844401.817468307679519 ], [ 3420400.613222380634397, 1844417.86504031275399 ], [ 3420397.631847151555121, 1844429.341098683653399 ], [ 3420377.544557992368937, 1844451.298672362463549 ], [ 3420365.377088281791657, 1844464.597236734349281 ], [ 3420331.537544649560004, 1844501.579460908658803 ], [ 3420296.609127458650619, 1844532.613044735044241 ], [ 3420275.906489158514887, 1844536.57583072851412 ], [ 3420200.804490270558745, 1844588.749374098144472 ], [ 3420149.793146555311978, 1844628.65290073887445 ], [ 3420108.727057210169733, 1844692.65981113514863 ], [ 3420098.982463022693992, 1844696.864219581242651 ], [ 3420096.484567710198462, 1844695.566354417707771 ], [ 3420098.746214970946312, 1844704.838231931207702 ], [ 3420101.712899204809219, 1844719.810136641608551 ], [ 3420102.646036424208432, 1844726.66187403537333 ], [ 3420103.098749806173146, 1844733.563297914806753 ], [ 3420103.064357161521912, 1844738.358113701222464 ], [ 3420123.84053518017754, 1844761.020222360501066 ], [ 3420150.283775477670133, 1844730.814804404275492 ], [ 3420196.387706788256764, 1844754.853389330441132 ], [ 3420198.400052569806576, 1844828.269550105556846 ], [ 3420120.840046061202884, 1844889.634904265636578 ], [ 3420105.99219039734453, 1844901.373973756795749 ], [ 3420120.719000882469118, 1844916.514131362782791 ], [ 3420118.399278051219881, 1844918.816217076499015 ], [ 3420129.110228133853525, 1844921.085048388689756 ], [ 3420130.601264212746173, 1844921.391180994920433 ], [ 3420148.342841951176524, 1844925.140318349702284 ], [ 3420163.195045960601419, 1844914.287881008116528 ], [ 3420177.617618749849498, 1844903.748900969978422 ], [ 3420215.08891929499805, 1844876.354219006141648 ], [ 3420216.400431669317186, 1844860.770526980049908 ], [ 3420220.801097202114761, 1844854.351015684194863 ], [ 3420229.208800385240465, 1844847.606879388447851 ], [ 3420241.101662339642644, 1844832.922195918858051 ], [ 3420245.716362608596683, 1844832.778545680688694 ], [ 3420293.31462570047006, 1844831.261829924071208 ], [ 3420275.387553609907627, 1844798.708415737841278 ], [ 3420273.878673282451928, 1844795.975421359296888 ], [ 3420290.016771372407675, 1844786.935309218475595 ], [ 3420300.850766310468316, 1844773.364716016920283 ], [ 3420304.909001496154815, 1844763.665045340778306 ], [ 3420296.902757651172578, 1844747.727945406222716 ], [ 3420302.913447514176369, 1844717.296833750559017 ], [ 3420294.104113659821451, 1844708.95429257908836 ], [ 3420292.166198096703738, 1844691.219893251545727 ], [ 3420300.222977879922837, 1844679.291492243297398 ], [ 3420340.724433688446879, 1844628.586628747405484 ], [ 3420338.956253201700747, 1844617.105215894524008 ], [ 3420373.889454828575253, 1844607.364198449766263 ], [ 3420368.681144744623452, 1844617.255307865329087 ], [ 3420370.373633773531765, 1844628.245214626658708 ], [ 3420386.4816088010557, 1844624.886519509367645 ], [ 3420385.543141803704202, 1844665.079228780465201 ], [ 3420417.381611287593842, 1844684.103988175746053 ], [ 3420416.697137035429478, 1844705.410683562746271 ], [ 3420426.70349821029231, 1844729.251792100723833 ], [ 3420453.83984091412276, 1844730.619523247005418 ], [ 3420469.547242399770766, 1844704.057958276709542 ], [ 3420469.830444962251931, 1844693.021243894239888 ], [ 3420467.500002224463969, 1844680.463856680784374 ], [ 3420477.633223751559854, 1844671.123655435163528 ], [ 3420488.88698245678097, 1844684.180700161494315 ], [ 3420501.772514057345688, 1844682.477960260817781 ], [ 3420500.858068035915494, 1844677.9924609628506 ], [ 3420520.647549810819328, 1844667.638600499834865 ], [ 3420506.380217284429818, 1844648.812403154792264 ], [ 3420519.584510431624949, 1844618.806387816322967 ], [ 3420486.014888729900122, 1844577.314463210990652 ], [ 3420493.47127485787496, 1844558.448880002135411 ], [ 3420499.199731240980327, 1844553.058575465111062 ], [ 3420528.439243960659951, 1844525.493202480953187 ], [ 3420524.750713376328349, 1844519.897083207499236 ], [ 3420521.252779158763587, 1844514.218703518854454 ], [ 3420543.111837541684508, 1844501.786036060657352 ], [ 3420559.743861645460129, 1844492.321177008328959 ], [ 3420556.105466965120286, 1844484.871563110966235 ], [ 3420556.808644503820688, 1844439.848728129873052 ], [ 3420570.223217232618481, 1844433.591517860302702 ], [ 3420593.19371185079217, 1844442.771272823447362 ], [ 3420632.942999823950231, 1844418.809180436655879 ], [ 3420658.562706956174225, 1844460.445642760023475 ], [ 3420662.491306865587831, 1844466.808450061595067 ], [ 3420680.843669735360891, 1844455.837160135619342 ], [ 3420697.846210756339133, 1844445.675491260830313 ], [ 3420692.547538571059704, 1844435.235807781340554 ], [ 3420728.437624467536807, 1844416.191507592797279 ], [ 3420716.165636083111167, 1844393.484016978181899 ], [ 3420725.389930288307369, 1844388.277726259548217 ], [ 3420733.230212602298707, 1844383.856491160579026 ], [ 3420743.984204647596925, 1844377.820724372752011 ], [ 3420737.69320613052696, 1844364.965402685804293 ], [ 3420747.69132787687704, 1844359.831871398026124 ], [ 3420771.049146135337651, 1844347.028789606643841 ], [ 3420786.252315124962479, 1844335.614267916884273 ], [ 3420792.368759134784341, 1844331.026491915807128 ], [ 3420799.278174007777125, 1844325.842755872989073 ], [ 3420804.891833696048707, 1844321.621030683163553 ], [ 3420806.623819931410253, 1844320.586461760569364 ], [ 3420833.981464623007923, 1844296.581569564761594 ], [ 3420866.588863417506218, 1844267.9719094382599 ], [ 3420920.690568999852985, 1844239.220377292018384 ], [ 3420950.250412224791944, 1844211.884700792841613 ], [ 3421004.714794014580548, 1844141.111637503141537 ], [ 3421036.540212584659457, 1844121.555082784267142 ], [ 3421082.731334787793458, 1844093.597258011810482 ], [ 3421120.025466345250607, 1844066.56663930718787 ], [ 3421163.416732955724001, 1844052.585080666234717 ], [ 3421179.408472334034741, 1844043.78183463588357 ], [ 3421174.33983656950295, 1844014.430538993095979 ], [ 3421218.720256482250988, 1844004.891737390076742 ], [ 3421270.564804733730853, 1843971.385310177691281 ], [ 3421273.289065051823854, 1843969.53018267871812 ], [ 3421298.147021368611604, 1843952.666888559469953 ], [ 3421321.890252531971782, 1843936.553871206240728 ], [ 3421352.868940515443683, 1843915.52575440146029 ], [ 3421358.403298757039011, 1843927.166239834856242 ], [ 3421383.898050029762089, 1843912.193220906890929 ], [ 3421377.084387142211199, 1843896.602023067185655 ], [ 3421393.527336327824742, 1843882.077848726883531 ], [ 3421419.894770556595176, 1843943.037770757451653 ], [ 3421434.175326424650848, 1843921.866831992985681 ], [ 3421450.577404330484569, 1843907.077272572321817 ], [ 3421451.40138971991837, 1843910.579651840263978 ], [ 3421456.049971446860582, 1843909.533347235061228 ], [ 3421463.704307165928185, 1843916.848347021033987 ], [ 3421501.193126320838928, 1843903.033666857285425 ], [ 3421516.190251084975898, 1843910.355894568609074 ], [ 3421526.631656233221292, 1843949.771435482427478 ], [ 3421544.569197341799736, 1843943.568022260209545 ], [ 3421546.450404114555568, 1843942.841461461037397 ], [ 3421565.244957907591015, 1843938.703292275080457 ], [ 3421566.13532926980406, 1843938.212220658781007 ], [ 3421567.025700642261654, 1843937.72114906529896 ], [ 3421599.549254751764238, 1843919.924364239443094 ], [ 3421603.707478313241154, 1843927.296447829110548 ], [ 3421608.053226687014103, 1843935.002169119659811 ], [ 3421615.54499245621264, 1843948.737659093923867 ], [ 3421627.855186062864959, 1843940.576620544074103 ], [ 3421638.354955141898245, 1843933.615703727118671 ], [ 3421646.904307516291738, 1843927.987811513943598 ], [ 3421655.00733882188797, 1843940.329594773706049 ], [ 3421667.80112374201417, 1843932.946418325416744 ], [ 3421650.770184563472867, 1843900.596763011766598 ], [ 3421628.581243964843452, 1843858.449656338663772 ], [ 3421664.660761459730566, 1843840.302748664049432 ], [ 3421671.188577394466847, 1843849.21685292921029 ], [ 3421685.998142404481769, 1843840.792265543248504 ], [ 3421694.617576562799513, 1843854.903130168793723 ], [ 3421684.055418915580958, 1843863.0439116100315 ], [ 3421686.272548687644303, 1843869.056473217671737 ], [ 3421682.665551863610744, 1843870.725861990824342 ], [ 3421688.301503885537386, 1843880.847105046268553 ], [ 3421692.085492171347141, 1843879.007092808140442 ], [ 3421693.869160205125809, 1843882.732758544851094 ], [ 3421723.033111567143351, 1843867.814381452510133 ], [ 3421724.74207805050537, 1843872.177570118103176 ], [ 3421692.759406626224518, 1843890.912487959722057 ], [ 3421703.880618458613753, 1843910.837285676505417 ], [ 3421775.921669284813106, 1843871.730327598052099 ], [ 3421745.331679630558938, 1843816.23246840457432 ], [ 3421783.518788201268762, 1843795.395713964710012 ], [ 3421850.729655605275184, 1843890.754735042108223 ], [ 3421851.379215651191771, 1843891.663529959972948 ], [ 3421853.784665460232645, 1843895.068886131281033 ], [ 3421881.313551995903254, 1843934.136825528927147 ], [ 3421874.350113984197378, 1843939.744733589934185 ], [ 3421869.987299192231148, 1843942.91112406575121 ], [ 3421918.850719339214265, 1844016.971474370453507 ], [ 3421924.944503652863204, 1844022.207483198028058 ], [ 3421923.554226547013968, 1844023.678992380388081 ], [ 3421922.267896553501487, 1844025.032472111517563 ], [ 3421917.176222889218479, 1844029.540061368839815 ], [ 3421913.34392288280651, 1844034.170730346580967 ], [ 3421910.147408716380596, 1844040.288372655631974 ], [ 3421908.380713404156268, 1844044.927819469943643 ], [ 3421904.433036355767399, 1844056.997943535447121 ], [ 3421901.567474894691259, 1844062.425309928134084 ], [ 3421900.600642126984894, 1844063.675174827920273 ], [ 3421899.40617479942739, 1844064.700716329272836 ], [ 3421898.041974543593824, 1844065.48241149331443 ], [ 3421896.370214550755918, 1844065.851554683642462 ], [ 3421890.820389765780419, 1844066.261610016226768 ], [ 3421886.060361037962139, 1844067.507907615741715 ], [ 3421876.875474843196571, 1844071.517578109400347 ], [ 3421867.965909427963197, 1844076.126648423727602 ], [ 3421846.916702324990183, 1844087.546250696992502 ], [ 3421838.581697947345674, 1844092.4528442628216 ], [ 3421829.080395165830851, 1844099.096217494225129 ], [ 3421820.048819985240698, 1844106.346843117615208 ], [ 3421789.664576143026352, 1844131.631049743620679 ], [ 3421783.948694528546184, 1844135.849430939182639 ], [ 3421777.881888806354254, 1844139.57174558728002 ], [ 3421769.39387261448428, 1844143.616630788659677 ], [ 3421749.9474559975788, 1844151.049232736928388 ], [ 3421742.318124400451779, 1844154.396610946860164 ], [ 3421734.786774489097297, 1844158.645136901875958 ], [ 3421724.496760340407491, 1844165.581219266867265 ], [ 3421719.277417563833296, 1844168.335686354432255 ], [ 3421714.637969035189599, 1844170.166953853797168 ], [ 3421705.116254400461912, 1844173.375810260418802 ], [ 3421700.642202927730978, 1844175.1592697952874 ], [ 3421686.801393711939454, 1844182.081799263134599 ], [ 3421675.144994684960693, 1844187.077826525783166 ], [ 3421669.853161688428372, 1844179.984254231443629 ], [ 3421667.245781435165554, 1844181.739237485919148 ], [ 3421659.599179391749203, 1844187.418462962144986 ], [ 3421653.910729364491999, 1844192.408622968010604 ], [ 3421680.338694434147328, 1844229.524751622928306 ], [ 3421686.394343497231603, 1844238.013504925416782 ], [ 3421733.46039979159832, 1844304.095995661569759 ], [ 3421749.148463401477784, 1844292.792770143132657 ], [ 3421752.113876070361584, 1844290.655535601777956 ], [ 3421771.303201380651444, 1844316.949564849957824 ], [ 3421750.433633567765355, 1844347.23284177086316 ], [ 3421748.465879276394844, 1844350.208401415031403 ], [ 3421747.507657040841877, 1844350.220485545229167 ], [ 3421742.601266958750784, 1844349.394234104081988 ], [ 3421737.638212479185313, 1844347.538970055291429 ], [ 3421737.270183309912682, 1844347.328047420363873 ], [ 3421733.167652538046241, 1844344.986680720001459 ], [ 3421728.802308037411422, 1844341.862356617115438 ], [ 3421722.074299843981862, 1844336.469858216587454 ], [ 3421712.911873588338494, 1844333.690761963604018 ], [ 3421705.778764736838639, 1844331.148375032702461 ], [ 3421703.905397021211684, 1844330.472331151366234 ], [ 3421700.256589480675757, 1844328.831719204317778 ], [ 3421688.013540456537157, 1844367.790664557367563 ], [ 3421688.113361669704318, 1844367.844614286907017 ], [ 3421694.207454997114837, 1844372.092509684851393 ], [ 3421704.381524342112243, 1844381.044624142115936 ], [ 3421709.105622645933181, 1844385.903802541084588 ], [ 3421715.201156049501151, 1844393.528845038963482 ], [ 3421717.687762022949755, 1844396.00826472742483 ], [ 3421722.686870136298239, 1844399.087530507938936 ], [ 3421730.288360288832337, 1844402.096340942662209 ], [ 3421741.336592689156532, 1844403.452442991314456 ], [ 3421752.296494857408106, 1844405.357505938503891 ], [ 3421758.780096068512648, 1844407.050271795131266 ], [ 3421765.040394539944828, 1844409.405314569128677 ], [ 3421769.167497282847762, 1844411.510702915722504 ], [ 3421773.008156364783645, 1844414.067078273044899 ], [ 3421775.475485276896507, 1844416.15651040757075 ], [ 3421776.973032711539418, 1844417.429494008654729 ], [ 3421783.227032144088298, 1844423.838468329515308 ], [ 3421786.368871088139713, 1844426.743114426964894 ], [ 3421790.596202496439219, 1844429.961000533308834 ], [ 3421795.100645785685629, 1844432.800028637750074 ], [ 3421802.684960940852761, 1844436.819912390550599 ], [ 3421810.565784042235464, 1844440.256067745387554 ], [ 3421817.386688678059727, 1844442.356438275426626 ], [ 3421824.435936027672142, 1844443.561807542573661 ], [ 3421830.664262010715902, 1844443.794870635261759 ], [ 3421836.872264626435935, 1844443.234938936540857 ], [ 3421841.916430945973843, 1844442.183155211620033 ], [ 3421851.998895565979183, 1844439.314433205174282 ], [ 3421856.758532783016562, 1844438.461267952807248 ], [ 3421860.528416850138456, 1844438.246793003287166 ], [ 3421868.823884104844183, 1844438.49865349708125 ], [ 3421872.821638801135123, 1844438.377296498976648 ], [ 3421876.886164600495249, 1844437.962522858055308 ], [ 3421889.050420016516, 1844436.198922926327214 ], [ 3421893.762812909204513, 1844435.89806023798883 ], [ 3421906.212031870614737, 1844435.720297209685668 ], [ 3421915.194319330621511, 1844434.688168167835101 ], [ 3421922.396970349363983, 1844433.125794261693954 ], [ 3421929.491837305016816, 1844431.127580060390756 ], [ 3421940.46042993105948, 1844427.476141873048618 ], [ 3421963.096209642942995, 1844419.361275711329654 ], [ 3421967.018902397248894, 1844418.224164012586698 ], [ 3421971.060043475590646, 1844417.591490973019972 ], [ 3421974.23024725401774, 1844417.708783094305545 ], [ 3421977.266955533996224, 1844418.543966777157038 ], [ 3421980.032304056920111, 1844420.059509339509532 ], [ 3421983.534599394071847, 1844423.125938290264457 ], [ 3421989.545208241790533, 1844430.331612384645268 ], [ 3421991.705882473383099, 1844432.54269517865032 ], [ 3421994.042485208250582, 1844434.180050361901522 ], [ 3421996.73053980153054, 1844435.194282787851989 ], [ 3422000.379339431412518, 1844435.514168848050758 ], [ 3422004.02982463221997, 1844435.117951157968491 ], [ 3422023.937685391865671, 1844430.814730538520962 ], [ 3422034.354175840504467, 1844431.10649454081431 ], [ 3422046.854473940562457, 1844429.609605828300118 ], [ 3422050.656446245498955, 1844429.339394873939455 ], [ 3422054.690528086852282, 1844429.453974340576679 ], [ 3422063.34447436966002, 1844430.250993719091639 ], [ 3422068.192901316098869, 1844429.776367707876489 ], [ 3422071.842679663095623, 1844428.583795421756804 ], [ 3422083.048224195837975, 1844423.763755363179371 ], [ 3422087.579764547757804, 1844422.35376715590246 ], [ 3422101.674005038104951, 1844418.464248729636893 ], [ 3422109.084079039283097, 1844416.201855871360749 ], [ 3422116.504285385366529, 1844413.675746166147292 ], [ 3422133.409409476444125, 1844407.503274742746726 ], [ 3422142.030139906331897, 1844404.716752495849505 ], [ 3422153.549688802566379, 1844402.001995095051825 ], [ 3422174.789804765023291, 1844398.162474242271855 ], [ 3422181.48238455504179, 1844397.249687954550609 ], [ 3422188.006389242596924, 1844396.95971262967214 ], [ 3422191.355673971120268, 1844397.248838705709204 ], [ 3422191.329640474636108, 1844397.343912025447935 ], [ 3422190.848529716022313, 1844400.559531436767429 ], [ 3422191.14950465131551, 1844415.259163197828457 ], [ 3422185.975848432630301, 1844416.85672668972984 ], [ 3422178.421814470551908, 1844418.3162535300944 ], [ 3422170.970175819471478, 1844420.242665726691484 ], [ 3422166.283667554613203, 1844421.900254545733333 ], [ 3422155.566552677191794, 1844426.326385827967897 ], [ 3422149.514314275234938, 1844428.029940101318061 ], [ 3422141.344024239107966, 1844428.987182297743857 ], [ 3422123.490878313779831, 1844429.530463282717392 ], [ 3422115.441615337505937, 1844430.6793787938077 ], [ 3422109.654392094351351, 1844432.651247376343235 ], [ 3422101.709131106734276, 1844436.918249524896964 ], [ 3422098.336392300203443, 1844438.457880980568007 ], [ 3422093.518960426095873, 1844439.925561827141792 ], [ 3422088.572455048561096, 1844440.819799271179363 ], [ 3422073.921392907388508, 1844442.281756701413542 ], [ 3422049.249667633324862, 1844443.910094951279461 ], [ 3422043.337585128843784, 1844444.41073153866455 ], [ 3422040.998870845884085, 1844444.608653124189004 ], [ 3422035.675270524807274, 1844445.233091805363074 ], [ 3422031.74879203364253, 1844445.685251167276874 ], [ 3422013.876486403867602, 1844448.21793147129938 ], [ 3422006.777172665577382, 1844448.865881195757538 ], [ 3421997.377547004260123, 1844448.707140148384497 ], [ 3421993.607636581175029, 1844448.195701852440834 ], [ 3421985.996722682379186, 1844446.841877036495134 ], [ 3421982.234229524619877, 1844446.510680778184906 ], [ 3421976.338516510557383, 1844446.786796689732 ], [ 3421970.493018842302263, 1844447.719863510690629 ], [ 3421964.353623575530946, 1844449.054848083062097 ], [ 3421958.383411537390202, 1844451.02697123051621 ], [ 3421953.405470950528979, 1844453.499358957400545 ], [ 3421945.224456977564842, 1844458.481159518938512 ], [ 3421940.580387213733047, 1844460.282943638041615 ], [ 3421934.908218813128769, 1844461.086330540245399 ], [ 3421916.889468159060925, 1844461.677451045718044 ], [ 3421906.065280891023576, 1844463.096988550852984 ], [ 3421893.950756347738206, 1844466.041985809803009 ], [ 3421892.283093489706516, 1844466.833902285201475 ], [ 3421890.834584536962211, 1844467.992501589469612 ], [ 3421882.459179636556655, 1844473.263685463462025 ], [ 3421877.98480713320896, 1844478.854479259811342 ], [ 3421873.478833925444633, 1844487.656021467177197 ], [ 3421872.437946507707238, 1844495.51501310383901 ], [ 3421873.745625212788582, 1844500.771679326659068 ], [ 3421875.114841444417834, 1844507.550567866535857 ], [ 3421875.875356988981366, 1844509.914175576763228 ], [ 3421876.512886548414826, 1844511.148912539938465 ], [ 3421877.363300795666873, 1844512.247375030536205 ], [ 3421878.400717196520418, 1844513.173545371042565 ], [ 3421879.581771017517895, 1844513.843907191418111 ], [ 3421885.56468765437603, 1844517.303769612917677 ], [ 3421889.235617059282959, 1844519.021361732622609 ], [ 3421893.135070383548737, 1844520.176629258785397 ], [ 3421902.763387997634709, 1844521.688473863760009 ], [ 3421908.229877417907119, 1844522.784408283885568 ], [ 3421910.474371802061796, 1844522.96512154256925 ], [ 3421913.231134845875204, 1844522.576583558926359 ], [ 3421915.825501237530261, 1844521.529613421531394 ], [ 3421918.405167626217008, 1844519.990970882587135 ], [ 3421923.548551885876805, 1844516.281174280680716 ], [ 3421926.943373947869986, 1844514.687533843331039 ], [ 3421928.243085755966604, 1844514.279521340737119 ], [ 3421929.592165445443243, 1844514.125420165248215 ], [ 3421930.943872200790793, 1844514.253178577171639 ], [ 3421932.234280441422015, 1844514.643196601653472 ], [ 3421933.4123067073524, 1844515.293899621814489 ], [ 3421935.024360389914364, 1844517.112410489004105 ], [ 3421936.168643137905747, 1844519.260874743107706 ], [ 3421938.026732900179923, 1844523.931854965165257 ], [ 3421939.460733019281179, 1844528.754220230737701 ], [ 3421939.839970477856696, 1844532.471725819632411 ], [ 3421939.932683593593538, 1844533.403997063403949 ], [ 3421939.138849419075996, 1844539.474523328011855 ], [ 3421939.068312448915094, 1844541.129542260197923 ], [ 3421939.63925951346755, 1844544.57325293100439 ], [ 3421941.515069915913045, 1844548.434820392169058 ], [ 3421943.914260439574718, 1844551.997400584165007 ], [ 3421946.803509608842432, 1844555.17600612482056 ], [ 3421950.034275281708688, 1844558.327981782611459 ], [ 3421963.08319684304297, 1844570.299819864565507 ], [ 3421978.818229354918003, 1844586.310824635671452 ], [ 3421985.728635713923723, 1844592.227479950292036 ], [ 3421994.593039645813406, 1844598.22189926635474 ], [ 3422014.904094690456986, 1844609.942210509208962 ], [ 3422024.715495522134006, 1844616.010808504186571 ], [ 3422025.625163541175425, 1844616.635630548698828 ], [ 3422033.816716693807393, 1844622.288519313326105 ], [ 3422035.859862501267344, 1844623.934418348129839 ], [ 3422042.429306491743773, 1844629.22228335775435 ], [ 3422048.456825368106365, 1844635.084237301955 ], [ 3422051.651795893907547, 1844638.201850078068674 ], [ 3422052.875462973024696, 1844639.611188769340515 ], [ 3422056.296720780432224, 1844643.538007492898032 ], [ 3422061.425149319227785, 1844649.438792997971177 ], [ 3422065.144987989217043, 1844653.719168523792177 ], [ 3422066.870638322085142, 1844655.5490099824965 ], [ 3422072.936282128561288, 1844661.989374754950404 ], [ 3422075.96402853820473, 1844665.40705276071094 ], [ 3422081.574775121174753, 1844672.921297868248075 ], [ 3422084.175903483293951, 1844677.266997754573822 ], [ 3422087.779250096529722, 1844683.300784830003977 ], [ 3422092.187323950231075, 1844688.484830371337011 ], [ 3422095.633472279645503, 1844691.318645264254883 ], [ 3422099.418643854558468, 1844693.71278171078302 ], [ 3422103.507853266783059, 1844695.703513965010643 ], [ 3422108.005780846811831, 1844697.575769253540784 ], [ 3422113.165978495497257, 1844699.720849435310811 ], [ 3422116.540852188132703, 1844701.628905527293682 ], [ 3422119.65975925186649, 1844703.922379159834236 ], [ 3422123.628781822510064, 1844707.576500603463501 ], [ 3422134.451154720503837, 1844719.021868685027584 ], [ 3422137.314044502563775, 1844721.831835279939696 ], [ 3422145.681132463738322, 1844730.076731554232538 ], [ 3422153.377288687042892, 1844736.870647690491751 ], [ 3422171.388171793427318, 1844751.746522883884609 ], [ 3422179.843339302111417, 1844759.573573435889557 ], [ 3422183.891209369990975, 1844763.607665499439463 ], [ 3422196.768362737260759, 1844776.444956062361598 ], [ 3422200.49660605750978, 1844780.713856033049524 ], [ 3422203.826379246544093, 1844785.301167002646253 ], [ 3422205.810855926945806, 1844788.811835261294618 ], [ 3422207.349070813972503, 1844792.527989835711196 ], [ 3422207.844031430780888, 1844794.421640597749501 ], [ 3422208.297957533970475, 1844796.180875752819702 ], [ 3422208.47823588643223, 1844797.219549061264843 ], [ 3422209.55453357193619, 1844803.482729961164296 ], [ 3422211.831534615717828, 1844809.223223892971873 ], [ 3422214.982558969873935, 1844814.102436962537467 ], [ 3422222.945774418767542, 1844824.148712014546618 ], [ 3422227.372219318524003, 1844830.509203681023791 ], [ 3422230.645471732597798, 1844835.852000099839643 ], [ 3422232.17896833922714, 1844838.348913605092093 ], [ 3422244.803301773965359, 1844860.241561592789367 ], [ 3422247.668406258802861, 1844864.452567388303578 ], [ 3422249.943949876353145, 1844866.815922220004722 ], [ 3422251.408866188023239, 1844867.943017335608602 ], [ 3422252.539468305185437, 1844868.813345443690196 ], [ 3422255.409083006903529, 1844870.412351019214839 ], [ 3422265.627109811175615, 1844874.961545284138992 ], [ 3422276.093484635464847, 1844878.945116062881425 ], [ 3422285.382980254478753, 1844881.360323881031945 ], [ 3422294.482680070679635, 1844884.391899407375604 ], [ 3422298.500346855726093, 1844886.182832853402942 ], [ 3422300.029070288874209, 1844886.865875859046355 ], [ 3422300.26148188021034, 1844886.988483724417165 ], [ 3422310.144847135525197, 1844892.137747603701428 ], [ 3422314.610686299391091, 1844894.065768347820267 ], [ 3422319.778467427007854, 1844895.665168560808524 ], [ 3422331.647029246203601, 1844898.386867633089423 ], [ 3422338.647821337915957, 1844901.193315065698698 ], [ 3422346.352100455202162, 1844906.322461386444047 ], [ 3422358.087386241182685, 1844916.234588275197893 ], [ 3422363.473205941263586, 1844920.439174818107858 ], [ 3422375.542971418239176, 1844928.561491569271311 ], [ 3422398.670350109227002, 1844941.798947937786579 ], [ 3422401.700100556015968, 1844943.381373631302267 ], [ 3422409.392130881547928, 1844947.398904642090201 ], [ 3422491.100238564424217, 1844853.383626607013866 ], [ 3422533.541149774566293, 1844812.037850128952414 ], [ 3423207.363779336679727, 1844004.198978918138891 ], [ 3423330.688227214850485, 1843847.564440019195899 ], [ 3423393.058187937829643, 1843783.748174148146063 ], [ 3423431.482694308739156, 1843722.910542687634006 ], [ 3423898.567856453359127, 1843144.09612656198442 ], [ 3423888.78445495152846, 1843100.358172722859308 ], [ 3423895.296552564948797, 1843010.557122058933601 ], [ 3423913.256344507448375, 1842975.306569087784737 ], [ 3423990.710083990357816, 1842857.565299150999635 ] ] ], [ [ [ 3421797.582207242958248, 1844002.566710416227579 ], [ 3421795.615407437086105, 1843999.206261891173199 ], [ 3421792.261831806972623, 1843997.855829181149602 ], [ 3421746.298177808523178, 1844020.194889593636617 ], [ 3421727.965266310144216, 1844028.726469614077359 ], [ 3421711.536243532784283, 1844036.626634341897443 ], [ 3421698.607090190518647, 1844043.740690973820165 ], [ 3421698.249103943817317, 1844043.937727412208915 ], [ 3421697.095535766333342, 1844044.812191775534302 ], [ 3421699.460333948489279, 1844048.370809277752414 ], [ 3421715.717768900096416, 1844072.765661186305806 ], [ 3421721.221357739064842, 1844068.353869256796315 ], [ 3421755.242284780368209, 1844119.527702064719051 ], [ 3421768.095677690114826, 1844110.719180785818025 ], [ 3421783.708108999766409, 1844100.101807868573815 ], [ 3421793.27902405243367, 1844093.754026118665934 ], [ 3421798.922001619823277, 1844090.07185536576435 ], [ 3421803.476093879435211, 1844087.243091705488041 ], [ 3421810.267223292030394, 1844082.933264346793294 ], [ 3421813.264759070705622, 1844081.112214017892256 ], [ 3421819.520009448286146, 1844076.612764957593754 ], [ 3421817.85512511851266, 1844072.668697430985048 ], [ 3421816.841942092403769, 1844069.610989273292944 ], [ 3421814.455636592581868, 1844058.339394944254309 ], [ 3421814.200311420485377, 1844057.171169241191819 ], [ 3421813.990611074026674, 1844056.023877409053966 ], [ 3421806.970263247843832, 1844033.152105404064059 ], [ 3421805.037210745271295, 1844026.406451926100999 ], [ 3421803.825887579936534, 1844022.413871229626238 ], [ 3421797.582207242958248, 1844002.566710416227579 ] ] ] ] } },
{ "type": "Feature", "properties": { "SITE_NAME": "Les Fontanelles", "ODESIGNATE": "Paraje Natural Municipal", "NUT2": 52, "SITE_CODE_": "ES523238", "DESIG_ABBR": "ES15", "SITE_CDDA": "555595656_CDDA", "Sup_ha": 86.498552307099999 }, "geometry": { "type": "Polygon", "coordinates": [ [ [ 3423353.74200459336862, 1845729.568303666543216 ], [ 3423309.195229870267212, 1845696.487189889186993 ], [ 3423282.017352083697915, 1845683.621598925208673 ], [ 3423250.708340507000685, 1845652.711745053995401 ], [ 3423216.617030966561288, 1845627.175163425737992 ], [ 3423203.949348616413772, 1845612.091944303130731 ], [ 3423210.201770927291363, 1845600.90130478516221 ], [ 3423212.006967581808567, 1845597.898717834381387 ], [ 3423222.282795209437609, 1845599.786847306648269 ], [ 3423253.690211459062994, 1845594.556938730878755 ], [ 3423274.286756813060492, 1845589.7762977310922 ], [ 3423299.865538524929434, 1845576.080359121784568 ], [ 3423316.075492704752833, 1845563.480761225568131 ], [ 3423331.880658710375428, 1845547.460209175245836 ], [ 3423323.767511467449367, 1845529.111273299669847 ], [ 3423323.324443520978093, 1845520.554962863679975 ], [ 3423324.47347599407658, 1845501.802975898841396 ], [ 3423322.436577794142067, 1845490.820177126210183 ], [ 3423319.654269117861986, 1845481.534395175054669 ], [ 3423310.587340197525918, 1845467.820492111844942 ], [ 3423305.580359485000372, 1845457.029908532043919 ], [ 3423305.211595127359033, 1845452.786404942860827 ], [ 3423304.639563331380486, 1845437.647973122773692 ], [ 3423306.6110282484442, 1845429.849037256324664 ], [ 3423308.499885372817516, 1845417.02296593063511 ], [ 3423307.494482772424817, 1845406.070053660310805 ], [ 3423303.877334190998226, 1845394.070091734174639 ], [ 3423288.778846953064203, 1845356.176164165372029 ], [ 3423285.142756662331522, 1845348.080985985929146 ], [ 3423282.988763116300106, 1845334.093207063851878 ], [ 3423284.337778585962951, 1845323.968172413762659 ], [ 3423287.438658454455435, 1845312.674394556088373 ], [ 3423292.146161408629268, 1845303.361270274268463 ], [ 3423300.262379598338157, 1845292.280890541616827 ], [ 3423249.928505104035139, 1845235.351977898506448 ], [ 3423222.14159432426095, 1845129.320800725370646 ], [ 3423223.107508118264377, 1845042.617677697679028 ], [ 3423283.802380333188921, 1844969.853160460945219 ], [ 3423312.327456268947572, 1844798.048573877196759 ], [ 3423482.447408564854413, 1844638.076415106188506 ], [ 3423483.985574177931994, 1844491.222259982256219 ], [ 3423447.165630832314491, 1844428.544980431441218 ], [ 3423247.761349858250469, 1844188.188065950758755 ], [ 3422664.203234434127808, 1845053.325996104162186 ], [ 3422535.987835531122983, 1845165.948656010674313 ], [ 3422205.067379551008344, 1845468.389598283451051 ], [ 3422287.122392135672271, 1845508.319981273496523 ], [ 3422297.874902177602053, 1845530.998216278851032 ], [ 3422325.62577897310257, 1845589.510115909855813 ], [ 3422422.678992448374629, 1845616.830506174359471 ], [ 3422424.549478409811854, 1845617.355806322302669 ], [ 3422546.067765885032713, 1845656.894535933388397 ], [ 3422543.531635736115277, 1845559.410709586692974 ], [ 3422582.077707636170089, 1845539.592519409256056 ], [ 3422588.061057181097567, 1845558.17528501409106 ], [ 3422606.763015998527408, 1845567.501907968660817 ], [ 3422664.130331051070243, 1845592.912625298602507 ], [ 3422747.351903895847499, 1845572.873313461430371 ], [ 3422742.206994220148772, 1845594.861944283591583 ], [ 3422933.982298052404076, 1845609.080956969410181 ], [ 3422949.51787301292643, 1845614.15608994406648 ], [ 3422963.470394663047045, 1845636.220778076909482 ], [ 3423056.65293092187494, 1845675.055204434320331 ], [ 3423103.196371010504663, 1845689.605764594394714 ], [ 3423126.096144098322839, 1845683.009815939469263 ], [ 3423143.655096104834229, 1845682.868448844412342 ], [ 3423188.087836840189993, 1845692.890964430756867 ], [ 3423193.562975318636745, 1845701.042871388839558 ], [ 3423226.53165137488395, 1845706.017957231961191 ], [ 3423253.530355576425791, 1845718.97384611167945 ], [ 3423307.690625268034637, 1845752.480550189502537 ], [ 3423387.923793348949403, 1845756.682837334927171 ], [ 3423354.45985618699342, 1845735.286155849695206 ], [ 3423352.06974068377167, 1845729.735867498442531 ], [ 3423353.74200459336862, 1845729.568303666543216 ] ] ] } },
{ "type": "Feature", "properties": { "SITE_NAME": "Les Salines", "ODESIGNATE": "Paraje Natural Municipal", "NUT2": 52, "SITE_CODE_": "ES523103", "DESIG_ABBR": "ES15", "SITE_CDDA": "349077_CDDA", "Sup_ha": 28.734487631299999 }, "geometry": { "type": "Polygon", "coordinates": [ [ [ 3409467.234575711656362, 1836515.386571863899007 ], [ 3409519.624794567935169, 1836458.905698321061209 ], [ 3409553.194868807215244, 1836453.780474185477942 ], [ 3409567.918784197419882, 1836440.925432903692126 ], [ 3409573.070553757250309, 1836415.484983704052866 ], [ 3409589.343181813135743, 1836369.281518676551059 ], [ 3409597.474156367592514, 1836359.156694347271696 ], [ 3409623.225331649184227, 1836341.468194023007527 ], [ 3409667.46924313204363, 1836311.945445978082716 ], [ 3409666.534304697066545, 1836274.89392535854131 ], [ 3409666.678724710829556, 1836269.818532199831679 ], [ 3409666.73041598778218, 1836268.105977493105456 ], [ 3409666.903597380500287, 1836261.896553727099672 ], [ 3409667.70190455717966, 1836233.714048912748694 ], [ 3409667.854105079080909, 1836228.425528855063021 ], [ 3409668.619901291560382, 1836215.362052430398762 ], [ 3409668.647109039127827, 1836214.944135266821831 ], [ 3409668.960937879513949, 1836209.652562136063352 ], [ 3409640.828505476936698, 1836193.864082805346698 ], [ 3409602.940280923619866, 1836164.728042445378378 ], [ 3409577.930966755375266, 1836132.753829386783764 ], [ 3409491.541491309646517, 1836141.959162515820935 ], [ 3409491.464886413887143, 1836119.754220600938424 ], [ 3409435.411923563573509, 1836099.112919847480953 ], [ 3409434.821713810320944, 1836008.449635394616053 ], [ 3409404.120180538855493, 1836007.59434677218087 ], [ 3409378.30584548227489, 1835994.71045585302636 ], [ 3409360.594411508645862, 1835994.354875099845231 ], [ 3409342.480136767029762, 1836000.684400880942121 ], [ 3409327.977399745024741, 1836008.775362331187353 ], [ 3409315.383942478336394, 1836007.566302764695138 ], [ 3409303.397637519519776, 1836007.201439470052719 ], [ 3409280.259072043001652, 1836024.295986470067874 ], [ 3409238.376442210748792, 1836037.425289681181312 ], [ 3409160.659733027219772, 1836062.67566891014576 ], [ 3409139.081619936041534, 1836089.909837729530409 ], [ 3409104.568391056265682, 1836151.749648584285751 ], [ 3409089.211806342937052, 1836182.200971495127305 ], [ 3409068.011253517121077, 1836221.19034089660272 ], [ 3409005.593257511034608, 1836281.976221785647795 ], [ 3408991.56175094563514, 1836311.733951882924885 ], [ 3408945.15797168854624, 1836334.294569678138942 ], [ 3408887.948073333129287, 1836404.372481935890391 ], [ 3408893.770028464496136, 1836431.754291691584513 ], [ 3408876.298311628401279, 1836461.163124090991914 ], [ 3408870.664418456610292, 1836484.908643685514107 ], [ 3408830.649081002920866, 1836519.4727503657341 ], [ 3408816.296839937567711, 1836522.338986112968996 ], [ 3408775.668393136467785, 1836534.314654764486477 ], [ 3408991.515490719117224, 1836550.790009026415646 ], [ 3409037.035972211509943, 1836546.994339735014364 ], [ 3409098.190048758406192, 1836544.359431554796174 ], [ 3409133.187201947439462, 1836542.304922366747633 ], [ 3409180.312384684570134, 1836541.537003615638241 ], [ 3409259.239041009917855, 1836534.993812697939575 ], [ 3409299.555201033130288, 1836537.755266359308735 ], [ 3409318.533582573756576, 1836510.402154864510521 ], [ 3409333.368084520101547, 1836495.16488842992112 ], [ 3409344.392625859007239, 1836492.380983917741105 ], [ 3409350.512021456379443, 1836491.833333192393184 ], [ 3409355.44839838379994, 1836492.900960037484765 ], [ 3409385.506585376802832, 1836517.669973523588851 ], [ 3409417.292456650175154, 1836535.059967994457111 ], [ 3409437.315760619472712, 1836519.430282209068537 ], [ 3409467.234575711656362, 1836515.386571863899007 ] ] ] } },
{ "type": "Feature", "properties": { "SITE_NAME": "Marjal y Estany de la Ribera Sur del Xuquer", "ODESIGNATE": "Zonas Húmedas", "NUT2": 52, "SITE_CODE_": "ES523161", "DESIG_ABBR": "ES50", "SITE_CDDA": "389355_CDDA", "Sup_ha": 3428.3145061800001 }, "geometry": { "type": "Polygon", "coordinates": [ [ [ 3426393.781298119574785, 1845312.79707296891138 ], [ 3426365.881521716248244, 1845335.779161363374442 ], [ 3426342.861982532776892, 1845356.779463370563462 ], [ 3426332.422262388747185, 1845369.011892419774085 ], [ 3426319.586711330339313, 1845384.042614887701347 ], [ 3426312.225679915398359, 1845391.639363497262821 ], [ 3426292.644252166152, 1845411.855682636843994 ], [ 3426266.791928722523153, 1845433.872085876064375 ], [ 3426264.80651784222573, 1845435.240948428632692 ], [ 3426238.12814465817064, 1845453.674756472930312 ], [ 3426232.815843045711517, 1845457.341480993665755 ], [ 3426206.574339080136269, 1845476.367902019526809 ], [ 3426200.497020625509322, 1845480.283047260716558 ], [ 3426178.433306965045631, 1845494.480662020854652 ], [ 3426156.046974671538919, 1845509.357160006882623 ], [ 3426118.903283727355301, 1845542.49793074419722 ], [ 3426089.113642729818821, 1845566.742661609547213 ], [ 3426082.906080737709999, 1845573.179672170663252 ], [ 3426077.751866181381047, 1845578.534006823319942 ], [ 3426076.138181305024773, 1845580.203853445826098 ], [ 3426057.403896878939122, 1845596.478836151072755 ], [ 3426039.469528594985604, 1845612.005608706735075 ], [ 3426017.110074742697179, 1845632.140323335304856 ], [ 3426016.082665062509477, 1845633.127952845999971 ], [ 3425994.002483520656824, 1845654.415932376869023 ], [ 3425982.437923279590905, 1845664.890148723730817 ], [ 3425971.355839678552002, 1845674.931203771615401 ], [ 3425956.770561500452459, 1845688.10605249600485 ], [ 3425946.282564633525908, 1845698.703546240227297 ], [ 3425935.443310940172523, 1845709.661865045316517 ], [ 3425919.45599309168756, 1845726.145040454808623 ], [ 3425914.270553337410092, 1845731.494541345862672 ], [ 3425897.176381365861744, 1845749.109660667134449 ], [ 3425896.552037155721337, 1845749.677344996249303 ], [ 3425888.777623904403299, 1845756.899487968534231 ], [ 3425882.38234579237178, 1845762.843570411670953 ], [ 3425872.323162585496902, 1845771.867556559387594 ], [ 3425871.134790448006243, 1845772.932396624935791 ], [ 3425849.318019294179976, 1845785.960212474688888 ], [ 3425838.784546697512269, 1845791.705949654569849 ], [ 3425834.20195424510166, 1845793.97093429043889 ], [ 3425809.698968497104943, 1845806.082574549363926 ], [ 3425810.219189661554992, 1845809.042981136357412 ], [ 3425820.656406990718096, 1845836.612711081281304 ], [ 3425821.519473858643323, 1845840.632802471984178 ], [ 3425820.828531226608902, 1845840.767979335971177 ], [ 3425815.517779689282179, 1845841.803226468386129 ], [ 3425790.255248080007732, 1845847.178191153798252 ], [ 3425771.951433485839516, 1845851.324051418807358 ], [ 3425769.195877397432923, 1845852.115539949852973 ], [ 3425754.909153824672103, 1845856.268201083177701 ], [ 3425729.833435065578669, 1845864.374412483768538 ], [ 3425706.830216966569424, 1845871.611400574911386 ], [ 3425700.512727149762213, 1845873.570381207158789 ], [ 3425681.939460489433259, 1845879.334000563947484 ], [ 3425657.008869745768607, 1845887.789037491893396 ], [ 3425636.185628267936409, 1845894.854745602468029 ], [ 3425631.306481219828129, 1845896.513817415805534 ], [ 3425610.281721322331578, 1845904.44987587723881 ], [ 3425598.952447797637433, 1845908.725285380845889 ], [ 3425585.634682697243989, 1845913.755149437347427 ], [ 3425563.570475626736879, 1845921.874255071626976 ], [ 3425562.488984028808773, 1845922.245840884745121 ], [ 3425539.025829332880676, 1845930.325735570397228 ], [ 3425528.87007309962064, 1845933.770667979028076 ], [ 3425520.665448592510074, 1845936.548022637376562 ], [ 3425499.131061384920031, 1845943.419573129853234 ], [ 3425478.592168411239982, 1845950.548955812351778 ], [ 3425460.03980718832463, 1845956.712401661090553 ], [ 3425449.717734264209867, 1845961.586416954407468 ], [ 3425448.277532365638763, 1845962.269766271580011 ], [ 3425439.85286544309929, 1845968.108211921993643 ], [ 3425431.293432630598545, 1845975.118420530343428 ], [ 3425419.251735971774906, 1845985.662296659080312 ], [ 3425406.020701000932604, 1845997.462761157657951 ], [ 3425403.599049277137965, 1845999.630213326076046 ], [ 3425389.352984614204615, 1846012.365880938712507 ], [ 3425384.28703834861517, 1846016.707608514232561 ], [ 3425372.221985764335841, 1846027.033704636851326 ], [ 3425354.187094131018966, 1846042.698790068272501 ], [ 3425333.705578244756907, 1846059.708802425069734 ], [ 3425314.736582607962191, 1846076.900558457477018 ], [ 3425311.081849784590304, 1846079.908455171156675 ], [ 3425299.812470931559801, 1846089.194672975689173 ], [ 3425297.687026077881455, 1846091.040618547005579 ], [ 3425296.394157608505338, 1846092.15313259861432 ], [ 3425285.373012954369187, 1846101.730734500335529 ], [ 3425282.884851535782218, 1846104.06050242157653 ], [ 3425280.547060458920896, 1846106.244255585363135 ], [ 3425278.494624244049191, 1846108.168785679154098 ], [ 3425268.515268050599843, 1846117.512473769951612 ], [ 3425252.711215007584542, 1846131.223427311051637 ], [ 3425239.146836123429239, 1846143.301307513611391 ], [ 3425229.818801585584879, 1846151.064637230942026 ], [ 3425219.652140024118125, 1846159.522086623357609 ], [ 3425198.757287369575351, 1846177.347114897333086 ], [ 3425179.472640749998391, 1846194.601643378380686 ], [ 3425158.432517937850207, 1846212.803766779834405 ], [ 3425134.396175400353968, 1846233.601859470363706 ], [ 3425130.571065970230848, 1846237.021266836440191 ], [ 3425116.583855708129704, 1846249.522497014608234 ], [ 3425101.462025329470634, 1846262.777218132512644 ], [ 3425097.225516436155885, 1846266.497006740421057 ], [ 3425077.011079463642091, 1846284.118157557211816 ], [ 3425059.030552505515516, 1846299.804726201109588 ], [ 3425055.725173598621041, 1846302.704101008363068 ], [ 3425047.115818538237363, 1846310.115988983539864 ], [ 3425038.489665605127811, 1846317.550841326359659 ], [ 3425032.780146557837725, 1846322.665215216809884 ], [ 3425023.393456371966749, 1846331.103817898081616 ], [ 3425013.913299593143165, 1846339.265611393144354 ], [ 3424999.208585701417178, 1846351.926713737426326 ], [ 3424981.991032837424427, 1846366.427732621319592 ], [ 3424965.862892913632095, 1846379.618219068972394 ], [ 3424947.79222092917189, 1846395.511460077716038 ], [ 3424930.711288908030838, 1846409.909124633995816 ], [ 3424915.776001105085015, 1846422.790155244991183 ], [ 3424904.37033433932811, 1846433.369622244732454 ], [ 3424897.912034439388663, 1846440.699593189172447 ], [ 3424900.910061347298324, 1846445.166804782813415 ], [ 3424902.824303395114839, 1846448.023806231329218 ], [ 3424914.346728097647429, 1846465.139799206750467 ], [ 3424927.113760307431221, 1846484.528631541412324 ], [ 3424939.231293080374599, 1846501.878151778364554 ], [ 3424951.01981141185388, 1846520.260398965096101 ], [ 3424956.593054763041437, 1846528.456449063727632 ], [ 3424963.88048106059432, 1846539.200126172509044 ], [ 3424969.205346334259957, 1846547.235891410149634 ], [ 3424976.515221191570163, 1846558.258025678107515 ], [ 3424990.156000373885036, 1846578.368446208769456 ], [ 3425002.573056009132415, 1846597.200563996797428 ], [ 3425014.359158249106258, 1846615.038801363436505 ], [ 3425026.930059786885977, 1846633.351295461412519 ], [ 3425036.346430602483451, 1846647.158206635387614 ], [ 3425037.351836946792901, 1846648.62126653897576 ], [ 3424995.974400455132127, 1846689.96294402773492 ], [ 3424973.256082395091653, 1846716.016288781771436 ], [ 3424946.93910889653489, 1846744.120724946958944 ], [ 3424919.343663555569947, 1846774.222471126355231 ], [ 3424889.383459118194878, 1846803.42749785259366 ], [ 3424868.563505071680993, 1846828.933044125791639 ], [ 3424849.01747813122347, 1846850.496282868552953 ], [ 3424839.115080253221095, 1846861.460765669588 ], [ 3424806.371123581659049, 1846897.017318181460723 ], [ 3424804.03724918840453, 1846899.755011977627873 ], [ 3424800.94816179620102, 1846903.00146397179924 ], [ 3424768.27952590957284, 1846937.991147090913728 ], [ 3424745.871142705902457, 1846961.170267926063389 ], [ 3424716.08911682292819, 1846995.558350005885586 ], [ 3424700.384826348163188, 1847013.941348465625197 ], [ 3424687.169794253539294, 1847024.852574828779325 ], [ 3424685.219191634096205, 1847026.447694041999057 ], [ 3424671.837157329078764, 1847039.443471133476123 ], [ 3424670.32036862289533, 1847041.147836224641651 ], [ 3424655.036884692963213, 1847058.170415008440614 ], [ 3424642.350920166354626, 1847072.582685183500871 ], [ 3424640.879060901235789, 1847074.249326105462387 ], [ 3424618.756891466211528, 1847097.965829199878499 ], [ 3424608.364524180535227, 1847111.492125838063657 ], [ 3424598.934372782241553, 1847122.287392731523141 ], [ 3424597.461002400144935, 1847123.944207532797009 ], [ 3424569.149976052343845, 1847154.085073626134545 ], [ 3424555.399638576433063, 1847167.858099351171404 ], [ 3424548.077528738416731, 1847176.628665656782687 ], [ 3424539.606796205975115, 1847183.685084650060162 ], [ 3424515.069673261605203, 1847211.261998400557786 ], [ 3424489.854097561910748, 1847240.111261021113023 ], [ 3424487.316106038168073, 1847241.39084512158297 ], [ 3424484.037344105076045, 1847244.527894349303097 ], [ 3424477.505691802129149, 1847249.981038400670514 ], [ 3424476.398120770696551, 1847252.494423521449789 ], [ 3424471.347141483798623, 1847265.514428996481001 ], [ 3424468.754931511357427, 1847273.769762096693739 ], [ 3424466.513436511624604, 1847286.150560861453414 ], [ 3424461.99308359855786, 1847307.500762077979743 ], [ 3424461.247397613711655, 1847311.637499418109655 ], [ 3424459.910823691170663, 1847316.558311271946877 ], [ 3424455.758338588755578, 1847334.752168033737689 ], [ 3424450.821993543300778, 1847358.551233971258625 ], [ 3424450.429044140968472, 1847360.885137459728867 ], [ 3424449.477634129114449, 1847365.00582541199401 ], [ 3424445.338722162880003, 1847384.740000026067719 ], [ 3424442.290529143996537, 1847404.030525768874213 ], [ 3424441.419187249150127, 1847409.529214551439509 ], [ 3424438.456846505403519, 1847424.954088463913649 ], [ 3424434.291159092448652, 1847444.118163962615654 ], [ 3424433.975697765592486, 1847446.096275415271521 ], [ 3424432.095335429068655, 1847455.936980677070096 ], [ 3424431.302058611530811, 1847459.69863445777446 ], [ 3424430.910773462615907, 1847461.911279682302848 ], [ 3424427.429362839087844, 1847482.151113708037883 ], [ 3424425.326892447657883, 1847500.51785077014938 ], [ 3424423.652738749980927, 1847510.838415960082784 ], [ 3424422.124631676822901, 1847517.222801423631608 ], [ 3424417.364098494872451, 1847537.937787726987153 ], [ 3424412.530868825502694, 1847561.679443172411993 ], [ 3424410.99557638168335, 1847570.524969503981993 ], [ 3424406.493436271324754, 1847589.946765205590054 ], [ 3424404.626592496410012, 1847600.007051876280457 ], [ 3424403.493843183852732, 1847604.732636466389522 ], [ 3424406.409238506574184, 1847612.373262684093788 ], [ 3424409.659691393375397, 1847626.743371459189802 ], [ 3424413.96849497500807, 1847649.305417954688892 ], [ 3424417.873457572422922, 1847666.07699435739778 ], [ 3424420.857052692212164, 1847681.156968210358173 ], [ 3424424.153501693159342, 1847696.618379479739815 ], [ 3424424.492999269627035, 1847700.60478480742313 ], [ 3424423.307630374096334, 1847703.867144592572004 ], [ 3424420.414519425015897, 1847709.178254576865584 ], [ 3424419.671913757920265, 1847710.030853019328788 ], [ 3424470.105609381571412, 1847721.470734162954614 ], [ 3424500.636001233942807, 1847728.38416615780443 ], [ 3424516.954988081008196, 1847732.411490584956482 ], [ 3424519.795266333501786, 1847762.799848507158458 ], [ 3424522.531705398112535, 1847785.583408791571856 ], [ 3424524.335891249123961, 1847800.597648619674146 ], [ 3424525.801029880996794, 1847816.182538155466318 ], [ 3424527.394455796573311, 1847830.818611265858635 ], [ 3424528.76540294662118, 1847844.604403981938958 ], [ 3424529.272249005734921, 1847860.106904377462342 ], [ 3424530.457171137910336, 1847864.829679660266265 ], [ 3424530.665756300091743, 1847865.127656918717548 ], [ 3424531.48866917565465, 1847866.311386750778183 ], [ 3424532.256686865817755, 1847867.403436270076782 ], [ 3424533.705958690028638, 1847868.230810841312632 ], [ 3424535.999288470018655, 1847868.927613961976022 ], [ 3424538.042449928820133, 1847869.716586839407682 ], [ 3424541.045002738479525, 1847870.991059267194942 ], [ 3424543.423140409402549, 1847872.238441610941663 ], [ 3424545.952777793630958, 1847874.46871037222445 ], [ 3424547.829914794769138, 1847877.876442296663299 ], [ 3424548.987756758928299, 1847881.56526582618244 ], [ 3424549.535437647253275, 1847885.516907171579078 ], [ 3424549.852552169002593, 1847888.367760463384911 ], [ 3424550.481553727760911, 1847893.969516267068684 ], [ 3424551.385484586469829, 1847904.657306417822838 ], [ 3424552.062483861111104, 1847917.963817122159526 ], [ 3424552.220597133506089, 1847921.103284394135699 ], [ 3424551.5427406122908, 1847941.390454211737961 ], [ 3424551.308941347524524, 1847955.120957084465772 ], [ 3424551.08173058880493, 1847969.092236327473074 ], [ 3424550.572558575309813, 1847982.949256964260712 ], [ 3424550.527618359774351, 1847984.307750253239647 ], [ 3424550.243321556132287, 1847998.107061973772943 ], [ 3424550.556134355254471, 1848019.610642066923901 ], [ 3424549.460009284317493, 1848040.350611921399832 ], [ 3424549.047150205355138, 1848052.588441387750208 ], [ 3424550.255296088755131, 1848062.610580160049722 ], [ 3424551.54480448551476, 1848069.332382668973878 ], [ 3424552.480651795864105, 1848076.727990026818588 ], [ 3424552.664107038639486, 1848082.605594768188894 ], [ 3424552.78019117238, 1848085.933546205051243 ], [ 3424553.00851977057755, 1848093.225265966029838 ], [ 3424552.875224381219596, 1848104.307509924750775 ], [ 3424552.621442845091224, 1848116.125754768727347 ], [ 3424552.920637808740139, 1848131.864524978213012 ], [ 3424552.219818751793355, 1848146.721378159942105 ], [ 3424550.405582857318223, 1848158.375930140726268 ], [ 3424549.058499753475189, 1848172.271695882314816 ], [ 3424546.501353779342026, 1848184.120641637360677 ], [ 3424543.879164097364992, 1848200.497242844896391 ], [ 3424541.541165131144226, 1848217.66324496967718 ], [ 3424539.000355382449925, 1848231.334357407642528 ], [ 3424536.607025292702019, 1848247.612367633497342 ], [ 3424534.044016799889505, 1848262.06341250333935 ], [ 3424532.923184500075877, 1848271.949137282092124 ], [ 3424531.679984847083688, 1848280.776445280993357 ], [ 3424531.271681168116629, 1848286.772773968754336 ], [ 3424528.947767146863043, 1848294.59035151777789 ], [ 3424531.967650617938489, 1848296.043307769112289 ], [ 3424549.05493476614356, 1848303.804102392634377 ], [ 3424562.321705576963723, 1848308.148171132663265 ], [ 3424581.459537047427148, 1848312.784817983862013 ], [ 3424603.343858217820525, 1848317.165655625518411 ], [ 3424616.319726417306811, 1848320.479384457226843 ], [ 3424629.497844582889229, 1848324.908706364920363 ], [ 3424632.255143598187715, 1848326.042535934830084 ], [ 3424640.351454078219831, 1848329.362259804503992 ], [ 3424655.801933402195573, 1848339.170117777306587 ], [ 3424671.982918079011142, 1848351.013922141399235 ], [ 3424696.576828737743199, 1848369.421613606624305 ], [ 3424718.647352971602231, 1848384.91230848361738 ], [ 3424737.234350269660354, 1848396.204237286234275 ], [ 3424756.081986723467708, 1848407.604001430561766 ], [ 3424771.668227198533714, 1848417.369111465290189 ], [ 3424783.180314036551863, 1848425.492042525205761 ], [ 3424782.463055570144206, 1848429.625907705165446 ], [ 3424777.594334886875004, 1848457.688826148631051 ], [ 3424776.958647629246116, 1848463.218064999440685 ], [ 3426394.752565000671893, 1848463.218064999440685 ], [ 3426394.752565000671893, 1845312.109419940505177 ], [ 3426393.781298119574785, 1845312.79707296891138 ] ] ] } },
{ "type": "Feature", "properties": { "SITE_NAME": "Muntanya de Llaurí", "ODESIGNATE": "Paraje Natural Municipal", "NUT2": 52, "SITE_CODE_": "ES523242", "DESIG_ABBR": "ES15", "SITE_CDDA": "555595660_CDDA", "Sup_ha": 218.42887436500001 }, "geometry": { "type": "Polygon", "coordinates": [ [ [ 3425486.75219488888979, 1841340.336258135968819 ], [ 3425399.140772448852658, 1841405.321588757447898 ], [ 3425282.343823921866715, 1841518.513012452749535 ], [ 3425209.166338244453073, 1841564.967330486280844 ], [ 3425096.151810134295374, 1841702.733459698501974 ], [ 3425069.18595302850008, 1841725.08595897234045 ], [ 3424950.067976820748299, 1841823.825914868386462 ], [ 3424786.072038919199258, 1841940.843743779696524 ], [ 3424653.91706133633852, 1842020.303035089047626 ], [ 3424439.679828355554491, 1842134.5964607631322 ], [ 3424379.626691203564405, 1842173.82822904502973 ], [ 3424341.535531991161406, 1842210.412731110583991 ], [ 3424306.97587959561497, 1842289.759094041772187 ], [ 3424286.495213244576007, 1842328.452995048603043 ], [ 3424226.645321437157691, 1842388.822178643895313 ], [ 3424158.426721970550716, 1842434.454678002046421 ], [ 3424072.060571535490453, 1842481.092151888879016 ], [ 3424054.350844373460859, 1842498.154075717087835 ], [ 3424051.197990611195564, 1842505.845239610876888 ], [ 3424043.262599598616362, 1842525.203402744606137 ], [ 3424032.174276317004114, 1842552.252762255491689 ], [ 3424029.852854557801038, 1842602.460619316902012 ], [ 3424028.181475006975234, 1842638.60926233464852 ], [ 3424026.510125477798283, 1842674.757918447256088 ], [ 3424024.188845026772469, 1842724.965837110765278 ], [ 3424009.442359153646976, 1842814.121084117330611 ], [ 3423990.710083990357816, 1842857.565299150999635 ], [ 3423913.256344507448375, 1842975.306569087784737 ], [ 3423895.296552564948797, 1843010.557122058933601 ], [ 3423888.78445495152846, 1843100.358172722859308 ], [ 3423898.567856453359127, 1843144.09612656198442 ], [ 3424085.315265859477222, 1843443.884810466552153 ], [ 3424189.503576532006264, 1843450.425192761933431 ], [ 3424250.988467410206795, 1843431.805783009855077 ], [ 3424288.229579318780452, 1843424.143927409080788 ], [ 3424314.549150494392961, 1843418.729014773853123 ], [ 3424341.767631475348026, 1843402.863911354215816 ], [ 3424374.677500064484775, 1843371.800906507531181 ], [ 3424403.115302317775786, 1843344.959018204826862 ], [ 3424448.727863326668739, 1843319.325808737659827 ], [ 3424540.453236213419586, 1843291.461077533196658 ], [ 3424634.26662054983899, 1843272.182928902097046 ], [ 3424699.608931664843112, 1843262.575445834780112 ], [ 3424748.574266339186579, 1843243.400694761425257 ], [ 3424789.400960872881114, 1843234.568167441757396 ], [ 3424843.331872992217541, 1843231.468425913946703 ], [ 3424907.925132016651332, 1843228.080882358364761 ], [ 3425034.433552213944495, 1843183.760351493023336 ], [ 3425051.43503088504076, 1843173.858344340696931 ], [ 3425065.53827937040478, 1843160.386074995854869 ], [ 3425083.723814689088613, 1843139.152224864345044 ], [ 3425097.827825342305005, 1843129.975069503067061 ], [ 3425096.754713345319033, 1843125.319104988360777 ], [ 3425087.808888912666589, 1843119.650391090195626 ], [ 3425065.953998410142958, 1843117.178828058531508 ], [ 3425039.009910649154335, 1843122.137529218336567 ], [ 3425018.955978285055608, 1843127.270021475851536 ], [ 3425000.662063752301037, 1843131.484433221397921 ], [ 3424984.970319227315485, 1843141.375128841493279 ], [ 3424964.066362008452415, 1843155.913929839851335 ], [ 3424939.958030033390969, 1843166.479667387902737 ], [ 3424914.243242995813489, 1843174.470028632553294 ], [ 3424910.468778598122299, 1843173.465062531176955 ], [ 3424907.01390356104821, 1843167.930815500905737 ], [ 3424901.847653911449015, 1843155.836277519818395 ], [ 3424888.044281315989792, 1843154.54495723429136 ], [ 3424748.880494390614331, 1843131.835843146778643 ], [ 3424732.690135638229549, 1843138.627524314448237 ], [ 3424729.904312534723431, 1843138.496410128194839 ], [ 3424728.298114792443812, 1843138.300009125843644 ], [ 3424713.720266658812761, 1843141.291238805744797 ], [ 3424698.263377767521888, 1843144.912602848140523 ], [ 3424684.112252332270145, 1843148.760318218031898 ], [ 3424670.06390056759119, 1843152.812626019585878 ], [ 3424654.58900577807799, 1843158.100460821995512 ], [ 3424652.463882943149656, 1843158.827205602312461 ], [ 3424649.064490323886275, 1843159.796399090904742 ], [ 3424636.134561814833432, 1843163.319787605898455 ], [ 3424621.373125061392784, 1843169.34581429627724 ], [ 3424609.136247165966779, 1843174.729836890473962 ], [ 3424608.811271992512047, 1843174.864581992849708 ], [ 3424602.808665776625276, 1843177.285225833300501 ], [ 3424600.027639931067824, 1843178.242129403864965 ], [ 3424597.730023398064077, 1843178.574266072828323 ], [ 3424594.833475122228265, 1843178.582570852246135 ], [ 3424592.942330602556467, 1843178.121077572694048 ], [ 3424590.766609650570899, 1843177.263465682743117 ], [ 3424588.335090182255954, 1843176.06523267715238 ], [ 3424584.343946585431695, 1843172.001425266964361 ], [ 3424582.895726327784359, 1843169.06689964630641 ], [ 3424581.822814167942852, 1843166.059720722492784 ], [ 3424581.604832101613283, 1843163.454740741988644 ], [ 3424581.612511897459626, 1843160.862505752593279 ], [ 3424581.885939246974885, 1843159.203946185996756 ], [ 3424587.81307883001864, 1843142.157666210550815 ], [ 3424593.313315586652607, 1843128.216893853154033 ], [ 3424596.832051928155124, 1843112.96276063635014 ], [ 3424598.069181309547275, 1843105.014320912072435 ], [ 3424598.247242557350546, 1843100.226198427379131 ], [ 3424598.091834739781916, 1843096.310287550557405 ], [ 3424598.108597680460662, 1843093.777032592101023 ], [ 3424598.083430197089911, 1843089.980584827018902 ], [ 3424598.711951164528728, 1843087.789089717902243 ], [ 3424600.389800250530243, 1843085.5439114109613 ], [ 3424607.109162356238812, 1843081.834514553425834 ], [ 3424618.120084169786423, 1843078.922915962990373 ], [ 3424629.263206797186285, 1843076.47312875604257 ], [ 3424636.320112256333232, 1843074.229865248315036 ], [ 3424644.270181198604405, 1843069.730797268915921 ], [ 3424655.559614736586809, 1843064.202166335424408 ], [ 3424664.136673856060952, 1843060.14314478635788 ], [ 3424671.349920321255922, 1843056.603595745516941 ], [ 3424681.046238932292908, 1843051.955019684974104 ], [ 3424694.055989731103182, 1843044.920097200432792 ], [ 3424701.162227174267173, 1843040.884210772113875 ], [ 3424703.393287587910891, 1843038.930058362195268 ], [ 3424705.455913782585412, 1843037.467691258993 ], [ 3424706.548202800564468, 1843035.844226178713143 ], [ 3424708.38935031555593, 1843021.383532054256648 ], [ 3424709.341056325472891, 1843009.86336316447705 ], [ 3424710.799707121215761, 1843003.420548518421128 ], [ 3424715.303502459079027, 1842996.480860861716792 ], [ 3424721.946765964850783, 1842990.757782764500007 ], [ 3424731.811102907638997, 1842983.36944338073954 ], [ 3424736.457996837329119, 1842980.993027437943965 ], [ 3424739.962279516272247, 1842978.658798797056079 ], [ 3424744.10199770424515, 1842973.615157071268186 ], [ 3424746.207725812215358, 1842968.474746003746986 ], [ 3424747.340212434064597, 1842963.052640512818471 ], [ 3424746.579715376719832, 1842953.781653208425269 ], [ 3424745.075874170288444, 1842950.77634283551015 ], [ 3424758.731952612753958, 1842942.061078633880243 ], [ 3424768.327956452500075, 1842946.008493900764734 ], [ 3424776.740124232135713, 1842949.7296317438595 ], [ 3424784.308632590807974, 1842953.187832517316565 ], [ 3424793.941167100332677, 1842957.109008351108059 ], [ 3424801.590720895212144, 1842961.027652509277686 ], [ 3424806.963740422856063, 1842963.500462950672954 ], [ 3424810.703798376489431, 1842965.206676701549441 ], [ 3424815.400628318544477, 1842966.390708300750703 ], [ 3424819.839244031347334, 1842967.285130080999807 ], [ 3424824.256602275650948, 1842968.172908102395013 ], [ 3424828.506663674488664, 1842969.955540005350485 ], [ 3424828.681934487074614, 1842970.037263702368364 ], [ 3424831.184250662103295, 1842971.959675022866577 ], [ 3424834.716361743398011, 1842974.75905789854005 ], [ 3424841.518006622325629, 1842977.9921534138266 ], [ 3424847.550109882373363, 1842979.659644569735974 ], [ 3424852.988415509928018, 1842981.103362231282517 ], [ 3424857.866515488363802, 1842983.003256185911596 ], [ 3424863.216054750606418, 1842984.794438413111493 ], [ 3424868.099213809706271, 1842986.925365329487249 ], [ 3424871.630238443613052, 1842988.726863647578284 ], [ 3424874.645899827126414, 1842990.483182030264288 ], [ 3424876.469405711162835, 1842991.298617188353091 ], [ 3424877.837290238589048, 1842991.927869339473546 ], [ 3424881.470074039883912, 1842992.805097442353144 ], [ 3424885.460209491662681, 1842992.634962633717805 ], [ 3424888.679500657599419, 1842991.81685496144928 ], [ 3424891.461514148395509, 1842990.66816885676235 ], [ 3424894.453773093409836, 1842989.696301317308098 ], [ 3424898.233000758104026, 1842989.278990304563195 ], [ 3424901.734721944667399, 1842989.371515737148002 ], [ 3424905.787257194519043, 1842989.937026800587773 ], [ 3424909.041427725926042, 1842990.534503718139604 ], [ 3424912.002050352282822, 1842991.140614317497239 ], [ 3424916.370421814732254, 1842990.917509046383202 ], [ 3424931.573812544345856, 1842990.141012938693166 ], [ 3424935.709634223487228, 1842989.926471988903359 ], [ 3424937.687511522322893, 1842989.829146204981953 ], [ 3424945.025129939895123, 1842988.748906800756231 ], [ 3424949.359232293441892, 1842987.775398201774806 ], [ 3424954.814900103956461, 1842986.292709887493402 ], [ 3424959.640487003140152, 1842984.945036956341937 ], [ 3424965.204691153950989, 1842983.242656114976853 ], [ 3424973.280871894676238, 1842981.676563255488873 ], [ 3424980.462055300828069, 1842980.703020107466727 ], [ 3424985.874829846899956, 1842979.933179070241749 ], [ 3424990.30860162852332, 1842977.955102703766897 ], [ 3424992.916466574184597, 1842975.807201452786103 ], [ 3424993.931246724911034, 1842973.349909437820315 ], [ 3424994.356774837709963, 1842968.782749763224274 ], [ 3424994.291182267013937, 1842965.648349632043391 ], [ 3424994.285084220580757, 1842965.014232094632462 ], [ 3424995.047365428414196, 1842961.379007916431874 ], [ 3424996.78152939863503, 1842959.235385401640087 ], [ 3425002.333508107345551, 1842954.944110532058403 ], [ 3425011.52317142765969, 1842951.892193489708006 ], [ 3425014.473111390601844, 1842951.239906626055017 ], [ 3425025.730702844448388, 1842948.741061328910291 ], [ 3425039.078629925847054, 1842945.753168633207679 ], [ 3425048.024176068603992, 1842944.153296778444201 ], [ 3425054.099199370015413, 1842943.656239475822076 ], [ 3425059.297756417188793, 1842943.476444435538724 ], [ 3425066.155208135489374, 1842943.504458533832803 ], [ 3425071.573608142323792, 1842943.762004286283627 ], [ 3425077.30789125803858, 1842943.825734966201708 ], [ 3425083.939665855839849, 1842943.840905597433448 ], [ 3425088.250947774853557, 1842944.171721499180421 ], [ 3425098.017236668616533, 1842946.64930723188445 ], [ 3425112.789609647355974, 1842950.471094486070797 ], [ 3425124.166463329456747, 1842954.031543649267405 ], [ 3425133.753422301262617, 1842958.51484602689743 ], [ 3425140.687676810659468, 1842962.411345569416881 ], [ 3425147.512628509663045, 1842965.993450602050871 ], [ 3425150.271134898066521, 1842967.268246604362503 ], [ 3425151.25722118280828, 1842967.729177056578919 ], [ 3425156.394236587919295, 1842969.263400140684098 ], [ 3425161.861860832199454, 1842970.500644084764645 ], [ 3425166.290401507169008, 1842971.527834033593535 ], [ 3425171.249806623440236, 1842971.841519528534263 ], [ 3425178.60557554429397, 1842972.068892768817022 ], [ 3425188.819649155717343, 1842971.840710313990712 ], [ 3425197.853418210055679, 1842971.607344277435914 ], [ 3425204.455968046095222, 1842971.829024455044419 ], [ 3425208.826056361198425, 1842972.079493372468278 ], [ 3425212.697425517253578, 1842972.392904270673171 ], [ 3425217.813053937163204, 1842973.325806488515809 ], [ 3425221.777022651396692, 1842973.976556105772033 ], [ 3425234.724756512790918, 1842979.816003461368382 ], [ 3425250.803387867752463, 1842988.491387746762484 ], [ 3425250.903206938877702, 1842988.545344651676714 ], [ 3425262.226704625412822, 1842995.85471406346187 ], [ 3425270.541065116412938, 1843002.374882525531575 ], [ 3425272.770695036277175, 1843000.148512419080362 ], [ 3425238.176438064780086, 1842958.312663928372785 ], [ 3425221.625400462653488, 1842931.640189988072962 ], [ 3425179.547501710243523, 1842874.214197825174779 ], [ 3425178.220197928603739, 1842872.197127577615902 ], [ 3425165.450096277520061, 1842859.452683492330834 ], [ 3425162.154030369594693, 1842845.040613209828734 ], [ 3425151.508233847562224, 1842847.286356007214636 ], [ 3425150.275878534186631, 1842843.045649646082893 ], [ 3425138.450394236948341, 1842845.487735262140632 ], [ 3425128.502002972643822, 1842834.098408934660256 ], [ 3425120.933144371956587, 1842826.607639364665374 ], [ 3425110.518745541572571, 1842814.701070062583312 ], [ 3425107.29682316724211, 1842816.426917016273364 ], [ 3425103.269605803769082, 1842812.590882688760757 ], [ 3425099.756255548913032, 1842806.28012419003062 ], [ 3425094.245598679408431, 1842803.507581599522382 ], [ 3425089.457222817465663, 1842796.773800256662071 ], [ 3425073.64026450086385, 1842804.265641732607037 ], [ 3425057.651655287016183, 1842810.576288594864309 ], [ 3425041.717922429554164, 1842815.658057241467759 ], [ 3425022.905158682726324, 1842818.154249864630401 ], [ 3424995.425249890889972, 1842819.16946570854634 ], [ 3424980.667598105501384, 1842817.028748346492648 ], [ 3424965.588598607107997, 1842810.687247860943899 ], [ 3424947.641018379479647, 1842813.452815482160076 ], [ 3424922.121746581513435, 1842819.807532762410119 ], [ 3424898.057531145401299, 1842827.754816129105166 ], [ 3424894.388535091653466, 1842829.151836828095838 ], [ 3424864.682537734974176, 1842845.03470256109722 ], [ 3424836.03326365724206, 1842850.871958512580022 ], [ 3424834.749532629735768, 1842870.20997953787446 ], [ 3424802.740374232642353, 1842868.289477863814682 ], [ 3424804.542187409009784, 1842858.130095345666632 ], [ 3424794.956648970022798, 1842859.403030936839059 ], [ 3424786.361299509648234, 1842858.918285180348903 ], [ 3424779.698467880487442, 1842859.361990313977003 ], [ 3424776.213205521926284, 1842860.698199576698244 ], [ 3424766.397104419767857, 1842857.170507345115766 ], [ 3424749.285043480340391, 1842844.291990992380306 ], [ 3424723.24090211559087, 1842842.679109753109515 ], [ 3424663.871765296440572, 1842840.967906159115955 ], [ 3424652.898320636246353, 1842848.087176726199687 ], [ 3424609.797938793897629, 1842875.706587065011263 ], [ 3424549.995709815528244, 1842921.450160056818277 ], [ 3424520.247575905639678, 1842928.075581924524158 ], [ 3424524.886852473951876, 1842964.172205209964886 ], [ 3424487.118808683473617, 1842989.824172923108563 ], [ 3424425.197149009909481, 1843027.281141186598688 ], [ 3424403.524459375534207, 1843031.806390598649159 ], [ 3424395.978660208638757, 1843031.005894016707316 ], [ 3424384.671480175107718, 1843029.813265197211877 ], [ 3424380.64133648853749, 1843037.91420930577442 ], [ 3424371.870215465780348, 1843056.895755304256454 ], [ 3424334.614676643628627, 1843040.313579838257283 ], [ 3424291.122786546126008, 1843055.810346696292982 ], [ 3424253.136629236862063, 1843071.207100508967414 ], [ 3424196.917958355043083, 1843082.894736159127206 ], [ 3424175.865969608537853, 1843025.003375234780833 ], [ 3424176.950417928397655, 1843015.931008984101936 ], [ 3424221.392554464749992, 1842987.583464723313227 ], [ 3424253.324858356267214, 1842965.885415288852528 ], [ 3424246.073377860710025, 1842947.312769786687568 ], [ 3424245.213015395216644, 1842945.026429735589772 ], [ 3424201.501252461690456, 1842828.241135333431885 ], [ 3424299.003036668524146, 1842769.729018384823576 ], [ 3424313.086485150735825, 1842738.622385918861255 ], [ 3424357.845721011050045, 1842715.636169772129506 ], [ 3424372.168885641731322, 1842714.623038845602423 ], [ 3424374.724801032338291, 1842714.449539793422446 ], [ 3424401.742222619708627, 1842712.543104937532917 ], [ 3424408.511092117521912, 1842712.061537662986666 ], [ 3424441.916205085813999, 1842709.706767067546025 ], [ 3424456.239370746538043, 1842708.693666624836624 ], [ 3424456.803544416092336, 1842708.660249313572422 ], [ 3424458.382752435747534, 1842708.548512968234718 ], [ 3424481.316220290027559, 1842706.928826419403777 ], [ 3424497.098012065980583, 1842705.813994707772508 ], [ 3424520.63099213084206, 1842708.419302088674158 ], [ 3424563.665755753871053, 1842704.814553332747892 ], [ 3424564.373859266284853, 1842706.904537693131715 ], [ 3424572.29137605894357, 1842705.495861338917166 ], [ 3424600.530550771392882, 1842702.740990370046347 ], [ 3424653.638714684639126, 1842703.014361924957484 ], [ 3424693.460275033954531, 1842704.098139041103423 ], [ 3424713.243480624631047, 1842696.016466389177367 ], [ 3424719.485790804959834, 1842694.029823141172528 ], [ 3424741.394040073733777, 1842685.22145866509527 ], [ 3424761.1151417423971, 1842684.993532222928479 ], [ 3424790.086138758808374, 1842687.389397219056264 ], [ 3424812.641909479163587, 1842684.108838815707713 ], [ 3424840.794562398921698, 1842679.14054475305602 ], [ 3424947.364087924361229, 1842640.695306165376678 ], [ 3424922.604032717645168, 1842640.884815184166655 ], [ 3424912.127298820298165, 1842638.878332664724439 ], [ 3424906.686040915548801, 1842636.094252498354763 ], [ 3424902.344123114831746, 1842632.7239446551539 ], [ 3424894.248157537076622, 1842632.972636048914865 ], [ 3424884.10995108820498, 1842634.750843778718263 ], [ 3424878.927917371038347, 1842632.528507944894955 ], [ 3424897.735616022720933, 1842629.206460022367537 ], [ 3424898.13648151839152, 1842623.090980187756941 ], [ 3424913.614649466238916, 1842622.117594019742683 ], [ 3424911.288284940645099, 1842614.006338580045849 ], [ 3424907.162536330055445, 1842605.36778808850795 ], [ 3424906.259479950647801, 1842597.453145212726668 ], [ 3424909.538339154794812, 1842590.283924484159797 ], [ 3424917.038207834586501, 1842577.442135075107217 ], [ 3424919.28452959144488, 1842566.009042720776051 ], [ 3424923.022530356422067, 1842559.378478652564809 ], [ 3424929.581455521751195, 1842555.353048088494688 ], [ 3424936.600632852874696, 1842553.458949741208926 ], [ 3424946.05993170151487, 1842553.809944605221972 ], [ 3425038.979233996476978, 1842576.965456841513515 ], [ 3425064.079995670821518, 1842583.151170204859227 ], [ 3425064.170905809849501, 1842575.484350286656991 ], [ 3425041.15521130617708, 1842566.330445557134226 ], [ 3425030.938339330255985, 1842568.918129320256412 ], [ 3425026.37374822748825, 1842559.939382875803858 ], [ 3425026.103607460390776, 1842550.71962644578889 ], [ 3425033.810569047927856, 1842546.291539032012224 ], [ 3425048.700958280358464, 1842537.734112994046882 ], [ 3425060.148825475014746, 1842529.931205416563898 ], [ 3425064.577650005463511, 1842520.786321335704997 ], [ 3425054.707848837599158, 1842515.654462083010003 ], [ 3425043.240048969630152, 1842503.509888847358525 ], [ 3425033.55977507121861, 1842495.513614657567814 ], [ 3425010.739955804310739, 1842482.677742747124285 ], [ 3425010.714934767223895, 1842483.95397866377607 ], [ 3424997.569211944937706, 1842500.173856884008273 ], [ 3425001.238266707397997, 1842514.333579963073134 ], [ 3424985.986757692415267, 1842516.872031630249694 ], [ 3424969.78760583139956, 1842518.091483740834519 ], [ 3424951.187876493204385, 1842518.233048430643976 ], [ 3424936.230914547108114, 1842508.167806120123714 ], [ 3424937.689225835725665, 1842503.124726222362369 ], [ 3424939.147636939305812, 1842498.081630267668515 ], [ 3424944.594489311799407, 1842497.174988882616162 ], [ 3424950.041341765318066, 1842496.268348319688812 ], [ 3424952.12091005500406, 1842485.582943212473765 ], [ 3424954.200481214560568, 1842474.897539717610925 ], [ 3424969.163321014028043, 1842480.161445774836466 ], [ 3424984.126175355166197, 1842485.425453989300877 ], [ 3424984.899801484309137, 1842486.948334470856935 ], [ 3424986.150365478824824, 1842481.86089942837134 ], [ 3424988.229903796687722, 1842474.760355186648667 ], [ 3424990.265891457907856, 1842466.386621027486399 ], [ 3424990.961226856335998, 1842458.286523550050333 ], [ 3424991.082312999293208, 1842449.032007341273129 ], [ 3424991.578472530003637, 1842442.940914958016947 ], [ 3424992.713278802111745, 1842437.03599351271987 ], [ 3424993.908486257307231, 1842433.570699426112697 ], [ 3424996.763790603727102, 1842426.754387298831716 ], [ 3424998.058058539405465, 1842424.593270525336266 ], [ 3425001.812026618048549, 1842423.020841296762228 ], [ 3425002.358662108890712, 1842423.071003638906404 ], [ 3425006.831351523287594, 1842423.526194180361927 ], [ 3425010.756458432413638, 1842428.548660214524716 ], [ 3425015.300226212013513, 1842436.996550490381196 ], [ 3425019.917690115980804, 1842445.129834764171392 ], [ 3425021.851162259932607, 1842447.056095957290381 ], [ 3425023.809236987028271, 1842448.282746877986938 ], [ 3425028.614905111026019, 1842450.17456730036065 ], [ 3425038.302913458552212, 1842450.558099226793274 ], [ 3425044.754418603144586, 1842453.365608072141185 ], [ 3425049.072155660018325, 1842457.173450965899974 ], [ 3425055.138195442035794, 1842462.827579333912581 ], [ 3425060.114531638566405, 1842469.197281140368432 ], [ 3425067.275694068521261, 1842477.804362283553928 ], [ 3425074.686980228871107, 1842487.640071980655193 ], [ 3425079.193927232176065, 1842493.140244300477207 ], [ 3425083.666033677291125, 1842496.035234297858551 ], [ 3425090.926804559770972, 1842496.10706017841585 ], [ 3425094.290110942907631, 1842496.555444882716984 ], [ 3425099.493044808041304, 1842497.262118315557018 ], [ 3425106.996451497077942, 1842499.703018355416134 ], [ 3425113.721829884219915, 1842503.563824703218415 ], [ 3425120.143970017787069, 1842509.813882130896673 ], [ 3425128.240038916934282, 1842520.200899249408394 ], [ 3425131.335261553525925, 1842526.107511138543487 ], [ 3425132.573460166342556, 1842534.218489117687568 ], [ 3425134.212848174851388, 1842536.431315720779821 ], [ 3425139.083641950506717, 1842532.419022993883118 ], [ 3425144.375399047974497, 1842529.310432814061642 ], [ 3425150.792464663274586, 1842529.714229620993137 ], [ 3425152.050153070595115, 1842532.468843570211902 ], [ 3425177.704474325291812, 1842512.9863147335127 ], [ 3425217.92616521846503, 1842489.849387602880597 ], [ 3425220.850203855894506, 1842488.566320815589279 ], [ 3425223.284967612009495, 1842475.912337568588555 ], [ 3425255.251071349252015, 1842454.431811237707734 ], [ 3425218.530980582814664, 1842423.555324112996459 ], [ 3425218.239134365227073, 1842415.911909481743351 ], [ 3425214.064741419628263, 1842406.495222441153601 ], [ 3425207.328653429634869, 1842399.460552442353219 ], [ 3425204.811317070387304, 1842393.014290634309873 ], [ 3425205.230492357164621, 1842386.290825702948496 ], [ 3425209.279532426968217, 1842381.614760330179706 ], [ 3425211.947304339613765, 1842380.384328189771622 ], [ 3425211.482124361209571, 1842376.246323237428442 ], [ 3425217.666716806124896, 1842375.793101013172418 ], [ 3425227.630312583874911, 1842375.919211378786713 ], [ 3425236.466774754691869, 1842375.658269044943154 ], [ 3425240.95080491155386, 1842377.442337913438678 ], [ 3425245.542711185291409, 1842380.256915604928508 ], [ 3425251.355345332995057, 1842386.114533571293578 ], [ 3425256.269152759574354, 1842392.474485410377383 ], [ 3425261.291897559072822, 1842397.757865455467254 ], [ 3425266.844521094113588, 1842402.983204455347732 ], [ 3425269.606062580831349, 1842404.277774494374171 ], [ 3425270.02095897635445, 1842401.688385078217834 ], [ 3425271.276977830100805, 1842397.75933075346984 ], [ 3425275.524683655239642, 1842392.657038421137258 ], [ 3425283.509506756905466, 1842386.730974263045937 ], [ 3425290.346632074564695, 1842383.455868812510744 ], [ 3425300.151786844246089, 1842378.456790536642075 ], [ 3425313.555672008544207, 1842372.26400622073561 ], [ 3425313.991861654445529, 1842371.596614597830921 ], [ 3425304.659364528022707, 1842336.131632614182308 ], [ 3425372.656299884431064, 1842308.876394785707816 ], [ 3425392.657832582481205, 1842301.353807295672596 ], [ 3425397.097978786565363, 1842297.96348995808512 ], [ 3425410.569919869303703, 1842288.513248624047264 ], [ 3425435.863170488737524, 1842269.524659192655236 ], [ 3425332.087848467286676, 1842186.931709611555561 ], [ 3425368.984402873553336, 1842147.936403856379911 ], [ 3425447.197148538660258, 1842206.082650771830231 ], [ 3425452.940511664375663, 1842208.715707032475621 ], [ 3425460.761294179130346, 1842210.378005474805832 ], [ 3425471.273531152866781, 1842210.170938200782984 ], [ 3425521.745543670840561, 1842200.319302582880482 ], [ 3425557.617763312999159, 1842192.655694247223437 ], [ 3425558.372039422392845, 1842192.530172385508195 ], [ 3425558.153549252077937, 1842190.983767948346213 ], [ 3425557.656975514721125, 1842182.537725620903075 ], [ 3425557.948971023783088, 1842175.119804908055812 ], [ 3425559.116542116273195, 1842168.040079785743728 ], [ 3425561.791630180552602, 1842159.721517872530967 ], [ 3425566.436836421024054, 1842152.577116529457271 ], [ 3425572.400915116537362, 1842141.977245931513608 ], [ 3425574.660755881574005, 1842135.955858278088272 ], [ 3425576.48681124439463, 1842121.618823945755139 ], [ 3425576.640145217534155, 1842093.678625307744369 ], [ 3425576.26086631976068, 1842063.599106193054467 ], [ 3425580.825327057857066, 1842058.968316348502412 ], [ 3425589.345527969300747, 1842054.868739403318614 ], [ 3425600.297706719487906, 1842053.358597751008347 ], [ 3425606.981025007087737, 1842061.702459826832637 ], [ 3425611.451205402612686, 1842056.855495099443942 ], [ 3425630.318149728234857, 1842034.561426238855347 ], [ 3425646.685598678421229, 1842014.921462431550026 ], [ 3425652.88572004577145, 1841999.050185977714136 ], [ 3425660.960471616126597, 1841980.891136012738571 ], [ 3425658.988190247677267, 1841977.590085513424128 ], [ 3425676.496535896323621, 1841965.825216116383672 ], [ 3425684.457985129673034, 1841961.002076209289953 ], [ 3425697.547091079875827, 1841958.511338226730004 ], [ 3425708.658116558566689, 1841954.333520077867433 ], [ 3425715.983470169827342, 1841947.82187842624262 ], [ 3425717.634280438534915, 1841944.079223600914702 ], [ 3425722.526433970779181, 1841933.294684795197099 ], [ 3425727.570171308703721, 1841919.785369053483009 ], [ 3425732.614012841135263, 1841906.276040541939437 ], [ 3425728.410590830259025, 1841900.744295457843691 ], [ 3425722.916063492652029, 1841897.712210122961551 ], [ 3425717.421635252423584, 1841894.680108726490289 ], [ 3425717.944316200911999, 1841891.269950920948759 ], [ 3425718.4670814499259, 1841887.859678469132632 ], [ 3425722.756496503949165, 1841887.145897629903629 ], [ 3425727.045911607332528, 1841886.432117299642414 ], [ 3425733.605260600335896, 1841889.770810561254621 ], [ 3425739.070428502280265, 1841883.906451246934012 ], [ 3425741.384160723071545, 1841876.2126385406591 ], [ 3425738.97592388279736, 1841867.238030633190647 ], [ 3425734.245778515469283, 1841855.46412842720747 ], [ 3425729.499752648174763, 1841845.436923453584313 ], [ 3425724.717673072591424, 1841835.506449745269492 ], [ 3425721.575707069132477, 1841826.784895325545222 ], [ 3425713.889345946256071, 1841807.165945261018351 ], [ 3425709.011337938718498, 1841797.191554433899 ], [ 3425711.331030847504735, 1841799.395718728424981 ], [ 3425712.081869842484593, 1841800.178086851490662 ], [ 3425714.535422005690634, 1841802.642855864949524 ], [ 3425714.892687802203, 1841802.916086016222835 ], [ 3425718.289625796955079, 1841805.234053910011426 ], [ 3425719.231909798458219, 1841805.873570514610037 ], [ 3425719.74545404035598, 1841806.171201479621232 ], [ 3425720.217152925208211, 1841806.395145826973021 ], [ 3425721.343384334351867, 1841806.973909991327673 ], [ 3425721.478996755555272, 1841807.062237088801339 ], [ 3425722.387689951341599, 1841807.747769120149314 ], [ 3425723.387061677407473, 1841808.559349132934585 ], [ 3425724.351299535948783, 1841809.406918455380946 ], [ 3425725.536269330885261, 1841810.500132415676489 ], [ 3425726.489770602900535, 1841811.410076571628451 ], [ 3425726.945179846137762, 1841811.858518715249375 ], [ 3425727.320599372498691, 1841812.24970284756273 ], [ 3425729.196907367557287, 1841814.135085484012961 ], [ 3425729.919678415171802, 1841814.801149613689631 ], [ 3425730.679081012494862, 1841815.44095565751195 ], [ 3425731.150617847684771, 1841815.795983044663444 ], [ 3425731.715906615834683, 1841816.165552633116022 ], [ 3425732.201959078200161, 1841816.417352260556072 ], [ 3425732.824560530949384, 1841816.696835771435872 ], [ 3425733.721574493683875, 1841817.041549536399543 ], [ 3425735.481897345744073, 1841817.776910683140159 ], [ 3425735.725729551166296, 1841817.907717007678002 ], [ 3425736.818339893594384, 1841818.532300190767273 ], [ 3425738.422060218174011, 1841819.505426515359432 ], [ 3425740.824426099192351, 1841820.910204219864681 ], [ 3425742.259237024467438, 1841821.578656349796802 ], [ 3425743.330007741693407, 1841821.99526879680343 ], [ 3425745.057562057860196, 1841822.715920540038496 ], [ 3425745.566567854490131, 1841822.984063206473365 ], [ 3425745.73343596002087, 1841823.07727051503025 ], [ 3425747.141818039119244, 1841824.23401967366226 ], [ 3425748.425093368627131, 1841825.37136295507662 ], [ 3425748.686403918545693, 1841825.549667018465698 ], [ 3425749.456720263697207, 1841825.996113776462153 ], [ 3425749.868933380581439, 1841826.229956961935386 ], [ 3425750.950854879803956, 1841826.785750409355387 ], [ 3425751.693103191908449, 1841827.115893042180687 ], [ 3425752.645739815197885, 1841827.491676175734028 ], [ 3425753.417055607307702, 1841827.746413293993101 ], [ 3425754.404036421794444, 1841828.015669157728553 ], [ 3425755.204419692512602, 1841828.195000759558752 ], [ 3425756.00715319532901, 1841828.323535133851692 ], [ 3425756.825176844373345, 1841828.419281500624493 ], [ 3425757.431185098830611, 1841828.459476079791784 ], [ 3425758.462784710340202, 1841828.489439015509561 ], [ 3425759.343481760006398, 1841828.463862843811512 ], [ 3425760.358440446667373, 1841828.385701408144087 ], [ 3425761.377163039520383, 1841828.266588762635365 ], [ 3425762.518819315358996, 1841828.086694661295041 ], [ 3425762.855905209202319, 1841828.030602472601458 ], [ 3425767.92356939939782, 1841827.066251550102606 ], [ 3425770.104038082994521, 1841826.632846282795072 ], [ 3425776.569779541809112, 1841825.304796398850158 ], [ 3425780.666695955675095, 1841824.441595998127013 ], [ 3425782.050995790399611, 1841824.120513722067699 ], [ 3425782.461344803217798, 1841824.011905639898032 ], [ 3425794.217133910395205, 1841823.164445881266147 ], [ 3425794.830145113170147, 1841823.183414068305865 ], [ 3425795.188410342205316, 1841823.264935035491362 ], [ 3425795.65792095195502, 1841823.408594317734241 ], [ 3425796.244728168938309, 1841823.653709864942357 ], [ 3425798.36180309439078, 1841824.460764542454854 ], [ 3425798.559251483529806, 1841824.488396026892588 ], [ 3425799.463462987914681, 1841824.549538087332621 ], [ 3425800.36691511515528, 1841824.540338774444535 ], [ 3425801.272816639393568, 1841824.480325769633055 ], [ 3425802.179555611684918, 1841824.359686095034704 ], [ 3425803.077217740006745, 1841824.180069498484954 ], [ 3425803.958815210033208, 1841823.962801234563813 ], [ 3425804.172391207888722, 1841823.897018062416464 ], [ 3425805.624740425497293, 1841823.423475971212611 ], [ 3425806.41048183850944, 1841823.111264961073175 ], [ 3425807.188560080714524, 1841822.749923031311482 ], [ 3425807.93631924316287, 1841822.323057713452727 ], [ 3425808.518561060540378, 1841821.943897280143574 ], [ 3425809.080298947636038, 1841821.497580192517489 ], [ 3425809.614644227549434, 1841821.005415195599198 ], [ 3425809.897107037715614, 1841820.726544721750543 ], [ 3425810.420088197570294, 1841820.095133642898872 ], [ 3425810.805043770000339, 1841819.557258864166215 ], [ 3425811.125975180417299, 1841818.999794170958921 ], [ 3425811.402711013332009, 1841818.41944004711695 ], [ 3425811.661293192300946, 1841817.721132072852924 ], [ 3425811.783776661846787, 1841817.327745388029143 ], [ 3425815.148667459841818, 1841805.497117778751999 ], [ 3425815.407763047609478, 1841805.00034897448495 ], [ 3425815.480350867379457, 1841804.877376827877015 ], [ 3425815.895887047052383, 1841804.273926324676722 ], [ 3425816.26471520960331, 1841803.829466407885775 ], [ 3425816.764779488556087, 1841803.312762519111857 ], [ 3425817.2991250641644, 1841802.820597844198346 ], [ 3425819.195790619589388, 1841801.204512700904161 ], [ 3425822.773294802755117, 1841798.088906611781567 ], [ 3425823.105329301208258, 1841797.801787638105452 ], [ 3425825.277731712907553, 1841795.797058754367754 ], [ 3425825.55414356244728, 1841795.478870627470315 ], [ 3425825.977243937551975, 1841794.924567812355235 ], [ 3425826.270620985887945, 1841794.452338419156149 ], [ 3425826.51526406314224, 1841793.927731118630618 ], [ 3425826.882553100120276, 1841792.878654558677226 ], [ 3425827.0372922453098, 1841792.29843887174502 ], [ 3425827.281071384903044, 1841791.239670884795487 ], [ 3425827.442861463874578, 1841790.507063690572977 ], [ 3425827.506534760817885, 1841790.194031895371154 ], [ 3425827.867086118552834, 1841788.440492259804159 ], [ 3425828.054756032768637, 1841787.743903540773317 ], [ 3425828.235375038348138, 1841787.199706347193569 ], [ 3425828.569472189992666, 1841786.398102286737412 ], [ 3425829.648836654610932, 1841783.567135356366634 ], [ 3425829.692519181407988, 1841783.38848588638939 ], [ 3425829.987032041884959, 1841781.998677072348073 ], [ 3425830.121267481707036, 1841781.351304854033515 ], [ 3425830.93155835988, 1841777.234492831630632 ], [ 3425831.953358711209148, 1841772.245644257636741 ], [ 3425832.322810237761587, 1841770.682066479930654 ], [ 3425832.821388242766261, 1841768.834991299547255 ], [ 3425833.188002726063132, 1841767.715459081111476 ], [ 3425833.42205663677305, 1841767.12204567505978 ], [ 3425833.658973858691752, 1841766.67937401146628 ], [ 3425833.891865672543645, 1841766.408752800431103 ], [ 3425834.003273287322372, 1841766.339808449149132 ], [ 3425834.219037517905235, 1841766.354311229893938 ], [ 3425834.305810178630054, 1841766.432518556714058 ], [ 3425835.042573621030897, 1841773.687352328095585 ], [ 3425833.62977980915457, 1841787.763747927499935 ], [ 3425832.50260647200048, 1841796.560568233253434 ], [ 3425832.525681920349598, 1841805.629723099060357 ], [ 3425836.256777847651392, 1841818.245302416617051 ], [ 3425839.635764137841761, 1841835.576897466788068 ], [ 3425843.180047527421266, 1841849.423130256356671 ], [ 3425851.787137540988624, 1841861.943108038278297 ], [ 3425856.228505739942193, 1841869.924114144407213 ], [ 3425858.134984009899199, 1841885.020863051759079 ], [ 3425859.196481257677078, 1841898.393193679861724 ], [ 3425859.65802016062662, 1841908.064838419901207 ], [ 3425861.16101, 1841915.254482606891543 ], [ 3425860.154915017075837, 1841925.432458446128294 ], [ 3425849.879521949216723, 1841935.106480157002807 ], [ 3425842.058201753068715, 1841945.067748315166682 ], [ 3425832.425279601477087, 1841954.292110086418688 ], [ 3425823.216742860153317, 1841966.933866008883342 ], [ 3425816.962742939591408, 1841978.953026601811871 ], [ 3425811.985136797185987, 1841989.025719605153427 ], [ 3425803.294345327652991, 1841997.962270761840045 ], [ 3425794.147387003991753, 1842010.079759528627619 ], [ 3425783.591367971617728, 1842019.185567292850465 ], [ 3425773.424681588541716, 1842027.914075007662177 ], [ 3425768.438233371824026, 1842040.306947769830003 ], [ 3425764.389854687731713, 1842049.347965186461806 ], [ 3425763.80008175317198, 1842050.272770254872739 ], [ 3425762.434484672732651, 1842051.508140095043927 ], [ 3425754.729349832981825, 1842058.78867408959195 ], [ 3425747.491792931221426, 1842066.465222558472306 ], [ 3425742.228045355062932, 1842073.026979592628777 ], [ 3425734.707678537815809, 1842080.649783046916127 ], [ 3425726.952818898949772, 1842088.069661012850702 ], [ 3425719.063446360174567, 1842092.568196142325178 ], [ 3425712.407711706589907, 1842094.643667715368792 ], [ 3425710.88857891689986, 1842094.946870434097946 ], [ 3425709.451494614593685, 1842094.792843787232414 ], [ 3425701.656915865372866, 1842092.904347292613238 ], [ 3425693.544274588581175, 1842093.044709495035931 ], [ 3425682.590352089144289, 1842098.375923985382542 ], [ 3425672.733503340277821, 1842102.576939737191424 ], [ 3425663.952272734604776, 1842106.961790827801451 ], [ 3425653.809327099937946, 1842112.541151547804475 ], [ 3425645.700011885724962, 1842117.328340797917917 ], [ 3425637.065934550948441, 1842123.594176587415859 ], [ 3425630.31902589648962, 1842130.362453595502302 ], [ 3425629.557333840522915, 1842130.963027848629281 ], [ 3425626.523518639151007, 1842134.657808208838105 ], [ 3425621.128889404702932, 1842141.465789558598772 ], [ 3425616.457560744602233, 1842147.848549349466339 ], [ 3425613.225309738889337, 1842156.234212650451809 ], [ 3425612.428272210992873, 1842160.851107544964179 ], [ 3425611.693292863667011, 1842165.108157240319997 ], [ 3425642.568299667909741, 1842145.471902163000777 ], [ 3425643.982204221654683, 1842147.656121392734349 ], [ 3425649.061744275502861, 1842153.837284724926576 ], [ 3425657.998149102088064, 1842164.003934479318559 ], [ 3425664.154478515032679, 1842171.830622107023373 ], [ 3425672.621130306273699, 1842167.793491363758221 ], [ 3425676.442751931957901, 1842164.533275319030508 ], [ 3425693.805772429332137, 1842154.929662067443132 ], [ 3425710.531694157980382, 1842143.829258110839874 ], [ 3425730.65533103607595, 1842130.691491881152615 ], [ 3425737.61206663120538, 1842126.277482383651659 ], [ 3425744.784743186086416, 1842121.746991404565051 ], [ 3425747.745254397857934, 1842123.67374281049706 ], [ 3425781.978046074509621, 1842144.601071558892727 ], [ 3425803.138430473860353, 1842171.82709370390512 ], [ 3425811.969678407534957, 1842186.26545093418099 ], [ 3425832.3762211445719, 1842210.212784100556746 ], [ 3425837.548982032109052, 1842208.77394153829664 ], [ 3425846.650305288843811, 1842207.592002329882234 ], [ 3425859.248942078091204, 1842206.473291798960418 ], [ 3425872.684899648651481, 1842205.245393346296623 ], [ 3425888.590066228527576, 1842203.082485143328086 ], [ 3425905.403722428251058, 1842202.461957506136969 ], [ 3425916.29091254202649, 1842202.313483463367447 ], [ 3425922.87364243902266, 1842208.74858544790186 ], [ 3425926.949887168593705, 1842216.074698319192976 ], [ 3425934.185133945196867, 1842228.137355036800727 ], [ 3425933.963040423579514, 1842238.850266057765111 ], [ 3425932.167146713472903, 1842242.244058415992185 ], [ 3425926.903648768551648, 1842246.759265698725358 ], [ 3425919.508143267594278, 1842249.048448011279106 ], [ 3425910.502487356308848, 1842256.071671335026622 ], [ 3425908.054591054096818, 1842262.628486700123176 ], [ 3425908.017431960906833, 1842268.663167271530256 ], [ 3425908.768468781840056, 1842269.909242837689817 ], [ 3425910.712174042593688, 1842271.571808875072747 ], [ 3425912.974085276946425, 1842272.394983975216746 ], [ 3425917.186896332073957, 1842272.21817438211292 ], [ 3425926.328114170581102, 1842272.682833683677018 ], [ 3425943.778847929090261, 1842272.964420228963718 ], [ 3425958.237314458936453, 1842273.491909052245319 ], [ 3425968.614995053038001, 1842274.194500459823757 ], [ 3425980.386188666336238, 1842276.288190114079043 ], [ 3425988.253604126628488, 1842276.602003368549049 ], [ 3425993.028386909049004, 1842276.311423721956089 ], [ 3425998.878206976689398, 1842275.539617729140446 ], [ 3425999.414153002202511, 1842275.521003227448091 ], [ 3425999.706204753369093, 1842275.502648560795933 ], [ 3425999.957086639478803, 1842275.481063453946263 ], [ 3426000.458850412629545, 1842275.437893242109567 ], [ 3426000.959086169488728, 1842275.384795230580494 ], [ 3426001.447909924201667, 1842275.323615784291178 ], [ 3426002.182977762073278, 1842275.211379213957116 ], [ 3426002.668775744270533, 1842275.130540764890611 ], [ 3426005.065834079869092, 1842274.65101208165288 ], [ 3426006.267708348575979, 1842274.400609906995669 ], [ 3426006.978508190251887, 1842274.262167946901172 ], [ 3426007.700735166203231, 1842274.131905748974532 ], [ 3426008.186533156316727, 1842274.051067369990051 ], [ 3426008.673844032455236, 1842273.980058511020616 ], [ 3426009.164081540424377, 1842273.928725166944787 ], [ 3426009.72381790401414, 1842273.865826998604462 ], [ 3426010.304880514740944, 1842273.809360522776842 ], [ 3426010.897385386750102, 1842273.761172098340467 ], [ 3426011.481488897465169, 1842273.724462944781408 ], [ 3426012.076920398510993, 1842273.695950047578663 ], [ 3426012.672451042570174, 1842273.667420659214258 ], [ 3426013.25806744210422, 1842273.640541049418971 ], [ 3426014.455180273391306, 1842273.622800344368443 ], [ 3426015.053736688569188, 1842273.613930004416034 ], [ 3426016.856871220748872, 1842273.636483069742098 ], [ 3426018.654615033883601, 1842273.690076193073764 ], [ 3426019.862318062223494, 1842273.741142185870558 ], [ 3426021.359723026398569, 1842273.824650996131822 ], [ 3426021.522889600135386, 1842273.82774336845614 ], [ 3426022.439954610541463, 1842273.907009935704991 ], [ 3426023.330401798710227, 1842274.010868317447603 ], [ 3426024.21547339623794, 1842274.145864991704002 ], [ 3426025.086653771344572, 1842274.323397421976551 ], [ 3426025.730757720768452, 1842274.478329315781593 ], [ 3426026.589788300916553, 1842274.708390610292554 ], [ 3426027.221628182567656, 1842274.915769564220682 ], [ 3426027.867920964024961, 1842275.150987287983298 ], [ 3426028.50722612766549, 1842275.407530280062929 ], [ 3426029.139741958118975, 1842275.685365549754351 ], [ 3426029.997774615418166, 1842276.107136781327426 ], [ 3426030.416876698844135, 1842276.31967216078192 ], [ 3426031.0530791208148, 1842276.687524464912713 ], [ 3426031.663993450347334, 1842277.089929355774075 ], [ 3426032.24677707394585, 1842277.507096524117514 ], [ 3426032.812757979612797, 1842277.947222233051434 ], [ 3426033.343620563857257, 1842278.423435476375744 ], [ 3426033.856167547404766, 1842278.912777752382681 ], [ 3426034.351812672801316, 1842279.425095055717975 ], [ 3426034.809397721197456, 1842279.953726092120633 ], [ 3426035.402449602726847, 1842280.70186600019224 ], [ 3426035.818042995873839, 1842281.287991649704054 ], [ 3426036.206919432617724, 1842281.898725585080683 ], [ 3426036.704530621878803, 1842282.753478375496343 ], [ 3426037.059801639057696, 1842283.410129357129335 ], [ 3426037.346410738769919, 1842284.017718346556649 ], [ 3426037.603376255836338, 1842284.630240112077445 ], [ 3426037.769070570357144, 1842285.046142505481839 ], [ 3426037.914951528888196, 1842285.465442705433816 ], [ 3426038.041004003956914, 1842285.888042417587712 ], [ 3426038.167056480888277, 1842286.310642134863883 ], [ 3426038.273280474357307, 1842286.736541361548007 ], [ 3426038.359675983898342, 1842287.165740105090663 ], [ 3426038.402873741462827, 1842287.380339477909729 ], [ 3426038.469440768938512, 1842287.812837730860338 ], [ 3426038.492810041178018, 1842288.030736624496058 ], [ 3426038.538035701029003, 1842288.456704886863008 ], [ 3426038.551490732468665, 1842288.676253532990813 ], [ 3426038.576887911651284, 1842289.105521313147619 ], [ 3426038.572542365174741, 1842289.539738366613165 ], [ 3426038.556769691407681, 1842289.965775675140321 ], [ 3426038.521168536040932, 1842290.395112497964874 ], [ 3426038.428109838627279, 1842291.045716766500846 ], [ 3426038.256076164077967, 1842292.042043292662129 ], [ 3426037.929839705117047, 1842293.820224553579465 ], [ 3426037.671136020682752, 1842295.244405535981059 ], [ 3426037.39260390214622, 1842296.671886070165783 ], [ 3426037.180091619491577, 1842297.73553679860197 ], [ 3426036.891645347699523, 1842299.164667139295489 ], [ 3426036.65930464817211, 1842300.231617420911789 ], [ 3426036.42694884724915, 1842301.298469426110387 ], [ 3426036.183181073050946, 1842302.357239993521944 ], [ 3426035.931111118290573, 1842303.427473348332569 ], [ 3426035.667514918837696, 1842304.489543471019715 ], [ 3426035.295216287486255, 1842305.902383510023355 ], [ 3426031.94165089353919, 1842318.46710487594828 ], [ 3426031.858251732774079, 1842318.783420543419197 ], [ 3426030.310472946148366, 1842334.66864337050356 ], [ 3426027.60437882412225, 1842344.855430318741128 ], [ 3426022.578855639789253, 1842360.561360370833427 ], [ 3426022.775235772598535, 1842367.585467292228714 ], [ 3426027.109979244880378, 1842369.32397685945034 ], [ 3426030.632771116681397, 1842371.600748584838584 ], [ 3426016.2584333634004, 1842402.472085630754009 ], [ 3426024.801283804699779, 1842430.759520268300548 ], [ 3426202.632569189183414, 1842477.903517340542749 ], [ 3426168.681342172436416, 1842658.249449576484039 ], [ 3426179.405562292784452, 1842692.847650197800249 ], [ 3426181.73453535605222, 1842699.325354980072007 ], [ 3426187.514647685922682, 1842695.591162420110777 ], [ 3426197.06642799358815, 1842713.851356340805069 ], [ 3426199.763600940350443, 1842706.525684057502076 ], [ 3426199.434322491288185, 1842705.321828639134765 ], [ 3426199.228079937398434, 1842704.378263378283009 ], [ 3426199.069895437452942, 1842703.416619767202064 ], [ 3426198.959768993780017, 1842702.436897804029286 ], [ 3426198.890812329947948, 1842701.460406294558197 ], [ 3426198.869928855914623, 1842700.465934740146622 ], [ 3426198.898601273074746, 1842699.463116058846936 ], [ 3426198.976844715885818, 1842698.452048557344824 ], [ 3426199.096257945522666, 1842697.444211533525959 ], [ 3426199.255328000988811, 1842696.429775448283181 ], [ 3426199.463969083502889, 1842695.407090546796098 ], [ 3426199.713779956102371, 1842694.387636119499803 ], [ 3426200.114973113872111, 1842693.030471177771688 ], [ 3426200.276429500896484, 1842692.560027540894225 ], [ 3426200.75308909965679, 1842691.230730671901256 ], [ 3426201.125572930555791, 1842690.281594612868503 ], [ 3426201.666918080300093, 1842689.042245917255059 ], [ 3426202.096537770703435, 1842688.134008698398247 ], [ 3426202.688031368423253, 1842686.956884161802009 ], [ 3426203.323819831479341, 1842685.802632682258263 ], [ 3426203.993889813311398, 1842684.672920513199642 ], [ 3426204.695215398445725, 1842683.548088618554175 ], [ 3426205.439223744906485, 1842682.436316755833104 ], [ 3426206.603195252362639, 1842680.750597205013037 ], [ 3426208.162801050115377, 1842678.595791345229372 ], [ 3426209.50992726162076, 1842676.77878158329986 ], [ 3426210.601252917665988, 1842675.347101758467034 ], [ 3426211.718458868563175, 1842673.951440583681688 ], [ 3426212.858420058619231, 1842672.572155503323302 ], [ 3426213.729655620642006, 1842671.560289278626442 ], [ 3426214.919963559135795, 1842670.243195459712297 ], [ 3426215.846806905698031, 1842669.262300334172323 ], [ 3426216.788004209753126, 1842668.309260556241497 ], [ 3426217.762069206684828, 1842667.370914103463292 ], [ 3426219.109331631101668, 1842666.148678191239014 ], [ 3426219.576356602367014, 1842665.748362664831802 ], [ 3426220.135057999286801, 1842665.282385483384132 ], [ 3426220.683845199178904, 1842664.818058071192354 ], [ 3426221.527177527081221, 1842664.153397369198501 ], [ 3426222.090417809784412, 1842663.71690879855305 ], [ 3426222.948119214735925, 1842663.080201752251014 ], [ 3426223.808945680037141, 1842662.463137272046879 ], [ 3426224.977272539865226, 1842661.663847150513902 ], [ 3426226.159953342750669, 1842660.892412388930097 ], [ 3426227.674600967671722, 1842659.964924585772678 ], [ 3426228.587187941651791, 1842659.419897417770699 ], [ 3426229.521017149090767, 1842658.881416798103601 ], [ 3426230.148958057630807, 1842658.534974841633812 ], [ 3426230.776898972690105, 1842658.188532904954627 ], [ 3426231.414754097349942, 1842657.840441222768277 ], [ 3426232.288360752630979, 1842657.372469590278342 ], [ 3426233.849294447805732, 1842656.548174101160839 ], [ 3426234.961678563151509, 1842655.979981632437557 ], [ 3426236.089929555542767, 1842655.449474031105638 ], [ 3426237.005382474511862, 1842655.055189433507621 ], [ 3426237.694998067803681, 1842654.77913504303433 ], [ 3426238.387639565393329, 1842654.522739711916074 ], [ 3426238.86133203515783, 1842654.363265766762197 ], [ 3426239.337951263878495, 1842654.223467367701232 ], [ 3426239.806253249756992, 1842654.09503344562836 ], [ 3426240.285997520200908, 1842653.974877600092441 ], [ 3426240.53082675812766, 1842653.913974796421826 ], [ 3426241.160797062329948, 1842653.778902224032208 ], [ 3426241.979137271177024, 1842653.612484407611191 ], [ 3426242.393921810202301, 1842653.533381883287802 ], [ 3426243.637059913948178, 1842653.286195347318426 ], [ 3426244.05194359831512, 1842653.207076345803216 ], [ 3426245.712892149109393, 1842652.900446419836953 ], [ 3426246.127775836735964, 1842652.821327448124066 ], [ 3426246.949141955468804, 1842652.674568780232221 ], [ 3426250.275661950465292, 1842652.090683024376631 ], [ 3426251.523338928353041, 1842651.872985312016681 ], [ 3426252.761002561077476, 1842651.656953889643773 ], [ 3426253.592282902449369, 1842651.508545624092221 ], [ 3426254.422050298191607, 1842651.350307864136994 ], [ 3426255.668115201406181, 1842651.122797280317172 ], [ 3426256.082998901605606, 1842651.043678422225639 ], [ 3426258.144477311521769, 1842650.630074920132756 ], [ 3426258.233705164864659, 1842650.61522720544599 ], [ 3426258.489862431306392, 1842650.562520806444809 ], [ 3426261.898882190696895, 1842649.854014007141814 ], [ 3426262.953650457318872, 1842649.638173294719309 ], [ 3426263.740735161118209, 1842649.466875694924966 ], [ 3426264.519418607465923, 1842649.307057374389842 ], [ 3426265.306404175236821, 1842649.135776317212731 ], [ 3426265.827318265102804, 1842649.018851361237466 ], [ 3426266.614402978681028, 1842648.84755383245647 ], [ 3426266.880573600530624, 1842648.793181249173358 ], [ 3426267.401487694121897, 1842648.67625632067211 ], [ 3426267.66614537127316, 1842648.612054228084162 ], [ 3426267.922401788644493, 1842648.559331397991627 ], [ 3426268.186960324179381, 1842648.495145807974041 ], [ 3426268.707874420564622, 1842648.378220898797736 ], [ 3426269.501832327805459, 1842648.185516363941133 ], [ 3426270.076179882977158, 1842648.019374966388568 ], [ 3426271.126569469459355, 1842647.642962772166356 ], [ 3426271.146397881675512, 1842647.639663289068267 ], [ 3426273.539609145373106, 1842646.475252030184492 ], [ 3426273.728815605863929, 1842646.383280116831884 ], [ 3426275.092818533070385, 1842645.732894306303933 ], [ 3426275.773356630466878, 1842645.397863657213748 ], [ 3426276.325010046828538, 1842645.084279656410217 ], [ 3426276.752317612990737, 1842644.821630827849731 ], [ 3426277.173573404550552, 1842644.519663950661197 ], [ 3426277.56894901022315, 1842644.181678496534005 ], [ 3426277.96960085304454, 1842643.812571273418143 ], [ 3426278.472679940983653, 1842643.315526023274288 ], [ 3426279.165962207131088, 1842642.534798934822902 ], [ 3426279.600478415377438, 1842641.988675069995224 ], [ 3426280.213770662434399, 1842641.150689598871395 ], [ 3426280.771440123207867, 1842640.281634788960218 ], [ 3426281.296241959556937, 1842639.397886691382155 ], [ 3426281.786861509550363, 1842638.489582787267864 ], [ 3426282.244712578132749, 1842637.566569103160873 ], [ 3426283.113193247467279, 1842635.677993168123066 ], [ 3426283.950433583930135, 1842633.784635314252228 ], [ 3426284.797573102638125, 1842631.889529511565343 ], [ 3426285.396793997380883, 1842630.630472574848682 ], [ 3426286.631388794630766, 1842628.015611545182765 ], [ 3426287.430310321971774, 1842626.269667324610054 ], [ 3426288.010638720821589, 1842624.953266730997711 ], [ 3426288.742411309853196, 1842623.168089978862554 ], [ 3426289.465205499436706, 1842621.323919726535678 ], [ 3426290.611745276022702, 1842618.401212129276246 ], [ 3426291.463068556971848, 1842616.202972994651645 ], [ 3426293.17704352689907, 1842611.814691298874095 ], [ 3426295.458682594820857, 1842605.960999383125454 ], [ 3426296.595195141620934, 1842603.039860665332526 ], [ 3426297.730294135399163, 1842600.108876119600609 ], [ 3426298.581618538126349, 1842597.910637830151245 ], [ 3426299.434471137356013, 1842595.722327446565032 ], [ 3426300.285696666687727, 1842593.524105855729431 ], [ 3426300.854759454261512, 1842592.068443361902609 ], [ 3426301.696170135401189, 1842589.871855165576562 ], [ 3426308.528768999502063, 1842572.231990032130852 ], [ 3426313.915895655751228, 1842558.280548608861864 ], [ 3426315.080064711626619, 1842555.274161394452676 ], [ 3426316.069060165435076, 1842552.649767083581537 ], [ 3426316.980869917199016, 1842550.249922917922959 ], [ 3426318.858935818076134, 1842545.20940718613565 ], [ 3426320.704119654837996, 1842540.154100308427587 ], [ 3426322.746155733708292, 1842534.461263813544065 ], [ 3426324.309238289948553, 1842530.0174496085383 ], [ 3426324.375772510655224, 1842529.855159632861614 ], [ 3426324.75312082329765, 1842528.6733505546581 ], [ 3426325.089299377985299, 1842527.4883108579088 ], [ 3426325.485444879624993, 1842525.900124017847702 ], [ 3426325.756101665087044, 1842524.685762932524085 ], [ 3426326.22647263109684, 1842522.258562728529796 ], [ 3426326.515911566093564, 1842520.637725630775094 ], [ 3426326.73395645013079, 1842519.411855904851109 ], [ 3426326.953514286782593, 1842518.195815697545186 ], [ 3426327.18288723891601, 1842516.978142293868586 ], [ 3426327.432202941738069, 1842515.757251292234287 ], [ 3426327.694443600717932, 1842514.554271302884445 ], [ 3426328.09747802419588, 1842512.944776063552126 ], [ 3426328.130407086573541, 1842512.828402990475297 ], [ 3426328.349322825204581, 1842512.136694650631398 ], [ 3426328.570427658502012, 1842511.525272046215832 ], [ 3426329.063721376471221, 1842510.304007798666134 ], [ 3426329.147058303467929, 1842510.118759469827637 ], [ 3426329.369515500497073, 1842509.648249321617186 ], [ 3426329.574333336669952, 1842509.261324316961691 ], [ 3426329.782853165175766, 1842508.964514538180083 ], [ 3426329.962306493893266, 1842508.743110103998333 ], [ 3426330.164614093955606, 1842508.538065261207521 ], [ 3426330.446235470473766, 1842508.319822740973905 ], [ 3426330.997791365720332, 1842508.006257341010496 ], [ 3426331.570787763223052, 1842507.699205542216077 ], [ 3426332.526736846659333, 1842507.23769988422282 ], [ 3426333.900756780989468, 1842506.58565305522643 ], [ 3426334.927519216202199, 1842506.122445517452434 ], [ 3426335.67897164542228, 1842505.785699056461453 ], [ 3426336.225927386898547, 1842505.573711685836315 ], [ 3426336.719449440948665, 1842505.410940582863986 ], [ 3426337.228937362786382, 1842505.285837773699313 ], [ 3426337.645235563628376, 1842505.216566551243886 ], [ 3426338.064658727496862, 1842505.166937834583223 ], [ 3426338.480219313874841, 1842505.158276832429692 ], [ 3426338.90181641234085, 1842505.188835535896942 ], [ 3426339.308138929307461, 1842505.252280454384163 ], [ 3426339.899645244237036, 1842505.395804854808375 ], [ 3426340.56952943932265, 1842505.586774815339595 ], [ 3426341.222710151225328, 1842505.800686696311459 ], [ 3426342.067126304842532, 1842506.133996071526781 ], [ 3426342.896252743899822, 1842506.500093373702839 ], [ 3426343.709990326780826, 1842506.898995097493753 ], [ 3426344.708158962894231, 1842507.438488234765828 ], [ 3426345.892202676739544, 1842508.12861538073048 ], [ 3426347.473071085754782, 1842509.085392848355696 ], [ 3426350.385007889941335, 1842510.82870710035786 ], [ 3426351.866157058626413, 1842511.731509013101459 ], [ 3426353.037837735842913, 1842512.474099690327421 ], [ 3426354.182885581627488, 1842513.241183700039983 ], [ 3426355.291317493189126, 1842514.034623837564141 ], [ 3426356.110109359957278, 1842514.664553303970024 ], [ 3426356.913710664026439, 1842515.327254198724404 ], [ 3426357.690595126710832, 1842516.014563199831173 ], [ 3426358.201614576857537, 1842516.493979615159333 ], [ 3426359.183090962003917, 1842517.520251052919775 ], [ 3426359.279046764131635, 1842517.615177923580632 ], [ 3426360.009225369431078, 1842518.46147736441344 ], [ 3426360.701260009780526, 1842519.324205129640177 ], [ 3426361.356663598679006, 1842520.213190709240735 ], [ 3426361.973808953072876, 1842521.118522806093097 ], [ 3426362.336806406266987, 1842521.693239291431382 ], [ 3426362.552924619056284, 1842522.040365025168285 ], [ 3426363.113724767230451, 1842522.975336150731891 ], [ 3426363.756543373223394, 1842524.1789344556164 ], [ 3426364.250969831831753, 1842525.145112513797358 ], [ 3426365.047796897124499, 1842526.887533096829429 ], [ 3426366.310774501413107, 1842529.742075084010139 ], [ 3426368.293615392874926, 1842534.301438160939142 ], [ 3426369.885649496223778, 1842538.038681088481098 ], [ 3426371.449354941956699, 1842541.790719179436564 ], [ 3426372.934837711974978, 1842545.44346836139448 ], [ 3426373.711536535993218, 1842547.372213099850342 ], [ 3426374.419250525534153, 1842549.129562970949337 ], [ 3426375.118563266471028, 1842550.898392060305923 ], [ 3426376.048848837614059, 1842553.243643062654883 ], [ 3426376.746648779604584, 1842555.00264267809689 ], [ 3426379.723789605777711, 1842562.65280021703802 ], [ 3426380.635859263595194, 1842565.011163745075464 ], [ 3426381.536417864263058, 1842567.361462289001793 ], [ 3426382.215887578669935, 1842569.133492621360347 ], [ 3426382.895372473634779, 1842570.905621264362708 ], [ 3426383.441754754632711, 1842572.407541703665629 ], [ 3426383.97879995405674, 1842573.981584570137784 ], [ 3426384.640309716574848, 1842576.099365946603939 ], [ 3426385.119481790810823, 1842577.693120069801807 ], [ 3426386.583635376766324, 1842583.044480577809736 ], [ 3426387.303167566657066, 1842585.737420587800443 ], [ 3426387.896791203413159, 1842587.876579513773322 ], [ 3426388.510258481837809, 1842590.012537354137748 ], [ 3426388.999345172196627, 1842591.604641874087974 ], [ 3426389.692012027837336, 1842593.72732030460611 ], [ 3426389.884279286023229, 1842594.249796202871948 ], [ 3426389.888818063307554, 1842594.27928471006453 ], [ 3426390.331164557021111, 1842595.435591725865379 ], [ 3426390.688466438092291, 1842596.303612475749105 ], [ 3426391.207100821658969, 1842597.427062853006646 ], [ 3426391.763864018954337, 1842598.533986611291766 ], [ 3426392.358687146566808, 1842599.624596845591441 ], [ 3426393.144684572704136, 1842600.965671091107652 ], [ 3426393.805980512872338, 1842602.025057895574719 ], [ 3426394.668151556979865, 1842603.333193716825917 ], [ 3426394.752565000671893, 1842603.455076326383278 ], [ 3426394.752565000671893, 1842310.407115724636242 ], [ 3426323.300561904441565, 1842276.776730569079518 ], [ 3426306.546746015548706, 1842260.410676416708156 ], [ 3426297.807813934981823, 1842236.662053604843095 ], [ 3426312.087163644842803, 1842157.669757056748495 ], [ 3426305.582356471568346, 1842115.403551419498399 ], [ 3426269.300526613835245, 1842044.825017899507657 ], [ 3426232.85143840033561, 1841986.371474615996704 ], [ 3426197.982700677588582, 1841944.792815822176635 ], [ 3426136.043472986668348, 1841905.702513442141935 ], [ 3426117.928336157463491, 1841880.490143179427832 ], [ 3426097.341698480769992, 1841819.397043113363907 ], [ 3426086.04766689427197, 1841765.830798747716472 ], [ 3426029.887171119451523, 1841678.398067080881447 ], [ 3425676.981436653062701, 1841221.982921559363604 ], [ 3425652.63188046310097, 1841182.686627402203158 ], [ 3425576.076786063145846, 1841246.839330186368898 ], [ 3425486.75219488888979, 1841340.336258135968819 ] ] ] } },
{ "type": "Feature", "properties": { "SITE_NAME": "Nacimiento del Riu Verd", "ODESIGNATE": "Zonas Húmedas", "NUT2": 52, "SITE_CODE_": "ES523162", "DESIG_ABBR": "ES50", "SITE_CDDA": "389356_CDDA", "Sup_ha": 3.0798384014 }, "geometry": { "type": "Polygon", "coordinates": [ [ [ 3408297.407995082437992, 1847397.470625132322311 ], [ 3408296.419627716764808, 1847396.072688697138801 ], [ 3408295.969154263846576, 1847394.403448671102524 ], [ 3408295.856111709028482, 1847392.284502834780142 ], [ 3408296.682111319154501, 1847387.28621303383261 ], [ 3408299.356428236700594, 1847377.522340446012095 ], [ 3408299.846770128235221, 1847375.887546098092571 ], [ 3408297.49354860978201, 1847375.33257130975835 ], [ 3408295.741860067471862, 1847374.919199430849403 ], [ 3408295.551295604556799, 1847374.870338120963424 ], [ 3408279.253700970672071, 1847370.99644710146822 ], [ 3408273.859597319271415, 1847369.506064060609788 ], [ 3408238.286454304587096, 1847359.649093450512737 ], [ 3408236.733065262436867, 1847359.218654686352238 ], [ 3408235.713185832835734, 1847358.935122914612293 ], [ 3408205.35840859869495, 1847350.087434842251241 ], [ 3408193.093958210665733, 1847346.518359520006925 ], [ 3408181.121853132732213, 1847341.085457582725212 ], [ 3408170.083213320933282, 1847334.649671940831468 ], [ 3408154.64048729557544, 1847325.107155310921371 ], [ 3408140.75316208275035, 1847317.210878465790302 ], [ 3408128.097722248639911, 1847309.653499821200967 ], [ 3408127.574506827630103, 1847309.389312197454274 ], [ 3408120.279479074757546, 1847305.705142063554376 ], [ 3408112.791733275167644, 1847303.042792430147529 ], [ 3408105.670042629353702, 1847301.831843160791323 ], [ 3408102.741579016670585, 1847301.635089290561154 ], [ 3408099.401522733271122, 1847301.406204043887556 ], [ 3408089.663327349349856, 1847302.285825986182317 ], [ 3408086.182785444427282, 1847302.927454007091001 ], [ 3408081.289259025361389, 1847303.83521076804027 ], [ 3408073.293724227696657, 1847305.795357562601566 ], [ 3408065.1022121431306, 1847307.868793410481885 ], [ 3408064.262335, 1847308.201393935829401 ], [ 3408064.262335, 1847404.189829685492441 ], [ 3408070.559613307472318, 1847403.701611527707428 ], [ 3408072.699974160175771, 1847403.535904609365389 ], [ 3408083.825568724423647, 1847404.532026641536504 ], [ 3408086.435925132595003, 1847403.259286634391174 ], [ 3408096.970898316707462, 1847402.337296250276268 ], [ 3408111.624870119616389, 1847402.804917763220146 ], [ 3408126.362856889609247, 1847401.574481263291091 ], [ 3408137.198877499904484, 1847399.24099930585362 ], [ 3408148.236180583015084, 1847396.036943189566955 ], [ 3408156.897797781042755, 1847400.64105261140503 ], [ 3408171.295615625102073, 1847407.363132329657674 ], [ 3408181.623213609214872, 1847413.47391311195679 ], [ 3408185.996563059277833, 1847418.36047025769949 ], [ 3408191.441875582560897, 1847428.684697757242247 ], [ 3408191.078978665638715, 1847431.740141049493104 ], [ 3408187.339652272872627, 1847441.389389907475561 ], [ 3408184.680103121325374, 1847444.717399587621912 ], [ 3408177.733509761746973, 1847449.194779714103788 ], [ 3408173.619093960616738, 1847451.001048646401614 ], [ 3408167.633653577882797, 1847450.366809212835506 ], [ 3408161.905016566161066, 1847450.738342670723796 ], [ 3408159.376078762114048, 1847452.07815997581929 ], [ 3408151.950154753401875, 1847463.472458061296493 ], [ 3408149.307359383907169, 1847468.3606054156553 ], [ 3408155.431689937133342, 1847472.732910876628011 ], [ 3408161.164765970781446, 1847475.688274304615334 ], [ 3408159.350673014298081, 1847479.883458446245641 ], [ 3408154.291597323957831, 1847484.005419084569439 ], [ 3408151.300624617841095, 1847490.857579996576533 ], [ 3408147.655077102594078, 1847498.212292828829959 ], [ 3408144.563582863658667, 1847509.689556538360193 ], [ 3408139.791139863431454, 1847521.013819156214595 ], [ 3408136.397138502914459, 1847527.560156198451295 ], [ 3408137.381601951085031, 1847536.91497806366533 ], [ 3408137.458837805315852, 1847543.748970220331103 ], [ 3408135.228511540219188, 1847551.775006989017129 ], [ 3408132.510827675461769, 1847563.038518131477758 ], [ 3408130.363399464637041, 1847568.96341555356048 ], [ 3408132.88998576393351, 1847573.875911063747481 ], [ 3408137.757002878468484, 1847574.313649385469034 ], [ 3408147.673751296941191, 1847574.130150645505637 ], [ 3408156.614401426166296, 1847574.805502996081486 ], [ 3408161.713095859624445, 1847577.009618318872526 ], [ 3408164.218464242760092, 1847577.03497951477766 ], [ 3408170.089420274831355, 1847565.184370877221227 ], [ 3408173.297190395649523, 1847554.857444325229153 ], [ 3408174.289615447632968, 1847549.61958522698842 ], [ 3408164.118658139836043, 1847547.889201094862074 ], [ 3408154.692805767059326, 1847546.639478458790109 ], [ 3408148.610792542342097, 1847544.982810189714655 ], [ 3408145.464184704702348, 1847542.644317217869684 ], [ 3408145.132902287412435, 1847535.086345768300816 ], [ 3408146.329193527344614, 1847529.653107975609601 ], [ 3408149.284594585653394, 1847521.647211525356397 ], [ 3408152.503498905338347, 1847517.923293987754732 ], [ 3408157.414758147671819, 1847509.742158611072227 ], [ 3408165.623719560913742, 1847491.289683802053332 ], [ 3408172.293935725465417, 1847493.463293209206313 ], [ 3408181.653297334909439, 1847496.327490494120866 ], [ 3408185.893188226502389, 1847495.730528964661062 ], [ 3408187.697212630417198, 1847494.108362267492339 ], [ 3408189.312296986579895, 1847491.458909736247733 ], [ 3408191.16036958200857, 1847485.372335474472493 ], [ 3408195.776904304511845, 1847483.129303138703108 ], [ 3408204.312652218155563, 1847482.299152694176883 ], [ 3408210.336969217285514, 1847481.404313098406419 ], [ 3408213.378955245483667, 1847480.029172631911933 ], [ 3408214.820932487025857, 1847476.652416506083682 ], [ 3408217.15713719278574, 1847468.85074372519739 ], [ 3408220.459704373031855, 1847446.407454828498885 ], [ 3408222.639507851563394, 1847438.712567626265809 ], [ 3408224.313464702572674, 1847432.81641286239028 ], [ 3408231.185282640624791, 1847432.274223257321864 ], [ 3408237.261909364257008, 1847428.486621471354738 ], [ 3408237.365283763967454, 1847428.035750796552747 ], [ 3408238.205961222760379, 1847424.386266155634075 ], [ 3408240.098165958188474, 1847412.121000787476078 ], [ 3408288.947537754662335, 1847414.886105635436252 ], [ 3408292.492021350655705, 1847415.121212214929983 ], [ 3408298.362869584932923, 1847415.20989335491322 ], [ 3408301.377759794238955, 1847419.002316010184586 ], [ 3408301.648516881279647, 1847425.178770023165271 ], [ 3408299.298372769728303, 1847437.903563148109242 ], [ 3408296.474885453470051, 1847451.38310681283474 ], [ 3408294.196770777925849, 1847459.890935144852847 ], [ 3408288.572443851269782, 1847465.821416482096538 ], [ 3408279.840174390003085, 1847475.931225031148642 ], [ 3408274.960828015580773, 1847481.021382571430877 ], [ 3408273.315747893881053, 1847488.556315634166822 ], [ 3408272.522090749815106, 1847500.295246092835441 ], [ 3408273.393994544632733, 1847527.32552223210223 ], [ 3408274.642040389589965, 1847551.782085219398141 ], [ 3408271.416994494851679, 1847561.073317547561601 ], [ 3408267.694818980060518, 1847567.271059499122202 ], [ 3408265.657234780490398, 1847572.259954479988664 ], [ 3408266.463991540018469, 1847580.000631648115814 ], [ 3408267.556117027066648, 1847584.44680415536277 ], [ 3408264.637867107987404, 1847594.211098805069923 ], [ 3408261.808111891150475, 1847603.164082120172679 ], [ 3408262.465105736628175, 1847609.800447899848223 ], [ 3408263.259844441898167, 1847614.165072129340842 ], [ 3408266.077079514041543, 1847618.918125336058438 ], [ 3408272.042384298983961, 1847623.841357721015811 ], [ 3408279.07305253110826, 1847627.759851224487647 ], [ 3408285.49788957554847, 1847628.935872568050399 ], [ 3408286.983856078237295, 1847627.427305581280962 ], [ 3408286.513409926556051, 1847624.190298068337142 ], [ 3408286.726889095269144, 1847624.150324997492135 ], [ 3408295.129368708003312, 1847621.690957527607679 ], [ 3408297.750658457633108, 1847619.367655565496534 ], [ 3408300.940428983420134, 1847611.826851026620716 ], [ 3408302.186176647432148, 1847604.076215499546379 ], [ 3408301.336047838907689, 1847598.561172123765573 ], [ 3408299.450401485897601, 1847591.605541190132499 ], [ 3408286.725514102727175, 1847591.844432478770614 ], [ 3408283.971108387224376, 1847589.87407642044127 ], [ 3408283.527153225615621, 1847586.993657405488193 ], [ 3408282.48022426571697, 1847580.201748571358621 ], [ 3408280.479707201942801, 1847580.328676003031433 ], [ 3408280.079698132816702, 1847577.162701823748648 ], [ 3408280.095823818817735, 1847574.629010885255411 ], [ 3408280.519050395581871, 1847572.228941717650741 ], [ 3408282.672374171670526, 1847568.188898320076987 ], [ 3408286.042468509636819, 1847561.81799927726388 ], [ 3408286.247035024687648, 1847559.252751173451543 ], [ 3408284.905990705825388, 1847552.861674072220922 ], [ 3408281.97370548453182, 1847537.005413829581812 ], [ 3408281.964668472763151, 1847532.922979845898226 ], [ 3408283.18873086059466, 1847523.975968153681606 ], [ 3408284.52107057813555, 1847515.797439042013139 ], [ 3408284.59091226849705, 1847504.31042892858386 ], [ 3408284.47666179575026, 1847495.586828723317012 ], [ 3408284.575519640929997, 1847494.975367072969675 ], [ 3408284.981405143626034, 1847492.396783566335216 ], [ 3408285.791261942125857, 1847489.932176474481821 ], [ 3408287.476372667588294, 1847486.746771526988596 ], [ 3408291.209073565900326, 1847481.474917292362079 ], [ 3408297.492312097921968, 1847472.298402961343527 ], [ 3408302.193212601356208, 1847461.631409695371985 ], [ 3408306.572114489041269, 1847445.048618853092194 ], [ 3408306.59276357293129, 1847444.984667617594823 ], [ 3408309.196933227125555, 1847432.126713633304462 ], [ 3408311.823512049391866, 1847418.095273320563138 ], [ 3408312.290546738076955, 1847410.635996238328516 ], [ 3408311.81329826451838, 1847407.408199779223651 ], [ 3408311.772951290477067, 1847407.344346643192694 ], [ 3408310.242148871999234, 1847404.73611799813807 ], [ 3408309.732402970083058, 1847404.397680440219119 ], [ 3408306.401184257119894, 1847402.180853132391348 ], [ 3408304.372030156198889, 1847400.825563032180071 ], [ 3408297.407995082437992, 1847397.470625132322311 ] ] ] } },
{ "type": "Feature", "properties": { "SITE_NAME": "Ullals del Riu Verd", "ODESIGNATE": "Paraje Natural Municipal", "NUT2": 52, "SITE_CODE_": "ES523108", "DESIG_ABBR": "ES15", "SITE_CDDA": "555545979_CDDA", "Sup_ha": 2.26613657484 }, "geometry": { "type": "Polygon", "coordinates": [ [ [ 3408172.293935725465417, 1847493.463293209206313 ], [ 3408181.653297334909439, 1847496.327490494120866 ], [ 3408185.893188226502389, 1847495.730528964661062 ], [ 3408187.697212630417198, 1847494.108362267492339 ], [ 3408189.312296986579895, 1847491.458909736247733 ], [ 3408191.16036958200857, 1847485.372335474472493 ], [ 3408195.776904304511845, 1847483.129303138703108 ], [ 3408204.312652218155563, 1847482.299152694176883 ], [ 3408210.336969217285514, 1847481.404313098406419 ], [ 3408213.378955245483667, 1847480.029172631911933 ], [ 3408214.820932487025857, 1847476.652416506083682 ], [ 3408217.15713719278574, 1847468.85074372519739 ], [ 3408220.459704373031855, 1847446.407454828498885 ], [ 3408222.639507851563394, 1847438.712567626265809 ], [ 3408224.313464702572674, 1847432.81641286239028 ], [ 3408231.185282640624791, 1847432.274223257321864 ], [ 3408237.261909364257008, 1847428.486621471354738 ], [ 3408237.365283763967454, 1847428.035750796552747 ], [ 3408238.205961222760379, 1847424.386266155634075 ], [ 3408240.098165958188474, 1847412.121000787476078 ], [ 3408288.947537754662335, 1847414.886105635436252 ], [ 3408292.492021350655705, 1847415.121212214929983 ], [ 3408287.235847547184676, 1847403.121813951293007 ], [ 3408270.484006828162819, 1847399.071656618732959 ], [ 3408257.127493435051292, 1847396.532030122587457 ], [ 3408235.697630171664059, 1847393.666256641503423 ], [ 3408231.611823805607855, 1847392.7552313960623 ], [ 3408231.981834963429719, 1847386.249860567506403 ], [ 3408234.281802443321794, 1847376.36695466004312 ], [ 3408235.535261262673885, 1847370.974615313112736 ], [ 3408238.286454304587096, 1847359.649093450512737 ], [ 3408238.826232578139752, 1847357.427221279824153 ], [ 3408211.30992154404521, 1847349.577869172440842 ], [ 3408208.792236111592501, 1847348.878822961822152 ], [ 3408195.779872844927013, 1847345.273353695636615 ], [ 3408186.590812044683844, 1847341.271569737466052 ], [ 3408167.287212109193206, 1847330.03425936982967 ], [ 3408151.752927504014224, 1847320.557447569444776 ], [ 3408142.372737782076001, 1847316.30522222048603 ], [ 3408134.30817692168057, 1847310.098919582553208 ], [ 3408127.574506827630103, 1847309.389312197454274 ], [ 3408125.274020058102906, 1847309.146819092333317 ], [ 3408122.602119205519557, 1847318.002744439523667 ], [ 3408122.789114472456276, 1847323.30588991404511 ], [ 3408125.886068498715758, 1847327.366860021371394 ], [ 3408131.309051436837763, 1847330.091636488912627 ], [ 3408142.562844277825207, 1847333.305040216771886 ], [ 3408140.382992893457413, 1847343.44017319730483 ], [ 3408119.998197321780026, 1847340.823516306001693 ], [ 3408108.844070489052683, 1847340.23540191561915 ], [ 3408096.763278118334711, 1847343.795168164651841 ], [ 3408091.663017748389393, 1847347.913915325654671 ], [ 3408086.736076025292277, 1847351.771696639014408 ], [ 3408064.681460948195308, 1847349.998626702697948 ], [ 3408064.262335, 1847350.023989287670702 ], [ 3408064.262335, 1847404.189829685492441 ], [ 3408070.559613307472318, 1847403.701611527707428 ], [ 3408072.699974160175771, 1847403.535904609365389 ], [ 3408069.789696631487459, 1847418.431565520819277 ], [ 3408064.744450576603413, 1847435.771038306411356 ], [ 3408064.262335, 1847437.798912665341049 ], [ 3408064.262335, 1847468.518405497772619 ], [ 3408064.987772448919713, 1847467.101162967504933 ], [ 3408067.96519239898771, 1847456.00596024794504 ], [ 3408070.724231821484864, 1847445.340494642267004 ], [ 3408076.110645885579288, 1847429.950696526793763 ], [ 3408081.003163556102663, 1847412.082101312233135 ], [ 3408083.825568724423647, 1847404.532026641536504 ], [ 3408086.435925132595003, 1847403.259286634391174 ], [ 3408096.970898316707462, 1847402.337296250276268 ], [ 3408111.624870119616389, 1847402.804917763220146 ], [ 3408126.362856889609247, 1847401.574481263291091 ], [ 3408137.198877499904484, 1847399.24099930585362 ], [ 3408148.236180583015084, 1847396.036943189566955 ], [ 3408156.897797781042755, 1847400.64105261140503 ], [ 3408171.295615625102073, 1847407.363132329657674 ], [ 3408181.623213609214872, 1847413.47391311195679 ], [ 3408185.996563059277833, 1847418.36047025769949 ], [ 3408191.441875582560897, 1847428.684697757242247 ], [ 3408191.078978665638715, 1847431.740141049493104 ], [ 3408187.339652272872627, 1847441.389389907475561 ], [ 3408184.680103121325374, 1847444.717399587621912 ], [ 3408177.733509761746973, 1847449.194779714103788 ], [ 3408173.619093960616738, 1847451.001048646401614 ], [ 3408167.633653577882797, 1847450.366809212835506 ], [ 3408161.905016566161066, 1847450.738342670723796 ], [ 3408159.376078762114048, 1847452.07815997581929 ], [ 3408151.950154753401875, 1847463.472458061296493 ], [ 3408149.307359383907169, 1847468.3606054156553 ], [ 3408155.431689937133342, 1847472.732910876628011 ], [ 3408161.164765970781446, 1847475.688274304615334 ], [ 3408159.350673014298081, 1847479.883458446245641 ], [ 3408154.291597323957831, 1847484.005419084569439 ], [ 3408151.300624617841095, 1847490.857579996576533 ], [ 3408147.655077102594078, 1847498.212292828829959 ], [ 3408144.563582863658667, 1847509.689556538360193 ], [ 3408139.791139863431454, 1847521.013819156214595 ], [ 3408136.397138502914459, 1847527.560156198451295 ], [ 3408137.381601951085031, 1847536.91497806366533 ], [ 3408137.458837805315852, 1847543.748970220331103 ], [ 3408135.228511540219188, 1847551.775006989017129 ], [ 3408132.510827675461769, 1847563.038518131477758 ], [ 3408130.363399464637041, 1847568.96341555356048 ], [ 3408132.88998576393351, 1847573.875911063747481 ], [ 3408137.757002878468484, 1847574.313649385469034 ], [ 3408147.673751296941191, 1847574.130150645505637 ], [ 3408156.614401426166296, 1847574.805502996081486 ], [ 3408161.713095859624445, 1847577.009618318872526 ], [ 3408164.218464242760092, 1847577.03497951477766 ], [ 3408170.089420274831355, 1847565.184370877221227 ], [ 3408173.297190395649523, 1847554.857444325229153 ], [ 3408174.289615447632968, 1847549.61958522698842 ], [ 3408164.118658139836043, 1847547.889201094862074 ], [ 3408154.692805767059326, 1847546.639478458790109 ], [ 3408148.610792542342097, 1847544.982810189714655 ], [ 3408145.464184704702348, 1847542.644317217869684 ], [ 3408145.132902287412435, 1847535.086345768300816 ], [ 3408146.329193527344614, 1847529.653107975609601 ], [ 3408149.284594585653394, 1847521.647211525356397 ], [ 3408152.503498905338347, 1847517.923293987754732 ], [ 3408157.414758147671819, 1847509.742158611072227 ], [ 3408165.623719560913742, 1847491.289683802053332 ], [ 3408172.293935725465417, 1847493.463293209206313 ] ] ] } }
]
}
