{
"type": "FeatureCollection",
"name": "Vila-real",
"crs": { "type": "name", "properties": { "name": "urn:ogc:def:crs:EPSG::3035" } },
"features": [
{ "type": "Feature", "properties": { "SITE_NAME": "Desembocadura del Millars", "ODESIGNATE": "Paisaje Protegido", "NUT2": 52, "SITE_CODE_": "ES522080", "DESIG_ABBR": "ES94", "SITE_CDDA": "349264_CDDA", "Sup_ha": 426.63253204400002 }, "geometry": { "type": "Polygon", "coordinates": [ [ [ 3452273.066127645783126, 1933333.557242622366175 ], [ 3452286.426586122717708, 1933328.641362339258194 ], [ 3452325.150022898800671, 1933317.117356813978404 ], [ 3452337.127048285212368, 1933312.71519562182948 ], [ 3452348.800428910180926, 1933307.53642630786635 ], [ 3452365.521617023274302, 1933298.225210665725172 ], [ 3452376.093317804392427, 1933290.930188621161506 ], [ 3452388.606198186986148, 1933280.566488915355876 ], [ 3452391.171149305999279, 1933278.241224740166217 ], [ 3452405.743188260123134, 1933263.477622218895704 ], [ 3452429.274339489173144, 1933237.259147031232715 ], [ 3452435.098848751746118, 1933230.999269484775141 ], [ 3452467.599129498004913, 1933197.047297088662162 ], [ 3452480.612720699515194, 1933182.978025558870286 ], [ 3452502.076825141441077, 1933158.103783951839432 ], [ 3452513.747471731621772, 1933143.633317730389535 ], [ 3452525.040861846413463, 1933128.892825231188908 ], [ 3452538.378784341271967, 1933110.703401977429166 ], [ 3452558.45357889123261, 1933082.842893449356779 ], [ 3452579.568873300682753, 1933054.485758947208524 ], [ 3452609.807730409316719, 1933015.403022844111547 ], [ 3452620.367497560568154, 1933002.086779418168589 ], [ 3452640.507100689224899, 1932976.667288684751838 ], [ 3452698.862276174593717, 1932901.187517788261175 ], [ 3452708.118560480885208, 1932889.551914090989158 ], [ 3452717.733930320478976, 1932878.199478128692135 ], [ 3452728.321588482707739, 1932866.825901168165728 ], [ 3452729.664960943162441, 1932865.532052210764959 ], [ 3452734.458049915730953, 1932860.937787001486868 ], [ 3452739.541283229365945, 1932856.052917283726856 ], [ 3452747.802956477738917, 1932848.932069347472861 ], [ 3452756.400807165540755, 1932842.209094756981358 ], [ 3452766.354904704727232, 1932835.188870069570839 ], [ 3452776.584334974177182, 1932828.566693848930299 ], [ 3452787.072218081448227, 1932822.365362317766994 ], [ 3452810.2331986525096, 1932809.506925842026249 ], [ 3452833.626096580177546, 1932797.094062140677124 ], [ 3452852.099335507955402, 1932787.874002664815634 ], [ 3452870.842655957210809, 1932779.214205047348514 ], [ 3452892.662414935417473, 1932769.94968451349996 ], [ 3452914.737839095294476, 1932761.348730339435861 ], [ 3452937.161956213414669, 1932753.355447540758178 ], [ 3452941.992708470206708, 1932751.812096817418933 ], [ 3452959.835695961490273, 1932746.117543577915058 ], [ 3452977.197516111657023, 1932741.250072869937867 ], [ 3452994.729639739729464, 1932737.020060564158484 ], [ 3453013.500247189775109, 1932733.238910996122286 ], [ 3453032.371760805137455, 1932729.9757510360796 ], [ 3453050.591478632297367, 1932727.3560925507918 ], [ 3453051.316063935868442, 1932727.245163857238367 ], [ 3453070.321538805961609, 1932725.039101107977331 ], [ 3453095.024295642971992, 1932722.678463167510927 ], [ 3453119.780025575775653, 1932720.984974171267822 ], [ 3453130.748580182902515, 1932720.746964413439855 ], [ 3453145.159735920839012, 1932720.428266236791387 ], [ 3453158.423056425992399, 1932720.896645304281265 ], [ 3453171.624338782392442, 1932722.142072805669159 ], [ 3453178.930009068921208, 1932723.181719018146396 ], [ 3453204.718946336302906, 1932727.671954583842307 ], [ 3453215.47517663333565, 1932729.204677941976115 ], [ 3453231.426380980759859, 1932730.293526015942916 ], [ 3453244.285452160518616, 1932730.123093595029786 ], [ 3453259.996815277729183, 1932728.95165659696795 ], [ 3453275.644398776814342, 1932727.044272438855842 ], [ 3453298.711131237912923, 1932723.312537378631532 ], [ 3453321.684532087296247, 1932718.980858460534364 ], [ 3453348.063604612834752, 1932710.216333690332249 ], [ 3453374.225901316851377, 1932700.842221881728619 ], [ 3453396.128417389467359, 1932692.109026039252058 ], [ 3453405.63000472355634, 1932687.929049692349508 ], [ 3453412.649129046592861, 1932684.839746213983744 ], [ 3453428.818119181320071, 1932676.811988198198378 ], [ 3453433.161469628103077, 1932674.421894983621314 ], [ 3453448.169290181715041, 1932665.266383372247219 ], [ 3453458.521842919755727, 1932657.998355555580929 ], [ 3453472.963602510746568, 1932646.576517324661836 ], [ 3453473.251493069343269, 1932646.33674276387319 ], [ 3453477.365712238010019, 1932642.865020204568282 ], [ 3453492.174423791002482, 1932629.555865007918328 ], [ 3453502.399801967665553, 1932619.837138818809763 ], [ 3453527.717183717992157, 1932595.167986723594368 ], [ 3453545.650136655196548, 1932578.098378986353055 ], [ 3453559.392244704533368, 1932563.746611153706908 ], [ 3453565.786782262846828, 1932555.989569117547944 ], [ 3453571.660629155114293, 1932547.82501464500092 ], [ 3453582.222852346021682, 1932530.473197468556464 ], [ 3453588.534708494320512, 1932518.330985640874133 ], [ 3453598.678615898359567, 1932495.742232718272135 ], [ 3453615.545345775317401, 1932455.030411018524319 ], [ 3453621.61095898039639, 1932441.305091168964282 ], [ 3453632.470018047839403, 1932419.525059248320758 ], [ 3453645.0988566018641, 1932397.166995059931651 ], [ 3453677.020230031572282, 1932343.549168596975505 ], [ 3453690.1213238989003, 1932321.939607329899445 ], [ 3453701.223805147223175, 1932304.598489462630823 ], [ 3453712.733466195873916, 1932287.522428525611758 ], [ 3453724.640287549234927, 1932270.712997128488496 ], [ 3453736.937309039756656, 1932254.191435232991353 ], [ 3453752.220286404713988, 1932234.326214890461415 ], [ 3453767.886621857061982, 1932214.770190986339003 ], [ 3453775.267184290569276, 1932207.080548707628623 ], [ 3453780.70904852449894, 1932202.670771532459185 ], [ 3453784.304968337994069, 1932200.375207457691431 ], [ 3453788.113806765060872, 1932198.467831672402099 ], [ 3453792.098820531740785, 1932196.975059122545645 ], [ 3453796.222087022848427, 1932195.913109899265692 ], [ 3453801.723167890682817, 1932195.085177880246192 ], [ 3453807.279368455521762, 1932194.873567909467965 ], [ 3453812.799410118255764, 1932195.212809607153758 ], [ 3453818.270842224825174, 1932196.024168105795979 ], [ 3453842.385655065067112, 1932201.773074230179191 ], [ 3453855.447437653318048, 1932204.212397830327973 ], [ 3453874.361165802925825, 1932207.752766629448161 ], [ 3453887.79594144737348, 1932210.826061726314947 ], [ 3453896.830008197575808, 1932213.50435092439875 ], [ 3453905.727162211202085, 1932216.609068988356739 ], [ 3453911.589692900888622, 1932218.888773760059848 ], [ 3453935.451018522493541, 1932229.149827013956383 ], [ 3453944.843144409358501, 1932233.019380961777642 ], [ 3453954.415573220700026, 1932236.414805811597034 ], [ 3453961.342458529863507, 1932238.415989786852151 ], [ 3453968.405339161865413, 1932239.920175813138485 ], [ 3453974.705738409887999, 1932240.573044098215178 ], [ 3453981.053066258318722, 1932240.48167254566215 ], [ 3453987.772275725379586, 1932239.319190514506772 ], [ 3453992.145988242700696, 1932237.973399782553315 ], [ 3453999.35481242230162, 1932234.862776511348784 ], [ 3454010.88223922951147, 1932228.680142665514722 ], [ 3454022.170935719273984, 1932222.073380852118134 ], [ 3454033.21710048802197, 1932215.08338139206171 ], [ 3454052.167853851802647, 1932202.465289362706244 ], [ 3454070.742651987820864, 1932189.324824423296377 ], [ 3454086.881160870660096, 1932177.115930471103638 ], [ 3454094.436958552338183, 1932186.860620376188308 ], [ 3454099.942945195361972, 1932182.168595169205219 ], [ 3454101.907782386988401, 1932180.428026554640383 ], [ 3454104.253619616851211, 1932178.522946412907913 ], [ 3454106.484997062478215, 1932176.535987717332318 ], [ 3454112.242794592864811, 1932171.740676908288151 ], [ 3454114.040225415490568, 1932170.229845349211246 ], [ 3454115.837656321469694, 1932168.719013944268227 ], [ 3454116.736272756941617, 1932167.963614834938198 ], [ 3454116.934371363371611, 1932167.930535653373227 ], [ 3454119.79877670109272, 1932166.74599174503237 ], [ 3454121.421429880894721, 1932166.071472422219813 ], [ 3454122.67847835412249, 1932165.659784711198881 ], [ 3454125.954278246033937, 1932164.507436216110364 ], [ 3454126.236129925120622, 1932164.359480912797153 ], [ 3454127.013228140771389, 1932164.12882780469954 ], [ 3454127.675980811472982, 1932163.816377657931298 ], [ 3454128.750226956792176, 1932163.536105904728174 ], [ 3454131.515484199393541, 1932162.368119167163968 ], [ 3454132.094483821187168, 1932162.170545269735157 ], [ 3454132.460088592022657, 1932161.907713873777539 ], [ 3454134.151183492038399, 1932161.019884139299393 ], [ 3454135.247997852042317, 1932160.231390060624108 ], [ 3454136.695021763443947, 1932159.081744634080678 ], [ 3454138.210601646453142, 1932157.718870045850053 ], [ 3454140.609601248521358, 1932155.502244203584269 ], [ 3454142.840995755977929, 1932153.515387393301353 ], [ 3454145.971205453388393, 1932150.773099740734324 ], [ 3454151.599366071633995, 1932145.797665059333667 ], [ 3454152.947341266553849, 1932144.664560219040141 ], [ 3454156.039687216281891, 1932142.332159842597321 ], [ 3454159.695637985132635, 1932139.703866551630199 ], [ 3454163.366885185241699, 1932137.173910395475104 ], [ 3454167.88378727901727, 1932134.200073709478602 ], [ 3454170.458219809923321, 1932132.458611137466505 ], [ 3454182.576887077186257, 1932124.785037665860727 ], [ 3454182.858739002607763, 1932124.637082980480045 ], [ 3454195.305164298973978, 1932117.110668793553486 ], [ 3454198.64140072837472, 1932115.040221331408247 ], [ 3454201.993032471742481, 1932113.068094290792942 ], [ 3454204.232552418485284, 1932111.786122005665675 ], [ 3454207.599381459876895, 1932109.912348727695644 ], [ 3454209.922654876485467, 1932108.515501105459407 ], [ 3454212.45920883025974, 1932107.183829818386585 ], [ 3454216.656298339366913, 1932104.76785805192776 ], [ 3454216.67550821043551, 1932103.715387734118849 ], [ 3454213.613630123902112, 1932098.011898069642484 ], [ 3454233.173203631769866, 1932069.382049554726109 ], [ 3454247.384016796015203, 1932057.323648815508932 ], [ 3454247.820337113924325, 1932056.796785169979557 ], [ 3454248.339758378453553, 1932056.346846935572103 ], [ 3454248.935434833168983, 1932055.995155324228108 ], [ 3454249.577651647850871, 1932055.746672074543312 ], [ 3454251.888313661329448, 1932055.118703663349152 ], [ 3454255.934606517199427, 1932054.019218553323299 ], [ 3454256.402395787648857, 1932053.890662560472265 ], [ 3454265.750987938605249, 1932051.078607921255752 ], [ 3454266.1098228613846, 1932050.968245062744245 ], [ 3454268.510530781466514, 1932050.395865445025265 ], [ 3454272.408653776161373, 1932048.867116173962131 ], [ 3454273.759363021235913, 1932048.338905978249386 ], [ 3454276.028825423680246, 1932047.445414318004623 ], [ 3454279.235057424753904, 1932046.205122746294364 ], [ 3454264.653074525296688, 1932023.507161119021475 ], [ 3454285.856612269766629, 1931994.209419318241999 ], [ 3454292.022390998899937, 1931985.895589921623468 ], [ 3454315.865826335269958, 1931970.432977970922366 ], [ 3454349.255166253075004, 1931950.551434736000374 ], [ 3454370.556780104991049, 1931938.08589885593392 ], [ 3454372.765064312145114, 1931936.799071517074481 ], [ 3454387.936301521956921, 1931927.909687939565629 ], [ 3454389.371420795563608, 1931927.074808832723647 ], [ 3454390.104238850064576, 1931926.690133132273331 ], [ 3454395.569269594736397, 1931925.565749141853303 ], [ 3454408.378469525836408, 1931925.303413571789861 ], [ 3454421.187570318579674, 1931925.041098228422925 ], [ 3454433.743755585514009, 1931924.720126312691718 ], [ 3454445.490620151162148, 1931924.42331274994649 ], [ 3454476.284816786646843, 1931924.01814246037975 ], [ 3454507.078898470848799, 1931923.612911551026627 ], [ 3454518.772988120093942, 1931923.466175192501396 ], [ 3454531.494745228905231, 1931952.203883297508582 ], [ 3454533.229034118354321, 1931956.232403217349201 ], [ 3454544.575936475768685, 1931982.011651031905785 ], [ 3454555.922933292109519, 1932007.790785953868181 ], [ 3454565.199992010369897, 1932028.820794408675283 ], [ 3454574.164126829244196, 1932049.146277632797137 ], [ 3454572.75635454012081, 1932052.508928703842685 ], [ 3454569.524177207611501, 1932054.007064617471769 ], [ 3454567.885738194920123, 1932056.409418490715325 ], [ 3454567.620785484090447, 1932056.796684423228726 ], [ 3454566.124360486399382, 1932059.523397349985316 ], [ 3454564.659808555617929, 1932062.194343555951491 ], [ 3454563.661945773288608, 1932064.141669266857207 ], [ 3454563.279948931187391, 1932064.886460366193205 ], [ 3454562.773559549357742, 1932066.171504928264767 ], [ 3454562.267185510136187, 1932067.456647865241393 ], [ 3454561.961708411574364, 1932068.269374563824385 ], [ 3454561.656231332104653, 1932069.082101278239861 ], [ 3454562.89449824206531, 1932069.137660632841289 ], [ 3454564.80945342592895, 1932070.603674065787345 ], [ 3454569.804792582988739, 1932074.168306441279128 ], [ 3454572.885092799086124, 1932076.267040321137756 ], [ 3454576.090572538319975, 1932085.114502453012392 ], [ 3454578.807133259251714, 1932092.616004441864789 ], [ 3454581.324495369568467, 1932099.5555151514709 ], [ 3454581.91815816052258, 1932101.020188367692754 ], [ 3454582.804380396846682, 1932102.40574550605379 ], [ 3454589.349561585579067, 1932112.602298361714929 ], [ 3454590.069043681025505, 1932116.901155959349126 ], [ 3454591.521605805959553, 1932119.967717253835872 ], [ 3454589.082808348350227, 1932123.724481425480917 ], [ 3454586.644011319149286, 1932127.481246045092121 ], [ 3454586.092580481432378, 1932128.187942517921329 ], [ 3454588.42613771231845, 1932129.857272234046832 ], [ 3454590.270842741243541, 1932131.264291682513431 ], [ 3454590.956914057955146, 1932131.755078573711216 ], [ 3454597.284499354660511, 1932137.155424802564085 ], [ 3454598.100211777724326, 1932137.826345798792318 ], [ 3454598.687233758624643, 1932138.333671153523028 ], [ 3454607.515850800089538, 1932146.746583450352773 ], [ 3454607.973231699317694, 1932147.0737747810781 ], [ 3454608.445908484049141, 1932147.499302347423509 ], [ 3454625.493468595668674, 1932164.32613802421838 ], [ 3454626.324477041140199, 1932165.095395461656153 ], [ 3454626.553167505189776, 1932165.258991163689643 ], [ 3454630.585827170871198, 1932168.318490230478346 ], [ 3454633.604591930750757, 1932170.740259813377634 ], [ 3454634.420304484199733, 1932171.411181079689413 ], [ 3454640.107707434799522, 1932176.615751284873113 ], [ 3454672.569913501851261, 1932206.304696030681953 ], [ 3454672.684258747380227, 1932206.386493937578052 ], [ 3454676.556701147928834, 1932209.069286511978135 ], [ 3454677.555216426495463, 1932209.608795245178044 ], [ 3454681.335867705754936, 1932211.701472353655845 ], [ 3454706.468429071828723, 1932222.415037106722593 ], [ 3454706.917334318161011, 1932221.524184476817027 ], [ 3454713.902368098031729, 1932209.46175599261187 ], [ 3454715.123455280438066, 1932210.125526778167114 ], [ 3454716.408386887516826, 1932210.677747345995158 ], [ 3454717.745926492847502, 1932211.110204827273265 ], [ 3454719.104730668012053, 1932211.418043613201007 ], [ 3454721.281632661819458, 1932211.236169460462406 ], [ 3454723.576298122294247, 1932211.811385764041916 ], [ 3454725.819173091091216, 1932212.576952734729275 ], [ 3454727.989100924693048, 1932213.52621296630241 ], [ 3454730.063098241575062, 1932214.642725048353896 ], [ 3454732.041195640340447, 1932215.926685640122741 ], [ 3454733.89366305526346, 1932217.38295784057118 ], [ 3454735.625816641375422, 1932218.980386962648481 ], [ 3454737.226206596009433, 1932220.71069486765191 ], [ 3454738.663619152270257, 1932222.569206049898639 ], [ 3454739.975679785013199, 1932223.75250519043766 ], [ 3454743.11554513964802, 1932226.103512326488271 ], [ 3454746.43825251236558, 1932228.192044148221612 ], [ 3454749.930708116851747, 1932229.999907144578174 ], [ 3454753.560069502331316, 1932231.512608779128641 ], [ 3454757.305164716206491, 1932232.723393378313631 ], [ 3454761.133151323534548, 1932233.617768399650231 ], [ 3454764.187352810055017, 1932234.046089951880276 ], [ 3454779.794359485153109, 1932238.14919943548739 ], [ 3454795.329022561665624, 1932242.506528209662065 ], [ 3454810.781635221093893, 1932247.119696836220101 ], [ 3454812.20751654682681, 1932247.466782888397574 ], [ 3454816.870198373682797, 1932249.089448833372444 ], [ 3454821.594575484283268, 1932250.52011095918715 ], [ 3454826.370560146868229, 1932251.760554507374763 ], [ 3454831.206741085741669, 1932252.799357374198735 ], [ 3454836.081550172995776, 1932253.629829995334148 ], [ 3454840.986840775236487, 1932254.263623407343403 ], [ 3454845.92238421458751, 1932254.700574059505016 ], [ 3454848.851781494915485, 1932255.240539400838315 ], [ 3454862.677376077510417, 1932257.038245353847742 ], [ 3454868.393375926185399, 1932257.78880396601744 ], [ 3454887.824392529670149, 1932257.338927420089021 ], [ 3454890.065012466162443, 1932256.652060627704486 ], [ 3454891.758655331097543, 1932256.369279607664794 ], [ 3454892.640193522907794, 1932256.222092607524246 ], [ 3454894.046692663338035, 1932255.98725495650433 ], [ 3454898.372459315694869, 1932255.900605899980292 ], [ 3454898.907699425704777, 1932256.467023940291256 ], [ 3454904.656302144750953, 1932255.597903544083238 ], [ 3454904.963354775682092, 1932255.546636249637231 ], [ 3454905.713144628331065, 1932255.532425977522507 ], [ 3454912.902346563991159, 1932255.43167574214749 ], [ 3454918.45411734841764, 1932255.453087026020512 ], [ 3454918.688048953656107, 1932255.454384512268007 ], [ 3454922.600194527301937, 1932254.276563743129373 ], [ 3454923.706312945112586, 1932253.940545376623049 ], [ 3454923.902807014063001, 1932253.766491752350703 ], [ 3454926.709292247425765, 1932251.229662240482867 ], [ 3454932.222841701935977, 1932248.392081984784454 ], [ 3454936.077287855558097, 1932247.758613424841315 ], [ 3454939.491556769236922, 1932246.058583220699802 ], [ 3454939.951846847776324, 1932246.143154841382056 ], [ 3454940.398445424623787, 1932246.270368436351418 ], [ 3454940.831352501176298, 1932246.440224006772041 ], [ 3454941.249038488604128, 1932246.642887940863147 ], [ 3454941.643128050491214, 1932246.889847616432235 ], [ 3454942.010562012437731, 1932247.161435824818909 ], [ 3454942.354399550706148, 1932247.47731978003867 ], [ 3454943.670100985094905, 1932249.729346201289445 ], [ 3454944.878073509782553, 1932250.112818891881034 ], [ 3454948.838693303056061, 1932248.593970870599151 ], [ 3454952.569242955185473, 1932247.163981875404716 ], [ 3454955.067899520043284, 1932247.352033478906378 ], [ 3454956.295287707820535, 1932245.704377640970051 ], [ 3454975.001134116668254, 1932235.105231863912195 ], [ 3454979.634916432201862, 1932232.818210229277611 ], [ 3454992.144790696911514, 1932227.006581683410332 ], [ 3455004.386148069053888, 1932220.644642112310976 ], [ 3455016.342207590118051, 1932213.755169571144506 ], [ 3455027.983285401016474, 1932206.343321995111182 ], [ 3455039.281181327998638, 1932198.423795849550515 ], [ 3455043.966936864890158, 1932193.726932450663298 ], [ 3455051.961259819101542, 1932185.017150268191472 ], [ 3455059.557535992469639, 1932175.970271615777165 ], [ 3455066.736153808422387, 1932166.589570736978203 ], [ 3455073.49161439249292, 1932156.906333369901404 ], [ 3455079.807334655895829, 1932146.943304212996736 ], [ 3455085.673242297023535, 1932136.702366546494886 ], [ 3455091.065908355638385, 1932126.227585934568197 ], [ 3455096.191618262790143, 1932092.673795689363033 ], [ 3455109.606322021689266, 1932051.259003962855786 ], [ 3455104.570206874981523, 1931992.162009580526501 ], [ 3455112.231917081400752, 1931978.766117274994031 ], [ 3455112.200598845724016, 1931978.630100928014144 ], [ 3455112.131042608059943, 1931978.248245229478925 ], [ 3455111.920116557274014, 1931977.153499707113951 ], [ 3455111.730392936617136, 1931977.175086432835087 ], [ 3455111.649623796343803, 1931977.178482463117689 ], [ 3455110.877316203899682, 1931973.7158634706866 ], [ 3455110.448766075540334, 1931971.809981047175825 ], [ 3455108.598602143581957, 1931963.573649517260492 ], [ 3455108.76729938481003, 1931960.216135275084525 ], [ 3455106.861273138783872, 1931951.555306891910732 ], [ 3455106.030117853544652, 1931947.779667709954083 ], [ 3455106.539387191645801, 1931942.821686287177727 ], [ 3455091.297081876546144, 1931923.423359638312832 ], [ 3455090.442995217628777, 1931911.530059212353081 ], [ 3455088.495413615833968, 1931884.635485645849258 ], [ 3455087.389468856155872, 1931869.293470165226609 ], [ 3455087.748242297209799, 1931859.709724366897717 ], [ 3455096.387213341426104, 1931828.031096999766305 ], [ 3455100.881194998975843, 1931822.296978033380583 ], [ 3455104.248987446073443, 1931818.011897235643119 ], [ 3455112.729618471115828, 1931808.050702838459983 ], [ 3455126.331867850385606, 1931792.079104316188022 ], [ 3455131.071354164741933, 1931786.616662360727787 ], [ 3455190.382326767779887, 1931761.822998833609745 ], [ 3455194.572471040301025, 1931761.910380702698603 ], [ 3455196.162001742050052, 1931761.937583819963038 ], [ 3455211.884923541452736, 1931762.278652583714575 ], [ 3455218.646050038747489, 1931762.43106273887679 ], [ 3455220.05648984760046, 1931762.41754382266663 ], [ 3455224.602510828990489, 1931762.374892059713602 ], [ 3455228.570068673230708, 1931762.337914797244594 ], [ 3455234.475592344999313, 1931761.301537560066208 ], [ 3455236.248220303095877, 1931761.721907465020195 ], [ 3455244.751089865341783, 1931760.201357453828678 ], [ 3455245.226528673898429, 1931760.121982658747584 ], [ 3455250.001355865970254, 1931759.26428937073797 ], [ 3455251.74310205411166, 1931758.963415177538991 ], [ 3455272.865524701308459, 1931755.27539970073849 ], [ 3455279.574881404172629, 1931754.114918563049287 ], [ 3455317.44070325512439, 1931749.881346920737997 ], [ 3455331.273372728377581, 1931747.935101916315034 ], [ 3455341.562344524078071, 1931746.398875339888036 ], [ 3455360.566286721732467, 1931743.791084564989433 ], [ 3455374.178426324389875, 1931742.648426327854395 ], [ 3455388.051154323853552, 1931741.482445852831006 ], [ 3455394.698242224752903, 1931740.705668518785387 ], [ 3455396.07583529362455, 1931740.546305997762829 ], [ 3455415.868593081366271, 1931738.2405720052775 ], [ 3455426.671287885867059, 1931737.133135873591527 ], [ 3455436.860316186212003, 1931736.032408206257969 ], [ 3455447.049329277593642, 1931734.931584742385894 ], [ 3455453.555474815890193, 1931734.228690248215571 ], [ 3455460.061635684221983, 1931733.525895133148879 ], [ 3455471.900629052892327, 1931732.220243943156675 ], [ 3455483.739523496944457, 1931730.914612736087292 ], [ 3455500.63166878791526, 1931729.10335140908137 ], [ 3455521.093539615161717, 1931726.918109274469316 ], [ 3455524.138792959507555, 1931733.0380022036843 ], [ 3455526.079732083715498, 1931731.927044187439606 ], [ 3455531.006377571728081, 1931729.33397897426039 ], [ 3455535.933008062187582, 1931726.74081630539149 ], [ 3455538.509686630219221, 1931726.058436172548681 ], [ 3455542.751940872054547, 1931725.99086364149116 ], [ 3455546.994294150732458, 1931725.923274965956807 ], [ 3455551.781708439812064, 1931724.427818801021203 ], [ 3455555.235050049610436, 1931724.416284361155704 ], [ 3455559.431967159733176, 1931724.351237746886909 ], [ 3455563.468429308384657, 1931722.633184531703591 ], [ 3455567.504777257330716, 1931720.915050057228655 ], [ 3455568.781281099189073, 1931721.216478936607018 ], [ 3455569.925160247832537, 1931721.449248851742595 ], [ 3455578.404418212827295, 1931717.849467459600419 ], [ 3455586.883562464267015, 1931714.249606640310958 ], [ 3455591.798728779423982, 1931712.072110595880076 ], [ 3455596.713796271011233, 1931709.894631900824606 ], [ 3455602.343806346878409, 1931708.066931868903339 ], [ 3455604.997540338896215, 1931707.553292249329388 ], [ 3455607.651274349074811, 1931707.039652816951275 ], [ 3455610.219135941006243, 1931706.464581991313025 ], [ 3455612.787111898418516, 1931705.889593156287447 ], [ 3455615.301411505322903, 1931705.394187169149518 ], [ 3455617.81561208050698, 1931704.898797899018973 ], [ 3455619.422585899941623, 1931704.77681651385501 ], [ 3455621.029559719376266, 1931704.654835185501724 ], [ 3455622.515088031068444, 1931704.699416334973648 ], [ 3455624.000501995440573, 1931704.743915727129206 ], [ 3455625.291062141302973, 1931704.97237771213986 ], [ 3455626.581622282508761, 1931705.200839726487175 ], [ 3455627.28545804368332, 1931705.446539195254445 ], [ 3455627.989293802995235, 1931705.692238669842482 ], [ 3455628.561742761172354, 1931706.040582680143416 ], [ 3455629.134191718418151, 1931706.388926693005487 ], [ 3455630.304581603035331, 1931706.334784854203463 ], [ 3455631.077608118765056, 1931705.620582578703761 ], [ 3455632.058978187385947, 1931704.286446602782235 ], [ 3455633.603501908481121, 1931702.848208711715415 ], [ 3455635.402351187542081, 1931701.085026228567585 ], [ 3455639.293092902749777, 1931698.528713843086734 ], [ 3455641.009133064653724, 1931697.213176118209958 ], [ 3455648.426272397395223, 1931691.717468676390126 ], [ 3455660.986334022134542, 1931684.071835384471342 ], [ 3455667.082303936127573, 1931681.581106796860695 ], [ 3455673.178289451170713, 1931679.090477749938145 ], [ 3455678.390946706756949, 1931676.964221794391051 ], [ 3455683.603703235276043, 1931674.837950189132243 ], [ 3455683.68643866898492, 1931674.945204396964982 ], [ 3455684.033767300192267, 1931675.381574438884854 ], [ 3455689.600203023757786, 1931672.263044284656644 ], [ 3455695.166623871773481, 1931669.144416947150603 ], [ 3455700.71401516860351, 1931666.034112895838916 ], [ 3455706.289592425338924, 1931662.909015916055068 ], [ 3455717.263358390424401, 1931656.759060263633728 ], [ 3455719.395381396636367, 1931659.490224313922226 ], [ 3455733.218694584444165, 1931654.347634256351739 ], [ 3455738.03286814596504, 1931650.214658013544977 ], [ 3455742.847042329143733, 1931646.081682866439223 ], [ 3455748.960958902724087, 1931640.864095631055534 ], [ 3455755.074876468162984, 1931635.646510164719075 ], [ 3455756.681164280511439, 1931634.278680943185464 ], [ 3455762.523933278862387, 1931629.277872317004949 ], [ 3455768.366703188512474, 1931624.277065301313996 ], [ 3455772.693058944772929, 1931620.568551797885448 ], [ 3455778.973763599991798, 1931615.181887736544013 ], [ 3455788.698120317887515, 1931606.683123369701207 ], [ 3455798.422365305013955, 1931598.184281735215336 ], [ 3455784.132654442451894, 1931585.366105935536325 ], [ 3455799.610216945409775, 1931567.109503105282784 ], [ 3455815.087790360674262, 1931548.852914673509076 ], [ 3455837.138928422238678, 1931522.845436956966296 ], [ 3455853.96096065826714, 1931503.007512076525018 ], [ 3455865.990131418220699, 1931489.367186908377334 ], [ 3455878.019293053075671, 1931475.726771836169064 ], [ 3455892.869434574153274, 1931458.891588330036029 ], [ 3455901.998774474486709, 1931448.428965697297826 ], [ 3455911.128034232649952, 1931437.966462818672881 ], [ 3455920.057966467458755, 1931427.920511532342061 ], [ 3455928.987818297930062, 1931417.874679726082832 ], [ 3455934.764840677846223, 1931405.394098853925243 ], [ 3455940.541768379509449, 1931392.913538174936548 ], [ 3455956.269601705018431, 1931358.231281644199044 ], [ 3455971.997384896501899, 1931323.54916778835468 ], [ 3455985.992006369866431, 1931304.642421785043553 ], [ 3455999.986540037207305, 1931285.735705541213974 ], [ 3456015.163382830563933, 1931265.511898136464879 ], [ 3456030.340322297997773, 1931245.287991242017597 ], [ 3456032.773477249778807, 1931242.147791238268837 ], [ 3456035.20673156529665, 1931239.00757508049719 ], [ 3456038.314006534405053, 1931236.118043423397467 ], [ 3456041.421380850486457, 1931233.228495720308274 ], [ 3456044.880107834003866, 1931229.95241562789306 ], [ 3456048.338949538767338, 1931226.676417938200757 ], [ 3456051.141570005565882, 1931224.049605915090069 ], [ 3456055.877250377554446, 1931219.60698930406943 ], [ 3456065.551762118935585, 1931210.526429606135935 ], [ 3456075.226292058359832, 1931201.445972956018522 ], [ 3456082.982392910867929, 1931194.829502888023853 ], [ 3456090.738495361059904, 1931188.213035664055496 ], [ 3456101.968731286004186, 1931178.615547813009471 ], [ 3456113.199069616384804, 1931169.018049377715215 ], [ 3456118.973727455362678, 1931164.00361807551235 ], [ 3456127.576995511073619, 1931156.529457105789334 ], [ 3456133.75089366780594, 1931151.271735374350101 ], [ 3456139.924693782813847, 1931146.014031971106306 ], [ 3456154.033476120792329, 1931136.596896102186292 ], [ 3456168.142262008972466, 1931127.179768325062469 ], [ 3456180.629740803036839, 1931118.870638392632827 ], [ 3456193.117222365457565, 1931110.561514806235209 ], [ 3456205.628947512246668, 1931104.826013095676899 ], [ 3456218.140773253049701, 1931099.090500183403492 ], [ 3456227.439970926381648, 1931094.849662554683164 ], [ 3456236.739253202453256, 1931090.60871298937127 ], [ 3456251.001637144014239, 1931084.106847876915708 ], [ 3456261.838267191313207, 1931079.165496009169146 ], [ 3456262.284696828573942, 1931080.402508691884577 ], [ 3456264.143352188169956, 1931079.971204166300595 ], [ 3456266.02863538544625, 1931079.646430663065985 ], [ 3456273.771097907796502, 1931077.940350168850273 ], [ 3456279.515491441357881, 1931076.880631209816784 ], [ 3456285.259885052219033, 1931075.820913123432547 ], [ 3456293.764867434278131, 1931073.856407327344641 ], [ 3456299.930648359935731, 1931077.629353323020041 ], [ 3456306.012921627610922, 1931075.736412306781858 ], [ 3456312.095195094589144, 1931073.843472394626588 ], [ 3456317.82742435624823, 1931069.27492954954505 ], [ 3456322.460229831747711, 1931062.635079304687679 ], [ 3456329.904946976341307, 1931059.309134730137885 ], [ 3456330.239810518920422, 1931059.95944836223498 ], [ 3456337.398102230392396, 1931057.503541178768501 ], [ 3456351.767619854770601, 1931052.572706677019596 ], [ 3456366.137154068332165, 1931047.641976842656732 ], [ 3456360.091614164877683, 1931040.721466747578233 ], [ 3456394.963449940551072, 1931025.599049120442942 ], [ 3456406.878990943077952, 1931022.10698669264093 ], [ 3456407.733814058359712, 1931021.853330978192389 ], [ 3456427.468626704532653, 1931014.927336838329211 ], [ 3456453.660889043007046, 1931014.500013873446733 ], [ 3456455.945238369517028, 1931014.290237971115857 ], [ 3456463.339177179150283, 1931013.610985120292753 ], [ 3456464.221526585519314, 1931013.534332075854763 ], [ 3456465.924043548293412, 1931013.38958889641799 ], [ 3456480.493195280432701, 1930995.514038496650755 ], [ 3456498.671153057832271, 1930989.816454496933147 ], [ 3456513.49258590862155, 1930985.667802339419723 ], [ 3456525.257694005500525, 1930982.089916953351349 ], [ 3456537.022703773342073, 1930978.512052205624059 ], [ 3456536.367269011214375, 1930975.72258019191213 ], [ 3456543.569998496212065, 1930973.257690207567066 ], [ 3456546.922129946760833, 1930971.896145164733753 ], [ 3456549.892275311518461, 1930970.982935909414664 ], [ 3456552.862321672029793, 1930970.069743451895192 ], [ 3456561.859506586566567, 1930963.562666889978573 ], [ 3456573.795218803919852, 1930956.204362735617906 ], [ 3456572.924035953357816, 1930950.115499388659373 ], [ 3456579.11285290773958, 1930947.728142807725817 ], [ 3456585.58238651137799, 1930945.220791389467195 ], [ 3456592.051821381784976, 1930942.713457846781239 ], [ 3456596.650260291993618, 1930941.799662821693346 ], [ 3456601.248783015180379, 1930940.885753494920209 ], [ 3456604.580920872278512, 1930940.945004598004743 ], [ 3456607.913157767150551, 1930941.004239403642714 ], [ 3456614.070030424743891, 1930941.126621578354388 ], [ 3456615.290110432542861, 1930975.566925670951605 ], [ 3456615.844677250366658, 1930991.09136290056631 ], [ 3456615.926374198403209, 1930994.610866781556979 ], [ 3456618.519519127905369, 1930994.438138125697151 ], [ 3456620.759800256229937, 1930994.467765298904851 ], [ 3456623.015274486038834, 1930994.595743065467104 ], [ 3456625.682342185173184, 1930994.75590956164524 ], [ 3456628.26563616655767, 1930995.030844002962112 ], [ 3456630.551793723367155, 1930995.355473462026566 ], [ 3456632.312114130239934, 1930995.566096052993089 ], [ 3456634.07233547931537, 1930995.776735232677311 ], [ 3456635.306818736251444, 1930995.873350935755298 ], [ 3456638.301622373051941, 1930996.180589461233467 ], [ 3456646.264828886371106, 1930997.070877943420783 ], [ 3456661.749162837397307, 1930998.622585341567174 ], [ 3456661.84821340162307, 1930998.606053225928918 ], [ 3456664.11907865293324, 1930998.832350260345265 ], [ 3456666.374651757534593, 1930998.960313486633822 ], [ 3456667.266106836963445, 1930998.811524554388598 ], [ 3456671.144271949771792, 1930998.265123192686588 ], [ 3456671.540474209468812, 1930998.198994823731482 ], [ 3456673.620536084286869, 1930997.851820955751464 ], [ 3456675.784356405492872, 1930997.389781218022108 ], [ 3456677.902285074349493, 1930996.632641547126696 ], [ 3456679.890495204366744, 1930995.69548114715144 ], [ 3456681.749169621150941, 1930994.578168611973524 ], [ 3456723.784603796899319, 1930996.381120646372437 ], [ 3456728.993325301911682, 1930996.478555252542719 ], [ 3456739.493267212994397, 1930996.037491837749258 ], [ 3456739.691368349827826, 1930996.004427981330082 ], [ 3456742.38092674780637, 1930995.656416416866705 ], [ 3456748.286063378211111, 1930995.074270613025874 ], [ 3456751.79861050657928, 1930994.790672140894458 ], [ 3456753.893964559305459, 1930994.54183619748801 ], [ 3456757.109459033701569, 1930994.307817316381261 ], [ 3456760.22578859468922, 1930994.090248748660088 ], [ 3456762.946030214428902, 1930993.938889697659761 ], [ 3456765.353828057646751, 1930993.738792570540681 ], [ 3456768.188313256949186, 1930993.669252355583012 ], [ 3456771.434391846880317, 1930993.631902219727635 ], [ 3456773.872758505865932, 1930993.628374898107722 ], [ 3456775.930230215191841, 1930993.789407216478139 ], [ 3456777.919136400334537, 1930994.1636556556914 ], [ 3456779.908141626510769, 1930994.537887632614002 ], [ 3456780.00719219725579, 1930994.521355798933655 ], [ 3456793.099811928346753, 1930997.682923018932343 ], [ 3456860.269896315876395, 1931014.013294867938384 ], [ 3456953.777354273479432, 1931034.286571769043803 ], [ 3456954.36997217964381, 1931033.0924463912379 ], [ 3456955.832201398443431, 1931030.14465809892863 ], [ 3456964.188289532903582, 1931013.3046017838642 ], [ 3456973.194535695482045, 1930995.155501663452014 ], [ 3456976.647172514349222, 1930988.213364287512377 ], [ 3456983.254176206886768, 1930974.893593977438286 ], [ 3456993.955838929396123, 1930971.175447342218831 ], [ 3457004.657418623566628, 1930967.457419098122045 ], [ 3457012.857755883596838, 1930965.004284714581445 ], [ 3457021.05807819031179, 1930962.551053982693702 ], [ 3457021.857567386701703, 1930946.91168123530224 ], [ 3457028.338359631132334, 1930941.340745743131265 ], [ 3457031.913127372972667, 1930937.667115743272007 ], [ 3457034.190254526212811, 1930935.319800485624 ], [ 3457055.908766441512853, 1930928.930705117527395 ], [ 3457055.982445572968572, 1930922.673685118090361 ], [ 3457059.549975425936282, 1930920.978627436328679 ], [ 3457066.588944165501744, 1930917.624727692920715 ], [ 3457078.239989130757749, 1930921.188484494108707 ], [ 3457078.673065363429487, 1930925.867819985607639 ], [ 3457091.250958690419793, 1930931.405478934524581 ], [ 3457095.353287409059703, 1930925.11168186715804 ], [ 3457110.260557182598859, 1930918.966540709836408 ], [ 3457125.167844098526984, 1930912.821505144005641 ], [ 3457131.996302157640457, 1930910.531784944003448 ], [ 3457138.903408929239959, 1930908.551774094812572 ], [ 3457145.899054106324911, 1930906.879721129778773 ], [ 3457152.124684741720557, 1930905.679291130043566 ], [ 3457152.953652046155185, 1930905.520765396766365 ], [ 3457160.066989284474403, 1930904.474841575603932 ], [ 3457167.210963471792638, 1930903.756627328461036 ], [ 3457174.372641742229462, 1930903.348305636551231 ], [ 3457181.545146713033319, 1930903.270999540807679 ], [ 3457184.731864757370204, 1930903.374740568455309 ], [ 3457185.375763068441302, 1930903.398430291097611 ], [ 3457188.705724223516881, 1930903.508430227870122 ], [ 3457195.845815515611321, 1930904.072215429041535 ], [ 3457199.326734924223274, 1930904.500133961206302 ], [ 3457202.944149731658399, 1930904.955614659469575 ], [ 3457203.694387113209814, 1930907.231480890884995 ], [ 3457203.783560875803232, 1930908.719792270334437 ], [ 3457203.902641416527331, 1930910.596465003676713 ], [ 3457204.05013020336628, 1930912.851862419163808 ], [ 3457204.053188523743302, 1930912.871529112802818 ], [ 3457204.493449954781681, 1930919.81958269327879 ], [ 3457204.803211776539683, 1930924.751528892433271 ], [ 3457205.218140260316432, 1930931.34062337805517 ], [ 3457205.666849340777844, 1930938.408331113634631 ], [ 3457212.643977009225637, 1930933.34982572379522 ], [ 3457217.727775774430484, 1930943.104247015668079 ], [ 3457221.335889298934489, 1930954.870445098727942 ], [ 3457226.981019536964595, 1930970.130231906659901 ], [ 3457223.970602084882557, 1930971.813007038552314 ], [ 3457227.289740597829223, 1930975.970323277637362 ], [ 3457228.984607334714383, 1930979.223501852713525 ], [ 3457236.693957405164838, 1930994.426313034491614 ], [ 3457250.309632146731019, 1930998.20699960924685 ], [ 3457253.686331203207374, 1930999.225947137456387 ], [ 3457255.190659552812576, 1930997.836192316142842 ], [ 3457256.393866762984544, 1930996.424760808935389 ], [ 3457256.511859156191349, 1930996.20329782506451 ], [ 3457264.383531500585377, 1930989.643637274159119 ], [ 3457275.906939913053066, 1930979.447872798889875 ], [ 3457276.188800013624132, 1930979.299947446212173 ], [ 3457287.68310878239572, 1930971.530297611141577 ], [ 3457289.907307635992765, 1930970.15024558454752 ], [ 3457291.682227552402765, 1930969.147830425063148 ], [ 3457293.769590994343162, 1930968.194157052086666 ], [ 3457296.138814657926559, 1930967.092558694304898 ], [ 3457299.49844543915242, 1930965.825671394122764 ], [ 3457299.978406850714236, 1930965.644685165258124 ], [ 3457304.099958401173353, 1930964.048870510887355 ], [ 3457304.19900901382789, 1930964.03233995474875 ], [ 3457308.71666410472244, 1930962.370420235209167 ], [ 3457312.007926884107292, 1930961.316715075168759 ], [ 3457313.828623038716614, 1930960.609318000962958 ], [ 3457317.51608839025721, 1930959.489491296932101 ], [ 3457319.94647899735719, 1930958.781228351406753 ], [ 3457320.045529616530985, 1930958.764697843464091 ], [ 3457324.1443748367019, 1930957.677001417381689 ], [ 3457325.89670278178528, 1930957.182785760145634 ], [ 3457328.822346590459347, 1930956.391870984341949 ], [ 3457331.153587651439011, 1930955.700155848870054 ], [ 3457334.079231528565288, 1930954.909241517307237 ], [ 3457337.50012856349349, 1930954.035675127757713 ], [ 3457343.930329627357423, 1930952.256348281865939 ], [ 3457345.880758982617408, 1930951.729072755668312 ], [ 3457354.558526305947453, 1930949.372782818740234 ], [ 3457369.879903865978122, 1930945.302543900208548 ], [ 3457372.40923134656623, 1930944.577672478742898 ], [ 3457375.913888004608452, 1930943.589246129617095 ], [ 3457379.898407307453454, 1930942.419851605314761 ], [ 3457389.505531474016607, 1930939.505031983135268 ], [ 3457391.836872254498303, 1930938.813304442213848 ], [ 3457396.76602372713387, 1930937.183608820661902 ], [ 3457401.695259100757539, 1930935.553799071349204 ], [ 3457408.247105819173157, 1930933.249757121549919 ], [ 3457415.560775019228458, 1930930.616807916667312 ], [ 3457423.720025996677577, 1930927.540088484995067 ], [ 3457429.380417778156698, 1930925.384822866413742 ], [ 3457431.284973518922925, 1930924.562552356859669 ], [ 3457432.823909606318921, 1930924.003069324884564 ], [ 3457435.4902877304703, 1930922.851890944410115 ], [ 3457438.918373928405344, 1930921.371723003918305 ], [ 3457440.640119966119528, 1930920.680846717208624 ], [ 3457444.350181192159653, 1930919.05283740023151 ], [ 3457449.736015332862735, 1930916.438969510840252 ], [ 3457453.712546958122402, 1930914.564720936818048 ], [ 3457456.995823113247752, 1930912.806167243747041 ], [ 3457459.829720332287252, 1930911.425264295190573 ], [ 3457461.787353965453804, 1930910.29148239386268 ], [ 3457463.8594287969172, 1930909.239487257553264 ], [ 3457466.281832124106586, 1930907.826372130773962 ], [ 3457469.153515635058284, 1930906.035623589763418 ], [ 3457470.082856760360301, 1930905.476989737711847 ], [ 3457472.954639494419098, 1930903.68622509110719 ], [ 3457474.333359871059656, 1930902.749941302696243 ], [ 3457480.914419785141945, 1930898.019796979380772 ], [ 3457481.912229013163596, 1930897.247967066476122 ], [ 3457483.009104239754379, 1930896.459705484099686 ], [ 3457484.357143075205386, 1930895.32677235500887 ], [ 3457484.45619376283139, 1930895.310242314357311 ], [ 3457486.619331029243767, 1930893.536856326740235 ], [ 3457489.21655640238896, 1930891.287487557856366 ], [ 3457490.282833790406585, 1930890.302461561048403 ], [ 3457491.249961466528475, 1930889.333982163341716 ], [ 3457491.965910218656063, 1930888.710075969574973 ], [ 3457494.433502581901848, 1930886.280571455601603 ], [ 3457500.937422807328403, 1930879.747375353705138 ], [ 3457506.306613747030497, 1930874.412501237355173 ], [ 3457509.992712859995663, 1930870.669914174824953 ], [ 3457517.844791083130985, 1930863.003874320769683 ], [ 3457530.997567981947213, 1930850.215970056364313 ], [ 3457544.150365862064064, 1930837.428173080319539 ], [ 3457550.250805837102234, 1930831.567740130936727 ], [ 3457551.652123515494168, 1930830.123265724629164 ], [ 3457561.667339158710092, 1930820.683766440488398 ], [ 3457572.581235064193606, 1930810.489091217285022 ], [ 3457586.777736035175622, 1930797.224496693583205 ], [ 3457591.30942900897935, 1930793.038158998591825 ], [ 3457597.272925528232008, 1930787.60403392277658 ], [ 3457602.73387994710356, 1930782.85918501089327 ], [ 3457617.555265562608838, 1930769.692002230556682 ], [ 3457620.220969650428742, 1930767.229454566258937 ], [ 3457622.254497544839978, 1930765.276044576196 ], [ 3457633.541324434801936, 1930754.211992332944646 ], [ 3457651.964430138003081, 1930736.105943536153063 ], [ 3457693.944444523658603, 1930696.313105186214671 ], [ 3457729.01703333761543, 1930663.726116297300905 ], [ 3457728.991063344292343, 1930657.677479069912806 ], [ 3457731.037069556303322, 1930635.545299321878701 ], [ 3457733.424101389944553, 1930624.756062935339287 ], [ 3457738.848431025631726, 1930608.012220282107592 ], [ 3457739.274540226906538, 1930606.831384568242356 ], [ 3457741.260839784052223, 1930601.960121951298788 ], [ 3457742.714687315281481, 1930598.892848758725449 ], [ 3457743.445158223621547, 1930597.055916589917615 ], [ 3457744.145147111732513, 1930595.022302305325866 ], [ 3457744.350556625984609, 1930594.382718186127022 ], [ 3457744.746100399643183, 1930593.005315479356796 ], [ 3457745.399542384780943, 1930589.365318065742031 ], [ 3457745.581678465008736, 1930587.922542384592816 ], [ 3457745.998470169026405, 1930583.414177199127153 ], [ 3457746.073572584427893, 1930581.283071880694479 ], [ 3457746.468441723845899, 1930578.594284759834409 ], [ 3457746.536911649163812, 1930578.381090101553127 ], [ 3457746.855987972579896, 1930576.511925300350413 ], [ 3457747.304696475155652, 1930574.82289714878425 ], [ 3457747.882938088849187, 1930573.314022183651105 ], [ 3457748.491859876550734, 1930572.0017963538412 ], [ 3457749.367369021754712, 1930570.443416261812672 ], [ 3457750.425674475729465, 1930568.753547094063833 ], [ 3457752.740387700032443, 1930565.340751036535949 ], [ 3457756.677048620767891, 1930559.94236206728965 ], [ 3457759.288915890734643, 1930556.479980156756938 ], [ 3457767.771922168787569, 1930545.682251126738265 ], [ 3457770.802494955714792, 1930541.645579173695296 ], [ 3457772.241715683601797, 1930539.791263235732913 ], [ 3457774.251985682640225, 1930537.034681263379753 ], [ 3457775.911907686851919, 1930534.639115127502009 ], [ 3457777.122346785850823, 1930532.621208467753604 ], [ 3457778.317594632972032, 1930530.504952641669661 ], [ 3457778.469825492240489, 1930530.176896589109674 ], [ 3457779.855209060013294, 1930527.322823294205591 ], [ 3457781.709844638593495, 1930522.151116380700842 ], [ 3457787.574567724019289, 1930526.71050075115636 ], [ 3457789.289795723278075, 1930523.690312820486724 ], [ 3457790.618740086443722, 1930520.734685982111841 ], [ 3457792.743697432801127, 1930514.468372573377565 ], [ 3457793.618319485802203, 1930511.205098899547011 ], [ 3457797.399780734442174, 1930494.352094143861905 ], [ 3457801.626102426089346, 1930481.470317530678585 ], [ 3457804.416372069623321, 1930475.365375551395118 ], [ 3457816.098393809981644, 1930454.359166933223605 ], [ 3457818.59290107851848, 1930449.554446504451334 ], [ 3457821.707682979293168, 1930443.052352802362293 ], [ 3457830.589937020093203, 1930423.32043487764895 ], [ 3457835.240222258027643, 1930413.949320245301351 ], [ 3457839.891183437313884, 1930406.151685308199376 ], [ 3457846.080379574559629, 1930397.855348038487136 ], [ 3457846.242583682294935, 1930397.656778315780684 ], [ 3457849.596435668412596, 1930393.73778683389537 ], [ 3457850.015962779521942, 1930393.24850675673224 ], [ 3457852.856507568620145, 1930389.935228216694668 ], [ 3457847.712052496150136, 1930384.094673143699765 ], [ 3457847.6426858054474, 1930384.015856163343415 ], [ 3457842.428765330463648, 1930378.096500845393166 ], [ 3457842.50230245757848, 1930377.32770037301816 ], [ 3457842.726853175554425, 1930367.85767344548367 ], [ 3457843.724535404704511, 1930363.817245098995045 ], [ 3457844.638412513770163, 1930362.766980959102511 ], [ 3457845.494706586934626, 1930362.392059294274077 ], [ 3457848.286308183800429, 1930361.916040079202503 ], [ 3457849.162345735821873, 1930361.406674736412242 ], [ 3457850.307429228909314, 1930359.490580935962498 ], [ 3457851.683102961629629, 1930355.52831651782617 ], [ 3457852.250950060784817, 1930354.344013716094196 ], [ 3457853.525716668926179, 1930352.739096665754914 ], [ 3457854.186101766768843, 1930352.215275113470852 ], [ 3457858.439767027273774, 1930349.770370904821903 ], [ 3457859.859521866310388, 1930348.575061574578285 ], [ 3457863.890469404868782, 1930344.24033793178387 ], [ 3457868.321777648292482, 1930340.323051140177995 ], [ 3457870.038286463823169, 1930338.291329092811793 ], [ 3457873.06338148470968, 1930333.8925196363125 ], [ 3457874.189772329293191, 1930332.705810757586733 ], [ 3457876.587541938759387, 1930330.742000450845808 ], [ 3457877.555117532145232, 1930328.926047238521278 ], [ 3457877.730364970862865, 1930327.373557628132403 ], [ 3457877.609802573919296, 1930322.742926168488339 ], [ 3457878.072028666734695, 1930317.611612000735477 ], [ 3457878.63994199084118, 1930315.055278338026255 ], [ 3457879.688768357504159, 1930312.65083024953492 ], [ 3457883.476645375601947, 1930308.124640483409166 ], [ 3457886.136848818510771, 1930302.424790983088315 ], [ 3457886.824490269646049, 1930301.55341743119061 ], [ 3457891.091804013587534, 1930297.300321504706517 ], [ 3457895.558133105747402, 1930290.471845058724284 ], [ 3457902.861984113231301, 1930280.324960136553273 ], [ 3457914.800858781207353, 1930263.714907821267843 ], [ 3457923.144326357170939, 1930252.738813859643415 ], [ 3457929.689830316230655, 1930245.09924222715199 ], [ 3457936.588978467509151, 1930237.774033617926762 ], [ 3457941.392409551423043, 1930233.048134556505829 ], [ 3457958.097439959645271, 1930217.811818117043003 ], [ 3457962.35705460421741, 1930213.378435363527387 ], [ 3457966.728786764200777, 1930207.836801663273945 ], [ 3457975.58068150607869, 1930193.920993269653991 ], [ 3457978.713972840923816, 1930189.30228751222603 ], [ 3457982.01137857278809, 1930185.412926161894575 ], [ 3457985.883833659347147, 1930180.842385514639318 ], [ 3457994.782109224237502, 1930172.780088571831584 ], [ 3458003.500479670241475, 1930166.109642672352493 ], [ 3458027.179918616544455, 1930149.195022515719756 ], [ 3458046.205571259371936, 1930134.570212164893746 ], [ 3458055.047349372413009, 1930127.778413099469617 ], [ 3458064.326410158537328, 1930119.289328497834504 ], [ 3458066.412332508713007, 1930117.085117752896622 ], [ 3458073.649907922837883, 1930108.210319046629593 ], [ 3458078.295968686230481, 1930101.099703488871455 ], [ 3458083.731466545257717, 1930090.962011914467439 ], [ 3458088.730794646777213, 1930079.97916444321163 ], [ 3458094.127047910355031, 1930065.994384648976848 ], [ 3458100.04557817382738, 1930048.048544238321483 ], [ 3458100.849040267989039, 1930045.634517423808575 ], [ 3458105.873572804033756, 1930030.370025895070285 ], [ 3458109.473561693914235, 1930020.256250004284084 ], [ 3458112.529168780427426, 1930012.785555949900299 ], [ 3458115.98653235193342, 1930005.47985899890773 ], [ 3458117.88143245363608, 1930002.046389946015552 ], [ 3458119.688681800849736, 1929998.768782914383337 ], [ 3458128.051719896029681, 1929985.368455068673939 ], [ 3458128.858035757672042, 1929984.083847737405449 ], [ 3458139.55746852979064, 1929966.298712542047724 ], [ 3458140.009721382521093, 1929965.547334373695776 ], [ 3458145.196414228528738, 1929957.600009161280468 ], [ 3458153.131714610382915, 1929946.742607019143179 ], [ 3458153.677701100707054, 1929946.005854411050677 ], [ 3458162.573691471014172, 1929934.725966731319204 ], [ 3458165.912296929396689, 1929930.708614869508892 ], [ 3458186.13253905531019, 1929906.381573704769835 ], [ 3458198.94012557156384, 1929890.97866869205609 ], [ 3458209.828605588525534, 1929877.873188400175422 ], [ 3458220.950210032518953, 1929864.829802782274783 ], [ 3458232.630123511888087, 1929851.128225456923246 ], [ 3458243.098406022880226, 1929838.84950245777145 ], [ 3458249.569273593369871, 1929831.252897445578128 ], [ 3458281.458129846025258, 1929794.588337616529316 ], [ 3458304.114524107426405, 1929768.543612432898954 ], [ 3458319.753413845784962, 1929749.520872593624517 ], [ 3458328.181022687349468, 1929738.430107292020693 ], [ 3458335.891250268556178, 1929726.843656603712589 ], [ 3458339.285356699489057, 1929719.588941578753293 ], [ 3458340.945593554060906, 1929714.580641894834116 ], [ 3458343.045578281395137, 1929709.7209138344042 ], [ 3458345.507905135396868, 1929705.688396634766832 ], [ 3458348.530415927991271, 1929702.056840608129278 ], [ 3458350.924977138172835, 1929699.680017068283632 ], [ 3458350.951635051053017, 1929699.655392764369026 ], [ 3458391.602975106798112, 1929663.597069837618619 ], [ 3458408.374973704107106, 1929647.613509007031098 ], [ 3458420.253631605766714, 1929635.19039064925164 ], [ 3458431.563686733134091, 1929622.246766185155138 ], [ 3458438.256724588572979, 1929613.856557367369533 ], [ 3458439.362472620327026, 1929612.471570448949933 ], [ 3458440.764452124014497, 1929610.704247572924942 ], [ 3458442.279812233056873, 1929608.817125692032278 ], [ 3458447.778469438198954, 1929601.110431340290233 ], [ 3458450.589221541769803, 1929596.051431854022667 ], [ 3458452.626463770400733, 1929590.657328209839761 ], [ 3458453.67708396166563, 1929584.015584504464641 ], [ 3458453.547463985159993, 1929580.698107199976221 ], [ 3458452.818846151232719, 1929575.684863436035812 ], [ 3458452.872347462456673, 1929572.891585746780038 ], [ 3458453.664280926808715, 1929570.207135571399704 ], [ 3458454.962156664114445, 1929567.640138370683417 ], [ 3458454.994133500847965, 1929567.584362134337425 ], [ 3458460.101398945786059, 1929558.863537539262325 ], [ 3458467.491853958927095, 1929544.566348263761029 ], [ 3458472.48153470037505, 1929537.116087921895087 ], [ 3458475.270405424758792, 1929533.876527421874925 ], [ 3458478.430463352706283, 1929530.998844255693257 ], [ 3458481.915407462976873, 1929528.510738047771156 ], [ 3458485.661833534017205, 1929526.463241009041667 ], [ 3458491.241141811013222, 1929524.765678947791457 ], [ 3458495.435581738594919, 1929524.227185556897894 ], [ 3458498.927296101115644, 1929523.906918904511258 ], [ 3458502.418911417014897, 1929523.58666906831786 ], [ 3458507.173062958754599, 1929522.889220853336155 ], [ 3458511.092886885162443, 1929521.868125427281484 ], [ 3458515.260822871699929, 1929520.495725379791111 ], [ 3458520.918955628294498, 1929518.129283066373318 ], [ 3458526.379525714553893, 1929515.341833596350625 ], [ 3458539.592436979990453, 1929507.316496686311439 ], [ 3458554.392936374992132, 1929497.018842819612473 ], [ 3458566.166250058449805, 1929488.820085584418848 ], [ 3458580.848181826528162, 1929477.563675387063995 ], [ 3458584.363516137003899, 1929474.878837977768853 ], [ 3458602.093398001044989, 1929460.349762364523485 ], [ 3458609.176906595937908, 1929454.144047720823437 ], [ 3458619.327595075592399, 1929445.247567524667829 ], [ 3458637.363884616177529, 1929428.115091772982851 ], [ 3458645.904553138650954, 1929419.386353926733136 ], [ 3458665.839281709864736, 1929398.12374570290558 ], [ 3458680.771103193517774, 1929383.768901109695435 ], [ 3458691.030960870906711, 1929375.247686796588823 ], [ 3458701.759740165900439, 1929367.324153554160148 ], [ 3458707.923826208803803, 1929363.309678234625608 ], [ 3458716.267570551019162, 1929358.60874374397099 ], [ 3458726.566330608911812, 1929353.14775902684778 ], [ 3458728.362489654682577, 1929352.020870979409665 ], [ 3458732.380671062506735, 1929358.452577151125297 ], [ 3458732.35034878179431, 1929358.780457289656624 ], [ 3458731.738001238089055, 1929364.188892903272063 ], [ 3458732.367624385748059, 1929367.584445857908577 ], [ 3458740.749404399655759, 1929365.742109845392406 ], [ 3458743.262252730783075, 1929362.296434403629974 ], [ 3458762.908636964857578, 1929335.715226528700441 ], [ 3458777.994652225635946, 1929317.057450769236311 ], [ 3458783.865969141945243, 1929309.722394506912678 ], [ 3458805.956875836011022, 1929279.908745608525351 ], [ 3458822.855962807778269, 1929244.807613760000095 ], [ 3458839.8485082895495, 1929229.261712291976437 ], [ 3458849.963186646346003, 1929219.80643292888999 ], [ 3458854.288942560553551, 1929214.948640400543809 ], [ 3458870.044414488598704, 1929194.060673709027469 ], [ 3458872.762732588220388, 1929189.97555854334496 ], [ 3458894.390073407907039, 1929146.721412114100531 ], [ 3458907.062092745210975, 1929129.943807645933703 ], [ 3458907.43832138646394, 1929124.499536501476541 ], [ 3458902.020840595941991, 1929118.805780819850042 ], [ 3458903.512293502688408, 1929116.045027551008388 ], [ 3458905.578465070575476, 1929112.209950585849583 ], [ 3458912.890872503630817, 1929098.652293831575662 ], [ 3458923.281897303648293, 1929075.875116229755804 ], [ 3458923.767454291228205, 1929074.815566942328587 ], [ 3458929.437393812928349, 1929065.072955053998157 ], [ 3458929.217092011123896, 1929064.897856378927827 ], [ 3458928.986822865903378, 1929064.59327509556897 ], [ 3458928.893027473241091, 1929064.447512675775215 ], [ 3458928.744324431754649, 1929064.210029090987518 ], [ 3458928.744138185400516, 1929063.816623952938244 ], [ 3458928.8422712367028, 1929063.46734546427615 ], [ 3458934.277197784744203, 1929053.259537359233946 ], [ 3458934.674626601859927, 1929052.547598102362826 ], [ 3458963.116660252213478, 1929001.488548658089712 ], [ 3458963.189725916832685, 1929001.304862060351297 ], [ 3458963.308527225162834, 1929001.153898122953251 ], [ 3458964.15211811568588, 1928999.651275616139174 ], [ 3458965.415112553164363, 1928997.382608868880197 ], [ 3458969.468494270928204, 1928990.118890364887193 ], [ 3458969.476870892569423, 1928990.107404865091667 ], [ 3458976.287052805069834, 1928977.894694475689903 ], [ 3458986.093803867232054, 1928959.98673259280622 ], [ 3458988.711978471372277, 1928955.191912543959916 ], [ 3458989.173365140799433, 1928954.368425202090293 ], [ 3459003.375276207923889, 1928928.584912824211642 ], [ 3459022.494526017922908, 1928893.708892704918981 ], [ 3459033.524702522903681, 1928873.538922733394429 ], [ 3459044.708362756296992, 1928854.029350602068007 ], [ 3459040.389173921663314, 1928847.163743474753574 ], [ 3459038.735848377924412, 1928847.641309424536303 ], [ 3459037.051950658205897, 1928847.922214087564498 ], [ 3459034.247998934239149, 1928848.188202871475369 ], [ 3459032.823044402524829, 1928848.173709571827203 ], [ 3459031.398105152882636, 1928848.159314643125981 ], [ 3459030.213139582891017, 1928848.054346535820514 ], [ 3459027.351612504106015, 1928847.623775560641661 ], [ 3459026.040690022520721, 1928847.035416022175923 ], [ 3459024.912587053608149, 1928846.315678151790053 ], [ 3459023.852964698337018, 1928845.382755087222904 ], [ 3459022.633160441182554, 1928844.07313144300133 ], [ 3459021.840124348178506, 1928842.893975509796292 ], [ 3459021.084996721241623, 1928841.304972995771095 ], [ 3459020.802510832902044, 1928840.141528583131731 ], [ 3459020.656986260320991, 1928838.551713764900342 ], [ 3459020.633136969059706, 1928836.437197874067351 ], [ 3459020.837965569924563, 1928834.486295730341226 ], [ 3459021.393063568510115, 1928832.174421146512032 ], [ 3459022.237454313784838, 1928829.108021763851866 ], [ 3459024.755855816882104, 1928821.121856707381085 ], [ 3459026.18653126899153, 1928817.251591512002051 ], [ 3459028.887754939962178, 1928809.134049950167537 ], [ 3459032.875458286609501, 1928798.179107137955725 ], [ 3459034.625902363099158, 1928793.750997132388875 ], [ 3459038.233892912976444, 1928785.583076286595315 ], [ 3459040.768828022293746, 1928780.318037946010008 ], [ 3459045.054905895143747, 1928771.936123146442696 ], [ 3459046.600620323326439, 1928769.458899386925623 ], [ 3459048.168859184253961, 1928766.473515572259203 ], [ 3459049.67605371773243, 1928763.094793018419296 ], [ 3459051.12202120013535, 1928759.322863140841946 ], [ 3459052.13395189633593, 1928756.02675939979963 ], [ 3459053.837932849302888, 1928749.992316582705826 ], [ 3459054.674382079392672, 1928746.221084011718631 ], [ 3459054.970831285696477, 1928744.860184584977105 ], [ 3459055.449604450259358, 1928742.056644125841558 ], [ 3459056.125247869640589, 1928736.597268300130963 ], [ 3459056.420477146748453, 1928732.613679265370592 ], [ 3459057.034894700162113, 1928726.761096548289061 ], [ 3459057.566849265247583, 1928723.645943025359884 ], [ 3459058.555549369193614, 1928719.546672848984599 ], [ 3459060.594010262750089, 1928711.741570401471108 ], [ 3459061.720184634905308, 1928708.52729261177592 ], [ 3459063.166241250466555, 1928704.755251412745565 ], [ 3459064.247168036177754, 1928702.557326789479703 ], [ 3459067.680321202613413, 1928695.225734428036958 ], [ 3459069.126379197463393, 1928691.453694311669096 ], [ 3459070.427428337745368, 1928687.403202894609421 ], [ 3459072.793626193888485, 1928679.745195433031768 ], [ 3459073.896669666282833, 1928675.727735347580165 ], [ 3459075.342022428289056, 1928670.644369238987565 ], [ 3459076.498870768584311, 1928667.626738525461406 ], [ 3459077.785244671627879, 1928664.789262095931917 ], [ 3459086.744521923363209, 1928644.631956504425034 ], [ 3459087.596790369600058, 1928642.270519060082734 ], [ 3459090.968191090039909, 1928633.234172879951075 ], [ 3459092.543879646342248, 1928629.642275070305914 ], [ 3459103.09336419403553, 1928604.680208486737683 ], [ 3459104.303414422087371, 1928601.351067240582779 ], [ 3459105.947489099577069, 1928597.546004235977307 ], [ 3459120.19624282931909, 1928563.694696603808552 ], [ 3459122.152161732316017, 1928558.627055482706055 ], [ 3459123.164010856300592, 1928555.330980382626876 ], [ 3459124.373461307026446, 1928550.690500633791089 ], [ 3459126.578888448886573, 1928541.344373026164249 ], [ 3459126.935981621034443, 1928539.065441631013528 ], [ 3459128.39484254270792, 1928530.146492355270311 ], [ 3459128.980514287017286, 1928528.031192221445963 ], [ 3459130.122088907286525, 1928524.915239816531539 ], [ 3459135.783324238844216, 1928507.729279670631513 ], [ 3459136.886286833323538, 1928503.7118484841194 ], [ 3459139.031186429783702, 1928495.283747242530808 ], [ 3459140.818976409267634, 1928489.134478479158133 ], [ 3459141.458549035247415, 1928488.018989993724972 ], [ 3459143.00428339233622, 1928485.541783101391047 ], [ 3459144.443638446740806, 1928483.687703046482056 ], [ 3459148.883239478804171, 1928477.600487339310348 ], [ 3459155.721443150192499, 1928467.985880439402536 ], [ 3459158.10475979372859, 1928464.360157986171544 ], [ 3459166.831133796833456, 1928451.202531553804874 ], [ 3459168.574977363925427, 1928448.692281655268744 ], [ 3459170.486357224639505, 1928445.952325376681983 ], [ 3459174.301676305942237, 1928441.078934926073998 ], [ 3459181.612529469188303, 1928431.889900077367201 ], [ 3459182.930191548541188, 1928430.56042275717482 ], [ 3459194.971776292193681, 1928418.463788064196706 ], [ 3459196.342537904623896, 1928416.822814502753317 ], [ 3459197.827736997045577, 1928415.263631920563057 ], [ 3459201.011527019087225, 1928412.2105516360607 ], [ 3459202.755874120630324, 1928411.011661266209558 ], [ 3459203.982426153495908, 1928410.403542967978865 ], [ 3459204.957673650234938, 1928410.139984088484198 ], [ 3459206.672149165067822, 1928410.055756006389856 ], [ 3459209.125852690078318, 1928410.15085879759863 ], [ 3459212.307029244489968, 1928410.298026209464297 ], [ 3459215.110510908998549, 1928400.275139779318124 ], [ 3459221.349645378068089, 1928380.269088737200946 ], [ 3459226.90455425856635, 1928363.706214679870754 ], [ 3459231.234709267504513, 1928351.685475941514596 ], [ 3459236.448407116346061, 1928338.811201709788293 ], [ 3459242.119546137284487, 1928326.264046166790649 ], [ 3459246.931468986906111, 1928317.996287161018699 ], [ 3459250.753570729866624, 1928311.205175513867289 ], [ 3459254.431445711292326, 1928305.446819670731202 ], [ 3459260.402040210086852, 1928298.095471367705613 ], [ 3459267.126652892678976, 1928289.710434504318982 ], [ 3459276.791010959073901, 1928278.010407650843263 ], [ 3459288.070218165405095, 1928264.93144905124791 ], [ 3459302.746514443308115, 1928248.864641841268167 ], [ 3459317.811687455978245, 1928233.338260082993656 ], [ 3459332.999145401176065, 1928218.598530900897458 ], [ 3459347.950687745586038, 1928204.301683995174244 ], [ 3459360.845928424969316, 1928192.466311591444537 ], [ 3459370.236977616325021, 1928182.930399930104613 ], [ 3459379.025771168526262, 1928172.788793980609626 ], [ 3459384.874236667528749, 1928164.65093169012107 ], [ 3459390.45668771257624, 1928158.070533212274313 ], [ 3459395.748047215864062, 1928148.310550887137651 ], [ 3459401.070077297277749, 1928138.747214488917962 ], [ 3459404.100378210656345, 1928133.399655022891238 ], [ 3459406.727202109992504, 1928128.724571170052513 ], [ 3459410.360336813610047, 1928125.293947077356279 ], [ 3459419.162077641114593, 1928110.005363512784243 ], [ 3459421.179788734763861, 1928106.64243389503099 ], [ 3459427.370695895515382, 1928097.438681280706078 ], [ 3459427.971776945050806, 1928095.421716092852876 ], [ 3459436.790579169988632, 1928084.165471764514223 ], [ 3459445.926844302564859, 1928067.106267037102953 ], [ 3459455.405445393640548, 1928048.981179286492988 ], [ 3459460.613165728747845, 1928039.336062284186482 ], [ 3459464.176652470603585, 1928033.495970050571486 ], [ 3459469.941953726112843, 1928026.784229446202517 ], [ 3459484.527255798690021, 1928011.438937530852854 ], [ 3459496.937758803833276, 1927997.465295497095212 ], [ 3459509.34825300052762, 1927983.491564080119133 ], [ 3459532.395394295454025, 1927959.169003300368786 ], [ 3459557.23393982462585, 1927936.565260349307209 ], [ 3459584.084245545323938, 1927913.827763848239556 ], [ 3459605.312399966642261, 1927894.146482020849362 ], [ 3459622.951896452344954, 1927875.568171486491337 ], [ 3459641.042081125080585, 1927859.234920307761058 ], [ 3459653.214195288717747, 1927848.630053182132542 ], [ 3459665.607521644793451, 1927838.795226523885503 ], [ 3459677.731463869102299, 1927831.476964767789468 ], [ 3459689.85540831182152, 1927824.158708702540025 ], [ 3459701.739734766073525, 1927817.586473154835403 ], [ 3459713.623979303985834, 1927811.014357703505084 ], [ 3459727.885503619909286, 1927804.045648388797417 ], [ 3459742.147144466638565, 1927797.077028013765812 ], [ 3459759.124914622399956, 1927789.60486349533312 ], [ 3459776.102786466944963, 1927782.132692140992731 ], [ 3459792.135699236765504, 1927774.465161997824907 ], [ 3459808.168599400669336, 1927766.797542460961267 ], [ 3459827.610933682881296, 1927757.855146075133234 ], [ 3459847.053286950103939, 1927748.912860941840336 ], [ 3459864.171438994817436, 1927740.055489504011348 ], [ 3459881.289693551138043, 1927731.198112085228786 ], [ 3459895.410319053102285, 1927724.303529696073383 ], [ 3459909.531030471436679, 1927717.408839449286461 ], [ 3459931.307309723459184, 1927713.675996575504541 ], [ 3459936.165189821273088, 1927713.874478226760402 ], [ 3459941.0230851653032, 1927714.073058705544099 ], [ 3459947.031878815032542, 1927715.138812458375469 ], [ 3459953.040786707773805, 1927716.204648692626506 ], [ 3459955.018188639543951, 1927716.177492153132334 ], [ 3459956.995491514448076, 1927716.150352221680805 ], [ 3459958.961272635962814, 1927715.721520555671304 ], [ 3459960.927069051191211, 1927715.292787316255271 ], [ 3459963.928968308493495, 1927714.338179818354547 ], [ 3459966.930768561549485, 1927713.383589112199843 ], [ 3459976.275128917768598, 1927709.757140460191295 ], [ 3459985.619474646169692, 1927706.130596284987405 ], [ 3459993.927733183838427, 1927703.030026510823518 ], [ 3460002.235976924188435, 1927699.929360598092899 ], [ 3460012.890680431388319, 1927695.579995934152976 ], [ 3460023.545369576662779, 1927691.230536646442488 ], [ 3460036.188411939423531, 1927685.944301361683756 ], [ 3460048.831539419945329, 1927680.657956494484097 ], [ 3460061.21959326416254, 1927676.019526120973751 ], [ 3460073.607731964439154, 1927671.380985760362819 ], [ 3460084.494793669320643, 1927666.892017142148688 ], [ 3460095.381742015015334, 1927662.402970600640401 ], [ 3460103.91443314217031, 1927658.457978187128901 ], [ 3460112.447109707631171, 1927654.512889949372038 ], [ 3460119.772192480042577, 1927650.971057377522811 ], [ 3460127.097374874632806, 1927647.429210158064961 ], [ 3460131.725359649863094, 1927644.841578156687319 ], [ 3460136.353329427540302, 1927642.253848630003631 ], [ 3460145.921275709755719, 1927635.816025519510731 ], [ 3460154.986596136819571, 1927630.067298009758815 ], [ 3460164.051917905919254, 1927624.318573773372918 ], [ 3460174.556805530562997, 1927617.371332444483414 ], [ 3460185.061809417791665, 1927610.424177407287061 ], [ 3460196.397072089836001, 1927602.93505203188397 ], [ 3460207.732436055317521, 1927595.445915345335379 ], [ 3460215.403918534051627, 1927591.190534688998014 ], [ 3460223.075417069718242, 1927586.93525454797782 ], [ 3460227.703691651578993, 1927585.003297051182017 ], [ 3460232.332065465860069, 1927583.071323740528896 ], [ 3460238.564435920678079, 1927581.325699160806835 ], [ 3460244.507682990282774, 1927580.334537318674847 ], [ 3460251.661272174678743, 1927576.67002534144558 ], [ 3460254.502894363366067, 1927575.338666280964389 ], [ 3460259.470301948487759, 1927573.299616581061855 ], [ 3460262.380696164444089, 1927572.410738278180361 ], [ 3460275.340824260842055, 1927568.83698696969077 ], [ 3460285.32934435037896, 1927565.758915975922719 ], [ 3460291.797763804439455, 1927563.570526397321373 ], [ 3460302.647191593889147, 1927560.147031543310732 ], [ 3460308.978633680380881, 1927558.384999116417021 ], [ 3460315.340724832843989, 1927556.819510691100731 ], [ 3460326.761852638330311, 1927553.805170239880681 ], [ 3460333.077997547574341, 1927551.944715057266876 ], [ 3460338.273997220210731, 1927550.069411784643307 ], [ 3460367.903887272812426, 1927539.983145938720554 ], [ 3460375.080971366725862, 1927537.777468370739371 ], [ 3460382.791349895298481, 1927535.079346873098984 ], [ 3460386.615860038902611, 1927533.533547463361174 ], [ 3460392.992588527034968, 1927530.75520520680584 ], [ 3460405.517472434323281, 1927525.034888552036136 ], [ 3460419.878425761591643, 1927518.705650787334889 ], [ 3460424.563974312040955, 1927516.814610769972205 ], [ 3460449.622121459804475, 1927507.390058239456266 ], [ 3460454.551512205973268, 1927505.760889471508563 ], [ 3460462.703958936035633, 1927503.291698534507304 ], [ 3460480.898030152078718, 1927497.432911353884265 ], [ 3460482.10922415368259, 1927496.726541532902047 ], [ 3460489.704611125402153, 1927492.635342547670007 ], [ 3460491.228349266573787, 1927491.977729288628325 ], [ 3460494.702591781504452, 1927490.792987404856831 ], [ 3460498.123642330989242, 1927489.919848826015368 ], [ 3460501.575158460531384, 1927489.243384410394356 ], [ 3460504.577349472790956, 1927488.944482863880694 ], [ 3460507.709143999032676, 1927488.8256218819879 ], [ 3460509.157032157760113, 1927488.987675858195871 ], [ 3460510.765004626009613, 1927489.526542377891019 ], [ 3460512.190250001382083, 1927490.196758271427825 ], [ 3460513.463233817368746, 1927491.194997342070565 ], [ 3460515.010737518779933, 1927492.651842447696254 ], [ 3460519.249094727449119, 1927496.383534848690033 ], [ 3460519.805494950152934, 1927496.694256434217095 ], [ 3460521.26866532722488, 1927496.95463930349797 ], [ 3460522.929944111034274, 1927497.181985024595633 ], [ 3460524.644430207554251, 1927497.097826287848875 ], [ 3460529.559101160150021, 1927496.681648567784578 ], [ 3460535.548200448509306, 1927495.985520417336375 ], [ 3460545.004082730039954, 1927494.711162443738431 ], [ 3460557.477438226807863, 1927493.23623732663691 ], [ 3460581.052688158117235, 1927490.616083828033879 ], [ 3460626.671399728860706, 1927485.328427127096802 ], [ 3460630.831676949281245, 1927484.634657482849434 ], [ 3460640.988316078204662, 1927482.638302817009389 ], [ 3460646.588445884175599, 1927481.401693114312366 ], [ 3460678.840751396492124, 1927473.80381918605417 ], [ 3460681.454087089281529, 1927472.964514074614272 ], [ 3460686.071051994804293, 1927471.286701515549794 ], [ 3460690.726041827816516, 1927469.199040964245796 ], [ 3460693.940965596586466, 1927467.6541553363204 ], [ 3460700.507976329885423, 1927464.137903596041724 ], [ 3460705.071175184100866, 1927461.460291010327637 ], [ 3460707.630744681693614, 1927459.621185240568593 ], [ 3460709.976824668701738, 1927457.716803987743333 ], [ 3460713.001101512461901, 1927455.598451380385086 ], [ 3460715.408409154042602, 1927454.087368046166375 ], [ 3460721.76194754242897, 1927450.505944181466475 ], [ 3460724.329438008368015, 1927449.371657436480746 ], [ 3460729.006764999590814, 1927447.477148963836953 ], [ 3460729.006764999590814, 1926669.059927182504907 ], [ 3460727.658043202012777, 1926670.460454643936828 ], [ 3460724.542665672022849, 1926673.300078266533092 ], [ 3460719.058411382138729, 1926678.552222836529836 ], [ 3460709.377522092312574, 1926688.841810331912711 ], [ 3460700.900040510110557, 1926697.720226996345446 ], [ 3460694.372563921380788, 1926704.760349571704865 ], [ 3460690.313555444590747, 1926710.682731090812013 ], [ 3460688.364090703893453, 1926713.832327933982015 ], [ 3460682.858266518451273, 1926722.215237558120862 ], [ 3460679.073774171527475, 1926728.59622808964923 ], [ 3460674.28387620812282, 1926736.355281540192664 ], [ 3460670.963561980053782, 1926741.145733335055411 ], [ 3460667.650619607418776, 1926745.329700452508405 ], [ 3460665.342870661057532, 1926748.135540580376983 ], [ 3460661.755316955037415, 1926751.860919861588627 ], [ 3460654.85374566167593, 1926757.147670906037092 ], [ 3460645.773520655930042, 1926764.109204196138307 ], [ 3460637.820818764157593, 1926770.479121618205681 ], [ 3460633.395085332915187, 1926774.041644487995654 ], [ 3460630.195844669360667, 1926776.996145776007324 ], [ 3460629.761692865751684, 1926777.472045270493254 ], [ 3460621.406582810450345, 1926787.1371081660036 ], [ 3460610.188315827399492, 1926801.919914949685335 ], [ 3460600.395380763337016, 1926817.37284017726779 ], [ 3460595.60561889456585, 1926825.132001278689131 ], [ 3460586.643080275505781, 1926840.043064949801192 ], [ 3460585.447578754276037, 1926842.158965880284086 ], [ 3460583.612462652847171, 1926845.390387892723083 ], [ 3460577.414373533334583, 1926856.511564354179427 ], [ 3460566.676773475948721, 1926872.424775504507124 ], [ 3460557.614099023398012, 1926884.729675583541393 ], [ 3460546.867413599509746, 1926897.315498385345563 ], [ 3460540.134504864923656, 1926904.995204810751602 ], [ 3460527.863629878498614, 1926916.927318011876196 ], [ 3460516.376740152947605, 1926926.711176862940192 ], [ 3460508.362964972387999, 1926932.687934859655797 ], [ 3460501.628974718041718, 1926937.74504812178202 ], [ 3460493.644558880012482, 1926941.295778536936268 ], [ 3460463.666851965244859, 1926958.299161283532158 ], [ 3460456.88702322775498, 1926963.061301768990234 ], [ 3460454.9064747299999, 1926964.702967973658815 ], [ 3460431.385261035058647, 1926987.287584556499496 ], [ 3460418.64179625781253, 1926998.79419243754819 ], [ 3460413.348343453835696, 1927004.619878907455131 ], [ 3460411.170784367714077, 1927008.917197206290439 ], [ 3460407.524415803607553, 1927017.494420922594145 ], [ 3460401.937728178221732, 1927032.548693895572796 ], [ 3460398.307760517578572, 1927043.846961262868717 ], [ 3460395.19450320256874, 1927051.931783966720104 ], [ 3460392.666674616746604, 1927056.590149126248434 ], [ 3460389.788472498767078, 1927061.609573678579181 ], [ 3460385.127188450656831, 1927066.926346266875044 ], [ 3460381.692038392648101, 1927070.323743763612583 ], [ 3460379.391684864647686, 1927072.523134476039559 ], [ 3460373.94543022941798, 1927077.365551378810778 ], [ 3460369.550199114251882, 1927081.124808665364981 ], [ 3460364.682441334240139, 1927084.458481720415875 ], [ 3460362.95321889873594, 1927085.755617217393592 ], [ 3460357.23983008461073, 1927089.533041683956981 ], [ 3460356.858893158845603, 1927089.697444079210982 ], [ 3460348.478931403718889, 1927094.625589096453041 ], [ 3460335.840273002162576, 1927101.575325057841837 ], [ 3460320.923277060501277, 1927108.905109158018604 ], [ 3460311.750882571563125, 1927113.965414330130443 ], [ 3460302.273976054042578, 1927119.681866866303608 ], [ 3460285.78858371078968, 1927129.996799506479874 ], [ 3460269.531883577816188, 1927140.475460902322084 ], [ 3460256.779456024523824, 1927148.654734 ], [ 3460246.075960237067193, 1927154.979167764540762 ], [ 3460232.28716195281595, 1927163.028753733029589 ], [ 3460215.382369660306722, 1927172.606659258948639 ], [ 3460200.861713506281376, 1927179.870416949968785 ], [ 3460188.603917467873544, 1927186.655834623845294 ], [ 3460176.346237740945071, 1927193.441339695826173 ], [ 3460151.701707743573934, 1927208.143458149861544 ], [ 3460133.083557102829218, 1927220.428207275923342 ], [ 3460115.96596961421892, 1927231.252296626800671 ], [ 3460102.337922060862184, 1927240.98996144044213 ], [ 3460091.779909215401858, 1927248.904238957678899 ], [ 3460076.256326175760478, 1927262.791380544193089 ], [ 3460061.76904168818146, 1927276.808342889649794 ], [ 3460036.952454248443246, 1927298.903337716590613 ], [ 3460016.295130746904761, 1927317.68179551884532 ], [ 3459999.194534521084279, 1927332.538147571263835 ], [ 3459981.690467636566609, 1927348.067069323733449 ], [ 3459965.952881309203804, 1927360.577705663396046 ], [ 3459954.176348466426134, 1927369.804928646888584 ], [ 3459945.964564667548984, 1927375.814925953745842 ], [ 3459939.307071178220212, 1927381.363852464361116 ], [ 3459928.201748248189688, 1927392.294949037255719 ], [ 3459917.188223547767848, 1927403.816009818110615 ], [ 3459916.738799594342709, 1927404.193596519064158 ], [ 3459909.258876626845449, 1927410.989351585274562 ], [ 3459899.051382139790803, 1927418.542639264371246 ], [ 3459886.726391102652997, 1927428.164006129605696 ], [ 3459875.901270383968949, 1927435.013287870911881 ], [ 3459852.644771859049797, 1927452.107072504935786 ], [ 3459842.37615861184895, 1927459.267068557906896 ], [ 3459834.080041829496622, 1927464.080538221634924 ], [ 3459821.190090225078166, 1927471.375195211498067 ], [ 3459807.134781724773347, 1927479.671140472637489 ], [ 3459788.599411679431796, 1927489.21877226117067 ], [ 3459764.83804874541238, 1927501.756455301539972 ], [ 3459746.363903143908828, 1927511.697317460319027 ], [ 3459725.634640970267355, 1927522.821433421457186 ], [ 3459704.318514912389219, 1927533.438175718067214 ], [ 3459685.653547434136271, 1927542.805738176684827 ], [ 3459671.719387321267277, 1927549.265743803000078 ], [ 3459653.731951681431383, 1927557.10803025146015 ], [ 3459636.071676281746477, 1927563.786100595723838 ], [ 3459621.748105802107602, 1927568.394490451551974 ], [ 3459608.056112410500646, 1927571.18261562497355 ], [ 3459593.960532107390463, 1927574.643228421453387 ], [ 3459576.086871642619371, 1927581.256043503526598 ], [ 3459547.168637982569635, 1927597.882126699900255 ], [ 3459541.104945136234164, 1927602.020712286001071 ], [ 3459533.083955966867507, 1927608.60420307260938 ], [ 3459523.053140443284065, 1927619.25542023871094 ], [ 3459509.031322468072176, 1927634.304808176588267 ], [ 3459497.774521467741579, 1927646.875458840280771 ], [ 3459486.031634375918657, 1927662.856187835568562 ], [ 3459462.963947360869497, 1927692.932026837253943 ], [ 3459436.255198288708925, 1927725.733762781601399 ], [ 3459410.916782758198678, 1927755.583155928179622 ], [ 3459382.36467441637069, 1927789.600362070370466 ], [ 3459359.471420364454389, 1927817.528820634121075 ], [ 3459354.011178303509951, 1927824.895822847262025 ], [ 3459348.109452633187175, 1927833.345255523221567 ], [ 3459338.439424533862621, 1927849.585543537512422 ], [ 3459326.348591695539653, 1927871.172700371127576 ], [ 3459304.100938347633928, 1927911.099074171856046 ], [ 3459286.718622529879212, 1927942.446161379339173 ], [ 3459263.800408541224897, 1927981.98008134867996 ], [ 3459247.020430972799659, 1928013.933027664432302 ], [ 3459246.464712395798415, 1928014.933636683272198 ], [ 3459240.74643083056435, 1928024.562981173628941 ], [ 3459234.403865178581327, 1928035.406235161470249 ], [ 3459231.883535506669432, 1928039.458290425594896 ], [ 3459228.525497688911855, 1928044.658771304879338 ], [ 3459221.185153705067933, 1928056.273741477867588 ], [ 3459207.462576853577048, 1928075.207820578245446 ], [ 3459182.908810533583164, 1928120.563014316838235 ], [ 3459182.825041467323899, 1928120.67786695365794 ], [ 3459178.704580859281123, 1928124.895963727962226 ], [ 3459172.839664132334292, 1928130.312961395829916 ], [ 3459170.562615955248475, 1928133.315653961151838 ], [ 3459168.681881263852119, 1928136.252239922992885 ], [ 3459167.265731094870716, 1928138.909471077146009 ], [ 3459166.459202143829316, 1928141.565995154902339 ], [ 3459165.760356352198869, 1928146.222150333225727 ], [ 3459164.461605514399707, 1928155.51785703911446 ], [ 3459162.943304638378322, 1928167.977457370609045 ], [ 3459161.028215644881129, 1928179.191911386093125 ], [ 3459157.338189890608191, 1928191.408494472503662 ], [ 3459150.702164074406028, 1928210.169276553671807 ], [ 3459143.426071854308248, 1928228.734194991644472 ], [ 3459142.170136108063161, 1928231.768327549332753 ], [ 3459135.609363819472492, 1928248.398098881356418 ], [ 3459132.031217026058584, 1928255.451167622581124 ], [ 3459126.565018556080759, 1928266.0474352191668 ], [ 3459124.067842320073396, 1928270.902697080280632 ], [ 3459115.039390040561557, 1928289.961712977616116 ], [ 3459103.954053566791117, 1928310.170885175466537 ], [ 3459092.00107363704592, 1928332.643281085183844 ], [ 3459082.857717771083117, 1928350.309179028961807 ], [ 3459074.773887315765023, 1928368.90802719979547 ], [ 3459073.07104950863868, 1928377.565122233703732 ], [ 3459071.717356360517442, 1928383.23835482634604 ], [ 3459069.882399076595902, 1928386.469967222772539 ], [ 3459066.919442297425121, 1928388.981821851804852 ], [ 3459065.944794705603272, 1928390.556724748574197 ], [ 3459060.616203503683209, 1928402.038001907290891 ], [ 3459049.782837421633303, 1928423.214013566961512 ], [ 3459046.098932101391256, 1928432.201483938610181 ], [ 3459037.64225916704163, 1928451.669610049109906 ], [ 3459031.77306921640411, 1928464.249887963756919 ], [ 3459025.636775674764067, 1928475.764943313319236 ], [ 3459021.039496002718806, 1928486.720734863774851 ], [ 3459011.747575889341533, 1928512.58269826346077 ], [ 3459010.005046441685408, 1928517.715630986029282 ], [ 3459007.854026978835464, 1928529.372945656767115 ], [ 3459005.418732670601457, 1928535.932887646835297 ], [ 3459003.401558379642665, 1928540.607135148486122 ], [ 3459001.079394376836717, 1928544.62619842053391 ], [ 3458998.1708575617522, 1928549.449240411398932 ], [ 3458991.690886293537915, 1928559.407668911386281 ], [ 3458983.657329465262592, 1928571.138368307612836 ], [ 3458981.540615008212626, 1928574.51788129331544 ], [ 3458966.747756959404796, 1928601.600291068200022 ], [ 3458955.28962144581601, 1928622.678888771682978 ], [ 3458946.031479669269174, 1928638.951860730303451 ], [ 3458934.221794395707548, 1928657.768875524168834 ], [ 3458927.369470987468958, 1928669.907849432667717 ], [ 3458925.016750731971115, 1928673.73026652703993 ], [ 3458913.389920421876013, 1928692.416021249257028 ], [ 3458905.144240166526288, 1928706.704180835280567 ], [ 3458898.825207293964922, 1928718.350688743870705 ], [ 3458889.926025678869337, 1928736.278803879860789 ], [ 3458883.334303247742355, 1928751.400758165633306 ], [ 3458875.478747700341046, 1928768.852048719767481 ], [ 3458874.3446324178949, 1928771.361500880215317 ], [ 3458863.480918126180768, 1928792.341051117982715 ], [ 3458850.598964768927544, 1928815.372276555746794 ], [ 3458839.238783167675138, 1928833.811774167930707 ], [ 3458829.751349368598312, 1928848.60989607241936 ], [ 3458824.116452360525727, 1928856.813255027169362 ], [ 3458817.027684659231454, 1928868.083924802951515 ], [ 3458812.787597069051117, 1928876.760870119323954 ], [ 3458804.375694976653904, 1928893.901514861034229 ], [ 3458788.945469122380018, 1928926.033605767413974 ], [ 3458776.51300991140306, 1928948.687301509780809 ], [ 3458770.414081375580281, 1928958.481419977266341 ], [ 3458765.449355919845402, 1928965.766060180263594 ], [ 3458753.584180086385459, 1928979.649364844197407 ], [ 3458744.80360501864925, 1928990.496153907151893 ], [ 3458744.148763040546328, 1928991.513330315472558 ], [ 3458736.8081219419837, 1929001.817260898416862 ], [ 3458727.921774970367551, 1929014.598349622217938 ], [ 3458720.155600495636463, 1929027.394431819673628 ], [ 3458713.546851501334459, 1929038.484107429161668 ], [ 3458708.864015139173716, 1929045.620862348703668 ], [ 3458703.381526503246278, 1929053.49631250044331 ], [ 3458694.791734589729458, 1929064.916494751581922 ], [ 3458687.032287992537022, 1929075.794731575064361 ], [ 3458675.008223964832723, 1929091.924104323843494 ], [ 3458663.10582350473851, 1929107.528682760661468 ], [ 3458647.929241878911853, 1929128.219175644451752 ], [ 3458635.973683037329465, 1929144.135392582276836 ], [ 3458630.513111114501953, 1929150.191350252367556 ], [ 3458625.166978960391134, 1929156.329099133145064 ], [ 3458624.146506258286536, 1929157.609044376527891 ], [ 3458609.32638243958354, 1929174.709256687900051 ], [ 3458590.942377084400505, 1929196.338544791564345 ], [ 3458587.782010735012591, 1929200.194895961787552 ], [ 3458576.145618947222829, 1929214.241945400601253 ], [ 3458561.797558995429426, 1929230.456495704362169 ], [ 3458533.390033704228699, 1929260.81985235423781 ], [ 3458514.015649878419936, 1929282.614364207955077 ], [ 3458490.855956576764584, 1929308.167873342288658 ], [ 3458471.246232578996569, 1929331.716695907292888 ], [ 3458461.057066692970693, 1929344.61454550921917 ], [ 3458445.697924444451928, 1929365.4366014667321 ], [ 3458428.474093584809452, 1929390.605065120384097 ], [ 3458417.387425788212568, 1929406.880916007328779 ], [ 3458411.730792104266584, 1929416.903967358637601 ], [ 3458407.078615661244839, 1929424.237483452772722 ], [ 3458398.833986356854439, 1929439.837318520527333 ], [ 3458391.441575210541487, 1929453.07566707348451 ], [ 3458383.427535734605044, 1929472.773115728516132 ], [ 3458373.439705261960626, 1929492.194695251295343 ], [ 3458368.476346951443702, 1929502.102004426764324 ], [ 3458363.862089341506362, 1929509.025685489876196 ], [ 3458350.329622929450125, 1929525.911235125735402 ], [ 3458334.756350865587592, 1929545.356708839535713 ], [ 3458317.857514334842563, 1929565.426894385367632 ], [ 3458303.755928064696491, 1929587.148820067057386 ], [ 3458303.268632657360286, 1929587.936301007168368 ], [ 3458283.365571385249496, 1929619.402885573916137 ], [ 3458279.017804111354053, 1929626.080269770231098 ], [ 3458276.116648345720023, 1929630.296975906938314 ], [ 3458272.027596126310527, 1929636.023253447609022 ], [ 3458267.253047803416848, 1929642.570084227249026 ], [ 3458260.034164402633905, 1929652.349463394377381 ], [ 3458255.998318493366241, 1929657.764321715105325 ], [ 3458242.618815145455301, 1929675.63328614924103 ], [ 3458236.877109543886036, 1929683.148558924440295 ], [ 3458232.140469335950911, 1929689.285546933533624 ], [ 3458225.94937255140394, 1929697.178453192580491 ], [ 3458219.742989342194051, 1929704.973030049586669 ], [ 3458215.965665165800601, 1929709.436821479117498 ], [ 3458212.188425405882299, 1929713.900498918257654 ], [ 3458208.799342887476087, 1929717.593334548408166 ], [ 3458207.847368018236011, 1929718.660117003135383 ], [ 3458193.194318889640272, 1929734.21955146221444 ], [ 3458190.406871050596237, 1929737.206710730213672 ], [ 3458166.849074346479028, 1929758.892547004623339 ], [ 3458141.943213429767638, 1929781.711288621416315 ], [ 3458092.832228841725737, 1929826.626653859391809 ], [ 3458092.580939734354615, 1929826.971231812844053 ], [ 3458080.89079770911485, 1929840.018827646272257 ], [ 3458075.2475337064825, 1929846.206256525823846 ], [ 3458071.675653182435781, 1929850.030503991059959 ], [ 3458065.818998899310827, 1929856.152658445062116 ], [ 3458057.776540291495621, 1929864.556309520499781 ], [ 3458052.034145885612816, 1929870.760387986432761 ], [ 3458047.876012303866446, 1929875.388542042113841 ], [ 3458047.175331705249846, 1929876.110754230059683 ], [ 3458018.357919604517519, 1929909.065258887363598 ], [ 3457994.100981363561004, 1929934.09624853846617 ], [ 3457993.926138682290912, 1929934.93248902936466 ], [ 3457983.652035814709961, 1929945.32267943280749 ], [ 3457970.84124292852357, 1929957.044097275240347 ], [ 3457962.23508143145591, 1929965.743621370522305 ], [ 3457961.901326994877309, 1929968.825712390942499 ], [ 3457956.836370924022049, 1929973.504420329350978 ], [ 3457951.399210439994931, 1929980.363686700118706 ], [ 3457946.214651169255376, 1929989.501125006470829 ], [ 3457940.877759714610875, 1929998.966634727548808 ], [ 3457940.80928652966395, 1929999.179827132727951 ], [ 3457935.189974371343851, 1930007.481863247230649 ], [ 3457933.042731423862278, 1930010.664892083499581 ], [ 3457930.895587838254869, 1930013.847904735244811 ], [ 3457930.157000709325075, 1930014.979880366241559 ], [ 3457924.597451166715473, 1930021.052613309351727 ], [ 3457916.569670500699431, 1930028.243285574484617 ], [ 3457916.501855139620602, 1930029.767854189267382 ], [ 3457907.803978594951332, 1930037.877412249334157 ], [ 3457907.522113197017461, 1930038.02532848645933 ], [ 3457902.729857842437923, 1930039.228610404999927 ], [ 3457906.961657540407032, 1930044.877944246865809 ], [ 3457907.365837556775659, 1930045.516686681425199 ], [ 3457907.609808682929724, 1930045.778627742314711 ], [ 3457907.640387349296361, 1930045.975292422110215 ], [ 3457907.670966016128659, 1930046.171957099111751 ], [ 3457907.633071788586676, 1930046.58181443111971 ], [ 3457907.321286010555923, 1930047.844442411558703 ], [ 3457907.131156694144011, 1930048.582352735102177 ], [ 3457906.469131822232157, 1930050.206073198700324 ], [ 3457905.875480833929032, 1930051.61661755759269 ], [ 3457905.418760327622294, 1930052.600678267888725 ], [ 3457904.611716970801353, 1930053.945946353022009 ], [ 3457904.192905959673226, 1930054.520248065236956 ], [ 3457903.004945824854076, 1930056.029960581334308 ], [ 3457901.801696401555091, 1930057.441340835066512 ], [ 3457900.40034394338727, 1930058.885777195217088 ], [ 3457899.966243656352162, 1930059.361746668117121 ], [ 3457897.871629507280886, 1930060.921862775692716 ], [ 3457896.226306008175015, 1930062.104358397889882 ], [ 3457895.228475251235068, 1930062.876160845858976 ], [ 3457894.261207986623049, 1930063.844529734691605 ], [ 3457893.476769749540836, 1930064.681608563056216 ], [ 3457892.105996429454535, 1930066.322710246779025 ], [ 3457890.834274738561362, 1930067.947284001624212 ], [ 3457889.692282511852682, 1930069.751978019019589 ], [ 3457888.801477747969329, 1930071.212107393657789 ], [ 3457887.385480445809662, 1930073.86949100298807 ], [ 3457887.400769850239158, 1930073.967823375482112 ], [ 3457885.482874662615359, 1930078.625845225062221 ], [ 3457884.562135556712747, 1930081.200588943902403 ], [ 3457883.443407920189202, 1930083.808470755582675 ], [ 3457882.865047747734934, 1930085.317348794545978 ], [ 3457881.768825689796358, 1930087.417057346086949 ], [ 3457880.840112624224275, 1930089.286946714390069 ], [ 3457880.170016016811132, 1930090.205830599879846 ], [ 3457874.474294968880713, 1930098.016328328056261 ], [ 3457872.36493918299675, 1930100.789410753175616 ], [ 3457871.626370348036289, 1930101.921487965853885 ], [ 3457867.454302872531116, 1930109.07411059201695 ], [ 3457859.193189803510904, 1930121.953236622503027 ], [ 3457857.822419413831085, 1930123.594341647578403 ], [ 3457857.129059033002704, 1930123.710039003985003 ], [ 3457856.67169498745352, 1930123.382822069339454 ], [ 3457854.319030847400427, 1930127.205344217829406 ], [ 3457844.661921334452927, 1930136.98835990880616 ], [ 3457848.646420931443572, 1930139.409317713230848 ], [ 3457848.008970463648438, 1930140.73748897225596 ], [ 3457846.418074640911072, 1930144.099984245607629 ], [ 3457845.512744224164635, 1930146.773146244930103 ], [ 3457844.454948451370001, 1930149.512103094952181 ], [ 3457843.276879258453846, 1930152.52323813457042 ], [ 3457841.858378415927291, 1930154.706993622938171 ], [ 3457840.369677922688425, 1930156.700695643899962 ], [ 3457832.830805906560272, 1930163.244884037645534 ], [ 3457824.515896726865321, 1930167.608431421220303 ], [ 3457824.326832511927933, 1930168.941380938049406 ], [ 3457818.960839655715972, 1930179.329850411275402 ], [ 3457811.297076851129532, 1930185.985784407472238 ], [ 3457803.676354292780161, 1930200.957256795372814 ], [ 3457796.396686599589884, 1930209.233765561599284 ], [ 3457790.85098693612963, 1930215.526085013989359 ], [ 3457787.301455128006637, 1930219.558528444962576 ], [ 3457785.859093646518886, 1930221.26202887785621 ], [ 3457783.332285569049418, 1930224.225946744671091 ], [ 3457780.359298463910818, 1930227.718194865155965 ], [ 3457764.270350564736873, 1930246.655235338723287 ], [ 3457742.415517535060644, 1930270.206344178877771 ], [ 3457739.531875947955996, 1930270.615908531472087 ], [ 3457728.375751618761569, 1930272.200601493241265 ], [ 3457717.992016218602657, 1930293.772492860211059 ], [ 3457709.191288173664361, 1930285.405077395262197 ], [ 3457679.968707703053951, 1930313.202153544872999 ], [ 3457677.100013225805014, 1930315.143677853047848 ], [ 3457652.035673753358424, 1930342.952997755492106 ], [ 3457642.510847104247659, 1930353.521030564792454 ], [ 3457637.653223254717886, 1930356.722594849765301 ], [ 3457633.962578280828893, 1930360.43561234488152 ], [ 3457628.35724452836439, 1930366.082189409062266 ], [ 3457621.28767328010872, 1930374.011075246147811 ], [ 3457616.768049448728561, 1930379.385683840373531 ], [ 3457611.138940879143775, 1930386.186416563112289 ], [ 3457600.457758222706616, 1930400.427850210107863 ], [ 3457592.110996991861612, 1930407.984751111362129 ], [ 3457591.919145028106868, 1930408.319419602164999 ], [ 3457588.532171758357435, 1930414.312101018382236 ], [ 3457588.134773846250027, 1930415.024077081819996 ], [ 3457587.528771887533367, 1930416.093694124603644 ], [ 3457587.24252309370786, 1930416.605530251981691 ], [ 3457586.675343550276011, 1930417.598049758700654 ], [ 3457583.949849107768387, 1930422.42106200219132 ], [ 3457576.674224447458982, 1930435.297325980151072 ], [ 3457571.280360039323568, 1930444.853217483032495 ], [ 3457566.641040228772908, 1930453.052405713358894 ], [ 3457566.23526705102995, 1930453.775868764379993 ], [ 3457565.996217180043459, 1930454.199121561832726 ], [ 3457565.620890236459672, 1930454.856973193353042 ], [ 3457564.075442322995514, 1930457.596630307612941 ], [ 3457560.131204654928297, 1930464.580187940038741 ], [ 3457550.362213398329914, 1930481.877570496406406 ], [ 3457548.091342194005847, 1930485.898458888288587 ], [ 3457543.963536201510578, 1930493.20522166788578 ], [ 3457542.249938444234431, 1930496.235242536058649 ], [ 3457539.803855649195611, 1930500.567747646709904 ], [ 3457533.868059925269336, 1930511.081703590927646 ], [ 3457527.08721981337294, 1930523.088536518160254 ], [ 3457517.045705268159509, 1930540.855146374320611 ], [ 3457514.941563515458256, 1930544.575830412097275 ], [ 3457506.246802222449332, 1930559.958775311242789 ], [ 3457504.02180755045265, 1930560.027426937129349 ], [ 3457497.084817981347442, 1930560.246941326651722 ], [ 3457495.809251789934933, 1930560.278214802732691 ], [ 3457494.170985620468855, 1930560.329661682713777 ], [ 3457486.139764518477023, 1930560.570266345050186 ], [ 3457485.897454843856394, 1930560.580437524942681 ], [ 3457484.773334099911153, 1930561.716346893459558 ], [ 3457472.677821405231953, 1930573.984634566120803 ], [ 3457466.648355768993497, 1930580.105691254604608 ], [ 3457460.432291365228593, 1930586.399128538090736 ], [ 3457450.718895520083606, 1930596.248777035856619 ], [ 3457439.311945010907948, 1930607.810390377417207 ], [ 3457422.684028242714703, 1930618.444217666983604 ], [ 3457421.679433639161289, 1930619.368503052741289 ], [ 3457417.372074879705906, 1930622.710331379901618 ], [ 3457412.739189483225346, 1930625.591871538897976 ], [ 3457411.508901703637093, 1930626.241078537423164 ], [ 3457402.465489933267236, 1930631.415415471885353 ], [ 3457399.611006761901081, 1930633.048929667565972 ], [ 3457383.450244675390422, 1930642.658019476104528 ], [ 3457373.463482823688537, 1930648.56231852248311 ], [ 3457363.043683834373951, 1930654.54746386455372 ], [ 3457348.831746758893132, 1930662.710516408085823 ], [ 3457342.623055061325431, 1930666.437255067517981 ], [ 3457338.534146407619119, 1930668.419535369379446 ], [ 3457333.398313195910305, 1930670.909452939173207 ], [ 3457330.447471306659281, 1930672.280108709586784 ], [ 3457315.314615419134498, 1930679.242485598661005 ], [ 3457295.449545670300722, 1930688.27181690139696 ], [ 3457294.537882096134126, 1930688.689288812456653 ], [ 3457263.699659227393568, 1930702.807593823643401 ], [ 3457251.497564094141126, 1930708.453136242460459 ], [ 3457226.52790066273883, 1930720.006581858033314 ], [ 3457224.591247764416039, 1930721.537382833193988 ], [ 3457224.31164586590603, 1930721.634487756062299 ], [ 3457219.164637168403715, 1930723.431696811690927 ], [ 3457215.887126107700169, 1930724.573898921953514 ], [ 3457215.30964129185304, 1930724.781248348532245 ], [ 3457208.616367193404585, 1930726.241290284553543 ], [ 3457207.209129992872477, 1930726.536774519365281 ], [ 3457202.176646905485541, 1930727.306020577903837 ], [ 3457177.073563545010984, 1930730.032721404451877 ], [ 3457157.391871553845704, 1930732.137240453390405 ], [ 3457116.411403101868927, 1930736.535274247406051 ], [ 3457090.628758264705539, 1930739.335087326355278 ], [ 3457083.064971474930644, 1930740.163715947885066 ], [ 3457082.85543558280915, 1930740.188597273547202 ], [ 3457031.589575013145804, 1930745.687968018231913 ], [ 3457015.495777146890759, 1930747.536670304136351 ], [ 3456992.205177078023553, 1930750.939583478029817 ], [ 3456972.375965233426541, 1930755.298283338313922 ], [ 3456912.510027669835836, 1930771.887775170849636 ], [ 3456906.620614217594266, 1930773.223899341421202 ], [ 3456783.342543167527765, 1930789.088143292581663 ], [ 3456779.991499479394406, 1930789.496103540062904 ], [ 3456777.787284646183252, 1930789.763101191259921 ], [ 3456744.824697772040963, 1930794.619104985846207 ], [ 3456717.376235865987837, 1930798.665693613933399 ], [ 3456714.383403451181948, 1930799.023962001781911 ], [ 3456706.998710767831653, 1930799.893391926307231 ], [ 3456673.324737457558513, 1930803.8996823632624 ], [ 3456665.461527774576098, 1930804.828707671258599 ], [ 3456653.856503802817315, 1930806.200761363375932 ], [ 3456649.596452817786485, 1930806.71000589360483 ], [ 3456635.593985840212554, 1930807.695294981822371 ], [ 3456630.433372166007757, 1930808.425469039706513 ], [ 3456626.457693595439196, 1930808.998328726971522 ], [ 3456605.830130431335419, 1930815.215524135157466 ], [ 3456568.975614985451102, 1930829.024088819045573 ], [ 3456564.598057322669774, 1930830.672792255412787 ], [ 3456535.995006716810167, 1930841.409293229226023 ], [ 3456532.415104038082063, 1930842.763449467020109 ], [ 3456529.975675253663212, 1930843.675037716748193 ], [ 3456516.754074137657881, 1930848.636110365157947 ], [ 3456501.812973107211292, 1930854.237187399761751 ], [ 3456495.734311757143587, 1930856.512841255404055 ], [ 3456488.321564345620573, 1930859.293647578451782 ], [ 3456486.852063541766256, 1930859.841577950399369 ], [ 3456467.141081375535578, 1930867.247767775319517 ], [ 3456457.244069289881736, 1930870.977924519218504 ], [ 3456448.120313632767648, 1930874.387336785905063 ], [ 3456445.076845691539347, 1930875.530903784558177 ], [ 3456442.955110479146242, 1930876.328941165469587 ], [ 3456438.567766080610454, 1930877.979397105751559 ], [ 3456433.410840096883476, 1930879.909532927442342 ], [ 3456406.295681182295084, 1930890.08496353123337 ], [ 3456395.311529635451734, 1930894.208557714708149 ], [ 3456394.804550347384065, 1930896.633643181761727 ], [ 3456394.039951507933438, 1930900.342732770135626 ], [ 3456392.754398478195071, 1930907.235889720264822 ], [ 3456390.996157267596573, 1930916.709929554490373 ], [ 3456390.505590751301497, 1930916.822076515294611 ], [ 3456359.413439302705228, 1930923.969116560649127 ], [ 3456357.712236518040299, 1930924.596082008676603 ], [ 3456347.64388922508806, 1930928.334697677288204 ], [ 3456342.540082308463752, 1930926.9470052968245 ], [ 3456334.516838845796883, 1930929.264785126550123 ], [ 3456330.985109764151275, 1930920.865381800802425 ], [ 3456325.98568959813565, 1930922.174015433294699 ], [ 3456328.980598024092615, 1930929.866017120890319 ], [ 3456329.890130802057683, 1930932.185925992205739 ], [ 3456330.532607868313789, 1930933.834115086123347 ], [ 3456329.676346856169403, 1930935.712184633826837 ], [ 3456327.769606423564255, 1930936.716473089531064 ], [ 3456325.751651412341744, 1930937.789768147049472 ], [ 3456325.328861981630325, 1930938.011667109793052 ], [ 3456324.553323048632592, 1930938.121038218494505 ], [ 3456324.045106444973499, 1930938.185688872588798 ], [ 3456321.339425543788821, 1930938.496061135083437 ], [ 3456309.798053234349936, 1930945.113697609398514 ], [ 3456300.867199964821339, 1930951.396494369488209 ], [ 3456295.9699238948524, 1930955.845736543415114 ], [ 3456293.549935546703637, 1930955.83613201463595 ], [ 3456289.078274603467435, 1930958.186613332014531 ], [ 3456276.003251906018704, 1930965.070342188235372 ], [ 3456267.136213232763112, 1930969.738401426235214 ], [ 3456259.825589030049741, 1930973.763304988387972 ], [ 3456259.107167937327176, 1930971.16936724120751 ], [ 3456254.961325285956264, 1930972.739085672656074 ], [ 3456250.613254494033754, 1930975.361515757860616 ], [ 3456243.110762354452163, 1930978.217997762607411 ], [ 3456241.564254059456289, 1930978.859503763029352 ], [ 3456233.574660118669271, 1930981.393645036267117 ], [ 3456228.305408731102943, 1930982.53547246218659 ], [ 3456218.39462913107127, 1930984.674098608084023 ], [ 3456216.021512677427381, 1930985.423314133891836 ], [ 3456213.735913475044072, 1930986.14783310261555 ], [ 3456201.238370093517005, 1930988.708047746680677 ], [ 3456187.145497858989984, 1930991.595187260070816 ], [ 3456181.930471499916166, 1930994.392603470478207 ], [ 3456180.676750483456999, 1930998.223709334153682 ], [ 3456148.359673220198601, 1931012.980308750178665 ], [ 3456141.367142596282065, 1931016.175418977160007 ], [ 3456132.022133232560009, 1931020.449134158203378 ], [ 3456126.898304073140025, 1931022.787436225218698 ], [ 3456125.645890276413411, 1931023.359680912457407 ], [ 3456123.935219031292945, 1931020.52781746420078 ], [ 3456100.829281284473836, 1931035.704165773000568 ], [ 3456088.14337515598163, 1931044.893877094378695 ], [ 3456084.992323447018862, 1931047.175285888370126 ], [ 3456075.658561483491212, 1931053.939053586218506 ], [ 3456075.980717888101935, 1931056.467987741809338 ], [ 3456076.279120341408998, 1931058.778834558324888 ], [ 3456072.714105358812958, 1931060.685441399924457 ], [ 3456069.778985873796046, 1931062.264954427955672 ], [ 3456064.3849629573524, 1931065.152906415285543 ], [ 3456062.846903472207487, 1931065.9140764195472 ], [ 3456058.987755405250937, 1931069.261923196958378 ], [ 3456053.102969722822309, 1931072.262062504189089 ], [ 3456050.103585471399128, 1931068.918925268109888 ], [ 3456033.526864610612392, 1931080.796047911047935 ], [ 3456018.114413824398071, 1931098.067889013327658 ], [ 3456020.1382603244856, 1931099.646919701946899 ], [ 3456006.365681260824203, 1931112.760885117808357 ], [ 3456000.653319583740085, 1931118.228206291561946 ], [ 3455989.481124665122479, 1931128.866162628633901 ], [ 3455987.286281323526055, 1931130.957706374814734 ], [ 3455982.218039098195732, 1931134.83023447310552 ], [ 3455977.575687195640057, 1931138.369466356700286 ], [ 3455975.194149722810835, 1931140.633417463395745 ], [ 3455963.419243182986975, 1931154.765947044594213 ], [ 3455951.182819557376206, 1931169.197376311989501 ], [ 3455949.018388737924397, 1931167.107111836317927 ], [ 3455948.29682882828638, 1931168.609715205384418 ], [ 3455947.757885830011219, 1931168.215419135754928 ], [ 3455940.566750746686012, 1931163.031246565748006 ], [ 3455928.519628148525953, 1931180.032470863079652 ], [ 3455914.420830680988729, 1931204.379287293413654 ], [ 3455914.032714204397053, 1931205.150185491424054 ], [ 3455904.348962866701186, 1931221.294357293983921 ], [ 3455893.858432126697153, 1931238.783862009644508 ], [ 3455889.457891782280058, 1931245.773460258729756 ], [ 3455880.687584716826677, 1931259.949199293274432 ], [ 3455880.048114509321749, 1931261.064820472616702 ], [ 3455865.294696610420942, 1931286.428866977570578 ], [ 3455863.863636340480298, 1931288.988167410017923 ], [ 3455862.844668328296393, 1931292.891003558877856 ], [ 3455862.647280022501945, 1931294.23549242108129 ], [ 3455862.617405672557652, 1931295.35024310904555 ], [ 3455862.686581592075527, 1931296.448459428735077 ], [ 3455862.854807778261602, 1931297.53014137968421 ], [ 3455863.122084226459265, 1931298.595288960728794 ], [ 3455863.587445879355073, 1931299.627269449876621 ], [ 3455864.052822843194008, 1931300.659348276210949 ], [ 3455864.701006998308003, 1931301.560023622354493 ], [ 3455866.878465099260211, 1931302.849283295916393 ], [ 3455862.148032447323203, 1931306.445422974415123 ], [ 3455843.409754830878228, 1931333.826591164106503 ], [ 3455842.970431682653725, 1931334.464898525271565 ], [ 3455841.501799101009965, 1931336.586568802595139 ], [ 3455822.215998098254204, 1931364.563606798648834 ], [ 3455816.852238088846207, 1931372.611928260885179 ], [ 3455816.70453475182876, 1931372.838360125431791 ], [ 3455813.921139404177666, 1931377.15690931561403 ], [ 3455812.692302401177585, 1931379.056854798691347 ], [ 3455810.671021857764572, 1931382.198950868332759 ], [ 3455810.380932280328125, 1931382.620660826331005 ], [ 3455794.315954499877989, 1931406.085209076525643 ], [ 3455776.271995610557497, 1931432.180279470747337 ], [ 3455771.924548866227269, 1931438.464936331147328 ], [ 3455767.976075471844524, 1931444.17855312093161 ], [ 3455767.942572900094092, 1931444.224500995362177 ], [ 3455762.384874610230327, 1931451.548461678437889 ], [ 3455759.224426099099219, 1931454.880732251564041 ], [ 3455752.037835405673832, 1931462.446448792004958 ], [ 3455751.365382748655975, 1931463.153943123994395 ], [ 3455749.635126444976777, 1931464.966190452920273 ], [ 3455735.152154030278325, 1931480.176394990645349 ], [ 3455727.777347602881491, 1931487.904696356272325 ], [ 3455725.980087814852595, 1931489.808841830119491 ], [ 3455688.214365679305047, 1931529.184207475977018 ], [ 3455681.70334886200726, 1931536.324423663085327 ], [ 3455669.678681056480855, 1931547.674030598253012 ], [ 3455666.81204604357481, 1931550.412474344717339 ], [ 3455661.454551370814443, 1931553.143006447236985 ], [ 3455658.359111638274044, 1931555.324407193111256 ], [ 3455654.022822632919997, 1931558.479703456396237 ], [ 3455650.938817749731243, 1931560.669285164214671 ], [ 3455644.28522029472515, 1931564.867203663336113 ], [ 3455634.643518097233027, 1931569.846440855879337 ], [ 3455630.277837974019349, 1931572.028032148256898 ], [ 3455628.688026140909642, 1931572.848419542890042 ], [ 3455619.88883434375748, 1931577.364172080764547 ], [ 3455619.287131194956601, 1931577.676485173171386 ], [ 3455612.400968233589083, 1931580.379734653048217 ], [ 3455610.063777672126889, 1931581.294522601412609 ], [ 3455605.911688460037112, 1931582.693887741537765 ], [ 3455601.557811150327325, 1931584.167295153951272 ], [ 3455600.882028883323073, 1931584.330654988763854 ], [ 3455594.889094893354923, 1931585.785110665252432 ], [ 3455556.145208154805005, 1931595.219344277400523 ], [ 3455537.584406329318881, 1931600.023018595762551 ], [ 3455535.793204531539232, 1931600.463287968421355 ], [ 3455515.273572840262204, 1931605.543539811391383 ], [ 3455512.885813783388585, 1931606.133844994474202 ], [ 3455511.968608370982111, 1931606.377764696022496 ], [ 3455511.257779316511005, 1931606.577142680762336 ], [ 3455507.347069683950394, 1931607.633659346960485 ], [ 3455493.421647043898702, 1931611.401106793666258 ], [ 3455491.978649654891342, 1931611.793337147915736 ], [ 3455490.697118503972888, 1931612.047634658170864 ], [ 3455482.675864608027041, 1931613.659224301576614 ], [ 3455482.43129867920652, 1931613.720230528153479 ], [ 3455461.108711, 1931619.126250182976946 ], [ 3455402.931858363095671, 1931632.329585230443627 ], [ 3455402.734770918264985, 1931632.374392851954326 ], [ 3455402.684233646839857, 1931632.370924937073141 ], [ 3455371.630701250396669, 1931630.29149026889354 ], [ 3455367.745058475062251, 1931631.051159382564947 ], [ 3455366.374398067593575, 1931631.320441778283566 ], [ 3455364.354581414721906, 1931631.728263902245089 ], [ 3455359.603417452424765, 1931632.672784574097022 ], [ 3455353.461668867152184, 1931633.889814108377323 ], [ 3455350.593181205913424, 1931634.459497139789164 ], [ 3455344.274786758236587, 1931635.716208340832964 ], [ 3455342.264875214546919, 1931636.122378061991185 ], [ 3455334.162839403375983, 1931637.737296053441241 ], [ 3455333.804730403237045, 1931637.786992305656895 ], [ 3455331.00163412373513, 1931638.25506104901433 ], [ 3455323.14554842049256, 1931639.556521374499425 ], [ 3455313.764110050164163, 1931641.112737613962963 ], [ 3455311.634636785369366, 1931641.468247393146157 ], [ 3455304.491710469126701, 1931642.650651528732851 ], [ 3455304.154940899927169, 1931642.706874372670427 ], [ 3455301.571632253471762, 1931643.804017066257074 ], [ 3455301.266908167395741, 1931643.935601003235206 ], [ 3455300.521864350419492, 1931644.241684903157875 ], [ 3455299.844610715284944, 1931644.526261651422828 ], [ 3455293.265685046091676, 1931647.309440465644002 ], [ 3455292.70423241565004, 1931647.554506899556145 ], [ 3455291.940892824437469, 1931647.873633445473388 ], [ 3455291.368005773983896, 1931648.110519985435531 ], [ 3455290.005222117528319, 1931648.691144517855719 ], [ 3455289.965602170675993, 1931648.697758985916153 ], [ 3455288.678900493774563, 1931649.245504101738334 ], [ 3455287.344203338958323, 1931649.811350902542472 ], [ 3455285.951605720911175, 1931650.396953005343676 ], [ 3455285.408433660399169, 1931650.628878800896928 ], [ 3455284.10192206222564, 1931651.179931349353865 ], [ 3455281.384631434455514, 1931652.329710508463904 ], [ 3455278.561345856171101, 1931653.517363347811624 ], [ 3455278.085979291237891, 1931653.727880391757935 ], [ 3455277.122282297816128, 1931654.130901047494262 ], [ 3455275.901955833658576, 1931654.647387739503756 ], [ 3455274.767616321332753, 1931655.129341345280409 ], [ 3455273.880115653388202, 1931655.499564384110272 ], [ 3455271.497165178880095, 1931656.51281588175334 ], [ 3455269.665861330926418, 1931657.282637782860547 ], [ 3455268.98860787646845, 1931657.56721521448344 ], [ 3455268.24507841328159, 1931657.883035110542551 ], [ 3455267.062743492424488, 1931658.383090666495264 ], [ 3455266.243033044505864, 1931658.731806678930297 ], [ 3455264.918241136241704, 1931659.296000841073692 ], [ 3455260.691824396140873, 1931661.131550443358719 ], [ 3455256.929240809287876, 1931662.748419879935682 ], [ 3455253.565941867418587, 1931664.187651915941387 ], [ 3455247.079222619067878, 1931666.975625195307657 ], [ 3455238.211098717525601, 1931670.786785867530853 ], [ 3455234.410524449311197, 1931672.420089647639543 ], [ 3455232.257647179067135, 1931673.34448932367377 ], [ 3455231.648854807950556, 1931673.415860353736207 ], [ 3455231.089587355963886, 1931673.478963219560683 ], [ 3455225.548081570770591, 1931674.111639494076371 ], [ 3455223.340726733207703, 1931674.359090451849625 ], [ 3455221.133371897507459, 1931674.606541515095159 ], [ 3455220.773733579088002, 1931674.646405338542536 ], [ 3455210.299499212298542, 1931675.840291777160019 ], [ 3455206.635310630779713, 1931676.260340166511014 ], [ 3455201.991356011480093, 1931676.783427909715101 ], [ 3455200.433942959178239, 1931676.962727612350136 ], [ 3455198.766045638825744, 1931677.150383888743818 ], [ 3455173.066072437912226, 1931680.220462098252028 ], [ 3455171.00197583809495, 1931680.474265466909856 ], [ 3455166.995815703179687, 1931680.981777627253905 ], [ 3455149.815835537854582, 1931683.164058031048626 ], [ 3455142.252168986015022, 1931684.124159421073273 ], [ 3455136.492025847546756, 1931684.853883328614756 ], [ 3455124.338791884016246, 1931692.50241148751229 ], [ 3455116.89693097025156, 1931697.185165556147695 ], [ 3455108.206508369650692, 1931702.661529587348923 ], [ 3455106.431405293289572, 1931703.270644568605348 ], [ 3455088.665466501377523, 1931709.394656418589875 ], [ 3455085.872196070384234, 1931705.613673647167161 ], [ 3455069.277929972857237, 1931683.010847271187231 ], [ 3455063.687756585422903, 1931675.393496053759009 ], [ 3455060.548810275271535, 1931671.120784078259021 ], [ 3455054.287712183780968, 1931661.83525925828144 ], [ 3455052.30183164589107, 1931658.867737095337361 ], [ 3455045.155428837053478, 1931648.267126524820924 ], [ 3455043.808639925904572, 1931646.272418739506975 ], [ 3455043.213028875179589, 1931645.383145492291078 ], [ 3455043.360773359425366, 1931640.235131001798436 ], [ 3455031.310963335447013, 1931617.144284493755549 ], [ 3455026.543471178039908, 1931608.053210197016597 ], [ 3455021.791274731047451, 1931599.060471707722172 ], [ 3455021.234862572047859, 1931598.74991153087467 ], [ 3455020.396579859778285, 1931598.587198813911527 ], [ 3455019.489836185239255, 1931598.637693980243057 ], [ 3455018.697436898481101, 1931598.769987974548712 ], [ 3455017.836576659232378, 1931599.115489869844168 ], [ 3455013.392526182346046, 1931609.744466512696818 ], [ 3454983.961784968152642, 1931685.784395140362903 ], [ 3454967.227742924820632, 1931728.697047929279506 ], [ 3454960.165005405899137, 1931726.178225621115416 ], [ 3454940.128642647061497, 1931719.535603380762041 ], [ 3454909.716521426104009, 1931730.464823403861374 ], [ 3454908.741318518761545, 1931730.728530864231288 ], [ 3454867.883843519259244, 1931744.410724901827052 ], [ 3454865.18703906564042, 1931745.365529741859064 ], [ 3454863.830932242795825, 1931745.793723460054025 ], [ 3454861.713017160072923, 1931746.55088723031804 ], [ 3454859.678956021554768, 1931747.193161506904289 ], [ 3454856.867692717816681, 1931748.066086765378714 ], [ 3454854.170774107798934, 1931749.020810722839087 ], [ 3454850.003503227606416, 1931750.321914195083082 ], [ 3454842.346931321080774, 1931752.710140247363597 ], [ 3454840.213721605483443, 1931753.368969604140148 ], [ 3454838.179561660159379, 1931754.011261725565419 ], [ 3454836.709209425840527, 1931754.357641576556489 ], [ 3454836.610159679315984, 1931754.374178949277848 ], [ 3454833.78360180510208, 1931755.148770339554176 ], [ 3454831.932246490847319, 1931755.659652262693271 ], [ 3454829.006737980991602, 1931756.450764890294522 ], [ 3454825.700241712853312, 1931757.406478060875088 ], [ 3454820.9080831236206, 1931758.610137902200222 ], [ 3454819.452926879283041, 1931759.054870822932571 ], [ 3454817.106322979554534, 1931759.648440644843504 ], [ 3454816.032070778310299, 1931759.928688185289502 ], [ 3454809.982855672948062, 1931761.544007772346959 ], [ 3454781.717708639800549, 1931769.290084107546136 ], [ 3454781.534904167521745, 1931769.421495004557073 ], [ 3454775.554885215125978, 1931772.135052583646029 ], [ 3454773.58190596010536, 1931773.17069204011932 ], [ 3454772.271684816107154, 1931773.893897041911259 ], [ 3454770.710298594087362, 1931774.96170584205538 ], [ 3454768.897549229674041, 1931776.374151558382437 ], [ 3454766.551681680604815, 1931778.279166322667152 ], [ 3454762.675018353387713, 1931781.448662419803441 ], [ 3454760.298660152591765, 1931783.156989557668567 ], [ 3454737.189884845167398, 1931800.534605808090419 ], [ 3454735.826599121559411, 1931801.569341588765383 ], [ 3454732.650466504972428, 1931804.016542604193091 ], [ 3454729.489728265441954, 1931806.562063449528068 ], [ 3454725.079950626008213, 1931810.224135931348428 ], [ 3454724.996196049265563, 1931810.339009563438594 ], [ 3454723.015939436387271, 1931811.981206244323403 ], [ 3454722.368476993404329, 1931812.391978037077934 ], [ 3454721.606669755652547, 1931812.720951639348641 ], [ 3454720.730517720803618, 1931812.968127049505711 ], [ 3454719.45816695690155, 1931813.28145338059403 ], [ 3454718.368719493038952, 1931813.463351832469925 ], [ 3454713.149676577188075, 1931814.536523632472381 ], [ 3454709.416493293829262, 1931815.361711668549106 ], [ 3454703.222347907721996, 1931816.698581801494583 ], [ 3454697.904255547560751, 1931817.788293530000374 ], [ 3454675.756062750704587, 1931822.39447160763666 ], [ 3454661.748800477012992, 1931832.299929799279198 ], [ 3454646.302158838603646, 1931816.618245067074895 ], [ 3454645.651422276627272, 1931816.152732168091461 ], [ 3454628.757109182886779, 1931819.981598183279857 ], [ 3454573.415081843733788, 1931781.047798414947465 ], [ 3454522.143780957907438, 1931784.160797324031591 ], [ 3454524.565419259481132, 1931788.296403963584453 ], [ 3454510.4522591130808, 1931790.269575485726818 ], [ 3454500.964966938830912, 1931791.732689685886726 ], [ 3454499.166049301158637, 1931791.992696991655976 ], [ 3454498.712234952487051, 1931791.231083642924204 ], [ 3454495.813169251196086, 1931786.378061395836994 ], [ 3454493.28624621918425, 1931786.073672602884471 ], [ 3454491.79263152834028, 1931785.879144325153902 ], [ 3454490.763738246634603, 1931784.164296296890825 ], [ 3454480.863284917082638, 1931786.695209576981142 ], [ 3454475.556773620657623, 1931788.055416943505406 ], [ 3454474.426953048445284, 1931788.435753325698897 ], [ 3454458.411678907461464, 1931793.793592005036771 ], [ 3454458.690115325618535, 1931794.342352266889066 ], [ 3454456.061079314909875, 1931795.40684005129151 ], [ 3454456.553427702747285, 1931796.938872104510665 ], [ 3454449.734478523954749, 1931799.681583299068734 ], [ 3454438.561377312522382, 1931803.373268814291805 ], [ 3454437.310938324779272, 1931800.626079262932763 ], [ 3454435.024789725895971, 1931801.67367272474803 ], [ 3454433.469203655142337, 1931802.387414874043316 ], [ 3454431.145063849166036, 1931803.451441070297733 ], [ 3454422.441482461523265, 1931807.144443587400019 ], [ 3454419.59104687999934, 1931808.810885968385264 ], [ 3454419.621797366533428, 1931810.641950043151155 ], [ 3454417.125770577695221, 1931810.927557358518243 ], [ 3454417.216012948192656, 1931811.507740684552118 ], [ 3454404.64038340607658, 1931813.173783730249852 ], [ 3454401.217014797963202, 1931814.814823377877474 ], [ 3454391.034428616985679, 1931821.216605586698279 ], [ 3454388.099685129243881, 1931823.18970965500921 ], [ 3454384.37327224900946, 1931825.234466754598543 ], [ 3454382.426225039176643, 1931826.306156113510951 ], [ 3454376.443959704600275, 1931829.070605361135677 ], [ 3454376.522545757237822, 1931829.249174853553995 ], [ 3454368.814263235777617, 1931831.827639374416322 ], [ 3454366.143960053101182, 1931833.998828905867413 ], [ 3454366.309357340447605, 1931835.454196015372872 ], [ 3454364.082011554390192, 1931836.5525109723676 ], [ 3454362.409678171854466, 1931835.600986442761496 ], [ 3454349.921359610743821, 1931841.943762418814003 ], [ 3454349.834398060105741, 1931841.776680391049013 ], [ 3454335.667581585235894, 1931851.113672904903069 ], [ 3454312.504276942461729, 1931860.691829099552706 ], [ 3454303.442612714599818, 1931864.434670844115317 ], [ 3454292.087329056113958, 1931870.679086862597615 ], [ 3454291.233631478622556, 1931872.899972427403554 ], [ 3454288.56126718968153, 1931874.143223767401651 ], [ 3454283.416548592504114, 1931875.758941187523305 ], [ 3454279.505094937980175, 1931877.986046714242548 ], [ 3454269.10957430396229, 1931879.752111351815984 ], [ 3454274.716794299893081, 1931886.009219682542607 ], [ 3454265.196727017872036, 1931894.186977778794244 ], [ 3454264.698196914047003, 1931893.85657000192441 ], [ 3454253.210567115340382, 1931904.542100789025426 ], [ 3454249.849833434447646, 1931906.586453257361427 ], [ 3454248.879280003253371, 1931905.638718969887123 ], [ 3454245.531949837226421, 1931906.984589470550418 ], [ 3454242.117162045091391, 1931909.138758113142103 ], [ 3454239.865867724642158, 1931910.99776042252779 ], [ 3454237.808563639875501, 1931912.471254783216864 ], [ 3454233.580585994757712, 1931915.538064560852945 ], [ 3454234.611743628047407, 1931917.202089982107282 ], [ 3454223.9995112339966, 1931924.956891576293856 ], [ 3454215.447507296223193, 1931927.141662885667756 ], [ 3454210.664796958211809, 1931931.542057247832417 ], [ 3454204.256517860107124, 1931936.859585957136005 ], [ 3454202.842217450961471, 1931936.782982675125822 ], [ 3454202.015833449084312, 1931938.787444079527631 ], [ 3454194.647190651856363, 1931946.162076412467286 ], [ 3454191.69011303409934, 1931950.408869528910145 ], [ 3454187.909013235941529, 1931954.25863878801465 ], [ 3454189.923821993172169, 1931955.77859375695698 ], [ 3454182.83690557256341, 1931964.115094907348976 ], [ 3454182.122648479416966, 1931963.639106790535152 ], [ 3454175.049680992029607, 1931971.216603274689987 ], [ 3454174.780867049004883, 1931971.513715939363465 ], [ 3454175.381655669305474, 1931972.109541367506608 ], [ 3454172.420865626074374, 1931975.15646241675131 ], [ 3454170.066939260344952, 1931977.597597523825243 ], [ 3454168.136461621616036, 1931975.639821354998276 ], [ 3454160.548334474209696, 1931984.281983106629923 ], [ 3454156.667411803267896, 1931987.946646822383627 ], [ 3454156.782559297978878, 1931988.098933473229408 ], [ 3454154.347491260617971, 1931989.887741840211675 ], [ 3454153.755730457603931, 1931989.088627924444154 ], [ 3454145.878719323780388, 1931994.893563173245639 ], [ 3454144.878972243051976, 1931994.868809078121558 ], [ 3454141.559619477484375, 1931997.309830773854628 ], [ 3454128.982158703263849, 1932000.923381482250988 ], [ 3454122.984633773565292, 1932003.589649428846315 ], [ 3454116.852985403034836, 1932010.293560596648604 ], [ 3454109.516327492427081, 1932016.240428822347894 ], [ 3454104.151825421489775, 1932020.102387213846669 ], [ 3454101.183895610738546, 1932022.646057840669528 ], [ 3454096.545036100316793, 1932026.729877505451441 ], [ 3454061.399602133315057, 1932057.336958570638672 ], [ 3454018.22677792282775, 1932103.822929483838379 ], [ 3453988.202468706760556, 1932115.808210629969835 ], [ 3453954.139023636933416, 1932127.893026223406196 ], [ 3453945.78747146949172, 1932126.139927211683244 ], [ 3453916.02716512279585, 1932117.610602779779583 ], [ 3453883.015769957564771, 1932105.820693843532354 ], [ 3453875.025469144806266, 1932089.731296960962936 ], [ 3453833.010052843019366, 1932087.738525495165959 ], [ 3453803.293094844557345, 1932089.614280861569569 ], [ 3453784.256524849217385, 1932101.550955246435478 ], [ 3453755.607391736935824, 1932121.005083837779239 ], [ 3453729.014944561757147, 1932142.052910507190973 ], [ 3453723.922252962831408, 1932146.616251848870888 ], [ 3453714.094827978406101, 1932155.4309339185711 ], [ 3453702.714492860715836, 1932170.921535655157641 ], [ 3453688.386033142916858, 1932194.178735903697088 ], [ 3453664.924307274166495, 1932231.43155075982213 ], [ 3453646.123792938888073, 1932262.457666512113065 ], [ 3453637.096561065874994, 1932276.677616463508457 ], [ 3453632.034051774535328, 1932284.635994860669598 ], [ 3453631.029902510344982, 1932286.216166622471064 ], [ 3453627.691723019815981, 1932291.475179971195757 ], [ 3453621.782820573076606, 1932301.047925431514159 ], [ 3453609.731404373422265, 1932320.585458573652431 ], [ 3453592.503903873730451, 1932346.829133280785754 ], [ 3453575.204816698562354, 1932374.245044060051441 ], [ 3453572.591561301145703, 1932378.807929262518883 ], [ 3453559.385560441762209, 1932401.898030006326735 ], [ 3453555.399182207882404, 1932408.869494681945071 ], [ 3453549.834254147019237, 1932418.75813598302193 ], [ 3453539.173853386193514, 1932437.70023863739334 ], [ 3453538.689699167851359, 1932438.507514477008954 ], [ 3453529.117162672337145, 1932454.382445507217199 ], [ 3453528.756648797076195, 1932454.027986113680527 ], [ 3453515.217668675817549, 1932469.202380852075294 ], [ 3453517.039009431842715, 1932470.458406271412969 ], [ 3453510.567119101062417, 1932478.133121085353196 ], [ 3453506.960303393192589, 1932481.469741299981251 ], [ 3453503.246950937435031, 1932484.904766843887046 ], [ 3453502.720200460404158, 1932488.443241527536884 ], [ 3453502.275540983770043, 1932491.463547026040033 ], [ 3453501.971252275630832, 1932496.236109550343826 ], [ 3453500.746323759201914, 1932505.803353488212451 ], [ 3453499.950229201000184, 1932508.720923306187615 ], [ 3453497.326319150160998, 1932518.310031201457605 ], [ 3453492.513836916070431, 1932528.789278767537326 ], [ 3453475.796980503480881, 1932548.450414378196001 ], [ 3453463.212501275818795, 1932563.254596950020641 ], [ 3453454.902897549793124, 1932570.655613352544606 ], [ 3453446.349276663735509, 1932576.422676487127319 ], [ 3453440.180187806021422, 1932580.076244855066761 ], [ 3453435.360903690569103, 1932580.386821155901998 ], [ 3453431.235914627090096, 1932579.804476003628224 ], [ 3453426.784420615527779, 1932578.560425701551139 ], [ 3453419.871786651667207, 1932577.434914098819718 ], [ 3453414.915209607221186, 1932577.516190673690289 ], [ 3453408.262839515693486, 1932579.565575746819377 ], [ 3453401.854174426756799, 1932582.855593181913719 ], [ 3453397.445438056252897, 1932585.47866647131741 ], [ 3453389.486285911407322, 1932590.167710883542895 ], [ 3453374.929480928461999, 1932599.217635650187731 ], [ 3453365.799299200065434, 1932604.152704349718988 ], [ 3453352.140645780600607, 1932611.529069725191221 ], [ 3453332.870933057274669, 1932620.528806901071221 ], [ 3453320.502662762999535, 1932623.462292833020911 ], [ 3453303.02721895929426, 1932624.333140180446208 ], [ 3453284.475427943747491, 1932624.687496529426426 ], [ 3453256.482557051349431, 1932620.857962442096323 ], [ 3453245.27199667179957, 1932619.017704623751342 ], [ 3453239.39925098977983, 1932618.828264568466693 ], [ 3453234.804389666765928, 1932618.687725014518946 ], [ 3453225.66820085933432, 1932619.860647604800761 ], [ 3453219.949103508144617, 1932620.331618074094877 ], [ 3453214.060149104334414, 1932621.083188669756055 ], [ 3453207.457570916973054, 1932622.276799661573023 ], [ 3453205.44085363810882, 1932622.704519134946167 ], [ 3453199.304685962852091, 1932624.022020617267117 ], [ 3453188.138819122221321, 1932628.217674070503563 ], [ 3453182.975409653503448, 1932629.191109432838857 ], [ 3453169.942500831093639, 1932631.640379807678983 ], [ 3453163.193290169350803, 1932632.414661848219112 ], [ 3453154.248262129724026, 1932633.444592431653291 ], [ 3453138.985709470696747, 1932633.320390551583841 ], [ 3453121.647424816153944, 1932631.807415461400524 ], [ 3453100.63332377653569, 1932631.423013594001532 ], [ 3453087.18832484818995, 1932631.681240364676341 ], [ 3453070.972694764845073, 1932636.86166550940834 ], [ 3453066.800655176863074, 1932637.871327699627727 ], [ 3453051.902326122391969, 1932641.459611908532679 ], [ 3453039.528724258765578, 1932641.811223983531818 ], [ 3453030.958806953392923, 1932642.052204956067726 ], [ 3453026.556981645524502, 1932642.172036143718287 ], [ 3453009.488327451981604, 1932643.045586711028591 ], [ 3453005.302554681431502, 1932635.693638200871646 ], [ 3452971.919735929463059, 1932640.63412062684074 ], [ 3452880.206925856880844, 1932663.572022148873657 ], [ 3452821.670129879377782, 1932694.995998410973698 ], [ 3452820.251751976553351, 1932695.771163218654692 ], [ 3452824.705719802062958, 1932704.628137885592878 ], [ 3452819.258303237613291, 1932707.838440052932128 ], [ 3452814.742749142926186, 1932710.451593357603997 ], [ 3452806.384028390981257, 1932715.665180044714361 ], [ 3452779.126039545051754, 1932733.186596455285326 ], [ 3452757.421560795977712, 1932748.806752860080451 ], [ 3452753.823419364634901, 1932751.567954739322886 ], [ 3452751.261847150046378, 1932753.813895869068801 ], [ 3452745.057827773503959, 1932759.081682975636795 ], [ 3452737.89855792094022, 1932768.042809467995539 ], [ 3452731.544939777813852, 1932775.507316028699279 ], [ 3452725.191323465202004, 1932782.971824994776398 ], [ 3452710.129392952192575, 1932801.831871169852093 ], [ 3452705.141210709698498, 1932809.165284560294822 ], [ 3452703.184695458970964, 1932812.041548662120476 ], [ 3452701.685961457900703, 1932814.24416360934265 ], [ 3452701.800963227637112, 1932809.04559409385547 ], [ 3452689.013907232321799, 1932815.025712904753163 ], [ 3452594.766102649271488, 1932898.932743469253182 ], [ 3452470.946542477235198, 1933052.14006315683946 ], [ 3452456.97624599840492, 1933069.204322002595291 ], [ 3452451.213931664824486, 1933076.321370039368048 ], [ 3452438.03716785274446, 1933092.607377178035676 ], [ 3452425.071865936741233, 1933108.292966831009835 ], [ 3452420.741285296157002, 1933112.78987502749078 ], [ 3452413.386008085217327, 1933120.445537423714995 ], [ 3452396.937951719388366, 1933135.300484755076468 ], [ 3452399.824555744882673, 1933139.418983276002109 ], [ 3452386.008385591208935, 1933149.374795285519212 ], [ 3452384.051852675620466, 1933147.249984692549333 ], [ 3452371.060368147213012, 1933156.301254853140563 ], [ 3452365.355765893589705, 1933160.523221008246765 ], [ 3452359.975274974480271, 1933163.95442052022554 ], [ 3452354.264208242762834, 1933168.984623266151175 ], [ 3452350.600487286224961, 1933172.411661004647613 ], [ 3452345.515199004672468, 1933177.609650059835985 ], [ 3452339.782082061748952, 1933183.803824669215828 ], [ 3452336.520341116469353, 1933186.679325075354427 ], [ 3452335.556202719919384, 1933187.536646681372076 ], [ 3452334.359003012534231, 1933188.594228986417875 ], [ 3452326.825872158166021, 1933194.453449151944369 ], [ 3452325.327922008000314, 1933195.732789931120351 ], [ 3452320.823885249439627, 1933199.572615385521203 ], [ 3452314.940843448508531, 1933203.562077144626528 ], [ 3452307.000328023452312, 1933209.872752974741161 ], [ 3452293.065825773403049, 1933220.504204534227028 ], [ 3452274.916702419519424, 1933232.394706583814695 ], [ 3452247.538356825709343, 1933247.602746420307085 ], [ 3452223.725654629059136, 1933262.215195143828169 ], [ 3452215.168579113204032, 1933268.154692731099203 ], [ 3452205.473493618890643, 1933274.879671031143516 ], [ 3452185.350776667241007, 1933288.976559734437615 ], [ 3452166.31339758541435, 1933301.035602943273261 ], [ 3452150.147210544906557, 1933310.778856097487733 ], [ 3452128.420196814462543, 1933321.814362969482318 ], [ 3452102.538019410334527, 1933335.077599979937077 ], [ 3452088.926709220279008, 1933340.993850351078436 ], [ 3452085.899397264700383, 1933342.306817856850103 ], [ 3452083.331395386718214, 1933343.371436459710822 ], [ 3452067.246398425195366, 1933350.044066620292142 ], [ 3452047.337363362312317, 1933358.394727263366804 ], [ 3452030.528193411417305, 1933364.593070780625567 ], [ 3452014.997388855554163, 1933370.386171180056408 ], [ 3451989.69604014698416, 1933378.043621654156595 ], [ 3451963.76122072013095, 1933382.608644343912601 ], [ 3451948.262045518029481, 1933384.229529561474919 ], [ 3451948.328182171098888, 1933388.768845766782761 ], [ 3451948.395508128218353, 1933392.924562516855076 ], [ 3451928.237972338218242, 1933395.041244101943448 ], [ 3451914.865495076403022, 1933395.439073775429279 ], [ 3451903.599197167903185, 1933395.918910905718803 ], [ 3451897.59323276206851, 1933395.72178114275448 ], [ 3451902.177609155885875, 1933403.632717584492639 ], [ 3451916.449551423545927, 1933428.086120769148692 ], [ 3451926.724062962923199, 1933445.135907646967098 ], [ 3451935.526541981846094, 1933459.909227323252708 ], [ 3451963.230385974049568, 1933506.030526158865541 ], [ 3451972.97102015465498, 1933522.261450389400125 ], [ 3451998.104485916905105, 1933564.271975544979796 ], [ 3452025.873592656571418, 1933604.934058729559183 ], [ 3452044.762887546792626, 1933629.019622207153589 ], [ 3452049.996304177679121, 1933626.732828247593716 ], [ 3452062.085518697742373, 1933621.484436724567786 ], [ 3452067.257619330659509, 1933618.804207497276366 ], [ 3452088.949164271354675, 1933607.827440108172596 ], [ 3452089.033879718743265, 1933592.86830387217924 ], [ 3452078.937568692490458, 1933592.638111047912389 ], [ 3452074.562557709403336, 1933590.644900755025446 ], [ 3452071.299617297016084, 1933587.961440994171426 ], [ 3452068.24120541010052, 1933583.326807506382465 ], [ 3452065.1488635558635, 1933573.249608285492286 ], [ 3452064.742894962895662, 1933569.987888550153002 ], [ 3452064.90071143489331, 1933566.430197119247168 ], [ 3452069.72573330393061, 1933556.947190330596641 ], [ 3452085.507656608242542, 1933534.938742769882083 ], [ 3452102.569986943155527, 1933513.321892741601914 ], [ 3452115.759198945946991, 1933500.120877105509862 ], [ 3452118.255417095962912, 1933495.264506531413645 ], [ 3452121.100309813860804, 1933487.423938093008474 ], [ 3452122.742945345118642, 1933482.306580459699035 ], [ 3452124.834005014039576, 1933463.090025975601748 ], [ 3452124.864201754331589, 1933462.630954684689641 ], [ 3452138.680134777911007, 1933434.191147923702374 ], [ 3452138.714628843590617, 1933433.805415821727365 ], [ 3452147.91311472794041, 1933423.386547177564353 ], [ 3452214.882902848999947, 1933373.75752942613326 ], [ 3452252.24114582920447, 1933343.271525913150981 ], [ 3452265.52545995824039, 1933337.016469518421218 ], [ 3452273.066127645783126, 1933333.557242622366175 ] ] ] } },
{ "type": "Feature", "properties": { "SITE_NAME": "Desembocadura del Millars", "ODESIGNATE": "Zonas Húmedas", "NUT2": 52, "SITE_CODE_": "ES522129", "DESIG_ABBR": "ES50", "SITE_CDDA": "389330_CDDA", "Sup_ha": 317.01873078800003 }, "geometry": { "type": "Polygon", "coordinates": [ [ [ 3457941.392409551423043, 1930233.048134556505829 ], [ 3457958.097439959645271, 1930217.811818117043003 ], [ 3457962.35705460421741, 1930213.378435363527387 ], [ 3457966.728786764200777, 1930207.836801663273945 ], [ 3457975.58068150607869, 1930193.920993269653991 ], [ 3457978.713972840923816, 1930189.30228751222603 ], [ 3457982.01137857278809, 1930185.412926161894575 ], [ 3457985.883833659347147, 1930180.842385514639318 ], [ 3457994.782109224237502, 1930172.780088571831584 ], [ 3458003.500479670241475, 1930166.109642672352493 ], [ 3458027.179918616544455, 1930149.195022515719756 ], [ 3458046.205571259371936, 1930134.570212164893746 ], [ 3458055.047349372413009, 1930127.778413099469617 ], [ 3458064.326410158537328, 1930119.289328497834504 ], [ 3458066.412332508713007, 1930117.085117752896622 ], [ 3458073.649907922837883, 1930108.210319046629593 ], [ 3458078.295968686230481, 1930101.099703488871455 ], [ 3458083.731466545257717, 1930090.962011914467439 ], [ 3458088.730794646777213, 1930079.97916444321163 ], [ 3458094.127047910355031, 1930065.994384648976848 ], [ 3458100.04557817382738, 1930048.048544238321483 ], [ 3458100.849040267989039, 1930045.634517423808575 ], [ 3458105.873572804033756, 1930030.370025895070285 ], [ 3458109.473561693914235, 1930020.256250004284084 ], [ 3458112.529168780427426, 1930012.785555949900299 ], [ 3458115.98653235193342, 1930005.47985899890773 ], [ 3458117.88143245363608, 1930002.046389946015552 ], [ 3458119.688681800849736, 1929998.768782914383337 ], [ 3458128.051719896029681, 1929985.368455068673939 ], [ 3458128.858035757672042, 1929984.083847737405449 ], [ 3458139.55746852979064, 1929966.298712542047724 ], [ 3458140.009721382521093, 1929965.547334373695776 ], [ 3458145.196414228528738, 1929957.600009161280468 ], [ 3458153.131714610382915, 1929946.742607019143179 ], [ 3458153.677701100707054, 1929946.005854411050677 ], [ 3458162.573691471014172, 1929934.725966731319204 ], [ 3458165.912296929396689, 1929930.708614869508892 ], [ 3458186.13253905531019, 1929906.381573704769835 ], [ 3458198.94012557156384, 1929890.97866869205609 ], [ 3458209.828605588525534, 1929877.873188400175422 ], [ 3458220.950210032518953, 1929864.829802782274783 ], [ 3458232.630123511888087, 1929851.128225456923246 ], [ 3458243.098406022880226, 1929838.84950245777145 ], [ 3458249.569273593369871, 1929831.252897445578128 ], [ 3458281.458129846025258, 1929794.588337616529316 ], [ 3458304.114524107426405, 1929768.543612432898954 ], [ 3458319.753413845784962, 1929749.520872593624517 ], [ 3458328.181022687349468, 1929738.430107292020693 ], [ 3458335.891250268556178, 1929726.843656603712589 ], [ 3458339.285356699489057, 1929719.588941578753293 ], [ 3458340.945593554060906, 1929714.580641894834116 ], [ 3458343.045578281395137, 1929709.7209138344042 ], [ 3458345.507905135396868, 1929705.688396634766832 ], [ 3458348.530415927991271, 1929702.056840608129278 ], [ 3458350.924977138172835, 1929699.680017068283632 ], [ 3458350.951635051053017, 1929699.655392764369026 ], [ 3458391.602975106798112, 1929663.597069837618619 ], [ 3458408.374973704107106, 1929647.613509007031098 ], [ 3458420.253631605766714, 1929635.19039064925164 ], [ 3458431.563686733134091, 1929622.246766185155138 ], [ 3458438.256724588572979, 1929613.856557367369533 ], [ 3458439.362472620327026, 1929612.471570448949933 ], [ 3458440.764452124014497, 1929610.704247572924942 ], [ 3458442.279812233056873, 1929608.817125692032278 ], [ 3458447.778469438198954, 1929601.110431340290233 ], [ 3458450.589221541769803, 1929596.051431854022667 ], [ 3458452.626463770400733, 1929590.657328209839761 ], [ 3458453.67708396166563, 1929584.015584504464641 ], [ 3458453.547463985159993, 1929580.698107199976221 ], [ 3458452.818846151232719, 1929575.684863436035812 ], [ 3458452.872347462456673, 1929572.891585746780038 ], [ 3458453.664280926808715, 1929570.207135571399704 ], [ 3458454.962156664114445, 1929567.640138370683417 ], [ 3458454.994133500847965, 1929567.584362134337425 ], [ 3458460.101398945786059, 1929558.863537539262325 ], [ 3458467.491853958927095, 1929544.566348263761029 ], [ 3458472.48153470037505, 1929537.116087921895087 ], [ 3458475.270405424758792, 1929533.876527421874925 ], [ 3458478.430463352706283, 1929530.998844255693257 ], [ 3458481.915407462976873, 1929528.510738047771156 ], [ 3458485.661833534017205, 1929526.463241009041667 ], [ 3458491.241141811013222, 1929524.765678947791457 ], [ 3458495.435581738594919, 1929524.227185556897894 ], [ 3458498.927296101115644, 1929523.906918904511258 ], [ 3458502.418911417014897, 1929523.58666906831786 ], [ 3458507.173062958754599, 1929522.889220853336155 ], [ 3458511.092886885162443, 1929521.868125427281484 ], [ 3458515.260822871699929, 1929520.495725379791111 ], [ 3458520.918955628294498, 1929518.129283066373318 ], [ 3458526.379525714553893, 1929515.341833596350625 ], [ 3458539.592436979990453, 1929507.316496686311439 ], [ 3458554.392936374992132, 1929497.018842819612473 ], [ 3458566.166250058449805, 1929488.820085584418848 ], [ 3458580.848181826528162, 1929477.563675387063995 ], [ 3458584.363516137003899, 1929474.878837977768853 ], [ 3458602.093398001044989, 1929460.349762364523485 ], [ 3458609.176906595937908, 1929454.144047720823437 ], [ 3458619.327595075592399, 1929445.247567524667829 ], [ 3458637.363884616177529, 1929428.115091772982851 ], [ 3458645.904553138650954, 1929419.386353926733136 ], [ 3458665.839281709864736, 1929398.12374570290558 ], [ 3458680.771103193517774, 1929383.768901109695435 ], [ 3458691.030960870906711, 1929375.247686796588823 ], [ 3458701.759740165900439, 1929367.324153554160148 ], [ 3458707.923826208803803, 1929363.309678234625608 ], [ 3458716.267570551019162, 1929358.60874374397099 ], [ 3458726.566330608911812, 1929353.14775902684778 ], [ 3458728.362489654682577, 1929352.020870979409665 ], [ 3458732.380671062506735, 1929358.452577151125297 ], [ 3458732.35034878179431, 1929358.780457289656624 ], [ 3458731.738001238089055, 1929364.188892903272063 ], [ 3458732.367624385748059, 1929367.584445857908577 ], [ 3458740.749404399655759, 1929365.742109845392406 ], [ 3458743.262252730783075, 1929362.296434403629974 ], [ 3458762.908636964857578, 1929335.715226528700441 ], [ 3458777.994652225635946, 1929317.057450769236311 ], [ 3458783.865969141945243, 1929309.722394506912678 ], [ 3458805.956875836011022, 1929279.908745608525351 ], [ 3458822.855962807778269, 1929244.807613760000095 ], [ 3458839.8485082895495, 1929229.261712291976437 ], [ 3458849.963186646346003, 1929219.80643292888999 ], [ 3458854.288942560553551, 1929214.948640400543809 ], [ 3458870.044414488598704, 1929194.060673709027469 ], [ 3458872.762732588220388, 1929189.97555854334496 ], [ 3458894.390073407907039, 1929146.721412114100531 ], [ 3458907.062092745210975, 1929129.943807645933703 ], [ 3458907.43832138646394, 1929124.499536501476541 ], [ 3458902.020840595941991, 1929118.805780819850042 ], [ 3458903.512293502688408, 1929116.045027551008388 ], [ 3458905.578465070575476, 1929112.209950585849583 ], [ 3458912.890872503630817, 1929098.652293831575662 ], [ 3458923.281897303648293, 1929075.875116229755804 ], [ 3458923.767454291228205, 1929074.815566942328587 ], [ 3458929.437393812928349, 1929065.072955053998157 ], [ 3458929.217092011123896, 1929064.897856378927827 ], [ 3458928.986822865903378, 1929064.59327509556897 ], [ 3458928.893027473241091, 1929064.447512675775215 ], [ 3458928.744324431754649, 1929064.210029090987518 ], [ 3458928.744138185400516, 1929063.816623952938244 ], [ 3458928.8422712367028, 1929063.46734546427615 ], [ 3458934.277197784744203, 1929053.259537359233946 ], [ 3458934.674626601859927, 1929052.547598102362826 ], [ 3458963.116660252213478, 1929001.488548658089712 ], [ 3458963.189725916832685, 1929001.304862060351297 ], [ 3458963.308527225162834, 1929001.153898122953251 ], [ 3458964.15211811568588, 1928999.651275616139174 ], [ 3458965.415112553164363, 1928997.382608868880197 ], [ 3458969.468494270928204, 1928990.118890364887193 ], [ 3458969.476870892569423, 1928990.107404865091667 ], [ 3458976.287052805069834, 1928977.894694475689903 ], [ 3458986.093803867232054, 1928959.98673259280622 ], [ 3458988.711978471372277, 1928955.191912543959916 ], [ 3458989.173365140799433, 1928954.368425202090293 ], [ 3459003.375276207923889, 1928928.584912824211642 ], [ 3459022.494526017922908, 1928893.708892704918981 ], [ 3459033.524702522903681, 1928873.538922733394429 ], [ 3459044.708362756296992, 1928854.029350602068007 ], [ 3459040.389173921663314, 1928847.163743474753574 ], [ 3459038.735848377924412, 1928847.641309424536303 ], [ 3459037.051950658205897, 1928847.922214087564498 ], [ 3459034.247998934239149, 1928848.188202871475369 ], [ 3459032.823044402524829, 1928848.173709571827203 ], [ 3459031.398105152882636, 1928848.159314643125981 ], [ 3459030.213139582891017, 1928848.054346535820514 ], [ 3459027.351612504106015, 1928847.623775560641661 ], [ 3459026.040690022520721, 1928847.035416022175923 ], [ 3459024.912587053608149, 1928846.315678151790053 ], [ 3459023.852964698337018, 1928845.382755087222904 ], [ 3459022.633160441182554, 1928844.07313144300133 ], [ 3459021.840124348178506, 1928842.893975509796292 ], [ 3459021.084996721241623, 1928841.304972995771095 ], [ 3459020.802510832902044, 1928840.141528583131731 ], [ 3459020.656986260320991, 1928838.551713764900342 ], [ 3459020.633136969059706, 1928836.437197874067351 ], [ 3459020.837965569924563, 1928834.486295730341226 ], [ 3459021.393063568510115, 1928832.174421146512032 ], [ 3459022.237454313784838, 1928829.108021763851866 ], [ 3459024.755855816882104, 1928821.121856707381085 ], [ 3459026.18653126899153, 1928817.251591512002051 ], [ 3459028.887754939962178, 1928809.134049950167537 ], [ 3459032.875458286609501, 1928798.179107137955725 ], [ 3459034.625902363099158, 1928793.750997132388875 ], [ 3459038.233892912976444, 1928785.583076286595315 ], [ 3459040.768828022293746, 1928780.318037946010008 ], [ 3459045.054905895143747, 1928771.936123146442696 ], [ 3459046.600620323326439, 1928769.458899386925623 ], [ 3459048.168859184253961, 1928766.473515572259203 ], [ 3459049.67605371773243, 1928763.094793018419296 ], [ 3459051.12202120013535, 1928759.322863140841946 ], [ 3459052.13395189633593, 1928756.02675939979963 ], [ 3459053.837932849302888, 1928749.992316582705826 ], [ 3459054.674382079392672, 1928746.221084011718631 ], [ 3459054.970831285696477, 1928744.860184584977105 ], [ 3459055.449604450259358, 1928742.056644125841558 ], [ 3459056.125247869640589, 1928736.597268300130963 ], [ 3459056.420477146748453, 1928732.613679265370592 ], [ 3459057.034894700162113, 1928726.761096548289061 ], [ 3459057.566849265247583, 1928723.645943025359884 ], [ 3459058.555549369193614, 1928719.546672848984599 ], [ 3459060.594010262750089, 1928711.741570401471108 ], [ 3459061.720184634905308, 1928708.52729261177592 ], [ 3459063.166241250466555, 1928704.755251412745565 ], [ 3459064.247168036177754, 1928702.557326789479703 ], [ 3459067.680321202613413, 1928695.225734428036958 ], [ 3459069.126379197463393, 1928691.453694311669096 ], [ 3459070.427428337745368, 1928687.403202894609421 ], [ 3459072.793626193888485, 1928679.745195433031768 ], [ 3459073.896669666282833, 1928675.727735347580165 ], [ 3459075.342022428289056, 1928670.644369238987565 ], [ 3459076.498870768584311, 1928667.626738525461406 ], [ 3459077.785244671627879, 1928664.789262095931917 ], [ 3459086.744521923363209, 1928644.631956504425034 ], [ 3459087.596790369600058, 1928642.270519060082734 ], [ 3459090.968191090039909, 1928633.234172879951075 ], [ 3459092.543879646342248, 1928629.642275070305914 ], [ 3459103.09336419403553, 1928604.680208486737683 ], [ 3459104.303414422087371, 1928601.351067240582779 ], [ 3459105.947489099577069, 1928597.546004235977307 ], [ 3459120.19624282931909, 1928563.694696603808552 ], [ 3459122.152161732316017, 1928558.627055482706055 ], [ 3459123.164010856300592, 1928555.330980382626876 ], [ 3459124.373461307026446, 1928550.690500633791089 ], [ 3459126.578888448886573, 1928541.344373026164249 ], [ 3459126.935981621034443, 1928539.065441631013528 ], [ 3459128.39484254270792, 1928530.146492355270311 ], [ 3459128.980514287017286, 1928528.031192221445963 ], [ 3459130.122088907286525, 1928524.915239816531539 ], [ 3459135.783324238844216, 1928507.729279670631513 ], [ 3459136.886286833323538, 1928503.7118484841194 ], [ 3459139.031186429783702, 1928495.283747242530808 ], [ 3459140.818976409267634, 1928489.134478479158133 ], [ 3459141.458549035247415, 1928488.018989993724972 ], [ 3459143.00428339233622, 1928485.541783101391047 ], [ 3459144.443638446740806, 1928483.687703046482056 ], [ 3459148.883239478804171, 1928477.600487339310348 ], [ 3459155.721443150192499, 1928467.985880439402536 ], [ 3459158.10475979372859, 1928464.360157986171544 ], [ 3459166.831133796833456, 1928451.202531553804874 ], [ 3459168.574977363925427, 1928448.692281655268744 ], [ 3459170.486357224639505, 1928445.952325376681983 ], [ 3459174.301676305942237, 1928441.078934926073998 ], [ 3459181.612529469188303, 1928431.889900077367201 ], [ 3459182.930191548541188, 1928430.56042275717482 ], [ 3459194.971776292193681, 1928418.463788064196706 ], [ 3459196.342537904623896, 1928416.822814502753317 ], [ 3459197.827736997045577, 1928415.263631920563057 ], [ 3459201.011527019087225, 1928412.2105516360607 ], [ 3459202.755874120630324, 1928411.011661266209558 ], [ 3459203.982426153495908, 1928410.403542967978865 ], [ 3459204.957673650234938, 1928410.139984088484198 ], [ 3459206.672149165067822, 1928410.055756006389856 ], [ 3459209.125852690078318, 1928410.15085879759863 ], [ 3459212.307029244489968, 1928410.298026209464297 ], [ 3459215.110510908998549, 1928400.275139779318124 ], [ 3459221.349645378068089, 1928380.269088737200946 ], [ 3459226.90455425856635, 1928363.706214679870754 ], [ 3459231.234709267504513, 1928351.685475941514596 ], [ 3459236.448407116346061, 1928338.811201709788293 ], [ 3459242.119546137284487, 1928326.264046166790649 ], [ 3459246.931468986906111, 1928317.996287161018699 ], [ 3459250.753570729866624, 1928311.205175513867289 ], [ 3459254.431445711292326, 1928305.446819670731202 ], [ 3459260.402040210086852, 1928298.095471367705613 ], [ 3459267.126652892678976, 1928289.710434504318982 ], [ 3459276.791010959073901, 1928278.010407650843263 ], [ 3459288.070218165405095, 1928264.93144905124791 ], [ 3459302.746514443308115, 1928248.864641841268167 ], [ 3459317.811687455978245, 1928233.338260082993656 ], [ 3459332.999145401176065, 1928218.598530900897458 ], [ 3459347.950687745586038, 1928204.301683995174244 ], [ 3459360.845928424969316, 1928192.466311591444537 ], [ 3459370.236977616325021, 1928182.930399930104613 ], [ 3459379.025771168526262, 1928172.788793980609626 ], [ 3459384.874236667528749, 1928164.65093169012107 ], [ 3459390.45668771257624, 1928158.070533212274313 ], [ 3459395.748047215864062, 1928148.310550887137651 ], [ 3459401.070077297277749, 1928138.747214488917962 ], [ 3459404.100378210656345, 1928133.399655022891238 ], [ 3459406.727202109992504, 1928128.724571170052513 ], [ 3459410.360336813610047, 1928125.293947077356279 ], [ 3459419.162077641114593, 1928110.005363512784243 ], [ 3459421.179788734763861, 1928106.64243389503099 ], [ 3459427.370695895515382, 1928097.438681280706078 ], [ 3459427.971776945050806, 1928095.421716092852876 ], [ 3459436.790579169988632, 1928084.165471764514223 ], [ 3459445.926844302564859, 1928067.106267037102953 ], [ 3459455.405445393640548, 1928048.981179286492988 ], [ 3459460.613165728747845, 1928039.336062284186482 ], [ 3459464.176652470603585, 1928033.495970050571486 ], [ 3459469.941953726112843, 1928026.784229446202517 ], [ 3459484.527255798690021, 1928011.438937530852854 ], [ 3459496.937758803833276, 1927997.465295497095212 ], [ 3459509.34825300052762, 1927983.491564080119133 ], [ 3459532.395394295454025, 1927959.169003300368786 ], [ 3459557.23393982462585, 1927936.565260349307209 ], [ 3459584.084245545323938, 1927913.827763848239556 ], [ 3459605.312399966642261, 1927894.146482020849362 ], [ 3459622.951896452344954, 1927875.568171486491337 ], [ 3459641.042081125080585, 1927859.234920307761058 ], [ 3459653.214195288717747, 1927848.630053182132542 ], [ 3459665.607521644793451, 1927838.795226523885503 ], [ 3459677.731463869102299, 1927831.476964767789468 ], [ 3459689.85540831182152, 1927824.158708702540025 ], [ 3459701.739734766073525, 1927817.586473154835403 ], [ 3459713.623979303985834, 1927811.014357703505084 ], [ 3459727.885503619909286, 1927804.045648388797417 ], [ 3459742.147144466638565, 1927797.077028013765812 ], [ 3459759.124914622399956, 1927789.60486349533312 ], [ 3459776.102786466944963, 1927782.132692140992731 ], [ 3459792.135699236765504, 1927774.465161997824907 ], [ 3459808.168599400669336, 1927766.797542460961267 ], [ 3459827.610933682881296, 1927757.855146075133234 ], [ 3459847.053286950103939, 1927748.912860941840336 ], [ 3459864.171438994817436, 1927740.055489504011348 ], [ 3459881.289693551138043, 1927731.198112085228786 ], [ 3459895.410319053102285, 1927724.303529696073383 ], [ 3459909.531030471436679, 1927717.408839449286461 ], [ 3459931.307309723459184, 1927713.675996575504541 ], [ 3459936.165189821273088, 1927713.874478226760402 ], [ 3459941.0230851653032, 1927714.073058705544099 ], [ 3459947.031878815032542, 1927715.138812458375469 ], [ 3459953.040786707773805, 1927716.204648692626506 ], [ 3459955.018188639543951, 1927716.177492153132334 ], [ 3459956.995491514448076, 1927716.150352221680805 ], [ 3459958.961272635962814, 1927715.721520555671304 ], [ 3459960.927069051191211, 1927715.292787316255271 ], [ 3459963.928968308493495, 1927714.338179818354547 ], [ 3459966.930768561549485, 1927713.383589112199843 ], [ 3459976.275128917768598, 1927709.757140460191295 ], [ 3459985.619474646169692, 1927706.130596284987405 ], [ 3459993.927733183838427, 1927703.030026510823518 ], [ 3460002.235976924188435, 1927699.929360598092899 ], [ 3460012.890680431388319, 1927695.579995934152976 ], [ 3460023.545369576662779, 1927691.230536646442488 ], [ 3460036.188411939423531, 1927685.944301361683756 ], [ 3460048.831539419945329, 1927680.657956494484097 ], [ 3460061.21959326416254, 1927676.019526120973751 ], [ 3460073.607731964439154, 1927671.380985760362819 ], [ 3460084.494793669320643, 1927666.892017142148688 ], [ 3460095.381742015015334, 1927662.402970600640401 ], [ 3460103.91443314217031, 1927658.457978187128901 ], [ 3460112.447109707631171, 1927654.512889949372038 ], [ 3460119.772192480042577, 1927650.971057377522811 ], [ 3460127.097374874632806, 1927647.429210158064961 ], [ 3460131.725359649863094, 1927644.841578156687319 ], [ 3460136.353329427540302, 1927642.253848630003631 ], [ 3460145.921275709755719, 1927635.816025519510731 ], [ 3460154.986596136819571, 1927630.067298009758815 ], [ 3460164.051917905919254, 1927624.318573773372918 ], [ 3460174.556805530562997, 1927617.371332444483414 ], [ 3460185.061809417791665, 1927610.424177407287061 ], [ 3460196.397072089836001, 1927602.93505203188397 ], [ 3460207.732436055317521, 1927595.445915345335379 ], [ 3460215.403918534051627, 1927591.190534688998014 ], [ 3460223.075417069718242, 1927586.93525454797782 ], [ 3460227.703691651578993, 1927585.003297051182017 ], [ 3460232.332065465860069, 1927583.071323740528896 ], [ 3460238.564435920678079, 1927581.325699160806835 ], [ 3460244.507682990282774, 1927580.334537318674847 ], [ 3460251.661272174678743, 1927576.67002534144558 ], [ 3460254.502894363366067, 1927575.338666280964389 ], [ 3460259.470301948487759, 1927573.299616581061855 ], [ 3460262.380696164444089, 1927572.410738278180361 ], [ 3460275.340824260842055, 1927568.83698696969077 ], [ 3460285.32934435037896, 1927565.758915975922719 ], [ 3460291.797763804439455, 1927563.570526397321373 ], [ 3460302.647191593889147, 1927560.147031543310732 ], [ 3460308.978633680380881, 1927558.384999116417021 ], [ 3460315.340724832843989, 1927556.819510691100731 ], [ 3460326.761852638330311, 1927553.805170239880681 ], [ 3460333.077997547574341, 1927551.944715057266876 ], [ 3460338.273997220210731, 1927550.069411784643307 ], [ 3460367.903887272812426, 1927539.983145938720554 ], [ 3460375.080971366725862, 1927537.777468370739371 ], [ 3460382.791349895298481, 1927535.079346873098984 ], [ 3460386.615860038902611, 1927533.533547463361174 ], [ 3460392.992588527034968, 1927530.75520520680584 ], [ 3460405.517472434323281, 1927525.034888552036136 ], [ 3460419.878425761591643, 1927518.705650787334889 ], [ 3460424.563974312040955, 1927516.814610769972205 ], [ 3460449.622121459804475, 1927507.390058239456266 ], [ 3460454.551512205973268, 1927505.760889471508563 ], [ 3460462.703958936035633, 1927503.291698534507304 ], [ 3460480.898030152078718, 1927497.432911353884265 ], [ 3460482.10922415368259, 1927496.726541532902047 ], [ 3460489.704611125402153, 1927492.635342547670007 ], [ 3460491.228349266573787, 1927491.977729288628325 ], [ 3460494.702591781504452, 1927490.792987404856831 ], [ 3460498.123642330989242, 1927489.919848826015368 ], [ 3460501.575158460531384, 1927489.243384410394356 ], [ 3460504.577349472790956, 1927488.944482863880694 ], [ 3460507.709143999032676, 1927488.8256218819879 ], [ 3460509.157032157760113, 1927488.987675858195871 ], [ 3460510.765004626009613, 1927489.526542377891019 ], [ 3460512.190250001382083, 1927490.196758271427825 ], [ 3460513.463233817368746, 1927491.194997342070565 ], [ 3460515.010737518779933, 1927492.651842447696254 ], [ 3460519.249094727449119, 1927496.383534848690033 ], [ 3460519.805494950152934, 1927496.694256434217095 ], [ 3460521.26866532722488, 1927496.95463930349797 ], [ 3460522.929944111034274, 1927497.181985024595633 ], [ 3460524.644430207554251, 1927497.097826287848875 ], [ 3460529.559101160150021, 1927496.681648567784578 ], [ 3460535.548200448509306, 1927495.985520417336375 ], [ 3460545.004082730039954, 1927494.711162443738431 ], [ 3460557.477438226807863, 1927493.23623732663691 ], [ 3460581.052688158117235, 1927490.616083828033879 ], [ 3460626.671399728860706, 1927485.328427127096802 ], [ 3460630.831676949281245, 1927484.634657482849434 ], [ 3460640.988316078204662, 1927482.638302817009389 ], [ 3460646.588445884175599, 1927481.401693114312366 ], [ 3460678.840751396492124, 1927473.80381918605417 ], [ 3460681.454087089281529, 1927472.964514074614272 ], [ 3460686.071051994804293, 1927471.286701515549794 ], [ 3460690.726041827816516, 1927469.199040964245796 ], [ 3460693.940965596586466, 1927467.6541553363204 ], [ 3460700.507976329885423, 1927464.137903596041724 ], [ 3460705.071175184100866, 1927461.460291010327637 ], [ 3460707.630744681693614, 1927459.621185240568593 ], [ 3460709.976824668701738, 1927457.716803987743333 ], [ 3460713.001101512461901, 1927455.598451380385086 ], [ 3460715.408409154042602, 1927454.087368046166375 ], [ 3460721.76194754242897, 1927450.505944181466475 ], [ 3460724.329438008368015, 1927449.371657436480746 ], [ 3460729.006764999590814, 1927447.477148963836953 ], [ 3460729.006764999590814, 1926669.059927182504907 ], [ 3460727.658043202012777, 1926670.460454643936828 ], [ 3460724.542665672022849, 1926673.300078266533092 ], [ 3460719.058411382138729, 1926678.552222836529836 ], [ 3460709.377522092312574, 1926688.841810331912711 ], [ 3460700.900040510110557, 1926697.720226996345446 ], [ 3460694.372563921380788, 1926704.760349571704865 ], [ 3460690.313555444590747, 1926710.682731090812013 ], [ 3460688.364090703893453, 1926713.832327933982015 ], [ 3460682.858266518451273, 1926722.215237558120862 ], [ 3460679.073774171527475, 1926728.59622808964923 ], [ 3460674.28387620812282, 1926736.355281540192664 ], [ 3460670.963561980053782, 1926741.145733335055411 ], [ 3460667.650619607418776, 1926745.329700452508405 ], [ 3460665.342870661057532, 1926748.135540580376983 ], [ 3460661.755316955037415, 1926751.860919861588627 ], [ 3460654.85374566167593, 1926757.147670906037092 ], [ 3460645.773520655930042, 1926764.109204196138307 ], [ 3460637.820818764157593, 1926770.479121618205681 ], [ 3460633.395085332915187, 1926774.041644487995654 ], [ 3460630.195844669360667, 1926776.996145776007324 ], [ 3460629.761692865751684, 1926777.472045270493254 ], [ 3460621.406582810450345, 1926787.1371081660036 ], [ 3460610.188315827399492, 1926801.919914949685335 ], [ 3460600.395380763337016, 1926817.37284017726779 ], [ 3460595.60561889456585, 1926825.132001278689131 ], [ 3460586.643080275505781, 1926840.043064949801192 ], [ 3460585.447578754276037, 1926842.158965880284086 ], [ 3460583.612462652847171, 1926845.390387892723083 ], [ 3460577.414373533334583, 1926856.511564354179427 ], [ 3460566.676773475948721, 1926872.424775504507124 ], [ 3460557.614099023398012, 1926884.729675583541393 ], [ 3460546.867413599509746, 1926897.315498385345563 ], [ 3460540.134504864923656, 1926904.995204810751602 ], [ 3460527.863629878498614, 1926916.927318011876196 ], [ 3460516.376740152947605, 1926926.711176862940192 ], [ 3460508.362964972387999, 1926932.687934859655797 ], [ 3460501.628974718041718, 1926937.74504812178202 ], [ 3460493.644558880012482, 1926941.295778536936268 ], [ 3460463.666851965244859, 1926958.299161283532158 ], [ 3460456.88702322775498, 1926963.061301768990234 ], [ 3460454.9064747299999, 1926964.702967973658815 ], [ 3460431.385261035058647, 1926987.287584556499496 ], [ 3460418.64179625781253, 1926998.79419243754819 ], [ 3460413.348343453835696, 1927004.619878907455131 ], [ 3460411.170784367714077, 1927008.917197206290439 ], [ 3460407.524415803607553, 1927017.494420922594145 ], [ 3460401.937728178221732, 1927032.548693895572796 ], [ 3460398.307760517578572, 1927043.846961262868717 ], [ 3460395.19450320256874, 1927051.931783966720104 ], [ 3460392.666674616746604, 1927056.590149126248434 ], [ 3460389.788472498767078, 1927061.609573678579181 ], [ 3460385.127188450656831, 1927066.926346266875044 ], [ 3460381.692038392648101, 1927070.323743763612583 ], [ 3460379.391684864647686, 1927072.523134476039559 ], [ 3460373.94543022941798, 1927077.365551378810778 ], [ 3460369.550199114251882, 1927081.124808665364981 ], [ 3460364.682441334240139, 1927084.458481720415875 ], [ 3460362.95321889873594, 1927085.755617217393592 ], [ 3460357.23983008461073, 1927089.533041683956981 ], [ 3460356.858893158845603, 1927089.697444079210982 ], [ 3460348.478931403718889, 1927094.625589096453041 ], [ 3460335.840273002162576, 1927101.575325057841837 ], [ 3460320.923277060501277, 1927108.905109158018604 ], [ 3460311.750882571563125, 1927113.965414330130443 ], [ 3460302.273976054042578, 1927119.681866866303608 ], [ 3460285.78858371078968, 1927129.996799506479874 ], [ 3460269.531883577816188, 1927140.475460902322084 ], [ 3460256.779456024523824, 1927148.654734 ], [ 3460246.075960237067193, 1927154.979167764540762 ], [ 3460232.28716195281595, 1927163.028753733029589 ], [ 3460215.382369660306722, 1927172.606659258948639 ], [ 3460200.861713506281376, 1927179.870416949968785 ], [ 3460188.603917467873544, 1927186.655834623845294 ], [ 3460176.346237740945071, 1927193.441339695826173 ], [ 3460151.701707743573934, 1927208.143458149861544 ], [ 3460133.083557102829218, 1927220.428207275923342 ], [ 3460115.96596961421892, 1927231.252296626800671 ], [ 3460102.337922060862184, 1927240.98996144044213 ], [ 3460091.779909215401858, 1927248.904238957678899 ], [ 3460076.256326175760478, 1927262.791380544193089 ], [ 3460061.76904168818146, 1927276.808342889649794 ], [ 3460036.952454248443246, 1927298.903337716590613 ], [ 3460016.295130746904761, 1927317.68179551884532 ], [ 3459999.194534521084279, 1927332.538147571263835 ], [ 3459981.690467636566609, 1927348.067069323733449 ], [ 3459965.952881309203804, 1927360.577705663396046 ], [ 3459954.176348466426134, 1927369.804928646888584 ], [ 3459945.964564667548984, 1927375.814925953745842 ], [ 3459939.307071178220212, 1927381.363852464361116 ], [ 3459928.201748248189688, 1927392.294949037255719 ], [ 3459917.188223547767848, 1927403.816009818110615 ], [ 3459916.738799594342709, 1927404.193596519064158 ], [ 3459909.258876626845449, 1927410.989351585274562 ], [ 3459899.051382139790803, 1927418.542639264371246 ], [ 3459886.726391102652997, 1927428.164006129605696 ], [ 3459875.901270383968949, 1927435.013287870911881 ], [ 3459852.644771859049797, 1927452.107072504935786 ], [ 3459842.37615861184895, 1927459.267068557906896 ], [ 3459834.080041829496622, 1927464.080538221634924 ], [ 3459821.190090225078166, 1927471.375195211498067 ], [ 3459807.134781724773347, 1927479.671140472637489 ], [ 3459788.599411679431796, 1927489.21877226117067 ], [ 3459764.83804874541238, 1927501.756455301539972 ], [ 3459746.363903143908828, 1927511.697317460319027 ], [ 3459725.634640970267355, 1927522.821433421457186 ], [ 3459704.318514912389219, 1927533.438175718067214 ], [ 3459685.653547434136271, 1927542.805738176684827 ], [ 3459671.719387321267277, 1927549.265743803000078 ], [ 3459653.731951681431383, 1927557.10803025146015 ], [ 3459636.071676281746477, 1927563.786100595723838 ], [ 3459621.748105802107602, 1927568.394490451551974 ], [ 3459608.056112410500646, 1927571.18261562497355 ], [ 3459593.960532107390463, 1927574.643228421453387 ], [ 3459576.086871642619371, 1927581.256043503526598 ], [ 3459547.168637982569635, 1927597.882126699900255 ], [ 3459541.104945136234164, 1927602.020712286001071 ], [ 3459533.083955966867507, 1927608.60420307260938 ], [ 3459523.053140443284065, 1927619.25542023871094 ], [ 3459509.031322468072176, 1927634.304808176588267 ], [ 3459497.774521467741579, 1927646.875458840280771 ], [ 3459486.031634375918657, 1927662.856187835568562 ], [ 3459462.963947360869497, 1927692.932026837253943 ], [ 3459436.255198288708925, 1927725.733762781601399 ], [ 3459410.916782758198678, 1927755.583155928179622 ], [ 3459382.36467441637069, 1927789.600362070370466 ], [ 3459359.471420364454389, 1927817.528820634121075 ], [ 3459354.011178303509951, 1927824.895822847262025 ], [ 3459348.109452633187175, 1927833.345255523221567 ], [ 3459338.439424533862621, 1927849.585543537512422 ], [ 3459326.348591695539653, 1927871.172700371127576 ], [ 3459304.100938347633928, 1927911.099074171856046 ], [ 3459286.718622529879212, 1927942.446161379339173 ], [ 3459263.800408541224897, 1927981.98008134867996 ], [ 3459247.020430972799659, 1928013.933027664432302 ], [ 3459246.464712395798415, 1928014.933636683272198 ], [ 3459240.74643083056435, 1928024.562981173628941 ], [ 3459234.403865178581327, 1928035.406235161470249 ], [ 3459231.883535506669432, 1928039.458290425594896 ], [ 3459228.525497688911855, 1928044.658771304879338 ], [ 3459221.185153705067933, 1928056.273741477867588 ], [ 3459207.462576853577048, 1928075.207820578245446 ], [ 3459182.908810533583164, 1928120.563014316838235 ], [ 3459182.825041467323899, 1928120.67786695365794 ], [ 3459178.704580859281123, 1928124.895963727962226 ], [ 3459172.839664132334292, 1928130.312961395829916 ], [ 3459170.562615955248475, 1928133.315653961151838 ], [ 3459168.681881263852119, 1928136.252239922992885 ], [ 3459167.265731094870716, 1928138.909471077146009 ], [ 3459166.459202143829316, 1928141.565995154902339 ], [ 3459165.760356352198869, 1928146.222150333225727 ], [ 3459164.461605514399707, 1928155.51785703911446 ], [ 3459162.943304638378322, 1928167.977457370609045 ], [ 3459161.028215644881129, 1928179.191911386093125 ], [ 3459157.338189890608191, 1928191.408494472503662 ], [ 3459150.702164074406028, 1928210.169276553671807 ], [ 3459143.426071854308248, 1928228.734194991644472 ], [ 3459142.170136108063161, 1928231.768327549332753 ], [ 3459135.609363819472492, 1928248.398098881356418 ], [ 3459132.031217026058584, 1928255.451167622581124 ], [ 3459126.565018556080759, 1928266.0474352191668 ], [ 3459124.067842320073396, 1928270.902697080280632 ], [ 3459115.039390040561557, 1928289.961712977616116 ], [ 3459103.954053566791117, 1928310.170885175466537 ], [ 3459092.00107363704592, 1928332.643281085183844 ], [ 3459082.857717771083117, 1928350.309179028961807 ], [ 3459074.773887315765023, 1928368.90802719979547 ], [ 3459073.07104950863868, 1928377.565122233703732 ], [ 3459071.717356360517442, 1928383.23835482634604 ], [ 3459069.882399076595902, 1928386.469967222772539 ], [ 3459066.919442297425121, 1928388.981821851804852 ], [ 3459065.944794705603272, 1928390.556724748574197 ], [ 3459060.616203503683209, 1928402.038001907290891 ], [ 3459049.782837421633303, 1928423.214013566961512 ], [ 3459046.098932101391256, 1928432.201483938610181 ], [ 3459037.64225916704163, 1928451.669610049109906 ], [ 3459031.77306921640411, 1928464.249887963756919 ], [ 3459025.636775674764067, 1928475.764943313319236 ], [ 3459021.039496002718806, 1928486.720734863774851 ], [ 3459011.747575889341533, 1928512.58269826346077 ], [ 3459010.005046441685408, 1928517.715630986029282 ], [ 3459007.854026978835464, 1928529.372945656767115 ], [ 3459005.418732670601457, 1928535.932887646835297 ], [ 3459003.401558379642665, 1928540.607135148486122 ], [ 3459001.079394376836717, 1928544.62619842053391 ], [ 3458998.1708575617522, 1928549.449240411398932 ], [ 3458991.690886293537915, 1928559.407668911386281 ], [ 3458983.657329465262592, 1928571.138368307612836 ], [ 3458981.540615008212626, 1928574.51788129331544 ], [ 3458966.747756959404796, 1928601.600291068200022 ], [ 3458955.28962144581601, 1928622.678888771682978 ], [ 3458946.031479669269174, 1928638.951860730303451 ], [ 3458934.221794395707548, 1928657.768875524168834 ], [ 3458927.369470987468958, 1928669.907849432667717 ], [ 3458925.016750731971115, 1928673.73026652703993 ], [ 3458913.389920421876013, 1928692.416021249257028 ], [ 3458905.144240166526288, 1928706.704180835280567 ], [ 3458898.825207293964922, 1928718.350688743870705 ], [ 3458889.926025678869337, 1928736.278803879860789 ], [ 3458883.334303247742355, 1928751.400758165633306 ], [ 3458875.478747700341046, 1928768.852048719767481 ], [ 3458874.3446324178949, 1928771.361500880215317 ], [ 3458863.480918126180768, 1928792.341051117982715 ], [ 3458850.598964768927544, 1928815.372276555746794 ], [ 3458839.238783167675138, 1928833.811774167930707 ], [ 3458829.751349368598312, 1928848.60989607241936 ], [ 3458824.116452360525727, 1928856.813255027169362 ], [ 3458817.027684659231454, 1928868.083924802951515 ], [ 3458812.787597069051117, 1928876.760870119323954 ], [ 3458804.375694976653904, 1928893.901514861034229 ], [ 3458788.945469122380018, 1928926.033605767413974 ], [ 3458776.51300991140306, 1928948.687301509780809 ], [ 3458770.414081375580281, 1928958.481419977266341 ], [ 3458765.449355919845402, 1928965.766060180263594 ], [ 3458753.584180086385459, 1928979.649364844197407 ], [ 3458744.80360501864925, 1928990.496153907151893 ], [ 3458744.148763040546328, 1928991.513330315472558 ], [ 3458736.8081219419837, 1929001.817260898416862 ], [ 3458727.921774970367551, 1929014.598349622217938 ], [ 3458720.155600495636463, 1929027.394431819673628 ], [ 3458713.546851501334459, 1929038.484107429161668 ], [ 3458708.864015139173716, 1929045.620862348703668 ], [ 3458703.381526503246278, 1929053.49631250044331 ], [ 3458694.791734589729458, 1929064.916494751581922 ], [ 3458687.032287992537022, 1929075.794731575064361 ], [ 3458675.008223964832723, 1929091.924104323843494 ], [ 3458663.10582350473851, 1929107.528682760661468 ], [ 3458647.929241878911853, 1929128.219175644451752 ], [ 3458635.973683037329465, 1929144.135392582276836 ], [ 3458630.513111114501953, 1929150.191350252367556 ], [ 3458625.166978960391134, 1929156.329099133145064 ], [ 3458624.146506258286536, 1929157.609044376527891 ], [ 3458609.32638243958354, 1929174.709256687900051 ], [ 3458590.942377084400505, 1929196.338544791564345 ], [ 3458587.782010735012591, 1929200.194895961787552 ], [ 3458576.145618947222829, 1929214.241945400601253 ], [ 3458561.797558995429426, 1929230.456495704362169 ], [ 3458533.390033704228699, 1929260.81985235423781 ], [ 3458514.015649878419936, 1929282.614364207955077 ], [ 3458490.855956576764584, 1929308.167873342288658 ], [ 3458471.246232578996569, 1929331.716695907292888 ], [ 3458461.057066692970693, 1929344.61454550921917 ], [ 3458445.697924444451928, 1929365.4366014667321 ], [ 3458428.474093584809452, 1929390.605065120384097 ], [ 3458417.387425788212568, 1929406.880916007328779 ], [ 3458411.730792104266584, 1929416.903967358637601 ], [ 3458407.078615661244839, 1929424.237483452772722 ], [ 3458398.833986356854439, 1929439.837318520527333 ], [ 3458391.441575210541487, 1929453.07566707348451 ], [ 3458383.427535734605044, 1929472.773115728516132 ], [ 3458373.439705261960626, 1929492.194695251295343 ], [ 3458368.476346951443702, 1929502.102004426764324 ], [ 3458363.862089341506362, 1929509.025685489876196 ], [ 3458350.329622929450125, 1929525.911235125735402 ], [ 3458334.756350865587592, 1929545.356708839535713 ], [ 3458317.857514334842563, 1929565.426894385367632 ], [ 3458303.755928064696491, 1929587.148820067057386 ], [ 3458303.268632657360286, 1929587.936301007168368 ], [ 3458283.365571385249496, 1929619.402885573916137 ], [ 3458279.017804111354053, 1929626.080269770231098 ], [ 3458276.116648345720023, 1929630.296975906938314 ], [ 3458272.027596126310527, 1929636.023253447609022 ], [ 3458267.253047803416848, 1929642.570084227249026 ], [ 3458260.034164402633905, 1929652.349463394377381 ], [ 3458255.998318493366241, 1929657.764321715105325 ], [ 3458242.618815145455301, 1929675.63328614924103 ], [ 3458236.877109543886036, 1929683.148558924440295 ], [ 3458232.140469335950911, 1929689.285546933533624 ], [ 3458225.94937255140394, 1929697.178453192580491 ], [ 3458219.742989342194051, 1929704.973030049586669 ], [ 3458215.965665165800601, 1929709.436821479117498 ], [ 3458212.188425405882299, 1929713.900498918257654 ], [ 3458208.799342887476087, 1929717.593334548408166 ], [ 3458207.847368018236011, 1929718.660117003135383 ], [ 3458193.194318889640272, 1929734.21955146221444 ], [ 3458190.406871050596237, 1929737.206710730213672 ], [ 3458166.849074346479028, 1929758.892547004623339 ], [ 3458141.943213429767638, 1929781.711288621416315 ], [ 3458092.832228841725737, 1929826.626653859391809 ], [ 3458092.580939734354615, 1929826.971231812844053 ], [ 3458080.89079770911485, 1929840.018827646272257 ], [ 3458075.2475337064825, 1929846.206256525823846 ], [ 3458071.675653182435781, 1929850.030503991059959 ], [ 3458065.818998899310827, 1929856.152658445062116 ], [ 3458057.776540291495621, 1929864.556309520499781 ], [ 3458052.034145885612816, 1929870.760387986432761 ], [ 3458047.876012303866446, 1929875.388542042113841 ], [ 3458047.175331705249846, 1929876.110754230059683 ], [ 3458018.357919604517519, 1929909.065258887363598 ], [ 3457994.100981363561004, 1929934.09624853846617 ], [ 3457993.926138682290912, 1929934.93248902936466 ], [ 3457983.652035814709961, 1929945.32267943280749 ], [ 3457970.84124292852357, 1929957.044097275240347 ], [ 3457962.23508143145591, 1929965.743621370522305 ], [ 3457961.901326994877309, 1929968.825712390942499 ], [ 3457956.836370924022049, 1929973.504420329350978 ], [ 3457951.399210439994931, 1929980.363686700118706 ], [ 3457946.214651169255376, 1929989.501125006470829 ], [ 3457940.877759714610875, 1929998.966634727548808 ], [ 3457940.80928652966395, 1929999.179827132727951 ], [ 3457935.189974371343851, 1930007.481863247230649 ], [ 3457933.042731423862278, 1930010.664892083499581 ], [ 3457930.895587838254869, 1930013.847904735244811 ], [ 3457930.157000709325075, 1930014.979880366241559 ], [ 3457924.597451166715473, 1930021.052613309351727 ], [ 3457916.569670500699431, 1930028.243285574484617 ], [ 3457916.501855139620602, 1930029.767854189267382 ], [ 3457907.803978594951332, 1930037.877412249334157 ], [ 3457907.522113197017461, 1930038.02532848645933 ], [ 3457902.729857842437923, 1930039.228610404999927 ], [ 3457906.961657540407032, 1930044.877944246865809 ], [ 3457907.365837556775659, 1930045.516686681425199 ], [ 3457907.609808682929724, 1930045.778627742314711 ], [ 3457907.640387349296361, 1930045.975292422110215 ], [ 3457907.670966016128659, 1930046.171957099111751 ], [ 3457907.633071788586676, 1930046.58181443111971 ], [ 3457907.321286010555923, 1930047.844442411558703 ], [ 3457907.131156694144011, 1930048.582352735102177 ], [ 3457906.469131822232157, 1930050.206073198700324 ], [ 3457905.875480833929032, 1930051.61661755759269 ], [ 3457905.418760327622294, 1930052.600678267888725 ], [ 3457904.611716970801353, 1930053.945946353022009 ], [ 3457904.192905959673226, 1930054.520248065236956 ], [ 3457903.004945824854076, 1930056.029960581334308 ], [ 3457901.801696401555091, 1930057.441340835066512 ], [ 3457900.40034394338727, 1930058.885777195217088 ], [ 3457899.966243656352162, 1930059.361746668117121 ], [ 3457897.871629507280886, 1930060.921862775692716 ], [ 3457896.226306008175015, 1930062.104358397889882 ], [ 3457895.228475251235068, 1930062.876160845858976 ], [ 3457894.261207986623049, 1930063.844529734691605 ], [ 3457893.476769749540836, 1930064.681608563056216 ], [ 3457892.105996429454535, 1930066.322710246779025 ], [ 3457890.834274738561362, 1930067.947284001624212 ], [ 3457889.692282511852682, 1930069.751978019019589 ], [ 3457888.801477747969329, 1930071.212107393657789 ], [ 3457887.385480445809662, 1930073.86949100298807 ], [ 3457887.400769850239158, 1930073.967823375482112 ], [ 3457885.482874662615359, 1930078.625845225062221 ], [ 3457884.562135556712747, 1930081.200588943902403 ], [ 3457883.443407920189202, 1930083.808470755582675 ], [ 3457882.865047747734934, 1930085.317348794545978 ], [ 3457881.768825689796358, 1930087.417057346086949 ], [ 3457880.840112624224275, 1930089.286946714390069 ], [ 3457880.170016016811132, 1930090.205830599879846 ], [ 3457874.474294968880713, 1930098.016328328056261 ], [ 3457872.36493918299675, 1930100.789410753175616 ], [ 3457871.626370348036289, 1930101.921487965853885 ], [ 3457867.454302872531116, 1930109.07411059201695 ], [ 3457859.193189803510904, 1930121.953236622503027 ], [ 3457857.822419413831085, 1930123.594341647578403 ], [ 3457857.129059033002704, 1930123.710039003985003 ], [ 3457856.67169498745352, 1930123.382822069339454 ], [ 3457854.319030847400427, 1930127.205344217829406 ], [ 3457844.661921334452927, 1930136.98835990880616 ], [ 3457848.646420931443572, 1930139.409317713230848 ], [ 3457848.008970463648438, 1930140.73748897225596 ], [ 3457846.418074640911072, 1930144.099984245607629 ], [ 3457845.512744224164635, 1930146.773146244930103 ], [ 3457844.454948451370001, 1930149.512103094952181 ], [ 3457843.276879258453846, 1930152.52323813457042 ], [ 3457841.858378415927291, 1930154.706993622938171 ], [ 3457840.369677922688425, 1930156.700695643899962 ], [ 3457832.830805906560272, 1930163.244884037645534 ], [ 3457824.515896726865321, 1930167.608431421220303 ], [ 3457824.326832511927933, 1930168.941380938049406 ], [ 3457818.960839655715972, 1930179.329850411275402 ], [ 3457811.297076851129532, 1930185.985784407472238 ], [ 3457803.676354292780161, 1930200.957256795372814 ], [ 3457796.396686599589884, 1930209.233765561599284 ], [ 3457790.85098693612963, 1930215.526085013989359 ], [ 3457787.301455128006637, 1930219.558528444962576 ], [ 3457785.859093646518886, 1930221.26202887785621 ], [ 3457783.332285569049418, 1930224.225946744671091 ], [ 3457780.359298463910818, 1930227.718194865155965 ], [ 3457764.270350564736873, 1930246.655235338723287 ], [ 3457742.415517535060644, 1930270.206344178877771 ], [ 3457739.531875947955996, 1930270.615908531472087 ], [ 3457766.945948198903352, 1930301.179549816995859 ], [ 3457784.649318212643266, 1930320.923906680895016 ], [ 3457796.222912321798503, 1930333.923166290391237 ], [ 3457796.825198693200946, 1930334.52885159291327 ], [ 3457820.788086244370788, 1930361.19843324040994 ], [ 3457821.405647515784949, 1930361.902352942619473 ], [ 3457831.080661875195801, 1930372.494662063196301 ], [ 3457838.918336300179362, 1930381.07323362166062 ], [ 3457850.015962779521942, 1930393.24850675673224 ], [ 3457852.856507568620145, 1930389.935228216694668 ], [ 3457847.712052496150136, 1930384.094673143699765 ], [ 3457847.6426858054474, 1930384.015856163343415 ], [ 3457842.428765330463648, 1930378.096500845393166 ], [ 3457842.50230245757848, 1930377.32770037301816 ], [ 3457842.726853175554425, 1930367.85767344548367 ], [ 3457843.724535404704511, 1930363.817245098995045 ], [ 3457844.638412513770163, 1930362.766980959102511 ], [ 3457845.494706586934626, 1930362.392059294274077 ], [ 3457848.286308183800429, 1930361.916040079202503 ], [ 3457849.162345735821873, 1930361.406674736412242 ], [ 3457850.307429228909314, 1930359.490580935962498 ], [ 3457851.683102961629629, 1930355.52831651782617 ], [ 3457852.250950060784817, 1930354.344013716094196 ], [ 3457853.525716668926179, 1930352.739096665754914 ], [ 3457854.186101766768843, 1930352.215275113470852 ], [ 3457858.439767027273774, 1930349.770370904821903 ], [ 3457859.859521866310388, 1930348.575061574578285 ], [ 3457863.890469404868782, 1930344.24033793178387 ], [ 3457868.321777648292482, 1930340.323051140177995 ], [ 3457870.038286463823169, 1930338.291329092811793 ], [ 3457873.06338148470968, 1930333.8925196363125 ], [ 3457874.189772329293191, 1930332.705810757586733 ], [ 3457876.587541938759387, 1930330.742000450845808 ], [ 3457877.555117532145232, 1930328.926047238521278 ], [ 3457877.730364970862865, 1930327.373557628132403 ], [ 3457877.609802573919296, 1930322.742926168488339 ], [ 3457878.072028666734695, 1930317.611612000735477 ], [ 3457878.63994199084118, 1930315.055278338026255 ], [ 3457879.688768357504159, 1930312.65083024953492 ], [ 3457883.476645375601947, 1930308.124640483409166 ], [ 3457886.136848818510771, 1930302.424790983088315 ], [ 3457886.824490269646049, 1930301.55341743119061 ], [ 3457891.091804013587534, 1930297.300321504706517 ], [ 3457895.558133105747402, 1930290.471845058724284 ], [ 3457902.861984113231301, 1930280.324960136553273 ], [ 3457914.800858781207353, 1930263.714907821267843 ], [ 3457923.144326357170939, 1930252.738813859643415 ], [ 3457929.689830316230655, 1930245.09924222715199 ], [ 3457936.588978467509151, 1930237.774033617926762 ], [ 3457941.392409551423043, 1930233.048134556505829 ] ] ] } }
]
}
