{
"type": "FeatureCollection",
"name": "Almenara",
"crs": { "type": "name", "properties": { "name": "urn:ogc:def:crs:EPSG::3035" } },
"features": [
{ "type": "Feature", "properties": { "ENP_GRAL": 6.0, "ENP_GRAL_NAME": "Otros Espacios Naturales Protegidos", "color": "#7F8F0D" }, "geometry": { "type": "MultiPolygon", "coordinates": [ [ [ [ 3438186.630352058447897, 1906204.428441083990037 ], [ 3438186.207598986104131, 1906204.126023503020406 ], [ 3438185.737446303013712, 1906203.901962634874508 ], [ 3438185.234179357998073, 1906203.76306645013392 ], [ 3438184.713089662604034, 1906203.713555241934955 ], [ 3438184.190010264981538, 1906203.754933388670906 ], [ 3438183.680834668688476, 1906203.885943633271381 ], [ 3438183.201033918187022, 1906204.102605298859999 ], [ 3438182.765186518896371, 1906204.398335235891864 ], [ 3438182.386535474099219, 1906204.764147826703265 ], [ 3438182.076585907489061, 1906205.188928054645658 ], [ 3438181.844755478668958, 1906205.659769171383232 ], [ 3438181.698088240809739, 1906206.162364921765402 ], [ 3438181.641040603164583, 1906206.681444173678756 ], [ 3438181.675345927011222, 1906207.20123496465385 ], [ 3438181.799961863551289, 1906207.70594372600317 ], [ 3438182.011102017946541, 1906208.180235125822946 ], [ 3438182.302351001650095, 1906208.609698062762618 ], [ 3438182.664859359618276, 1906208.98128352407366 ], [ 3438183.087612457573414, 1906209.283701069885865 ], [ 3438183.557765155099332, 1906209.507761899381876 ], [ 3438184.061032100580633, 1906209.646658048266545 ], [ 3438184.582121781073511, 1906209.696169216418639 ], [ 3438185.105201152153313, 1906209.654791037552059 ], [ 3438185.614376712590456, 1906209.523780775489286 ], [ 3438186.094177422113717, 1906209.307119098491967 ], [ 3438186.530024781357497, 1906209.011389172170311 ], [ 3438186.908675789833069, 1906208.64557659975253 ], [ 3438187.218625331297517, 1906208.220796407898888 ], [ 3438187.45045574568212, 1906207.749955327017233 ], [ 3438187.597122983075678, 1906207.247359620407224 ], [ 3438187.654170635156333, 1906206.728280405746773 ], [ 3438187.619865336921066, 1906206.20848963665776 ], [ 3438187.495249437168241, 1906205.703780901385471 ], [ 3438187.28410932328552, 1906205.2294895069208 ], [ 3438186.99286038056016, 1906204.800026565790176 ], [ 3438186.630352058447897, 1906204.428441083990037 ] ] ], [ [ [ 3448586.989978751167655, 1911215.08894340833649 ], [ 3448585.595264233648777, 1911214.615505430614576 ], [ 3448584.131992048118263, 1911214.355247735977173 ], [ 3448582.272536178585142, 1911214.161080955760553 ], [ 3448580.443494261708111, 1911214.163584181573242 ], [ 3448579.041263381950557, 1911214.296731794718653 ], [ 3448578.035299994982779, 1911214.363673686282709 ], [ 3448575.444205619394779, 1911214.695045447442681 ], [ 3448571.831990418024361, 1911214.995016178581864 ], [ 3448570.300160556100309, 1911214.947939209174365 ], [ 3448567.305172788910568, 1911214.640686911065131 ], [ 3448566.040041924454272, 1911214.347375981509686 ], [ 3448565.0721231168136, 1911214.004484403179958 ], [ 3448563.303913819603622, 1911213.088994068093598 ], [ 3448561.047981690615416, 1911211.649634526576847 ], [ 3448559.104419081937522, 1911210.259037580806762 ], [ 3448557.572510091587901, 1911208.900741583202034 ], [ 3448555.781319327652454, 1911207.18211074010469 ], [ 3448554.058785321190953, 1911205.250283045228571 ], [ 3448551.261536935344338, 1911202.287276914343238 ], [ 3448549.27973651420325, 1911199.995212755165994 ], [ 3448541.627172640524805, 1911191.285601476905867 ], [ 3448540.308646502904594, 1911189.992480273125693 ], [ 3448535.994631929323077, 1911185.769423690391704 ], [ 3448529.81315997056663, 1911179.336201563244686 ], [ 3448527.717131917830557, 1911176.962321448372677 ], [ 3448524.302478883881122, 1911173.295336878392845 ], [ 3448518.044824394397438, 1911166.370465236715972 ], [ 3448516.64991716761142, 1911164.585727226454765 ], [ 3448507.686170333065093, 1911152.665208681952208 ], [ 3448494.057514986023307, 1911134.260121228639036 ], [ 3448490.77225541183725, 1911129.461962815839797 ], [ 3448489.30116602499038, 1911127.18557501048781 ], [ 3448487.296386998612434, 1911124.09037117054686 ], [ 3448483.927328904625028, 1911119.407164970645681 ], [ 3448480.626813849434257, 1911114.510680123465136 ], [ 3448474.246906338259578, 1911105.487797446781769 ], [ 3448471.815431330818683, 1911102.262031830847263 ], [ 3448469.59736965643242, 1911099.101637339685112 ], [ 3448443.727078246418387, 1911062.060094609390944 ], [ 3448432.263109674211591, 1911045.815597573528066 ], [ 3448427.01886376272887, 1911038.217316509457305 ], [ 3448423.916495417710394, 1911033.287779245525599 ], [ 3448422.285312983207405, 1911030.634612487163395 ], [ 3448420.387241173535585, 1911026.916379059897736 ], [ 3448417.292422366794199, 1911021.380453108809888 ], [ 3448413.404832625295967, 1911014.665343936998397 ], [ 3448409.166638778522611, 1911007.000005464768037 ], [ 3448408.381416504271328, 1911005.214433327782899 ], [ 3448405.888732008170336, 1911000.284061239799485 ], [ 3448394.652504833415151, 1910977.646760790841654 ], [ 3448385.977624358143657, 1910959.726636443752795 ], [ 3448382.806515218224376, 1910953.69897996657528 ], [ 3448377.638268483802676, 1910943.969618156552315 ], [ 3448376.715930403210223, 1910942.610407095169649 ], [ 3448374.812891217879951, 1910940.25668859668076 ], [ 3448376.436156540177763, 1910936.160336824133992 ], [ 3448316.091776126995683, 1910832.581937739625573 ], [ 3448347.552539080381393, 1910803.763717824360356 ], [ 3448305.16418865788728, 1910743.120121996616945 ], [ 3448170.336698562372476, 1910568.530191181693226 ], [ 3448027.410185996908695, 1910381.563049128511921 ], [ 3448027.358353256247938, 1910381.49099874868989 ], [ 3447904.536846785806119, 1910224.538301048567519 ], [ 3447947.590963006950915, 1910190.352234168676659 ], [ 3447953.708513595629483, 1910185.49849758297205 ], [ 3447952.868039450608194, 1910179.818432594649494 ], [ 3447951.97622499987483, 1910178.655878036748618 ], [ 3447951.396880565211177, 1910177.542068696115166 ], [ 3447950.931961746886373, 1910176.510042223380879 ], [ 3447950.69559692312032, 1910175.641631049802527 ], [ 3447950.626866027247161, 1910174.543512778123841 ], [ 3447950.741023855283856, 1910173.314013868803158 ], [ 3447951.12188739143312, 1910171.838280802825466 ], [ 3447951.670384924393147, 1910170.132840682286769 ], [ 3447952.516097772400826, 1910168.377819393994287 ], [ 3447953.209431511349976, 1910166.950831715716049 ], [ 3447954.062856111675501, 1910165.900622872402892 ], [ 3447954.931535508483648, 1910164.948740534950048 ], [ 3447955.815454440191388, 1910164.095086374087259 ], [ 3447956.646081171929836, 1910163.553037026198581 ], [ 3447961.698572287335992, 1910161.398859514389187 ], [ 3447966.499498266726732, 1910159.589161490788683 ], [ 3447967.92455565277487, 1910158.947950320318341 ], [ 3447969.319103583227843, 1910158.110086323926225 ], [ 3447971.163246136158705, 1910156.894607997965068 ], [ 3447977.388894346542656, 1910151.821105445735157 ], [ 3447979.636867751833051, 1910149.933034236077219 ], [ 3447980.635128918103874, 1910149.161278831539676 ], [ 3447986.472134183160961, 1910143.547384810866788 ], [ 3447992.248022777494043, 1910137.540203410433605 ], [ 3447994.366416034288704, 1910135.472007951000705 ], [ 3447996.835332580376416, 1910133.042725804029033 ], [ 3447999.639502595178783, 1910130.153932387940586 ], [ 3448000.927268893457949, 1910128.627785503864288 ], [ 3448003.761963895987719, 1910125.935743849957362 ], [ 3448009.492258878424764, 1910120.944885535165668 ], [ 3448011.907868751324713, 1910118.827111371560022 ], [ 3448013.607177479192615, 1910117.333184299292043 ], [ 3448017.470629725139588, 1910114.065945242531598 ], [ 3448020.381599175278097, 1910111.865537809673697 ], [ 3448026.058588718995452, 1910107.186189969070256 ], [ 3448031.034646353684366, 1910103.229098021052778 ], [ 3448033.496021348983049, 1910101.406305408338085 ], [ 3448041.123774506151676, 1910094.888476763851941 ], [ 3448043.272664791438729, 1910093.016840870957822 ], [ 3448049.376403072848916, 1910087.156830703141168 ], [ 3448055.952423151116818, 1910080.410969734890386 ], [ 3448061.423663854133338, 1910075.059857429238036 ], [ 3448065.256627464666963, 1910071.596072932938114 ], [ 3448071.413564295042306, 1910065.4244823474437 ], [ 3448074.819732721894979, 1910061.830153764691204 ], [ 3448082.4549754653126, 1910053.39454479701817 ], [ 3448083.826563245151192, 1910051.75355090550147 ], [ 3448086.394543636590242, 1910049.30765523109585 ], [ 3448089.610180300660431, 1910046.45120976283215 ], [ 3448091.461873454041779, 1910044.629257217980921 ], [ 3448093.199240427464247, 1910042.725505159236491 ], [ 3448097.268390810117126, 1910038.818743846844882 ], [ 3448099.318228230345994, 1910036.963738946476951 ], [ 3448105.475335696712136, 1910032.103454030118883 ], [ 3448107.106085992883891, 1910030.822713865200058 ], [ 3448111.35829050373286, 1910028.095870396122336 ], [ 3448113.133876003790647, 1910027.093582877889276 ], [ 3448114.45986513979733, 1910026.46890676417388 ], [ 3448115.419976346194744, 1910026.107005746802315 ], [ 3448116.410695357248187, 1910025.941740722162649 ], [ 3448117.317596832290292, 1910025.89132847241126 ], [ 3448117.530994995962828, 1910025.956601714948192 ], [ 3448131.37055758619681, 1910004.599028426688164 ], [ 3448135.549279887229204, 1909998.150411978829652 ], [ 3448130.018584255129099, 1909998.352984703611583 ], [ 3448127.564685508143157, 1909998.257971566170454 ], [ 3448124.66865231608972, 1909997.934200525982305 ], [ 3448124.001476333010942, 1909997.838305203476921 ], [ 3448122.069918717257679, 1909997.560735445003957 ], [ 3448119.753047524951398, 1909997.039381422800943 ], [ 3448115.713835762813687, 1909995.897498345235363 ], [ 3448113.45028881309554, 1909995.064737752079964 ], [ 3448109.860673748888075, 1909993.54524401621893 ], [ 3448095.715527530293912, 1909987.532659040996805 ], [ 3448095.2887311745435, 1909987.402112583164126 ], [ 3448092.080164671875536, 1909985.718285845825449 ], [ 3448087.171943615190685, 1909982.905691309832036 ], [ 3448081.006248229183257, 1909979.193382015451789 ], [ 3448073.354296456556767, 1909974.417578698834404 ], [ 3448046.86962759681046, 1909957.653004374820739 ], [ 3448040.414247252047062, 1909953.383695423370227 ], [ 3448037.899169099517167, 1909951.58408639067784 ], [ 3448030.963437925092876, 1909946.184557694010437 ], [ 3448029.660185636952519, 1909944.989766261773184 ], [ 3448025.178599511738867, 1909940.996426898287609 ], [ 3448021.024753192439675, 1909937.150258708745241 ], [ 3448017.640666862484068, 1909933.679937272099778 ], [ 3448014.226072164718062, 1909930.012963415589184 ], [ 3448012.47307695960626, 1909927.884587814565748 ], [ 3448008.540160652250051, 1909923.497110575437546 ], [ 3448005.598125417716801, 1909920.255661733448505 ], [ 3448000.781108061783016, 1909915.410440308973193 ], [ 3447998.044939786195755, 1909912.840847157174721 ], [ 3447995.95665844110772, 1909911.171785097336397 ], [ 3447994.752379398792982, 1909909.960483956383541 ], [ 3447988.677873075474054, 1909904.215450845658779 ], [ 3447987.389791524037719, 1909903.119101034011692 ], [ 3447983.373218738473952, 1909900.157772298669443 ], [ 3447980.431344509124756, 1909898.227618851466104 ], [ 3447976.986402842216194, 1909895.675288367783651 ], [ 3447975.583995108027011, 1909894.49713912489824 ], [ 3447972.581104155164212, 1909892.173680875683203 ], [ 3447967.886121116578579, 1909888.115071049658582 ], [ 3447957.452079550363123, 1909879.163411488523707 ], [ 3447954.845476948656142, 1909876.773846976226196 ], [ 3447947.635272039100528, 1909869.604434652952477 ], [ 3447946.415739184245467, 1909868.294807792175561 ], [ 3447930.081997955217957, 1909848.82802893104963 ], [ 3447927.650480153039098, 1909845.602291239891201 ], [ 3447922.231281447224319, 1909838.840209908550605 ], [ 3447907.3226711996831, 1909820.043539478909224 ], [ 3447903.46587073802948, 1909814.83640220342204 ], [ 3447900.752490971237421, 1909811.758555051637813 ], [ 3447859.587130872067064, 1909768.493158189347014 ], [ 3447857.437735974788666, 1909766.430810277117416 ], [ 3447845.349767590872943, 1909755.334162738872692 ], [ 3447843.848273576702923, 1909754.172443667892367 ], [ 3447835.70082197804004, 1909748.168096146313474 ], [ 3447834.702493608929217, 1909747.628537246258929 ], [ 3447825.671098050661385, 1909742.477742922259495 ], [ 3447824.756488807499409, 1909741.823347553843632 ], [ 3447821.936490314081311, 1909739.368513610213995 ], [ 3447820.960865210276097, 1909738.320813185302541 ], [ 3447817.744420878123492, 1909734.620791521156207 ], [ 3447815.831326208077371, 1909732.115542272571474 ], [ 3447814.878503597341478, 1909730.559683678206056 ], [ 3447812.530922157689929, 1909727.219176951330155 ], [ 3447811.425717086531222, 1909725.991350925061852 ], [ 3447810.221538901329041, 1909724.780035245232284 ], [ 3447808.102652485948056, 1909722.914340879069641 ], [ 3447804.169900772627443, 1909719.8381658999715 ], [ 3447801.769150789827108, 1909718.120362034067512 ], [ 3447787.105323233641684, 1909707.453518578317016 ], [ 3447784.55973930330947, 1909705.457263234071434 ], [ 3447782.311272983439267, 1909703.411443768301979 ], [ 3447780.619282551575452, 1909701.676278386963531 ], [ 3447777.905905620194972, 1909698.598434151615947 ], [ 3447776.39672198984772, 1909696.732003583107144 ], [ 3447772.745777104515582, 1909692.196627414086834 ], [ 3447761.770255275070667, 1909679.098739672219381 ], [ 3447751.213883835356683, 1909666.737898862920702 ], [ 3447743.576822559349239, 1909658.126544506754726 ], [ 3447736.587577960919589, 1909650.415933503070846 ], [ 3447724.00394675321877, 1909636.779343323316425 ], [ 3447708.706942630000412, 1909620.06491186353378 ], [ 3447704.088081551715732, 1909615.186649238923565 ], [ 3447701.466229900252074, 1909612.698764416389167 ], [ 3447695.23166430555284, 1909606.577067662030458 ], [ 3447693.150935743004084, 1909604.301526893628761 ], [ 3447686.832397694699466, 1909596.983388280263171 ], [ 3447682.365920989308506, 1909591.777093685464934 ], [ 3447681.184448633342981, 1909590.05763752409257 ], [ 3447673.303195095621049, 1909578.561870058067143 ], [ 3447672.449546606745571, 1909576.989468958927318 ], [ 3447670.254239825066179, 1909573.320850268471986 ], [ 3447661.37433847412467, 1909558.662836870644242 ], [ 3447656.351295267231762, 1909550.523363964166492 ], [ 3447652.93655987130478, 1909545.545105298049748 ], [ 3447648.751995850820094, 1909538.879592541372404 ], [ 3447645.855580057948828, 1909534.621836115373299 ], [ 3447638.995619549416006, 1909524.468765300232917 ], [ 3447636.800414442550391, 1909520.800130760762841 ], [ 3447628.705620456952602, 1909507.927798700984567 ], [ 3447626.990676805842668, 1909505.389498374657705 ], [ 3447624.185784490313381, 1909501.721700041554868 ], [ 3447621.449457552284002, 1909497.840722223743796 ], [ 3447616.967581328935921, 1909491.224808293860406 ], [ 3447610.679355614818633, 1909481.480718720238656 ], [ 3447601.433605712838471, 1909467.085585694760084 ], [ 3447598.963990767020732, 1909462.958374752197415 ], [ 3447595.2824986288324, 1909456.915039556566626 ], [ 3447586.13582590315491, 1909442.503380766371265 ], [ 3447576.409907907713205, 1909426.97780119557865 ], [ 3447572.164241377729923, 1909419.919002883601934 ], [ 3447569.359317186288536, 1909414.939992380328476 ], [ 3447553.672517708968371, 1909387.194825428538024 ], [ 3447552.330963694024831, 1909385.098592731636018 ], [ 3447550.539757060352713, 1909382.068662399891764 ], [ 3447548.687536934390664, 1909378.645427177660167 ], [ 3447545.882501346524805, 1909373.666335550369695 ], [ 3447541.309065831825137, 1909365.149155633989722 ], [ 3447539.853201762773097, 1909362.971222262363881 ], [ 3447538.01623595552519, 1909359.646313474979252 ], [ 3447535.714265565387905, 1909355.28939745365642 ], [ 3447535.203500752337277, 1909353.962411519140005 ], [ 3447534.837667697574943, 1909352.913860661908984 ], [ 3447531.826787923462689, 1909347.263012970564887 ], [ 3447493.844883211888373, 1909281.275055679725483 ], [ 3447491.855535708833486, 1909278.278180559864268 ], [ 3447489.919501287396997, 1909274.969799779355526 ], [ 3447487.350824719294906, 1909270.859118610853329 ], [ 3447484.347651451826096, 1909265.913082922575995 ], [ 3447477.4038603794761, 1909254.563564002281055 ], [ 3447463.554229232016951, 1909231.454613843932748 ], [ 3447460.200381746515632, 1909225.558371087303385 ], [ 3447459.041823694482446, 1909223.330742659978569 ], [ 3447456.854187721852213, 1909219.055627679917961 ], [ 3447453.805258607957512, 1909213.814614296890795 ], [ 3447443.919174653012305, 1909196.601073026424274 ], [ 3447439.673629855271429, 1909189.542263698298484 ], [ 3447437.173524674959481, 1909185.218404283747077 ], [ 3447435.252747625578195, 1909182.008350733201951 ], [ 3447432.767895967699587, 1909177.78281760471873 ], [ 3447428.903307171072811, 1909170.559689009329304 ], [ 3447423.712508395779878, 1909161.338540832046419 ], [ 3447421.967070361133665, 1909158.603591311722994 ], [ 3447419.466967070009559, 1909154.279732344904914 ], [ 3447416.517130764201283, 1909149.022291334811598 ], [ 3447414.61160835204646, 1909145.910564342048019 ], [ 3447407.522989067249, 1909134.282500356202945 ], [ 3447400.190482337959111, 1909122.392610879382119 ], [ 3447397.034932477399707, 1909117.774610431632027 ], [ 3447395.220929146744311, 1909115.252840781118721 ], [ 3447392.49987475713715, 1909111.470194621710107 ], [ 3447386.935758202336729, 1909103.118391506839544 ], [ 3447384.862498836126179, 1909100.236388115677983 ], [ 3447381.722302257549018, 1909095.71669772057794 ], [ 3447378.909731228835881, 1909091.344094898086041 ], [ 3447370.281444639898837, 1909077.652955342782661 ], [ 3447368.444492255337536, 1909074.32804971630685 ], [ 3447360.006642057094723, 1909059.898948193294927 ], [ 3447353.985185891389847, 1909049.908639805391431 ], [ 3447346.500149010680616, 1909037.035394102800637 ], [ 3447338.855045557022095, 1909023.7854698325973 ], [ 3447336.133854978717864, 1909018.69153083814308 ], [ 3447332.505714328959584, 1909012.336699329549447 ], [ 3447330.19620941998437, 1909008.586272248998284 ], [ 3447317.665390078909695, 1908988.081729253288358 ], [ 3447316.217078165151179, 1908985.297216530656442 ], [ 3447309.560099438764155, 1908972.665820068912581 ], [ 3447305.27143286075443, 1908964.52824090141803 ], [ 3447304.714917904231697, 1908962.906278102658689 ], [ 3447304.402307051233947, 1908961.546239420771599 ], [ 3447304.17361557809636, 1908960.071330957114697 ], [ 3447303.677972424775362, 1908957.531378756510094 ], [ 3447303.205277958419174, 1908955.79456273582764 ], [ 3447302.343947541899979, 1908953.517354851588607 ], [ 3447301.60453962860629, 1908952.026772519340739 ], [ 3447300.34691741829738, 1908949.815673208795488 ], [ 3447297.198935113847256, 1908944.59119172138162 ], [ 3447296.840705448295921, 1908944.247468631016091 ], [ 3447295.628881169017404, 1908943.642658157041296 ], [ 3447295.71270148595795, 1908943.527804891346022 ], [ 3447297.8462323253043, 1908938.935331528075039 ], [ 3447300.177810688968748, 1908934.309820958646014 ], [ 3447304.574240240734071, 1908925.30493661458604 ], [ 3447304.665617862716317, 1908924.583599695004523 ], [ 3447304.779805379919708, 1908923.354105167323723 ], [ 3447304.627279139589518, 1908922.370844134362414 ], [ 3447304.200442859902978, 1908920.928990248823538 ], [ 3447302.934889637399465, 1908916.701804320793599 ], [ 3447301.616120602935553, 1908912.786107318010181 ], [ 3447299.725586018059403, 1908907.150121888378635 ], [ 3447298.101903463713825, 1908902.579196526668966 ], [ 3447295.12139075435698, 1908894.502405955223367 ], [ 3447294.60307801887393, 1908893.781905544223264 ], [ 3447293.886634454131126, 1908893.094557616626844 ], [ 3447293.330258961301297, 1908892.783888658275828 ], [ 3447292.590989951044321, 1908892.604599965037778 ], [ 3447291.554600881878287, 1908892.47487600077875 ], [ 3447290.548617878928781, 1908892.541820777347311 ], [ 3447288.963449188508093, 1908892.806254218332469 ], [ 3447287.62218431243673, 1908893.332611819729209 ], [ 3447287.157324250787497, 1908893.611899495357648 ], [ 3447287.004935893695801, 1908893.939931981032714 ], [ 3447286.88305269414559, 1908894.464616664219648 ], [ 3447276.859648955520242, 1908905.558606355916709 ], [ 3447278.447846297174692, 1908907.572836253559217 ], [ 3447278.912844097707421, 1908908.60484208445996 ], [ 3447279.675198935437948, 1908910.898560255067423 ], [ 3447281.405690257437527, 1908917.469079186441377 ], [ 3447281.794563251081854, 1908919.32074827561155 ], [ 3447281.947089582681656, 1908920.304009454324841 ], [ 3447281.939532378688455, 1908920.910493311705068 ], [ 3447277.063129333779216, 1908931.407637560041621 ], [ 3447275.440077184699476, 1908934.704508654540405 ], [ 3447274.64763191761449, 1908936.148020177846774 ], [ 3447273.824681361205876, 1908937.394879488972947 ], [ 3447273.641788044013083, 1908937.526259990874678 ], [ 3447272.613913756795228, 1908939.789178471313789 ], [ 3447245.533890468999743, 1908999.40923561505042 ], [ 3447234.691657925955951, 1909024.519270489923656 ], [ 3447230.653371165506542, 1909033.867822110420093 ], [ 3447227.803791327401996, 1909040.395536402007565 ], [ 3447227.224749145098031, 1909041.90432316577062 ], [ 3447225.578998196404427, 1909045.709345137700438 ], [ 3447186.483559193089604, 1909125.867533928714693 ], [ 3447144.743223515339196, 1909200.112372424220666 ], [ 3447094.910970296245068, 1909287.711120660183951 ], [ 3447083.816814213525504, 1909306.60927443089895 ], [ 3447082.361081085633487, 1909305.742547909729183 ], [ 3447080.943859966471791, 1909308.399890489177778 ], [ 3447080.04450411722064, 1909307.843829627148807 ], [ 3447077.880426094401628, 1909309.61715757730417 ], [ 3447064.027861471287906, 1909333.010362081229687 ], [ 3447042.92192958528176, 1909372.542828291421756 ], [ 3447037.905319664627314, 1909382.387666656868532 ], [ 3447032.038755484856665, 1909383.366488842060789 ], [ 3447023.602458556182683, 1909384.017385670449585 ], [ 3447020.496881572529674, 1909384.111932280473411 ], [ 3447018.900310669094324, 1909383.712538061430678 ], [ 3447017.647312954068184, 1909382.97338528255932 ], [ 3447016.418758746236563, 1909381.867017443524674 ], [ 3447015.102403993718326, 1909380.260853177634999 ], [ 3447013.528482815250754, 1909378.041994677856565 ], [ 3447011.356869004201144, 1909374.984745536930859 ], [ 3447008.185452735051513, 1909370.85367672261782 ], [ 3447003.724284950643778, 1909365.485129086766392 ], [ 3446998.085609773173928, 1909358.880652162013575 ], [ 3446991.501031583640724, 1909351.092492511030287 ], [ 3446984.257960293442011, 1909342.334765376523137 ], [ 3446980.78539233841002, 1909338.032021871302277 ], [ 3446976.96218837518245, 1909333.303491823375225 ], [ 3446970.309794248081744, 1909324.880969567224383 ], [ 3446964.500311193522066, 1909317.306464656954631 ], [ 3446957.74488014029339, 1909308.416950347833335 ], [ 3446947.753262447658926, 1909295.437437077285722 ], [ 3446933.166312830522656, 1909276.748626530636102 ], [ 3446916.343112073838711, 1909255.305882273241878 ], [ 3446900.559590137563646, 1909235.192673631478101 ], [ 3446888.346883601043373, 1909219.557573297526687 ], [ 3446879.193726042285562, 1909207.658729915972799 ], [ 3446871.829365575686097, 1909197.791487275157124 ], [ 3446865.203481590840966, 1909188.557680095080286 ], [ 3446859.143112923018634, 1909179.693434946937487 ], [ 3446853.072877642698586, 1909170.175273332977667 ], [ 3446855.413080422207713, 1909168.160723314154893 ], [ 3446852.663558102212846, 1909162.032632014947012 ], [ 3446852.437052184715867, 1909160.638047126121819 ], [ 3446851.615014308132231, 1909155.534922322956845 ], [ 3446850.792961698491126, 1909150.431699340464547 ], [ 3446850.475388696882874, 1909144.845972560811788 ], [ 3446849.833333501592278, 1909134.08924514031969 ], [ 3446843.353935433086008, 1909132.941057084826753 ], [ 3446836.874422936700284, 1909131.792788017075509 ], [ 3446832.82253432366997, 1909129.750389781082049 ], [ 3446829.370546368416399, 1909128.010285038035363 ], [ 3446821.097440127748996, 1909138.913869209820405 ], [ 3446805.97913561295718, 1909155.457417572150007 ], [ 3446804.043590323999524, 1909157.394272537669167 ], [ 3446791.340800695121288, 1909170.508705348474905 ], [ 3446770.339466552250087, 1909191.059916216647252 ], [ 3446729.754230736754835, 1909230.81644960003905 ], [ 3446715.919301231857389, 1909244.170458029955626 ], [ 3446713.41993931401521, 1909242.468936263816431 ], [ 3446639.931323287077248, 1909194.792217886075377 ], [ 3446624.869075041264296, 1909185.029185176128522 ], [ 3446586.994853927288204, 1909160.491698143538088 ], [ 3446575.784518661908805, 1909153.28366037318483 ], [ 3446573.760202506091446, 1909152.027621327666566 ], [ 3446571.581274997442961, 1909150.625996440881863 ], [ 3446570.350371518172324, 1909149.832728723762557 ], [ 3446513.587179314810783, 1909113.336204902967438 ], [ 3446430.643549290020019, 1909060.004735246300697 ], [ 3446440.930798633024096, 1909049.794905866030604 ], [ 3446473.190700484439731, 1909014.483648143708706 ], [ 3446484.158292343840003, 1909001.255235544871539 ], [ 3446494.64449299313128, 1908991.213990379823372 ], [ 3446499.423941010143608, 1908986.643899271730334 ], [ 3446504.427260517608374, 1908980.372078531887382 ], [ 3446498.822065368294716, 1908976.067463071551174 ], [ 3446518.740082265809178, 1908956.145378137007356 ], [ 3446536.51090476103127, 1908942.286231374368072 ], [ 3446544.89335044613108, 1908936.045805255416781 ], [ 3446553.474088597577065, 1908931.083628872409463 ], [ 3446561.315702402964234, 1908927.25348183978349 ], [ 3446567.488329384010285, 1908923.802654361119494 ], [ 3446572.365568164736032, 1908921.17327390331775 ], [ 3446581.425625605974346, 1908912.606895399745554 ], [ 3446544.988996059633791, 1908900.62387475091964 ], [ 3446462.908399939537048, 1908873.364798982162029 ], [ 3446422.340660200454295, 1908860.160867965547368 ], [ 3446376.948653518222272, 1908845.340920573566109 ], [ 3446298.655793107114732, 1908819.568417537491769 ], [ 3446202.44529656553641, 1908786.39574396982789 ], [ 3446126.32641924219206, 1908760.865868619875982 ], [ 3446121.749627479817718, 1908759.250417597359046 ], [ 3446126.862175276502967, 1908749.501743877306581 ], [ 3446131.194848515558988, 1908748.35237982776016 ], [ 3446135.248950936831534, 1908746.969877615338191 ], [ 3446137.64941518753767, 1908746.065017679007724 ], [ 3446140.68236406520009, 1908744.651044476311654 ], [ 3446142.358810320496559, 1908743.665238969959319 ], [ 3446143.158950404729694, 1908742.926510885125026 ], [ 3446143.379904658067971, 1908742.385287670185789 ], [ 3446143.501785771455616, 1908741.860594128491357 ], [ 3446143.311194410547614, 1908741.28716273792088 ], [ 3446143.02152990642935, 1908740.730261020595208 ], [ 3446141.901175135280937, 1908739.404108858667314 ], [ 3446139.645113546866924, 1908736.653494257247075 ], [ 3446136.619373901747167, 1908733.526936669368297 ], [ 3446134.858836466446519, 1908732.005080410512164 ], [ 3446118.358526137191802, 1908718.01344315498136 ], [ 3446115.035567379090935, 1908714.936475259484723 ], [ 3446112.871024339925498, 1908712.775822250638157 ], [ 3446105.272393122781068, 1908705.066021986538544 ], [ 3446101.705544585362077, 1908701.727231712313369 ], [ 3446097.25457748491317, 1908697.9306199348066 ], [ 3446096.02759466227144, 1908697.227488748496398 ], [ 3446094.259486949536949, 1908696.312025678576902 ], [ 3446093.192589214537293, 1908695.985672201029956 ], [ 3446091.630226434674114, 1908695.741983936401084 ], [ 3446089.488776536658406, 1908695.695784471463412 ], [ 3446085.061158922500908, 1908695.325016828952357 ], [ 3446083.369216964114457, 1908694.901204864261672 ], [ 3446081.418314838316292, 1908694.117111976956949 ], [ 3446079.665360948070884, 1908693.299992688931525 ], [ 3446078.08014656137675, 1908692.253143676789477 ], [ 3446076.464426224119961, 1908691.009640978649259 ], [ 3446072.402295480016619, 1908687.75338579970412 ], [ 3446068.995532055385411, 1908684.791374428197742 ], [ 3446066.930062481667846, 1908682.614192633191124 ], [ 3446062.418182643596083, 1908678.424258596496657 ], [ 3446056.069386792834848, 1908672.220753830857575 ], [ 3446049.652138222008944, 1908666.23051474802196 ], [ 3446046.489265217445791, 1908663.530326769920066 ], [ 3446041.96983030019328, 1908659.946884582284838 ], [ 3446037.960915451869369, 1908656.3791369269602 ], [ 3446034.866625221446157, 1908653.465864100493491 ], [ 3446026.917462372686714, 1908646.117169404635206 ], [ 3446010.965739371720701, 1908631.731407105689868 ], [ 3446007.345562288537621, 1908628.704032278852537 ], [ 3446006.156641156878322, 1908627.591065039392561 ], [ 3445995.936182861216366, 1908617.393532174639404 ], [ 3445990.334358042106032, 1908612.07412076741457 ], [ 3445986.782748865894973, 1908608.833563044900075 ], [ 3445978.452563183847815, 1908601.649416715372354 ], [ 3445972.424039131961763, 1908596.199455556226894 ], [ 3445968.841924585402012, 1908592.762244702782482 ], [ 3445963.141042604576796, 1908587.459462967701256 ], [ 3445954.864157400559634, 1908579.963709688745439 ], [ 3445946.518720129039139, 1908572.681239080848172 ], [ 3445927.151891448535025, 1908555.633456103503704 ], [ 3445929.399564603343606, 1908550.571739162085578 ], [ 3445929.685786881484091, 1908547.437309378990903 ], [ 3445928.943845521192998, 1908542.719256215728819 ], [ 3445927.500848289579153, 1908538.854534753365442 ], [ 3445927.064129762351513, 1908537.67658994323574 ], [ 3445924.302466941531748, 1908530.945207472424954 ], [ 3445919.303878385573626, 1908522.045179866719991 ], [ 3445959.968984044156969, 1908487.984323709271848 ], [ 3446080.925157558172941, 1908387.538838343927637 ], [ 3446076.236735795158893, 1908377.639181127306074 ], [ 3446067.92841136129573, 1908359.456299828598276 ], [ 3446061.609469729475677, 1908345.581694245804101 ], [ 3446048.080364478286356, 1908320.603629366494715 ], [ 3446022.524432493839413, 1908282.299782527377829 ], [ 3445999.186657218728215, 1908249.779015672625974 ], [ 3445976.55766255967319, 1908217.240874105598778 ], [ 3445965.368667222093791, 1908198.832621260546148 ], [ 3445959.781839204952121, 1908189.677601150935516 ], [ 3445943.440800664946437, 1908166.88361244648695 ], [ 3445920.773518834728748, 1908132.132708403281868 ], [ 3445908.647180461324751, 1908112.266810650238767 ], [ 3445894.950680603273213, 1908090.141201527556404 ], [ 3445881.55908248340711, 1908068.670722967945039 ], [ 3445866.398874165955931, 1908039.728342059301212 ], [ 3445853.90617109509185, 1908014.880021111108363 ], [ 3445843.669625260867178, 1907992.782393330242485 ], [ 3445843.044554348569363, 1907991.373612852068618 ], [ 3445833.372065266594291, 1907970.291362611809745 ], [ 3445821.473586717620492, 1907942.721262601902708 ], [ 3445807.471681263297796, 1907912.072484764503315 ], [ 3445794.567472505383193, 1907885.880743412533775 ], [ 3445789.171025398653001, 1907874.676555362297222 ], [ 3445784.209065488073975, 1907864.307717984775081 ], [ 3445775.756293739192188, 1907848.469023045618087 ], [ 3445763.187901753000915, 1907828.374396899016574 ], [ 3445739.461450397968292, 1907792.690689736045897 ], [ 3445731.222094173543155, 1907776.917266151634976 ], [ 3445722.471882839221507, 1907758.505557691911235 ], [ 3445718.782790770288557, 1907750.446137580089271 ], [ 3445714.918521431740373, 1907744.534335992531851 ], [ 3445709.758197753690183, 1907731.575955556705594 ], [ 3445701.709067672491074, 1907711.130735714454204 ], [ 3445693.849843874573708, 1907684.702448770636693 ], [ 3445685.708512022159994, 1907654.488138429587707 ], [ 3445680.135837846435606, 1907631.007116976659745 ], [ 3445675.866749811451882, 1907612.654767917003483 ], [ 3445672.299213220365345, 1907598.825435485225171 ], [ 3445666.750079818069935, 1907584.015389505540952 ], [ 3445653.814910295419395, 1907549.759096505120397 ], [ 3445649.424405112862587, 1907537.176651471992955 ], [ 3445644.065517229028046, 1907517.694814323913306 ], [ 3445639.644182537682354, 1907500.981813373276964 ], [ 3445635.992973803076893, 1907489.889962394954637 ], [ 3445630.14686688920483, 1907477.752113092923537 ], [ 3445614.552319277077913, 1907446.663037601625547 ], [ 3445606.236922251060605, 1907431.709398900391534 ], [ 3445600.154714884236455, 1907421.32574649923481 ], [ 3445596.122582678683102, 1907411.709643215872347 ], [ 3445592.189526499714702, 1907402.077010911190882 ], [ 3445586.381280720233917, 1907385.59541072207503 ], [ 3445578.956678493414074, 1907358.69118811446242 ], [ 3445574.161698943935335, 1907338.913551823468879 ], [ 3445570.937205021269619, 1907325.329624934820458 ], [ 3445567.912588065490127, 1907317.06777658755891 ], [ 3445565.117546232882887, 1907310.02003689808771 ], [ 3445557.259338811039925, 1907293.819933582097292 ], [ 3445551.550502499565482, 1907282.304768525063992 ], [ 3445546.837063855491579, 1907271.571719084167853 ], [ 3445542.345088632777333, 1907258.138738232664764 ], [ 3445533.5786366565153, 1907232.34606982441619 ], [ 3445524.745680504012853, 1907205.142226307885721 ], [ 3445515.922295741736889, 1907182.980418605031446 ], [ 3445506.801556144841015, 1907159.294542468851432 ], [ 3445500.889279827009887, 1907146.794535503257066 ], [ 3445490.302553503774107, 1907127.287193430587649 ], [ 3445470.644574454985559, 1907092.669910223223269 ], [ 3445459.395424047484994, 1907069.873755575157702 ], [ 3445447.715583486482501, 1907044.496565635316074 ], [ 3445433.64062387868762, 1907010.753330819774419 ], [ 3445422.768952077254653, 1906977.807169701904058 ], [ 3445411.275417771656066, 1906946.356775700347498 ], [ 3445400.771171564236283, 1906916.698224692838266 ], [ 3445392.220253423321992, 1906886.855014267144725 ], [ 3445384.882743135094643, 1906859.593391747446731 ], [ 3445380.432381522841752, 1906839.284237621584907 ], [ 3445378.287377362139523, 1906831.219430679222569 ], [ 3445373.307889802381396, 1906818.442782457685098 ], [ 3445365.557647330220789, 1906795.466407534200698 ], [ 3445359.812894261442125, 1906781.29429428698495 ], [ 3445354.867152157239616, 1906771.356560484273359 ], [ 3445350.643933202605695, 1906763.19464572891593 ], [ 3445333.382295113522559, 1906731.708098794799298 ], [ 3445329.00209472514689, 1906723.713594057830051 ], [ 3445325.886325284373015, 1906718.039981139358133 ], [ 3445316.457594060339034, 1906701.34542518761009 ], [ 3445312.338938401080668, 1906696.676351303933188 ], [ 3445293.642201845534146, 1906662.328591959318146 ], [ 3445289.642400585114956, 1906654.980651852674782 ], [ 3445289.539490448310971, 1906654.644775227177888 ], [ 3445289.305472525767982, 1906653.987813331419602 ], [ 3445289.015050287824124, 1906653.229304434731603 ], [ 3445286.130083678755909, 1906645.701525219948962 ], [ 3445284.056930038146675, 1906640.328060578554869 ], [ 3445280.733769293408841, 1906631.743642125977203 ], [ 3445277.780977613758296, 1906624.237266478594393 ], [ 3445275.219993647187948, 1906617.815443806117401 ], [ 3445273.050817038863897, 1906612.478174025425687 ], [ 3445270.853344148956239, 1906607.15571221942082 ], [ 3445268.898370755370706, 1906602.478710239985958 ], [ 3445265.599559343419969, 1906594.707279433030635 ], [ 3445258.995279910974205, 1906579.185703489230946 ], [ 3445253.455671957228333, 1906566.270520311314613 ], [ 3445247.887869001831859, 1906553.370129025541246 ], [ 3445242.290346118155867, 1906540.474697031080723 ], [ 3445242.088352522347122, 1906540.024220022372901 ], [ 3445239.995452026836574, 1906535.309809661703184 ], [ 3445238.647916638292372, 1906532.387477832613513 ], [ 3445237.282091208733618, 1906529.478284460259601 ], [ 3445235.593848328571767, 1906525.997486827196553 ], [ 3445234.160195304546505, 1906523.109696496743709 ], [ 3445232.415656400844455, 1906519.658465086948127 ], [ 3445230.92560821166262, 1906516.800257484428585 ], [ 3445229.520170632284135, 1906514.159935172181576 ], [ 3445228.775484819430858, 1906512.831645026104525 ], [ 3445228.178012303076684, 1906511.862100979778916 ], [ 3445227.553767901845276, 1906510.917197397677228 ], [ 3445226.902949765324593, 1906509.996901228325441 ], [ 3445226.222309934906662, 1906509.081580325961113 ], [ 3445225.286438818089664, 1906507.896143448306248 ], [ 3445224.313888273201883, 1906506.736999958055094 ], [ 3445223.303331546485424, 1906505.594284187536687 ], [ 3445222.266002932097763, 1906504.476208904990926 ], [ 3445220.93381286971271, 1906503.09462930355221 ], [ 3445219.573425094597042, 1906501.727841058978811 ], [ 3445219.550560205243528, 1906501.711481684353203 ], [ 3445216.6003776662983, 1906498.874960015062243 ], [ 3445215.893082362599671, 1906498.246522379340604 ], [ 3445214.945804798044264, 1906497.446294798748568 ], [ 3445213.971854405477643, 1906496.670691165141761 ], [ 3445213.215788152068853, 1906496.120999235892668 ], [ 3445212.45438905665651, 1906495.602458026027307 ], [ 3445211.666416206397116, 1906495.108524246374145 ], [ 3445210.86462879460305, 1906494.657243223628029 ], [ 3445210.046175170689821, 1906494.228916716296226 ], [ 3445209.456286614760756, 1906493.964298798469827 ], [ 3445207.88635867042467, 1906493.278037500334904 ], [ 3445202.396135988645256, 1906490.905629325192422 ], [ 3445192.736396277789026, 1906486.747435891535133 ], [ 3445187.741583121009171, 1906484.554740644292906 ], [ 3445165.645033101551235, 1906474.845762132201344 ], [ 3445160.299615111667663, 1906472.489546817727387 ], [ 3445156.767247754149139, 1906470.879900775384158 ], [ 3445154.660860491916537, 1906469.879660413134843 ], [ 3445151.868435996118933, 1906468.519785653799772 ], [ 3445149.099748853128403, 1906467.115703610470518 ], [ 3445146.356095314957201, 1906465.677083282498643 ], [ 3445143.619299512822181, 1906464.21714492351748 ], [ 3445140.210281037259847, 1906462.354919509962201 ], [ 3445136.824984667822719, 1906460.448388525517657 ], [ 3445133.444922059308738, 1906458.51072346791625 ], [ 3445129.391226194798946, 1906456.161020695464686 ], [ 3445129.055877308361232, 1906455.964793463703245 ], [ 3445127.226035462226719, 1906454.847807243233547 ], [ 3445126.152152286842465, 1906454.149398993933573 ], [ 3445124.742252562660724, 1906453.184265859192237 ], [ 3445123.368933235760778, 1906452.192855820292607 ], [ 3445122.020662787370384, 1906451.167005726369098 ], [ 3445120.687731822021306, 1906450.108335454948246 ], [ 3445119.37984973937273, 1906449.015225118026137 ], [ 3445118.088832039386034, 1906447.899127207696438 ], [ 3445116.493605364114046, 1906446.460562749067321 ], [ 3445114.912193287163973, 1906444.979345514206216 ], [ 3445114.721649673301727, 1906444.799307725625113 ], [ 3445112.756874014623463, 1906442.877799497684464 ], [ 3445112.32090763002634, 1906442.426009600283578 ], [ 3445111.920763480942696, 1906442.008591335266829 ], [ 3445111.10141825908795, 1906441.116412106901407 ], [ 3445110.318752525374293, 1906440.197939425008371 ], [ 3445109.762353562284261, 1906439.493892677826807 ], [ 3445109.055799372028559, 1906438.542547867167741 ], [ 3445108.564178582280874, 1906437.797432794002816 ], [ 3445108.100755552761257, 1906437.037526318337768 ], [ 3445107.86065711453557, 1906436.603493756148964 ], [ 3445107.675536910071969, 1906436.261158986017108 ], [ 3445107.286799607798457, 1906435.458531241398305 ], [ 3445107.17779947957024, 1906435.214454054133967 ], [ 3445105.71048491075635, 1906431.848104419186711 ], [ 3445103.966474684886634, 1906427.811739777214825 ], [ 3445102.509167143609375, 1906424.44372076052241 ], [ 3445099.615793529432267, 1906417.714226105483249 ], [ 3445096.64686066377908, 1906410.825858530355617 ], [ 3445094.382340593729168, 1906405.595283768838271 ], [ 3445094.030184112023562, 1906404.766379181295633 ], [ 3445092.015687201637775, 1906400.230443500448018 ], [ 3445090.314375911373645, 1906396.46939215506427 ], [ 3445084.839337795507163, 1906384.431104349670932 ], [ 3445083.506281378678977, 1906381.405488984659314 ], [ 3445080.082341735251248, 1906373.362520183902234 ], [ 3445061.578312077093869, 1906376.449752331711352 ], [ 3445057.36507980292663, 1906372.421863302588463 ], [ 3445052.362367577385157, 1906367.688466339604929 ], [ 3445047.332982606254518, 1906362.97969362186268 ], [ 3445038.737506859004498, 1906355.002650103997439 ], [ 3445036.543310402426869, 1906352.978100105421618 ], [ 3445024.679080174304545, 1906342.076473046094179 ], [ 3445021.323332917876542, 1906338.984836029820144 ], [ 3445013.720957274548709, 1906331.971753815421835 ], [ 3445008.414145120419562, 1906327.047005857108161 ], [ 3445003.124113743193448, 1906322.099385396810248 ], [ 3445002.99225738691166, 1906321.970078706042841 ], [ 3444998.204479992389679, 1906317.44291382515803 ], [ 3444992.655287350527942, 1906312.134950266452506 ], [ 3444983.967571718152612, 1906303.759733269456774 ], [ 3444970.569033899344504, 1906290.76371766300872 ], [ 3444965.8346186587587, 1906286.187404457014054 ], [ 3444965.128082427196205, 1906285.498320004437119 ], [ 3444963.886595629155636, 1906284.242829434107989 ], [ 3444962.063463827129453, 1906282.317766019143164 ], [ 3444960.86389051983133, 1906281.004847719799727 ], [ 3444956.177324982360005, 1906275.623577252263203 ], [ 3444953.838283204007894, 1906272.927191050490364 ], [ 3444952.073929535225034, 1906270.921712382230908 ], [ 3444950.27442118152976, 1906268.952359894523397 ], [ 3444949.058082649484277, 1906267.662412822246552 ], [ 3444947.826404537539929, 1906266.40528601128608 ], [ 3444946.568152555730194, 1906265.172766741132364 ], [ 3444945.284653421025723, 1906263.974720674566925 ], [ 3444943.966212964616716, 1906262.812866036081687 ], [ 3444942.624034974724054, 1906261.695218894630671 ], [ 3444941.238517710007727, 1906260.625150399282575 ], [ 3444939.819370585959405, 1906259.601040682289749 ], [ 3444938.358409054577351, 1906258.634342237142846 ], [ 3444936.845527393743396, 1906257.726741080405191 ], [ 3444935.876927196979523, 1906257.182248971192166 ], [ 3444933.568456765729934, 1906255.862683183513582 ], [ 3444933.478522134944797, 1906255.807078561512753 ], [ 3444933.2940210592933, 1906254.748463137075305 ], [ 3444880.04381062136963, 1906205.178678098367527 ], [ 3444803.989360203035176, 1906134.196124309208244 ], [ 3444749.872424378525466, 1906060.491481972392648 ], [ 3444714.995396697428077, 1906012.107193908188492 ], [ 3444687.858724849298596, 1906016.643338448368013 ], [ 3444636.646394775249064, 1905910.130147022660822 ], [ 3444585.434354410506785, 1905803.617074273526669 ], [ 3444540.683347690850496, 1905692.792226585326716 ], [ 3444537.68151792883873, 1905676.658193945651874 ], [ 3444535.766817705705762, 1905672.045204626396298 ], [ 3444535.433725939132273, 1905671.273644367931411 ], [ 3444520.511993444524705, 1905636.986019097501412 ], [ 3444513.45238405931741, 1905620.562048644758761 ], [ 3444508.115395775530487, 1905608.036777643719688 ], [ 3444505.128259330522269, 1905601.030533654848114 ], [ 3444497.485666745807976, 1905583.402610333636403 ], [ 3444489.939006956294179, 1905565.738509656861424 ], [ 3444488.440473037771881, 1905562.1050358354114 ], [ 3444479.252046060282737, 1905539.620923653244972 ], [ 3444479.120943367946893, 1905539.299839392770082 ], [ 3444476.748211652040482, 1905534.682575270533562 ], [ 3444473.689665928483009, 1905530.492326654260978 ], [ 3444470.011532672680914, 1905526.829102065879852 ], [ 3444466.625549652148038, 1905526.294533329084516 ], [ 3444463.280584015417844, 1905524.976424310589209 ], [ 3444460.316650637891144, 1905522.969352047890425 ], [ 3444457.887719314079732, 1905520.348599017830566 ], [ 3444456.09579295758158, 1905517.248250097734854 ], [ 3444455.037784982938319, 1905513.833802857901901 ], [ 3444454.776197295635939, 1905510.246134286280721 ], [ 3444455.301795285195112, 1905506.688524695578963 ], [ 3444455.711733836680651, 1905504.875084485858679 ], [ 3444456.326408972498029, 1905499.728944828733802 ], [ 3444456.135524902958423, 1905494.565999846206978 ], [ 3444455.155937558040023, 1905489.494293036404997 ], [ 3444455.090379965025932, 1905489.202621335163713 ], [ 3444454.220625513698906, 1905485.887897689361125 ], [ 3444452.418609167914838, 1905478.986444034148008 ], [ 3444452.272259377874434, 1905478.567033957224339 ], [ 3444450.108260567300022, 1905472.28075654967688 ], [ 3444448.971099745947868, 1905469.010646846843883 ], [ 3444444.786539861932397, 1905459.329397662077099 ], [ 3444444.419912814162672, 1905458.472650609444827 ], [ 3444427.697147709783167, 1905419.321021843934432 ], [ 3444425.370861093979329, 1905413.888953869696707 ], [ 3444423.804606423713267, 1905410.27686875150539 ], [ 3444421.844187621958554, 1905405.762196320807561 ], [ 3444419.478271580301225, 1905400.336740464204922 ], [ 3444410.828869516029954, 1905380.476215313188732 ], [ 3444409.65658255899325, 1905377.766750930808485 ], [ 3444409.40200248779729, 1905377.173745661042631 ], [ 3444404.08640976017341, 1905364.7861410130281 ], [ 3444398.36531664012, 1905351.356624026084319 ], [ 3444390.544325677677989, 1905332.709547603270039 ], [ 3444388.696711579337716, 1905328.266839880030602 ], [ 3444378.18658987339586, 1905302.634223235538229 ], [ 3444374.428958300966769, 1905293.476785908453166 ], [ 3444371.422774774953723, 1905286.15084948274307 ], [ 3444371.163621469400823, 1905285.528346663108096 ], [ 3444356.463744717184454, 1905249.9833665615879 ], [ 3444353.065127339214087, 1905241.764643861912191 ], [ 3444346.000821475405246, 1905224.655109998770058 ], [ 3443534.776415654458106, 1905224.655109998770058 ], [ 3443533.795510444324464, 1905224.898213495034724 ], [ 3443533.291750569827855, 1905225.123488064389676 ], [ 3443533.014342303853482, 1905225.300907242111862 ], [ 3443532.605955958366394, 1905225.681748000904918 ], [ 3443532.365900891367346, 1905226.034501516260207 ], [ 3443532.170057190116495, 1905226.541270921239629 ], [ 3443532.098438917659223, 1905226.997051295591518 ], [ 3443532.03447016980499, 1905228.026517369318753 ], [ 3443531.797064871527255, 1905233.442630900070071 ], [ 3443531.599963628221303, 1905237.348947710124776 ], [ 3443531.18879996612668, 1905243.217610239749774 ], [ 3443529.619592850096524, 1905266.457760931923985 ], [ 3443529.521367117296904, 1905268.249473042553291 ], [ 3443529.239753195084631, 1905273.77373583172448 ], [ 3443528.892080064397305, 1905282.214095060247928 ], [ 3443528.705062894150615, 1905289.528158746659756 ], [ 3443528.667802205774933, 1905291.18865416594781 ], [ 3443528.637832801789045, 1905299.122186925727874 ], [ 3443528.639097293373197, 1905307.06049503129907 ], [ 3443528.5260777217336, 1905313.736815895652398 ], [ 3443528.408918251749128, 1905317.831539286999032 ], [ 3443528.213288856204599, 1905320.567515296163037 ], [ 3443527.954272441100329, 1905322.698757028672844 ], [ 3443527.051732670050114, 1905330.313782820478082 ], [ 3443526.957318105734885, 1905332.064512285171077 ], [ 3443526.80523017514497, 1905336.719853569520637 ], [ 3443526.835088438354433, 1905339.33750919252634 ], [ 3443526.959561709780246, 1905342.171380141284317 ], [ 3443527.20285508222878, 1905345.509952595457435 ], [ 3443527.363010966219008, 1905347.591426644008607 ], [ 3443527.644509638659656, 1905350.913537327665836 ], [ 3443528.39104883139953, 1905358.808191407006234 ], [ 3443528.5017114803195, 1905359.848868777276948 ], [ 3443529.065196300856769, 1905364.990036127856001 ], [ 3443531.641975164879113, 1905388.486613212618977 ], [ 3443533.966324092354625, 1905410.552602962590754 ], [ 3443534.137887349352241, 1905412.117734071100131 ], [ 3443534.228622821159661, 1905412.899473040830344 ], [ 3443534.360534622333944, 1905414.077824417268857 ], [ 3443534.502453178633004, 1905415.254506086697802 ], [ 3443534.644272685516626, 1905416.431204296415672 ], [ 3443534.786092221271247, 1905417.607902517309412 ], [ 3443535.038462659344077, 1905419.563033374026418 ], [ 3443535.290833173319697, 1905421.518164251931012 ], [ 3443535.765929544344544, 1905425.039976582163945 ], [ 3443535.876480516977608, 1905425.818409240338951 ], [ 3443535.988556293770671, 1905426.606674554292113 ], [ 3443536.05336350062862, 1905427.090127668343484 ], [ 3443536.176871738396585, 1905427.886572452494875 ], [ 3443536.300379988737404, 1905428.683017241302878 ], [ 3443536.361371721606702, 1905429.076323309913278 ], [ 3443536.42388825211674, 1905429.479462034767494 ], [ 3443536.628203565720469, 1905430.665906522190198 ], [ 3443536.761619506403804, 1905431.460698135429993 ], [ 3443537.20149798784405, 1905433.838460243074223 ], [ 3443537.67109951749444, 1905436.211262817494571 ], [ 3443538.160615524277091, 1905438.580742513993755 ], [ 3443538.659940207842737, 1905440.948585581732914 ], [ 3443539.088365511037409, 1905442.924775766674429 ], [ 3443539.282759370282292, 1905443.850611817557365 ], [ 3443540.47501612175256, 1905449.048259823117405 ], [ 3443541.547566101886332, 1905453.277348394040018 ], [ 3443543.326076741330326, 1905459.829714165767655 ], [ 3443544.524384442251176, 1905464.148777050198987 ], [ 3443545.393364020623267, 1905466.868510322878137 ], [ 3443545.8461300926283, 1905467.952976182801649 ], [ 3443546.48029047716409, 1905469.158480813959613 ], [ 3443547.067182045429945, 1905470.059173179790378 ], [ 3443548.549033573362976, 1905476.178474264917895 ], [ 3443548.636840636841953, 1905477.8871 ], [ 3443548.845767242833972, 1905479.758697161916643 ], [ 3443549.360569887328893, 1905484.585206723306328 ], [ 3443549.415534565225244, 1905486.250491206767038 ], [ 3443549.744878561235964, 1905498.400909136747941 ], [ 3443549.701562223024666, 1905500.677731153788045 ], [ 3443549.55774388089776, 1905502.961235965369269 ], [ 3443549.210412921383977, 1905506.620281546376646 ], [ 3443548.778809343930334, 1905512.552896603941917 ], [ 3443548.765953653492033, 1905514.370717431884259 ], [ 3443548.884225209243596, 1905516.640852311393246 ], [ 3443548.983352439943701, 1905517.542236860375851 ], [ 3443549.047394497320056, 1905517.955208447529003 ], [ 3443549.119826653972268, 1905518.487825117539614 ], [ 3443549.356938431505114, 1905520.082368732895702 ], [ 3443549.707751452922821, 1905522.474994253832847 ], [ 3443550.328364613465965, 1905526.739147621905431 ], [ 3443550.611987101845443, 1905528.699152838438749 ], [ 3443549.076380671001971, 1905528.561988909495994 ], [ 3443547.960094294976443, 1905528.463192262453958 ], [ 3443550.427251102868468, 1905553.183909902349114 ], [ 3443542.659061119426042, 1905580.29491193103604 ], [ 3443534.890875008888543, 1905607.405827961396426 ], [ 3443532.519966243766248, 1905669.371820098021999 ], [ 3443531.448427823372185, 1905697.376318478956819 ], [ 3443532.230297701898962, 1905697.608686244348064 ], [ 3443533.062170461751521, 1905697.959001001669094 ], [ 3443533.463656460400671, 1905698.128146885195747 ], [ 3443533.89395939419046, 1905698.309430628316477 ], [ 3443534.31161982845515, 1905698.512090324191377 ], [ 3443534.358874549157917, 1905698.554640791844577 ], [ 3443534.428614943288267, 1905698.643874773290008 ], [ 3443534.451100618578494, 1905698.690558299189433 ], [ 3443534.431300994940102, 1905698.956127052661031 ], [ 3443534.239386139903218, 1905699.684161396697164 ], [ 3443534.37727549765259, 1905705.128367691067979 ], [ 3443534.526727976277471, 1905710.843097798293456 ], [ 3443534.154365516267717, 1905714.536592605989426 ], [ 3443534.131569617893547, 1905725.07134421938099 ], [ 3443533.594910685438663, 1905729.442873911000788 ], [ 3443533.058351285755634, 1905733.814387295860797 ], [ 3443532.664939980022609, 1905740.648489115294069 ], [ 3443532.387153115589172, 1905745.476135677425191 ], [ 3443531.879061556886882, 1905749.605852544307709 ], [ 3443531.51169507810846, 1905758.574079311918467 ], [ 3443531.440912745893002, 1905760.149393972475082 ], [ 3443531.415053988806903, 1905761.031288333237171 ], [ 3443531.40215258859098, 1905761.931194827659056 ], [ 3443531.394667314365506, 1905762.537671076832339 ], [ 3443531.413013642188162, 1905763.442450564820319 ], [ 3443531.42524453625083, 1905764.045636893017218 ], [ 3443531.464930979069322, 1905764.956942610675469 ], [ 3443531.498501979745924, 1905765.566655158065259 ], [ 3443531.567911286838353, 1905766.473001198610291 ], [ 3443531.631205140147358, 1905767.077754063764587 ], [ 3443531.730337309651077, 1905767.979140422074124 ], [ 3443531.813446404412389, 1905768.580586832715198 ], [ 3443531.895030643325299, 1905769.172200575238094 ], [ 3443531.997954974882305, 1905769.770340532064438 ], [ 3443532.099453526549041, 1905770.358631289098412 ], [ 3443532.21228548232466, 1905770.955118017736822 ], [ 3443532.343407803215086, 1905771.538465617457405 ], [ 3443532.549998906441033, 1905772.411833781050518 ], [ 3443533.390773409046233, 1905774.752970101777464 ], [ 3443533.927405591122806, 1905776.247103240573779 ], [ 3443533.965519198682159, 1905776.361788886599243 ], [ 3443534.628715292550623, 1905778.672034104820341 ], [ 3443535.202742994762957, 1905780.997158426558599 ], [ 3443535.420782821252942, 1905782.140968571649864 ], [ 3443535.699050890747458, 1905783.607603796990588 ], [ 3443535.957503783516586, 1905785.077545490115881 ], [ 3443536.042129889596254, 1905785.557693381793797 ], [ 3443536.204524242319167, 1905786.539307759841904 ], [ 3443536.280767620541155, 1905787.030941559700295 ], [ 3443536.433254391886294, 1905788.014209171989933 ], [ 3443536.509497785940766, 1905788.505842982558534 ], [ 3443536.662083663977683, 1905789.489094073651358 ], [ 3443536.728419462218881, 1905789.982381115201861 ], [ 3443536.947242105845362, 1905791.458935791160911 ], [ 3443537.648706077132374, 1905796.375360749196261 ], [ 3443538.010108287911862, 1905798.836836386937648 ], [ 3443538.07644418021664, 1905799.330123458057642 ], [ 3443538.152786761522293, 1905799.82174076884985 ], [ 3443538.227505400776863, 1905800.303541932953522 ], [ 3443538.389900042209774, 1905801.285156387137249 ], [ 3443538.542387095279992, 1905802.268424079753458 ], [ 3443538.57169092958793, 1905802.513089755782858 ], [ 3443538.576700737234205, 1905802.555224946001545 ], [ 3443538.58549508266151, 1905803.037939454196021 ], [ 3443538.594289434608072, 1905803.520653965417296 ], [ 3443538.629744710400701, 1905803.782046524109319 ], [ 3443538.66519998665899, 1905804.04343908210285 ], [ 3443538.755909541621804, 1905804.300655201775953 ], [ 3443538.799852995201945, 1905808.963358823675662 ], [ 3443535.119548740796745, 1905809.426569810369983 ], [ 3443532.702950115315616, 1905809.769293249817565 ], [ 3443529.755256061442196, 1905810.291422377340496 ], [ 3443526.327331351581961, 1905810.994556890800595 ], [ 3443521.822634532582015, 1905812.028674771310762 ], [ 3443513.594432390294969, 1905813.956571898190305 ], [ 3443501.389678727835417, 1905816.719503584550694 ], [ 3443498.314620056655258, 1905817.404107960406691 ], [ 3443493.002165553160012, 1905818.472145676380023 ], [ 3443489.833370939362794, 1905819.011098911054432 ], [ 3443488.651415191590786, 1905819.188153370283544 ], [ 3443486.431444077286869, 1905819.48798217670992 ], [ 3443483.745048971381038, 1905819.795031738467515 ], [ 3443478.834099943283945, 1905820.241281307535246 ], [ 3443473.515520344953984, 1905820.614432468777522 ], [ 3443473.043763376772404, 1905820.652804520679638 ], [ 3443464.277396312914789, 1905821.207779279677197 ], [ 3443457.618223825469613, 1905821.522193485172465 ], [ 3443453.032684491015971, 1905821.641793221002445 ], [ 3443450.705996526870877, 1905821.646730303764343 ], [ 3443446.573816500604153, 1905821.609982724767178 ], [ 3443443.47519972641021, 1905821.552175263175741 ], [ 3443439.157915772870183, 1905821.435357678681612 ], [ 3443431.704553446732461, 1905821.216448407387361 ], [ 3443424.538535121828318, 1905821.080825516721234 ], [ 3443419.808181445114315, 1905821.053112173685804 ], [ 3443419.511711603030562, 1905821.042060702340677 ], [ 3443419.453799119684845, 1905821.192944430746138 ], [ 3443418.484634904190898, 1905823.856278223684058 ], [ 3443417.490322718862444, 1905826.554070012876764 ], [ 3443416.558390469290316, 1905828.999361319933087 ], [ 3443415.804109802935272, 1905830.819967776536942 ], [ 3443414.764051563572139, 1905833.222779293078929 ], [ 3443413.671405696775764, 1905835.614191908622161 ], [ 3443412.253367254044861, 1905838.594521124847233 ], [ 3443410.50688661262393, 1905842.144101707730442 ], [ 3443405.077801722101867, 1905853.207802806049585 ], [ 3443404.124620384536684, 1905855.25325663248077 ], [ 3443390.695013438351452, 1905884.063901098910719 ], [ 3443384.845358688849956, 1905896.872263970319182 ], [ 3443379.382184903603047, 1905909.091707909014076 ], [ 3443377.651735756546259, 1905912.941235320642591 ], [ 3443374.141425599344075, 1905921.04193597799167 ], [ 3443372.582456655334681, 1905924.883023941190913 ], [ 3443370.916163058020175, 1905929.276641160482541 ], [ 3443369.518790175672621, 1905933.24217253527604 ], [ 3443369.253620024770498, 1905934.022784525062889 ], [ 3443368.635778636671603, 1905936.264362619491294 ], [ 3443368.357694371137768, 1905937.68262085923925 ], [ 3443368.123931640293449, 1905939.386010865215212 ], [ 3443367.978497426491231, 1905941.397450639866292 ], [ 3443367.935189048759639, 1905943.412022943841293 ], [ 3443368.001738811377436, 1905945.610006403177977 ], [ 3443368.081094956956804, 1905947.039228485198691 ], [ 3443368.14518466219306, 1905948.10786023712717 ], [ 3443368.234448475763202, 1905949.535429057665169 ], [ 3443368.333619923330843, 1905950.961344592273235 ], [ 3443368.675412611570209, 1905954.868564654141665 ], [ 3443368.755483639426529, 1905955.581478925887495 ], [ 3443368.834029764402658, 1905956.284560494590551 ], [ 3443368.914100813213736, 1905956.997474769130349 ], [ 3443369.0025545489043, 1905957.698903055861592 ], [ 3443369.10091588459909, 1905958.398678048979491 ], [ 3443369.200802145525813, 1905959.108285745838657 ], [ 3443369.36244311183691, 1905960.150551960803568 ], [ 3443369.413523403927684, 1905960.41438157344237 ], [ 3443369.694964958354831, 1905962.162932389648631 ], [ 3443370.041870144661516, 1905964.203174174297601 ], [ 3443371.793287993874401, 1905974.7747900292743 ], [ 3443372.002924799919128, 1905975.536693761125207 ], [ 3443373.905663797166198, 1905982.431504951324314 ], [ 3443381.442782017402351, 1906009.730546727543697 ], [ 3443382.664882565848529, 1906014.267582372296602 ], [ 3443383.530131564009935, 1906017.683967721182853 ], [ 3443384.377075288444757, 1906021.113394093932584 ], [ 3443385.453513817861676, 1906025.694911360507831 ], [ 3443386.241027809679508, 1906029.134355974150822 ], [ 3443387.259645542595536, 1906033.735609368886799 ], [ 3443387.997622148133814, 1906037.183320600772277 ], [ 3443388.727216330356896, 1906040.642517898697406 ], [ 3443389.456909819506109, 1906044.101698722690344 ], [ 3443390.175071948207915, 1906047.552716725505888 ], [ 3443390.894759241491556, 1906051.013567497953773 ], [ 3443391.614446764346212, 1906054.474418333498761 ], [ 3443392.582003898918629, 1906059.07410609908402 ], [ 3443393.580710038542747, 1906063.678683309582993 ], [ 3443393.700403927825391, 1906064.253853027941659 ], [ 3443393.837630078196526, 1906064.876532977214083 ], [ 3443393.896335575729609, 1906065.189526250818744 ], [ 3443393.966473590582609, 1906065.510698933620006 ], [ 3443394.025179092772305, 1906065.823692208854482 ], [ 3443394.083884596824646, 1906066.13668548851274 ], [ 3443394.202820545062423, 1906066.772504747845232 ], [ 3443394.261526056099683, 1906067.08549802750349 ], [ 3443394.310323989018798, 1906067.400144607992843 ], [ 3443394.41935237403959, 1906068.037617170717567 ], [ 3443394.526855831965804, 1906068.665257032727823 ], [ 3443394.625976654700935, 1906069.304382902802899 ], [ 3443394.723671624902636, 1906069.933659535832703 ], [ 3443394.81364284735173, 1906070.513789174612612 ], [ 3443394.970711269415915, 1906071.526557876029983 ], [ 3443395.216226028744131, 1906073.109623526688665 ], [ 3443395.325254485942423, 1906073.747096109669656 ], [ 3443395.422850436996669, 1906074.376389289740473 ], [ 3443395.53187891189009, 1906075.013861885527149 ], [ 3443395.590584472287446, 1906075.326855174032971 ], [ 3443395.639382456429303, 1906075.641501768492162 ], [ 3443395.699612958356738, 1906075.964327769121155 ], [ 3443395.758318524807692, 1906076.277321066008881 ], [ 3443395.817024093586951, 1906076.590314355911687 ], [ 3443395.875729664228857, 1906076.903307653963566 ], [ 3443395.945867751725018, 1906077.224480353528634 ], [ 3443395.958067250438035, 1906077.303142003482208 ], [ 3443396.098334402777255, 1906077.814355624839664 ], [ 3443396.204285949934274, 1906078.038767466088757 ], [ 3443396.338435294106603, 1906078.248386699240655 ], [ 3443396.473342591430992, 1906078.397356389788911 ], [ 3443396.68370268587023, 1906078.574083804385737 ], [ 3443396.786595326848328, 1906078.647698451532051 ], [ 3443397.073166171088815, 1906078.791534044779837 ], [ 3443397.297999624162912, 1906078.86497449525632 ], [ 3443397.570846030022949, 1906078.920315733645111 ], [ 3443397.847500262316316, 1906078.93467284552753 ], [ 3443398.118054745253175, 1906078.909699139650911 ], [ 3443398.433473230339587, 1906078.846977348206565 ], [ 3443398.570654385257512, 1906078.813998436322436 ], [ 3443403.37560861511156, 1906077.456280654994771 ], [ 3443428.675273556262255, 1906159.430515166372061 ], [ 3443534.91283385688439, 1906364.213116535684094 ], [ 3443510.197095229290426, 1906379.852758679073304 ], [ 3443557.388270078226924, 1906452.276449730852619 ], [ 3443557.913229951169342, 1906455.660560389980674 ], [ 3443557.950587578583509, 1906455.835896043339744 ], [ 3443558.061115487478673, 1906456.089806317351758 ], [ 3443558.661747769452631, 1906457.078994506970048 ], [ 3443559.726470273919404, 1906458.7674528749194 ], [ 3443560.827872038818896, 1906460.429616048000753 ], [ 3443561.946023656055331, 1906462.06870884867385 ], [ 3443563.469682158902287, 1906464.225291896378621 ], [ 3443565.802699874620885, 1906467.406842597527429 ], [ 3443568.946701, 1906471.62317719659768 ], [ 3443570.900999001227319, 1906474.262694179080427 ], [ 3443572.431416265200824, 1906476.397975123021752 ], [ 3443573.566348510794342, 1906478.014194310642779 ], [ 3443575.033612221945077, 1906480.200362790375948 ], [ 3443596.994102491997182, 1906513.666635842993855 ], [ 3443597.475824880413711, 1906514.41339994687587 ], [ 3443601.696881865616888, 1906520.790235375054181 ], [ 3443613.025500114541501, 1906537.93424558127299 ], [ 3443613.017885197419673, 1906538.016213961411268 ], [ 3443612.749777079559863, 1906540.088482713093981 ], [ 3443612.637047866359353, 1906540.93444522889331 ], [ 3443612.548668053466827, 1906541.282071328721941 ], [ 3443612.47246802598238, 1906541.446095212362707 ], [ 3443612.314824390225112, 1906541.674145923694596 ], [ 3443612.134216581471264, 1906541.885854339925572 ], [ 3443611.909403593279421, 1906542.074677819618955 ], [ 3443611.591615372337401, 1906542.319365248316899 ], [ 3443611.228096953593194, 1906542.53133501810953 ], [ 3443610.965936281252652, 1906542.675954815698788 ], [ 3443610.768553267233074, 1906542.779503302415833 ], [ 3443610.126965649891645, 1906543.098398774163797 ], [ 3443608.883979815524071, 1906543.668959961039945 ], [ 3443607.939833817537874, 1906544.068606165237725 ], [ 3443604.80857131164521, 1906545.438558352412656 ], [ 3443604.347502639982849, 1906545.67689401935786 ], [ 3443604.178317211102694, 1906545.765649903798476 ], [ 3443598.74335107812658, 1906548.730395136866719 ], [ 3443568.384723561815917, 1906565.306189641123638 ], [ 3443550.904712781775743, 1906575.011970583815128 ], [ 3443510.686768042854965, 1906597.348802252439782 ], [ 3443462.769078867509961, 1906624.299406398320571 ], [ 3443460.6275879368186, 1906632.181954592932016 ], [ 3443473.384239421691746, 1906655.714973672758788 ], [ 3443483.708602000959218, 1906674.771769996732473 ], [ 3443483.964699869044125, 1906675.243381064850837 ], [ 3443486.239995537791401, 1906679.493725721957162 ], [ 3443488.467278949916363, 1906683.762169944355264 ], [ 3443490.053418016526848, 1906686.846440850989893 ], [ 3443490.677698643412441, 1906688.05360295297578 ], [ 3443496.316532456316054, 1906699.247552146669477 ], [ 3443500.203719029203057, 1906707.011622603517026 ], [ 3443503.6801469149068, 1906713.896039560204372 ], [ 3443504.119103993289173, 1906714.760900457156822 ], [ 3443507.22289770655334, 1906722.191690096631646 ], [ 3443508.711515440605581, 1906725.628847220446914 ], [ 3443507.342023837380111, 1906726.236969313817099 ], [ 3443501.394909387454391, 1906728.782953780610114 ], [ 3443496.929199827834964, 1906730.657958697294816 ], [ 3443493.210350134875625, 1906732.236845692852512 ], [ 3443490.24970898963511, 1906733.527908744523302 ], [ 3443488.04429477173835, 1906734.511268950998783 ], [ 3443485.11565408622846, 1906735.877589424606413 ], [ 3443484.736129429191351, 1906736.051884038140997 ], [ 3443479.325542466714978, 1906738.649458288680762 ], [ 3443463.598130830097944, 1906746.287612596061081 ], [ 3443459.34583473065868, 1906748.359015790745616 ], [ 3443453.957258314825594, 1906751.033620008733124 ], [ 3443449.251536589115858, 1906753.392625882290304 ], [ 3443444.560282605700195, 1906755.779379090061411 ], [ 3443440.553392997011542, 1906757.860267924377695 ], [ 3443435.207623262424022, 1906760.679142042296007 ], [ 3443433.208654823713005, 1906761.749101851135492 ], [ 3443433.17054987186566, 1906761.765548104885966 ], [ 3443432.893249731976539, 1906761.942958608036861 ], [ 3443432.640240763314068, 1906762.14657714846544 ], [ 3443432.410096964798868, 1906762.366554437438026 ], [ 3443432.20586848910898, 1906762.622555973939598 ], [ 3443431.964303098618984, 1906762.965486402390525 ], [ 3443431.747127956710756, 1906763.334608324337751 ], [ 3443431.442332316655666, 1906763.990708408178762 ], [ 3443431.299084965605289, 1906764.377754954621196 ], [ 3443431.20613219588995, 1906764.695884743705392 ], [ 3443431.142901947256178, 1906765.009054398862645 ], [ 3443431.129966277163476, 1906765.253307296428829 ], [ 3443431.136845620814711, 1906765.494253437267616 ], [ 3443431.183354992885143, 1906765.728586061159149 ], [ 3443431.288552366197109, 1906766.013648312771693 ], [ 3443431.66662868950516, 1906766.747447787085548 ], [ 3443433.300698160659522, 1906769.944768753135577 ], [ 3443440.965381940826774, 1906784.633805870078504 ], [ 3443442.540852279402316, 1906787.649248353671283 ], [ 3443443.62695941561833, 1906789.73763058683835 ], [ 3443446.251957428175956, 1906794.867734396597371 ], [ 3443447.184854838997126, 1906796.689154032384977 ], [ 3443452.30677849939093, 1906806.516808424843475 ], [ 3443454.540074290707707, 1906810.824601638130844 ], [ 3443456.116214832291007, 1906813.910543558653444 ], [ 3443457.654349671676755, 1906817.012915231054649 ], [ 3443458.863956383429468, 1906819.504352983785793 ], [ 3443460.345696658827364, 1906822.636310483328998 ], [ 3443471.553945600055158, 1906847.002829687204212 ], [ 3443471.813878587447107, 1906847.564687445294112 ], [ 3443476.173743641003966, 1906856.93445690581575 ], [ 3443494.704817214980721, 1906900.404877367662266 ], [ 3443496.908763370476663, 1906905.43164843483828 ], [ 3443483.442797934636474, 1906912.260712389601395 ], [ 3443462.685175459366292, 1906922.785984537331387 ], [ 3443448.154213945381343, 1906930.143732172669843 ], [ 3443421.181210996583104, 1906943.844984299736097 ], [ 3443409.339565936010331, 1906949.866167912026867 ], [ 3443375.267233484890312, 1906967.203445053659379 ], [ 3443354.82887554820627, 1906977.625185886630788 ], [ 3443352.76599448453635, 1906978.675562703749165 ], [ 3443343.591600018087775, 1906983.414504234213382 ], [ 3443338.100276900455356, 1906986.277780370786786 ], [ 3443299.774256448727101, 1907006.594681538641453 ], [ 3443288.826599217951298, 1907012.41638819174841 ], [ 3443279.695660823024809, 1907017.238885703729466 ], [ 3443272.373043020721525, 1907021.073560158023611 ], [ 3443263.211615584790707, 1907025.83054060023278 ], [ 3443259.002791468519717, 1907027.985520258545876 ], [ 3443251.835648247506469, 1907031.643044660566375 ], [ 3443234.587207851465791, 1907040.352199704851955 ], [ 3443228.541591613087803, 1907043.389409537659958 ], [ 3443230.957989967428148, 1907047.686220747884363 ], [ 3443239.382533024530858, 1907062.621701216325164 ], [ 3443240.433575350791216, 1907064.483930751681328 ], [ 3443242.538040934596211, 1907068.157555936370045 ], [ 3443243.970959679223597, 1907070.581467836396769 ], [ 3443246.168300622142851, 1907074.199243895709515 ], [ 3443248.403845557477325, 1907077.800556848524138 ], [ 3443250.684253490529954, 1907081.364120725076646 ], [ 3443252.992957926820964, 1907084.912874952657148 ], [ 3443255.339668184518814, 1907088.445199141744524 ], [ 3443257.713050703518093, 1907091.952897431328893 ], [ 3443260.915716496761888, 1907096.613272594520822 ], [ 3443264.136687596328557, 1907101.260606467491016 ], [ 3443268.193715557456017, 1907107.039413140853867 ], [ 3443274.690528557635844, 1907116.294662286993116 ], [ 3443278.220863572787493, 1907121.364471026230603 ], [ 3443279.829055971931666, 1907123.607822455232963 ], [ 3443281.062228913418949, 1907125.268172424053773 ], [ 3443282.332080508582294, 1907126.902226467616856 ], [ 3443284.03695482481271, 1907129.048744169296697 ], [ 3443285.780032973736525, 1907131.178798745153472 ], [ 3443288.866022919304669, 1907134.89036519289948 ], [ 3443292.378095120191574, 1907139.186498741619289 ], [ 3443293.689002921804786, 1907140.823788403067738 ], [ 3443295.406177957542241, 1907143.048952021868899 ], [ 3443296.678224654402584, 1907144.763338504359126 ], [ 3443297.495991992764175, 1907145.907951115397736 ], [ 3443297.882444288115948, 1907146.499131976626813 ], [ 3443298.109596209600568, 1907146.915152046829462 ], [ 3443298.29711826890707, 1907147.337785948766395 ], [ 3443298.466350563336164, 1907147.773559537949041 ], [ 3443298.58604553155601, 1907148.217600420350209 ], [ 3443298.611204658634961, 1907148.314274824690074 ], [ 3443298.656203172169626, 1907148.66990858130157 ], [ 3443298.663084762636572, 1907148.910855814814568 ], [ 3443298.627968008629978, 1907149.340383926406503 ], [ 3443298.598331229761243, 1907150.263276237761602 ], [ 3443298.609007394872606, 1907150.332105738343671 ], [ 3443298.809681111015379, 1907151.543289883993566 ], [ 3443296.786390194669366, 1907155.026990809245035 ], [ 3443294.558261531870812, 1907155.799612727714702 ], [ 3443293.550006201025099, 1907156.179714377736673 ], [ 3443292.041172239463776, 1907156.804855758557096 ], [ 3443290.548331185244024, 1907157.467576586874202 ], [ 3443289.043201993219554, 1907158.182784878648818 ], [ 3443287.552654870320112, 1907158.925821606535465 ], [ 3443285.567515524569899, 1907159.95314760459587 ], [ 3443283.080926866270602, 1907161.286082000704482 ], [ 3443276.617218122817576, 1907164.695087127620354 ], [ 3443275.617357552517205, 1907165.194836313836277 ], [ 3443274.709044856019318, 1907165.628870417596772 ], [ 3443271.400905767921358, 1907167.169526390498504 ], [ 3443265.318964237812907, 1907169.96001784154214 ], [ 3443253.712823932059109, 1907175.336860774084926 ], [ 3443250.948058506473899, 1907176.645612199790776 ], [ 3443250.249985282309353, 1907176.994123289594427 ], [ 3443249.868281183764338, 1907177.219223748194054 ], [ 3443249.6488041812554, 1907177.376900569535792 ], [ 3443249.382083806674927, 1907177.623160557355732 ], [ 3443249.131371597759426, 1907177.907098238123581 ], [ 3443248.911906955763698, 1907178.19590830267407 ], [ 3443248.726740232668817, 1907178.509256328921765 ], [ 3443248.564438788220286, 1907178.838962995680049 ], [ 3443248.433384911157191, 1907179.173542041797191 ], [ 3443248.359481869265437, 1907179.417884450871497 ], [ 3443248.315301215276122, 1907179.657266442431137 ], [ 3443248.322183051612228, 1907179.898213864304125 ], [ 3443248.360312453471124, 1907180.144033666001633 ], [ 3443248.439596883021295, 1907180.393072366481647 ], [ 3443248.566137043759227, 1907180.68466113624163 ], [ 3443248.722399593796581, 1907180.971289490349591 ], [ 3443248.944207624997944, 1907181.287328184815124 ], [ 3443248.994513709098101, 1907181.349543839227408 ], [ 3443249.616377390921116, 1907182.083008492365479 ], [ 3443249.818358132150024, 1907182.271220888709649 ], [ 3443249.991372889839113, 1907182.40374348172918 ], [ 3443251.002677960321307, 1907183.092388316523284 ], [ 3443256.030913610477, 1907186.539325250079855 ], [ 3443253.905067677609622, 1907187.520534203620628 ], [ 3443215.313427454326302, 1907206.025931978831068 ], [ 3443176.721902756486088, 1907224.53136538551189 ], [ 3443186.550389521755278, 1907251.075095114530995 ], [ 3443189.437107028439641, 1907258.875031345756724 ], [ 3443194.424605643842369, 1907272.356695240130648 ], [ 3443199.521013136953115, 1907286.213489816756919 ], [ 3443203.782500864937901, 1907297.864319879328832 ], [ 3443208.043891837820411, 1907309.515166969969869 ], [ 3443216.657015849836171, 1907306.662228566128761 ], [ 3443217.144028990529478, 1907309.801940883975476 ], [ 3443218.35539838578552, 1907315.319399335421622 ], [ 3443219.528581253718585, 1907319.148455151822418 ], [ 3443220.719951655715704, 1907321.915303703630343 ], [ 3443222.357157312799245, 1907324.607744952430949 ], [ 3443224.764071330428123, 1907327.938365084817633 ], [ 3443227.714459599927068, 1907332.086144275264814 ], [ 3443230.945383993443102, 1907336.994091922650114 ], [ 3443234.876688217744231, 1907342.945095064118505 ], [ 3443239.748536419123411, 1907349.586565596750006 ], [ 3443248.34577642660588, 1907360.589442814700305 ], [ 3443248.958787261508405, 1907361.409320736303926 ], [ 3443243.004022063221782, 1907365.858963518403471 ], [ 3443222.085436090361327, 1907381.505632217507809 ], [ 3443220.016521921381354, 1907383.041232341900468 ], [ 3443219.963178153149784, 1907383.090484593529254 ], [ 3443219.630157670471817, 1907383.36798602505587 ], [ 3443219.331435174681246, 1907383.670025367522612 ], [ 3443219.047195783816278, 1907383.999909630510956 ], [ 3443218.748486279509962, 1907384.433082501171157 ], [ 3443218.513027985114604, 1907384.81534960726276 ], [ 3443218.186903478577733, 1907385.464932480361313 ], [ 3443218.164807259570807, 1907385.519057038938627 ], [ 3443218.07957189809531, 1907385.755204340908676 ], [ 3443218.024629818275571, 1907386.05690735951066 ], [ 3443218.000265251845121, 1907386.292982977582142 ], [ 3443218.015543442685157, 1907386.653578096535057 ], [ 3443218.024694767780602, 1907386.712574941106141 ], [ 3443218.033846094273031, 1907386.771571792429313 ], [ 3443218.090266280807555, 1907387.004252180922776 ], [ 3443218.238916870206594, 1907387.372850154992193 ], [ 3443218.254925195593387, 1907387.410527887986973 ], [ 3443218.890656568109989, 1907388.625871547264978 ], [ 3443219.554485987871885, 1907389.826438423246145 ], [ 3443220.258044264279306, 1907391.020374746527523 ], [ 3443220.98817536374554, 1907392.189701484050602 ], [ 3443221.748127877246588, 1907393.354051171801984 ], [ 3443222.53617843054235, 1907394.503624077420682 ], [ 3443223.352525172755122, 1907395.638387129409239 ], [ 3443224.208402615971863, 1907396.766552709741518 ], [ 3443225.382882419973612, 1907398.245039504719898 ], [ 3443226.295253162272274, 1907399.343601919710636 ], [ 3443227.567282179370522, 1907400.795720883877948 ], [ 3443228.557288167066872, 1907401.871239002095535 ], [ 3443230.263758407905698, 1907403.634171557147056 ], [ 3443230.348362719640136, 1907403.720925115514547 ], [ 3443231.295675499364734, 1907404.652258141431957 ], [ 3443231.951925989240408, 1907405.279110443312675 ], [ 3443232.633323123678565, 1907405.871503799688071 ], [ 3443233.191143214702606, 1907406.323123805923387 ], [ 3443233.775734249036759, 1907406.750101157231256 ], [ 3443234.408337252680212, 1907407.158978179795668 ], [ 3443234.900598780252039, 1907407.450054472777992 ], [ 3443235.992776583414525, 1907408.004152643028647 ], [ 3443236.048414674121886, 1907408.035216365475208 ], [ 3443236.952995121479034, 1907408.42896378133446 ], [ 3443237.687709921039641, 1907408.709837903268635 ], [ 3443238.406317310407758, 1907408.953050840646029 ], [ 3443238.948186811059713, 1907409.104611265240237 ], [ 3443239.483970666304231, 1907409.216938795056194 ], [ 3443240.013653623871505, 1907409.289935094071552 ], [ 3443240.537136611528695, 1907409.323616702575237 ], [ 3443241.044710336253047, 1907409.319604047806934 ], [ 3443241.384613699279726, 1907409.283050595317036 ], [ 3443241.886842621956021, 1907409.179056366207078 ], [ 3443242.207588128279895, 1907409.085176108172163 ], [ 3443242.446122751571238, 1907408.984841710655019 ], [ 3443252.516203742939979, 1907408.76383783435449 ], [ 3443255.406737396493554, 1907406.90238031744957 ], [ 3443256.982612161897123, 1907405.923172869952396 ], [ 3443259.363244861364365, 1907404.496947751846164 ], [ 3443261.771318634971976, 1907403.116579889552668 ], [ 3443264.185493376571685, 1907401.775543474126607 ], [ 3443266.625568707473576, 1907400.470433172304183 ], [ 3443269.071760249324143, 1907399.204752649879083 ], [ 3443271.543867623899132, 1907397.975096570560709 ], [ 3443274.019025507383049, 1907396.765106314327568 ], [ 3443277.340766541659832, 1907395.181817532749847 ], [ 3443280.688507273327559, 1907393.634438515640795 ], [ 3443284.885896952357143, 1907391.733525283634663 ], [ 3443291.015071738511324, 1907388.985567043768242 ], [ 3443299.021292555145919, 1907385.430164435878396 ], [ 3443301.156573550775647, 1907384.518996212864295 ], [ 3443303.851218808442354, 1907383.413499732036144 ], [ 3443306.005558624397963, 1907382.559675178490579 ], [ 3443308.184289004653692, 1907381.732042215531692 ], [ 3443310.370645489078015, 1907380.953573411563411 ], [ 3443312.033445679116994, 1907380.403705450939015 ], [ 3443313.699296312406659, 1907379.873503172071651 ], [ 3443314.845496288500726, 1907379.530900411540642 ], [ 3443316.771990874316543, 1907378.977373394882306 ], [ 3443318.704571075737476, 1907378.463079361477867 ], [ 3443320.64174218242988, 1907377.978382157394662 ], [ 3443323.231279294006526, 1907377.37472267774865 ], [ 3443325.179126918781549, 1907376.958855325123295 ], [ 3443327.790674132294953, 1907376.432221628259867 ], [ 3443330.398513843305409, 1907375.946556258480996 ], [ 3443333.012439162936062, 1907375.500123930629343 ], [ 3443336.284747530706227, 1907374.974175694864243 ], [ 3443339.563255836255848, 1907374.487542393850163 ], [ 3443343.50165715906769, 1907373.931127867428586 ], [ 3443343.970357393845916, 1907373.873080224730074 ], [ 3443351.808284122496843, 1907372.837251069257036 ], [ 3443353.377380490768701, 1907372.666167857591063 ], [ 3443355.351925838273019, 1907372.487942684208974 ], [ 3443356.931698673404753, 1907372.385689195012674 ], [ 3443358.516047132667154, 1907372.31293414789252 ], [ 3443360.098213265649974, 1907372.290980083635077 ], [ 3443360.585857878439128, 1907372.290194156579673 ], [ 3443364.24166943365708, 1907372.335747307632118 ], [ 3443367.148979030083865, 1907372.405345901614055 ], [ 3443370.785645617172122, 1907372.524706094292924 ], [ 3443375.134904711972922, 1907372.716800573514774 ], [ 3443381.657637357711792, 1907373.030253450619057 ], [ 3443388.902017076965421, 1907373.344419817673042 ], [ 3443392.528776136226952, 1907373.465435194084421 ], [ 3443393.365574529860169, 1907373.487077757716179 ], [ 3443399.440936556551605, 1907373.602937926771119 ], [ 3443403.636995461303741, 1907373.659205368952826 ], [ 3443407.37882438255474, 1907373.670231816591695 ], [ 3443410.466734005138278, 1907373.659155184868723 ], [ 3443411.116062426939607, 1907373.651661871233955 ], [ 3443413.459490139037371, 1907373.623710493324324 ], [ 3443415.154345641378313, 1907373.54260227130726 ], [ 3443416.287514506839216, 1907373.444273442029953 ], [ 3443417.404774186667055, 1907373.308250403730199 ], [ 3443418.528791827149689, 1907373.150924884015694 ], [ 3443420.20990772312507, 1907372.850188529584557 ], [ 3443421.88502188352868, 1907372.510104537010193 ], [ 3443423.553920911159366, 1907372.130607667379081 ], [ 3443425.776883057318628, 1907371.588132829405367 ], [ 3443433.01877708081156, 1907369.854992729378864 ], [ 3443434.143650067504495, 1907369.637000951217487 ], [ 3443435.82629124680534, 1907369.346098097739741 ], [ 3443436.950308938976377, 1907369.188773132162169 ], [ 3443438.059171175118536, 1907369.064138609915972 ], [ 3443439.220537215471268, 1907368.951017312239856 ], [ 3443440.002469056751579, 1907368.881045007845387 ], [ 3443441.166885502636433, 1907368.787589348386973 ], [ 3443442.715509905014187, 1907368.680450090905651 ], [ 3443444.664152367971838, 1907368.597338063642383 ], [ 3443446.2149718683213, 1907368.570531242992729 ], [ 3443447.771892173215747, 1907368.583055631024763 ], [ 3443448.946228799410164, 1907368.619079910684377 ], [ 3443450.507067544385791, 1907368.72173641459085 ], [ 3443451.672265688423067, 1907368.82989718252793 ], [ 3443452.843564634211361, 1907368.977389132604003 ], [ 3443454.019523004069924, 1907369.154264618642628 ], [ 3443454.468421116471291, 1907369.230658291606233 ], [ 3443456.823989568278193, 1907369.674787643598393 ], [ 3443458.694179600570351, 1907370.068786203628406 ], [ 3443460.539222897030413, 1907370.497243535704911 ], [ 3443462.36750169750303, 1907370.948673386126757 ], [ 3443464.18054120708257, 1907371.432908561779186 ], [ 3443465.978341422043741, 1907371.949949040077627 ], [ 3443467.769284587819129, 1907372.488308598287404 ], [ 3443469.99465551879257, 1907373.206350223626941 ], [ 3443471.766537489835173, 1907373.818401419790462 ], [ 3443473.982769917696714, 1907374.608579590916634 ], [ 3443474.015542650129646, 1907374.623284843750298 ], [ 3443477.948803201317787, 1907376.065031804144382 ], [ 3443487.095643085427582, 1907379.471230662660673 ], [ 3443490.99535928433761, 1907380.958825004519895 ], [ 3443494.889758857432753, 1907382.47766970959492 ], [ 3443498.758912593126297, 1907384.030989848775789 ], [ 3443501.983486238867044, 1907385.359001343138516 ], [ 3443503.245515406597406, 1907385.894845531554893 ], [ 3443512.688101190142334, 1907389.897179287392646 ], [ 3443521.061403568368405, 1907393.493000922724605 ], [ 3443529.417941302526742, 1907397.11179600819014 ], [ 3443535.709223682060838, 1907399.864678112789989 ], [ 3443536.72355397278443, 1907400.310725592309609 ], [ 3443542.96683949418366, 1907403.081806616159156 ], [ 3443549.194786579813808, 1907405.885709944879636 ], [ 3443551.545926355291158, 1907406.955895126331598 ], [ 3443557.495795087888837, 1907409.735595700331032 ], [ 3443558.81270588003099, 1907410.363155056955293 ], [ 3443562.212501777801663, 1907412.03515787050128 ], [ 3443567.642595135606825, 1907414.740205988753587 ], [ 3443574.430738898925483, 1907418.075934916269034 ], [ 3443577.17441028309986, 1907419.38333299709484 ], [ 3443579.921789203304797, 1907420.649763160385191 ], [ 3443582.694314814638346, 1907421.881734820082784 ], [ 3443583.653106064070016, 1907422.296702417079359 ], [ 3443590.856595535296947, 1907425.361471626209095 ], [ 3443601.677816125564277, 1907429.930639748694375 ], [ 3443611.612647724337876, 1907434.092933242209256 ], [ 3443623.369039910845459, 1907438.990329551277682 ], [ 3443625.726282584946603, 1907439.968813701765612 ], [ 3443660.906048562377691, 1907454.544600303051993 ], [ 3443680.57320108031854, 1907463.92192124738358 ], [ 3443677.86848053894937, 1907471.25284711131826 ], [ 3443680.780498949810863, 1907481.378830533707514 ], [ 3443687.418913705274463, 1907497.510199810611084 ], [ 3443703.264922609552741, 1907533.298413498559967 ], [ 3443705.032580897212029, 1907537.290527725126594 ], [ 3443717.505129860714078, 1907566.792440297082067 ], [ 3443734.895346183329821, 1907606.468651183648035 ], [ 3443747.359760409221053, 1907634.406279710819945 ], [ 3443752.663642475381494, 1907645.80911482940428 ], [ 3443756.053047904744744, 1907649.405401327647269 ], [ 3443769.47951683588326, 1907640.967063724528998 ], [ 3443803.280498235486448, 1907618.820309344446287 ], [ 3443831.990310016088188, 1907599.570455240784213 ], [ 3443854.285785642452538, 1907583.822118302341551 ], [ 3443867.385122381616384, 1907575.23849991732277 ], [ 3443905.52364369109273, 1907551.984115877188742 ], [ 3443930.094886089209467, 1907536.08606207696721 ], [ 3443932.595559964887798, 1907540.206618834752589 ], [ 3443932.793836542870849, 1907541.484878426417708 ], [ 3443933.67028202675283, 1907542.549092274857685 ], [ 3443934.996569946873933, 1907544.546965674497187 ], [ 3443938.731232052668929, 1907550.278719592606649 ], [ 3443957.29836919112131, 1907582.183144466252998 ], [ 3443981.040399583056569, 1907617.964917576406151 ], [ 3444005.559996733441949, 1907657.450212186202407 ], [ 3444033.341913365758955, 1907702.241633682977408 ], [ 3444053.913709823507816, 1907737.241232166066766 ], [ 3444076.848101743031293, 1907774.368293321458623 ], [ 3444079.416670078411698, 1907778.478937841253355 ], [ 3444080.659043528605253, 1907780.591690708417445 ], [ 3444106.101167771499604, 1907822.747517586220056 ], [ 3444129.935098014306277, 1907861.741944213863462 ], [ 3444149.104274868499488, 1907892.940720058977604 ], [ 3444150.84985217358917, 1907896.986961736343801 ], [ 3444152.054165717680007, 1907899.509559885365888 ], [ 3444154.24939261097461, 1907904.48949534050189 ], [ 3444155.713001574389637, 1907908.683665215736255 ], [ 3444156.856441714800894, 1907912.124280041316524 ], [ 3444157.039610511623323, 1907914.615540607832372 ], [ 3444156.894953301176429, 1907916.959762570913881 ], [ 3444156.270278444048017, 1907919.484963016817346 ], [ 3444155.226474903523922, 1907921.273223650641739 ], [ 3444154.037725172471255, 1907922.78295277338475 ], [ 3444152.734747998416424, 1907924.210871149320155 ], [ 3444150.730558648705482, 1907925.04969607363455 ], [ 3444148.017599353101104, 1907925.905927651096135 ], [ 3444142.142084783874452, 1907927.996140542672947 ], [ 3444124.119375997688621, 1907933.021345332730561 ], [ 3444095.572438831906766, 1907940.307326128939167 ], [ 3444094.498116178903729, 1907941.898835992207751 ], [ 3444093.385631736833602, 1907943.900207353988662 ], [ 3444092.799037588294595, 1907946.015664653852582 ], [ 3444092.631672168616205, 1907948.868045357521623 ], [ 3444093.653371340595186, 1907954.144696960924193 ], [ 3444104.326342047192156, 1907995.436450096778572 ], [ 3444116.729654415044934, 1908039.36487921141088 ], [ 3444124.962646367028356, 1908066.235467231599614 ], [ 3444127.0666554258205, 1908073.248098318465054 ], [ 3444132.03704419080168, 1908089.5670955136884 ], [ 3444138.215842039324343, 1908108.438274719519541 ], [ 3444130.924825090914965, 1908109.655123182106763 ], [ 3444105.172313407994807, 1908114.840681700967252 ], [ 3444103.761636205483228, 1908137.460018023848534 ], [ 3444104.671964342240244, 1908141.625482433009893 ], [ 3444107.605005133897066, 1908154.965755617478862 ], [ 3444108.418059243820608, 1908169.446636482607573 ], [ 3444108.594458413310349, 1908172.614887766772881 ], [ 3444108.266296554822475, 1908176.331360747804865 ], [ 3444107.741859464906156, 1908182.188946345821023 ], [ 3444107.302651949226856, 1908187.023472944740206 ], [ 3444109.149915349669755, 1908187.794539192458615 ], [ 3444110.997277814429253, 1908188.565588949481025 ], [ 3444110.272788424510509, 1908190.250034631462768 ], [ 3444100.793159467168152, 1908212.218684954335913 ], [ 3444097.017730655614287, 1908219.133171782828867 ], [ 3444075.720764388330281, 1908258.154800208518282 ], [ 3444067.218110515270382, 1908272.465534940361977 ], [ 3444058.495349235832691, 1908287.125718383817002 ], [ 3444049.289494659751654, 1908303.389724950306118 ], [ 3444044.376558236777782, 1908312.077887530671433 ], [ 3444042.327665951568633, 1908315.97057941951789 ], [ 3444036.093579373322427, 1908327.804569765226915 ], [ 3444031.587266197893769, 1908334.266179328318685 ], [ 3444026.980454365722835, 1908340.865510375006124 ], [ 3444020.203845099546015, 1908346.909108214313164 ], [ 3444010.204769291914999, 1908355.830777591094375 ], [ 3444005.436695613432676, 1908358.442249257583171 ], [ 3444004.758586352225393, 1908359.967652669176459 ], [ 3443999.151034893468022, 1908372.302344070049003 ], [ 3443992.264049865771085, 1908393.424846632173285 ], [ 3443985.445543335750699, 1908414.334182930644602 ], [ 3443984.950329355895519, 1908415.728190985508263 ], [ 3443974.36849156068638, 1908447.756602095672861 ], [ 3443972.753426478244364, 1908453.069843361154199 ], [ 3443969.157682847231627, 1908465.27055699005723 ], [ 3443968.761544086970389, 1908466.648031792370602 ], [ 3443964.871129836887121, 1908479.668201494263485 ], [ 3443962.849315248895437, 1908480.950211866525933 ], [ 3443959.526937893591821, 1908483.118677043821663 ], [ 3443940.06487536104396, 1908496.555243119131774 ], [ 3443937.588297860231251, 1908498.279930863529444 ], [ 3443927.247654093895108, 1908505.65476960176602 ], [ 3443914.064666465856135, 1908515.017197088804096 ], [ 3443911.603344330564141, 1908516.840215889038518 ], [ 3443905.537682618945837, 1908520.979640214005485 ], [ 3443890.785039012786001, 1908532.016287376172841 ], [ 3443854.17042841296643, 1908562.639853276545182 ], [ 3443809.798701864201576, 1908599.602054533781484 ], [ 3443774.822550207842141, 1908629.649691289057955 ], [ 3443744.174716818612069, 1908656.150506492936984 ], [ 3443724.995035987347364, 1908672.062005532439798 ], [ 3443722.305069623049349, 1908673.721458964049816 ], [ 3443722.046246155165136, 1908675.983998681884259 ], [ 3443721.901636119000614, 1908678.328249826095998 ], [ 3443722.183763776440173, 1908679.491657459177077 ], [ 3443722.816420170012861, 1908680.293937633978203 ], [ 3443747.973487586714327, 1908688.502569373929873 ], [ 3443755.045823940075934, 1908690.852801419328898 ], [ 3443779.18939327634871, 1908698.423602572875097 ], [ 3443791.367778629530221, 1908702.241652267519385 ], [ 3443791.908907630480826, 1908702.453961502294987 ], [ 3443825.525328308343887, 1908712.781368486350402 ], [ 3443839.921438223216683, 1908717.137161799473688 ], [ 3443852.922930379398167, 1908721.019697783049196 ], [ 3443882.027720294892788, 1908729.780007649445906 ], [ 3443904.944250985048711, 1908737.959145627217367 ], [ 3443930.459820789750665, 1908747.822983122896403 ], [ 3443940.931095440872014, 1908751.118978334357962 ], [ 3443950.891864449717104, 1908754.399403491523117 ], [ 3443969.365167608018965, 1908759.486897251568735 ], [ 3443990.673611725214869, 1908765.816188323544338 ], [ 3443994.514623936731368, 1908766.990877789910883 ], [ 3444013.31583137344569, 1908773.536875290097669 ], [ 3444035.874116875231266, 1908781.372351893223822 ], [ 3444046.215920798014849, 1908784.488324929028749 ], [ 3444050.155990179628134, 1908785.646384787745774 ], [ 3444060.612022173590958, 1908788.844170494936407 ], [ 3444066.830834296997637, 1908790.93328777840361 ], [ 3444077.87375804875046, 1908794.638373241294175 ], [ 3444087.903072040062398, 1908797.705530789447948 ], [ 3444099.677609660197049, 1908802.19628577074036 ], [ 3444101.941097797825933, 1908803.029015089850873 ], [ 3444117.046125570777804, 1908808.678798022214323 ], [ 3444127.014598752837628, 1908812.664084894582629 ], [ 3444133.561038720887154, 1908814.900278230430558 ], [ 3444145.038291907869279, 1908818.129290706012398 ], [ 3444180.567640161607414, 1908829.650747440988198 ], [ 3444184.736378383357078, 1908830.97250202530995 ], [ 3444190.414075272157788, 1908832.849417411722243 ], [ 3444202.69922902667895, 1908837.355847322847694 ], [ 3444206.342093145474792, 1908838.563618991523981 ], [ 3444208.178764486685395, 1908839.265734906308353 ], [ 3444209.400947125628591, 1908839.579449196811765 ], [ 3444212.502702520228922, 1908845.322851767297834 ], [ 3444229.121327312197536, 1908851.295036344090477 ], [ 3444278.521723047830164, 1908867.653469185810536 ], [ 3444287.78127995878458, 1908870.475989666767418 ], [ 3444316.081987020093948, 1908879.098333085188642 ], [ 3444324.741858412511647, 1908882.051101697608829 ], [ 3444331.414824968203902, 1908884.316737054148689 ], [ 3444343.820453512016684, 1908888.550902087939903 ], [ 3444383.906248895917088, 1908900.814973726635799 ], [ 3444390.852895752061158, 1908902.94415466231294 ], [ 3444410.173751456197351, 1908909.528224895941094 ], [ 3444415.309865888208151, 1908906.902042951667681 ], [ 3444447.634912283625454, 1908940.747295470209792 ], [ 3444453.410677831154317, 1908946.794138976605609 ], [ 3444470.103615760337561, 1908936.997360161039978 ], [ 3444472.721090241335332, 1908935.461012174375355 ], [ 3444506.622174212709069, 1908915.78161240182817 ], [ 3444512.303859076928347, 1908912.311473441077396 ], [ 3444516.201785639859736, 1908911.560093187028542 ], [ 3444521.074514358770102, 1908911.392399433068931 ], [ 3444525.572240219451487, 1908911.55974896857515 ], [ 3444535.012282473966479, 1908906.504099465673789 ], [ 3444579.471372415777296, 1908881.834762534126639 ], [ 3444590.732642337679863, 1908875.678298458922654 ], [ 3444624.99437571503222, 1908856.947606740985066 ], [ 3444634.151198499370366, 1908860.706594474380836 ], [ 3444633.87808437179774, 1908865.865157672669739 ], [ 3444633.787039279006422, 1908869.209183869650587 ], [ 3444633.93219593167305, 1908872.110297585371882 ], [ 3444634.229957594070584, 1908877.306039968738332 ], [ 3444635.366227029357105, 1908883.975830557988957 ], [ 3444641.297813192941248, 1908907.800895812455565 ], [ 3444646.771891077514738, 1908928.676203130278736 ], [ 3444652.566044258885086, 1908950.3049882191699 ], [ 3444655.112532475963235, 1908960.169151115696877 ], [ 3444664.650330815929919, 1908997.413877684157342 ], [ 3444669.659244812093675, 1909015.945753597654402 ], [ 3444670.963003936223686, 1909021.07449266128242 ], [ 3444682.9937943816185, 1909067.183696717722341 ], [ 3444695.382945324294269, 1909113.636507075512782 ], [ 3444706.323427444323897, 1909154.682150197215378 ], [ 3444717.927630804944783, 1909200.660842921817675 ], [ 3444719.406754966359586, 1909206.264693559613079 ], [ 3444728.746408229228109, 1909242.231193652609363 ], [ 3444732.268833146430552, 1909255.765723857330158 ], [ 3444739.724796580616385, 1909280.244327355641872 ], [ 3444741.898038882296532, 1909290.977897478500381 ], [ 3444742.020079889334738, 1909291.76452349149622 ], [ 3444743.056642919313163, 1909293.205522284144536 ], [ 3444743.94836807763204, 1909294.368070056661963 ], [ 3444747.362900380976498, 1909298.034847290720791 ], [ 3444748.353797169867903, 1909299.180844843154773 ], [ 3444749.527484760154039, 1909300.195463267154992 ], [ 3444760.516896131448448, 1909302.900730390334502 ], [ 3444799.13242084113881, 1909312.696928189368919 ], [ 3444806.326691505499184, 1909314.522441225824878 ], [ 3444854.216976868454367, 1909327.108351847622544 ], [ 3444893.503088071476668, 1909337.296971233794466 ], [ 3444931.646018519066274, 1909346.667652690550312 ], [ 3444935.441255616955459, 1909347.547408184502274 ], [ 3444937.57515684934333, 1909348.200039755785838 ], [ 3444981.2512012636289, 1909360.480590788880363 ], [ 3445038.263674019835889, 1909374.873076273361221 ], [ 3445089.179466736968607, 1909387.962920850142837 ], [ 3445141.50505173066631, 1909401.624638522276655 ], [ 3445179.427285615354776, 1909412.84803694835864 ], [ 3445216.716587648727, 1909421.957858390873298 ], [ 3445251.872272086795419, 1909431.726472060428932 ], [ 3445258.030045009683818, 1909433.422384275821969 ], [ 3445259.295089931227267, 1909433.715648831333965 ], [ 3445296.424561587162316, 1909443.760054967366159 ], [ 3445326.481809476856142, 1909452.765529305906966 ], [ 3445335.230805076193064, 1909455.441375247202814 ], [ 3445356.325583125930279, 1909460.394411386922002 ], [ 3445369.509724739473313, 1909462.834425843786448 ], [ 3445375.736073220614344, 1909464.31726061180234 ], [ 3445378.769221839960665, 1909465.525862335693091 ], [ 3445379.2950937487185, 1909465.63985613710247 ], [ 3445380.537341181654483, 1909466.441295260330662 ], [ 3445381.886302066035569, 1909466.619685703190044 ], [ 3445388.387144119478762, 1909468.83475407329388 ], [ 3445386.047728026285768, 1909471.170684613985941 ], [ 3445354.958937991410494, 1909502.686854486120865 ], [ 3445320.311582688242197, 1909536.814490068005398 ], [ 3445295.486027, 1909560.224336041836068 ], [ 3445292.617236521095037, 1909562.814757980173454 ], [ 3445300.052223564125597, 1909571.839561090338975 ], [ 3445306.452434184961021, 1909580.536104355473071 ], [ 3445321.003043052274734, 1909595.912086906842887 ], [ 3445364.763581113424152, 1909645.492065469268709 ], [ 3445383.443071588408202, 1909666.191128374775872 ], [ 3445385.406462578568608, 1909668.365157918538898 ], [ 3445387.88501814333722, 1909671.108899164013565 ], [ 3445391.530540252570063, 1909675.150835365056992 ], [ 3445403.231215800158679, 1909687.904880813788623 ], [ 3445433.022450478281826, 1909711.635408020811155 ], [ 3445402.963680578395724, 1909788.148427341831848 ], [ 3445399.711541634518653, 1909870.120328951161355 ], [ 3445412.316914524417371, 1909925.614644581917673 ], [ 3445455.736887663137168, 1909973.982721818145365 ], [ 3445583.764956413302571, 1910065.828305081930012 ], [ 3445583.189674848690629, 1910087.772817315766588 ], [ 3445581.844611768610775, 1910104.541733579011634 ], [ 3445564.666756519116461, 1910128.298736326163635 ], [ 3445571.335167803801596, 1910132.719181995838881 ], [ 3445577.68546386808157, 1910131.286735866917297 ], [ 3445583.865641944110394, 1910129.851812073495239 ], [ 3445626.09083851845935, 1910120.989310402423143 ], [ 3445648.380760713480413, 1910115.958116687135771 ], [ 3445691.238359579350799, 1910106.586765393381938 ], [ 3445731.764194645453244, 1910097.907093610381708 ], [ 3445767.519450292456895, 1910089.92276783240959 ], [ 3445803.152946230955422, 1910082.463165375171229 ], [ 3445815.612399324309081, 1910079.576962667051703 ], [ 3445822.577436115592718, 1910077.304995135171339 ], [ 3445827.111561885569245, 1910075.741396569181234 ], [ 3445832.278150741942227, 1910073.668664000462741 ], [ 3445839.852690333500504, 1910070.084508143365383 ], [ 3445847.975809320807457, 1910066.106293192133307 ], [ 3445852.214532443322241, 1910063.654774474678561 ], [ 3445860.230322568211704, 1910069.104979983298108 ], [ 3445861.251637272536755, 1910070.447659911587834 ], [ 3445862.280586914159358, 1910071.183823623694479 ], [ 3445863.766733180731535, 1910072.247089428594336 ], [ 3445873.788747565355152, 1910078.543751062592492 ], [ 3445877.485084821935743, 1910080.751411920180544 ], [ 3445892.712458170950413, 1910089.810716496547684 ], [ 3445898.946698238141835, 1910093.309735470218584 ], [ 3445907.551095325499773, 1910098.329750373726711 ], [ 3445910.393834613263607, 1910100.276356270071119 ], [ 3445916.818682372570038, 1910104.348812340758741 ], [ 3445925.514615462161601, 1910109.958796730032191 ], [ 3445925.872854698915035, 1910110.30251281359233 ], [ 3445926.230994865298271, 1910110.646245435578749 ], [ 3445927.366736682131886, 1910112.070705437334254 ], [ 3445928.045068489853293, 1910113.167997758369893 ], [ 3445928.586380077991635, 1910114.691649039508775 ], [ 3445928.769452446140349, 1910115.87158422684297 ], [ 3445928.929634235799313, 1910117.559707499342039 ], [ 3445928.87633063364774, 1910117.871223182650283 ], [ 3445928.815491550136358, 1910118.789238354191184 ], [ 3445928.289806035347283, 1910119.986568822758272 ], [ 3445927.665147927124053, 1910121.200414681108668 ], [ 3445926.826991335488856, 1910122.349012952065095 ], [ 3445923.093448979314417, 1910127.107943885261193 ], [ 3445921.493330224882811, 1910128.585437059402466 ], [ 3445920.075999801047146, 1910129.931555108167231 ], [ 3445917.698563718702644, 1910131.639631863450631 ], [ 3445912.661748169455677, 1910135.203808196587488 ], [ 3445910.337615871336311, 1910136.60036987438798 ], [ 3445889.55757830105722, 1910148.743255066918209 ], [ 3445877.891168536152691, 1910155.431190221803263 ], [ 3445874.690648625604808, 1910157.074871531222016 ], [ 3445869.249828720465302, 1910160.000356793170795 ], [ 3445864.967341505922377, 1910162.530703702708706 ], [ 3445847.441040266305208, 1910172.718440151773393 ], [ 3445835.439375896006823, 1910179.865834814263508 ], [ 3445831.370305623393506, 1910182.461549269035459 ], [ 3445816.518832755740732, 1910192.202855861280113 ], [ 3445814.072841993067414, 1910194.124131027143449 ], [ 3445811.642122908029705, 1910196.143832870526239 ], [ 3445808.525609759613872, 1910198.983991350978613 ], [ 3445807.13889469159767, 1910200.526756214676425 ], [ 3445801.942270786501467, 1910206.336851249914616 ], [ 3445800.784211937803775, 1910208.043208215385675 ], [ 3445798.140267988666892, 1910211.308879721676931 ], [ 3445795.633442287798971, 1910214.14817463979125 ], [ 3445784.866992905270308, 1910226.637643527705222 ], [ 3445782.238307328894734, 1910230.001645736396313 ], [ 3445767.593775790650398, 1910248.282849087379873 ], [ 3445759.288666949607432, 1910258.94926719693467 ], [ 3445755.920905486680567, 1910263.445347605738789 ], [ 3445753.269434696529061, 1910267.317528034327552 ], [ 3445747.677019027993083, 1910275.816416032146662 ], [ 3445744.278938388451934, 1910281.427174212178215 ], [ 3445743.250369057990611, 1910283.313676189165562 ], [ 3445741.574275549035519, 1910286.922320419922471 ], [ 3445737.742249041330069, 1910295.631719257449731 ], [ 3445737.20903804525733, 1910297.435559090925381 ], [ 3445733.377413933631033, 1910308.767722000135109 ], [ 3445731.610153240617365, 1910314.408964556874707 ], [ 3445725.882077557966113, 1910333.824915980920196 ], [ 3445725.25752180814743, 1910336.350119920447469 ], [ 3445724.290175215806812, 1910339.941269538365304 ], [ 3445723.505537088960409, 1910342.089791747508571 ], [ 3445722.340048109646887, 1910345.714007024420425 ], [ 3445721.593633488751948, 1910348.763917995383963 ], [ 3445718.523968642111868, 1910359.767091575078666 ], [ 3445716.673110141884536, 1910366.834631158038974 ], [ 3445715.728748583234847, 1910371.228941379580647 ], [ 3445714.654802645556629, 1910375.44312805426307 ], [ 3445712.590532143600285, 1910382.445308225462213 ], [ 3445711.341442356817424, 1910387.495818419614807 ], [ 3445709.47541593760252, 1910394.464917968492955 ], [ 3445708.020443656481802, 1910398.843565520830452 ], [ 3445705.9561926741153, 1910405.84584678336978 ], [ 3445703.732024751603603, 1910413.782583615276963 ], [ 3445702.566738346125931, 1910418.718136912211776 ], [ 3445698.598720964044333, 1910435.722054618643597 ], [ 3445697.631580023560673, 1910440.624543866841123 ], [ 3445697.121555977500975, 1910444.542881447356194 ], [ 3445695.340155869722366, 1910457.953927834518254 ], [ 3445695.134877366479486, 1910461.21616471465677 ], [ 3445694.907107771839947, 1910467.609261233359575 ], [ 3445694.976059907115996, 1910470.018740135710686 ], [ 3445696.2292201500386, 1910493.817825523437932 ], [ 3445696.618471164256334, 1910498.292217081412673 ], [ 3445697.733025535941124, 1910512.026894063455984 ], [ 3445698.984698274172843, 1910525.335192962083966 ], [ 3445699.556837738491595, 1910529.678191218990833 ], [ 3445700.12105034571141, 1910532.005023068049923 ], [ 3445700.769176338799298, 1910534.216977084288374 ], [ 3445702.110901426989585, 1910537.624551948625594 ], [ 3445702.880785766988993, 1910539.311814713291824 ], [ 3445704.397668367251754, 1910541.883163701044396 ], [ 3445708.62811758229509, 1910548.843649565242231 ], [ 3445713.110209615901113, 1910556.770886569982395 ], [ 3445713.910707703325897, 1910558.654789691092446 ], [ 3445715.267491366248578, 1910560.849358219187707 ], [ 3445716.624259835574776, 1910563.043828435707837 ], [ 3445718.385057078674436, 1910565.877096931217238 ], [ 3445729.933028774801642, 1910584.629250566009432 ], [ 3445731.617541129235178, 1910586.9708772955928 ], [ 3445736.587264535017312, 1910594.110618938924745 ], [ 3445739.811431907117367, 1910598.515321996528655 ], [ 3445747.349682786967605, 1910608.454414475942031 ], [ 3445754.560206876136363, 1910618.246449375990778 ], [ 3445757.090775118209422, 1910621.455531732412055 ], [ 3445763.950586249586195, 1910630.297349008498713 ], [ 3445786.717807488515973, 1910659.786466572666541 ], [ 3445797.975592204369605, 1910674.047602215316147 ], [ 3445799.698149014730006, 1910675.979383387835696 ], [ 3445800.627934455405921, 1910676.732092556310818 ], [ 3445801.740703929681331, 1910677.353391042212024 ], [ 3445803.577386740595102, 1910678.055632769828662 ], [ 3445804.286141868680716, 1910678.038231072714552 ], [ 3445805.474896248430014, 1910677.839853170560673 ], [ 3445806.732191935181618, 1910677.428187300683931 ], [ 3445808.553514139726758, 1910676.720749314175919 ], [ 3445811.769161448813975, 1910675.175381328677759 ], [ 3445814.268625271040946, 1910674.25390188023448 ], [ 3445816.21943417750299, 1910673.726604825817049 ], [ 3445817.621671946253628, 1910673.593375192489475 ], [ 3445819.039083167910576, 1910673.558588867308572 ], [ 3445820.814736813306808, 1910673.867517662700266 ], [ 3445822.293177076615393, 1910674.226044993149117 ], [ 3445823.520274815149605, 1910674.929139453917742 ], [ 3445824.236660596448928, 1910675.616586178075522 ], [ 3445825.258088555652648, 1910676.959249458508566 ], [ 3445826.439517656806856, 1910678.67871001875028 ], [ 3445827.07981938496232, 1910680.185849522706121 ], [ 3445827.811763868201524, 1910682.282942838501185 ], [ 3445828.391238963231444, 1910684.708103521727026 ], [ 3445829.672346875071526, 1910690.345035602571443 ], [ 3445830.938400818035007, 1910697.194974273443222 ], [ 3445832.928774842992425, 1910706.748526503331959 ], [ 3445833.515778202563524, 1910708.567184209590778 ], [ 3445834.567825514357537, 1910711.417855861363932 ], [ 3445838.173754988703877, 1910720.903556577395648 ], [ 3445839.660332307219505, 1910724.589585514971986 ], [ 3445840.399805371183902, 1910726.080175881506875 ], [ 3445841.527936772443354, 1910728.111154726939276 ], [ 3445842.625553505495191, 1910729.945476760622114 ], [ 3445844.645513010211289, 1910733.138896773103625 ], [ 3445845.445812052115798, 1910733.71146577456966 ], [ 3445849.584326426498592, 1910737.459316191263497 ], [ 3445852.236769349314272, 1910740.143791162408888 ], [ 3445868.166273969691247, 1910756.348938505165279 ], [ 3445869.904089745134115, 1910758.379049117909744 ], [ 3445872.571691466495395, 1910761.161869510542601 ], [ 3445880.978595876134932, 1910770.148916682228446 ], [ 3445891.390030656009912, 1910780.919918539468199 ], [ 3445892.518042509444058, 1910781.639448032947257 ], [ 3445896.4276965809986, 1910783.912374100182205 ], [ 3445903.416487822309136, 1910787.688950926065445 ], [ 3445904.582457090262324, 1910787.998749051708728 ], [ 3445911.471858141943812, 1910790.480442855041474 ], [ 3445914.306981827598065, 1910791.722190737724304 ], [ 3445915.876966188661754, 1910792.670689642895013 ], [ 3445924.488925839308649, 1910797.084167686058208 ], [ 3445927.240235893055797, 1910798.440777202136815 ], [ 3445927.996410911902785, 1910798.731603854568675 ], [ 3445926.739617424085736, 1910814.865993412444368 ], [ 3445926.49611369241029, 1910817.226743292761967 ], [ 3445926.260547060985118, 1910821.603659733431414 ], [ 3445925.836034136358649, 1910837.209284920012578 ], [ 3445924.233823631424457, 1910876.010855925269425 ], [ 3445923.793434462510049, 1910887.584055216982961 ], [ 3445923.247398363426328, 1910905.025717403972521 ], [ 3445922.988750847522169, 1910908.59949342161417 ], [ 3445922.694355823565274, 1910927.007812691386789 ], [ 3445921.108543099835515, 1910973.775797965936363 ], [ 3445920.67539710085839, 1910982.119911997811869 ], [ 3445919.299732512794435, 1911006.660303936572745 ], [ 3445918.144596340600401, 1911028.036883609369397 ], [ 3445915.439121921546757, 1911077.412779847392812 ], [ 3445914.301861197687685, 1911115.935133563820273 ], [ 3445914.487134179100394, 1911131.539931409759447 ], [ 3445915.395548143424094, 1911141.980203269515187 ], [ 3445915.616684147156775, 1911142.750299200648442 ], [ 3445916.493276706431061, 1911143.814510623458773 ], [ 3445916.981009239796549, 1911144.338366281241179 ], [ 3445935.77689647488296, 1911165.915925022214651 ], [ 3445940.365426287055016, 1911171.908701547188684 ], [ 3445940.960628662724048, 1911177.054972044657916 ], [ 3445939.048517043236643, 1911181.106444417499006 ], [ 3445919.123171107843518, 1911198.756099108140916 ], [ 3445918.734626177698374, 1911199.527066008653492 ], [ 3445918.445151849649847, 1911200.281499686650932 ], [ 3445918.536701580509543, 1911200.871471736114472 ], [ 3445919.946803021710366, 1911202.754524804186076 ], [ 3445929.398202049545944, 1911213.887396376812831 ], [ 3445938.34642801200971, 1911224.398215720197186 ], [ 3445953.773487110156566, 1911242.603854956803843 ], [ 3445957.691324165090919, 1911248.204286388121545 ], [ 3445958.796912343706936, 1911252.054784047883004 ], [ 3445958.088813601527363, 1911256.00620568357408 ], [ 3445955.307853515259922, 1911259.698303326498717 ], [ 3445951.277128364890814, 1911263.195567356655374 ], [ 3445912.035993562079966, 1911297.182729331543669 ], [ 3445911.731262594461441, 1911297.838835309725255 ], [ 3445911.114281208254397, 1911299.757553159026429 ], [ 3445910.395268657244742, 1911331.148953245021403 ], [ 3445909.259704959578812, 1911393.80162325152196 ], [ 3445879.929564776830375, 1911428.14860675483942 ], [ 3445880.347409851849079, 1911429.624990238575265 ], [ 3445880.928241449408233, 1911431.345427148509771 ], [ 3445879.997240268159658, 1911431.953124883584678 ], [ 3445879.29623030917719, 1911432.675367005169392 ], [ 3445877.57433742377907, 1911434.677711949683726 ], [ 3445873.414153857156634, 1911439.306135723832995 ], [ 3445863.135820563416928, 1911451.008232699241489 ], [ 3445860.827248639427125, 1911453.814617345808074 ], [ 3445847.745109620504081, 1911469.717038546456024 ], [ 3445844.712739423383027, 1911473.753748885821551 ], [ 3445842.807967591565102, 1911475.887493852293119 ], [ 3445839.478387327399105, 1911479.973806493217126 ], [ 3445833.291593854315579, 1911487.260697908233851 ], [ 3445820.034107143059373, 1911502.688030497170985 ], [ 3445816.224552507512271, 1911506.95542785548605 ], [ 3445815.104488067794591, 1911508.251986667281017 ], [ 3445809.656743578147143, 1911514.406792421592399 ], [ 3445805.062257247511297, 1911519.511218244675547 ], [ 3445798.684947933536023, 1911526.224665862508118 ], [ 3445791.286548030097038, 1911534.218158662784845 ], [ 3445788.360772357787937, 1911537.631837812019512 ], [ 3445780.132106916047633, 1911547.478785585146397 ], [ 3445775.278791821096092, 1911553.534398283110932 ], [ 3445764.680647683795542, 1911567.105698487954214 ], [ 3445764.360662668943405, 1911567.663479927461594 ], [ 3445764.147491754963994, 1911568.909564641304314 ], [ 3445764.056165470741689, 1911569.630936043802649 ], [ 3445764.208757064305246, 1911570.614226436009631 ], [ 3445764.5594890601933, 1911571.564448699122295 ], [ 3445765.230335696134716, 1911573.268251684494317 ], [ 3445768.104546117596328, 1911580.656870844075456 ], [ 3445769.23293948546052, 1911583.999199493089691 ], [ 3445770.338329704944044, 1911586.538361749378964 ], [ 3445771.497241801582277, 1911590.077348559629172 ], [ 3445776.15553598292172, 1911602.413754570065066 ], [ 3445781.964902917854488, 1911617.584327330347151 ], [ 3445787.004125026986003, 1911629.756285644834861 ], [ 3445787.126199174206704, 1911630.542918150080368 ], [ 3445787.530454724095762, 1911632.492965334095061 ], [ 3445788.537007223349065, 1911636.360008111223578 ], [ 3445789.695922383107245, 1911639.89899557386525 ], [ 3445792.34922729851678, 1911647.828864076640457 ], [ 3445795.307389672845602, 1911656.413984679384157 ], [ 3445797.861395678948611, 1911663.04904156178236 ], [ 3445801.330253911670297, 1911671.649706332013011 ], [ 3445806.26290313526988, 1911684.444709615781903 ], [ 3445807.116865483578295, 1911687.328462302917615 ], [ 3445808.885695386212319, 1911692.177921215770766 ], [ 3445815.488110369071364, 1911709.838918746914715 ], [ 3445816.738354195374995, 1911712.65653524082154 ], [ 3445822.99732131510973, 1911727.449455917114392 ], [ 3445823.813020800705999, 1911729.431713001802564 ], [ 3445824.049425883218646, 1911730.300140811828896 ], [ 3445824.240285458508879, 1911732.18492790684104 ], [ 3445824.209999419748783, 1911733.299616305856034 ], [ 3445824.004579016938806, 1911735.250539950793609 ], [ 3445823.791412474121898, 1911736.496625744970515 ], [ 3445823.34958699112758, 1911737.57912160619162 ], [ 3445822.252536613028497, 1911739.678852572105825 ], [ 3445819.944355253130198, 1911745.10796501301229 ], [ 3445816.287777411751449, 1911752.981284743640572 ], [ 3445814.246139167807996, 1911756.852676110574976 ], [ 3445811.633003758266568, 1911761.626555121969432 ], [ 3445809.21034605614841, 1911765.662413320271298 ], [ 3445805.622104793787003, 1911772.011295560514554 ], [ 3445804.387954769656062, 1911774.537413448328152 ], [ 3445791.223948530852795, 1911801.045711763668805 ], [ 3445789.083245748188347, 1911804.933642327785492 ], [ 3445785.015157235786319, 1911812.77488011517562 ], [ 3445774.250668986700475, 1911833.132706258445978 ], [ 3445770.273908709175885, 1911840.25257654604502 ], [ 3445767.378918754868209, 1911845.174283816479146 ], [ 3445765.085761340800673, 1911849.390292090596631 ], [ 3445762.122237588278949, 1911854.525291875237599 ], [ 3445759.09766030870378, 1911859.266877137124538 ], [ 3445756.454118751455098, 1911863.844094404485077 ], [ 3445750.168935694266111, 1911875.08155462378636 ], [ 3445750.11564522376284, 1911875.3930768747814 ], [ 3445750.321533715818077, 1911876.064847185509279 ], [ 3445750.611232285387814, 1911876.621753771789372 ], [ 3445751.198041412048042, 1911877.129073460586369 ], [ 3445751.769689803477377, 1911877.538047358160838 ], [ 3445753.46809538686648, 1911878.417386889923364 ], [ 3445752.715104421600699, 1911880.356104590930045 ], [ 3445751.328835221007466, 1911883.866042452165857 ], [ 3445751.092664897907525, 1911884.308962954673916 ], [ 3445750.772684536874294, 1911884.866747210733593 ], [ 3445750.536514227278531, 1911885.309667725348845 ], [ 3445749.774712946265936, 1911886.949951583053917 ], [ 3445748.898582048714161, 1911888.508440729230642 ], [ 3445726.196383261121809, 1911930.832375132711604 ], [ 3445719.111507692374289, 1911944.120074403239414 ], [ 3445717.359251209534705, 1911947.23705766373314 ], [ 3445696.455300223082304, 1911988.050427921582013 ], [ 3445688.098299360368401, 1912004.274230349576101 ], [ 3445680.365986995398998, 1912019.284039197256789 ], [ 3445670.713669870514423, 1912036.329204514157027 ], [ 3445668.519605591893196, 1912040.528699114220217 ], [ 3445668.085799649357796, 1912043.627494242507964 ], [ 3445667.964204611256719, 1912045.463563539786264 ], [ 3445667.402624580077827, 1912051.142515130806714 ], [ 3445681.798289709724486, 1912060.606148108839989 ], [ 3445714.837561740539968, 1912082.933433121768758 ], [ 3445730.126342958770692, 1912093.697303104447201 ], [ 3445740.019246274139732, 1912101.124943328788504 ], [ 3445750.132713751867414, 1912106.699997884454206 ], [ 3445825.462853746023029, 1912152.029826710466295 ], [ 3445841.894689100328833, 1912162.300312789157033 ], [ 3445851.002298392821103, 1912167.942380344262347 ], [ 3445852.572297479491681, 1912168.890865108231083 ], [ 3445869.103202184662223, 1912179.144821980036795 ], [ 3445916.213910260703415, 1912207.593258898472413 ], [ 3446154.167560760863125, 1911892.381286165677011 ], [ 3446159.601362089626491, 1911888.45605348655954 ], [ 3446165.536267646588385, 1911884.066086400067434 ], [ 3446171.51248189760372, 1911880.072628462919965 ], [ 3446172.332604237366468, 1911876.384941075462848 ], [ 3446173.786186675541103, 1911873.570030678063631 ], [ 3446174.629090137314051, 1911869.505201523192227 ], [ 3446179.17590070515871, 1911862.784655400784686 ], [ 3446183.257354500703514, 1911857.190777227049693 ], [ 3446182.852383723016828, 1911846.394068448804319 ], [ 3446178.955803245306015, 1911835.756384960375726 ], [ 3446184.14536115527153, 1911835.535923277726397 ], [ 3446187.863362071570009, 1911839.454737357562408 ], [ 3446198.313319958746433, 1911838.35628978908062 ], [ 3446202.041635151486844, 1911835.333251306554303 ], [ 3446199.644081185106188, 1911802.525068503804505 ], [ 3446197.881252400577068, 1911773.80748856975697 ], [ 3446195.032819787506014, 1911738.028136072913185 ], [ 3446193.735663995146751, 1911727.834274600725621 ], [ 3446193.648077694699168, 1911722.746919093420729 ], [ 3446213.130451141390949, 1911697.139136493206024 ], [ 3446237.229153665713966, 1911664.468603947665542 ], [ 3446238.402508863247931, 1911662.86053880630061 ], [ 3446243.339634370990098, 1911656.690134120173752 ], [ 3446246.600708635523915, 1911652.52268450986594 ], [ 3446251.540575704537332, 1911653.999979633139446 ], [ 3446258.306049065198749, 1911655.322212841594592 ], [ 3446265.071407986804843, 1911656.644365104380995 ], [ 3446271.662605499383062, 1911657.269281290471554 ], [ 3446278.253818198107183, 1911657.894296700833365 ], [ 3446284.054333596955985, 1911658.499851762549952 ], [ 3446289.854864194989204, 1911659.105505835963413 ], [ 3446293.843896532431245, 1911659.302194255404174 ], [ 3446297.832944108638912, 1911659.498981339624152 ], [ 3446301.546926603652537, 1911659.428958894684911 ], [ 3446305.260794763453305, 1911659.358854965073988 ], [ 3446310.562069225125015, 1911659.498058246448636 ], [ 3446315.863427470438182, 1911659.637147276895121 ], [ 3446323.381609275005758, 1911660.11251971591264 ], [ 3446330.899874809663743, 1911660.587778482353315 ], [ 3446335.793830200564116, 1911660.951213523512706 ], [ 3446340.687899881508201, 1911661.314730850746855 ], [ 3446341.32578604714945, 1911661.364636984886602 ], [ 3446341.963573141954839, 1911661.41455965465866 ], [ 3446352.262433776631951, 1911663.468517310451716 ], [ 3446355.880205533932894, 1911665.104212240548804 ], [ 3446370.578407756984234, 1911638.592490580165759 ], [ 3446393.949954235460609, 1911594.684973253402859 ], [ 3446411.820020284503698, 1911564.052755161188543 ], [ 3446412.130093069281429, 1911563.452050196239725 ], [ 3446425.580528196878731, 1911568.373741034418344 ], [ 3446471.15383115131408, 1911580.438848614692688 ], [ 3446520.27829815261066, 1911591.81051785312593 ], [ 3446592.145158705301583, 1911609.575180036248639 ], [ 3446620.015859878621995, 1911616.928111382061616 ], [ 3446636.423630475066602, 1911621.352416167035699 ], [ 3446636.562198654748499, 1911621.056628787191585 ], [ 3446637.83799303509295, 1911621.287583090830594 ], [ 3446643.764080384746194, 1911622.538002748740837 ], [ 3446651.447790330275893, 1911624.50387226161547 ], [ 3446655.60981306899339, 1911626.240428178338334 ], [ 3446659.321620315313339, 1911629.070946471067145 ], [ 3446662.92834993544966, 1911632.534233879297972 ], [ 3446666.636554036289454, 1911636.585937027353793 ], [ 3446672.680286881513894, 1911643.899569943780079 ], [ 3446680.544280055910349, 1911654.036467526806518 ], [ 3446682.159524871967733, 1911656.127396516036242 ], [ 3446694.201381395570934, 1911671.508647311246023 ], [ 3446700.500590859446675, 1911680.40373250702396 ], [ 3446706.119039817713201, 1911687.596572573063895 ], [ 3446711.745984815061092, 1911694.778008668217808 ], [ 3446714.016878428403288, 1911698.867810032796115 ], [ 3446718.123734880704433, 1911703.606121960096061 ], [ 3446721.881775714457035, 1911700.299076387891546 ], [ 3446722.247538565192372, 1911700.036291858181357 ], [ 3446730.179977843072265, 1911694.173138733953238 ], [ 3446734.470047624781728, 1911691.036159842507914 ], [ 3446750.174950707703829, 1911680.244432218838483 ], [ 3446756.362405696418136, 1911675.580446667969227 ], [ 3446759.196943185292184, 1911672.888106311205775 ], [ 3446762.221895762719214, 1911669.457970746560022 ], [ 3446764.271406012587249, 1911666.291481879539788 ], [ 3446772.733968711458147, 1911638.954380155075341 ], [ 3446784.844562419690192, 1911596.482630864949897 ], [ 3446790.387660583946854, 1911577.968290342250839 ], [ 3446802.33884549094364, 1911575.607550294371322 ], [ 3446806.134016151539981, 1911575.17590873898007 ], [ 3446822.564203906338662, 1911572.333278494887054 ], [ 3446851.004441490862519, 1911566.982011769432575 ], [ 3446929.870420901104808, 1911550.593165885889903 ], [ 3446969.66516303922981, 1911541.128005490638316 ], [ 3447012.569112331606448, 1911530.740486337570474 ], [ 3447023.855274204630405, 1911528.15104278572835 ], [ 3447028.595291123725474, 1911527.25924419099465 ], [ 3447033.182926880195737, 1911526.695394007489085 ], [ 3447037.999334001913667, 1911526.295220379484817 ], [ 3447044.858065590262413, 1911525.957659052917734 ], [ 3447054.742318738717586, 1911526.123999426141381 ], [ 3447057.920305363833904, 1911526.299837706843391 ], [ 3447069.283091695047915, 1911526.824716892326251 ], [ 3447103.135139734018594, 1911527.530834831297398 ], [ 3447103.958218460902572, 1911527.595244514057413 ], [ 3447111.083760818000883, 1911528.322787374258041 ], [ 3447117.40159686235711, 1911529.08433114294894 ], [ 3447121.158947053365409, 1911530.37388838804327 ], [ 3447124.055097050964832, 1911532.008993481751531 ], [ 3447125.891990125179291, 1911534.022592898691073 ], [ 3447127.317658574320376, 1911537.315296376822516 ], [ 3447129.124799282290041, 1911544.377558799693361 ], [ 3447132.183879758231342, 1911564.748038441641256 ], [ 3447133.473209511488676, 1911573.71243595588021 ], [ 3447134.967334982007742, 1911576.79196959384717 ], [ 3447136.903299582656473, 1911578.78903831075877 ], [ 3447138.252462548669428, 1911580.278776240069419 ], [ 3447139.700695780105889, 1911581.751983410213143 ], [ 3447141.217368435114622, 1911583.011921974131837 ], [ 3447143.092399180401117, 1911584.615662165451795 ], [ 3447145.736896976362914, 1911585.28401781222783 ], [ 3447170.772241953294724, 1911590.084234782960266 ], [ 3447171.610578601248562, 1911590.246973139233887 ], [ 3447199.983895782381296, 1911595.599747433559969 ], [ 3447200.197294490411878, 1911595.665014134719968 ], [ 3447217.192355124745518, 1911599.083240614505485 ], [ 3447226.101374785415828, 1911600.824569718213752 ], [ 3447230.041522382292897, 1911601.982858129078522 ], [ 3447233.288262160494924, 1911603.256745964754373 ], [ 3447235.26226340373978, 1911604.843974209856242 ], [ 3447236.055041834712029, 1911606.023054414428771 ], [ 3447236.748750061262399, 1911607.218665197025985 ], [ 3447238.113505276385695, 1911611.429398562060669 ], [ 3447239.570027274079621, 1911617.541424707276747 ], [ 3447240.866446686908603, 1911623.276669687125832 ], [ 3447241.971812422387302, 1911625.81582762603648 ], [ 3447242.848620370030403, 1911628.191374260699376 ], [ 3447244.22820084169507, 1911629.877786049386486 ], [ 3447245.394481733441353, 1911631.498914499767125 ], [ 3447247.780022517312318, 1911633.118348508840427 ], [ 3447253.244461903814226, 1911634.930063010426238 ], [ 3447269.355857806745917, 1911640.513325625332072 ], [ 3447294.658424783498049, 1911649.001236539101228 ], [ 3447301.189871968701482, 1911651.139388513518497 ], [ 3447339.547695090062916, 1911664.510039850370958 ], [ 3447342.077962008304894, 1911665.0965897643473 ], [ 3447347.6337322993204, 1911666.186956235673279 ], [ 3447358.508893191348761, 1911667.499368257820606 ], [ 3447360.155048972461373, 1911667.628194318851456 ], [ 3447371.174837327562273, 1911667.907738929847255 ], [ 3447371.685446432325989, 1911667.923415229655802 ], [ 3447387.575132933910936, 1911668.802531274966896 ], [ 3447398.480809577740729, 1911670.311607965501025 ], [ 3447406.764886944554746, 1911671.955489546293393 ], [ 3447413.296332076191902, 1911674.093654070049524 ], [ 3447418.28841406898573, 1911676.791188114788383 ], [ 3447425.635518980678171, 1911680.911506468662992 ], [ 3447438.363698260858655, 1911689.581158657558262 ], [ 3447451.190947736147791, 1911698.234282515477389 ], [ 3447455.131527763325721, 1911702.01523004565388 ], [ 3447457.448830354958773, 1911705.159162724623457 ], [ 3447458.699258868582547, 1911709.288096945732832 ], [ 3447459.774326020851731, 1911712.941922006430104 ], [ 3447459.919824560172856, 1911717.15434380993247 ], [ 3447455.374542011879385, 1911746.157505608163774 ], [ 3447454.765300727449358, 1911748.781005451688543 ], [ 3447453.75247853808105, 1911753.388447280740365 ], [ 3447451.924876829143614, 1911762.570287913316861 ], [ 3447452.352013507857919, 1911765.323486172361299 ], [ 3447453.183049176819623, 1911767.404049166012555 ], [ 3447455.47725889319554, 1911769.74484482826665 ], [ 3447463.289419387467206, 1911774.89717976259999 ], [ 3447472.94565503206104, 1911778.833959804615006 ], [ 3447481.062439662404358, 1911782.018966716248542 ], [ 3447505.755534066352993, 1911791.819124732166529 ], [ 3447521.859521160833538, 1911799.320279471809044 ], [ 3447535.677476783748716, 1911807.808110973797739 ], [ 3447564.715611034072936, 1911824.650589714525267 ], [ 3447584.272554447408766, 1911836.720086116343737 ], [ 3447587.61859737848863, 1911839.288879558909684 ], [ 3447589.850301162339747, 1911839.685779049061239 ], [ 3447595.354806103743613, 1911846.572248987853527 ], [ 3447597.794523360207677, 1911853.125468424521387 ], [ 3447601.240199637133628, 1911859.611715803854167 ], [ 3447607.925216998439282, 1911869.289702720241621 ], [ 3447612.17827077396214, 1911873.119393551722169 ], [ 3447613.062282640021294, 1911873.577137353597209 ], [ 3447633.495476920157671, 1911884.088206789689139 ], [ 3447635.80482412269339, 1911885.215995634207502 ], [ 3447640.994947590865195, 1911887.880497862352058 ], [ 3447665.376023498363793, 1911900.254711128305644 ], [ 3447675.481829133350402, 1911903.813884053379297 ], [ 3447684.635069941170514, 1911907.12849946366623 ], [ 3447701.188504090998322, 1911912.940720186801627 ], [ 3447707.277774677611887, 1911914.849961927160621 ], [ 3447720.996093431487679, 1911919.420373607194051 ], [ 3447774.626795324962586, 1911936.900533800246194 ], [ 3447803.077010452281684, 1911946.679163645254448 ], [ 3447806.102523954585195, 1911947.183098808862269 ], [ 3447808.983275674749166, 1911947.408465571003035 ], [ 3447811.437146876007318, 1911947.503410248551518 ], [ 3447814.942850311752409, 1911947.826353588839993 ], [ 3447823.859247935004532, 1911947.649928694823757 ], [ 3447830.64918081369251, 1911946.214323120890185 ], [ 3447849.212617224082351, 1911940.090655847918242 ], [ 3447871.083178328350186, 1911931.700367516139522 ], [ 3447874.192366403993219, 1911930.778016110416502 ], [ 3447880.45644957292825, 1911929.228510483168066 ], [ 3447882.933182243257761, 1911928.815176673000678 ], [ 3447886.857843836769462, 1911928.563857004279271 ], [ 3447889.78438619710505, 1911929.084310778649524 ], [ 3447894.707691227085888, 1911930.683741712709889 ], [ 3447898.5337232821621, 1911933.071590147679672 ], [ 3447903.815712430514395, 1911937.637382096610963 ], [ 3447914.112694021780044, 1911945.704006334068254 ], [ 3447914.813922820612788, 1911946.293124057818204 ], [ 3447921.041071608662605, 1911951.710057335905731 ], [ 3447933.328159655444324, 1911956.215683070709929 ], [ 3447951.842953134793788, 1911941.930336273508146 ], [ 3447952.841171415988356, 1911941.158548360457644 ], [ 3447981.187427453696728, 1911919.482109615113586 ], [ 3448007.887767377309501, 1911898.988178235245869 ], [ 3448018.898669859394431, 1911890.694999501109123 ], [ 3448036.363629975821823, 1911877.49183653248474 ], [ 3448050.490965824574232, 1911866.358739944873378 ], [ 3448068.131082884501666, 1911852.319394609425217 ], [ 3448075.735813941340894, 1911846.309478514129296 ], [ 3448098.733013717457652, 1911829.459692249074578 ], [ 3448128.595715662464499, 1911806.420847550267354 ], [ 3448129.510110708419234, 1911805.763825275935233 ], [ 3448130.858839130029082, 1911804.630948261590675 ], [ 3448134.190512175206095, 1911802.119673920795321 ], [ 3448139.044061133172363, 1911807.602883174782619 ], [ 3448139.875073183327913, 1911809.683345233788714 ], [ 3448143.07659017527476, 1911814.596355856163427 ], [ 3448151.574909060262144, 1911821.550876997876912 ], [ 3448171.910304729826748, 1911841.25799456378445 ], [ 3448215.881646873429418, 1911884.257181327557191 ], [ 3448243.770449407398701, 1911911.37910697911866 ], [ 3448244.311573730316013, 1911911.591446639271453 ], [ 3448247.718407106120139, 1911913.242167533375323 ], [ 3448252.695450854487717, 1911917.152846961049363 ], [ 3448254.364715999457985, 1911919.396178519353271 ], [ 3448278.93820690177381, 1911944.145911606727168 ], [ 3448305.363617525901645, 1911969.696186221670359 ], [ 3448326.758504867553711, 1911990.336178025463596 ], [ 3448348.801411678083241, 1912011.876691343961284 ], [ 3448371.827401531860232, 1912033.858434734866023 ], [ 3448382.361198170576245, 1912045.416165679693222 ], [ 3448397.010712075978518, 1912059.918680655770004 ], [ 3448441.302111650817096, 1912102.360206714598462 ], [ 3448466.614901466760784, 1912127.28926530550234 ], [ 3448490.609036146663129, 1912150.925130721880123 ], [ 3448514.580191646702588, 1912173.757952193263918 ], [ 3448551.318434535525739, 1912210.096020402619615 ], [ 3448583.56708915065974, 1912240.42441925778985 ], [ 3448588.493090000934899, 1912245.196783796651289 ], [ 3448588.493090000934899, 1911215.710789386881515 ], [ 3448586.989978751167655, 1911215.08894340833649 ] ] ] ] } }
]
}
