{
"type": "FeatureCollection",
"name": "Ares",
"crs": { "type": "name", "properties": { "name": "urn:ogc:def:crs:EPSG::3035" } },
"features": [
{ "type": "Feature", "properties": { "SITE_NAME": "Costa Ártabra", "ODESIGNATE": "Espacio Protegido Red Natura 2000", "NUT2": 11, "SITE_CODE_": "ES111012", "DESIG_ABBR": "ES96", "SITE_CDDA": "349375_CDDA", "Sup_ha": 6278.1630908999996 }, "geometry": { "type": "Polygon", "coordinates": [ [ [ 2854970.957728106994182, 2441545.563572070561349 ], [ 2854968.756197046488523, 2441545.514501295052469 ], [ 2854966.666318190284073, 2441545.374221386387944 ], [ 2854964.364883955102414, 2441544.657714712433517 ], [ 2854961.991194792091846, 2441543.897927883081138 ], [ 2854961.96392855187878, 2441543.882186873815954 ], [ 2854959.683742200490087, 2441542.562242764048278 ], [ 2854957.78653646633029, 2441541.264903644565493 ], [ 2854956.143706627655774, 2441539.829076262190938 ], [ 2854954.437572131864727, 2441538.471709764562547 ], [ 2854952.780514157377183, 2441536.977363393642008 ], [ 2854951.094942679163069, 2441535.407897737808526 ], [ 2854949.218250653706491, 2441533.898163601756096 ], [ 2854946.361941329203546, 2441532.291131944861263 ], [ 2854943.585805856622756, 2441531.015012002084404 ], [ 2854943.447491669096053, 2441530.978783161845058 ], [ 2854940.808837155345827, 2441530.287515867501497 ], [ 2854938.255953637417406, 2441529.636435249820352 ], [ 2854938.133546438999474, 2441529.582432738970965 ], [ 2854936.483583196531981, 2441528.854967698454857 ], [ 2854936.313854863867164, 2441528.802946237381548 ], [ 2854934.784534669946879, 2441528.333856829907745 ], [ 2854934.577045655809343, 2441528.260088474024087 ], [ 2854932.984880550764501, 2441527.694113113451749 ], [ 2854931.255170620512217, 2441527.046400824096054 ], [ 2854929.435803570784628, 2441526.070231516845524 ], [ 2854927.707870904821903, 2441525.132496209815145 ], [ 2854926.05118452059105, 2441523.97965599829331 ], [ 2854924.195023222826421, 2441522.257626098580658 ], [ 2854922.289545729290694, 2441520.331250278744847 ], [ 2854919.637173999100924, 2441518.122919706162065 ], [ 2854916.50038826931268, 2441515.357268538326025 ], [ 2854912.890934523195028, 2441512.083405290730298 ], [ 2854910.149270981550217, 2441508.656507301144302 ], [ 2854907.800374993123114, 2441505.748433516360819 ], [ 2854905.284539032261819, 2441503.297643346711993 ], [ 2854903.077058415859938, 2441500.973800982348621 ], [ 2854901.283135965000838, 2441498.956234708428383 ], [ 2854900.183484212495387, 2441497.513885216321796 ], [ 2854898.300775785930455, 2441495.384974470827729 ], [ 2854895.634629372041672, 2441493.45951474737376 ], [ 2854894.225870527327061, 2441492.438724659848958 ], [ 2854892.783236609771848, 2441491.023384658619761 ], [ 2854891.12061459897086, 2441489.251250461209565 ], [ 2854890.004496905021369, 2441487.740621426142752 ], [ 2854889.881131319329143, 2441487.819742240011692 ], [ 2854850.96787139819935, 2441512.777087072841823 ], [ 2854850.811686487868428, 2441512.635200606193393 ], [ 2854820.390443672426045, 2441484.988927034195513 ], [ 2854813.195685748476535, 2441398.079786024987698 ], [ 2854812.953794352710247, 2441398.027291927486658 ], [ 2854806.251406974159181, 2441396.571955188177526 ], [ 2854803.88793658837676, 2441396.150956530123949 ], [ 2854801.44662915263325, 2441395.408789495937526 ], [ 2854799.741167915053666, 2441395.15841776272282 ], [ 2854797.988595807924867, 2441394.713263645768166 ], [ 2854797.869439865928143, 2441394.659986483864486 ], [ 2854796.144187374971807, 2441393.888583469204605 ], [ 2854794.606402871198952, 2441392.632322951219976 ], [ 2854792.764573223423213, 2441390.96879920642823 ], [ 2854790.729124525561929, 2441389.355498133227229 ], [ 2854790.531283146701753, 2441389.307421975769103 ], [ 2854788.402553096879274, 2441388.790501254145056 ], [ 2854788.364671022631228, 2441388.755349834915251 ], [ 2854786.54660998750478, 2441387.068539408501238 ], [ 2854785.059251595288515, 2441384.619612608104944 ], [ 2854782.773171024397016, 2441382.523015479557216 ], [ 2854780.071650867816061, 2441381.300025507807732 ], [ 2854776.458107441663742, 2441379.961930747143924 ], [ 2854773.23958817217499, 2441377.962606384884566 ], [ 2854771.544726402498782, 2441375.505625736434013 ], [ 2854770.587761380709708, 2441371.553181655704975 ], [ 2854769.063937399536371, 2441368.358538618311286 ], [ 2854767.5318214436993, 2441365.724671465344727 ], [ 2854766.285079449415207, 2441363.420224400702864 ], [ 2854765.405968612991273, 2441359.789047638885677 ], [ 2854763.636598283424973, 2441357.278928023763001 ], [ 2854761.508463899604976, 2441355.834626785945147 ], [ 2854758.987901024986058, 2441354.212810633238405 ], [ 2854755.97115942556411, 2441352.792221574112773 ], [ 2854755.804998245090246, 2441352.744020999409258 ], [ 2854755.086665672250092, 2441352.535653372295201 ], [ 2854754.993740539997816, 2441352.494340411853045 ], [ 2854752.632893268018961, 2441351.444847898557782 ], [ 2854752.520234748255461, 2441351.418349822051823 ], [ 2854749.580673767253757, 2441350.726740664802492 ], [ 2854749.444605183787644, 2441350.667111239396036 ], [ 2854747.890276320278645, 2441349.986266236752272 ], [ 2854746.27064074575901, 2441348.689101096242666 ], [ 2854745.333755414932966, 2441347.069967359304428 ], [ 2854744.640898951794952, 2441344.207845831755549 ], [ 2854744.127156204544008, 2441341.237135278992355 ], [ 2854743.582850358448923, 2441338.139805437996984 ], [ 2854743.095786323305219, 2441335.576155843213201 ], [ 2854742.682108473032713, 2441333.272647091187537 ], [ 2854742.188497019931674, 2441330.979553013108671 ], [ 2854741.75505861453712, 2441328.339933002367616 ], [ 2854741.208417422138155, 2441325.232860593590885 ], [ 2854740.680659841746092, 2441322.203693949617445 ], [ 2854739.769122832454741, 2441319.543181190732867 ], [ 2854737.769367665983737, 2441317.227463736198843 ], [ 2854736.121684011537582, 2441314.965051674749702 ], [ 2854734.269628361333162, 2441312.962650484405458 ], [ 2854732.115285036154091, 2441311.452776776161045 ], [ 2854731.870235904119909, 2441311.368720028549433 ], [ 2854730.175724823027849, 2441310.787175526842475 ], [ 2854730.171539616771042, 2441310.784486059099436 ], [ 2854728.633959882892668, 2441309.811376729048789 ], [ 2854727.402949333656579, 2441308.123815874103457 ], [ 2854726.602344643324614, 2441305.920797751285136 ], [ 2854725.680392176378518, 2441303.811381048988551 ], [ 2854724.645205814391375, 2441302.08316083997488 ], [ 2854723.379551500082016, 2441300.549458347726613 ], [ 2854721.944987336173654, 2441298.573186663445085 ], [ 2854720.475779259577394, 2441296.750773257110268 ], [ 2854719.498571280390024, 2441295.007628151681274 ], [ 2854718.561768748331815, 2441293.388378505595028 ], [ 2854717.378769028931856, 2441291.346761764027178 ], [ 2854715.740667855367064, 2441289.081878018565476 ], [ 2854714.093001869507134, 2441286.81956553272903 ], [ 2854712.251896346919239, 2441284.607341271825135 ], [ 2854710.175790723413229, 2441282.528724033851177 ], [ 2854708.470048893708736, 2441280.281354795210063 ], [ 2854706.9521648096852, 2441277.706009138375521 ], [ 2854705.471342237666249, 2441274.986431356053799 ], [ 2854703.325899048242718, 2441272.366998862940818 ], [ 2854701.108495189808309, 2441269.704232621006668 ], [ 2854698.565371474251151, 2441267.395078807137907 ], [ 2854696.139835118316114, 2441265.614010083954781 ], [ 2854693.451981579884887, 2441264.108074788935483 ], [ 2854690.652894425205886, 2441263.034540154505521 ], [ 2854687.687446100637317, 2441261.528242 ], [ 2854684.765731552615762, 2441259.948401294182986 ], [ 2854682.327008762396872, 2441258.367396466899663 ], [ 2854679.952681113034487, 2441256.500731929205358 ], [ 2854677.792388519272208, 2441254.371467358898371 ], [ 2854675.302776887081563, 2441251.986263493075967 ], [ 2854672.644821497611701, 2441249.499959696084261 ], [ 2854670.312488234601915, 2441246.66006160993129 ], [ 2854668.041444150730968, 2441244.073168757371604 ], [ 2854665.380145345348865, 2441241.318737827241421 ], [ 2854662.759366459678859, 2441238.688283085823059 ], [ 2854660.27428786829114, 2441236.363990796729922 ], [ 2854657.669009239412844, 2441234.350259623024613 ], [ 2854655.359142850618809, 2441232.197721069678664 ], [ 2854653.056619995739311, 2441230.032949408981949 ], [ 2854650.754113762173802, 2441227.868276545777917 ], [ 2854648.993102006614208, 2441225.987082268111408 ], [ 2854647.534027186222374, 2441224.503568957094103 ], [ 2854646.325132199563086, 2441223.161962937563658 ], [ 2854644.68663359247148, 2441221.786994334310293 ], [ 2854642.67417255230248, 2441219.971226507797837 ], [ 2854640.085876897908747, 2441218.366948741488159 ], [ 2854637.354514716658741, 2441217.275785876903683 ], [ 2854634.917294922284782, 2441216.253148977644742 ], [ 2854634.756716066971421, 2441216.203312817960978 ], [ 2854632.99420384131372, 2441215.655830868519843 ], [ 2854632.935612716712058, 2441215.628451734781265 ], [ 2854631.371515825390816, 2441214.89763059373945 ], [ 2854629.684162112884223, 2441213.618100425228477 ], [ 2854629.497666300274432, 2441213.576891606207937 ], [ 2854627.229657979682088, 2441213.075905850157142 ], [ 2854624.239503514021635, 2441212.062403100077063 ], [ 2854624.209777576383203, 2441212.050064106471837 ], [ 2854620.354726925492287, 2441210.453436847310513 ], [ 2854617.148667560424656, 2441208.802664247341454 ], [ 2854614.701769264414907, 2441207.782518724910915 ], [ 2854612.630849146284163, 2441206.871706262230873 ], [ 2854612.498464251868427, 2441206.835914724040776 ], [ 2854610.287916167639196, 2441206.238419317640364 ], [ 2854610.091894687153399, 2441206.166207256261259 ], [ 2854607.206706137396395, 2441205.103615359868854 ], [ 2854607.101416338700801, 2441205.06986399134621 ], [ 2854603.640398202463984, 2441203.960395152214915 ], [ 2854603.599097236059606, 2441203.940417931415141 ], [ 2854600.298878501169384, 2441202.344786861911416 ], [ 2854596.882882998324931, 2441200.676237015519291 ], [ 2854596.697814363054931, 2441200.620016811415553 ], [ 2854593.332894194871187, 2441199.601018997374922 ], [ 2854593.15226673334837, 2441199.535133220255375 ], [ 2854590.01803642231971, 2441198.392373206093907 ], [ 2854586.058753116987646, 2441196.730270157568157 ], [ 2854584.961045758798718, 2441196.187583507504314 ], [ 2854583.443061398342252, 2441195.267638020217419 ], [ 2854583.276412609033287, 2441195.229801270179451 ], [ 2854581.191185967065394, 2441194.75565427262336 ], [ 2854581.075651372782886, 2441194.69988135015592 ], [ 2854578.8632029639557, 2441193.632183927111328 ], [ 2854576.00841420609504, 2441192.583538246806711 ], [ 2854573.785584807395935, 2441191.639709672424942 ], [ 2854572.039533955510706, 2441190.923809997271746 ], [ 2854570.433215639553964, 2441190.233909066300839 ], [ 2854570.352126808837056, 2441190.218699579127133 ], [ 2854568.571513470262289, 2441189.889580027200282 ], [ 2854566.862697930075228, 2441189.370989117771387 ], [ 2854565.068636763375252, 2441189.0091458032839 ], [ 2854563.316071246750653, 2441188.563999073114246 ], [ 2854561.288263724185526, 2441188.128331237472594 ], [ 2854558.986844886094332, 2441187.411841540597379 ], [ 2854556.576289677992463, 2441186.796169806271791 ], [ 2854554.070401285775006, 2441186.339709551539272 ], [ 2854551.293449979275465, 2441185.612232904415578 ], [ 2854547.967645473778248, 2441184.613413422368467 ], [ 2854544.658388558775187, 2441183.682757042348385 ], [ 2854544.573728724848479, 2441183.642570523545146 ], [ 2854541.092805146239698, 2441181.990837103687227 ], [ 2854537.896864028647542, 2441180.678867852315307 ], [ 2854537.652140411548316, 2441180.5937350965105 ], [ 2854534.832205195911229, 2441179.612230633385479 ], [ 2854532.180840666405857, 2441178.852117907721549 ], [ 2854532.136096591129899, 2441178.824228993151337 ], [ 2854529.917352529242635, 2441177.442971675191075 ], [ 2854528.284553437493742, 2441176.345975422300398 ], [ 2854526.648492035456002, 2441174.980735087767243 ], [ 2854524.036900508683175, 2441173.237727015744895 ], [ 2854520.873112234286964, 2441170.955248921643943 ], [ 2854517.846350873820484, 2441169.195757602807134 ], [ 2854515.136376595124602, 2441167.343779973685741 ], [ 2854512.265124995261431, 2441166.226857846602798 ], [ 2854512.154480135533959, 2441166.193683745339513 ], [ 2854509.305620769970119, 2441165.339863434433937 ], [ 2854505.73836910398677, 2441164.74519129190594 ], [ 2854501.99099668674171, 2441164.000724324956536 ], [ 2854498.372652056626976, 2441163.491729966364801 ], [ 2854494.910554340109229, 2441163.076699853874743 ], [ 2854491.390495360828936, 2441162.676693849265575 ], [ 2854487.533037939108908, 2441162.581587799359113 ], [ 2854483.486592546105385, 2441162.597598263528198 ], [ 2854479.465539036784321, 2441163.227904087398201 ], [ 2854476.076460533775389, 2441163.963124799542129 ], [ 2854473.029371228069067, 2441164.413047951180488 ], [ 2854469.594320454634726, 2441163.514970138203353 ], [ 2854465.284042777493596, 2441163.247651747427881 ], [ 2854461.32095222081989, 2441163.862934757489711 ], [ 2854457.981304779648781, 2441164.8025823822245 ], [ 2854454.588547219522297, 2441164.928369424305856 ], [ 2854450.813281526323408, 2441165.215478664264083 ], [ 2854447.284293523989618, 2441165.924837145023048 ], [ 2854444.1066714823246, 2441167.236301495693624 ], [ 2854440.227017378434539, 2441168.450740203261375 ], [ 2854435.90374600328505, 2441169.573361812159419 ], [ 2854430.58022075612098, 2441170.810910496860743 ], [ 2854424.505792221054435, 2441172.046773412264884 ], [ 2854418.174432031344622, 2441173.07015788834542 ], [ 2854412.021415564231575, 2441174.533360398374498 ], [ 2854406.793696622364223, 2441176.718723570927978 ], [ 2854401.119573761243373, 2441178.461139313876629 ], [ 2854395.343004376627505, 2441180.375161757692695 ], [ 2854390.068177334498614, 2441182.365744346287102 ], [ 2854385.076961577869952, 2441184.975866573862731 ], [ 2854379.581332224421203, 2441187.158379551023245 ], [ 2854374.156933263875544, 2441189.125689067877829 ], [ 2854368.56140455417335, 2441190.640769102610648 ], [ 2854363.280547589063644, 2441192.012077691964805 ], [ 2854358.156870042905211, 2441192.928709702100605 ], [ 2854353.945095545612276, 2441193.960359876509756 ], [ 2854350.128424347378314, 2441194.330661820247769 ], [ 2854347.042312959674746, 2441194.024971018079668 ], [ 2854346.869339961092919, 2441193.946897403802723 ], [ 2854344.42253405880183, 2441192.84272787719965 ], [ 2854342.240887934342027, 2441191.474395480472594 ], [ 2854342.037656019441783, 2441191.415207028388977 ], [ 2854340.250051590614021, 2441190.89452051743865 ], [ 2854338.242045884020627, 2441190.795168157666922 ], [ 2854338.127124802209437, 2441190.716497976332903 ], [ 2854336.270254755392671, 2441189.44473017565906 ], [ 2854334.558105977717787, 2441187.468107613734901 ], [ 2854332.37879616767168, 2441186.109518299810588 ], [ 2854332.242034211754799, 2441186.091620561201125 ], [ 2854329.544248126447201, 2441185.73848166782409 ], [ 2854329.332306667696685, 2441185.657396503724158 ], [ 2854326.757177009247243, 2441184.672117621637881 ], [ 2854326.701845211908221, 2441184.659397822339088 ], [ 2854323.926709876395762, 2441184.020603942684829 ], [ 2854320.643097492866218, 2441184.04557980876416 ], [ 2854317.419241961091757, 2441184.613843121565878 ], [ 2854314.020699629560113, 2441184.461686819791794 ], [ 2854311.101610925979912, 2441183.698596827220172 ], [ 2854308.954048697836697, 2441183.914787997957319 ], [ 2854307.415727389976382, 2441185.204162647947669 ], [ 2854306.011203408241272, 2441186.748476655688137 ], [ 2854304.949259507935494, 2441189.15569007396698 ], [ 2854304.052412365097553, 2441191.395857158116996 ], [ 2854302.676950084511191, 2441192.508424868341535 ], [ 2854301.025494433939457, 2441194.178978545591235 ], [ 2854299.808695933781564, 2441195.395135874859989 ], [ 2854298.161321037448943, 2441196.785212326794863 ], [ 2854295.092846383340657, 2441197.995865547098219 ], [ 2854292.499565056525171, 2441198.87619688315317 ], [ 2854289.420992854051292, 2441199.748150293715298 ], [ 2854287.814010838512331, 2441199.606646042317152 ], [ 2854284.400523009244353, 2441199.944675769656897 ], [ 2854282.49357570335269, 2441200.305344776250422 ], [ 2854280.321961154229939, 2441200.931307300925255 ], [ 2854278.173484997823834, 2441201.696238798554987 ], [ 2854274.838030241429806, 2441202.355400426778942 ], [ 2854270.875692493282259, 2441202.422090336214751 ], [ 2854266.503423311281949, 2441202.450484022963792 ], [ 2854261.656566925346851, 2441202.260416231118143 ], [ 2854256.779180924408138, 2441201.943927232641727 ], [ 2854252.354887989815325, 2441202.606640052981675 ], [ 2854248.273636086378247, 2441204.432035509496927 ], [ 2854245.272886936552823, 2441205.625059651210904 ], [ 2854243.311499034520239, 2441206.610421956051141 ], [ 2854243.216781273018569, 2441206.449715966358781 ], [ 2854242.962486102245748, 2441206.018158858641982 ], [ 2854242.783556556794792, 2441206.044526698067784 ], [ 2854241.116394197568297, 2441206.290544277057052 ], [ 2854238.999512883834541, 2441206.633437367156148 ], [ 2854236.519548794254661, 2441207.132457250729203 ], [ 2854232.687841528095305, 2441207.992968623526394 ], [ 2854230.04338959697634, 2441208.95909663522616 ], [ 2854228.281823547556996, 2441209.623437813483179 ], [ 2854224.41153762396425, 2441210.069718016311526 ], [ 2854220.998152346350253, 2441210.407733082771301 ], [ 2854219.047376667149365, 2441210.841964907944202 ], [ 2854217.227866467088461, 2441211.521429227665067 ], [ 2854215.190210528671741, 2441212.743775006383657 ], [ 2854212.540829204954207, 2441214.538904939312488 ], [ 2854207.881013799458742, 2441216.22496199188754 ], [ 2854201.790935026947409, 2441216.844257502816617 ], [ 2854196.818500093650073, 2441216.686832189559937 ], [ 2854193.81173673318699, 2441217.260681348852813 ], [ 2854192.222327944356948, 2441218.635736181400716 ], [ 2854189.740622247103602, 2441219.424977800808847 ], [ 2854186.35168038867414, 2441220.160294189117849 ], [ 2854183.85732838138938, 2441220.601030625402927 ], [ 2854180.186981434002519, 2441220.726372429169714 ], [ 2854178.054034979548305, 2441220.111076107248664 ], [ 2854177.975733244791627, 2441220.073892373591661 ], [ 2854175.800559252500534, 2441219.040660938248038 ], [ 2854175.654535579495132, 2441219.002392394002527 ], [ 2854173.023626736365259, 2441218.313201039098203 ], [ 2854170.141780953388661, 2441217.747425737325102 ], [ 2854166.779704806860536, 2441217.999828763306141 ], [ 2854162.92830734141171, 2441218.524018120020628 ], [ 2854158.713861003518105, 2441219.204532220028341 ], [ 2854155.351273326203227, 2441220.346767016686499 ], [ 2854152.173559424467385, 2441221.658164671622217 ], [ 2854148.931501709856093, 2441223.255518673919141 ], [ 2854146.360697130672634, 2441224.823213812429458 ], [ 2854144.164300272241235, 2441225.942089274059981 ], [ 2854140.603956586215645, 2441227.073566677980125 ], [ 2854139.282010904513299, 2441228.11008609039709 ], [ 2854137.594989008270204, 2441230.483142683282495 ], [ 2854137.066188671626151, 2441232.544912504497916 ], [ 2854135.505585151258856, 2441234.336708824150264 ], [ 2854133.167040397413075, 2441235.419960919301957 ], [ 2854129.891060335095972, 2441236.622470956295729 ], [ 2854126.360350140370429, 2441238.429208575747907 ], [ 2854123.194469193927944, 2441240.637834270019084 ], [ 2854119.894693428650498, 2441242.591539196670055 ], [ 2854116.550159784499556, 2441244.360304003581405 ], [ 2854112.880487942136824, 2441245.592637428548187 ], [ 2854108.974735883995891, 2441246.741405433043838 ], [ 2854105.169604963622987, 2441248.008903678972274 ], [ 2854101.13397669326514, 2441249.470724537037313 ], [ 2854096.554249279201031, 2441251.487717218697071 ], [ 2854092.994934731163085, 2441254.067590982653201 ], [ 2854089.85718647763133, 2441256.393112431745976 ], [ 2854086.680263190995902, 2441258.811581758782268 ], [ 2854084.504754528403282, 2441261.71494572982192 ], [ 2854083.372507168445736, 2441264.978537890128791 ], [ 2854083.212471602950245, 2441267.162050614133477 ], [ 2854083.683936931192875, 2441269.108987481333315 ], [ 2854084.959631469100714, 2441270.981689685955644 ], [ 2854086.02779181394726, 2441272.846142550930381 ], [ 2854086.828023145906627, 2441274.707645654678345 ], [ 2854087.747537828050554, 2441276.807326250709593 ], [ 2854088.580402791965753, 2441279.695282260421664 ], [ 2854088.200267685577273, 2441281.521923597436398 ], [ 2854087.139168630354106, 2441283.380517744459212 ], [ 2854086.246330613736063, 2441285.34032703563571 ], [ 2854085.290046724490821, 2441287.037254608236253 ], [ 2854083.472401560284197, 2441288.616493873298168 ], [ 2854082.0441750055179, 2441290.911890350282192 ], [ 2854081.142426936421543, 2441293.981160289607942 ], [ 2854080.588188798166811, 2441297.084327201358974 ], [ 2854078.802710192278028, 2441301.003910063300282 ], [ 2854076.841332356445491, 2441301.98927726270631 ], [ 2854073.913166893646121, 2441302.335792942903936 ], [ 2854070.014587095938623, 2441302.6653225524351 ], [ 2854066.36327609512955, 2441302.020008644554764 ], [ 2854062.866129046771675, 2441301.417570623569191 ], [ 2854059.796170711051673, 2441302.069869361817837 ], [ 2854057.731242049485445, 2441303.433943796902895 ], [ 2854055.657288996968418, 2441305.907398167997599 ], [ 2854053.627819403074682, 2441306.568892963696271 ], [ 2854051.460412367712706, 2441308.104376942850649 ], [ 2854050.445496116764843, 2441310.706393965519965 ], [ 2854049.893693722318858, 2441313.819285814184695 ], [ 2854049.837512072175741, 2441316.389575394336134 ], [ 2854049.979201873298734, 2441318.970703551080078 ], [ 2854050.408663886599243, 2441321.89077544817701 ], [ 2854050.655152137391269, 2441324.310138284228742 ], [ 2854051.326747430954129, 2441327.933150422759354 ], [ 2854051.902421290054917, 2441330.608269958756864 ], [ 2854051.721406609751284, 2441332.662691568024457 ], [ 2854049.488022662699223, 2441333.925587223377079 ], [ 2854046.937872182577848, 2441335.281070361379534 ], [ 2854044.323981873225421, 2441336.37372587248683 ], [ 2854040.971934888977557, 2441336.96495174523443 ], [ 2854038.133963381871581, 2441337.981195470318198 ], [ 2854035.626094768289477, 2441340.36044398508966 ], [ 2854034.694794262759387, 2441341.906103197485209 ], [ 2854034.794941190630198, 2441344.570239171851426 ], [ 2854035.475446932017803, 2441347.083790611475706 ], [ 2854037.281798550393432, 2441349.449870110489428 ], [ 2854038.961045375559479, 2441351.290123543702066 ], [ 2854040.460904287174344, 2441353.239120647776872 ], [ 2854041.858366075903177, 2441355.359410508535802 ], [ 2854043.590943530201912, 2441357.123747112229466 ], [ 2854045.379341804888099, 2441358.863280782941729 ], [ 2854046.734575286973268, 2441361.615479295141995 ], [ 2854045.05730521120131, 2441362.330455130431801 ], [ 2854043.221159712411463, 2441362.941779363900423 ], [ 2854041.21920384792611, 2441363.461711982265115 ], [ 2854038.318341393955052, 2441363.666603900492191 ], [ 2854034.489230927079916, 2441363.688283748924732 ], [ 2854029.837439225055277, 2441364.006489719264209 ], [ 2854024.446626434102654, 2441364.37169174849987 ], [ 2854019.416623581666499, 2441364.570808286312968 ], [ 2854014.454623164609075, 2441363.862300856504589 ], [ 2854009.738535045646131, 2441362.810773217119277 ], [ 2854006.379765422083437, 2441361.675638001412153 ], [ 2854006.374189277179539, 2441361.67127151414752 ], [ 2854003.676208078861237, 2441359.552848491817713 ], [ 2854003.272477766498923, 2441357.588378950487822 ], [ 2854002.905135109089315, 2441354.372688903473318 ], [ 2854002.45019815582782, 2441352.493816426489502 ], [ 2854001.124974368140101, 2441350.416707942262292 ], [ 2854000.074094383977354, 2441348.071814318187535 ], [ 2853998.725766658782959, 2441347.045845126733184 ], [ 2853997.640959726180881, 2441345.113248710986227 ], [ 2853998.59223025618121, 2441342.248385181650519 ], [ 2853999.34998290752992, 2441339.43372863996774 ], [ 2853999.524992996361107, 2441336.760228367522359 ], [ 2853999.37848846334964, 2441335.00818232446909 ], [ 2853999.096443180460483, 2441333.291417587082833 ], [ 2853998.938220995478332, 2441330.642225556075573 ], [ 2853998.356849054805934, 2441327.689138003159314 ], [ 2853997.502718782518059, 2441325.562084291130304 ], [ 2853995.556393350008875, 2441323.170358896255493 ], [ 2853993.668012305162847, 2441320.763510551303625 ], [ 2853991.622570279985666, 2441318.811420775949955 ], [ 2853989.531859908718616, 2441317.564222084358335 ], [ 2853987.015325307846069, 2441315.662078073248267 ], [ 2853983.998622158542275, 2441314.241527579724789 ], [ 2853981.39950209017843, 2441312.847083336208016 ], [ 2853978.919293878600001, 2441311.34931181743741 ], [ 2853976.236737119965255, 2441309.355714170262218 ], [ 2853973.454512720461935, 2441307.46038214256987 ], [ 2853970.578536166809499, 2441305.516973817721009 ], [ 2853967.952753433026373, 2441303.715568833984435 ], [ 2853965.686833498999476, 2441302.296619602479041 ], [ 2853963.381836442742497, 2441300.970600265543908 ], [ 2853961.023150317370892, 2441299.720767456106842 ], [ 2853958.28178508579731, 2441298.290718974545598 ], [ 2853958.065144144929945, 2441298.220162140205503 ], [ 2853955.223927377257496, 2441297.294781102333218 ], [ 2853955.101553723681718, 2441297.249420972540975 ], [ 2853952.36671864008531, 2441296.236340302508324 ], [ 2853952.263391135726124, 2441296.203450303524733 ], [ 2853949.393130200915039, 2441295.290933772921562 ], [ 2853946.793179593980312, 2441294.445113696623594 ], [ 2853943.958653059788048, 2441294.074093921575695 ], [ 2853941.025291045196354, 2441293.252717280760407 ], [ 2853937.674816059879959, 2441292.746721599251032 ], [ 2853934.055678882170469, 2441292.786381466314197 ], [ 2853930.128077392466366, 2441292.699018251150846 ], [ 2853926.824061283376068, 2441292.936292478814721 ], [ 2853924.325008644256741, 2441294.206102536059916 ], [ 2853922.401467379182577, 2441296.154211504850537 ], [ 2853920.823691568337381, 2441298.426436508074403 ], [ 2853919.639154491946101, 2441300.327449896372855 ], [ 2853918.725059083662927, 2441303.048162195831537 ], [ 2853917.323307619430125, 2441305.750559223815799 ], [ 2853915.959481292404234, 2441307.760298627894372 ], [ 2853914.476743550039828, 2441309.873365573585033 ], [ 2853912.651488128118217, 2441311.930461881682277 ], [ 2853910.283242471050471, 2441312.338579191826284 ], [ 2853910.240655641071498, 2441312.218543712049723 ], [ 2853909.634788684546947, 2441310.509915097150952 ], [ 2853909.408959418535233, 2441307.878436239436269 ], [ 2853909.210298712365329, 2441305.105152825824916 ], [ 2853909.072703447192907, 2441302.243647039867938 ], [ 2853909.206638981588185, 2441299.99464151263237 ], [ 2853908.902108088135719, 2441297.590421009808779 ], [ 2853908.121264260727912, 2441294.068149666301906 ], [ 2853906.950741023756564, 2441292.37519037630409 ], [ 2853905.903844897635281, 2441289.749839847907424 ], [ 2853904.406581696588546, 2441286.962103057652712 ], [ 2853901.793270023074001, 2441285.509341086260974 ], [ 2853901.600381170399487, 2441285.452831120230258 ], [ 2853899.657785846851766, 2441284.884248695336282 ], [ 2853899.647419720422477, 2441284.867538914084435 ], [ 2853898.189522140193731, 2441282.513216095045209 ], [ 2853897.691490540746599, 2441280.159301759675145 ], [ 2853897.413607054390013, 2441278.161944088060409 ], [ 2853896.852782329544425, 2441274.996660537086427 ], [ 2853897.253524565137923, 2441272.957605393603444 ], [ 2853897.765753796324134, 2441270.827572700101882 ], [ 2853898.93457589391619, 2441268.309773901943117 ], [ 2853899.901562303770334, 2441266.061694965697825 ], [ 2853900.544402129016817, 2441263.070005150511861 ], [ 2853899.800240877084434, 2441260.293512152507901 ], [ 2853898.717153115198016, 2441258.919346111826599 ], [ 2853897.409886376932263, 2441257.468786627054214 ], [ 2853896.144130786880851, 2441255.935022031888366 ], [ 2853894.732147596776485, 2441254.646111509297043 ], [ 2853894.544852691702545, 2441254.613393128849566 ], [ 2853892.6604198589921, 2441254.283945638686419 ], [ 2853890.851871376857162, 2441254.753595073707402 ], [ 2853888.581795658450574, 2441255.270619587041438 ], [ 2853886.125499499961734, 2441255.018790579400957 ], [ 2853886.074892935343087, 2441254.953427927102894 ], [ 2853884.525024967268109, 2441252.951068665832281 ], [ 2853882.735128757543862, 2441250.653175613842905 ], [ 2853881.798235974274576, 2441249.033958518877625 ], [ 2853880.934364327695221, 2441246.909613288938999 ], [ 2853879.856074435636401, 2441244.706267379689962 ], [ 2853879.25491261202842, 2441243.072250812780112 ], [ 2853878.621619089040905, 2441240.75346583686769 ], [ 2853877.539249835535884, 2441238.830597212538123 ], [ 2853876.690244741737843, 2441237.871560922823846 ], [ 2853876.976724478416145, 2441238.386308145709336 ], [ 2853877.06864097295329, 2441238.551393554545939 ], [ 2853876.320337806362659, 2441237.710970190353692 ], [ 2853876.169364940840751, 2441237.457763967569917 ], [ 2853875.03888426348567, 2441235.560519785154611 ], [ 2853874.58433368941769, 2441234.987347002606839 ], [ 2853873.766342509537935, 2441233.955985817592591 ], [ 2853871.858304459135979, 2441232.868390280753374 ], [ 2853868.902815267909318, 2441231.700966902077198 ], [ 2853865.044750885106623, 2441230.499009601771832 ], [ 2853861.258373188786209, 2441228.998862891923636 ], [ 2853857.755638796836138, 2441228.118450282607228 ], [ 2853854.665460293181241, 2441228.09316193126142 ], [ 2853851.86310253944248, 2441228.407112384214997 ], [ 2853850.011442511342466, 2441228.401621117722243 ], [ 2853848.233360403217375, 2441228.997908458579332 ], [ 2853845.833606072701514, 2441229.827951310202479 ], [ 2853843.047698427923024, 2441230.210082817822695 ], [ 2853838.859075861051679, 2441230.190627571195364 ], [ 2853838.347482305020094, 2441229.476172174327075 ], [ 2853837.197199061512947, 2441227.869822504464537 ], [ 2853836.697763498406857, 2441224.95752623397857 ], [ 2853836.666729285381734, 2441222.8340447335504 ], [ 2853838.291042469441891, 2441219.649594218470156 ], [ 2853840.30366586940363, 2441216.922932487912476 ], [ 2853840.87731613451615, 2441215.046083173248917 ], [ 2853841.71199305029586, 2441213.101331906858832 ], [ 2853842.302909046411514, 2441210.743942268192768 ], [ 2853843.111755804158747, 2441207.843607562594116 ], [ 2853843.790939066559076, 2441205.256388348061591 ], [ 2853844.40608443506062, 2441203.296235241927207 ], [ 2853843.849130444228649, 2441202.639550603926182 ], [ 2853842.492844365537167, 2441201.040742876939476 ], [ 2853840.197053896728903, 2441200.602266422938555 ], [ 2853838.239374602213502, 2441199.310184135567397 ], [ 2853836.41075828904286, 2441197.446628640871495 ], [ 2853834.893542821519077, 2441195.978196415584534 ], [ 2853833.594792232848704, 2441194.308090248145163 ], [ 2853833.567209308035672, 2441194.251211833208799 ], [ 2853833.32772999163717, 2441193.756716629490256 ], [ 2853832.954692458733916, 2441193.384820670820773 ], [ 2853831.796384545974433, 2441192.229747825302184 ], [ 2853830.272835054434836, 2441191.031933546531945 ], [ 2853829.776944709010422, 2441190.351008289959282 ], [ 2853828.625171054154634, 2441188.769549078308046 ], [ 2853828.496897268574685, 2441188.618875307030976 ], [ 2853826.800438996404409, 2441186.625552830751985 ], [ 2853825.158391146920621, 2441184.641253686044365 ], [ 2853823.479233641177416, 2441182.800891038496047 ], [ 2853821.814287738874555, 2441181.018948443233967 ], [ 2853819.764756965450943, 2441179.347244297154248 ], [ 2853818.065070418640971, 2441177.719178312458098 ], [ 2853816.724825812503695, 2441176.132376511581242 ], [ 2853814.936436246149242, 2441174.39285119716078 ], [ 2853812.572255045175552, 2441172.865020562428981 ], [ 2853810.636707223020494, 2441171.918989793397486 ], [ 2853810.098512601107359, 2441171.204235370736569 ], [ 2853809.424660089425743, 2441170.309139803051949 ], [ 2853809.404153156559914, 2441170.283104386180639 ], [ 2853807.435683603398502, 2441167.783668303862214 ], [ 2853805.568706535268575, 2441166.271482329815626 ], [ 2853803.868939083535224, 2441164.64353353343904 ], [ 2853802.769290100317448, 2441163.201108491048217 ], [ 2853800.5098095247522, 2441161.511530745774508 ], [ 2853800.450674707069993, 2441161.155496469698846 ], [ 2853800.05998601205647, 2441158.803526069503278 ], [ 2853799.6835439899005, 2441156.697335737291723 ], [ 2853799.065951353404671, 2441154.99523863196373 ], [ 2853798.802565345074981, 2441155.039975516498089 ], [ 2853796.765249693766236, 2441155.385863289237022 ], [ 2853794.642318170517683, 2441155.109298214316368 ], [ 2853791.740060282871127, 2441154.755819210316986 ], [ 2853789.893903005868196, 2441155.028334354050457 ], [ 2853786.976715472526848, 2441155.16513848118484 ], [ 2853783.291253131814301, 2441155.780723691917956 ], [ 2853779.365665541961789, 2441158.248795157298446 ], [ 2853777.069480713456869, 2441158.700232450384647 ], [ 2853774.916657326743007, 2441159.404036466497928 ], [ 2853772.621143186930567, 2441160.962460967712104 ], [ 2853769.985917180310935, 2441162.81614481844008 ], [ 2853767.604553882963955, 2441164.614025141112506 ], [ 2853766.166954124346375, 2441166.022024555597454 ], [ 2853762.999413423240185, 2441167.672436758875847 ], [ 2853761.200449435971677, 2441168.139617260545492 ], [ 2853759.332261006347835, 2441168.066064855549484 ], [ 2853756.792696675285697, 2441167.214854971971363 ], [ 2853753.4934052368626, 2441166.623075388837606 ], [ 2853750.308194575365633, 2441166.756950804032385 ], [ 2853747.490207878872752, 2441166.454004507511854 ], [ 2853744.37430251436308, 2441165.473120621405542 ], [ 2853740.744210483506322, 2441164.067141444887966 ], [ 2853737.568841576110572, 2441162.54291767347604 ], [ 2853735.022571788169444, 2441159.965446275658906 ], [ 2853734.495781781151891, 2441159.263346281833947 ], [ 2853732.897685788106173, 2441157.133754964452237 ], [ 2853731.23990913387388, 2441154.5325752873905 ], [ 2853731.010809832252562, 2441154.304202996194363 ], [ 2853729.979953221976757, 2441153.276765427552164 ], [ 2853728.598619061987847, 2441152.114361373241991 ], [ 2853726.657491006888449, 2441150.890445661731064 ], [ 2853724.345990242436528, 2441149.835188928060234 ], [ 2853721.307841114699841, 2441149.175589411053807 ], [ 2853718.259658277500421, 2441148.177075021434575 ], [ 2853715.191060855053365, 2441147.390937936492264 ], [ 2853711.567643881309777, 2441147.71102559287101 ], [ 2853707.479013258591294, 2441148.358894925098866 ], [ 2853702.777716401033103, 2441148.472718817647547 ], [ 2853698.062404355965555, 2441148.528087104205042 ], [ 2853693.534161368384957, 2441148.803784877061844 ], [ 2853689.90173766342923, 2441150.233351310715079 ], [ 2853688.442893067374825, 2441152.402351555414498 ], [ 2853688.21825492195785, 2441154.871461039409041 ], [ 2853688.057291401550174, 2441157.603612997569144 ], [ 2853687.650967639870942, 2441161.020156221464276 ], [ 2853686.973290372174233, 2441164.165741041768342 ], [ 2853684.732512693852186, 2441167.09647321421653 ], [ 2853681.98161193728447, 2441169.32153475144878 ], [ 2853679.520575355738401, 2441169.898580014239997 ], [ 2853677.575369100086391, 2441168.955142850987613 ], [ 2853675.9212298206985, 2441168.619088507257402 ], [ 2853673.21277713496238, 2441167.325415160506964 ], [ 2853670.122608509846032, 2441167.300136077217758 ], [ 2853667.794660327024758, 2441166.176700786687434 ], [ 2853665.599182512611151, 2441166.746754536870867 ], [ 2853663.71828958299011, 2441167.173149792011827 ], [ 2853661.731274910736829, 2441167.202811508905143 ], [ 2853659.727292969822884, 2441166.823120400309563 ], [ 2853657.161070008762181, 2441165.56495371228084 ], [ 2853655.088679322972894, 2441164.095809199847281 ], [ 2853653.441690501756966, 2441162.940416960045695 ], [ 2853651.350992416031659, 2441161.693231022451073 ], [ 2853648.364135410636663, 2441160.947921065613627 ], [ 2853645.304612697102129, 2441161.049145062454045 ], [ 2853641.697961015626788, 2441161.437461896799505 ], [ 2853638.27216269262135, 2441161.426967233419418 ], [ 2853635.245719034224749, 2441161.664418203756213 ], [ 2853631.973769331350923, 2441162.586592796258628 ], [ 2853630.144602053333074, 2441163.268564054742455 ], [ 2853627.972918640822172, 2441163.894566345028579 ], [ 2853625.684578780084848, 2441164.633756029885262 ], [ 2853623.503314407076687, 2441165.262231132946908 ], [ 2853621.387848271522671, 2441166.163428647443652 ], [ 2853618.417897738516331, 2441167.483063877094537 ], [ 2853617.603656416758895, 2441169.215538785792887 ], [ 2853617.60802838858217, 2441170.932058312930167 ], [ 2853617.828031491488218, 2441172.944321325514466 ], [ 2853618.170387313235551, 2441174.65589924575761 ], [ 2853618.322653031907976, 2441176.685695650987327 ], [ 2853616.361194007098675, 2441177.671094430610538 ], [ 2853613.910178731195629, 2441178.586958462372422 ], [ 2853611.526803155429661, 2441179.485307213384658 ], [ 2853608.15431709587574, 2441180.288637164048851 ], [ 2853603.386062813457102, 2441181.526970409788191 ], [ 2853598.852820160333067, 2441182.631791850086302 ], [ 2853594.926028004847467, 2441183.651517587713897 ], [ 2853591.569894862361252, 2441184.523046964313835 ], [ 2853588.427807543426752, 2441185.132071841973811 ], [ 2853585.285720443353057, 2441185.741096869111061 ], [ 2853582.615375448949635, 2441185.751685999333858 ], [ 2853580.173369098920375, 2441185.558073785156012 ], [ 2853577.295747762545943, 2441184.711929699871689 ], [ 2853575.890105416998267, 2441183.1524095563218 ], [ 2853574.624453905969858, 2441181.618634538259357 ], [ 2853573.405896592885256, 2441180.279541931115091 ], [ 2853572.996010115370154, 2441179.706607228145003 ], [ 2853572.069718664512038, 2441178.412170111201704 ], [ 2853572.012000849470496, 2441178.37008588667959 ], [ 2853570.396619590464979, 2441177.191188875585794 ], [ 2853568.665462272241712, 2441175.985250434838235 ], [ 2853567.121670760214329, 2441174.10974779445678 ], [ 2853565.177397929597646, 2441172.617674152366817 ], [ 2853562.630203733220696, 2441170.58885025465861 ], [ 2853560.390427961945534, 2441169.235607166774571 ], [ 2853558.604099676944315, 2441168.395824081730098 ], [ 2853556.098354675341398, 2441167.939385957084596 ], [ 2853552.819702125154436, 2441167.135302504058927 ], [ 2853549.164246762171388, 2441166.770514803007245 ], [ 2853546.575835769064724, 2441166.821893315762281 ], [ 2853544.705993087030947, 2441167.038450236432254 ], [ 2853542.884906504768878, 2441167.159586564637721 ], [ 2853540.956907753366977, 2441167.391204359475523 ], [ 2853538.404085932299495, 2441166.740183305926621 ], [ 2853535.115021353121847, 2441166.487195494584739 ], [ 2853532.392640374600887, 2441167.132006152532995 ], [ 2853530.332643584813923, 2441167.666997557505965 ], [ 2853527.931318356189877, 2441167.938804125413299 ], [ 2853525.114651619456708, 2441168.194268447346985 ], [ 2853522.488431721925735, 2441168.938385861925781 ], [ 2853520.713169972412288, 2441171.541286408901215 ], [ 2853519.888179685920477, 2441173.483550123870373 ], [ 2853518.601348116062582, 2441174.707610506564379 ], [ 2853515.479793974198401, 2441175.10434248438105 ], [ 2853513.342678654007614, 2441174.769465635996312 ], [ 2853511.804093094542623, 2441174.061861754395068 ], [ 2853509.827497282531112, 2441173.540433506015688 ], [ 2853508.218024942092597, 2441172.582200214732438 ], [ 2853503.92523316340521, 2441169.537564743310213 ], [ 2853500.449013061821461, 2441167.072098914068192 ], [ 2853498.959505735896528, 2441166.015633388888091 ], [ 2853497.327482620254159, 2441164.370160032995045 ], [ 2853495.94605494197458, 2441163.20777937816456 ], [ 2853494.16370984679088, 2441162.087539216503501 ], [ 2853491.835784899070859, 2441160.96420938288793 ], [ 2853488.002239140216261, 2441159.269422137178481 ], [ 2853484.902797374874353, 2441158.356731936335564 ], [ 2853482.53778004925698, 2441157.37743772380054 ], [ 2853479.57870770804584, 2441155.600483157671988 ], [ 2853475.536045189015567, 2441153.339201476424932 ], [ 2853471.504363561049104, 2441150.868293699808419 ], [ 2853467.37668298650533, 2441149.104987557977438 ], [ 2853462.593394500203431, 2441147.18110820138827 ], [ 2853458.524167865514755, 2441144.512849074788392 ], [ 2853455.275790306739509, 2441141.838393381331116 ], [ 2853452.76019153278321, 2441139.387534976471215 ], [ 2853450.692620653659105, 2441137.089316881261766 ], [ 2853448.663630208000541, 2441135.205329496413469 ], [ 2853446.560601806733757, 2441133.609690745361149 ], [ 2853444.222546544857323, 2441132.147466097027063 ], [ 2853441.70683393580839, 2441129.696527579333633 ], [ 2853441.52339231222868, 2441129.328243734780699 ], [ 2853440.246576910838485, 2441126.76478794682771 ], [ 2853439.366737762466073, 2441123.682243044488132 ], [ 2853438.980618383735418, 2441123.503172114025801 ], [ 2853412.964062848128378, 2441111.43796299258247 ], [ 2853410.66761767026037, 2441109.892516432330012 ], [ 2853408.136879769619554, 2441107.931880259886384 ], [ 2853404.590388198383152, 2441105.469366759993136 ], [ 2853400.841034977696836, 2441103.825232460163534 ], [ 2853397.326708802953362, 2441102.047684236429632 ], [ 2853394.622801207005978, 2441100.814934354741126 ], [ 2853391.301061559468508, 2441099.53581753000617 ], [ 2853387.237860098481178, 2441097.486740180756897 ], [ 2853383.974655879661441, 2441095.302553621120751 ], [ 2853383.909291810356081, 2441094.905044448561966 ], [ 2853383.538749442435801, 2441092.653027913533151 ], [ 2853382.496774236671627, 2441089.198591069318354 ], [ 2853382.091895749326795, 2441088.928470893297344 ], [ 2853380.118496112525463, 2441087.612340306863189 ], [ 2853377.952484413050115, 2441086.86074725119397 ], [ 2853376.322050562128425, 2441085.773525578901172 ], [ 2853374.501784522086382, 2441085.345946429762989 ], [ 2853372.363170186057687, 2441084.452710350509733 ], [ 2853369.74905019113794, 2441083.548594741150737 ], [ 2853366.406750116497278, 2441082.481578457169235 ], [ 2853363.62985677504912, 2441081.754155629314482 ], [ 2853359.995773847214878, 2441080.628461283165962 ], [ 2853358.243262022733688, 2441080.183447685558349 ], [ 2853356.378238561563194, 2441079.570929638110101 ], [ 2853353.824576130136847, 2441079.468439722433686 ], [ 2853351.085098213050514, 2441078.938190267421305 ], [ 2853347.597995518706739, 2441078.674511107616127 ], [ 2853343.237385053187609, 2441077.944559652358294 ], [ 2853339.666210662573576, 2441077.630314812064171 ], [ 2853336.067443497478962, 2441077.457749422639608 ], [ 2853332.349962054751813, 2441077.388476715423167 ], [ 2853330.124587231781334, 2441077.283436603844166 ], [ 2853328.178658395074308, 2441076.888614852447063 ], [ 2853324.386588534340262, 2441076.766321809496731 ], [ 2853318.88099208381027, 2441076.954338257201016 ], [ 2853314.035838607698679, 2441077.322789036668837 ], [ 2853309.68032085429877, 2441077.760655837599188 ], [ 2853305.529583850409836, 2441078.704070808365941 ], [ 2853300.175322097726166, 2441079.815148347988725 ], [ 2853294.837706364225596, 2441080.994370772503316 ], [ 2853290.460572607815266, 2441081.851733574643731 ], [ 2853286.639704007655382, 2441082.502612229902297 ], [ 2853283.691149067133665, 2441083.061443101149052 ], [ 2853279.990023034624755, 2441083.060371882282197 ], [ 2853276.669480440206826, 2441083.229419450741261 ], [ 2853272.67990107787773, 2441083.437698792200536 ], [ 2853268.720983011648059, 2441083.772578625008464 ], [ 2853264.842971335165203, 2441083.889763209037483 ], [ 2853261.160969030112028, 2441083.118014350533485 ], [ 2853258.185079836286604, 2441082.162899979390204 ], [ 2853254.828493308275938, 2441081.037586636375636 ], [ 2853251.638938675168902, 2441079.454969178885221 ], [ 2853248.76133352983743, 2441078.608841078355908 ], [ 2853246.435737723950297, 2441077.495165136177093 ], [ 2853242.001361642498523, 2441076.16347970161587 ], [ 2853236.598328883759677, 2441074.524601998738945 ], [ 2853232.583850485272706, 2441073.228662221226841 ], [ 2853229.292650011368096, 2441072.075975251384079 ], [ 2853226.370287965983152, 2441071.04490892123431 ], [ 2853221.994823311455548, 2441070.805033144541085 ], [ 2853218.454024080187082, 2441070.617449427954853 ], [ 2853216.238052650354803, 2441071.399913596455008 ], [ 2853214.496219329535961, 2441072.400607225485146 ], [ 2853211.073990834876895, 2441073.848135243635625 ], [ 2853209.541372518055141, 2441075.415305024012923 ], [ 2853207.425189517904073, 2441076.865119466092438 ], [ 2853203.630142516456544, 2441078.471486351918429 ], [ 2853202.010009199380875, 2441079.719981589354575 ], [ 2853198.548031139187515, 2441080.960594951175153 ], [ 2853194.275959990918636, 2441081.997621119953692 ], [ 2853188.911692710593343, 2441082.769891910254955 ], [ 2853185.148123471066356, 2441083.954139743000269 ], [ 2853180.546839972957969, 2441084.735217881854624 ], [ 2853176.287972468417138, 2441085.572280839085579 ], [ 2853170.897239750251174, 2441085.937556784600019 ], [ 2853165.180864172521979, 2441086.656237110495567 ], [ 2853160.156438674777746, 2441087.133427429944277 ], [ 2853155.405603293329477, 2441087.891334643121809 ], [ 2853148.836986070033163, 2441087.38284660410136 ], [ 2853142.522951952181756, 2441087.925835028290749 ], [ 2853138.333551274612546, 2441088.455048479605466 ], [ 2853135.224389426410198, 2441089.200456445571035 ], [ 2853133.100668713916093, 2441089.472634281497449 ], [ 2853130.409050891175866, 2441090.243945445399731 ], [ 2853127.302480238489807, 2441090.150611441582441 ], [ 2853123.664273849222809, 2441090.960997132584453 ], [ 2853120.892484183423221, 2441091.401400733739138 ], [ 2853115.539287035819143, 2441091.963934587314725 ], [ 2853111.341277460101992, 2441092.712716088630259 ], [ 2853109.191314827185124, 2441092.919124373234808 ], [ 2853107.530620844103396, 2441093.70228651445359 ], [ 2853104.67012984957546, 2441094.031232500914484 ], [ 2853101.029648633673787, 2441093.176287493668497 ], [ 2853097.683777249418199, 2441091.499834315851331 ], [ 2853093.207130721770227, 2441089.144397228956223 ], [ 2853087.936207014601678, 2441087.202140430919826 ], [ 2853083.554143613670021, 2441087.233044296968728 ], [ 2853078.974229162558913, 2441087.253211700823158 ], [ 2853073.625000692903996, 2441087.535191594157368 ], [ 2853068.955909610725939, 2441088.333928299602121 ], [ 2853066.237466841004789, 2441089.588353399187326 ], [ 2853063.510396526195109, 2441091.062246223911643 ], [ 2853059.201459960080683, 2441091.353541160002351 ], [ 2853054.405999763868749, 2441091.077852374874055 ], [ 2853051.583041220903397, 2441091.604053963907063 ], [ 2853048.440986074507236, 2441092.213105347007513 ], [ 2853044.886281275190413, 2441091.967057498637587 ], [ 2853041.334883301518857, 2441090.333565410226583 ], [ 2853037.46429088152945, 2441088.782941272947937 ], [ 2853035.827352854423225, 2441087.966481032781303 ], [ 2853032.79492270341143, 2441087.584784861188382 ], [ 2853030.055558789055794, 2441087.054531461559236 ], [ 2853027.000997692346573, 2441086.32678587269038 ], [ 2853024.287550205364823, 2441085.862159644253552 ], [ 2853022.022454135119915, 2441085.550313901156187 ], [ 2853019.570793418213725, 2441085.359214576426893 ], [ 2853017.881917221937329, 2441085.176955986768007 ], [ 2853015.137109264731407, 2441085.134530941490084 ], [ 2853012.491934282239527, 2441084.993641811423004 ], [ 2853009.379332965239882, 2441084.281039028894156 ], [ 2853005.631214050576091, 2441084.085185381583869 ], [ 2853000.737279403023422, 2441083.700551350135356 ], [ 2852995.086455285549164, 2441083.585009331349283 ], [ 2852988.889958974905312, 2441083.466400480829179 ], [ 2852984.957629150245339, 2441084.208276007790118 ], [ 2852981.9510349156335, 2441084.782163906376809 ], [ 2852978.952042082324624, 2441084.878101582638919 ], [ 2852974.451341541483998, 2441090.320397630799562 ], [ 2852972.769558723084629, 2441093.861277933232486 ], [ 2852972.880408791825175, 2441094.318884365260601 ], [ 2852970.115438306704164, 2441096.485536555759609 ], [ 2852968.467918140813708, 2441097.875680672936141 ], [ 2852967.139690187759697, 2441099.182938754092902 ], [ 2852965.055011794902384, 2441100.210739358328283 ], [ 2852962.816565800923854, 2441100.305757148656994 ], [ 2852959.641970341093838, 2441098.232971115969121 ], [ 2852956.870836748741567, 2441096.127846733666956 ], [ 2852954.444253152236342, 2441092.898576397448778 ], [ 2852951.53914063423872, 2441088.541602934710681 ], [ 2852949.531821677926928, 2441087.893709574826062 ], [ 2852946.917785681318492, 2441086.989396542310715 ], [ 2852943.216107063926756, 2441085.881341455969959 ], [ 2852939.412541539873928, 2441084.861891609150916 ], [ 2852935.589994881302118, 2441082.957414901815355 ], [ 2852930.441557195968926, 2441082.369939812459052 ], [ 2852926.100026518572122, 2441082.52482913993299 ], [ 2852922.676216862164438, 2441083.414026054553688 ], [ 2852920.281350298784673, 2441083.415220159571618 ], [ 2852917.986411551944911, 2441082.428058080375195 ], [ 2852915.994250255636871, 2441081.290044822730124 ], [ 2852915.459413778968155, 2441080.577836438082159 ], [ 2852914.173619490116835, 2441078.865601847879589 ], [ 2852914.12461912073195, 2441078.803200064226985 ], [ 2852912.196762572973967, 2441076.347297753207386 ], [ 2852910.464101478457451, 2441074.582916312851012 ], [ 2852905.764278589747846, 2441073.258133611641824 ], [ 2852900.958040679804981, 2441071.536673511844128 ], [ 2852896.868816478177905, 2441071.077707922551781 ], [ 2852893.72556050028652, 2441070.238511029630899 ], [ 2852889.683881746139377, 2441067.428728953469545 ], [ 2852886.07945907022804, 2441064.981272123754025 ], [ 2852882.791559180244803, 2441063.289805722422898 ], [ 2852879.852748539764434, 2441062.190476948395371 ], [ 2852875.502193746622652, 2441061.799373964779079 ], [ 2852869.871080046519637, 2441062.020168225280941 ], [ 2852865.070743822492659, 2441062.573690772522241 ], [ 2852859.692691739182919, 2441063.287497446406633 ], [ 2852854.860946492291987, 2441064.262925425544381 ], [ 2852851.551971815526485, 2441065.329273525625467 ], [ 2852849.277129869908094, 2441066.675414802506566 ], [ 2852846.334541114512831, 2441067.853558069560677 ], [ 2852844.73486309684813, 2441066.892834272701293 ], [ 2852842.198505414649844, 2441066.309924021363258 ], [ 2852838.715985098853707, 2441066.107282224111259 ], [ 2852835.143715281039476, 2441064.344693676568568 ], [ 2852830.798944104462862, 2441064.231444993056357 ], [ 2852826.51363836415112, 2441064.661535117775202 ], [ 2852822.711909249890596, 2441064.5416642986238 ], [ 2852820.432789326645434, 2441064.171271582134068 ], [ 2852818.921634564641863, 2441063.322141009848565 ], [ 2852817.262198350392282, 2441061.818133471999317 ], [ 2852815.050774364732206, 2441059.774636273272336 ], [ 2852812.236631793435663, 2441057.194360821507871 ], [ 2852809.610125369857997, 2441054.286041794344783 ], [ 2852807.130795462056994, 2441052.239699339494109 ], [ 2852804.980677478946745, 2441050.449303770903498 ], [ 2852801.890276364982128, 2441048.427172671072185 ], [ 2852798.114930494688451, 2441046.717368513345718 ], [ 2852793.68068703263998, 2441045.385697583202273 ], [ 2852789.711014000698924, 2441044.274824505671859 ], [ 2852785.356031658127904, 2441043.822799438610673 ], [ 2852781.05265965918079, 2441043.626267911400646 ], [ 2852777.974262025207281, 2441044.498176316730678 ], [ 2852775.115113980136812, 2441046.275473346933722 ], [ 2852772.400385480374098, 2441045.252557112835348 ], [ 2852769.340630476363003, 2441043.35692895622924 ], [ 2852767.762214928865433, 2441041.635307697579265 ], [ 2852766.317292380146682, 2441040.210280461236835 ], [ 2852764.053834515623748, 2441038.801004422828555 ], [ 2852761.423275893554091, 2441037.828636028338224 ], [ 2852758.975738157518208, 2441037.35726775508374 ], [ 2852756.136722184251994, 2441036.925293850712478 ], [ 2852752.679643833078444, 2441035.68126271199435 ], [ 2852748.600743803195655, 2441034.671231034677476 ], [ 2852745.17702663037926, 2441035.560320721939206 ], [ 2852743.776649948209524, 2441036.824287482537329 ], [ 2852741.607794298790395, 2441037.801449145190418 ], [ 2852738.162200482562184, 2441039.110285098664463 ], [ 2852734.811145771294832, 2441039.152841879520565 ], [ 2852731.240011669229716, 2441038.838631785474718 ], [ 2852728.092767779249698, 2441038.279803476296365 ], [ 2852723.842192865908146, 2441038.555925142485648 ], [ 2852721.54003366548568, 2441038.388224624563009 ], [ 2852717.534877452533692, 2441037.979737504385412 ], [ 2852714.392842338420451, 2441038.588805284816772 ], [ 2852711.377333359792829, 2441038.616692210547626 ], [ 2852708.528584185987711, 2441039.8427993953228 ], [ 2852705.381080048158765, 2441040.17406115308404 ], [ 2852701.423035581596196, 2441039.960355122573674 ], [ 2852696.607569333165884, 2441039.007062772288918 ], [ 2852692.313109922222793, 2441037.701079588383436 ], [ 2852688.068195202387869, 2441036.599601389374584 ], [ 2852684.956523271743208, 2441035.338277337606996 ], [ 2852681.854886718094349, 2441034.415867689065635 ], [ 2852679.51193514559418, 2441033.782672652974725 ], [ 2852677.48429364990443, 2441033.347048814874142 ], [ 2852674.481753949075937, 2441031.984904524870217 ], [ 2852669.573117393534631, 2441032.090542843099684 ], [ 2852666.002719748299569, 2441031.227733362466097 ], [ 2852661.271049804985523, 2441031.214999154210091 ], [ 2852656.757401708513498, 2441030.65929928701371 ], [ 2852652.366184819489717, 2441029.802796617615968 ], [ 2852647.972615830600262, 2441028.93645297549665 ], [ 2852643.953367924317718, 2441028.469631686806679 ], [ 2852641.035413522273302, 2441029.155109837185591 ], [ 2852637.599927090574056, 2441030.802649894729257 ], [ 2852634.165483408607543, 2441031.901631709188223 ], [ 2852628.963394857943058, 2441033.045741714537144 ], [ 2852626.423350323922932, 2441034.740193293429911 ], [ 2852622.889582541771233, 2441036.278749404009432 ], [ 2852618.074309181421995, 2441037.32237538555637 ], [ 2852613.538678990676999, 2441039.266088406089693 ], [ 2852610.835051736794412, 2441041.685954589396715 ], [ 2852608.34370676567778, 2441044.133433853276074 ], [ 2852604.144615295343101, 2441046.320761071052402 ], [ 2852601.537611066363752, 2441049.139714830555022 ], [ 2852599.671351734083146, 2441051.621436975896358 ], [ 2852596.003020043484867, 2441054.302209553308785 ], [ 2852592.894177309237421, 2441057.044537833891809 ], [ 2852590.996542615350336, 2441059.948362248018384 ], [ 2852589.407852001022547, 2441062.430339893791825 ], [ 2852587.313456457108259, 2441065.116231118794531 ], [ 2852585.154573570936918, 2441068.087801360525191 ], [ 2852583.162539328448474, 2441070.602200764697045 ], [ 2852579.044372518546879, 2441072.571932103019208 ], [ 2852575.364706285297871, 2441076.352438905276358 ], [ 2852574.765607491135597, 2441080.92637643031776 ], [ 2852573.99989441037178, 2441084.301762273535132 ], [ 2852568.049828233197331, 2441086.602464077062905 ], [ 2852562.749466899782419, 2441087.637594513595104 ], [ 2852558.628599094226956, 2441087.600806858856231 ], [ 2852556.651207172777504, 2441087.628030517138541 ], [ 2852534.551984499208629, 2441090.056533697992563 ], [ 2852532.523405032232404, 2441090.169454777147621 ], [ 2852530.427106134127825, 2441090.300009096972644 ], [ 2852528.305943214800209, 2441090.581913514994085 ], [ 2852525.951759041287005, 2441091.048439048696309 ], [ 2852523.426264467649162, 2441090.255736080929637 ], [ 2852521.679363432340324, 2441090.088633174076676 ], [ 2852519.061268942896277, 2441089.464814926031977 ], [ 2852515.342241515871137, 2441088.837244390510023 ], [ 2852511.990069786086679, 2441087.431440894491971 ], [ 2852508.758588535711169, 2441086.822193071711808 ], [ 2852508.121436901390553, 2441088.436287511605769 ], [ 2852506.372403844725341, 2441089.44931364338845 ], [ 2852502.592116235755384, 2441090.224212930072099 ], [ 2852497.274536795448512, 2441090.084201780147851 ], [ 2852492.500500700436532, 2441089.047736859880388 ], [ 2852489.284820568282157, 2441089.055156582500786 ], [ 2852487.194124641362578, 2441089.463698087260127 ], [ 2852485.050191910006106, 2441091.945087907835841 ], [ 2852483.383074387907982, 2441092.998802282847464 ], [ 2852479.602707265876234, 2441093.773819590453058 ], [ 2852475.106625309679657, 2441094.73448680061847 ], [ 2852471.422300999052823, 2441094.801588818430901 ], [ 2852468.165371917188168, 2441095.233638457022607 ], [ 2852464.704163853079081, 2441095.925588728860021 ], [ 2852461.498603017069399, 2441096.271807289682329 ], [ 2852458.132527201902121, 2441096.804579892661422 ], [ 2852455.108560691587627, 2441096.203480086289346 ], [ 2852452.260809098370373, 2441095.225371435750276 ], [ 2852449.081430067308247, 2441093.981692178640515 ], [ 2852445.644995147828013, 2441092.525363410823047 ], [ 2852441.717344507575035, 2441090.441379013005644 ], [ 2852436.896933358162642, 2441088.66153548238799 ], [ 2852430.511898158118129, 2441087.764095221180469 ], [ 2852424.488713746890426, 2441086.917537628673017 ], [ 2852419.290780730545521, 2441086.125599996652454 ], [ 2852415.118735994212329, 2441086.174518429674208 ], [ 2852411.271564809139818, 2441086.418435362167656 ], [ 2852406.445600457489491, 2441086.016178151592612 ], [ 2852402.182502736337483, 2441085.943798953667283 ], [ 2852399.114265205804259, 2441087.154621257912368 ], [ 2852397.720506257377565, 2441090.144772961270064 ], [ 2852396.38258296251297, 2441093.110219014808536 ], [ 2852393.951767181046307, 2441094.703741436824203 ], [ 2852390.303596800658852, 2441095.175352848134935 ], [ 2852386.463806097395718, 2441093.751351512037218 ], [ 2852383.085028486326337, 2441090.283007942605764 ], [ 2852382.850483050569892, 2441089.880787805188447 ], [ 2852380.501361110247672, 2441085.852953972294927 ], [ 2852379.406250840052962, 2441081.58458372252062 ], [ 2852380.016137724742293, 2441078.456427589990199 ], [ 2852381.30132979247719, 2441076.674000757746398 ], [ 2852382.211403830908239, 2441074.233732387889177 ], [ 2852381.985435340087861, 2441071.602087261620909 ], [ 2852381.497521238401532, 2441069.586988949682564 ], [ 2852381.060371514409781, 2441069.292291949037462 ], [ 2852380.023516637738794, 2441068.593519671354443 ], [ 2852377.628675073385239, 2441068.594734298065305 ], [ 2852374.668354420457035, 2441068.256481765769422 ], [ 2852371.156792629510164, 2441068.485512957908213 ], [ 2852367.909646278247237, 2441068.915058919694275 ], [ 2852365.263674961868674, 2441069.322817904874682 ], [ 2852362.792310265824199, 2441070.451105785090476 ], [ 2852361.046433482319117, 2441071.732298111077398 ], [ 2852359.205637669190764, 2441073.172731310594827 ], [ 2852357.06897002691403, 2441074.83486871002242 ], [ 2852355.370367214549333, 2441076.310607558581978 ], [ 2852353.351778789423406, 2441078.418035861104727 ], [ 2852351.811055943369865, 2441080.546276141889393 ], [ 2852350.248282299377024, 2441082.328350672498345 ], [ 2852348.053542129695415, 2441084.005433514714241 ], [ 2852346.996487606316805, 2441085.583691450301558 ], [ 2852345.637635692954063, 2441086.764460370875895 ], [ 2852344.019141641911119, 2441088.57132147392258 ], [ 2852341.866025831084698, 2441090.165279262699187 ], [ 2852338.962982258759439, 2441092.016174864955246 ], [ 2852336.726360614411533, 2441094.666471923235804 ], [ 2852335.503886295948178, 2441097.260381715372205 ], [ 2852331.557900295592844, 2441099.940833841450512 ], [ 2852327.806819790508598, 2441103.129357100930065 ], [ 2852325.501749916933477, 2441106.345890920609236 ], [ 2852323.462539590895176, 2441108.665634609293193 ], [ 2852320.761369778309017, 2441111.095236879773438 ], [ 2852318.35855278512463, 2441113.654219767078757 ], [ 2852317.369235830381513, 2441115.214943492785096 ], [ 2852315.530860900878906, 2441116.665003812406212 ], [ 2852313.800043827854097, 2441117.456094617489725 ], [ 2852311.176209225319326, 2441118.209904805757105 ], [ 2852308.284845202229917, 2441119.30237518902868 ], [ 2852305.473670881707221, 2441120.725850929971784 ], [ 2852299.889602439943701, 2441121.141295465175062 ], [ 2852296.517805167473853, 2441123.051794914063066 ], [ 2852295.760924162343144, 2441125.317842347547412 ], [ 2852293.848320311401039, 2441127.056288666557521 ], [ 2852290.779361651744694, 2441128.815718941856176 ], [ 2852288.207754435949028, 2441130.932222653646022 ], [ 2852285.605698623228818, 2441132.922189545817673 ], [ 2852283.001192670315504, 2441134.902333274483681 ], [ 2852280.703385275322944, 2441137.299612403381616 ], [ 2852278.067309317179024, 2441139.701894381083548 ], [ 2852275.580068107694387, 2441141.868909238371998 ], [ 2852272.949839794076979, 2441142.893553581088781 ], [ 2852269.192972193472087, 2441143.807182686403394 ], [ 2852264.681127246469259, 2441144.151296600699425 ], [ 2852260.951253538951278, 2441143.733447723090649 ], [ 2852256.937250003218651, 2441144.434545286465436 ], [ 2852253.126224667299539, 2441145.082877359353006 ], [ 2852248.785792005248368, 2441146.686201927717775 ], [ 2852246.250581916421652, 2441147.551588342059404 ], [ 2852243.637730690650642, 2441148.095774964429438 ], [ 2852240.484963185619563, 2441148.914554361253977 ], [ 2852236.114518804475665, 2441149.842793891206384 ], [ 2852231.635009622201324, 2441150.871639859862626 ], [ 2852228.471557227894664, 2441152.241666348651052 ], [ 2852224.712276086676866, 2441153.145672106649727 ], [ 2852219.307550528086722, 2441153.452689062338322 ], [ 2852215.097605676390231, 2441154.194276881404221 ], [ 2852212.985748210921884, 2441155.363609861582518 ], [ 2852209.953658417332917, 2441156.978846752084792 ], [ 2852203.815881986171007, 2441157.952173825353384 ], [ 2852198.443751684390008, 2441159.285345148295164 ], [ 2852197.328664042521268, 2441160.878748084418476 ], [ 2852195.337483202107251, 2441162.844537628348917 ], [ 2852192.682640330400318, 2441164.36185948876664 ], [ 2852190.467401920352131, 2441166.251342663075775 ], [ 2852189.077068955637515, 2441167.854136149398983 ], [ 2852186.699906371533871, 2441169.371792420744896 ], [ 2852183.990273784846067, 2441171.172401695512235 ], [ 2852180.002747712656856, 2441172.28049935027957 ], [ 2852175.119789606891572, 2441173.341692531947047 ], [ 2852168.991015563253313, 2441173.205547452904284 ], [ 2852164.736415174789727, 2441173.762182129081339 ], [ 2852159.601438291370869, 2441173.781809823121876 ], [ 2852157.804074745625257, 2441173.151712086051702 ], [ 2852153.0970752350986, 2441172.646340432576835 ], [ 2852147.313945868052542, 2441172.834222108591348 ], [ 2852142.279588976874948, 2441172.972577737644315 ], [ 2852138.668109685182571, 2441174.189879136625677 ], [ 2852133.015694142319262, 2441173.516184412874281 ], [ 2852126.709863979835063, 2441173.498436004389077 ], [ 2852120.086990931071341, 2441174.463176130782813 ], [ 2852115.176758304238319, 2441175.666098050773144 ], [ 2852110.947903976775706, 2441177.178334535565227 ], [ 2852106.478444830048829, 2441178.546103035565466 ], [ 2852102.050963582471013, 2441178.940639954060316 ], [ 2852099.309911712538451, 2441179.50778543157503 ], [ 2852097.377573497593403, 2441182.565500133670866 ], [ 2852097.90685639437288, 2441186.152995320502669 ], [ 2852099.864349528215826, 2441189.208140971139073 ], [ 2852100.220214173197746, 2441189.763528236187994 ], [ 2852103.086417235434055, 2441192.257400464266539 ], [ 2852104.163264237344265, 2441193.680075629148632 ], [ 2852104.702590062282979, 2441194.393790368922055 ], [ 2852102.518019244074821, 2441196.409875932149589 ], [ 2852097.567449281457812, 2441197.488690480589867 ], [ 2852093.070711826439947, 2441198.998184084892273 ], [ 2852090.974728819914162, 2441201.12564609805122 ], [ 2852089.328773737885058, 2441203.074273554608226 ], [ 2852086.600357319228351, 2441203.989824720658362 ], [ 2852080.698284618090838, 2441205.936630177311599 ], [ 2852078.085596729069948, 2441210.133322258014232 ], [ 2852076.554184038657695, 2441213.148987068329006 ], [ 2852072.414308554492891, 2441213.88269286416471 ], [ 2852065.88906073756516, 2441213.849536376073956 ], [ 2852061.12776982691139, 2441216.814124109689146 ], [ 2852057.698099199682474, 2441217.084173015784472 ], [ 2852053.054682507179677, 2441215.185983343049884 ], [ 2852047.610254432540387, 2441213.630414097569883 ], [ 2852040.856402962934226, 2441213.459945131093264 ], [ 2852032.941561935935169, 2441214.480985637754202 ], [ 2852026.87643206724897, 2441214.607598065398633 ], [ 2852022.073893446475267, 2441215.306858441792428 ], [ 2852021.981151072774082, 2441215.320343425497413 ], [ 2852023.190006322227418, 2441216.661894288379699 ], [ 2852025.407171304803342, 2441217.327841947320849 ], [ 2852028.090458949096501, 2441218.772631018888205 ], [ 2852032.106476917397231, 2441220.626937865279615 ], [ 2852035.896699166391045, 2441221.846414160914719 ], [ 2852038.474788150750101, 2441222.945875524543226 ], [ 2852038.716659144964069, 2441223.049016384407878 ], [ 2852040.233712389133871, 2441226.173105994705111 ], [ 2852041.662504540756345, 2441229.52702720509842 ], [ 2852039.755531260743737, 2441229.887681643478572 ], [ 2852036.297865314409137, 2441229.192274109926075 ], [ 2852032.219649439677596, 2441227.633702920749784 ], [ 2852028.902970544528216, 2441225.525444746017456 ], [ 2852025.316165628377348, 2441224.59449061891064 ], [ 2852021.190111052244902, 2441223.389743619132787 ], [ 2852016.970676964148879, 2441221.246915726922452 ], [ 2852013.24249064642936, 2441219.731937950477004 ], [ 2852009.734240995720029, 2441220.229330054018646 ], [ 2852007.799873919226229, 2441220.731629034969956 ], [ 2852004.265784129500389, 2441220.273441251832992 ], [ 2852002.403387614525855, 2441218.822222299408168 ], [ 2852002.329495199024677, 2441218.469716222025454 ], [ 2852001.539176418911666, 2441214.70071928575635 ], [ 2852001.60089704580605, 2441212.408224578946829 ], [ 2852002.179310121573508, 2441209.702284356113523 ], [ 2852001.896927481517196, 2441205.988443462178111 ], [ 2852002.291750309988856, 2441201.67460214626044 ], [ 2852002.786250835284591, 2441198.028027334716171 ], [ 2852000.851746144704521, 2441194.87792686233297 ], [ 2852000.754612091463059, 2441194.88265744317323 ], [ 2851996.584706173278391, 2441195.086032743100077 ], [ 2851990.985751545988023, 2441195.991785816848278 ], [ 2851984.733174829743803, 2441196.78798780683428 ], [ 2851978.113605273887515, 2441198.021084065549076 ], [ 2851971.169860858470201, 2441198.510384844616055 ], [ 2851965.539878314360976, 2441200.179548347834498 ], [ 2851961.179335732478648, 2441201.105279314797372 ], [ 2851956.981886461377144, 2441202.195522257126868 ], [ 2851954.29443177441135, 2441202.686503926292062 ], [ 2851951.190367258153856, 2441202.602951661683619 ], [ 2851948.564121374860406, 2441203.347051711753011 ], [ 2851946.741450577042997, 2441203.758434514980763 ], [ 2851944.932051048614085, 2441204.776776912156492 ], [ 2851943.954376762732863, 2441207.23466645181179 ], [ 2851943.187390433158726, 2441209.161920097656548 ], [ 2851942.362076605670154, 2441211.99420760711655 ], [ 2851940.507076245266944, 2441213.376134115736932 ], [ 2851938.5062046200037, 2441217.000107741449028 ], [ 2851936.62019051425159, 2441219.145541301928461 ], [ 2851933.970951962284744, 2441220.940760310273618 ], [ 2851931.775446773506701, 2441223.166674887295812 ], [ 2851929.883390218950808, 2441224.692834910005331 ], [ 2851926.797799791675061, 2441226.384039183612913 ], [ 2851925.268046981655061, 2441228.302465393207967 ], [ 2851923.005616875365376, 2441229.997195881791413 ], [ 2851921.00892149657011, 2441233.340675562154502 ], [ 2851919.441638761200011, 2441235.061849613673985 ], [ 2851916.900037345476449, 2441236.197982571553439 ], [ 2851914.323356071021408, 2441237.146686573978513 ], [ 2851911.443220485001802, 2441237.139262272510678 ], [ 2851908.860953237861395, 2441237.810079590883106 ], [ 2851906.900435583665967, 2441239.902378239203244 ], [ 2851904.147190612740815, 2441242.966333046555519 ], [ 2851901.184100972022861, 2441246.012401876039803 ], [ 2851897.436321904882789, 2441249.469093324616551 ], [ 2851893.405295601580292, 2441252.647663865704089 ], [ 2851889.5285091875121, 2441255.868988191243261 ], [ 2851887.140722435899079, 2441259.593371936120093 ], [ 2851885.64079238474369, 2441262.186920647509396 ], [ 2851882.828808933496475, 2441264.158936337567866 ], [ 2851881.421943040564656, 2441265.693574078381062 ], [ 2851879.620216815732419, 2441267.889636107720435 ], [ 2851875.851149013265967, 2441270.451757753267884 ], [ 2851873.067148821428418, 2441273.38913250528276 ], [ 2851871.217388813383877, 2441275.939054267480969 ], [ 2851868.97326767584309, 2441277.411828171927482 ], [ 2851864.280465723015368, 2441279.810291827656329 ], [ 2851862.33008842356503, 2441282.241487755440176 ], [ 2851861.114168643485755, 2441284.564752575941384 ], [ 2851859.508306107483804, 2441285.871699209325016 ], [ 2851855.608329188078642, 2441287.298488817643374 ], [ 2851850.830577125307173, 2441288.539441017899662 ], [ 2851845.955286633223295, 2441292.433963533025235 ], [ 2851842.579858114942908, 2441296.621837710030377 ], [ 2851839.69433768838644, 2441299.989225383847952 ], [ 2851835.585564287379384, 2441302.846519423648715 ], [ 2851832.250967150554061, 2441304.612790978513658 ], [ 2851831.133062381763011, 2441307.935029579792172 ], [ 2851831.594539247453213, 2441311.540174355730414 ], [ 2851831.974477903917432, 2441315.10446166805923 ], [ 2851832.999820808880031, 2441318.490723665803671 ], [ 2851833.873840198852122, 2441320.954029767308384 ], [ 2851833.101217805873603, 2441324.258886562194675 ], [ 2851832.790005725808442, 2441327.516371589154005 ], [ 2851831.160329810343683, 2441330.423058432992548 ], [ 2851829.147727521602064, 2441333.149794289842248 ], [ 2851827.883891751524061, 2441335.827000104356557 ], [ 2851826.028534043114632, 2441338.098937653005123 ], [ 2851821.926176090724766, 2441340.685498594772071 ], [ 2851820.183679522946477, 2441342.234831369481981 ], [ 2851817.732781407423317, 2441343.150860820896924 ], [ 2851815.229086902923882, 2441343.594242081977427 ], [ 2851811.709108954295516, 2441343.194403075613081 ], [ 2851807.306315507274121, 2441341.440697742626071 ], [ 2851801.998091559391469, 2441339.301376506686211 ], [ 2851795.980128285475075, 2441337.9671032698825 ], [ 2851792.043524810113013, 2441336.992633536923677 ], [ 2851788.816245232243091, 2441336.102828175295144 ], [ 2851786.757053988985717, 2441336.089271626900882 ], [ 2851784.85980438767001, 2441336.447639815509319 ], [ 2851782.579846943262964, 2441334.970335415564477 ], [ 2851779.61881977180019, 2441335.180613696575165 ], [ 2851776.948668903671205, 2441335.191260161809623 ], [ 2851773.245905756019056, 2441332.634803264867514 ], [ 2851769.949721458368003, 2441328.65879128780216 ], [ 2851769.878635666333139, 2441328.508393932133913 ], [ 2851768.411781535483897, 2441325.405600001569837 ], [ 2851767.191640227567405, 2441323.508199435658753 ], [ 2851766.306872338987887, 2441321.254682101309299 ], [ 2851764.727686455473304, 2441318.426120143383741 ], [ 2851762.931787169538438, 2441315.509019714314491 ], [ 2851762.794151794631034, 2441315.446024290751666 ], [ 2851759.382799403741956, 2441313.885342828929424 ], [ 2851756.182091427966952, 2441313.402516486123204 ], [ 2851753.030425225850195, 2441315.669806820806116 ], [ 2851750.030587011948228, 2441316.314440239220858 ], [ 2851748.43115766113624, 2441317.350754245650023 ], [ 2851743.991158861666918, 2441317.396793409250677 ], [ 2851736.09657662641257, 2441316.20858115144074 ], [ 2851729.350472333841026, 2441316.367315638344735 ], [ 2851724.26937083946541, 2441318.307915861252695 ], [ 2851718.043787104077637, 2441318.621211112011224 ], [ 2851711.307484270539135, 2441317.121752912178636 ], [ 2851705.060270354151726, 2441314.543388149235398 ], [ 2851698.48589389398694, 2441313.415757095441222 ], [ 2851693.395385283045471, 2441314.468861083034426 ], [ 2851690.509287967346609, 2441316.729252767749131 ], [ 2851687.356497821863741, 2441317.548273922875524 ], [ 2851683.981812285259366, 2441321.187552927061915 ], [ 2851682.440593860112131, 2441325.86122330557555 ], [ 2851680.757670665625483, 2441327.953878494445235 ], [ 2851677.311355082318187, 2441326.158757692202926 ], [ 2851673.06642146082595, 2441325.05736433994025 ], [ 2851671.35093813482672, 2441324.468280835077167 ], [ 2851670.941131423227489, 2441323.798001235350966 ], [ 2851670.329877213574946, 2441322.798456681892276 ], [ 2851669.936257788911462, 2441322.149512780830264 ], [ 2851669.35082124825567, 2441321.132304718252271 ], [ 2851668.027964144479483, 2441319.064994864165783 ], [ 2851665.662599286064506, 2441316.08879635296762 ], [ 2851663.957738850265741, 2441313.292897884733975 ], [ 2851662.344716247636825, 2441310.876519225537777 ], [ 2851660.959979344625026, 2441307.44920642953366 ], [ 2851659.792119081597775, 2441304.027500811032951 ], [ 2851658.31548822298646, 2441301.027412837836891 ], [ 2851655.564143635332584, 2441297.60308476863429 ], [ 2851651.918217140249908, 2441293.58333738008514 ], [ 2851649.390515311155468, 2441290.195414760615677 ], [ 2851649.376717086881399, 2441290.176894989330322 ], [ 2851648.515765730291605, 2441286.32364099426195 ], [ 2851649.216230572666973, 2441282.97548895701766 ], [ 2851651.506037747487426, 2441281.139105652458966 ], [ 2851654.166870893910527, 2441280.240937219932675 ], [ 2851657.506316188722849, 2441279.301146264187992 ], [ 2851658.567418766207993, 2441277.442401489708573 ], [ 2851658.072747996076941, 2441273.700953456107527 ], [ 2851657.33237586542964, 2441270.642951846122742 ], [ 2851657.271365069784224, 2441270.391018280293792 ], [ 2851656.383233913686126, 2441267.869278321042657 ], [ 2851654.090907237492502, 2441266.043323001824319 ], [ 2851651.57627495424822, 2441266.696534381248057 ], [ 2851647.814479724504054, 2441268.439412829931825 ], [ 2851645.580071771517396, 2441268.254017932340503 ], [ 2851643.295203596353531, 2441267.605717761442065 ], [ 2851640.504200990311801, 2441266.820050382055342 ], [ 2851638.086198797915131, 2441265.026756246574223 ], [ 2851636.898639965802431, 2441261.268727526068687 ], [ 2851634.318197476677597, 2441257.10665297228843 ], [ 2851632.404320202767849, 2441253.744250242598355 ], [ 2851631.50005657132715, 2441250.521783766336739 ], [ 2851631.43005270883441, 2441250.272215198725462 ], [ 2851630.995677106082439, 2441246.525483929552138 ], [ 2851631.217999774031341, 2441244.0464161420241 ], [ 2851632.163367194589227, 2441242.559263445436954 ], [ 2851634.369677406270057, 2441241.779218969400972 ], [ 2851637.584271305706352, 2441240.32346685603261 ], [ 2851640.691477085463703, 2441239.86812585638836 ], [ 2851643.428956340067089, 2441237.843063432723284 ], [ 2851644.861239995807409, 2441235.267027466092259 ], [ 2851644.393157582730055, 2441231.932655716314912 ], [ 2851643.452417628839612, 2441228.047175595071167 ], [ 2851643.389054507948458, 2441227.785400839988142 ], [ 2851641.980986425187439, 2441224.219158086925745 ], [ 2851639.405667074024677, 2441221.224995879456401 ], [ 2851635.56816378235817, 2441219.81080090161413 ], [ 2851631.85572436125949, 2441218.912628860212862 ], [ 2851627.389930988196284, 2441216.347511055879295 ], [ 2851623.351241777651012, 2441211.80886746244505 ], [ 2851620.798354759346694, 2441207.778949148952961 ], [ 2851620.688888870645314, 2441207.60610778350383 ], [ 2851621.846902587451041, 2441203.642378494609147 ], [ 2851625.384341464843601, 2441199.826301871333271 ], [ 2851628.363960904069245, 2441196.848383467178792 ], [ 2851631.798455759882927, 2441192.096798864658922 ], [ 2851633.645341732539237, 2441187.540075332857668 ], [ 2851637.73841436393559, 2441184.066184238065034 ], [ 2851637.856228810735047, 2441184.324562635738403 ], [ 2851638.242769697681069, 2441185.172650231979787 ], [ 2851638.351996103301644, 2441185.071809777058661 ], [ 2851642.16664887079969, 2441182.14609104488045 ], [ 2851645.365304151549935, 2441178.076548043638468 ], [ 2851645.531028825324029, 2441174.515320111066103 ], [ 2851643.939394609071314, 2441171.338223594706506 ], [ 2851644.222014718689024, 2441168.853872395120561 ], [ 2851646.751092079095542, 2441165.713621287140995 ], [ 2851649.634973188862205, 2441163.44356617378071 ], [ 2851652.679364913143218, 2441162.176762723363936 ], [ 2851656.609345991164446, 2441161.425045866519213 ], [ 2851659.981793185696006, 2441160.621596499346197 ], [ 2851663.347893715370446, 2441160.088665737770498 ], [ 2851666.652525258250535, 2441159.302868804894388 ], [ 2851669.442245148122311, 2441154.987768954597414 ], [ 2851668.84099081531167, 2441153.35379711445421 ], [ 2851668.563601236790419, 2441153.349750534165651 ], [ 2851665.33355628233403, 2441153.302390373311937 ], [ 2851660.458834326826036, 2441153.80286708753556 ], [ 2851657.619936470873654, 2441151.715455024503171 ], [ 2851657.471499598119408, 2441151.28785001905635 ], [ 2851656.499390958808362, 2441148.488494280260056 ], [ 2851657.973872858099639, 2441146.936236220877618 ], [ 2851660.87840598449111, 2441142.798182421829551 ], [ 2851662.132125793024898, 2441139.782178021967411 ], [ 2851661.478139587212354, 2441139.345060571096838 ], [ 2851659.679305880330503, 2441138.142877919599414 ], [ 2851656.216249538585544, 2441136.279634358827025 ], [ 2851651.90455964114517, 2441136.30270914034918 ], [ 2851648.015375118236989, 2441137.519921215716749 ], [ 2851642.610167996026576, 2441140.372400810942054 ], [ 2851639.572644984349608, 2441141.709857575129718 ], [ 2851639.186352126300335, 2441140.927841934375465 ], [ 2851638.362997473217547, 2441139.26125101884827 ], [ 2851637.38946362119168, 2441135.24061464285478 ], [ 2851640.117051321081817, 2441131.221034669317305 ], [ 2851644.324925580527633, 2441127.924091707449406 ], [ 2851647.448515335097909, 2441124.691456795670092 ], [ 2851647.573077351786196, 2441121.554741598665714 ], [ 2851646.281001549214125, 2441119.614113634917885 ], [ 2851646.189728687983006, 2441119.571790635120124 ], [ 2851644.277804308570921, 2441118.68578633852303 ], [ 2851640.790912958793342, 2441118.422183372545987 ], [ 2851637.983074702788144, 2441118.458245523739606 ], [ 2851635.192337657790631, 2441119.669273710809648 ], [ 2851634.184041637461632, 2441122.000764646101743 ], [ 2851632.793727680109441, 2441123.603568894322962 ], [ 2851629.861116046551615, 2441126.776283868122846 ], [ 2851630.17738844268024, 2441130.077626110054553 ], [ 2851629.974490226712078, 2441133.783006193581969 ], [ 2851628.601435671560466, 2441134.905271274037659 ], [ 2851626.717558245174587, 2441135.870585546828806 ], [ 2851626.342569001950324, 2441135.07225180324167 ], [ 2851626.229734845459461, 2441134.832183030433953 ], [ 2851625.065030680969357, 2441135.414068995043635 ], [ 2851620.423627713695168, 2441137.726816567126662 ], [ 2851614.845597983337939, 2441138.761710789054632 ], [ 2851608.001790657639503, 2441139.918379583861679 ], [ 2851601.305655017495155, 2441142.278605367522687 ], [ 2851595.480570199899375, 2441145.095354673918337 ], [ 2851589.946443614549935, 2441147.71235506888479 ], [ 2851585.146119991317391, 2441148.265892203897238 ], [ 2851580.628514543175697, 2441146.335060580633581 ], [ 2851576.597718868404627, 2441144.971146875061095 ], [ 2851575.392989475280046, 2441141.693543676286936 ], [ 2851574.48368020914495, 2441138.172852260991931 ], [ 2851574.408689707051963, 2441137.882597417570651 ], [ 2851574.704516672063619, 2441136.00542076677084 ], [ 2851577.795069326646626, 2441133.484986858908087 ], [ 2851581.286541043315083, 2441130.922499352134764 ], [ 2851583.986932159401476, 2441129.041470643598586 ], [ 2851586.56586941331625, 2441128.102711480576545 ], [ 2851589.049014987424016, 2441127.871518586762249 ], [ 2851592.085237167775631, 2441125.975759206339717 ], [ 2851592.951324309688061, 2441123.608865239657462 ], [ 2851592.565318248700351, 2441121.511977994814515 ], [ 2851592.527759598568082, 2441121.307916093617678 ], [ 2851591.413258865475655, 2441118.700230336748064 ], [ 2851590.562434189487249, 2441115.692235491238534 ], [ 2851590.486190729308873, 2441115.422859897371382 ], [ 2851590.66773765347898, 2441112.478396933991462 ], [ 2851591.870302161201835, 2441109.548286341596395 ], [ 2851592.317684283480048, 2441105.706932435743511 ], [ 2851594.136109839193523, 2441101.923520575277507 ], [ 2851595.384199349675328, 2441100.285214444622397 ], [ 2851597.803720285184681, 2441099.791278359480202 ], [ 2851599.581637691706419, 2441099.195046531036496 ], [ 2851602.550029434263706, 2441097.316841116175056 ], [ 2851603.637705796398222, 2441095.865072946064174 ], [ 2851606.036603542976081, 2441095.583451606333256 ], [ 2851608.123869365081191, 2441096.562341213226318 ], [ 2851610.780233312398195, 2441098.490338347386569 ], [ 2851612.146569329313934, 2441100.142776811495423 ], [ 2851614.008666150271893, 2441102.483872940763831 ], [ 2851615.401902818586677, 2441106.540377260185778 ], [ 2851617.308062933385372, 2441105.072646042797714 ], [ 2851618.887352929450572, 2441103.358717199414968 ], [ 2851618.979961461387575, 2441103.565375918522477 ], [ 2851619.379708772525191, 2441104.458029806148261 ], [ 2851619.593645453453064, 2441104.195537287276238 ], [ 2851621.637876840308309, 2441104.699172106571496 ], [ 2851625.105023539625108, 2441106.282035740558058 ], [ 2851627.940766986925155, 2441108.101283689960837 ], [ 2851630.424876670353115, 2441109.318596986122429 ], [ 2851633.385074133984745, 2441109.656931344419718 ], [ 2851636.458492979872972, 2441109.614065777510405 ], [ 2851638.558830549940467, 2441109.203005835879594 ], [ 2851639.646507630124688, 2441107.751238172873855 ], [ 2851638.993982078507543, 2441107.188840038143098 ], [ 2851637.736913478467613, 2441106.1052704481408 ], [ 2851636.602554853539914, 2441104.816764997318387 ], [ 2851636.377003509551287, 2441104.458058432210237 ], [ 2851635.14844143204391, 2441102.504231506027281 ], [ 2851634.489230341278017, 2441100.885286825709045 ], [ 2851633.583748309873044, 2441098.844105897471309 ], [ 2851632.772732626181096, 2441097.192132961004972 ], [ 2851631.640858941711485, 2441095.064905104693025 ], [ 2851631.36065577249974, 2441094.836373545229435 ], [ 2851629.591491736471653, 2441093.393259705975652 ], [ 2851629.290998446755111, 2441092.873167331330478 ], [ 2851627.928033792879432, 2441090.514077622443438 ], [ 2851627.174634080380201, 2441088.505772465374321 ], [ 2851628.171319036278874, 2441085.277220464777201 ], [ 2851627.85115216858685, 2441082.256220263428986 ], [ 2851626.083370381034911, 2441078.648782139644027 ], [ 2851624.03209818340838, 2441074.421900670044124 ], [ 2851624.076228523626924, 2441070.612858102656901 ], [ 2851625.445622801315039, 2441067.2254767883569 ], [ 2851627.655716381501406, 2441064.168064163997769 ], [ 2851630.200134757906199, 2441062.534503359813243 ], [ 2851633.087381841614842, 2441061.72247938811779 ], [ 2851634.44621041836217, 2441060.541696489788592 ], [ 2851636.26961375027895, 2441057.584855581633747 ], [ 2851637.14562823344022, 2441055.556795302778482 ], [ 2851636.572920746169984, 2441054.92113690264523 ], [ 2851635.936764706857502, 2441054.21515474980697 ], [ 2851635.554229934234172, 2441053.674132995773107 ], [ 2851634.576955925673246, 2441052.292062991764396 ], [ 2851634.560526993591338, 2441047.681417364627123 ], [ 2851635.137827393598855, 2441041.871422447729856 ], [ 2851635.44967854488641, 2441036.068410190287977 ], [ 2851634.516618225723505, 2441030.516181188635528 ], [ 2851633.881703521125019, 2441027.638984294608235 ], [ 2851647.481294416822493, 2441017.277457254938781 ], [ 2851651.156465433072299, 2441016.322853924706578 ], [ 2851655.715174469631165, 2441016.173510957509279 ], [ 2851660.75684241624549, 2441015.215842396952212 ], [ 2851665.748982816934586, 2441014.053769377060235 ], [ 2851670.036526536568999, 2441013.63334391079843 ], [ 2851674.150102352723479, 2441014.489526051096618 ], [ 2851678.51132554654032, 2441014.670856880955398 ], [ 2851683.358774145133793, 2441014.312104985583574 ], [ 2851688.576367541216314, 2441013.784620484337211 ], [ 2851694.02305212430656, 2441012.504523817449808 ], [ 2851698.006548892706633, 2441011.676755530294031 ], [ 2851700.307998279109597, 2441010.737534045707434 ], [ 2851700.468003682792187, 2441008.55402444396168 ], [ 2851700.065182365011424, 2441006.040841287467629 ], [ 2851698.777800051495433, 2441003.27105369605124 ], [ 2851697.689027364365757, 2441001.6188650499098 ], [ 2851697.585896137636155, 2441001.565396340563893 ], [ 2851695.655282096471637, 2441000.564018230885267 ], [ 2851693.259675125591457, 2440999.458195083774626 ], [ 2851691.058340846560895, 2440999.409024630207568 ], [ 2851688.637985839974135, 2441000.451577756553888 ], [ 2851686.829026032239199, 2440998.9244335424155 ], [ 2851683.119861845858395, 2440996.638720146380365 ], [ 2851676.406747358851135, 2440996.933805024717003 ], [ 2851669.89865592867136, 2440998.075755671132356 ], [ 2851665.568495721090585, 2440995.475333861075342 ], [ 2851661.461999432183802, 2440990.954343753866851 ], [ 2851661.029790550470352, 2440990.357148431707174 ], [ 2851658.480586024001241, 2440986.834540857933462 ], [ 2851658.389561659656465, 2440986.73876978456974 ], [ 2851655.901295407675207, 2440984.12083898158744 ], [ 2851655.922661378979683, 2440983.995663064531982 ], [ 2851656.271341318264604, 2440981.955178738106042 ], [ 2851660.191275103483349, 2440979.209177984390408 ], [ 2851662.984207449480891, 2440978.007615222129971 ], [ 2851666.542603960260749, 2440975.976217191200703 ], [ 2851669.278084167279303, 2440975.131363669410348 ], [ 2851672.816052827052772, 2440975.309189432300627 ], [ 2851677.213719295337796, 2440975.894969608169049 ], [ 2851681.335575537756085, 2440977.380185520742089 ], [ 2851686.421860300935805, 2440978.263059877324849 ], [ 2851689.189788486342877, 2440980.099961631465703 ], [ 2851692.201471950858831, 2440982.349492017179728 ], [ 2851696.79847839102149, 2440983.504270159173757 ], [ 2851701.226807763800025, 2440984.216651242226362 ], [ 2851703.390005467459559, 2440985.795664943289012 ], [ 2851703.7987933116965, 2440986.094043015502393 ], [ 2851704.715915986336768, 2440989.032482777256519 ], [ 2851704.987888214178383, 2440990.832049894612283 ], [ 2851705.05744740460068, 2440991.292664896696806 ], [ 2851707.033234741538763, 2440992.362538379617035 ], [ 2851710.092546724248677, 2440992.261238540057093 ], [ 2851713.290919841267169, 2440992.73431801609695 ], [ 2851716.664595750626177, 2440993.37912412174046 ], [ 2851719.462730516213924, 2440995.001240067649633 ], [ 2851722.522532863542438, 2440996.896796185988933 ], [ 2851725.694856905378401, 2440998.642997077666223 ], [ 2851725.843171554617584, 2440998.724576681852341 ], [ 2851727.043107974343002, 2441000.669628678355366 ], [ 2851727.416759514249861, 2441001.275247661396861 ], [ 2851729.374259301926941, 2441002.567178886849433 ], [ 2851731.448345587123185, 2441003.746135084889829 ], [ 2851733.390141695737839, 2441004.42138293152675 ], [ 2851735.761896049138159, 2441002.625788171775639 ], [ 2851736.81769931782037, 2440999.599169952794909 ], [ 2851736.365334090776742, 2440996.881482895929366 ], [ 2851734.368709336500615, 2440994.026914743240923 ], [ 2851732.949221277609468, 2440991.560421849600971 ], [ 2851731.8757607457228, 2440988.528042768128216 ], [ 2851732.256770105101168, 2440986.152657950296998 ], [ 2851732.695281892083585, 2440983.42086024582386 ], [ 2851731.893995311111212, 2440980.110810035839677 ], [ 2851730.057687924709171, 2440977.069722749758512 ], [ 2851729.849293841049075, 2440976.902349113952368 ], [ 2851727.594830711372197, 2440975.091507630888373 ], [ 2851725.638871660456061, 2440972.702255385462195 ], [ 2851723.926896756514907, 2440970.725793197285384 ], [ 2851723.556907894089818, 2440970.206063937861472 ], [ 2851722.478256993927062, 2440968.691064450889826 ], [ 2851721.322235907427967, 2440966.166484819725156 ], [ 2851720.59381731133908, 2440964.006909672636539 ], [ 2851719.965318878181279, 2440960.858978459611535 ], [ 2851720.104490955360234, 2440956.890775678679347 ], [ 2851719.544962300453335, 2440955.173660734668374 ], [ 2851721.341482212301344, 2440951.809702394530177 ], [ 2851723.007876843679696, 2440949.648887509014457 ], [ 2851724.361612712033093, 2440947.300293888896704 ], [ 2851726.053438931703568, 2440944.098086261190474 ], [ 2851727.788494787178934, 2440941.371097912546247 ], [ 2851730.422694117762148, 2440940.066072057001293 ], [ 2851732.629017095081508, 2440939.286030531860888 ], [ 2851735.855987314134836, 2440938.178840321023017 ], [ 2851737.736419509164989, 2440935.755515711847693 ], [ 2851739.053796026855707, 2440933.002355993725359 ], [ 2851741.269036755897105, 2440931.112957452889532 ], [ 2851744.73425914440304, 2440930.140393034089357 ], [ 2851748.232593178749084, 2440929.304251205176115 ], [ 2851751.211916027590632, 2440928.87191300233826 ], [ 2851753.036822390276939, 2440928.470284821465611 ], [ 2851754.667767913080752, 2440927.012048711068928 ], [ 2851754.955158009193838, 2440925.354205967858434 ], [ 2851754.38759966660291, 2440924.804875134024769 ], [ 2851753.437972384504974, 2440923.885731006972492 ], [ 2851750.691024397499859, 2440922.177916906774044 ], [ 2851747.830772044602782, 2440920.851419404149055 ], [ 2851745.414279057644308, 2440919.616486613638699 ], [ 2851742.038277378305793, 2440918.154897215776145 ], [ 2851738.618218766059726, 2440916.766709025483578 ], [ 2851736.157948072068393, 2440913.949753826018423 ], [ 2851734.363913324195892, 2440911.932327153161168 ], [ 2851734.370887667872012, 2440911.831564269028604 ], [ 2851734.562037494964898, 2440909.056126084178686 ], [ 2851736.709122466854751, 2440905.18719250895083 ], [ 2851739.333452372346073, 2440901.887749047484249 ], [ 2851741.772734277881682, 2440900.074556621257216 ], [ 2851745.275893180631101, 2440898.409434841945767 ], [ 2851749.474067463539541, 2440896.770575056783855 ], [ 2851753.5676454231143, 2440895.293448014650494 ], [ 2851758.235304821282625, 2440893.046380490995944 ], [ 2851761.438297760207206, 2440890.693474540486932 ], [ 2851765.369011572096497, 2440889.39306237641722 ], [ 2851771.22538195643574, 2440887.809927811380476 ], [ 2851776.797841258347034, 2440886.497060471214354 ], [ 2851781.274002973921597, 2440886.855524544604123 ], [ 2851785.692661959677935, 2440887.570401736069471 ], [ 2851789.100885803345591, 2440888.061370023526251 ], [ 2851791.002967948559672, 2440886.874021411407739 ], [ 2851792.701635055243969, 2440885.398152289912105 ], [ 2851795.906411196570843, 2440885.600403009913862 ], [ 2851799.692655968479812, 2440887.100418644025922 ], [ 2851803.736731228418648, 2440889.920046235900372 ], [ 2851808.191523312591016, 2440891.03933012438938 ], [ 2851811.839689982123673, 2440890.56788218067959 ], [ 2851815.169124550186098, 2440889.289184830151498 ], [ 2851815.180495597422123, 2440886.53376948274672 ], [ 2851814.640959548763931, 2440886.013160152360797 ], [ 2851813.03440671460703, 2440884.463051974307746 ], [ 2851810.069813495501876, 2440882.40819687070325 ], [ 2851807.288901977241039, 2440881.9612225308083 ], [ 2851805.483287655748427, 2440880.702201498672366 ], [ 2851802.304755806922913, 2440878.909838685765862 ], [ 2851799.406581874005497, 2440878.275995071977377 ], [ 2851796.975908662658185, 2440876.982838577590883 ], [ 2851796.467182283755392, 2440876.284255125559866 ], [ 2851795.328273159451783, 2440874.720417681150138 ], [ 2851794.35933499224484, 2440872.416258624289185 ], [ 2851793.327405012212694, 2440869.300771880894899 ], [ 2851792.766646827571094, 2440866.135305230505764 ], [ 2851792.217513451352715, 2440863.866998146288097 ], [ 2851793.12478696834296, 2440861.075595614966005 ], [ 2851794.468834602739662, 2440858.729395887348801 ], [ 2851796.196915733627975, 2440855.931676067877561 ], [ 2851796.019831690005958, 2440852.39765634201467 ], [ 2851795.944976000115275, 2440848.691964325029403 ], [ 2851797.559057793579996, 2440845.168479362502694 ], [ 2851800.088265625759959, 2440842.028217202052474 ], [ 2851802.563930208794773, 2440840.619692108593881 ], [ 2851806.382058946415782, 2440839.151897771283984 ], [ 2851809.120800288394094, 2440838.575193849857897 ], [ 2851810.118168848566711, 2440836.453529831487685 ], [ 2851808.825983392540365, 2440834.512819468043745 ], [ 2851808.682907369919121, 2440834.3925392027013 ], [ 2851806.503014361485839, 2440832.560361372772604 ], [ 2851802.988666940014809, 2440830.782827656716108 ], [ 2851799.475328124593943, 2440828.456539338920265 ], [ 2851796.782017458695918, 2440826.672850066330284 ], [ 2851794.203404761850834, 2440825.066126606427133 ], [ 2851792.199623584747314, 2440823.030795271042734 ], [ 2851790.300439656712115, 2440820.833731608465314 ], [ 2851790.138485940173268, 2440820.555289866868407 ], [ 2851788.768463643267751, 2440818.199836317915469 ], [ 2851788.575044119730592, 2440818.079145696479827 ], [ 2851786.27413381356746, 2440816.643739830236882 ], [ 2851783.386619465425611, 2440813.803183447103947 ], [ 2851780.447495644912124, 2440810.707135384436697 ], [ 2851780.321840182412416, 2440810.427820228971541 ], [ 2851778.66737025976181, 2440806.751138290856034 ], [ 2851776.861811043694615, 2440803.836533795110881 ], [ 2851776.576246234122664, 2440803.530663833022118 ], [ 2851775.571214996743947, 2440802.454070382285863 ], [ 2851775.498579072766006, 2440802.238858377095312 ], [ 2851774.842703558504581, 2440800.294513585045934 ], [ 2851774.10423799417913, 2440797.795926708728075 ], [ 2851773.239238644950092, 2440794.223152230028063 ], [ 2851773.702534124720842, 2440789.34307953575626 ], [ 2851776.268970643170178, 2440784.403079672716558 ], [ 2851777.951093456707895, 2440782.85904850717634 ], [ 2851781.244864197447896, 2440782.282864319160581 ], [ 2851785.622070022858679, 2440781.425362093374133 ], [ 2851788.313603774178773, 2440780.653896171599627 ], [ 2851792.668224022723734, 2440779.108959742821753 ], [ 2851794.984173414763063, 2440777.338172239251435 ], [ 2851795.270078621804714, 2440775.122066281735897 ], [ 2851794.301777290180326, 2440772.269323954824358 ], [ 2851793.411140732467175, 2440767.740934780798852 ], [ 2851792.048201183788478, 2440761.81415678281337 ], [ 2851791.67636662023142, 2440756.881902029272169 ], [ 2851793.087406116072088, 2440755.066670787986368 ], [ 2851797.489040145650506, 2440753.716531590558589 ], [ 2851802.005699175409973, 2440752.543501695618033 ], [ 2851806.35871809348464, 2440750.440221542492509 ], [ 2851809.35011924803257, 2440748.35955244442448 ], [ 2851811.639031578786671, 2440747.071813359856606 ], [ 2851814.211288135033101, 2440746.062176485080272 ], [ 2851815.906167366076261, 2440746.863674509339035 ], [ 2851817.798383702524006, 2440748.990103580988944 ], [ 2851819.85869777482003, 2440750.451929583679885 ], [ 2851822.630422263871878, 2440750.011469022370875 ], [ 2851825.608525656163692, 2440748.130782721564174 ], [ 2851828.841466815210879, 2440747.642986258026212 ], [ 2851833.26819017669186, 2440747.796931408345699 ], [ 2851837.555757252965122, 2440747.376515760086477 ], [ 2851841.106024609878659, 2440745.906079262960702 ], [ 2851843.55117206228897, 2440742.715255175717175 ], [ 2851843.544359680265188, 2440740.98901772685349 ], [ 2851843.204344095662236, 2440739.287198658101261 ], [ 2851842.765289772301912, 2440736.369530433788896 ], [ 2851842.92940251622349, 2440733.905644888989627 ], [ 2851845.328930410556495, 2440731.078305806964636 ], [ 2851847.153201160952449, 2440729.569894729647785 ], [ 2851851.815378742292523, 2440727.044830470811576 ], [ 2851855.426669650711119, 2440723.830604084767401 ], [ 2851858.222661984153092, 2440719.24481710139662 ], [ 2851860.280791123397648, 2440716.154420552309602 ], [ 2851863.747666942421347, 2440715.740403858944774 ], [ 2851868.505008318461478, 2440716.708672961220145 ], [ 2851875.270294189453125, 2440715.779369334690273 ], [ 2851880.320806872099638, 2440713.712278914172202 ], [ 2851882.683955259621143, 2440712.136156828142703 ], [ 2851887.927333722822368, 2440712.564381957519799 ], [ 2851893.648754224181175, 2440713.013281000778079 ], [ 2851899.205001946073025, 2440710.7424704763107 ], [ 2851901.373151738196611, 2440708.658298439811915 ], [ 2851905.340879193041474, 2440707.213876579888165 ], [ 2851911.635909238830209, 2440705.785819225944579 ], [ 2851918.573592840693891, 2440703.021668031346053 ], [ 2851922.842932709492743, 2440699.977825054898858 ], [ 2851927.923281567171216, 2440698.585957483388484 ], [ 2851932.277821355964988, 2440697.041048130951822 ], [ 2851936.078521207906306, 2440694.056891585700214 ], [ 2851938.272925223689526, 2440690.382609649561346 ], [ 2851939.22330246027559, 2440686.410880209412426 ], [ 2851940.503401176072657, 2440683.460634611546993 ], [ 2851943.403385363519192, 2440682.148680333979428 ], [ 2851947.86941037978977, 2440680.512791305780411 ], [ 2851952.671037356369197, 2440677.672107039950788 ], [ 2851954.538309874944389, 2440674.641713719815016 ], [ 2851956.131251881830394, 2440673.876156422309577 ], [ 2851958.21236799377948, 2440670.583289874717593 ], [ 2851960.190136852674186, 2440665.164983946830034 ], [ 2851959.033844977617264, 2440660.643511481583118 ], [ 2851957.921539028175175, 2440655.200012394227087 ], [ 2851956.728889437392354, 2440650.273973768111318 ], [ 2851957.004390569403768, 2440648.60896162642166 ], [ 2851960.260921016335487, 2440646.180012300610542 ], [ 2851962.523279882967472, 2440644.485301792621613 ], [ 2851964.561679734382778, 2440642.714267951902002 ], [ 2851966.768021821510047, 2440641.934233949985355 ], [ 2851969.238046283833683, 2440643.093219209462404 ], [ 2851972.720078828278929, 2440645.84140147222206 ], [ 2851976.821351810824126, 2440649.194415954872966 ], [ 2851981.223680974915624, 2440651.83814997645095 ], [ 2851985.481687054038048, 2440654.395196735393256 ], [ 2851989.26301708444953, 2440656.724219289142638 ], [ 2851993.566036712378263, 2440657.810583905316889 ], [ 2851997.941408494487405, 2440658.05037161661312 ], [ 2852001.036298908293247, 2440657.246488743461668 ], [ 2852003.561411052942276, 2440656.042394101154059 ], [ 2852005.417921553365886, 2440655.21873378334567 ], [ 2852022.256828209385276, 2440637.600717841181904 ], [ 2852024.147308562882245, 2440635.516216584015638 ], [ 2852025.657507885247469, 2440633.261551085859537 ], [ 2852026.607799025252461, 2440630.94521021656692 ], [ 2852028.798053187318146, 2440627.551524121314287 ], [ 2852030.035324945114553, 2440626.123032002244145 ], [ 2852031.714216799475253, 2440624.310863323509693 ], [ 2852033.390515579842031, 2440622.147529794834554 ], [ 2852035.334407206624746, 2440619.986993812024593 ], [ 2852037.843118418008089, 2440617.059037296101451 ], [ 2852040.018445730209351, 2440614.155632954556495 ], [ 2852042.280891737900674, 2440612.460808448493481 ], [ 2852046.713314525317401, 2440611.237266881391406 ], [ 2852051.351586353965104, 2440610.311971358489245 ], [ 2852055.816141382791102, 2440609.77319484623149 ], [ 2852059.846695013344288, 2440609.140244520734996 ], [ 2852062.94162406027317, 2440608.33656184701249 ], [ 2852065.810958841815591, 2440606.898013619706035 ], [ 2852068.248529917560518, 2440605.375051897019148 ], [ 2852069.710693227127194, 2440603.474246262572706 ], [ 2852070.362795223481953, 2440601.369967493228614 ], [ 2852071.857938440516591, 2440599.605405048001558 ], [ 2852073.184371031820774, 2440595.742877982091159 ], [ 2852072.655104626901448, 2440592.15529070654884 ], [ 2852072.093530395068228, 2440589.538442892022431 ], [ 2852071.329259268008173, 2440586.084373188670725 ], [ 2852069.571628331206739, 2440582.815821934491396 ], [ 2852069.726664530113339, 2440579.464484442025423 ], [ 2852072.299312550574541, 2440578.796360462903976 ], [ 2852076.350478546693921, 2440577.950998194050044 ], [ 2852079.335686798207462, 2440578.138081525452435 ], [ 2852082.656162844970822, 2440577.968969360925257 ], [ 2852085.850175213534385, 2440576.725453927181661 ], [ 2852088.928641425445676, 2440575.853493819944561 ], [ 2852091.700173036195338, 2440575.412981646135449 ], [ 2852095.651490783318877, 2440573.900489807128906 ], [ 2852097.743506409227848, 2440572.053389003500342 ], [ 2852099.654538592789322, 2440569.7566924886778 ], [ 2852102.959285068325698, 2440568.970700763631612 ], [ 2852107.86390068102628, 2440569.145473533309996 ], [ 2852113.22882501129061, 2440567.82460630685091 ], [ 2852115.187703314237297, 2440566.829456580802798 ], [ 2852118.827372231520712, 2440566.577473864890635 ], [ 2852123.103740456979722, 2440567.256887971423566 ], [ 2852127.007952042389661, 2440565.549618802964687 ], [ 2852130.358766774646938, 2440561.854552896693349 ], [ 2852132.165467586368322, 2440558.829502146225423 ], [ 2852135.413187451194972, 2440555.854530921205878 ], [ 2852137.806184015702456, 2440554.953637145459652 ], [ 2852140.531892211176455, 2440556.443218124099076 ], [ 2852140.886448004283011, 2440556.637030873913318 ], [ 2852142.384786718990654, 2440560.873080569319427 ], [ 2852143.986238276585937, 2440565.244588488247246 ], [ 2852144.021925778593868, 2440565.342087752651423 ], [ 2852146.946044493932277, 2440568.928549214731902 ], [ 2852151.281011608429253, 2440570.699724472593516 ], [ 2852156.159084079787135, 2440570.467622993513942 ], [ 2852161.370055635459721, 2440568.214017401915044 ], [ 2852165.553518482949585, 2440565.409862242173404 ], [ 2852168.052400789223611, 2440564.140004078857601 ], [ 2852170.283379486761987, 2440562.867303287610412 ], [ 2852172.463185966946185, 2440561.680398093070835 ], [ 2852174.361023526638746, 2440558.776529516093433 ], [ 2852175.264034247025847, 2440556.26554617471993 ], [ 2852177.290928523987532, 2440553.597341419197619 ], [ 2852179.575497560203075, 2440550.593102037906647 ], [ 2852181.38794721942395, 2440546.190336419269443 ], [ 2852182.769657806493342, 2440541.961638578213751 ], [ 2852184.482912358362228, 2440537.998626070097089 ], [ 2852185.611860844772309, 2440534.466771776787937 ], [ 2852185.980159529484808, 2440529.745862588752061 ], [ 2852186.255743693560362, 2440523.538388382643461 ], [ 2852186.268528312444687, 2440518.495982280001044 ], [ 2852188.255385812371969, 2440514.813779979944229 ], [ 2852190.710202851332724, 2440509.964812769554555 ], [ 2852192.595305835828185, 2440504.715416876599193 ], [ 2852194.863175014033914, 2440499.646206923760474 ], [ 2852196.34592658188194, 2440495.877424953505397 ], [ 2852198.169296387583017, 2440492.920618765987456 ], [ 2852199.867511041462421, 2440489.447807560674846 ], [ 2852199.703702227212489, 2440486.52064816839993 ], [ 2852198.514715309720486, 2440483.859819039702415 ], [ 2852197.605265886988491, 2440482.099090654402971 ], [ 2852197.328229159116745, 2440479.553130166139454 ], [ 2852197.99493187200278, 2440476.617266066372395 ], [ 2852199.317381005734205, 2440473.035101317800581 ], [ 2852201.620149821043015, 2440469.808824368752539 ], [ 2852205.629921068903059, 2440467.391288765706122 ], [ 2852210.104642638936639, 2440467.191516333259642 ], [ 2852215.04065043758601, 2440466.944195322226733 ], [ 2852221.041906562633812, 2440464.557763271965086 ], [ 2852224.381151797249913, 2440461.621109475381672 ], [ 2852227.010650464799255, 2440459.489596728701144 ], [ 2852229.954056247137487, 2440457.762805219739676 ], [ 2852231.66770391818136, 2440455.796764994971454 ], [ 2852232.674946982879192, 2440452.017014746088535 ], [ 2852233.023460874799639, 2440446.959800699725747 ], [ 2852232.870936608873308, 2440442.933126115240157 ], [ 2852235.176224883645773, 2440439.716458258219063 ], [ 2852237.736150258220732, 2440436.702812774572521 ], [ 2852240.076834304258227, 2440432.78378319600597 ], [ 2852242.809446373023093, 2440431.587644538842142 ], [ 2852245.229882459156215, 2440430.545308639295399 ], [ 2852246.139948911964893, 2440428.104844882152975 ], [ 2852245.951098843477666, 2440425.329170185606927 ], [ 2852246.545989442616701, 2440422.691317606251687 ], [ 2852247.881821273826063, 2440419.716193284839392 ], [ 2852249.333970975130796, 2440415.821109660435468 ], [ 2852249.004548061639071, 2440411.912594151683152 ], [ 2852250.492907217238098, 2440408.421798971947283 ], [ 2852252.917210388462991, 2440403.44641482597217 ], [ 2852254.346960723400116, 2440398.863762146793306 ], [ 2852255.207137751858681, 2440394.222021894995123 ], [ 2852257.151831604540348, 2440389.516045900061727 ], [ 2852258.911190813872963, 2440384.299428997561336 ], [ 2852261.110489522572607, 2440379.796278146095574 ], [ 2852262.562724307179451, 2440375.901078406721354 ], [ 2852263.569242997094989, 2440371.014562357217073 ], [ 2852265.16090062726289, 2440366.803637761622667 ], [ 2852265.610322969034314, 2440363.862139331642538 ], [ 2852267.607408368960023, 2440360.518718828912824 ], [ 2852269.738919129129499, 2440357.688785903155804 ], [ 2852271.436481021344662, 2440353.108995033428073 ], [ 2852272.819046655204147, 2440348.331680643372238 ], [ 2852273.548731787130237, 2440344.551678259856999 ], [ 2852274.646202072501183, 2440341.441847131121904 ], [ 2852275.462122504133731, 2440338.612220467068255 ], [ 2852276.061934082768857, 2440335.145272876601666 ], [ 2852276.290529174730182, 2440332.395513476803899 ], [ 2852276.292861108668149, 2440329.559884520247579 ], [ 2852275.329608331434429, 2440325.878121920395643 ], [ 2852274.797549736686051, 2440325.189113442786038 ], [ 2852272.933618162758648, 2440322.775409053545445 ], [ 2852270.423661166336387, 2440320.602496679406613 ], [ 2852268.212350148707628, 2440318.558910073712468 ], [ 2852267.887453578412533, 2440318.041978899855167 ], [ 2852266.423249625600874, 2440315.712474648375064 ], [ 2852265.015126497950405, 2440312.146243561990559 ], [ 2852264.589928039349616, 2440307.290023752488196 ], [ 2852264.35647432692349, 2440303.480849178973585 ], [ 2852265.694649675861001, 2440300.515468449797481 ], [ 2852266.514440591912717, 2440297.405303375795484 ], [ 2852266.79035808192566, 2440294.850386114791036 ], [ 2852267.882078906986862, 2440293.118270559236407 ], [ 2852267.948755762539804, 2440289.996685288846493 ], [ 2852267.372417039237916, 2440286.214418097399175 ], [ 2852266.812527296133339, 2440282.500330873765051 ], [ 2852266.004516900517046, 2440277.464239458087832 ], [ 2852265.32701297942549, 2440273.221878001000732 ], [ 2852264.410871629137546, 2440269.734895438421518 ], [ 2852262.867392842657864, 2440266.203815286513418 ], [ 2852262.390289464499801, 2440265.630329579580575 ], [ 2852260.460537729784846, 2440263.310810092836618 ], [ 2852260.139214772731066, 2440262.857508447021246 ], [ 2852258.478122036438435, 2440260.514551786705852 ], [ 2852257.233970263507217, 2440258.219877975992858 ], [ 2852256.239906656555831, 2440256.067217504605651 ], [ 2852254.325211014598608, 2440253.253325905185193 ], [ 2852253.87806129315868, 2440252.673623256385326 ], [ 2852252.017940918449312, 2440250.262170092202723 ], [ 2852249.177164374385029, 2440247.274873731657863 ], [ 2852246.979984882287681, 2440245.289824596606195 ], [ 2852244.6468989495188, 2440242.998557850718498 ], [ 2852242.775214502587914, 2440240.659823090769351 ], [ 2852240.515880309976637, 2440238.970195398665965 ], [ 2852240.054373433813453, 2440238.313689437229186 ], [ 2852238.837611279916018, 2440236.581266457680613 ], [ 2852238.764987038448453, 2440236.530327663291246 ], [ 2852236.534349420107901, 2440234.965218939818442 ], [ 2852234.349619421176612, 2440233.328709449153394 ], [ 2852232.78124487772584, 2440231.945923062972724 ], [ 2852231.022814977448434, 2440230.881555520929396 ], [ 2852226.467087593860924, 2440227.646534050814807 ], [ 2852223.660324566066265, 2440226.243966744281352 ], [ 2852220.208956269547343, 2440225.277840772178024 ], [ 2852215.951605292037129, 2440223.827764740213752 ], [ 2852212.620335252955556, 2440222.551093390677124 ], [ 2852209.874973390251398, 2440221.401608483400196 ], [ 2852207.632834604009986, 2440220.887027043383569 ], [ 2852206.054076839238405, 2440220.055531244724989 ], [ 2852204.102134696673602, 2440219.041377007961273 ], [ 2852201.451054625213146, 2440218.281235272996128 ], [ 2852197.967348869424313, 2440216.630284008570015 ], [ 2852194.716264860704541, 2440215.684617813676596 ], [ 2852191.793937464244664, 2440214.653508130460978 ], [ 2852189.28824739344418, 2440214.197129600215703 ], [ 2852187.484677536413074, 2440213.837831162847579 ], [ 2852185.52780226431787, 2440213.652674221433699 ], [ 2852183.363784793764353, 2440213.800875939894468 ], [ 2852181.467400632798672, 2440213.610399656463414 ], [ 2852178.76831250730902, 2440213.204314768780023 ], [ 2852175.598964144475758, 2440212.299471319653094 ], [ 2852171.997390036471188, 2440211.85866286419332 ], [ 2852168.608631365001202, 2440211.70403759740293 ], [ 2852166.079167011659592, 2440211.191812281496823 ], [ 2852163.6412956523709, 2440210.717783183790743 ], [ 2852161.225790448486805, 2440210.931125601753592 ], [ 2852159.240338109433651, 2440211.519297748804092 ], [ 2852157.661376810632646, 2440212.343206922058016 ], [ 2852154.962552268058062, 2440213.934011429548264 ], [ 2852153.259863024577498, 2440215.690328434575349 ], [ 2852152.00678981654346, 2440218.157619250472635 ], [ 2852151.201832637190819, 2440220.777521815150976 ], [ 2852150.872905055992305, 2440222.518566750921309 ], [ 2852148.726363104302436, 2440225.838801444973797 ], [ 2852147.294086548034102, 2440228.414706321433187 ], [ 2852145.653365347534418, 2440231.531104762107134 ], [ 2852144.117793347686529, 2440234.827139535918832 ], [ 2852143.026739047374576, 2440237.666238310746849 ], [ 2852140.773549412377179, 2440240.248474966734648 ], [ 2852138.938651761971414, 2440242.308104674331844 ], [ 2852136.445775028318167, 2440244.197137591894716 ], [ 2852134.658485148102045, 2440245.561621563043445 ], [ 2852132.749836201779544, 2440247.019612803123891 ], [ 2852130.582584817893803, 2440248.555138969328254 ], [ 2852127.30427329428494, 2440249.748025785200298 ], [ 2852124.769707810133696, 2440251.720399748999625 ], [ 2852124.173197575844824, 2440253.79980914387852 ], [ 2852121.200728196650743, 2440255.958350148051977 ], [ 2852119.98156348709017, 2440258.820384529419243 ], [ 2852119.911527963355184, 2440261.673744625877589 ], [ 2852118.646107000764459, 2440263.792479201685637 ], [ 2852114.671625217888504, 2440263.510536423884332 ], [ 2852109.506701624020934, 2440262.854974364396185 ], [ 2852105.292297944892198, 2440263.53564490005374 ], [ 2852102.05126107018441, 2440264.584362815134227 ], [ 2852098.428034020587802, 2440264.904527755919844 ], [ 2852095.771279584150761, 2440263.866522040218115 ], [ 2852095.535599136725068, 2440263.270333260763437 ], [ 2852094.710413923487067, 2440261.182762044481933 ], [ 2852093.840529177337885, 2440258.439082772471011 ], [ 2852093.490299447439611, 2440258.318831844255328 ], [ 2852090.185738891828805, 2440257.18434416456148 ], [ 2852087.894432566128671, 2440256.80676604853943 ], [ 2852085.760628558695316, 2440256.740184080787003 ], [ 2852083.221384571865201, 2440257.885838488582522 ], [ 2852081.161430767737329, 2440258.420877222437412 ], [ 2852077.244855577126145, 2440259.779592464677989 ], [ 2852073.608633906580508, 2440261.489689106121659 ], [ 2852068.965510003268719, 2440263.243963180109859 ], [ 2852063.946327002719045, 2440264.888938928488642 ], [ 2852061.045581309124827, 2440266.749489719979465 ], [ 2852058.291593069210649, 2440268.706452818121761 ], [ 2852054.966009956784546, 2440271.36016531009227 ], [ 2852054.136464660055935, 2440274.47293954808265 ], [ 2852052.465091425925493, 2440277.462741130962968 ], [ 2852050.144271512981504, 2440280.062497853301466 ], [ 2852048.070293303579092, 2440282.536123418714851 ], [ 2852045.473028362728655, 2440283.697020763996989 ], [ 2852039.443418615497649, 2440283.121045152191073 ], [ 2852032.415948547422886, 2440282.66987656801939 ], [ 2852026.952540679834783, 2440280.229296970181167 ], [ 2852022.056937359273434, 2440278.945060284808278 ], [ 2852018.189113129861653, 2440279.401121596805751 ], [ 2852015.105087276548147, 2440281.650764470919967 ], [ 2852012.857089707627892, 2440285.400798371993005 ], [ 2852012.342172181233764, 2440288.369592547882348 ], [ 2852011.599393423646688, 2440290.694174139294773 ], [ 2852011.025016006082296, 2440293.119632479734719 ], [ 2852009.86698734620586, 2440295.427765623200685 ], [ 2852009.872116026468575, 2440298.251240417361259 ], [ 2852009.377362037077546, 2440301.89784290920943 ], [ 2852007.861228990834206, 2440303.53331587696448 ], [ 2852006.691765083000064, 2440304.944155938923359 ], [ 2852004.908900429494679, 2440306.369472874794155 ], [ 2852002.46685845265165, 2440306.175943452399224 ], [ 2851998.075765825808048, 2440305.319376607425511 ], [ 2851992.986937208566815, 2440306.082342084031552 ], [ 2851988.423244664445519, 2440307.060662049800158 ], [ 2851983.006126753520221, 2440307.018950784578919 ], [ 2851976.748305588960648, 2440306.647268153261393 ], [ 2851971.657051006797701, 2440306.593373466748744 ], [ 2851969.523601667489856, 2440308.523566890507936 ], [ 2851968.401166244409978, 2440310.129303155932575 ], [ 2851965.79662330262363, 2440312.109359007328749 ], [ 2851965.563501911237836, 2440314.798207937739789 ], [ 2851962.998005119152367, 2440317.533976438920945 ], [ 2851958.755535108968616, 2440317.249219391494989 ], [ 2851954.308244611136615, 2440317.307465798221529 ], [ 2851950.495712716132402, 2440317.397456941194832 ], [ 2851947.019735503941774, 2440316.924018663819879 ], [ 2851942.622817298397422, 2440317.445287107024342 ], [ 2851938.721285168081522, 2440318.31371159479022 ], [ 2851935.711373428814113, 2440318.619426041841507 ], [ 2851933.41082348395139, 2440319.010002433788031 ], [ 2851929.754614540375769, 2440319.193835085723549 ], [ 2851925.212291810661554, 2440319.411243977490813 ], [ 2851921.719619595445693, 2440320.525344934780151 ], [ 2851919.776357556693256, 2440322.1372996638529 ], [ 2851918.348078358918428, 2440324.432751499582082 ], [ 2851915.201143067795783, 2440325.870856865309179 ], [ 2851911.736252558417618, 2440328.840283988974988 ], [ 2851910.236842604354024, 2440332.540827188640833 ], [ 2851909.654309257399291, 2440335.52723796479404 ], [ 2851906.36627026181668, 2440338.378209583926946 ], [ 2851902.659943829290569, 2440341.751789865549654 ], [ 2851901.272198162972927, 2440345.361217936966568 ], [ 2851900.614342893939465, 2440348.843211497180164 ], [ 2851899.418492769822478, 2440351.843983580823988 ], [ 2851899.303802950307727, 2440355.319525404833257 ], [ 2851898.59324084687978, 2440358.328755328431726 ], [ 2851895.760584174655378, 2440360.513083432801068 ], [ 2851892.839325652457774, 2440362.585937572643161 ], [ 2851890.999261282384396, 2440363.477780987974256 ], [ 2851887.642369248904288, 2440364.897921212483197 ], [ 2851884.016968145035207, 2440368.053904816042632 ], [ 2851884.752974690869451, 2440369.988502840511501 ], [ 2851884.780026590451598, 2440370.059718089178205 ], [ 2851886.049520052038133, 2440371.655904458835721 ], [ 2851886.553425720892847, 2440372.28945907857269 ], [ 2851888.103774677962065, 2440375.891182091087103 ], [ 2851886.399132556281984, 2440376.747659161221236 ], [ 2851884.16064140573144, 2440376.842833741568029 ], [ 2851880.531932287849486, 2440376.885007612407207 ], [ 2851875.915028746705502, 2440377.049400840885937 ], [ 2851870.985804374329746, 2440377.367320760618895 ], [ 2851865.646453297231346, 2440377.646898122970015 ], [ 2851860.099849171470851, 2440378.259754843078554 ], [ 2851856.074804754927754, 2440379.170721559785306 ], [ 2851853.356773206032813, 2440379.535092591773719 ], [ 2851850.40740415500477, 2440378.986946646124125 ], [ 2851850.23136606765911, 2440378.339923109859228 ], [ 2851849.847454250324517, 2440376.928546084091067 ], [ 2851850.011729885824025, 2440372.808963159099221 ], [ 2851850.633835291024297, 2440368.032559108920395 ], [ 2851849.879590938799083, 2440364.917309931013733 ], [ 2851849.458515624515712, 2440364.688527863007039 ], [ 2851847.985830505378544, 2440363.888202748727053 ], [ 2851844.906620913185179, 2440365.308677489869297 ], [ 2851843.0980353532359, 2440365.778403086587787 ], [ 2851841.629836874082685, 2440367.059940394945443 ], [ 2851841.373170329257846, 2440368.844262993894517 ], [ 2851841.589736345224082, 2440370.588500947225839 ], [ 2851840.246480468660593, 2440372.385979508981109 ], [ 2851837.568309370893985, 2440373.76448277477175 ], [ 2851832.682101029437035, 2440374.557561592198908 ], [ 2851826.846317549236119, 2440375.928378835320473 ], [ 2851821.414365227799863, 2440378.373886010143906 ], [ 2851815.851970176678151, 2440380.025449587963521 ], [ 2851811.498159810900688, 2440381.021765908692032 ], [ 2851808.360358158126473, 2440381.350484570953995 ], [ 2851806.019089992158115, 2440379.619988395832479 ], [ 2851805.600993284024298, 2440378.994872396811843 ], [ 2851803.973057254217565, 2440376.561001802328974 ], [ 2851804.395886570215225, 2440373.212427239399403 ], [ 2851805.668731899000704, 2440371.081435474101454 ], [ 2851808.391385711729527, 2440367.890980272553861 ], [ 2851810.933077169582248, 2440365.099259674549103 ], [ 2851814.496737922541797, 2440364.23585993796587 ], [ 2851818.025626176968217, 2440363.526139837689698 ], [ 2851819.133109939284623, 2440360.755215835757554 ], [ 2851818.984743610955775, 2440356.447953196708113 ], [ 2851818.454171603079885, 2440355.971878198441118 ], [ 2851815.649128258228302, 2440353.454791330732405 ], [ 2851815.116432716138661, 2440352.745662659406662 ], [ 2851812.918345206417143, 2440349.818172350525856 ], [ 2851812.007861896418035, 2440346.608967306558043 ], [ 2851811.749869645573199, 2440343.292451665736735 ], [ 2851810.750207293778658, 2440340.861814121715724 ], [ 2851810.449281672015786, 2440340.725484698545188 ], [ 2851807.367319384589791, 2440339.329474947415292 ], [ 2851804.599682172294706, 2440339.489560263697058 ], [ 2851803.362506761215627, 2440340.91803771071136 ], [ 2851802.530921882949769, 2440343.131084686610848 ], [ 2851801.585522220470011, 2440344.618232845328748 ], [ 2851800.472853650804609, 2440346.221364148426801 ], [ 2851798.381677037570626, 2440347.519854088779539 ], [ 2851796.917657525278628, 2440348.520898534916341 ], [ 2851795.030406571459025, 2440349.218082571402192 ], [ 2851790.693127071484923, 2440350.28246347559616 ], [ 2851788.271341129671782, 2440350.766633497085422 ], [ 2851784.888726003468037, 2440351.231183485127985 ], [ 2851782.954366863705218, 2440351.733589148148894 ], [ 2851781.009141380898654, 2440352.445701275020838 ], [ 2851779.165932695381343, 2440353.069386172574013 ], [ 2851776.586878684349358, 2440354.008255447726697 ], [ 2851773.738881045021117, 2440354.68570341495797 ], [ 2851771.235182619653642, 2440355.129187559243292 ], [ 2851768.035229893866926, 2440355.753329780418426 ], [ 2851765.205894490238279, 2440356.550224173814058 ], [ 2851761.903483548667282, 2440357.345877541229129 ], [ 2851758.388695719651878, 2440358.113939248025417 ], [ 2851753.642028777860105, 2440358.591378989629447 ], [ 2851750.32307186583057, 2440359.31887119775638 ], [ 2851747.761399618349969, 2440359.777283957693726 ], [ 2851745.555043941829354, 2440360.557226959615946 ], [ 2851743.275386927649379, 2440361.076917942613363 ], [ 2851740.880449981428683, 2440361.07807843759656 ], [ 2851737.325085104443133, 2440361.380710034165531 ], [ 2851733.603589801117778, 2440361.591813637409359 ], [ 2851728.704940729308873, 2440362.036361585836858 ], [ 2851725.159805928356946, 2440362.677870830520988 ], [ 2851719.935820002108812, 2440362.585941057186574 ], [ 2851714.555410532746464, 2440363.290024575311691 ], [ 2851709.819614242296666, 2440363.557761141099036 ], [ 2851705.899730657227337, 2440364.648372761905193 ], [ 2851701.779648105148226, 2440365.71841118298471 ], [ 2851697.69711038004607, 2440366.985800142399967 ], [ 2851693.544963677413762, 2440367.370860269293189 ], [ 2851689.849121225066483, 2440368.537678431719542 ], [ 2851685.871264456771314, 2440369.643219008110464 ], [ 2851682.373029466718435, 2440370.479446527082473 ], [ 2851678.468273671343923, 2440371.079742931295186 ], [ 2851674.086980885826051, 2440372.217729880008847 ], [ 2851668.727023920975626, 2440372.709637827239931 ], [ 2851662.004648435395211, 2440372.117000317201018 ], [ 2851657.313711795024574, 2440372.569660109467804 ], [ 2851653.21205503679812, 2440374.607727745547891 ], [ 2851649.532011757604778, 2440376.391212520189583 ], [ 2851644.44963779207319, 2440376.883471954148263 ], [ 2851640.419012106023729, 2440377.516467281617224 ], [ 2851637.992976468987763, 2440379.936620464548469 ], [ 2851635.970360219478607, 2440380.668861980549991 ], [ 2851633.450698319356889, 2440380.154148472473025 ], [ 2851630.90285482769832, 2440378.674016591161489 ], [ 2851627.750068242195994, 2440377.837263084482402 ], [ 2851625.392276032362133, 2440376.038711059838533 ], [ 2851622.928584050387144, 2440374.609026399441063 ], [ 2851620.194115214515477, 2440373.249860537238419 ], [ 2851616.90403371443972, 2440371.548610257916152 ], [ 2851612.834104440640658, 2440369.429106380790472 ], [ 2851607.888084267266095, 2440367.68199739838019 ], [ 2851604.030152263585478, 2440366.480090626981109 ], [ 2851599.798578371759504, 2440365.985651019960642 ], [ 2851597.257426114752889, 2440366.231675008311868 ], [ 2851594.837039110716432, 2440367.274133366066962 ], [ 2851594.435576425865293, 2440369.861792901996523 ], [ 2851594.030866876244545, 2440372.181308907456696 ], [ 2851594.570160266943276, 2440376.107800204306841 ], [ 2851595.156611211132258, 2440380.228756033349782 ], [ 2851592.68404355738312, 2440379.908724039793015 ], [ 2851588.391999800223857, 2440378.612566801719368 ], [ 2851583.449228757526726, 2440377.13360322965309 ], [ 2851577.84280475275591, 2440375.206180909648538 ], [ 2851572.374607243109494, 2440373.594619070645422 ], [ 2851567.862507310695946, 2440371.941800459288061 ], [ 2851564.672310669440776, 2440370.907879423350096 ], [ 2851562.130391258280724, 2440370.046941754873842 ], [ 2851558.711290869861841, 2440368.110229946672916 ], [ 2851554.322437616065145, 2440364.41798697039485 ], [ 2851549.892809774726629, 2440360.260349401738495 ], [ 2851545.603053888306022, 2440356.128371864091605 ], [ 2851541.963048052974045, 2440354.383518944494426 ], [ 2851537.290270260069519, 2440355.462693033739924 ], [ 2851535.490782987326384, 2440356.819878577254713 ], [ 2851535.969703220296651, 2440359.944632712751627 ], [ 2851535.405374994501472, 2440362.709006893448532 ], [ 2851535.720596589148045, 2440366.559094862546772 ], [ 2851535.402568466030061, 2440369.745901179034263 ], [ 2851533.385733363218606, 2440372.753035965375602 ], [ 2851528.750226534437388, 2440375.685080279130489 ], [ 2851523.8873824859038, 2440379.079617294482887 ], [ 2851519.675266149453819, 2440382.656960641033947 ], [ 2851516.079710920341313, 2440386.488082954660058 ], [ 2851513.101434279233217, 2440390.024284232407808 ], [ 2851509.677639158908278, 2440392.569139625877142 ], [ 2851505.652229279279709, 2440394.370034463703632 ], [ 2851500.952060656622052, 2440395.590854425914586 ], [ 2851497.095720678567886, 2440396.944239265285432 ], [ 2851493.415707974229008, 2440398.727831356227398 ], [ 2851489.702601855155081, 2440400.37510034814477 ], [ 2851485.233932821080089, 2440402.849876621738076 ], [ 2851483.200458040460944, 2440403.791829203255475 ], [ 2851481.664555351249874, 2440405.091008524410427 ], [ 2851480.409296638332307, 2440407.548649235628545 ], [ 2851477.097133917268366, 2440410.002192835789174 ], [ 2851472.255671370774508, 2440410.98055010382086 ], [ 2851466.973179671913385, 2440409.79666846152395 ], [ 2851461.650382651016116, 2440408.488876868970692 ], [ 2851458.466684708371758, 2440405.528744358569384 ], [ 2851456.42735052248463, 2440404.195924406405538 ], [ 2851455.824548617936671, 2440403.659179567359388 ], [ 2851455.595136372838169, 2440403.220013570506126 ], [ 2851455.383828646503389, 2440402.815460965037346 ], [ 2851454.243067754432559, 2440401.797695979941636 ], [ 2851451.12756204418838, 2440400.816780896857381 ], [ 2851449.411774127744138, 2440398.230622795410454 ], [ 2851445.897450485732406, 2440396.453114198986441 ], [ 2851444.039060615934432, 2440394.721460697706789 ], [ 2851442.423723192885518, 2440393.144095475319773 ], [ 2851440.947865440510213, 2440389.595421821810305 ], [ 2851438.305873330682516, 2440386.070159203838557 ], [ 2851435.62307736556977, 2440383.735281301196665 ], [ 2851431.942641233094037, 2440381.86634496320039 ], [ 2851427.005088274367154, 2440381.555284850299358 ], [ 2851421.171315447892994, 2440380.939011982176453 ], [ 2851416.386004504747689, 2440381.002267354167998 ], [ 2851412.569435273297131, 2440381.372766098473221 ], [ 2851409.119226335547864, 2440381.854952150024474 ], [ 2851403.316001022234559, 2440381.365198980551213 ], [ 2851397.231216354295611, 2440381.155555646400899 ], [ 2851391.976046109572053, 2440379.830153970513493 ], [ 2851387.510302318260074, 2440378.920530652161688 ], [ 2851385.0989497480914, 2440378.853623590897769 ], [ 2851383.316962894052267, 2440379.730436333455145 ], [ 2851381.535730109084398, 2440381.714113207068294 ], [ 2851381.812950778286904, 2440384.259931626729667 ], [ 2851382.029700122773647, 2440388.001071895472705 ], [ 2851381.820823311340064, 2440391.087154350243509 ], [ 2851382.445201157592237, 2440394.515452180057764 ], [ 2851382.476217865943909, 2440394.566306747496128 ], [ 2851383.930048215202987, 2440396.95455370657146 ], [ 2851383.959396799560636, 2440397.171109216753393 ], [ 2851384.191391188651323, 2440398.883824865799397 ], [ 2851384.653001555707306, 2440402.488819712772965 ], [ 2851385.465881009586155, 2440406.696015689522028 ], [ 2851386.324446748942137, 2440410.539511696435511 ], [ 2851384.758280950598419, 2440413.709062303882092 ], [ 2851381.951237755361944, 2440418.504606755450368 ], [ 2851381.87484716810286, 2440423.284263009205461 ], [ 2851382.462168459314853, 2440426.856794320978224 ], [ 2851380.477689914405346, 2440430.548759337048978 ], [ 2851378.587413478642702, 2440434.630182447377592 ], [ 2851378.383647189475596, 2440438.88417431851849 ], [ 2851378.460128411650658, 2440439.141705450601876 ], [ 2851379.886843487620354, 2440443.946785488631576 ], [ 2851381.044348902069032, 2440447.029714840464294 ], [ 2851382.524347149766982, 2440448.642329551745206 ], [ 2851384.997790586668998, 2440450.069397221785039 ], [ 2851388.306981191970408, 2440450.999959784559906 ], [ 2851390.634024765342474, 2440452.672020938247442 ], [ 2851390.709275310859084, 2440452.96324370848015 ], [ 2851391.62068694550544, 2440456.492482292465866 ], [ 2851392.582347821444273, 2440459.615884367842227 ], [ 2851392.616511502303183, 2440459.775507999118418 ], [ 2851393.059218018315732, 2440461.840908091980964 ], [ 2851392.94468716904521, 2440463.660750256851315 ], [ 2851392.936568781733513, 2440465.877266015857458 ], [ 2851392.294399025849998, 2440468.32038114592433 ], [ 2851391.927586641162634, 2440470.754182849545032 ], [ 2851391.522869252599776, 2440473.07360134460032 ], [ 2851389.949262592941523, 2440475.065500530414283 ], [ 2851386.116808948107064, 2440476.474721153732389 ], [ 2851380.466242075897753, 2440478.356350685469806 ], [ 2851374.177304921671748, 2440480.403732782695442 ], [ 2851370.47662296006456, 2440484.055228071287274 ], [ 2851368.257585112936795, 2440488.222000936046243 ], [ 2851365.114990504458547, 2440491.376759458333254 ], [ 2851362.721143822185695, 2440494.481883052270859 ], [ 2851360.799652978777885, 2440497.329807980451733 ], [ 2851357.85789490910247, 2440499.614882721565664 ], [ 2851354.896776482928544, 2440499.825201907195151 ], [ 2851352.158068426884711, 2440500.402024588081986 ], [ 2851348.002527400385588, 2440500.519097619690001 ], [ 2851343.138757943641394, 2440500.809779231436551 ], [ 2851339.322970887646079, 2440502.287244845647365 ], [ 2851335.867747430689633, 2440503.598448687233031 ], [ 2851330.408721312880516, 2440504.530021112412214 ], [ 2851327.424700233153999, 2440505.791439201217145 ], [ 2851324.654143588151783, 2440507.680387389380485 ], [ 2851320.373587577603757, 2440508.937005791813135 ], [ 2851314.459925525821745, 2440509.986626112367958 ], [ 2851309.862929547671229, 2440508.831782405730337 ], [ 2851306.61738371104002, 2440508.16406485857442 ], [ 2851303.965717863291502, 2440509.949583299923688 ], [ 2851303.263574050273746, 2440513.587931412272155 ], [ 2851304.038557011634111, 2440518.487881026696414 ], [ 2851303.224469651002437, 2440520.220458102878183 ], [ 2851301.084800872951746, 2440517.878930830396712 ], [ 2851299.576056137215346, 2440514.193999195471406 ], [ 2851298.567087442614138, 2440510.875856109894812 ], [ 2851297.498124421574175, 2440509.559983467683196 ], [ 2851296.368606204167008, 2440507.442509583663195 ], [ 2851295.081327447667718, 2440504.672619900200516 ], [ 2851293.088260036893189, 2440504.083103711716831 ], [ 2851291.404261249583215, 2440503.071915017906576 ], [ 2851289.136879962403327, 2440501.943156287074089 ], [ 2851285.632607657462358, 2440502.1599355856888 ], [ 2851282.599811546504498, 2440502.668449035380036 ], [ 2851280.248092098161578, 2440503.144647062756121 ], [ 2851278.340322079136968, 2440504.0540432324633 ], [ 2851276.259783218614757, 2440504.801421201787889 ], [ 2851274.057548679877073, 2440505.301002850290388 ], [ 2851270.503685274161398, 2440504.506457337643951 ], [ 2851269.620186931919307, 2440507.353710306342691 ], [ 2851268.794761170633137, 2440510.18601716728881 ], [ 2851267.353983687236905, 2440511.325923363678157 ], [ 2851267.364060243126005, 2440513.320400367956609 ], [ 2851266.392317059449852, 2440516.397584091871977 ], [ 2851265.79326571431011, 2440519.315837651491165 ], [ 2851263.122297858819366, 2440519.875128205865622 ], [ 2851258.453437321353704, 2440520.673882003873587 ], [ 2851253.92038632184267, 2440521.778869561851025 ], [ 2851251.647268322296441, 2440522.027826301753521 ], [ 2851249.936786312609911, 2440520.60954627301544 ], [ 2851247.142575643956661, 2440518.707115227356553 ], [ 2851244.711217392235994, 2440516.306805213913321 ], [ 2851243.837946150451899, 2440513.48197762388736 ], [ 2851243.763667028397322, 2440513.241842592600733 ], [ 2851243.742741636000574, 2440511.457170754205436 ], [ 2851243.403406895231456, 2440509.796836031600833 ], [ 2851243.353202984668314, 2440509.55095352884382 ], [ 2851242.108939229045063, 2440507.256220397539437 ], [ 2851241.50832577329129, 2440505.003591504413635 ], [ 2851241.438120511360466, 2440504.740126165561378 ], [ 2851240.857678164262325, 2440501.238347390666604 ], [ 2851241.576448985375464, 2440497.668043927289546 ], [ 2851242.594609546940774, 2440493.678558751009405 ], [ 2851243.262111890595406, 2440490.194069516845047 ], [ 2851244.473983062431216, 2440488.151372981257737 ], [ 2851248.339249134063721, 2440488.533986647613347 ], [ 2851253.566121270414442, 2440488.893977319821715 ], [ 2851256.746162063442171, 2440487.591948463581502 ], [ 2851256.13179649040103, 2440484.502465651836246 ], [ 2851256.889488531276584, 2440481.68769470276311 ], [ 2851256.589890041388571, 2440478.454505904112011 ], [ 2851256.274215659126639, 2440474.391095171216875 ], [ 2851256.264425816014409, 2440474.265542940702289 ], [ 2851255.353575411252677, 2440471.946450925432146 ], [ 2851253.867050433531404, 2440470.604491829872131 ], [ 2851252.501190056093037, 2440468.061944475863129 ], [ 2851250.779836067929864, 2440465.198004587553442 ], [ 2851248.970301548950374, 2440462.563780059106648 ], [ 2851246.762917581945658, 2440460.239889916498214 ], [ 2851244.769553372636437, 2440457.653389827813953 ], [ 2851242.815321010537446, 2440455.822484709788114 ], [ 2851240.743292203173041, 2440453.463442430365831 ], [ 2851238.320448661223054, 2440450.843585779424757 ], [ 2851234.650728960521519, 2440448.423514591995627 ], [ 2851231.381944051943719, 2440445.961486076004803 ], [ 2851227.902452568523586, 2440444.029995938297361 ], [ 2851224.748576804995537, 2440441.744994776789099 ], [ 2851221.543415649328381, 2440439.545709270983934 ], [ 2851218.144844032824039, 2440437.396621320396662 ], [ 2851214.12248694524169, 2440435.813208746723831 ], [ 2851210.023149989079684, 2440435.015480987727642 ], [ 2851206.174232641234994, 2440432.704028178006411 ], [ 2851201.363487542141229, 2440430.921718006022274 ], [ 2851196.934176140464842, 2440428.761091454420239 ], [ 2851193.148801335133612, 2440426.712498588487506 ], [ 2851189.889287875499576, 2440425.137788953725249 ], [ 2851186.360512494109571, 2440425.847327774390578 ], [ 2851182.931597337126732, 2440425.568727372214198 ], [ 2851179.119772716891021, 2440423.113240568432957 ], [ 2851175.197919962927699, 2440421.648474484682083 ], [ 2851170.429278160445392, 2440421.779891656711698 ], [ 2851167.253851572051644, 2440420.255844880826771 ], [ 2851164.436524483375251, 2440417.407413960900158 ], [ 2851162.478749136906117, 2440414.118519850075245 ], [ 2851159.543907518032938, 2440412.738838760647923 ], [ 2851156.805191744118929, 2440413.315571242943406 ], [ 2851153.59971413295716, 2440413.661956519354135 ], [ 2851149.898709248751402, 2440413.660914552398026 ], [ 2851147.21133744250983, 2440412.496350477449596 ], [ 2851144.089614938013256, 2440410.896215301938355 ], [ 2851142.029681642539799, 2440409.775818803813308 ], [ 2851140.469567026011646, 2440407.831992721185088 ], [ 2851138.470541651360691, 2440404.967727719340473 ], [ 2851136.232318798080087, 2440400.520339473150671 ], [ 2851133.349750794004649, 2440396.850725938100368 ], [ 2851132.059223322197795, 2440392.853391748853028 ], [ 2851131.993631191551685, 2440392.650109928101301 ], [ 2851131.353237510658801, 2440386.60805046511814 ], [ 2851129.917482247576118, 2440379.53092709928751 ], [ 2851128.629156999289989, 2440373.657194194383919 ], [ 2851130.524315796792507, 2440368.746572513598949 ], [ 2851133.525410490110517, 2440365.007703169248998 ], [ 2851134.977570711635053, 2440361.112385583110154 ], [ 2851135.828750037588179, 2440359.235771513544023 ], [ 2851136.893291776999831, 2440355.98966550687328 ], [ 2851136.198864342644811, 2440351.43011766904965 ], [ 2851136.19597316486761, 2440351.411017416510731 ], [ 2851135.394963532220572, 2440348.381376415491104 ], [ 2851135.343544068746269, 2440348.186780371703207 ], [ 2851134.683563533704728, 2440345.460785247385502 ], [ 2851134.067762526683509, 2440342.118189673405141 ], [ 2851134.028623987920582, 2440341.905875102616847 ], [ 2851132.856098311021924, 2440339.313251005019993 ], [ 2851132.151159204076976, 2440337.456973607186228 ], [ 2851132.090706651099026, 2440337.297706731595099 ], [ 2851131.86627553217113, 2440335.22453654743731 ], [ 2851131.571674363687634, 2440331.162139229476452 ], [ 2851130.681020993739367, 2440327.483533503022045 ], [ 2851130.61238107457757, 2440327.199844055809081 ], [ 2851128.740718628279865, 2440324.861145293340087 ], [ 2851127.767624425236136, 2440322.837496509775519 ], [ 2851126.881386052817106, 2440320.025636401493102 ], [ 2851125.145078564062715, 2440317.651785134803504 ], [ 2851121.792118156328797, 2440315.139120689593256 ], [ 2851120.036336186341941, 2440312.369299056474119 ], [ 2851120.029344313777983, 2440312.358276277314872 ], [ 2851119.527319936081767, 2440310.284660507459193 ], [ 2851119.184686054475605, 2440306.680586528498679 ], [ 2851119.175003248732537, 2440306.57861345494166 ], [ 2851118.479585034772754, 2440304.555294101126492 ], [ 2851117.086691179312766, 2440302.495798702351749 ], [ 2851116.051544342190027, 2440300.767554087564349 ], [ 2851115.258025235496461, 2440298.523431528359652 ], [ 2851115.203787953592837, 2440298.369939158204943 ], [ 2851114.778843357227743, 2440295.510621268302202 ], [ 2851114.222382255829871, 2440292.064657767768949 ], [ 2851114.340973143931478, 2440288.308877060189843 ], [ 2851114.234858128707856, 2440285.025278348941356 ], [ 2851113.670760881155729, 2440281.59160250891 ], [ 2851113.495362734422088, 2440279.422858082689345 ], [ 2851113.637193565256894, 2440277.461391606833786 ], [ 2851114.676284164190292, 2440275.256577483844012 ], [ 2851114.471074649132788, 2440272.412714540027082 ], [ 2851115.140412587672472, 2440269.827793907839805 ], [ 2851116.75285073928535, 2440267.401635549031198 ], [ 2851118.792055471334606, 2440265.081958694383502 ], [ 2851121.134553857147694, 2440263.718124362174422 ], [ 2851123.324514890089631, 2440262.869864061940461 ], [ 2851126.799392794258893, 2440260.239408704452217 ], [ 2851127.91669683624059, 2440257.465751672629267 ], [ 2851128.397585834842175, 2440254.102230723947287 ], [ 2851128.3808439867571, 2440252.037067025434226 ], [ 2851128.942835972644389, 2440249.284715866204351 ], [ 2851128.945264162495732, 2440249.272673647850752 ], [ 2851128.448353755287826, 2440247.478352854959667 ], [ 2851128.373171332292259, 2440247.206851695664227 ], [ 2851128.428994150832295, 2440244.295174525585026 ], [ 2851130.153043232858181, 2440240.12223860155791 ], [ 2851131.548791265580803, 2440236.800507551524788 ], [ 2851131.991023862734437, 2440234.678241988178343 ], [ 2851132.523936571553349, 2440232.335770277772099 ], [ 2851132.962106574792415, 2440230.494078894145787 ], [ 2851133.666971947997808, 2440228.862342227715999 ], [ 2851134.665290467441082, 2440226.192134342156351 ], [ 2851134.730541588738561, 2440223.645928035024554 ], [ 2851134.731213022954762, 2440223.619154391344637 ], [ 2851133.849173599854112, 2440220.527510393410921 ], [ 2851133.780314276460558, 2440220.285972869955003 ], [ 2851133.380095324944705, 2440216.933964706491679 ], [ 2851132.955825738608837, 2440215.181627158075571 ], [ 2851132.705030704848468, 2440212.70144645916298 ], [ 2851132.177669225260615, 2440210.294580335263163 ], [ 2851132.117224625777453, 2440210.01884454395622 ], [ 2851130.725836450234056, 2440208.517710695974529 ], [ 2851129.615661200135946, 2440205.814351129811257 ], [ 2851129.573925209231675, 2440205.712675197515637 ], [ 2851129.228354473598301, 2440203.733077507000417 ], [ 2851130.320858087390661, 2440201.452228248119354 ], [ 2851132.747067900374532, 2440199.032022004015744 ], [ 2851137.00484627764672, 2440195.090955779887736 ], [ 2851139.304988929536194, 2440192.703483434394002 ], [ 2851140.836805760860443, 2440191.684772183187306 ], [ 2851143.293318628333509, 2440191.046799254138023 ], [ 2851146.131119062192738, 2440190.030231415294111 ], [ 2851148.87707163952291, 2440188.634047637227923 ], [ 2851150.857846173457801, 2440187.219421025831252 ], [ 2851153.439074959605932, 2440183.444823152385652 ], [ 2851154.771074648946524, 2440179.860171446111053 ], [ 2851157.168289841152728, 2440177.02326639695093 ], [ 2851158.547834578901529, 2440173.974679540842772 ], [ 2851158.458060861565173, 2440170.759180391207337 ], [ 2851158.000703186262399, 2440166.873482047114521 ], [ 2851158.868420376442373, 2440163.409566786605865 ], [ 2851160.053449089638889, 2440158.962911125738174 ], [ 2851160.971668312326074, 2440155.961585031356663 ], [ 2851162.571123690810055, 2440154.9253563224338 ], [ 2851165.750159583054483, 2440154.172075970098376 ], [ 2851169.211403777822852, 2440153.480035082437098 ], [ 2851172.917230853345245, 2440152.652000699192286 ], [ 2851177.436386053450406, 2440153.485669589135796 ], [ 2851182.674240276217461, 2440155.291390898637474 ], [ 2851186.378466686699539, 2440158.406256143935025 ], [ 2851189.447433358058333, 2440161.189307937864214 ], [ 2851193.097046433016658, 2440161.275985565967858 ], [ 2851195.052763455547392, 2440160.012746168300509 ], [ 2851196.781976100057364, 2440158.663381302263588 ], [ 2851196.979194512590766, 2440156.335823198780417 ], [ 2851197.104010303504765, 2440153.199180024676025 ], [ 2851197.203684206586331, 2440150.214039462152869 ], [ 2851199.015561616979539, 2440148.3568584038876 ], [ 2851202.597217445261776, 2440148.119848359841853 ], [ 2851206.455384902190417, 2440147.666111594997346 ], [ 2851209.597910022363067, 2440144.511464000679553 ], [ 2851210.406822728458792, 2440141.611096188426018 ], [ 2851211.31606825068593, 2440139.719438868109137 ], [ 2851212.940134414471686, 2440138.190440006088465 ], [ 2851215.64231423381716, 2440135.212142487522215 ], [ 2851216.42548136645928, 2440131.356082254089415 ], [ 2851218.129064076580107, 2440129.051106106024235 ], [ 2851220.873439748771489, 2440127.09668085956946 ], [ 2851223.416769655421376, 2440124.014838854316622 ], [ 2851224.38379958178848, 2440121.766616735141724 ], [ 2851226.448649191297591, 2440120.402555286884308 ], [ 2851227.571819500997663, 2440118.248306257184595 ], [ 2851228.230432515032589, 2440115.873272879049182 ], [ 2851228.808043591678143, 2440113.715954488608986 ], [ 2851228.985650716349483, 2440111.051957267802209 ], [ 2851229.936789003200829, 2440108.187089872546494 ], [ 2851231.306595174595714, 2440106.796576005872339 ], [ 2851233.758282644208521, 2440106.987583635840565 ], [ 2851235.665663291700184, 2440106.968091383576393 ], [ 2851237.176423707511276, 2440105.820409511215985 ], [ 2851239.320609239395708, 2440105.335870698560029 ], [ 2851241.289758213795722, 2440103.023991297464818 ], [ 2851241.889551042579114, 2440100.246488044038415 ], [ 2851241.905262763146311, 2440100.173821374308318 ], [ 2851240.591453564353287, 2440096.997060356196016 ], [ 2851239.943406942300498, 2440094.859145869035274 ], [ 2851239.876248437911272, 2440094.637435996439308 ], [ 2851239.592349587008357, 2440092.020833658054471 ], [ 2851240.113174980506301, 2440089.671228481922299 ], [ 2851241.941334000788629, 2440085.885325229726732 ], [ 2851243.024026604369283, 2440083.265628359280527 ], [ 2851244.977200302295387, 2440081.992585264146328 ], [ 2851247.718232727609575, 2440081.42540080472827 ], [ 2851250.609103911556304, 2440081.223003108054399 ], [ 2851251.344636242836714, 2440079.717866481281817 ], [ 2851253.342446279712021, 2440077.481382462196052 ], [ 2851254.941440638154745, 2440074.614922001026571 ], [ 2851254.962487946264446, 2440074.577181206550449 ], [ 2851253.821464515291154, 2440071.562536711338907 ], [ 2851251.686003275215626, 2440068.940620889887214 ], [ 2851249.260591818019748, 2440067.159604353830218 ], [ 2851247.266788747627288, 2440067.118692205287516 ], [ 2851245.51024263817817, 2440066.954118920024484 ], [ 2851244.689154355786741, 2440065.34500633366406 ], [ 2851244.610455228947103, 2440065.190720874816179 ], [ 2851244.704650486819446, 2440061.927677219733596 ], [ 2851245.659872273914516, 2440058.78233493026346 ], [ 2851247.330383272841573, 2440056.341135438531637 ], [ 2851250.330963434651494, 2440055.147874777205288 ], [ 2851253.704335619695485, 2440053.795665924437344 ], [ 2851255.868401131592691, 2440051.991950813680887 ], [ 2851257.990106482058764, 2440050.819961968809366 ], [ 2851261.419883546885103, 2440050.550044404342771 ], [ 2851264.995964474976063, 2440050.035151734482497 ], [ 2851266.918595355935395, 2440048.635591482743621 ], [ 2851269.172028015367687, 2440048.050311335362494 ], [ 2851272.905930644832551, 2440048.187618558295071 ], [ 2851277.21373382024467, 2440048.444950447883457 ], [ 2851280.406910094432533, 2440047.750211128033698 ], [ 2851282.514121139422059, 2440047.409790005069226 ], [ 2851285.27488428261131, 2440047.179127087816596 ], [ 2851289.190666035283357, 2440046.368964607827365 ], [ 2851292.325937926769257, 2440044.03357386123389 ], [ 2851295.751620550639927, 2440044.044034803751856 ], [ 2851298.638061274308711, 2440043.780711112078279 ], [ 2851299.797930060885847, 2440042.372333050239831 ], [ 2851301.402975544333458, 2440041.613993352279067 ], [ 2851303.503585493192077, 2440039.547304207459092 ], [ 2851303.689915721304715, 2440035.773890817537904 ], [ 2851303.076521000824869, 2440032.135873711202294 ], [ 2851305.448677306994796, 2440029.450261398684233 ], [ 2851307.491887068375945, 2440026.850133378989995 ], [ 2851309.714396169409156, 2440024.141371261328459 ], [ 2851311.496459546498954, 2440021.608976360876113 ], [ 2851313.467232088558376, 2440019.855540945194662 ], [ 2851315.489728685468435, 2440019.123208443634212 ], [ 2851318.36435239110142, 2440018.852598062716424 ], [ 2851320.769858792424202, 2440020.297231655567884 ], [ 2851323.056219291873276, 2440021.503874469548464 ], [ 2851325.404218894429505, 2440023.304920467548072 ], [ 2851328.718891933560371, 2440024.513380307238549 ], [ 2851332.46786130964756, 2440024.160590058192611 ], [ 2851332.754604944959283, 2440021.39577055349946 ], [ 2851332.522750003263354, 2440018.144950809888542 ], [ 2851332.90788830537349, 2440015.489194074645638 ], [ 2851334.074175508227199, 2440013.810083754360676 ], [ 2851337.174143757205456, 2440014.174075332470238 ], [ 2851341.207375672180206, 2440015.547785490285605 ], [ 2851343.9626748082228, 2440018.691821042448282 ], [ 2851347.314041107427329, 2440020.64615148678422 ], [ 2851350.342790246475488, 2440020.418213623575866 ], [ 2851351.297732787206769, 2440018.162858700379729 ], [ 2851352.358872823417187, 2440016.304114060476422 ], [ 2851354.418534522876143, 2440013.772166947834194 ], [ 2851359.534516345709562, 2440011.677640355192125 ], [ 2851361.126736645586789, 2440014.306132993660867 ], [ 2851363.477831995114684, 2440014.37851938419044 ], [ 2851364.718537508510053, 2440014.408025825861841 ], [ 2851364.867324772290885, 2440014.732115156017244 ], [ 2851365.196567424107343, 2440015.448930945247412 ], [ 2851367.113649382721633, 2440015.427050059661269 ], [ 2851370.276156864594668, 2440014.605617831926793 ], [ 2851372.822220292873681, 2440013.530489781871438 ], [ 2851374.684471809305251, 2440011.329098924994469 ], [ 2851375.509108662139624, 2440009.045513492077589 ], [ 2851374.868319168686867, 2440005.549138896167278 ], [ 2851373.815682801883668, 2440000.648766562342644 ], [ 2851373.397950649261475, 2439998.625775760039687 ], [ 2851375.153738083317876, 2439997.683390817139298 ], [ 2851377.553497972898185, 2439996.853237976785749 ], [ 2851381.107107931748033, 2439995.650900949724019 ], [ 2851384.667487959377468, 2439994.519234649837017 ], [ 2851387.230650295503438, 2439994.619167592376471 ], [ 2851390.016481625847518, 2439994.237123209517449 ], [ 2851390.403276430442929, 2439990.484030973166227 ], [ 2851390.490398947149515, 2439987.150272258557379 ], [ 2851391.664867378305644, 2439984.91031088354066 ], [ 2851393.22216105600819, 2439982.850314398296177 ], [ 2851394.868819071911275, 2439982.008752668276429 ], [ 2851396.468454180285335, 2439982.96943241590634 ], [ 2851399.376743474043906, 2439983.942146209534258 ], [ 2851403.50647870125249, 2439982.869497695937753 ], [ 2851406.134931419976056, 2439979.289571428205818 ], [ 2851405.814717184752226, 2439976.268601012881845 ], [ 2851406.780161235947162, 2439973.462038721889257 ], [ 2851408.113303042948246, 2439971.325757585465908 ], [ 2851410.76748311240226, 2439968.701425323728472 ], [ 2851413.563887171447277, 2439966.112593573518097 ], [ 2851416.909148530103266, 2439963.795272059738636 ], [ 2851420.84704701602459, 2439961.67560237692669 ], [ 2851423.730979343876243, 2439959.405540038365871 ], [ 2851425.17251546587795, 2439957.717037139460444 ], [ 2851427.045582734979689, 2439956.96162046585232 ], [ 2851430.479528306052089, 2439954.755656126886606 ], [ 2851433.234326665755361, 2439952.250049451831728 ], [ 2851435.469656306318939, 2439949.041331541258842 ], [ 2851440.482913536019623, 2439945.121338819619268 ], [ 2851446.211765660904348, 2439941.015604129992425 ], [ 2851444.865803401917219, 2439937.153880015481263 ], [ 2851446.538927894551307, 2439936.719312795903534 ], [ 2851448.833529151044786, 2439935.709429061971605 ], [ 2851450.460398672148585, 2439934.531564002390951 ], [ 2851452.514512953814119, 2439933.377296389080584 ], [ 2851454.955321716144681, 2439932.122455997858196 ], [ 2851458.195858309511095, 2439929.966689822264016 ], [ 2851461.222756947390735, 2439927.183529121335596 ], [ 2851464.378660026937723, 2439924.635734000708908 ], [ 2851467.200943088158965, 2439923.002776345703751 ], [ 2851471.090823344886303, 2439921.237066681031138 ], [ 2851473.406792357563972, 2439919.466269479133189 ], [ 2851476.615852261893451, 2439917.732622807845473 ], [ 2851480.702570933848619, 2439916.184725498780608 ], [ 2851484.885210699401796, 2439913.929345092736185 ], [ 2851489.68928949534893, 2439909.442988051101565 ], [ 2851494.104305773973465, 2439905.047264101915061 ], [ 2851497.324703092686832, 2439902.213791745714843 ], [ 2851499.529109569266438, 2439900.534093469846994 ], [ 2851501.986642166506499, 2439897.691818349994719 ], [ 2851503.783237428870052, 2439894.32796052377671 ], [ 2851505.957290382590145, 2439890.866245256271213 ], [ 2851507.864326133858413, 2439888.849893917329609 ], [ 2851510.379466430284083, 2439885.651189122349024 ], [ 2851513.078909601084888, 2439880.666411538608372 ], [ 2851514.30633122427389, 2439877.243401680141687 ], [ 2851517.527410812210292, 2439875.517008484341204 ], [ 2851520.322991254739463, 2439873.47679978562519 ], [ 2851523.019918670877814, 2439869.330643604975194 ], [ 2851524.968305720947683, 2439865.234184014145285 ], [ 2851526.039585930295289, 2439863.714336703531444 ], [ 2851526.701927082147449, 2439859.061866201926023 ], [ 2851527.254007034003735, 2439854.293359307572246 ], [ 2851527.895835319533944, 2439849.853283368982375 ], [ 2851530.046540135517716, 2439844.597076477017254 ], [ 2851531.96475590672344, 2439839.483996895607561 ], [ 2851532.940805529709905, 2439834.470747642684728 ], [ 2851534.187761204782873, 2439831.384294451214373 ], [ 2851534.763065059669316, 2439828.410101075191051 ], [ 2851536.432474105618894, 2439824.520445767790079 ], [ 2851537.28461960144341, 2439822.095201610121876 ], [ 2851539.543745624367148, 2439820.132335007190704 ], [ 2851541.705227369908243, 2439816.321903721429408 ], [ 2851542.655282179825008, 2439812.008676941040903 ], [ 2851543.638042139355093, 2439808.721777023281902 ], [ 2851545.126777118537575, 2439807.22793837916106 ], [ 2851546.125148314982653, 2439804.557836470194161 ], [ 2851547.292923490516841, 2439800.591529368422925 ], [ 2851548.714521262794733, 2439796.569822422694415 ], [ 2851551.573842737823725, 2439794.79243812058121 ], [ 2851557.443723985925317, 2439792.160835953429341 ], [ 2851561.636845991946757, 2439789.354054913390428 ], [ 2851566.869656333699822, 2439788.336532759480178 ], [ 2851575.752405621577054, 2439786.515722912736237 ], [ 2851581.98263895791024, 2439783.376638231333345 ], [ 2851586.937501309905201, 2439780.361803743056953 ], [ 2851591.037630868609995, 2439780.611049177590758 ], [ 2851593.296180543955415, 2439782.84915014822036 ], [ 2851594.256483748555183, 2439784.044725270476192 ], [ 2851594.767753111198545, 2439784.681295174174011 ], [ 2851595.415853496640921, 2439786.509875604417175 ], [ 2851594.469637703150511, 2439788.545840682461858 ], [ 2851591.171458981465548, 2439791.05793138127774 ], [ 2851587.670946588739753, 2439794.729670907836407 ], [ 2851583.745117180049419, 2439795.201002554036677 ], [ 2851577.492502390872687, 2439795.997155516408384 ], [ 2851572.785666717216372, 2439797.488642578478903 ], [ 2851568.945180969312787, 2439799.458669687155634 ], [ 2851567.083376694004983, 2439799.114471344277263 ], [ 2851565.928023725282401, 2439800.583754592109472 ], [ 2851565.923376630991697, 2439803.409831335768104 ], [ 2851567.217032144777477, 2439805.908889508340508 ], [ 2851564.938129585236311, 2439807.535549186635762 ], [ 2851561.637345765717328, 2439808.04091577231884 ], [ 2851560.835128054954112, 2439809.519242715556175 ], [ 2851560.499956377781928, 2439810.136838287115097 ], [ 2851562.538627407513559, 2439810.362678484525532 ], [ 2851564.984753536060452, 2439810.275812158361077 ], [ 2851568.540121155790985, 2439809.973168504424393 ], [ 2851572.330175622366369, 2439809.195799852255732 ], [ 2851575.081264375243336, 2439808.967540936544538 ], [ 2851577.831630168948323, 2439809.287981242407113 ], [ 2851580.952162186615169, 2439809.439786672592163 ], [ 2851584.036218077410012, 2439808.845785341225564 ], [ 2851587.565124774351716, 2439808.136149501893669 ], [ 2851590.666062502190471, 2439807.951614710967988 ], [ 2851593.212707854807377, 2439807.983492366038263 ], [ 2851595.644689925014973, 2439807.837992783170193 ], [ 2851599.299308392219245, 2439807.095894155558199 ], [ 2851601.040176225826144, 2439806.643795211333781 ], [ 2851603.042258187197149, 2439806.123749088961631 ], [ 2851605.583421892952174, 2439805.877723592799157 ], [ 2851607.761435669846833, 2439805.787956185173243 ], [ 2851610.616950614377856, 2439806.288032893557101 ], [ 2851612.420601637102664, 2439806.647295110393316 ], [ 2851614.848535503260791, 2439806.782468939200044 ], [ 2851617.189304378814995, 2439806.515906942076981 ], [ 2851620.457097362726927, 2439805.874202051199973 ], [ 2851624.539785392116755, 2439804.606986171100289 ], [ 2851626.734523839782923, 2439802.929783111903816 ], [ 2851628.141158733982593, 2439799.398160149808973 ], [ 2851629.921590931713581, 2439797.963109541684389 ], [ 2851631.516817794647068, 2439795.210366200655699 ], [ 2851631.942293416708708, 2439791.023157425224781 ], [ 2851632.130774985998869, 2439788.1493572415784 ], [ 2851634.167987111024559, 2439784.929968485608697 ], [ 2851634.935601047240198, 2439780.45721497759223 ], [ 2851635.178630357142538, 2439776.110478521324694 ], [ 2851634.863992341328412, 2439773.367294647730887 ], [ 2851635.035221438854933, 2439770.974130812566727 ], [ 2851634.601675028912723, 2439768.334278252441436 ], [ 2851634.359148577786982, 2439763.637566609308124 ], [ 2851634.24813377764076, 2439759.527501263655722 ], [ 2851636.08536026859656, 2439754.632139400113374 ], [ 2851636.779018654953688, 2439750.447618508245796 ], [ 2851636.328959887847304, 2439747.739801889751107 ], [ 2851635.732659406494349, 2439745.276744347065687 ], [ 2851635.297007188666612, 2439742.627310834825039 ], [ 2851635.21136402990669, 2439739.131435994524509 ], [ 2851634.273690870963037, 2439734.408286106772721 ], [ 2851633.559992587193847, 2439729.761556699872017 ], [ 2851633.543356833513826, 2439726.040814745239913 ], [ 2851634.953257798682898, 2439722.777434254530817 ], [ 2851636.886631192173809, 2439719.171276612207294 ], [ 2851636.901142488699406, 2439714.687111746985465 ], [ 2851636.167655519209802, 2439709.704077928327024 ], [ 2851636.332825645804405, 2439706.69144626474008 ], [ 2851638.76931812800467, 2439703.720203765667975 ], [ 2851641.200597520917654, 2439702.468040500301868 ], [ 2851644.095483030658215, 2439703.640664748381823 ], [ 2851646.607839003205299, 2439705.823268838226795 ], [ 2851648.38605589652434, 2439707.224019676446915 ], [ 2851650.121989435516298, 2439707.600916804745793 ], [ 2851652.715169322211295, 2439706.720478800591081 ], [ 2851655.887915274128318, 2439706.237837336491793 ], [ 2851660.353339700493962, 2439705.150607658084482 ], [ 2851662.825747077353299, 2439703.473638449795544 ], [ 2851665.449334933422506, 2439700.72291546035558 ], [ 2851667.236190716736019, 2439699.017133214510977 ], [ 2851671.439742296934128, 2439698.546334901824594 ], [ 2851677.497365242335945, 2439697.242043669335544 ], [ 2851682.729810633696616, 2439694.227466954383999 ], [ 2851684.696166813839227, 2439690.757553174160421 ], [ 2851686.091471663676202, 2439688.325758363120258 ], [ 2851688.406721830368042, 2439687.103569107595831 ], [ 2851691.888370563276112, 2439686.199393721763045 ], [ 2851694.766757739242166, 2439683.651457741390914 ], [ 2851698.448502958752215, 2439680.770639710593969 ], [ 2851702.290503261610866, 2439679.358980870340019 ], [ 2851705.79396974015981, 2439679.690740312449634 ], [ 2851709.407405415549874, 2439681.028522279113531 ], [ 2851718.854434063192457, 2439684.638508837670088 ], [ 2851720.634297917596996, 2439684.941827639006078 ], [ 2851722.725678967311978, 2439685.640435131732374 ], [ 2851725.46952068945393, 2439686.231533367652446 ], [ 2851727.01763847284019, 2439686.936612840276212 ], [ 2851728.681870221160352, 2439687.611603450961411 ], [ 2851730.353395671583712, 2439688.274064580909908 ], [ 2851732.393603843171149, 2439689.058468105271459 ], [ 2851734.307986238971353, 2439689.87525418959558 ], [ 2851737.549481793306768, 2439690.823463866487145 ], [ 2851740.309788921847939, 2439691.482841069810092 ], [ 2851742.925333687104285, 2439692.945239433087409 ], [ 2851745.15724524250254, 2439694.776486901566386 ], [ 2851747.967174682766199, 2439695.640250579454005 ], [ 2851749.054753094911575, 2439697.072325348854065 ], [ 2851749.581766184419394, 2439697.766220011282712 ], [ 2851751.442270232364535, 2439701.021124571096152 ], [ 2851751.471818492747843, 2439701.072859349194914 ], [ 2851753.678260823711753, 2439703.945397897623479 ], [ 2851756.533602761104703, 2439706.101078469306231 ], [ 2851760.047742979601026, 2439707.87863413663581 ], [ 2851762.45403377013281, 2439710.045747140888125 ], [ 2851762.847796137444675, 2439710.400388639885932 ], [ 2851763.620282866992056, 2439712.31779550621286 ], [ 2851763.877980906981975, 2439712.957538134884089 ], [ 2851767.03077891562134, 2439713.794293941464275 ], [ 2851768.841302810236812, 2439714.22421292308718 ], [ 2851772.389951198361814, 2439713.851106987800449 ], [ 2851774.86264827940613, 2439714.171223728917539 ], [ 2851778.553488750010729, 2439713.833421930670738 ], [ 2851781.597222436219454, 2439713.115321998484433 ], [ 2851784.844218662008643, 2439714.341536686755717 ], [ 2851787.762541139032692, 2439715.653080708347261 ], [ 2851791.333519716747105, 2439715.967148427385837 ], [ 2851794.669063206762075, 2439715.307916730642319 ], [ 2851796.399910331238061, 2439714.516910484060645 ], [ 2851799.368651309981942, 2439714.635697982273996 ], [ 2851802.541965944692492, 2439715.260061232373118 ], [ 2851804.243277162779123, 2439715.790919965133071 ], [ 2851806.408408723771572, 2439717.091167497448623 ], [ 2851811.098055665381253, 2439718.07715519471094 ], [ 2851815.098326938226819, 2439719.314552333205938 ], [ 2851817.38225372787565, 2439720.511388649232686 ], [ 2851821.262526731472462, 2439720.403850973583758 ], [ 2851824.35262852627784, 2439720.429131936281919 ], [ 2851827.987262529321015, 2439721.006141772959381 ], [ 2851831.233685472048819, 2439721.125262788962573 ], [ 2851835.092491139657795, 2439721.778658148832619 ], [ 2851838.547921624500304, 2439722.464283362030983 ], [ 2851842.633316234685481, 2439723.203690175898373 ], [ 2851846.166414756327868, 2439724.210710986051708 ], [ 2851849.718574809841812, 2439725.295501481741667 ], [ 2851852.791194829624146, 2439725.801258728839457 ], [ 2851856.091128336265683, 2439725.84432795830071 ], [ 2851859.379569102078676, 2439724.990321223158389 ], [ 2851861.799236013088375, 2439722.840910505969077 ], [ 2851865.395787481218576, 2439722.113673608750105 ], [ 2851869.709144626744092, 2439722.649046079255641 ], [ 2851873.181962807662785, 2439722.854216341860592 ], [ 2851876.464545140042901, 2439723.377940880134702 ], [ 2851880.288693759590387, 2439724.185098931193352 ], [ 2851883.743402130901814, 2439725.419425900094211 ], [ 2851886.206967842765152, 2439726.848936966620386 ], [ 2851888.345543155446649, 2439727.742212071083486 ], [ 2851891.54543842561543, 2439728.773654090240598 ], [ 2851895.022357474081218, 2439728.69844892853871 ], [ 2851899.429072652943432, 2439726.519201762974262 ], [ 2851900.604312917217612, 2439723.730648718774319 ], [ 2851900.098422280978411, 2439721.937467474490404 ], [ 2851900.890851168893278, 2439718.969045366160572 ], [ 2851901.852985190227628, 2439715.894364953041077 ], [ 2851902.901691255159676, 2439713.686992066446692 ], [ 2851904.662561082281172, 2439711.915706526488066 ], [ 2851906.540576735045761, 2439710.331209422089159 ], [ 2851908.729208534583449, 2439708.034762420225888 ], [ 2851907.863742975052446, 2439707.662960566580296 ], [ 2851907.123028873465955, 2439707.34472252195701 ], [ 2851906.713728608563542, 2439706.685848571360111 ], [ 2851905.539899505674839, 2439704.79653139365837 ], [ 2851904.705732988193631, 2439701.350445992313325 ], [ 2851906.054596199654043, 2439699.830856301821768 ], [ 2851909.201558091677725, 2439698.392750036437064 ], [ 2851912.331957628950477, 2439696.886383580975235 ], [ 2851915.449117772746831, 2439694.773158977273852 ], [ 2851917.98845336958766, 2439693.62738109473139 ], [ 2851920.012928709853441, 2439693.794813353102654 ], [ 2851923.103187046013772, 2439695.817001849412918 ], [ 2851927.577874766662717, 2439695.617007485590875 ], [ 2851929.527515626512468, 2439693.734536500182003 ], [ 2851932.247160993050784, 2439693.928509666118771 ], [ 2851936.383246896788478, 2439695.472148797474802 ], [ 2851939.009501667693257, 2439698.380546503700316 ], [ 2851942.423036208376288, 2439700.039387228898704 ], [ 2851946.402439382858574, 2439699.49222147744149 ], [ 2851948.681233771145344, 2439695.868770471774042 ], [ 2851947.868556078523397, 2439693.658475689589977 ], [ 2851947.193686569109559, 2439691.422853100113571 ], [ 2851946.592678513377905, 2439689.788948490284383 ], [ 2851947.140505508519709, 2439686.956419130787253 ], [ 2851948.65899892244488, 2439682.485224993899465 ], [ 2851950.372322247363627, 2439678.52231335779652 ], [ 2851951.647538998629898, 2439676.401069326326251 ], [ 2851954.752487466670573, 2439675.936094373930246 ], [ 2851958.109415142331272, 2439674.51595680275932 ], [ 2851961.544058844912797, 2439673.416900662705302 ], [ 2851964.947139239870012, 2439672.740079775918275 ], [ 2851968.064055957831442, 2439675.169227861333638 ], [ 2851969.141497794073075, 2439676.133741046767682 ], [ 2851969.560133213642985, 2439676.508530153427273 ], [ 2851970.116654017008841, 2439678.082866960205138 ], [ 2851970.40778795722872, 2439678.906271377112716 ], [ 2851972.702423873357475, 2439677.896405653096735 ], [ 2851975.577387241646647, 2439676.735837658401579 ], [ 2851977.558858186006546, 2439676.428116548340768 ], [ 2851980.131542216986418, 2439675.760085810907185 ], [ 2851983.038464338518679, 2439675.284514048136771 ], [ 2851985.480512978509068, 2439675.47804010193795 ], [ 2851987.739682041108608, 2439675.170750641729683 ], [ 2851990.923958524130285, 2439675.585300510749221 ], [ 2851994.647320090793073, 2439676.273874366655946 ], [ 2851998.767371018882841, 2439676.859432533849031 ], [ 2852003.800842392724007, 2439677.269790193531662 ], [ 2852009.313871558755636, 2439678.259281615260988 ], [ 2852013.800108357332647, 2439678.956665522418916 ], [ 2852017.69857678283006, 2439678.627002749592066 ], [ 2852020.653643913567066, 2439677.797556660138071 ], [ 2852025.395421479828656, 2439678.149128074292094 ], [ 2852029.212321331258863, 2439679.775646361522377 ], [ 2852032.26097547262907, 2439681.881064244080335 ], [ 2852035.018048319034278, 2439683.927774932701141 ], [ 2852038.260199761018157, 2439685.982881433330476 ], [ 2852042.156246752478182, 2439688.489058529492468 ], [ 2852046.36758263874799, 2439691.192703659646213 ], [ 2852050.283436076249927, 2439694.035284992773086 ], [ 2852053.840697697363794, 2439696.287994910031557 ], [ 2852056.899561588652432, 2439698.732192103751004 ], [ 2852060.282362724654377, 2439700.264557265676558 ], [ 2852063.111142382957041, 2439702.013178303837776 ], [ 2852064.911812119185925, 2439704.101195294875652 ], [ 2852068.090361960232258, 2439705.893659347202629 ], [ 2852071.940340398345143, 2439707.656405338086188 ], [ 2852076.004086977336556, 2439709.156795687973499 ], [ 2852078.843720092438161, 2439710.695612779352814 ], [ 2852081.979247386567295, 2439712.012823583558202 ], [ 2852085.67109945602715, 2439713.123324230778962 ], [ 2852089.666219683364034, 2439713.192947835661471 ], [ 2852093.974839720875025, 2439712.901732482947409 ], [ 2852098.010631635785103, 2439713.436769460327923 ], [ 2852101.597549459896982, 2439714.367697911337018 ], [ 2852104.876771504059434, 2439714.623111734166741 ], [ 2852108.228768323548138, 2439714.031977280974388 ], [ 2852110.309479205403477, 2439713.284705546218902 ], [ 2852112.070899170823395, 2439712.62032449292019 ], [ 2852114.418641857802868, 2439712.424316363409162 ], [ 2852117.082745706662536, 2439711.794621732551605 ], [ 2852119.441881258971989, 2439710.499082825612277 ], [ 2852121.636649883817881, 2439708.821895806118846 ], [ 2852124.585286745801568, 2439708.26308869663626 ], [ 2852128.208433259744197, 2439707.94294073805213 ], [ 2852130.983531472273171, 2439706.115053042769432 ], [ 2852132.791878270916641, 2439703.64835034776479 ], [ 2852135.44121609814465, 2439701.853239285759628 ], [ 2852138.594858940225095, 2439702.141296560876071 ], [ 2852142.787832858972251, 2439702.221656820736825 ], [ 2852147.578058721031994, 2439701.329375373665243 ], [ 2852151.654263734817505, 2439700.332844387739897 ], [ 2852154.415906074456871, 2439699.553500427864492 ], [ 2852156.721420032903552, 2439698.333935020957142 ], [ 2852157.169290813617408, 2439696.489660673309118 ], [ 2852157.352782618254423, 2439694.445071359165013 ], [ 2852157.732900558039546, 2439692.618233299348503 ], [ 2852157.194826428312808, 2439691.903480698354542 ], [ 2852156.42988545820117, 2439690.887327894102782 ], [ 2852155.039328270591795, 2439688.837553770281374 ], [ 2852154.97669886611402, 2439688.824651859235018 ], [ 2852152.36763515137136, 2439688.28982967697084 ], [ 2852150.034646746702492, 2439685.998455468099564 ], [ 2852150.124403529334813, 2439685.901296880096197 ], [ 2852151.720925286412239, 2439684.174058538861573 ], [ 2852153.649375028908253, 2439681.396810898557305 ], [ 2852154.80903701717034, 2439677.99156203167513 ], [ 2852157.962420287542045, 2439676.282636024989188 ], [ 2852161.000413940288126, 2439676.94226660951972 ], [ 2852165.814040914177895, 2439676.995936918072402 ], [ 2852169.572753035463393, 2439674.985140628181398 ], [ 2852172.374807006213814, 2439672.674226136878133 ], [ 2852173.978486219421029, 2439669.701965584419668 ], [ 2852175.199745764024556, 2439665.659830119460821 ], [ 2852176.151995623484254, 2439662.246419753879309 ], [ 2852176.102954566944391, 2439659.496430435217917 ], [ 2852176.121846055146307, 2439656.72887018462643 ], [ 2852175.688423137180507, 2439654.089093384798616 ], [ 2852174.092004805803299, 2439651.740975245833397 ], [ 2852174.008712283335626, 2439651.6962695796974 ], [ 2852170.619352808222175, 2439649.880190289113671 ], [ 2852166.123090582899749, 2439648.843981452751905 ], [ 2852162.388855517376214, 2439646.709639815613627 ], [ 2852159.523485636338592, 2439644.215126363094896 ], [ 2852159.386614721268415, 2439643.850599303841591 ], [ 2852158.366029551252723, 2439641.132286067120731 ], [ 2852157.769832948222756, 2439638.669204515404999 ], [ 2852157.856713069602847, 2439636.225531007628888 ], [ 2852158.211132626514882, 2439633.44319764804095 ], [ 2852157.963704186026007, 2439629.575576128438115 ], [ 2852155.605760060250759, 2439625.780106120742857 ], [ 2852155.392329023685306, 2439625.589245526120067 ], [ 2852151.84011628292501, 2439622.412204720079899 ], [ 2852148.407884639222175, 2439620.675412681419402 ], [ 2852148.062277014367282, 2439620.058741841930896 ], [ 2852146.96012959536165, 2439618.092163469642401 ], [ 2852147.166745670605451, 2439614.996442466508597 ], [ 2852146.796118919271976, 2439613.168126583099365 ], [ 2852148.745461595244706, 2439612.175549256149679 ], [ 2852151.067319553345442, 2439612.679644984658808 ], [ 2852154.23013512045145, 2439613.855135013349354 ], [ 2852155.568781832233071, 2439614.883840884082019 ], [ 2852157.74442831473425, 2439615.632892232853919 ], [ 2852159.239121095277369, 2439614.758356245234609 ], [ 2852160.357276073191315, 2439611.436313755810261 ], [ 2852161.805273278616369, 2439609.47709381673485 ], [ 2852162.639408049173653, 2439606.425334122031927 ], [ 2852163.789807011373341, 2439602.132671506144106 ], [ 2852165.565085381269455, 2439599.52974527142942 ], [ 2852168.38146098330617, 2439595.621768396347761 ], [ 2852169.728601370938122, 2439591.546937837265432 ], [ 2852172.210830108262599, 2439588.212014890275896 ], [ 2852176.200867528095841, 2439585.458173180930316 ], [ 2852180.84824032522738, 2439583.423510636202991 ], [ 2852185.034079535398632, 2439581.436137937940657 ], [ 2852189.131781287491322, 2439579.678775430191308 ], [ 2852192.619479335844517, 2439579.393799111247063 ], [ 2852196.354110162705183, 2439580.63813784532249 ], [ 2852200.203172898851335, 2439582.949625911191106 ], [ 2852205.494056848809123, 2439585.569513154681772 ], [ 2852210.330799581948668, 2439587.417518206872046 ], [ 2852213.322691698558629, 2439589.330755289178342 ], [ 2852216.96422681864351, 2439591.634001858532429 ], [ 2852221.048854805529118, 2439594.918972203508019 ], [ 2852224.65080351755023, 2439599.012307732366025 ], [ 2852228.621447312645614, 2439601.571514944080263 ], [ 2852231.369901626836509, 2439599.336673818062991 ], [ 2852233.480923859402537, 2439596.719038933515549 ], [ 2852233.501388371922076, 2439592.854161010589451 ], [ 2852233.012730186339468, 2439589.390752945560962 ], [ 2852231.670008234679699, 2439586.987057109829038 ], [ 2852231.259098701179028, 2439586.501499206759036 ], [ 2852229.179122782312334, 2439584.0435955459252 ], [ 2852225.077834204770625, 2439580.690382372122258 ], [ 2852225.138777554035187, 2439580.466184231452644 ], [ 2852225.986146048642695, 2439577.350454404484481 ], [ 2852228.151777875609696, 2439576.105131840799004 ], [ 2852230.419122892897576, 2439573.58133765636012 ], [ 2852233.691890824586153, 2439572.110569141339511 ], [ 2852237.727581056766212, 2439572.645533394534141 ], [ 2852241.420324496924877, 2439574.863183303270489 ], [ 2852244.485121090896428, 2439577.926678117364645 ], [ 2852247.440983188338578, 2439580.201026362832636 ], [ 2852249.851544934790581, 2439580.816581925842911 ], [ 2852251.603408585302532, 2439580.154776081908494 ], [ 2852252.056211613118649, 2439577.481408678926528 ], [ 2852251.345224228687584, 2439574.841378591954708 ], [ 2852250.37622806802392, 2439572.537239079829305 ], [ 2852249.319472537841648, 2439569.573006696999073 ], [ 2852249.411935144569725, 2439567.407219220884144 ], [ 2852251.408133734483272, 2439564.612439834978431 ], [ 2852252.474148414097726, 2439561.924633429385722 ], [ 2852254.229206189978868, 2439557.878487493377179 ], [ 2852255.091142066754401, 2439553.795081991702318 ], [ 2852256.709454769268632, 2439549.991337736602873 ], [ 2852259.469293889589608, 2439546.656868492253125 ], [ 2852261.223298546858132, 2439543.15927872620523 ], [ 2852262.399503507651389, 2439539.822095405776054 ], [ 2852263.701295208651572, 2439538.107832839246839 ], [ 2852265.426488777622581, 2439537.038971022702754 ], [ 2852268.38430785946548, 2439537.367602439597249 ], [ 2852272.301936971955001, 2439539.112842503003776 ], [ 2852276.266558107919991, 2439541.052780883852392 ], [ 2852279.670099351555109, 2439542.372825215570629 ], [ 2852282.722863934002817, 2439544.197877854574472 ], [ 2852285.558420551009476, 2439546.017178638838232 ], [ 2852288.587394139263779, 2439547.786285263486207 ], [ 2852290.817572241649032, 2439547.062207277398556 ], [ 2852291.064707134850323, 2439545.280460574664176 ], [ 2852292.698611481115222, 2439542.093416781630367 ], [ 2852293.592322115320712, 2439539.585074572823942 ], [ 2852296.529355319216847, 2439538.12901914678514 ], [ 2852299.841337662190199, 2439540.641549129970372 ], [ 2852300.055127399042249, 2439540.803761525079608 ], [ 2852302.273278235923499, 2439544.573458763770759 ], [ 2852303.006851200945675, 2439547.901021081022918 ], [ 2852301.026139885187149, 2439551.312516673002392 ], [ 2852300.556902869138867, 2439553.917802657932043 ], [ 2852301.938414172269404, 2439557.076951364055276 ], [ 2852303.640334372408688, 2439559.949772641062737 ], [ 2852303.919964404776692, 2439560.421822391916066 ], [ 2852306.750595277175307, 2439563.070218336302787 ], [ 2852310.260762732475996, 2439565.128163216635585 ], [ 2852313.476287667639554, 2439566.776424384210259 ], [ 2852316.6823296318762, 2439568.427140607032925 ], [ 2852320.122739381156862, 2439569.602990920655429 ], [ 2852323.881791142746806, 2439569.588971964549273 ], [ 2852328.450491818133742, 2439567.781677298713475 ], [ 2852330.18557405192405, 2439565.054826425388455 ], [ 2852330.900261532980949, 2439561.765031065791845 ], [ 2852330.204962004907429, 2439559.741681659128517 ], [ 2852328.463075603358448, 2439557.089914266485721 ], [ 2852328.044935118407011, 2439556.559301159344614 ], [ 2852325.302505612373352, 2439553.078711877577007 ], [ 2852322.059325790964067, 2439549.575109236873686 ], [ 2852320.296081212349236, 2439547.684355096425861 ], [ 2852318.660075007472187, 2439546.319087394047529 ], [ 2852318.151144015602767, 2439545.629493105225265 ], [ 2852317.038675082847476, 2439544.12223489349708 ], [ 2852315.332391355186701, 2439540.768071787897497 ], [ 2852313.637357539497316, 2439536.314100004266948 ], [ 2852314.236605949699879, 2439533.395939459558576 ], [ 2852314.914216123055667, 2439530.25027806404978 ], [ 2852314.599060364067554, 2439526.400190979707986 ], [ 2852312.934685635846108, 2439522.072818428277969 ], [ 2852311.397663708310574, 2439518.271012992598116 ], [ 2852312.226881293114275, 2439516.048349150456488 ], [ 2852315.145719677209854, 2439514.814332641661167 ], [ 2852318.114080134779215, 2439514.591955522540957 ], [ 2852322.234236584044993, 2439513.521854804828763 ], [ 2852323.90312188398093, 2439515.023383255582303 ], [ 2852325.282075252383947, 2439516.176003255415708 ], [ 2852326.955336112529039, 2439515.741440179757774 ], [ 2852330.531413016375154, 2439515.226622747257352 ], [ 2852333.59562278073281, 2439514.296270674560219 ], [ 2852336.910562759265304, 2439513.849281246773899 ], [ 2852339.358207383193076, 2439514.320706161204726 ], [ 2852341.496700715273619, 2439515.21401396766305 ], [ 2852343.676673035137355, 2439516.023918804246932 ], [ 2852347.944160428829491, 2439517.812890999019146 ], [ 2852353.115339278243482, 2439521.190620470792055 ], [ 2852353.157958672381938, 2439521.218490799423307 ], [ 2852356.069321195594966, 2439525.246911383699626 ], [ 2852356.55820863507688, 2439525.92289756052196 ], [ 2852360.852789484430104, 2439529.225745598785579 ], [ 2852364.48612792044878, 2439532.896988545078784 ], [ 2852367.405627032741904, 2439536.344935520552099 ], [ 2852367.840115553699434, 2439536.857998725026846 ], [ 2852369.433259184472263, 2439539.934007324278355 ], [ 2852369.635115774814039, 2439540.323718614410609 ], [ 2852371.605907249264419, 2439542.222816083580256 ], [ 2852373.855208528228104, 2439543.573530592024326 ], [ 2852377.856281201355159, 2439544.262460688594729 ], [ 2852381.482787222601473, 2439542.554889107123017 ], [ 2852385.006596265360713, 2439540.677504651248455 ], [ 2852386.920349201187491, 2439540.387330603785813 ], [ 2852390.26571312174201, 2439538.070057721808553 ], [ 2852392.784098798409104, 2439535.139645509421825 ], [ 2852395.790561450645328, 2439532.568822409491986 ], [ 2852399.119364121928811, 2439530.183289491105825 ], [ 2852401.591740808449686, 2439528.506464126519859 ], [ 2852403.384693631902337, 2439527.420169818215072 ], [ 2852405.434747884515673, 2439526.546209516469389 ], [ 2852408.036906925495714, 2439524.556348451413214 ], [ 2852406.472087688744068, 2439521.786187194287777 ], [ 2852406.341531483456492, 2439521.794516450725496 ], [ 2852404.042478732764721, 2439521.941282605752349 ], [ 2852401.741873646620661, 2439522.331745440140367 ], [ 2852399.554521073587239, 2439522.341109301894903 ], [ 2852394.556594304740429, 2439521.228226323612034 ], [ 2852388.888773006387055, 2439519.047543487511575 ], [ 2852383.866896527819335, 2439515.033385405316949 ], [ 2852379.363689298741519, 2439510.27392746694386 ], [ 2852375.791569335386157, 2439506.855900005437434 ], [ 2852375.583002641797066, 2439506.457453593611717 ], [ 2852374.013116478919983, 2439503.458342098630965 ], [ 2852372.960051657631993, 2439501.103636494837701 ], [ 2852372.782829816453159, 2439499.225026552565396 ], [ 2852373.591435666196048, 2439497.21477566100657 ], [ 2852374.536860578227788, 2439495.727538358420134 ], [ 2852376.603378828149289, 2439494.921855607070029 ], [ 2852378.520390540361404, 2439494.899923158809543 ], [ 2852380.785506742075086, 2439495.211936336010695 ], [ 2852383.326699704863131, 2439494.965842098463327 ], [ 2852386.515963180456311, 2439494.551514455117285 ], [ 2852389.872208834625781, 2439495.676821700762957 ], [ 2852393.172846948727965, 2439496.826996224932373 ], [ 2852396.863358585629612, 2439497.379331905394793 ], [ 2852400.282144930679351, 2439497.319116447120905 ], [ 2852404.434361864812672, 2439496.93399908579886 ], [ 2852407.708890304900706, 2439498.018584160599858 ], [ 2852411.06515368167311, 2439499.143991271033883 ], [ 2852414.652838263660669, 2439499.526335560716689 ], [ 2852417.620522768236697, 2439498.19678583741188 ], [ 2852419.622328867670149, 2439495.679995890241116 ], [ 2852419.276770729571581, 2439493.700292896013707 ], [ 2852420.457087302580476, 2439490.082735435571522 ], [ 2852421.920915539842099, 2439487.084819784853607 ], [ 2852421.463674952276051, 2439485.196132612880319 ], [ 2852421.233058090787381, 2439483.393655819818377 ], [ 2852420.877375341951847, 2439481.075058287940919 ], [ 2852419.301524118985981, 2439478.514836466871202 ], [ 2852419.163806154858321, 2439478.451956937089562 ], [ 2852414.678796249441803, 2439476.404210046865046 ], [ 2852409.109466054011136, 2439474.332572320010513 ], [ 2852404.168403110932559, 2439471.756298068910837 ], [ 2852400.910533960908651, 2439469.084393604658544 ], [ 2852398.388989332132041, 2439466.014327011536807 ], [ 2852398.358581213280559, 2439465.918807757087052 ], [ 2852397.535665988922119, 2439463.338712435215712 ], [ 2852397.409102478530258, 2439460.26750709163025 ], [ 2852398.757261385209858, 2439457.641064338386059 ], [ 2852401.609885966405272, 2439454.1374835325405 ], [ 2852403.586960729211569, 2439452.113383471500129 ], [ 2852405.45837661344558, 2439452.455132673028857 ], [ 2852407.613401100505143, 2439454.582397465594113 ], [ 2852407.889925345778465, 2439454.855345824733377 ], [ 2852409.877465269528329, 2439458.199830207973719 ], [ 2852410.196496213786304, 2439458.736655454151332 ], [ 2852413.685193411074579, 2439461.555537360720336 ], [ 2852417.753990622237325, 2439462.226835982874036 ], [ 2852417.119895553216338, 2439460.456603419035673 ], [ 2852416.183896083384752, 2439458.288803272880614 ], [ 2852415.962212699465454, 2439455.376874124631286 ], [ 2852416.787732205819339, 2439452.544584272895008 ], [ 2852418.973262716084719, 2439449.979992715176195 ], [ 2852422.847265395801514, 2439450.14320509834215 ], [ 2852427.741637807805091, 2439449.979234158061445 ], [ 2852431.692942545749247, 2439448.466778608039021 ], [ 2852434.667084294371307, 2439446.866694205906242 ], [ 2852436.082122201099992, 2439444.771237367298454 ], [ 2852435.444867485202849, 2439442.732744747307152 ], [ 2852435.069888916332275, 2439442.542379509657621 ], [ 2852433.651710496749729, 2439441.822350573725998 ], [ 2852430.467388270422816, 2439441.407680864445865 ], [ 2852427.14176513068378, 2439440.408773513976485 ], [ 2852422.915038553066552, 2439439.085191551130265 ], [ 2852422.823037054389715, 2439438.510812963359058 ], [ 2852422.512284573167562, 2439436.572012850083411 ], [ 2852424.153085803613067, 2439433.455723850987852 ], [ 2852425.893974201753736, 2439433.003547836560756 ], [ 2852429.428565178532153, 2439432.572039906401187 ], [ 2852434.348199000582099, 2439432.256647943984717 ], [ 2852437.295920595526695, 2439432.246490895748138 ], [ 2852438.499343988019973, 2439430.423266110010445 ], [ 2852437.744417075067759, 2439427.85671549802646 ], [ 2852435.302308112382889, 2439424.01068988442421 ], [ 2852435.049607996828854, 2439423.746789780445397 ], [ 2852432.922227864153683, 2439421.524626732803881 ], [ 2852432.444047070108354, 2439420.873424395453185 ], [ 2852431.173923119902611, 2439419.143590236548334 ], [ 2852429.856764556840062, 2439417.354045706801116 ], [ 2852428.83019324298948, 2439415.40653069363907 ], [ 2852427.145078302361071, 2439412.946950889192522 ], [ 2852427.081815158948302, 2439412.926638016942888 ], [ 2852423.354774774983525, 2439411.727170631289482 ], [ 2852420.192177117802203, 2439412.548553052358329 ], [ 2852416.490561138372868, 2439415.093026570044458 ], [ 2852412.679794391617179, 2439417.738222630694509 ], [ 2852410.531423297710717, 2439418.503001783974469 ], [ 2852407.599556290544569, 2439421.126941863913089 ], [ 2852402.378351450897753, 2439423.041635246947408 ], [ 2852395.365606119856238, 2439420.103253499604762 ], [ 2852389.0689677586779, 2439417.320211688522249 ], [ 2852385.906122968997806, 2439416.144612398929894 ], [ 2852383.139144537039101, 2439413.75915482500568 ], [ 2852382.641238393262029, 2439413.079943858552724 ], [ 2852380.883156947325915, 2439410.682091610506177 ], [ 2852380.744291855953634, 2439410.513331181369722 ], [ 2852379.528838790487498, 2439409.036798757500947 ], [ 2852379.538340487517416, 2439408.988567394204438 ], [ 2852379.95703446213156, 2439406.856203691568226 ], [ 2852382.365796807222068, 2439404.916634584311396 ], [ 2852388.671396534889936, 2439402.937525220215321 ], [ 2852395.034129669889808, 2439401.492107738740742 ], [ 2852398.720955838449299, 2439401.434914307668805 ], [ 2852400.341938878409564, 2439401.529943828471005 ], [ 2852400.670946644153446, 2439401.549225124530494 ], [ 2852401.345724770799279, 2439403.784968658816069 ], [ 2852402.688544347882271, 2439405.635607801377773 ], [ 2852403.196742087602615, 2439406.335915796458721 ], [ 2852406.832262390758842, 2439408.019900654442608 ], [ 2852411.286403439939022, 2439408.032449454069138 ], [ 2852413.780395972076803, 2439407.591595365200192 ], [ 2852415.802325008437037, 2439405.752415350172669 ], [ 2852418.530134924687445, 2439401.732974932529032 ], [ 2852417.929035012610257, 2439400.09908427298069 ], [ 2852417.426109540741891, 2439399.482233128976077 ], [ 2852415.004955447278917, 2439396.512625415343791 ], [ 2852414.728124818764627, 2439396.119502769783139 ], [ 2852412.091317992657423, 2439392.375174115877599 ], [ 2852410.290845023002476, 2439388.63155087409541 ], [ 2852409.806972613092512, 2439388.031440134625882 ], [ 2852408.131584205664694, 2439385.95365227619186 ], [ 2852406.947716673836112, 2439384.460735911503434 ], [ 2852406.83362236013636, 2439384.281930248718709 ], [ 2852405.854651229456067, 2439382.747695893514901 ], [ 2852404.70458866795525, 2439380.842305318452418 ], [ 2852404.180422166362405, 2439380.152154161594808 ], [ 2852403.391995301004499, 2439379.113869142252952 ], [ 2852403.37992423446849, 2439379.09299760684371 ], [ 2852401.518312783446163, 2439375.875507437624037 ], [ 2852399.278969848062843, 2439372.86658769659698 ], [ 2852399.263813396915793, 2439372.855641250032932 ], [ 2852397.872632942162454, 2439371.85570825310424 ], [ 2852395.8590884571895, 2439371.478439090307802 ], [ 2852391.931673558428884, 2439371.39126349799335 ], [ 2852389.39530970947817, 2439370.808282106649131 ], [ 2852387.356881987303495, 2439368.926702164579183 ], [ 2852383.81605484103784, 2439366.742155911866575 ], [ 2852380.574618948623538, 2439365.79389665927738 ], [ 2852379.078520713374019, 2439364.454486993141472 ], [ 2852379.021006022579968, 2439364.170888835564256 ], [ 2852378.705484838224947, 2439362.616544663906097 ], [ 2852379.781639060005546, 2439360.267635533586144 ], [ 2852381.542297068983316, 2439356.499379761517048 ], [ 2852385.326278551016003, 2439351.45032219029963 ], [ 2852385.837883864529431, 2439348.21321380045265 ], [ 2852384.163838536478579, 2439345.543893994763494 ], [ 2852383.924690692685544, 2439345.307306966744363 ], [ 2852381.014956831000745, 2439342.429731792770326 ], [ 2852377.347721896599978, 2439339.170982972718775 ], [ 2852374.022617517970502, 2439335.626594706438482 ], [ 2852373.597200528718531, 2439335.03313521342352 ], [ 2852371.228422908112407, 2439331.727085154503584 ], [ 2852371.064518736675382, 2439331.53597131324932 ], [ 2852367.890990086831152, 2439327.834239762276411 ], [ 2852364.549438783433288, 2439324.221672466956079 ], [ 2852360.318400281015784, 2439321.181687069591135 ], [ 2852356.176805556751788, 2439319.360119523480535 ], [ 2852355.978941670618951, 2439318.795635636430234 ], [ 2852354.847323880530894, 2439315.566558422520757 ], [ 2852353.987354918383062, 2439311.164794541429728 ], [ 2852353.311950215138495, 2439307.822171893902123 ], [ 2852352.316406838130206, 2439305.111057107336819 ], [ 2852351.993155737407506, 2439304.983710910193622 ], [ 2852349.055283691734076, 2439303.826477126218379 ], [ 2852345.936866641044617, 2439300.838952312711626 ], [ 2852345.887076194863766, 2439300.593096118420362 ], [ 2852344.888428282923996, 2439295.658388228155673 ], [ 2852344.087343766354024, 2439292.348425268661231 ], [ 2852345.484186796471477, 2439290.475005230866373 ], [ 2852347.532672722358257, 2439289.042798878159374 ], [ 2852350.324915187433362, 2439288.390178049914539 ], [ 2852354.083894355222583, 2439288.376276019960642 ], [ 2852357.941979218740016, 2439289.57820207811892 ], [ 2852361.456069162115455, 2439291.355905179865658 ], [ 2852365.938336918130517, 2439292.333669582847506 ], [ 2852369.733437038958073, 2439292.724172391928732 ], [ 2852373.784711507149041, 2439291.879021405242383 ], [ 2852374.856880769133568, 2439289.810569733381271 ], [ 2852374.344139377586544, 2439286.291171935386956 ], [ 2852374.947390727233142, 2439283.092556311748922 ], [ 2852376.823512884788215, 2439278.952765320893377 ], [ 2852378.662768477573991, 2439274.95717079937458 ], [ 2852381.274817313998938, 2439271.309220939874649 ], [ 2852381.916725256945938, 2439266.86915457714349 ], [ 2852380.890840416774154, 2439262.375924061052501 ], [ 2852380.453147153370082, 2439262.10452198702842 ], [ 2852377.915392579510808, 2439260.530861482955515 ], [ 2852375.923471765592694, 2439261.389662230852991 ], [ 2852373.358413476496935, 2439265.232310204301029 ], [ 2852371.338100610300899, 2439264.784371662884951 ], [ 2852368.901079221628606, 2439262.106258368119597 ], [ 2852365.932379813864827, 2439261.987329532392323 ], [ 2852363.39154173899442, 2439266.227210733108222 ], [ 2852359.797383278608322, 2439270.616528297308832 ], [ 2852356.52480891533196, 2439270.431792241055518 ], [ 2852356.169629809446633, 2439269.727673737797886 ], [ 2852354.429749894421548, 2439266.278174714650959 ], [ 2852353.487187917344272, 2439262.384109318256378 ], [ 2852354.474863255862147, 2439258.268245494924486 ], [ 2852353.944944837130606, 2439255.229367466643453 ], [ 2852353.445674145128578, 2439254.741841295268387 ], [ 2852352.329475305043161, 2439253.651805213652551 ], [ 2852347.96396928280592, 2439253.750933263916522 ], [ 2852344.680605616420507, 2439253.775787090882659 ], [ 2852342.16996951866895, 2439254.148500517942011 ], [ 2852340.367847042623907, 2439254.347364510409534 ], [ 2852338.024918955750763, 2439253.714290336705744 ], [ 2852334.872184293344617, 2439252.877490613609552 ], [ 2852331.818477336317301, 2439251.601074281148612 ], [ 2852331.385481891687959, 2439250.930888898670673 ], [ 2852330.404631091281772, 2439249.412565525621176 ], [ 2852330.36160035431385, 2439245.284929794259369 ], [ 2852332.181097031570971, 2439244.605510348454118 ], [ 2852335.746327960863709, 2439244.300496711395681 ], [ 2852341.08891436457634, 2439244.289111713413149 ], [ 2852346.548213819041848, 2439243.357599950861186 ], [ 2852348.790135713294148, 2439241.87529818341136 ], [ 2852349.056725325994194, 2439238.432893424294889 ], [ 2852348.322621559724212, 2439233.998336622491479 ], [ 2852347.996775962412357, 2439232.355057220906019 ], [ 2852347.648099894635379, 2439231.747189516667277 ], [ 2852347.412427141331136, 2439230.773628459312022 ], [ 2852327.522339949384332, 2439214.003321643453091 ], [ 2852325.878941181115806, 2439211.460505119524896 ], [ 2852324.565310973674059, 2439210.280726030468941 ], [ 2852322.291876560077071, 2439208.532666257582605 ], [ 2852320.318432338535786, 2439204.62696530437097 ], [ 2852319.496720390859991, 2439201.529317107051611 ], [ 2852319.998236184939742, 2439199.609073657542467 ], [ 2852322.591469117905945, 2439198.728661475237459 ], [ 2852325.769996634684503, 2439198.100356575567275 ], [ 2852325.926951163448393, 2439198.069374934304506 ], [ 2852329.168141660280526, 2439197.02064807806164 ], [ 2852330.472561237867922, 2439194.467650623526424 ], [ 2852329.671285824850202, 2439191.157724952325225 ], [ 2852327.224438169971108, 2439188.140665967483073 ], [ 2852324.404589889571071, 2439185.282585496082902 ], [ 2852321.868945632129908, 2439182.154088564682752 ], [ 2852320.679362080059946, 2439178.386289794463664 ], [ 2852320.52763235475868, 2439175.466392055153847 ], [ 2852321.937947256490588, 2439172.544430432841182 ], [ 2852323.51500481646508, 2439170.820779367815703 ], [ 2852325.281868573278189, 2439169.705203675664961 ], [ 2852325.351894423365593, 2439169.660903304815292 ], [ 2852327.922902571037412, 2439170.090022799093276 ], [ 2852331.05164405470714, 2439172.526472026947886 ], [ 2852334.685894732363522, 2439175.648972832132131 ], [ 2852339.255731155630201, 2439178.942522048950195 ], [ 2852343.065103921107948, 2439182.236885171383619 ], [ 2852345.627721410710365, 2439184.882453776896 ], [ 2852347.493786621838808, 2439186.943198017310351 ], [ 2852349.980957167223096, 2439186.7579913479276 ], [ 2852350.119152268394828, 2439186.747647745069116 ], [ 2852353.354640879668295, 2439183.424135216977447 ], [ 2852352.632716418243945, 2439180.993929377757013 ], [ 2852349.771436384413391, 2439178.218936689198017 ], [ 2852346.06805601157248, 2439174.55559108639136 ], [ 2852342.22403731290251, 2439171.415086088236421 ], [ 2852339.59315743483603, 2439168.445784143172204 ], [ 2852337.156417186371982, 2439165.767520560417324 ], [ 2852335.45562845794484, 2439162.691264761146158 ], [ 2852334.057670163922012, 2439159.463841007556766 ], [ 2852333.307571599259973, 2439156.06812045071274 ], [ 2852333.348846471868455, 2439151.991211338434368 ], [ 2852333.493232470005751, 2439149.190932222642004 ], [ 2852335.682878266088665, 2439146.345962892286479 ], [ 2852338.369635354261845, 2439142.751112044323236 ], [ 2852340.663341161329299, 2439138.637415158096701 ], [ 2852342.685831485781819, 2439136.617989599704742 ], [ 2852342.708147970028222, 2439136.595680730417371 ], [ 2852345.751105511561036, 2439136.426322558429092 ], [ 2852348.976176530122757, 2439136.590798350982368 ], [ 2852349.081658133305609, 2439136.596130107529461 ], [ 2852351.554048939608037, 2439134.91930329054594 ], [ 2852353.508265944197774, 2439133.097755496390164 ], [ 2852354.344021309167147, 2439130.604343419894576 ], [ 2852352.747631807345897, 2439128.256323453038931 ], [ 2852351.152589216828346, 2439124.469664428383112 ], [ 2852350.093720817007124, 2439119.840095190797001 ], [ 2852350.129836423322558, 2439116.592118064872921 ], [ 2852352.430305495858192, 2439114.204652826767415 ], [ 2852354.863831847906113, 2439112.970422904472798 ], [ 2852354.938930675387383, 2439112.932310502044857 ], [ 2852357.395115124061704, 2439113.184285840019584 ], [ 2852359.890617195516825, 2439113.301888154353946 ], [ 2852362.620399278122932, 2439113.834672811441123 ], [ 2852364.372056793421507, 2439114.828367480076849 ], [ 2852367.053691664710641, 2439115.715027787256986 ], [ 2852369.604891839437187, 2439117.463305950164795 ], [ 2852372.994993469212204, 2439118.176431310363114 ], [ 2852376.440357280895114, 2439118.523286649025977 ], [ 2852380.467241300269961, 2439120.16778888553381 ], [ 2852385.137445225380361, 2439120.256483133416623 ], [ 2852385.145349023863673, 2439120.256658047437668 ], [ 2852387.567274740431458, 2439119.772390940226614 ], [ 2852389.009742265567183, 2439117.535390306264162 ], [ 2852388.705378759186715, 2439115.131179809570312 ], [ 2852386.963506144471467, 2439112.479414952918887 ], [ 2852384.424778242595494, 2439109.889773619826883 ], [ 2852382.369728589430451, 2439107.940150962211192 ], [ 2852380.759227412287146, 2439105.533693216275424 ], [ 2852379.832357269711792, 2439102.25631023850292 ], [ 2852378.785423983819783, 2439097.634108989499509 ], [ 2852378.574373442679644, 2439092.515397093258798 ], [ 2852379.596806834451854, 2439088.245659020729363 ], [ 2852381.582276333123446, 2439084.005012783687562 ], [ 2852383.729693182744086, 2439080.136389009188861 ], [ 2852385.124070194549859, 2439076.256228359416127 ], [ 2852385.932454505003989, 2439072.248997935093939 ], [ 2852386.359578313305974, 2439068.620041199494153 ], [ 2852387.734089512377977, 2439064.403692739550024 ], [ 2852389.117843647487462, 2439061.07465910166502 ], [ 2852391.628281711600721, 2439058.705162947066128 ], [ 2852395.406735639087856, 2439057.030702002346516 ], [ 2852399.398270468227565, 2439055.788339472841471 ], [ 2852399.42178876278922, 2439055.78106743004173 ], [ 2852403.839262574911118, 2439055.047743991948664 ], [ 2852408.095089506357908, 2439054.34209425188601 ], [ 2852408.247155650053173, 2439054.316893718671054 ], [ 2852410.499598043039441, 2439052.28338663931936 ], [ 2852410.253180956467986, 2439049.864051873330027 ], [ 2852409.131982943974435, 2439047.18569623446092 ], [ 2852407.888714012689888, 2439044.342410883400589 ], [ 2852407.017891987226903, 2439040.150355319492519 ], [ 2852407.017014477401972, 2439037.046395577955991 ], [ 2852407.560050724074244, 2439035.042947749607265 ], [ 2852409.520714110694826, 2439032.950767954811454 ], [ 2852412.442078646738082, 2439030.877937861718237 ], [ 2852415.679261228535324, 2439029.298580250702798 ], [ 2852415.751882817596197, 2439029.263161019422114 ], [ 2852418.679157536476851, 2439029.465179984923452 ], [ 2852422.181736331433058, 2439030.345611366443336 ], [ 2852424.902023698203266, 2439031.646383834537119 ], [ 2852428.487316086888313, 2439032.019198792986572 ], [ 2852432.503440489992499, 2439032.217830966226757 ], [ 2852437.470736128278077, 2439033.204211708623916 ], [ 2852440.446922367904335, 2439036.156235528178513 ], [ 2852443.497073190286756, 2439038.820028348825872 ], [ 2852446.59745289105922, 2439041.181032836902887 ], [ 2852449.7303008264862, 2439043.337110565509647 ], [ 2852452.580915725789964, 2439044.666215886361897 ], [ 2852455.719740527682006, 2439045.113049083389342 ], [ 2852455.849331273231655, 2439045.131547443568707 ], [ 2852457.149545532651246, 2439042.858848547562957 ], [ 2852456.851204176899046, 2439041.073908555321395 ], [ 2852455.976515140384436, 2439039.159209889825433 ], [ 2852454.700812320224941, 2439037.286677217110991 ], [ 2852454.124424413312227, 2439035.159901068080217 ], [ 2852453.422399851493537, 2439031.410421124193817 ], [ 2852453.641610045451671, 2439028.663323257584125 ], [ 2852456.199422869831324, 2439026.707557904534042 ], [ 2852456.243894618935883, 2439026.673446842934936 ], [ 2852459.502171722240746, 2439026.799785597715527 ], [ 2852463.035524727776647, 2439027.806898861192167 ], [ 2852465.055469355545938, 2439028.398126512765884 ], [ 2852465.170634676702321, 2439028.431787275709212 ], [ 2852466.276731149293482, 2439026.758178485557437 ], [ 2852465.722087991423905, 2439024.211990766692907 ], [ 2852465.486199487932026, 2439021.241546970792115 ], [ 2852463.617897580377758, 2439019.171039757318795 ], [ 2852460.39301292039454, 2439016.635380241088569 ], [ 2852457.468214399646968, 2439013.597623236943036 ], [ 2852454.104457583278418, 2439011.294685226865113 ], [ 2852451.360684826038778, 2439009.047980326227844 ], [ 2852450.694237751420587, 2439004.595908022020012 ], [ 2852453.107723746448755, 2438999.83026793319732 ], [ 2852457.01259477250278, 2438995.577632749453187 ], [ 2852461.459957126993686, 2438991.866934282239527 ], [ 2852459.074870506767184, 2438990.210084083024412 ], [ 2852457.313186822459102, 2438988.877475153654814 ], [ 2852456.2493932005018, 2438985.076998223550618 ], [ 2852455.395022832788527, 2438980.953122161328793 ], [ 2852454.939607575535774, 2438977.967282559722662 ], [ 2852456.56547898799181, 2438975.341177769936621 ], [ 2852457.771439077332616, 2438972.67923607584089 ], [ 2852458.643355895765126, 2438970.590426890645176 ], [ 2852460.526361327618361, 2438968.176853251643479 ], [ 2852463.541822561994195, 2438964.496682173572481 ], [ 2852466.587810454890132, 2438960.942930758930743 ], [ 2852469.256939192768186, 2438958.624022112227976 ], [ 2852469.305772949941456, 2438958.581582313403487 ], [ 2852471.696562564000487, 2438958.860838665626943 ], [ 2852474.09124692901969, 2438960.515314950142056 ], [ 2852475.535760744474828, 2438962.830522603821009 ], [ 2852476.007064986974001, 2438964.777447063475847 ], [ 2852476.722898736596107, 2438966.588598007336259 ], [ 2852478.449054542928934, 2438968.623485967516899 ], [ 2852481.673802563454956, 2438970.172915908973664 ], [ 2852481.706194762140512, 2438970.188527034595609 ], [ 2852483.71912244707346, 2438969.458917753305286 ], [ 2852485.475501572713256, 2438967.6266397992149 ], [ 2852486.734552466310561, 2438965.778550278395414 ], [ 2852486.619608192704618, 2438963.604504518676549 ], [ 2852487.058269681874663, 2438960.872920178808272 ], [ 2852489.214927019085735, 2438957.891516266390681 ], [ 2852490.433346883393824, 2438955.578211849555373 ], [ 2852491.447573503479362, 2438953.524788982700557 ], [ 2852493.328066488262266, 2438951.101608418859541 ], [ 2852495.559014415834099, 2438946.176458232104778 ], [ 2852498.668521562591195, 2438940.888649504166096 ], [ 2852501.866974075790495, 2438938.539597630500793 ], [ 2852501.871703235898167, 2438938.535880411043763 ], [ 2852507.20038855727762, 2438937.62666166620329 ], [ 2852507.331035787239671, 2438937.604380612727255 ], [ 2852511.957099359482527, 2438936.330653648357838 ], [ 2852516.055731282569468, 2438934.02479148004204 ], [ 2852517.494702160358429, 2438932.705119234975427 ], [ 2852517.51956545561552, 2438932.682342408690602 ], [ 2852521.173419009894133, 2438932.488812188152224 ], [ 2852525.221696491353214, 2438933.37240892322734 ], [ 2852529.912362820934504, 2438935.465466294437647 ], [ 2852533.954838878009468, 2438937.726675661746413 ], [ 2852537.301318844780326, 2438940.510154204443097 ], [ 2852538.954667115584016, 2438941.394672046415508 ], [ 2852541.020606934092939, 2438943.134691802784801 ], [ 2852543.592789412010461, 2438945.012065713759512 ], [ 2852545.971796167083085, 2438946.04986383439973 ], [ 2852548.990752012003213, 2438947.480065821669996 ], [ 2852552.483547675423324, 2438950.018573066219687 ], [ 2852555.873224739916623, 2438953.277171794325113 ], [ 2852556.245102524291724, 2438953.666965308133513 ], [ 2852558.36713891942054, 2438954.491999166551977 ], [ 2852569.631028563715518, 2438959.212616845034063 ], [ 2852569.647419, 2438959.219471263699234 ], [ 2852570.488914710935205, 2438959.001045779325068 ], [ 2852571.680849920026958, 2438956.280552012845874 ], [ 2852573.816778572276235, 2438951.514661890920252 ], [ 2852575.786710783839226, 2438950.30990042258054 ], [ 2852577.325068940874189, 2438949.020687288139015 ], [ 2852577.548259167466313, 2438945.993034273386002 ], [ 2852577.834884272888303, 2438941.231439061462879 ], [ 2852577.257045990787446, 2438938.546498984098434 ], [ 2852576.044960539788008, 2438936.936707280576229 ], [ 2852574.76775536313653, 2438934.505713447928429 ], [ 2852575.832442334853113, 2438931.259635118767619 ], [ 2852577.401210572570562, 2438928.09994101524353 ], [ 2852579.371992763597518, 2438926.34656176250428 ], [ 2852581.216158772818744, 2438925.342411091085523 ], [ 2852581.211396586615592, 2438925.289172455668449 ], [ 2852576.03914151340723, 2438868.044182202778757 ], [ 2852569.709311200771481, 2438872.313923191279173 ], [ 2852556.524429725948721, 2438558.500420087948442 ], [ 2850991.643167509697378, 2439734.647547655273229 ], [ 2849784.826609999872744, 2439641.944062958471477 ], [ 2849784.826609999872744, 2440168.709014483727515 ], [ 2851176.162908075843006, 2441628.258142234757543 ], [ 2852027.72272449079901, 2441720.467866949737072 ], [ 2852612.396412742324173, 2441843.898004118353128 ], [ 2852742.564329955726862, 2441865.147551734931767 ], [ 2852805.699814247898757, 2441738.634370930492878 ], [ 2852941.612627337686718, 2441719.065307028125972 ], [ 2853058.504629467613995, 2441695.204939272254705 ], [ 2853186.268006828147918, 2441695.883057648316026 ], [ 2853340.733275399543345, 2441719.892612870782614 ], [ 2853572.87363364174962, 2441640.009702511131763 ], [ 2853812.7544757258147, 2441702.940772665664554 ], [ 2853994.526344573125243, 2441854.696505367290229 ], [ 2854150.209783512167633, 2441883.735122520942241 ], [ 2854287.045410905964673, 2441725.29464649502188 ], [ 2854404.571268423460424, 2441661.611824011430144 ], [ 2854564.499974304344505, 2442037.990927278995514 ], [ 2854721.275867815129459, 2442093.465351229533553 ], [ 2855023.282939472235739, 2442047.10193589143455 ], [ 2854960.694035632070154, 2441601.472604400943965 ], [ 2854956.122290560975671, 2441600.726174659561366 ], [ 2854978.633688583038747, 2441542.908906830474734 ], [ 2854978.495833266526461, 2441542.985298594925553 ], [ 2854976.122529594227672, 2441544.222495771944523 ], [ 2854973.153338696807623, 2441544.993446288630366 ], [ 2854970.957728106994182, 2441545.563572070561349 ] ] ] } },
{ "type": "Feature", "properties": { "SITE_NAME": "Costa de Dexo", "ODESIGNATE": "Espacio Protegido Red Natura 2000", "NUT2": 11, "SITE_CODE_": "ES1110009", "DESIG_ABBR": "ES96", "SITE_CDDA": "389057_CDDA", "Sup_ha": 348.09446822699999 }, "geometry": { "type": "Polygon", "coordinates": [ [ [ 2850925.530224500223994, 2435893.086789469234645 ], [ 2850923.2807682515122, 2435890.511132933199406 ], [ 2850922.811780538409948, 2435887.001274270936847 ], [ 2850925.038558135740459, 2435886.857555613387376 ], [ 2850929.6646041222848, 2435886.746218973305076 ], [ 2850931.099067617673427, 2435886.711719609797001 ], [ 2850932.265884965658188, 2435884.184027996379882 ], [ 2850931.92308395775035, 2435880.175860590301454 ], [ 2850931.098582183010876, 2435877.107188246678561 ], [ 2850930.26778632029891, 2435874.014752491377294 ], [ 2850927.063399938400835, 2435868.928507519420236 ], [ 2850925.106039981357753, 2435864.025405950844288 ], [ 2850922.047029548324645, 2435860.04982685809955 ], [ 2850919.293531950563192, 2435855.467402920126915 ], [ 2850919.792486389167607, 2435850.774880838114768 ], [ 2850922.627506556920707, 2435850.256020134780556 ], [ 2850927.474019437097013, 2435848.024681378621608 ], [ 2850929.431952136103064, 2435844.43298168387264 ], [ 2850929.02152888244018, 2435839.210958754643798 ], [ 2850930.218499902170151, 2435837.93747574929148 ], [ 2850951.598739488050342, 2435815.190613442100585 ], [ 2850956.406173536553979, 2435810.075900961644948 ], [ 2850956.83648631349206, 2435810.57017848175019 ], [ 2850957.18084432836622, 2435810.533329196739942 ], [ 2850959.141164232511073, 2435810.323548216372728 ], [ 2850959.74813093431294, 2435808.541403167881072 ], [ 2850959.669119768776, 2435808.26440846780315 ], [ 2850960.855225793085992, 2435806.98631190508604 ], [ 2850981.481530618388206, 2435784.759885115548968 ], [ 2850984.342390754725784, 2435782.351179641671479 ], [ 2850984.908353966660798, 2435782.458720835391432 ], [ 2850986.55127733759582, 2435782.770799280144274 ], [ 2850991.891073087230325, 2435782.832711754832417 ], [ 2850993.745795742608607, 2435779.919613283593208 ], [ 2850994.074081834405661, 2435773.926393825560808 ], [ 2850993.728593030944467, 2435766.33873388543725 ], [ 2850992.934331664815545, 2435760.33692064974457 ], [ 2850990.888274474535137, 2435754.13249661680311 ], [ 2850988.489698479883373, 2435750.644191345199943 ], [ 2850987.652627159841359, 2435749.426921729929745 ], [ 2850986.502464955672622, 2435743.56925402302295 ], [ 2850988.12639659550041, 2435738.894952899310738 ], [ 2850991.526738424785435, 2435733.490426825825125 ], [ 2850994.563868787139654, 2435727.476658694911748 ], [ 2850997.738768863491714, 2435721.820222712587565 ], [ 2851000.497994483448565, 2435715.847669476643205 ], [ 2851002.43135777162388, 2435709.903228673152626 ], [ 2851006.21158091025427, 2435707.102274896577001 ], [ 2851006.258110780268908, 2435707.067784921266139 ], [ 2851009.1628512092866, 2435707.772265739738941 ], [ 2851014.184430066961795, 2435706.178658450953662 ], [ 2851017.016800838522613, 2435702.080506292637438 ], [ 2851019.564179536420852, 2435695.190256849862635 ], [ 2851021.23196639912203, 2435688.06285430630669 ], [ 2851022.043515721336007, 2435685.427551003172994 ], [ 2851022.935960539616644, 2435682.52970090508461 ], [ 2851024.237454853020608, 2435676.863131065387279 ], [ 2851023.453318883664906, 2435668.778965906240046 ], [ 2851022.108406727202237, 2435663.603092780336738 ], [ 2851019.984941345173866, 2435657.41869694320485 ], [ 2851018.51368046971038, 2435651.975547799374908 ], [ 2851017.571626412216574, 2435644.853346646297723 ], [ 2851016.804341127164662, 2435638.368413381278515 ], [ 2851017.349359378684312, 2435630.46704834792763 ], [ 2851018.048897851258516, 2435623.756446340121329 ], [ 2851018.717281236313283, 2435618.192414291203022 ], [ 2851020.209805232472718, 2435612.507212075870484 ], [ 2851023.573685477953404, 2435604.742774842306972 ], [ 2851026.183511442970484, 2435598.322675135917962 ], [ 2851027.56104234373197, 2435592.460467972327024 ], [ 2851027.670269983820617, 2435585.561868686228991 ], [ 2851027.087389230728149, 2435579.712026922032237 ], [ 2851026.312738079112023, 2435572.473923040553927 ], [ 2851025.308357432018965, 2435564.881557355634868 ], [ 2851023.843468742445111, 2435558.784937252756208 ], [ 2851021.616729681380093, 2435552.513539752457291 ], [ 2851019.955371977295727, 2435547.771572296973318 ], [ 2851018.695695043541491, 2435542.480456646066159 ], [ 2851018.489628386683762, 2435537.422684043645859 ], [ 2851019.748433853499591, 2435532.04663304053247 ], [ 2851019.872772494796664, 2435526.654718784149736 ], [ 2851019.394891342148185, 2435520.219023543410003 ], [ 2851019.659060374833643, 2435514.428518545813859 ], [ 2851020.679852130822837, 2435507.303580264560878 ], [ 2851021.857562763616443, 2435501.379541649483144 ], [ 2851023.16761727957055, 2435494.303660075180233 ], [ 2851024.323844156228006, 2435487.52631156379357 ], [ 2851025.116319813299924, 2435482.219599944539368 ], [ 2851026.037288587540388, 2435476.424125295132399 ], [ 2851028.217745995149016, 2435470.353615848813206 ], [ 2851030.964737267233431, 2435465.605027556419373 ], [ 2851034.640860943123698, 2435460.915232288651168 ], [ 2851038.244060217402875, 2435453.502488265745342 ], [ 2851038.755144254304469, 2435446.820327605120838 ], [ 2851038.011905401479453, 2435438.353122035041451 ], [ 2851036.892997623421252, 2435431.349283983930945 ], [ 2851035.193322875536978, 2435424.154777847230434 ], [ 2851033.460283799562603, 2435418.096668094396591 ], [ 2851032.303900363389403, 2435412.892557884566486 ], [ 2851031.507240338250995, 2435406.881025757174939 ], [ 2851030.435552769806236, 2435398.840572346467525 ], [ 2851029.212696194648743, 2435390.259925310965627 ], [ 2851028.416021757293493, 2435384.248294960707426 ], [ 2851026.142816614359617, 2435377.699420342687517 ], [ 2851023.401325102429837, 2435371.127275398932397 ], [ 2851021.746091492008418, 2435364.966272667516023 ], [ 2851020.600077633745968, 2435358.445279884617776 ], [ 2851019.836324278265238, 2435353.377114278264344 ], [ 2851020.242537179030478, 2435347.280890465714037 ], [ 2851022.08444750495255, 2435342.105153645388782 ], [ 2851024.376664279960096, 2435337.516139919869602 ], [ 2851026.251844570506364, 2435331.204025420360267 ], [ 2851027.002317449077964, 2435324.873440146911889 ], [ 2851027.453914923593402, 2435317.648072191979736 ], [ 2851027.438572755083442, 2435312.917662401217967 ], [ 2851027.43281023344025, 2435311.145515045616776 ], [ 2851026.836358143948019, 2435305.961464007385075 ], [ 2851025.864991864189506, 2435299.312352788634598 ], [ 2851024.396095294039696, 2435293.878951966296881 ], [ 2851022.623988710343838, 2435288.296733106486499 ], [ 2851021.708590198773891, 2435282.771259826142341 ], [ 2851022.9462252529338, 2435277.307665774133056 ], [ 2851025.64905538642779, 2435272.291143588256091 ], [ 2851027.199197659734637, 2435267.056743737775832 ], [ 2851026.575593297369778, 2435261.590033394284546 ], [ 2851025.357044477481395, 2435256.681344104930758 ], [ 2851023.750352061353624, 2435250.890415211208165 ], [ 2851022.541401781141758, 2435245.979351746849716 ], [ 2851020.821781221777201, 2435240.10410802392289 ], [ 2851018.914059471338987, 2435233.408520083874464 ], [ 2851016.827100398018956, 2435227.587267555296421 ], [ 2851013.829048999585211, 2435221.909372447058558 ], [ 2851010.137309167534113, 2435215.190677731763572 ], [ 2851006.49778769724071, 2435211.02459775749594 ], [ 2851001.7560597457923, 2435206.254709812812507 ], [ 2851001.014350500889122, 2435199.959979279898107 ], [ 2851000.944792110472918, 2435193.087137560360134 ], [ 2851000.595828740857542, 2435184.083042491227388 ], [ 2851000.392776080407202, 2435176.95512268319726 ], [ 2851000.129392373841256, 2435168.601331051439047 ], [ 2851000.132287411950529, 2435160.116206802427769 ], [ 2851000.550052027218044, 2435154.110122337937355 ], [ 2851000.750783528201282, 2435152.671588305849582 ], [ 2851001.463587439153343, 2435147.561499622650445 ], [ 2851002.990658795461059, 2435142.146729925647378 ], [ 2851006.476466066669673, 2435137.392648105043918 ], [ 2851012.324141014367342, 2435134.922278279438615 ], [ 2851018.03291789162904, 2435134.257357244379818 ], [ 2851018.34929136838764, 2435134.397347738035023 ], [ 2851018.410441569052637, 2435134.42435300629586 ], [ 2851023.293901279568672, 2435136.584923117421567 ], [ 2851027.052767718210816, 2435140.182142429519445 ], [ 2851030.581790840718895, 2435144.273631754331291 ], [ 2851035.137155706528574, 2435148.315723137930036 ], [ 2851035.437630599364638, 2435148.293551874812692 ], [ 2851040.146415278781205, 2435147.946192542091012 ], [ 2851044.251055139116943, 2435145.069753018207848 ], [ 2851047.977842016145587, 2435139.994307888671756 ], [ 2851053.02738044410944, 2435135.754935833625495 ], [ 2851057.295958911068738, 2435136.91250573284924 ], [ 2851060.339872704353184, 2435135.903133494779468 ], [ 2851063.481366944499314, 2435134.861483848653734 ], [ 2851065.272769324481487, 2435130.071385360788554 ], [ 2851068.457423628307879, 2435124.412467780523002 ], [ 2851071.790096190758049, 2435123.443701065611094 ], [ 2851076.260822150856256, 2435119.106271856464446 ], [ 2851078.011024701409042, 2435113.933770081028342 ], [ 2851082.25447344686836, 2435109.251902741380036 ], [ 2851085.709346036426723, 2435109.213545951992273 ], [ 2851086.045176981016994, 2435109.368472688365728 ], [ 2851090.187418296001852, 2435111.278972632717341 ], [ 2851094.430028140544891, 2435114.326308303046972 ], [ 2851094.65903150383383, 2435114.286047495435923 ], [ 2851097.99956314265728, 2435113.69950846536085 ], [ 2851102.545383451506495, 2435111.329186448827386 ], [ 2851107.523435073904693, 2435106.539456581696868 ], [ 2851108.158816249109805, 2435105.425453580915928 ], [ 2851109.905072789639235, 2435102.363866023719311 ], [ 2851110.107455805875361, 2435102.009111873805523 ], [ 2851111.787888024002314, 2435096.378696907311678 ], [ 2851113.54332154802978, 2435089.145804097410291 ], [ 2851116.963252873159945, 2435082.505016499664634 ], [ 2851121.862032247707248, 2435075.645812907256186 ], [ 2851124.376495293341577, 2435070.657617579679936 ], [ 2851127.568757039494812, 2435065.752035215962678 ], [ 2851133.401361425407231, 2435061.774993898812681 ], [ 2851137.73040284588933, 2435061.313133216928691 ], [ 2851143.794415721669793, 2435062.583775855135173 ], [ 2851143.934784539043903, 2435062.661928784567863 ], [ 2851149.140822694636881, 2435065.561888186261058 ], [ 2851153.249114676378667, 2435069.668361217714846 ], [ 2851156.555601915344596, 2435077.004387778695673 ], [ 2851158.041343822143972, 2435084.037215253803879 ], [ 2851159.494081693701446, 2435092.123472630511969 ], [ 2851160.983385243918747, 2435100.572846735361964 ], [ 2851162.084270045161247, 2435108.140133500099182 ], [ 2851162.818566605448723, 2435113.681497504003346 ], [ 2851162.972648064605892, 2435114.675213297363371 ], [ 2851164.047833224758506, 2435121.608553368598223 ], [ 2851165.094184130430222, 2435125.613924616016448 ], [ 2851166.136179517023265, 2435129.602296346798539 ], [ 2851168.257630322128534, 2435135.693979799281806 ], [ 2851171.237832065671682, 2435142.700819087214768 ], [ 2851174.388740457594395, 2435150.242735773324966 ], [ 2851177.155613417737186, 2435157.004898590501398 ], [ 2851180.116078610531986, 2435164.482545902952552 ], [ 2851182.651157311163843, 2435171.646369368303567 ], [ 2851186.150199943222106, 2435178.290945703163743 ], [ 2851189.900704978965223, 2435183.297354872804135 ], [ 2851190.454044465906918, 2435183.646452825516462 ], [ 2851195.093188648112118, 2435186.57402367470786 ], [ 2851199.399268446490169, 2435191.498356070369482 ], [ 2851202.542684108950198, 2435198.28692526742816 ], [ 2851207.141538989730179, 2435205.525178461335599 ], [ 2851211.496102139353752, 2435210.819898082409054 ], [ 2851216.888159065507352, 2435216.238226135261357 ], [ 2851221.709817207418382, 2435220.149001464713365 ], [ 2851227.527636783197522, 2435223.801412154920399 ], [ 2851233.365758698433638, 2435226.900014745537192 ], [ 2851238.284951367415488, 2435229.471784408204257 ], [ 2851238.663960391189903, 2435229.559475978370756 ], [ 2851243.489909400232136, 2435230.675849585793912 ], [ 2851247.178284756373614, 2435229.562885681167245 ], [ 2851250.335006919689476, 2435226.549643361475319 ], [ 2851254.368586856871843, 2435221.042796785011888 ], [ 2851257.811108670197427, 2435216.662047348450869 ], [ 2851262.49691875372082, 2435213.893424118869007 ], [ 2851264.92383779399097, 2435214.577312108129263 ], [ 2851264.959976809099317, 2435214.597827762831002 ], [ 2851269.271427075378597, 2435217.03861050400883 ], [ 2851274.534158115275204, 2435220.690217689611018 ], [ 2851279.386888992972672, 2435223.45505701797083 ], [ 2851279.659889776725322, 2435223.47628366202116 ], [ 2851285.243373517878354, 2435223.910468891728669 ], [ 2851288.300296281464398, 2435222.22688791481778 ], [ 2851290.322098993696272, 2435218.432249815668911 ], [ 2851291.192610234022141, 2435213.022612969856709 ], [ 2851290.687768628820777, 2435207.069842718541622 ], [ 2851289.30481675080955, 2435200.206897071562707 ], [ 2851288.570167263038456, 2435195.756084447726607 ], [ 2851288.377914338372648, 2435194.59138164576143 ], [ 2851287.399002930149436, 2435187.189130866434425 ], [ 2851286.744170861318707, 2435180.871715073473752 ], [ 2851287.356826902367175, 2435174.183917538262904 ], [ 2851289.699861766770482, 2435169.974844202864915 ], [ 2851293.230409531854093, 2435169.823826612904668 ], [ 2851293.503922430798411, 2435169.98522478248924 ], [ 2851297.187609903514385, 2435172.158941910136491 ], [ 2851300.590763482265174, 2435175.900188346393406 ], [ 2851305.143730095587671, 2435179.932675756514072 ], [ 2851305.504840075504035, 2435179.960390624590218 ], [ 2851308.924990758299828, 2435180.22340555023402 ], [ 2851312.491060177795589, 2435178.179954374209046 ], [ 2851314.464687148109078, 2435174.780793203506619 ], [ 2851316.64099760260433, 2435168.607826897874475 ], [ 2851319.397031912580132, 2435166.785071474034339 ], [ 2851324.025279142893851, 2435167.135356550104916 ], [ 2851324.338988069444895, 2435167.272685541771352 ], [ 2851328.498978164978325, 2435169.094197210855782 ], [ 2851330.774491894524544, 2435170.090516090858728 ], [ 2851336.816602972336113, 2435172.587827708572149 ], [ 2851337.16125388815999, 2435172.674714882858098 ], [ 2851342.235481615178287, 2435173.953675427474082 ], [ 2851342.265599271282554, 2435173.98648654576391 ], [ 2851344.749107968993485, 2435176.694692720193416 ], [ 2851347.467995226848871, 2435181.006816655863076 ], [ 2851347.969143034890294, 2435181.158416444435716 ], [ 2851351.84896179381758, 2435182.331724810414016 ], [ 2851354.247962741646916, 2435179.246291414834559 ], [ 2851354.620853393338621, 2435174.286564029753208 ], [ 2851353.809228775091469, 2435166.768328073434532 ], [ 2851353.11909350939095, 2435161.494796444661915 ], [ 2851352.285646669566631, 2435155.203191447071731 ], [ 2851351.51443458488211, 2435149.381770567968488 ], [ 2851353.392361032776535, 2435146.648840317502618 ], [ 2851353.81867209635675, 2435146.908993802499026 ], [ 2851355.129071792587638, 2435147.708591061644256 ], [ 2851355.568741472903639, 2435147.822768800891936 ], [ 2851360.448840908706188, 2435149.089706916827708 ], [ 2851362.050368125550449, 2435147.721945519559085 ], [ 2851362.568638984113932, 2435143.872981996275485 ], [ 2851362.328574110753834, 2435142.512822434306145 ], [ 2851361.434104771818966, 2435137.442237032111734 ], [ 2851359.928388983011246, 2435131.728659363929182 ], [ 2851358.210962135344744, 2435125.097564115654677 ], [ 2851357.142780840862542, 2435118.473672677762806 ], [ 2851356.151388652157038, 2435113.143931329250336 ], [ 2851355.914429951459169, 2435112.52836819877848 ], [ 2851354.524560685269535, 2435108.917621864937246 ], [ 2851354.297459145542234, 2435108.32781189866364 ], [ 2851352.378121857065707, 2435101.542095132172108 ], [ 2851350.641571392305195, 2435094.067532139830291 ], [ 2851349.374687435105443, 2435088.788630189374089 ], [ 2851348.072957110591233, 2435082.473753854166716 ], [ 2851347.494265756104141, 2435075.960682791657746 ], [ 2851350.221517391968518, 2435073.297049863729626 ], [ 2851353.635555123444647, 2435073.641851333901286 ], [ 2851353.777212441898882, 2435073.757911290973425 ], [ 2851357.827533304691315, 2435077.074759508948773 ], [ 2851361.497277559712529, 2435084.254422654397786 ], [ 2851363.997653926257044, 2435091.147862720768899 ], [ 2851366.646074363961816, 2435097.796320253517479 ], [ 2851366.799120342358947, 2435098.180443137418479 ], [ 2851369.575648930855095, 2435102.943149466067553 ], [ 2851374.453866433817893, 2435105.89789292216301 ], [ 2851379.802362270653248, 2435108.120104333385825 ], [ 2851384.546638458035886, 2435110.054239527788013 ], [ 2851384.822399235330522, 2435110.114323287736624 ], [ 2851389.940122694708407, 2435111.230075833387673 ], [ 2851397.656107547227293, 2435111.595880011096597 ], [ 2851404.28053243085742, 2435110.041443684604019 ], [ 2851407.54438253166154, 2435106.451936267782003 ], [ 2851410.871103601530194, 2435100.487312819808722 ], [ 2851412.820286236703396, 2435094.73539527412504 ], [ 2851413.949350266717374, 2435087.675513335037977 ], [ 2851414.902647076640278, 2435079.336927637457848 ], [ 2851415.28979721898213, 2435072.397337260656059 ], [ 2851414.437218343373388, 2435065.262165158521384 ], [ 2851413.930075721815228, 2435059.299751710146666 ], [ 2851413.066064018756151, 2435052.074425665661693 ], [ 2851412.234866585582495, 2435045.792581720743328 ], [ 2851414.062884343788028, 2435040.517094934359193 ], [ 2851416.191003575921059, 2435034.739411454647779 ], [ 2851415.973306872416288, 2435028.825921844225377 ], [ 2851414.850235865451396, 2435022.485430581495166 ], [ 2851412.6314020245336, 2435017.733023460488766 ], [ 2851408.7697360701859, 2435013.965990565251559 ], [ 2851405.735997591167688, 2435009.414829473942518 ], [ 2851404.609070485457778, 2435003.737418233882636 ], [ 2851403.535706804133952, 2434995.604417062364519 ], [ 2851402.487130286637694, 2434987.744136473163962 ], [ 2851401.775913916528225, 2434982.383042242843658 ], [ 2851400.822511213831604, 2434975.170691230800003 ], [ 2851399.760552268475294, 2434967.127647714223713 ], [ 2851398.812327105551958, 2434960.659003610722721 ], [ 2851397.725235214456916, 2434953.191609966568649 ], [ 2851396.674811053089797, 2434945.238703274168074 ], [ 2851396.020137314219028, 2434938.921469162218273 ], [ 2851395.876295236870646, 2434933.568184677511454 ], [ 2851396.132192548364401, 2434929.364047025330365 ], [ 2851396.200663626194, 2434928.238289975561202 ], [ 2851400.14786697505042, 2434926.240751397795975 ], [ 2851400.517591067589819, 2434926.458922087680548 ], [ 2851404.105168502777815, 2434928.575852769427001 ], [ 2851408.517599927261472, 2434935.086630947887897 ], [ 2851411.553144368343055, 2434942.456701356451958 ], [ 2851412.105543273501098, 2434943.798003453295678 ], [ 2851415.159327826928347, 2434950.599489989690483 ], [ 2851416.987848300486803, 2434953.296970123425126 ], [ 2851419.459379268810153, 2434956.942853532265872 ], [ 2851423.429600455798209, 2434961.540578957647085 ], [ 2851425.872859754599631, 2434964.507521877065301 ], [ 2851427.781693866476417, 2434966.825388347730041 ], [ 2851432.266703890636563, 2434971.723967184312642 ], [ 2851436.410334582906216, 2434974.786672771908343 ], [ 2851436.751536538824439, 2434974.82211615704 ], [ 2851442.388905392028391, 2434975.407021950464696 ], [ 2851443.13583539519459, 2434974.532709266059101 ], [ 2851445.705287265125662, 2434971.524688950739801 ], [ 2851447.875729382969439, 2434967.667854411061853 ], [ 2851449.414827586151659, 2434964.932921831030399 ], [ 2851452.77726561576128, 2434957.841550329700112 ], [ 2851454.689385722391307, 2434951.043900894932449 ], [ 2851454.964170754887164, 2434943.936896626837552 ], [ 2851454.505487659946084, 2434938.344673186540604 ], [ 2851453.66053334902972, 2434931.962933843489736 ], [ 2851452.852412858046591, 2434925.86136367591098 ], [ 2851452.988158175256103, 2434920.559627984650433 ], [ 2851454.925629642792046, 2434920.366983680520207 ], [ 2851455.22732999175787, 2434920.539374431595206 ], [ 2851458.062868976965547, 2434922.159725811798126 ], [ 2851458.251811466179788, 2434922.135272081010044 ], [ 2851463.395247648470104, 2434921.468321132939309 ], [ 2851464.040988076012582, 2434919.293359918054193 ], [ 2851464.605139243416488, 2434912.235396387055516 ], [ 2851464.475556470453739, 2434904.902248171158135 ], [ 2851463.342363581061363, 2434899.878290770575404 ], [ 2851461.18794240616262, 2434892.843252524733543 ], [ 2851459.12110198661685, 2434885.702811621129513 ], [ 2851457.912361362483352, 2434880.791607571300119 ], [ 2851456.070948299020529, 2434873.902979652862996 ], [ 2851453.055707122199237, 2434866.708705296274275 ], [ 2851449.552646104246378, 2434860.727332702837884 ], [ 2851446.453779035713524, 2434854.972239616326988 ], [ 2851442.715383834205568, 2434847.976079537533224 ], [ 2851439.832132570445538, 2434841.709805916063488 ], [ 2851436.391989296302199, 2434834.118822878226638 ], [ 2851433.108470933977515, 2434826.96297643519938 ], [ 2851430.452418606262654, 2434821.041260124649853 ], [ 2851427.784916378557682, 2434815.029291202314198 ], [ 2851425.299453905317932, 2434809.642572072800249 ], [ 2851421.997192927170545, 2434802.409003496635705 ], [ 2851418.727561349049211, 2434795.353135951794684 ], [ 2851416.083125126548111, 2434789.521440512500703 ], [ 2851413.004976470023394, 2434783.936782139353454 ], [ 2851409.294966977089643, 2434780.627062138170004 ], [ 2851407.491450168192387, 2434779.428543716203421 ], [ 2851403.954532614909112, 2434777.078326758928597 ], [ 2851399.47819465957582, 2434770.77042394829914 ], [ 2851399.462917530909181, 2434770.745463598519564 ], [ 2851395.411811716854572, 2434764.118034576065838 ], [ 2851393.623802124522626, 2434761.247927027754486 ], [ 2851391.966435992158949, 2434758.587447428144515 ], [ 2851387.264641479589045, 2434752.02753648487851 ], [ 2851383.442742717452347, 2434746.470643876120448 ], [ 2851379.30606781039387, 2434740.674598620273173 ], [ 2851377.220386981032789, 2434737.461700493935496 ], [ 2851375.897608144208789, 2434735.424065075814724 ], [ 2851371.863971995655447, 2434728.949459563940763 ], [ 2851369.118691875599325, 2434723.040488167200238 ], [ 2851365.575970560312271, 2434719.614788044244051 ], [ 2851360.723355404101312, 2434716.850029873661697 ], [ 2851358.748328859917819, 2434713.275947379879653 ], [ 2851359.990688498131931, 2434710.635631966404617 ], [ 2851363.180739284027368, 2434706.486020385753363 ], [ 2851364.861922361887991, 2434704.304547434207052 ], [ 2851365.03565418953076, 2434704.079153585713357 ], [ 2851366.380682455375791, 2434702.333980603143573 ], [ 2851369.052712560631335, 2434698.42228720523417 ], [ 2851369.983171079307795, 2434697.083987494930625 ], [ 2851371.914486973546445, 2434691.895409279502928 ], [ 2851373.236314058769494, 2434684.909762427676469 ], [ 2851373.442585894837976, 2434678.75175117701292 ], [ 2851372.403251106850803, 2434672.968844865914434 ], [ 2851369.789363211020827, 2434668.070677347015589 ], [ 2851366.543053488247097, 2434661.960653501562774 ], [ 2851364.232411191333085, 2434657.211503189988434 ], [ 2851360.26417537778616, 2434652.706495415885001 ], [ 2851355.229165143333375, 2434648.55084415897727 ], [ 2851350.625582092441618, 2434644.904014740604907 ], [ 2851345.073917410336435, 2434640.354787239804864 ], [ 2851339.817410212475806, 2434635.284031656570733 ], [ 2851335.785256817005575, 2434630.981897089164704 ], [ 2851332.24440977955237, 2434628.002894692122936 ], [ 2851330.738815461285412, 2434626.736094241961837 ], [ 2851326.636154526844621, 2434623.290239843539894 ], [ 2851323.598992124199867, 2434618.884566106833518 ], [ 2851323.27848444506526, 2434618.419642264489084 ], [ 2851320.533132645301521, 2434612.510792352259159 ], [ 2851320.257520164828748, 2434611.852393637411296 ], [ 2851318.341316874604672, 2434607.27537421323359 ], [ 2851316.023286474868655, 2434601.772859565448016 ], [ 2851313.120922306552529, 2434594.663032147102058 ], [ 2851309.306181963533163, 2434589.415879523381591 ], [ 2851309.223069965839386, 2434589.301570411771536 ], [ 2851306.187919413205236, 2434588.993019633926451 ], [ 2851304.597999927587807, 2434589.799110355786979 ], [ 2851302.506905052345246, 2434590.859348986297846 ], [ 2851297.181606232654303, 2434594.383759408257902 ], [ 2851291.870635698549449, 2434594.89639747608453 ], [ 2851291.727170113474131, 2434594.910255430731922 ], [ 2851287.127042031846941, 2434592.679994370788336 ], [ 2851287.003362997435033, 2434589.577021695673466 ], [ 2851288.824269041419029, 2434584.313735088333488 ], [ 2851288.756998541299254, 2434576.685160281602293 ], [ 2851286.848430632147938, 2434572.917917435523123 ], [ 2851284.295010144822299, 2434568.397195063531399 ], [ 2851283.928700861986727, 2434560.72207257244736 ], [ 2851285.036132953129709, 2434555.654410345945507 ], [ 2851285.667784333229065, 2434549.810127097181976 ], [ 2851285.940419505350292, 2434543.458971849642694 ], [ 2851285.928795672487468, 2434540.728634810540825 ], [ 2851285.91554647218436, 2434537.619504514615983 ], [ 2851285.869057059753686, 2434530.927061091177166 ], [ 2851287.61770505271852, 2434526.427409169729799 ], [ 2851291.984687556978315, 2434524.083064685575664 ], [ 2851294.007353436201811, 2434524.363903527148068 ], [ 2851297.228762374725193, 2434524.811338255181909 ], [ 2851302.295971978921443, 2434525.658069292083383 ], [ 2851306.681960384361446, 2434524.157112330198288 ], [ 2851308.72931314073503, 2434520.552476444281638 ], [ 2851311.043674383312464, 2434514.736913113854825 ], [ 2851313.196900492534041, 2434508.38370175100863 ], [ 2851313.171950393822044, 2434502.544351425953209 ], [ 2851311.495557738468051, 2434495.53020856063813 ], [ 2851309.307793167419732, 2434489.631579850800335 ], [ 2851306.513974783010781, 2434483.352348041720688 ], [ 2851303.227837457321584, 2434479.032312952913344 ], [ 2851298.93026168178767, 2434472.698694196529686 ], [ 2851296.509103617165238, 2434467.874761593062431 ], [ 2851293.240715803578496, 2434462.22571167210117 ], [ 2851290.257905782200396, 2434458.054577208124101 ], [ 2851285.061485346406698, 2434453.444136474281549 ], [ 2851279.293267318047583, 2434451.568939346820116 ], [ 2851273.995336294174194, 2434448.961210499051958 ], [ 2851271.499822596088052, 2434445.656735308002681 ], [ 2851268.235624153167009, 2434440.110056784003973 ], [ 2851267.48349598608911, 2434435.132134977728128 ], [ 2851267.421622218564153, 2434429.012635815422982 ], [ 2851266.739972846582532, 2434423.178237904328853 ], [ 2851264.151517583522946, 2434418.470192966982722 ], [ 2851260.06550619751215, 2434412.288511654362082 ], [ 2851256.523399130441248, 2434406.783048272598535 ], [ 2851250.784913895651698, 2434401.194472155533731 ], [ 2851250.727405974641442, 2434401.138520524837077 ], [ 2851246.291506458539516, 2434400.096829592250288 ], [ 2851243.820937788113952, 2434402.631704251747578 ], [ 2851239.433949196711183, 2434404.189504735171795 ], [ 2851239.267550094053149, 2434404.248569161165506 ], [ 2851237.416148134507239, 2434403.011766897048801 ], [ 2851232.626260357443243, 2434398.637351481243968 ], [ 2851227.665610812604427, 2434392.962161730509251 ], [ 2851223.851296013221145, 2434388.158421080559492 ], [ 2851219.296128135640174, 2434384.11619387101382 ], [ 2851214.900191435124725, 2434381.284605785273015 ], [ 2851209.564195065759122, 2434376.989716814365238 ], [ 2851205.714821486268193, 2434371.998553128913045 ], [ 2851204.076463378034532, 2434366.671287823468447 ], [ 2851202.732719334308058, 2434359.332673201337457 ], [ 2851200.301023448351771, 2434352.255970127880573 ], [ 2851196.287207065615803, 2434344.544863995164633 ], [ 2851192.31247597001493, 2434337.123785672243685 ], [ 2851189.314700478222221, 2434331.445961378049105 ], [ 2851185.879768043290824, 2434324.598614434711635 ], [ 2851182.767163578420877, 2434318.743552579078823 ], [ 2851178.70082731358707, 2434312.091190378647298 ], [ 2851174.426414052024484, 2434305.937740539200604 ], [ 2851171.078079042956233, 2434301.14763235906139 ], [ 2851167.811944048851728, 2434295.508353729732335 ], [ 2851164.89954424276948, 2434290.480869369581342 ], [ 2851161.442661674693227, 2434284.860071737319231 ], [ 2851158.452377848792821, 2434279.93559870030731 ], [ 2851155.431288059800863, 2434273.31184299942106 ], [ 2851152.602913742419332, 2434266.762314922641963 ], [ 2851150.76290964987129, 2434262.046094817109406 ], [ 2851148.827712499536574, 2434255.916446515358984 ], [ 2851147.897672075312585, 2434249.649854594841599 ], [ 2851147.563981422688812, 2434245.643609360326082 ], [ 2851147.260813992004842, 2434242.003623615019023 ], [ 2851147.048458185978234, 2434234.029861976392567 ], [ 2851146.967582832090557, 2434227.066883170511574 ], [ 2851147.821242661681026, 2434220.057854710612446 ], [ 2851148.98118643835187, 2434214.697170358151197 ], [ 2851150.459933802485466, 2434208.912326240446419 ], [ 2851151.532797622960061, 2434203.57425922434777 ], [ 2851152.263346481136978, 2434198.56316232541576 ], [ 2851153.211658690590411, 2434192.28474883036688 ], [ 2851154.206737126223743, 2434187.049674837850034 ], [ 2851154.748134977184236, 2434185.445700533688068 ], [ 2851155.883353412151337, 2434182.082664374727756 ], [ 2851147.627043238375336, 2434176.929009999148548 ], [ 2851052.779281194321811, 2434176.929009999148548 ], [ 2850974.828769517596811, 2434208.40548955835402 ], [ 2850953.159985180012882, 2434216.521720806602389 ], [ 2850938.674251538701355, 2434223.231011156458408 ], [ 2850935.186912601813674, 2434231.720934936776757 ], [ 2850936.817444434389472, 2434245.822940248996019 ], [ 2850942.928529514931142, 2434258.975979245267808 ], [ 2850956.109382937662303, 2434270.647180130239576 ], [ 2850961.566661644726992, 2434275.4793825536035 ], [ 2850969.697028304450214, 2434303.063333657104522 ], [ 2850979.270157099701464, 2434306.287872457876801 ], [ 2851004.564130763057619, 2434332.14769358932972 ], [ 2851012.316787282004952, 2434358.14028445025906 ], [ 2851021.537098245229572, 2434369.012124726548791 ], [ 2851043.146895660087466, 2434406.883345213718712 ], [ 2851054.583978935144842, 2434420.864538220223039 ], [ 2851077.547122406773269, 2434434.06373747298494 ], [ 2851077.464484102092683, 2434476.093632294330746 ], [ 2851095.761785589158535, 2434521.458128318656236 ], [ 2851099.41684681084007, 2434542.618841827847064 ], [ 2851107.437396776862442, 2434559.48498416505754 ], [ 2851118.996015314944088, 2434575.121554757002741 ], [ 2851127.402166240848601, 2434606.840467542409897 ], [ 2851128.540701947174966, 2434617.599751202855259 ], [ 2851136.787298538722098, 2434634.511120853479952 ], [ 2851148.048314208164811, 2434661.912969825323671 ], [ 2851165.111061154864728, 2434684.014155389741063 ], [ 2851168.669877974316478, 2434692.671042180154473 ], [ 2851191.022703503258526, 2434721.505549504421651 ], [ 2851193.183309328742325, 2434740.177377183455974 ], [ 2851202.166909082792699, 2434755.461451076436788 ], [ 2851209.134706146083772, 2434769.129130424000323 ], [ 2851221.614074451848865, 2434781.365526016801596 ], [ 2851229.309960000216961, 2434786.944036825560033 ], [ 2851242.121545147150755, 2434802.572405243292451 ], [ 2851223.670082732103765, 2434811.04854372702539 ], [ 2851205.667620622552931, 2434825.153167189098895 ], [ 2851203.972698879428208, 2434826.4810347892344 ], [ 2851191.571705538779497, 2434829.701120826415718 ], [ 2851149.803442577831447, 2434826.543813213706017 ], [ 2851095.994601999409497, 2434852.307821731083095 ], [ 2851035.193165684118867, 2434840.089991013053805 ], [ 2851000.542695556767285, 2434854.246546298731118 ], [ 2850970.768394591286778, 2434858.292879317887127 ], [ 2850933.918143372051418, 2434859.286220331676304 ], [ 2850902.377773435786366, 2434878.262602291535586 ], [ 2850864.264860281720757, 2434896.266316161956638 ], [ 2850811.295111779123545, 2434925.497868086211383 ], [ 2850816.017637059092522, 2434969.228419357445091 ], [ 2850750.144508065655828, 2435017.695900555700064 ], [ 2850742.322766194120049, 2435046.872001302428544 ], [ 2850732.174656975548714, 2435070.596062881872058 ], [ 2850693.305713227484375, 2435121.44119469076395 ], [ 2850660.125600479543209, 2435126.892369731795043 ], [ 2850639.661001999396831, 2435127.047493977006525 ], [ 2850627.83473934372887, 2435120.537461786065251 ], [ 2850599.305967850610614, 2435089.420617484487593 ], [ 2850582.147152010351419, 2435083.022346396930516 ], [ 2850523.765932054724544, 2435068.702577404677868 ], [ 2850524.904770391993225, 2435079.461819048970938 ], [ 2850526.693348956294358, 2435085.616795772686601 ], [ 2850524.090997712686658, 2435100.3092584698461 ], [ 2850463.754127420019358, 2435153.564590741880238 ], [ 2850455.786825879476964, 2435163.003494866192341 ], [ 2850450.186135850846767, 2435179.198048213962466 ], [ 2850447.64120143186301, 2435201.968989078421146 ], [ 2850442.526097132824361, 2435223.196372549515218 ], [ 2850436.453102976549417, 2435233.826134744565934 ], [ 2850409.068347736261785, 2435239.25467255525291 ], [ 2850351.012329845689237, 2435256.541868245694786 ], [ 2850332.41117025911808, 2435261.372305070981383 ], [ 2850271.079693265259266, 2435286.511249558068812 ], [ 2850245.552214046940207, 2435292.772165968548506 ], [ 2850237.091973020229489, 2435269.911041685380042 ], [ 2850234.190004142932594, 2435255.857062674127519 ], [ 2850205.239771911874413, 2435269.886273412499577 ], [ 2850199.439841658808291, 2435268.633717789314687 ], [ 2850193.324677545577288, 2435256.090207749977708 ], [ 2850189.4874945897609, 2435236.578907277900726 ], [ 2850142.45470832195133, 2435251.00372773129493 ], [ 2850130.381900053471327, 2435228.343587705865502 ], [ 2850107.46158195566386, 2435236.506779330782592 ], [ 2850053.514204993844032, 2435228.406008726917207 ], [ 2850038.411099324934185, 2435223.484094184823334 ], [ 2850009.620250090491027, 2435225.19282079488039 ], [ 2849950.728609334677458, 2435188.665601417422295 ], [ 2849918.179445297457278, 2435171.425232761073858 ], [ 2849908.252371662296355, 2435163.685083995107561 ], [ 2849894.827085466124117, 2435165.697531596757472 ], [ 2849886.021033046767116, 2435171.669436540920287 ], [ 2849866.891744689084589, 2435167.253242790699005 ], [ 2849808.139288190752268, 2435140.304072443861514 ], [ 2849803.466388921719044, 2435132.418412286788225 ], [ 2849784.826609999872744, 2435136.031404782552272 ], [ 2849784.826609999872744, 2435945.677078815177083 ], [ 2849791.782862429972738, 2435946.280916748568416 ], [ 2849798.749112967401743, 2435944.482173579279333 ], [ 2849803.825145662296563, 2435942.605126369744539 ], [ 2849809.487520600669086, 2435940.813858050853014 ], [ 2849814.33011563681066, 2435939.245813223998994 ], [ 2849819.384649017825723, 2435938.595344193745404 ], [ 2849826.02773303585127, 2435937.88415588112548 ], [ 2849832.481220969930291, 2435935.79417489329353 ], [ 2849838.809579755179584, 2435931.274319613352418 ], [ 2849842.389768129214644, 2435927.250808222219348 ], [ 2849845.712096095085144, 2435921.949240258429199 ], [ 2849849.258293092716485, 2435915.575425784103572 ], [ 2849852.778261194005609, 2435913.171316313557327 ], [ 2849857.169876399450004, 2435911.462403782643378 ], [ 2849857.494333281181753, 2435911.33613555226475 ], [ 2849860.707375829573721, 2435907.366487738210708 ], [ 2849863.847657829523087, 2435901.439675026573241 ], [ 2849864.657161527313292, 2435899.842635584995151 ], [ 2849866.227263442240655, 2435896.744920869823545 ], [ 2849866.629926661960781, 2435896.130483900662512 ], [ 2849869.650641448795795, 2435891.520595762412995 ], [ 2849874.377687682397664, 2435886.288735815789551 ], [ 2849878.819769497960806, 2435880.261663012206554 ], [ 2849880.710517373867333, 2435873.376205661799759 ], [ 2849880.135207818821073, 2435868.279810518026352 ], [ 2849878.236687753349543, 2435862.430250530131161 ], [ 2849875.310551953036338, 2435855.223006629850715 ], [ 2849872.174710161983967, 2435849.187833802774549 ], [ 2849871.623257542960346, 2435847.805783147923648 ], [ 2849869.510936956852674, 2435842.512548071332276 ], [ 2849869.412677634507418, 2435840.703591942321509 ], [ 2849869.180614404380322, 2435836.431569829583168 ], [ 2849870.824938149191439, 2435834.773120524827391 ], [ 2849871.308756102342159, 2435834.939487854018807 ], [ 2849872.896245028357953, 2435835.485394156072289 ], [ 2849874.648328509181738, 2435836.087705283425748 ], [ 2849878.430333190597594, 2435837.928343528881669 ], [ 2849879.250793525949121, 2435838.327599029056728 ], [ 2849879.289734892547131, 2435838.257987031713128 ], [ 2849879.691342032514513, 2435837.539994402788579 ], [ 2849880.456266568042338, 2435836.172687637154013 ], [ 2849879.552335518877953, 2435830.737367228604853 ], [ 2849877.247882762923837, 2435825.334710049442947 ], [ 2849874.236040934920311, 2435819.556970486883074 ], [ 2849871.194774960633367, 2435814.25243111141026 ], [ 2849869.067260758019984, 2435808.731197048444301 ], [ 2849867.903322657570243, 2435802.773760909214616 ], [ 2849866.647772474680096, 2435797.584845331031829 ], [ 2849863.589716353919357, 2435791.446679811459035 ], [ 2849860.822265718132257, 2435786.764351573772728 ], [ 2849859.765099704265594, 2435784.752778939437121 ], [ 2849857.69793059816584, 2435780.819119644351304 ], [ 2849856.683280653320253, 2435775.309050487354398 ], [ 2849861.072849979624152, 2435775.224509129766375 ], [ 2849866.792661212384701, 2435776.729367280844599 ], [ 2849866.894818956498057, 2435776.779449383728206 ], [ 2849872.391370219178498, 2435779.476161614060402 ], [ 2849877.407466944307089, 2435782.788184702396393 ], [ 2849883.212252017576247, 2435787.023240970447659 ], [ 2849884.373056082986295, 2435787.845421110279858 ], [ 2849888.162004745565355, 2435790.528413478285074 ], [ 2849888.476119640283287, 2435790.55285681784153 ], [ 2849891.472557840868831, 2435790.786155538167804 ], [ 2849891.571834100410342, 2435790.908985584974289 ], [ 2849893.38001430593431, 2435793.14654256682843 ], [ 2849895.152918067760766, 2435796.056619226001203 ], [ 2849896.961060257162899, 2435799.024705994874239 ], [ 2849901.428268148563802, 2435804.486696791369468 ], [ 2849906.025716942735016, 2435809.55256833601743 ], [ 2849911.127126195468009, 2435813.515049197711051 ], [ 2849916.142526573501527, 2435818.141270904801786 ], [ 2849920.330648485571146, 2435822.237463381141424 ], [ 2849924.374416091479361, 2435826.6296376301907 ], [ 2849929.587705626152456, 2435832.073692827485502 ], [ 2849933.711917071603239, 2435836.372759190388024 ], [ 2849938.733098783995956, 2435840.428414336405694 ], [ 2849944.489241109229624, 2435844.293326244223863 ], [ 2849950.031656225211918, 2435847.996333776041865 ], [ 2849955.528627892024815, 2435852.828603775706142 ], [ 2849959.755742592737079, 2435856.449027820024639 ], [ 2849965.748561348766088, 2435860.738734718412161 ], [ 2849972.226163611747324, 2435863.081385740544647 ], [ 2849972.278108033817261, 2435863.07265072921291 ], [ 2849977.076308634132147, 2435862.26680179964751 ], [ 2849979.727671481668949, 2435858.950085820164531 ], [ 2849980.238220754545182, 2435854.347680857870728 ], [ 2849979.065465772524476, 2435846.229790233075619 ], [ 2849977.299388056620955, 2435839.228463009465486 ], [ 2849975.564123573713005, 2435833.926126709207892 ], [ 2849973.519695572555065, 2435829.045680871699005 ], [ 2849972.096098197624087, 2435825.872941759414971 ], [ 2849970.463386430870742, 2435822.234336595516652 ], [ 2849969.189819676801562, 2435814.03936675703153 ], [ 2849969.265428548678756, 2435808.277204480953515 ], [ 2849969.764165503904223, 2435802.818999699316919 ], [ 2849969.442078972235322, 2435796.17727474309504 ], [ 2849967.164684825576842, 2435790.291474614292383 ], [ 2849965.576986089814454, 2435785.344058149959892 ], [ 2849963.678375138901174, 2435779.494514420162886 ], [ 2849961.686525221914053, 2435774.321025358047336 ], [ 2849961.676793680526316, 2435774.302064253482968 ], [ 2849959.037992740981281, 2435769.152499494608492 ], [ 2849958.36350362515077, 2435764.071490217931569 ], [ 2849963.199299158528447, 2435754.020804113708436 ], [ 2849962.644965262617916, 2435749.860307257156819 ], [ 2849961.024389058351517, 2435743.969724657945335 ], [ 2849960.602416691370308, 2435738.657581139355898 ], [ 2849962.321789576672018, 2435738.96635511610657 ], [ 2849962.367487257812172, 2435739.039225555956364 ], [ 2849964.698675335384905, 2435742.756828824058175 ], [ 2849967.929958948865533, 2435750.205497610848397 ], [ 2849970.606520740315318, 2435754.007710829377174 ], [ 2849970.811960370279849, 2435754.29940296150744 ], [ 2849974.863772987388074, 2435757.365151305682957 ], [ 2849975.129771009553224, 2435757.343920652288944 ], [ 2849979.119578633923084, 2435757.025694375857711 ], [ 2849979.245011979248375, 2435753.040605037473142 ], [ 2849977.185453558340669, 2435746.653379556257278 ], [ 2849975.816222082357854, 2435742.167974667623639 ], [ 2849975.69872098043561, 2435741.783321787137538 ], [ 2849974.616659799125046, 2435735.059460180811584 ], [ 2849973.585139706265181, 2435727.950061640236527 ], [ 2849971.692875581793487, 2435721.446948261000216 ], [ 2849969.028789645060897, 2435716.851500935852528 ], [ 2849969.550981445703655, 2435712.339215619023889 ], [ 2849972.968845941126347, 2435712.020749429706484 ], [ 2849979.194287661463022, 2435711.749072980135679 ], [ 2849983.65044111199677, 2435709.391568703576922 ], [ 2849986.691045043524355, 2435704.794208726845682 ], [ 2849986.670585473068058, 2435701.778335484676063 ], [ 2849984.237721392884851, 2435696.864225250668824 ], [ 2849981.481888598296791, 2435692.271911753341556 ], [ 2849979.806638768408448, 2435687.42999995034188 ], [ 2849979.258535227738321, 2435681.850645849946886 ], [ 2849980.822309901472181, 2435676.715922371484339 ], [ 2849984.079438842833042, 2435675.859837580937892 ], [ 2849984.506604722701013, 2435676.031534122303128 ], [ 2849988.520399096421897, 2435677.645057436544448 ], [ 2849993.027265590149909, 2435681.31688932608813 ], [ 2849997.192038306966424, 2435684.467148846015334 ], [ 2850001.914683891460299, 2435688.393477800302207 ], [ 2850007.697901903185993, 2435691.775352139025927 ], [ 2850007.811941171064973, 2435691.705667017493397 ], [ 2850010.554756296798587, 2435690.029703549109399 ], [ 2850013.322654341813177, 2435686.217270013410598 ], [ 2850016.392705833539367, 2435681.146810356527567 ], [ 2850017.471131497994065, 2435675.238046175800264 ], [ 2850017.556613923050463, 2435669.473259789403528 ], [ 2850017.527578304056078, 2435664.29709841683507 ], [ 2850018.164721854496747, 2435657.88214716874063 ], [ 2850021.119944983161986, 2435652.634451346937567 ], [ 2850025.220407320186496, 2435650.421064193826169 ], [ 2850029.178636693395674, 2435650.593321917578578 ], [ 2850029.292339581530541, 2435650.730588387697935 ], [ 2850031.40046552894637, 2435653.275627357885242 ], [ 2850032.575937559828162, 2435659.323299914598465 ], [ 2850033.275623306632042, 2435664.594359244219959 ], [ 2850034.758440632373095, 2435670.127712278626859 ], [ 2850037.555216899141669, 2435674.336865618359298 ], [ 2850037.970030028838664, 2435674.368227950762957 ], [ 2850042.183617224916816, 2435674.686907203868032 ], [ 2850045.192060235887766, 2435672.632964792661369 ], [ 2850046.912781856022775, 2435668.699237185064703 ], [ 2850049.163310087285936, 2435661.006557037122548 ], [ 2850053.042936517857015, 2435657.795148168224841 ], [ 2850056.532409627921879, 2435658.027029043529183 ], [ 2850056.75076262280345, 2435658.162248296663165 ], [ 2850060.099256104789674, 2435660.235873299185187 ], [ 2850060.290438708849251, 2435663.786919265519828 ], [ 2850059.510629035532475, 2435670.590712232980877 ], [ 2850058.645374632440507, 2435676.720274731051177 ], [ 2850058.544846300967038, 2435677.432455320376903 ], [ 2850057.322261104360223, 2435684.402981208637357 ], [ 2850056.502410578541458, 2435690.275706426706165 ], [ 2850056.819307990372181, 2435696.173822938464582 ], [ 2850060.036638017743826, 2435703.522734680213034 ], [ 2850061.189417775720358, 2435704.784279626328498 ], [ 2850064.958044853061438, 2435708.908058987464756 ], [ 2850069.372018199414015, 2435711.176209261640906 ], [ 2850069.463809750974178, 2435711.12139580026269 ], [ 2850071.886963721364737, 2435709.674672347959131 ], [ 2850073.465973472688347, 2435706.046713015064597 ], [ 2850074.483367828186601, 2435702.462793630547822 ], [ 2850074.86452632304281, 2435701.1205691723153 ], [ 2850077.06594667211175, 2435695.137399121187627 ], [ 2850079.814365802332759, 2435692.561242280993611 ], [ 2850083.527140888851136, 2435687.385963174048811 ], [ 2850086.151971529703587, 2435682.472415894269943 ], [ 2850087.263228662312031, 2435676.74131632456556 ], [ 2850088.707135560922325, 2435670.685929579660296 ], [ 2850091.090063777752221, 2435668.256297797430307 ], [ 2850094.978385475464165, 2435667.205260515213013 ], [ 2850097.01551606412977, 2435667.825974322855473 ], [ 2850099.562444639857858, 2435668.602382261306047 ], [ 2850102.722349450923502, 2435671.340297368355095 ], [ 2850103.763887899462134, 2435672.694306498859078 ], [ 2850106.231691096443683, 2435675.90232996782288 ], [ 2850108.668745567090809, 2435680.91881499113515 ], [ 2850110.345717759802938, 2435684.827071132138371 ], [ 2850111.5208152057603, 2435687.565902073867619 ], [ 2850114.169426395557821, 2435692.734317339025438 ], [ 2850116.89595049386844, 2435697.799918051343411 ], [ 2850120.729512511752546, 2435703.446960113011301 ], [ 2850124.797536742407829, 2435706.622338675893843 ], [ 2850125.11030466016382, 2435706.631468534469604 ], [ 2850127.986061230301857, 2435706.715268783736974 ], [ 2850128.80343979364261, 2435706.002934825606644 ], [ 2850130.08297210931778, 2435704.887683128006756 ], [ 2850130.278244373388588, 2435702.126009922940284 ], [ 2850129.714487473014742, 2435697.119749162811786 ], [ 2850131.238854370079935, 2435694.540658921003342 ], [ 2850133.391250500455499, 2435694.066271404735744 ], [ 2850133.87379380594939, 2435693.959870401769876 ], [ 2850138.852562493644655, 2435692.656613997649401 ], [ 2850143.545211060438305, 2435690.723949611186981 ], [ 2850143.823429971002042, 2435690.967273660935462 ], [ 2850146.400662677362561, 2435693.221026768442243 ], [ 2850149.710517512634397, 2435697.911073901690543 ], [ 2850150.436518149450421, 2435698.939822365995497 ], [ 2850153.787047946359962, 2435703.82246776111424 ], [ 2850157.319297652691603, 2435708.56500955298543 ], [ 2850160.123686808161438, 2435713.527501955628395 ], [ 2850162.39745956659317, 2435717.996565415523946 ], [ 2850164.881230764091015, 2435723.290694946888834 ], [ 2850168.049981263466179, 2435730.269246958196163 ], [ 2850172.041394490748644, 2435734.954544213134795 ], [ 2850172.504564219154418, 2435735.066223335452378 ], [ 2850175.815084761939943, 2435735.864201819058508 ], [ 2850177.827005262020975, 2435736.349185592494905 ], [ 2850181.140532334335148, 2435734.5367894442752 ], [ 2850181.362328036688268, 2435734.186497561167926 ], [ 2850198.709277334623039, 2435736.073061043396592 ], [ 2850199.048141293227673, 2435736.663480416871607 ], [ 2850199.525066795758903, 2435736.778937545139343 ], [ 2850201.461241872981191, 2435737.247432888951153 ], [ 2850205.200234734453261, 2435735.748739224858582 ], [ 2850208.715836653951555, 2435728.441438083536923 ], [ 2850208.60704720299691, 2435728.264717689715326 ], [ 2850212.904288109391928, 2435719.675536205992103 ], [ 2850215.039686737582088, 2435715.407533692661673 ], [ 2850215.090225108899176, 2435715.445948338601738 ], [ 2850215.283380535431206, 2435715.367009656038135 ], [ 2850217.662830341141671, 2435714.394998448900878 ], [ 2850219.357234177179635, 2435712.443568541202694 ], [ 2850220.09873856138438, 2435711.589558215346187 ], [ 2850220.409006535541266, 2435706.159696650225669 ], [ 2850218.947679536417127, 2435701.479646396357566 ], [ 2850216.995240276679397, 2435697.266628162004054 ], [ 2850216.452456997707486, 2435696.095261978451163 ], [ 2850212.978812837041914, 2435689.64084992185235 ], [ 2850209.636594984680414, 2435683.065547769423574 ], [ 2850209.192272461485118, 2435682.191502972971648 ], [ 2850205.663784004747868, 2435676.020178459584713 ], [ 2850202.296049829572439, 2435670.386572783812881 ], [ 2850197.711553251370788, 2435667.583302738144994 ], [ 2850193.830768133513629, 2435662.972773707471788 ], [ 2850192.755801794119179, 2435659.082117013633251 ], [ 2850194.041787618305534, 2435653.988597480114549 ], [ 2850197.590107878670096, 2435653.273987942375243 ], [ 2850198.052477705758065, 2435653.434027501381934 ], [ 2850204.063579609617591, 2435655.514488061890006 ], [ 2850207.668501914013177, 2435659.41021485440433 ], [ 2850211.706212135963142, 2435665.221641404088587 ], [ 2850215.238806168083102, 2435670.729635205119848 ], [ 2850219.484065399505198, 2435677.356305600143969 ], [ 2850223.605409414507449, 2435683.725426367484033 ], [ 2850227.009239410981536, 2435688.95652123214677 ], [ 2850227.87817002646625, 2435690.294964222703129 ], [ 2850230.417903134133667, 2435694.206867668777704 ], [ 2850233.299909745808691, 2435698.30078575341031 ], [ 2850236.308249308727682, 2435702.661879850551486 ], [ 2850240.189944731071591, 2435705.109668038785458 ], [ 2850240.38440852984786, 2435705.07056493498385 ], [ 2850243.738201688509434, 2435704.395276594441384 ], [ 2850244.779993317555636, 2435703.865874136332422 ], [ 2850248.736433190759271, 2435701.855556833557785 ], [ 2850253.282125933095813, 2435699.485176694113761 ], [ 2850259.358104939572513, 2435698.766097752377391 ], [ 2850265.777923940680921, 2435699.892611880786717 ], [ 2850266.129623937420547, 2435700.019289565272629 ], [ 2850272.253143234178424, 2435702.225666557438672 ], [ 2850278.489090954884887, 2435706.203812131192535 ], [ 2850281.72430570749566, 2435709.342692286707461 ], [ 2850284.386325043160468, 2435711.925480074249208 ], [ 2850290.21411204803735, 2435716.340865103527904 ], [ 2850295.686607943847775, 2435718.820405171252787 ], [ 2850295.877370524220169, 2435718.832840492017567 ], [ 2850297.838186634704471, 2435718.960741149261594 ], [ 2850302.757480472326279, 2435719.281339337583631 ], [ 2850308.568067010957748, 2435716.530658687464893 ], [ 2850313.660585219040513, 2435711.152324220631272 ], [ 2850316.167199718765914, 2435705.410683172289282 ], [ 2850316.019427851773798, 2435700.720576553605497 ], [ 2850315.69715447165072, 2435699.849524654448032 ], [ 2850314.326992185320705, 2435696.146069563459605 ], [ 2850314.266198773868382, 2435695.981683233752847 ], [ 2850310.537585156969726, 2435689.748575140722096 ], [ 2850309.201181293465197, 2435683.163310154341161 ], [ 2850311.106479718349874, 2435679.864442753605545 ], [ 2850315.645409029442817, 2435680.2274971595034 ], [ 2850316.143773039802909, 2435680.380005951039493 ], [ 2850320.419126686640084, 2435681.688338455744088 ], [ 2850327.068733227904886, 2435680.323611663654447 ], [ 2850331.232085993047804, 2435676.500530735123903 ], [ 2850335.221263631246984, 2435671.752627281937748 ], [ 2850336.491626893170178, 2435670.240645886398852 ], [ 2850341.599958941340446, 2435665.054702753666788 ], [ 2850344.301426736172289, 2435664.187572077848017 ], [ 2850345.987732580862939, 2435663.646194330882281 ], [ 2850349.463184644468129, 2435663.395488565322012 ], [ 2850352.11267452314496, 2435663.214525636751205 ], [ 2850359.346529816742986, 2435663.457028853707016 ], [ 2850359.63248753733933, 2435663.602301596663892 ], [ 2850363.659593275748193, 2435665.648038569372147 ], [ 2850364.279748410917819, 2435669.698080036789179 ], [ 2850364.266063578426838, 2435669.794377438724041 ], [ 2850363.364472382236272, 2435676.154185921419412 ], [ 2850361.285778791643679, 2435680.987977616488934 ], [ 2850357.765423878096044, 2435685.471901997923851 ], [ 2850355.431659458205104, 2435688.954294996801764 ], [ 2850353.63620901433751, 2435691.64505205117166 ], [ 2850348.802479353733361, 2435696.138894979842007 ], [ 2850346.010433015413582, 2435701.168303118087351 ], [ 2850354.536438786424696, 2435718.944242222234607 ], [ 2850360.020212349947542, 2435724.359368277247995 ], [ 2850364.289456191472709, 2435729.003578340169042 ], [ 2850364.932298273779452, 2435729.705749583430588 ], [ 2850369.415210698731244, 2435734.553174358792603 ], [ 2850373.513383787125349, 2435740.74195483000949 ], [ 2850376.719616027548909, 2435745.920891044195741 ], [ 2850380.355322028975934, 2435750.75021696742624 ], [ 2850384.442421988584101, 2435754.769199618138373 ], [ 2850384.799973854795098, 2435754.8022411451675 ], [ 2850393.394037485588342, 2435767.236285018734634 ], [ 2850393.605444429442286, 2435767.105880465824157 ], [ 2850393.473360491916537, 2435767.282021481078118 ], [ 2850395.486948592588305, 2435770.46329393889755 ], [ 2850399.917306370101869, 2435774.472073634155095 ], [ 2850400.053847676608711, 2435774.59558165166527 ], [ 2850405.157445900142193, 2435777.802164219785482 ], [ 2850405.349177055060863, 2435777.759393694810569 ], [ 2850407.703066085465252, 2435777.234146157279611 ], [ 2850409.138044435530901, 2435774.668035584501922 ], [ 2850410.669035108759999, 2435771.151339367497712 ], [ 2850411.860241392627358, 2435768.415113126859069 ], [ 2850408.220938371494412, 2435757.719887581653893 ], [ 2850408.19514086516574, 2435757.644070738460869 ], [ 2850408.13320351857692, 2435757.634095606394112 ], [ 2850405.631637943908572, 2435749.3750563650392 ], [ 2850406.449205226264894, 2435749.323335696011782 ], [ 2850410.319179891608655, 2435746.114438015501946 ], [ 2850410.815602458082139, 2435745.096352970227599 ], [ 2850412.895480658859015, 2435740.830731268972158 ], [ 2850413.767936996184289, 2435734.665061078500003 ], [ 2850416.208227300085127, 2435729.11666950257495 ], [ 2850415.83089119521901, 2435724.837886082939804 ], [ 2850418.12052876316011, 2435723.084534855093807 ], [ 2850418.546013017185032, 2435723.293263569008559 ], [ 2850420.919802009593695, 2435724.457925796508789 ], [ 2850424.394575078506023, 2435728.749669567681849 ], [ 2850427.817719434853643, 2435735.589830584824085 ], [ 2850427.563161159865558, 2435741.377764535136521 ], [ 2850425.279074507765472, 2435744.640370596200228 ], [ 2850425.491534755565226, 2435749.044667552690953 ], [ 2850427.948068064171821, 2435752.824794983491302 ], [ 2850432.07202310487628, 2435756.35823087207973 ], [ 2850434.796382042579353, 2435758.295065359212458 ], [ 2850437.125000258907676, 2435759.950469598639756 ], [ 2850437.396519653964788, 2435759.938703131396323 ], [ 2850440.665120271965861, 2435759.796718749217689 ], [ 2850442.793709547724575, 2435757.505702899768949 ], [ 2850446.991127154789865, 2435756.032816784456372 ], [ 2850447.432030368596315, 2435756.205145319923759 ], [ 2850450.839925113134086, 2435757.537254095543176 ], [ 2850450.907317620702088, 2435757.518865003716201 ], [ 2850450.977990777231753, 2435757.499567720107734 ], [ 2850454.629277884960175, 2435756.501587550155818 ], [ 2850456.843683632090688, 2435752.781050540041178 ], [ 2850456.737023493275046, 2435751.708127529826015 ], [ 2850456.270069091580808, 2435747.011591974645853 ], [ 2850453.605986934155226, 2435742.416219097562134 ], [ 2850450.03026479575783, 2435738.047212845180184 ], [ 2850449.724516690243036, 2435737.525058723986149 ], [ 2850447.490181068889797, 2435733.709274423308671 ], [ 2850445.235888598486781, 2435728.003923649434 ], [ 2850440.661365775391459, 2435723.118201948236674 ], [ 2850440.301924493629485, 2435718.276082266587764 ], [ 2850438.385539568960667, 2435712.989938052371144 ], [ 2850434.026780928950757, 2435708.35861646477133 ], [ 2850429.710726555902511, 2435704.668249888345599 ], [ 2850427.438788185827434, 2435700.291703818831593 ], [ 2850428.627514872234315, 2435696.537455336656421 ], [ 2850431.035092704929411, 2435695.612260338850319 ], [ 2850435.795065715909004, 2435696.973313035909086 ], [ 2850441.562748115509748, 2435700.928209183271974 ], [ 2850446.393698751460761, 2435704.91950257634744 ], [ 2850451.477234116755426, 2435709.445265759713948 ], [ 2850455.25317558972165, 2435714.641848002560437 ], [ 2850458.183642769232392, 2435719.105966200586408 ], [ 2850462.398242832161486, 2435724.79905167594552 ], [ 2850466.046941598411649, 2435729.662612563930452 ], [ 2850466.60147286625579, 2435730.40176809579134 ], [ 2850471.54428356513381, 2435736.640357142314315 ], [ 2850476.775482102297246, 2435741.521025217138231 ], [ 2850481.020020730327815, 2435744.660935419611633 ], [ 2850485.544569130521268, 2435747.004002725705504 ], [ 2850485.807223092764616, 2435747.031602669507265 ], [ 2850490.765571050345898, 2435747.551930016838014 ], [ 2850496.835380937904119, 2435748.251930530183017 ], [ 2850500.10800361726433, 2435746.822811470367014 ], [ 2850500.841130488552153, 2435744.542255717795342 ], [ 2850504.566459770314395, 2435743.70938358688727 ], [ 2850507.126264835242182, 2435743.328259544447064 ], [ 2850509.795416204724461, 2435742.930901268497109 ], [ 2850511.957446528598666, 2435739.503374336753041 ], [ 2850512.924675983376801, 2435734.834120331332088 ], [ 2850515.298709064722061, 2435729.478762954473495 ], [ 2850519.297935041598976, 2435729.267988276667893 ], [ 2850524.943844529334456, 2435730.21262350352481 ], [ 2850525.310196641366929, 2435730.341186925303191 ], [ 2850530.043854678981006, 2435732.002570040524006 ], [ 2850532.98472756985575, 2435735.15010432805866 ], [ 2850534.976146779954433, 2435740.464774250984192 ], [ 2850535.161124524194747, 2435740.958372150547802 ], [ 2850536.620316062122583, 2435746.394471848383546 ], [ 2850538.555860139429569, 2435752.524188028648496 ], [ 2850541.90560207888484, 2435758.721071675885469 ], [ 2850544.53336974978447, 2435762.202318863011897 ], [ 2850545.869380452670157, 2435763.972339780069888 ], [ 2850547.669325234368443, 2435765.443683103192598 ], [ 2850551.430886233225465, 2435768.518889025319368 ], [ 2850555.621097767725587, 2435771.859204040840268 ], [ 2850559.519782827235758, 2435775.906324980314821 ], [ 2850563.808607270941138, 2435779.314159007743001 ], [ 2850571.020847289822996, 2435781.548903915565461 ], [ 2850571.025646614376456, 2435781.548021725378931 ], [ 2850575.489852163009346, 2435780.68847952131182 ], [ 2850581.041162896901369, 2435780.902288666460663 ], [ 2850586.210237304680049, 2435779.663470258004963 ], [ 2850587.423707985319197, 2435776.182257585227489 ], [ 2850587.279767221771181, 2435770.828968789428473 ], [ 2850586.715997637249529, 2435765.822600819636136 ], [ 2850589.002954657189548, 2435760.489863096736372 ], [ 2850592.232532782014459, 2435760.199537813663483 ], [ 2850592.529227408580482, 2435760.368572442792356 ], [ 2850596.268655385822058, 2435762.499045299831778 ], [ 2850597.085317531600595, 2435762.964311832096428 ], [ 2850602.594679458066821, 2435765.724049254786223 ], [ 2850602.651824186556041, 2435765.651600366458297 ], [ 2850604.278160182759166, 2435763.59002492018044 ], [ 2850603.941688610240817, 2435758.928192917257547 ], [ 2850603.078739964868873, 2435755.881344220601022 ], [ 2850602.530403410550207, 2435753.945379630662501 ], [ 2850602.386866645421833, 2435752.685059306677431 ], [ 2850601.918280756101012, 2435748.568805302027613 ], [ 2850603.886375012341887, 2435743.660348240286112 ], [ 2850608.208830262068659, 2435740.282241652719676 ], [ 2850610.26580432895571, 2435738.879355586133897 ], [ 2850613.697107037529349, 2435736.539302376098931 ], [ 2850615.581239895429462, 2435733.152994689531624 ], [ 2850616.898825897835195, 2435726.830339011736214 ], [ 2850617.089119957294315, 2435720.479728229343891 ], [ 2850616.478838343173265, 2435715.195682813879102 ], [ 2850616.4639374576509, 2435708.0396683299914 ], [ 2850618.169064554385841, 2435703.913428819272667 ], [ 2850621.896242293529212, 2435703.173091989941895 ], [ 2850622.341293565928936, 2435703.335199946537614 ], [ 2850627.600572189316154, 2435705.251098426058888 ], [ 2850630.902307223528624, 2435708.998036131728441 ], [ 2850634.952483590692282, 2435712.736884938087314 ], [ 2850635.066586996428668, 2435712.52987315133214 ], [ 2850636.309676113538444, 2435710.273673897143453 ], [ 2850637.413373375311494, 2435703.78934479271993 ], [ 2850639.877314506098628, 2435698.338231049478054 ], [ 2850642.755007470026612, 2435697.528741763439029 ], [ 2850642.999964065849781, 2435697.751838226802647 ], [ 2850646.05166881904006, 2435700.532053750008345 ], [ 2850649.489416492637247, 2435704.543678091373295 ], [ 2850650.249740741215646, 2435705.453423680737615 ], [ 2850653.482705947011709, 2435709.321636049542576 ], [ 2850658.631911318749189, 2435714.968564209993929 ], [ 2850664.731900973245502, 2435718.682163548655808 ], [ 2850665.002853477373719, 2435718.691761071793735 ], [ 2850668.868891119491309, 2435718.828630604315549 ], [ 2850674.877525077201426, 2435716.895897895097733 ], [ 2850677.138546475209296, 2435713.452928750310093 ], [ 2850678.039455256424844, 2435708.976922848261893 ], [ 2850679.269488262012601, 2435702.759770963340998 ], [ 2850681.931284978985786, 2435698.126296166330576 ], [ 2850684.962920685298741, 2435697.018355700653046 ], [ 2850685.290118026547134, 2435697.186869822442532 ], [ 2850685.342580661177635, 2435697.213844218291342 ], [ 2850688.074825653806329, 2435698.621032210532576 ], [ 2850688.245923398062587, 2435698.600974543020129 ], [ 2850694.242721792310476, 2435697.898942369967699 ], [ 2850696.040748638100922, 2435695.176394773181528 ], [ 2850699.428073289804161, 2435693.92424561502412 ], [ 2850699.789260757621378, 2435694.126994895283133 ], [ 2850701.545476941391826, 2435695.112652727868408 ], [ 2850705.974525859579444, 2435698.88765 ], [ 2850706.243813845328987, 2435698.839575733523816 ], [ 2850709.167079796083272, 2435698.317197481635958 ], [ 2850711.593081061262637, 2435694.748699032701552 ], [ 2850714.338879684917629, 2435688.593273934908211 ], [ 2850717.248178671114147, 2435686.554745971690863 ], [ 2850722.030366431456059, 2435686.606322259642184 ], [ 2850722.302156701683998, 2435686.754404622130096 ], [ 2850727.86808130517602, 2435689.787849369458854 ], [ 2850729.07503298856318, 2435694.60641920613125 ], [ 2850729.215033959131688, 2435700.62290501780808 ], [ 2850727.568361591547728, 2435708.686390887014568 ], [ 2850724.96127821225673, 2435713.036598250735551 ], [ 2850722.894862290471792, 2435716.515605946071446 ], [ 2850722.134584607556462, 2435717.795485427603126 ], [ 2850720.788218717090786, 2435721.433555484283715 ], [ 2850720.139403050765395, 2435723.186980408616364 ], [ 2850718.509124824777246, 2435728.51475881645456 ], [ 2850716.000290443655103, 2435735.012131023220718 ], [ 2850713.32704243902117, 2435739.555352037772536 ], [ 2850711.481165893375874, 2435745.394314886536449 ], [ 2850711.17595621291548, 2435751.567805265076458 ], [ 2850711.575512354262173, 2435755.032545017078519 ], [ 2850711.774884807877243, 2435756.761581998784095 ], [ 2850713.459486626088619, 2435762.449399356264621 ], [ 2850715.591493153013289, 2435767.224469513632357 ], [ 2850716.231226814910769, 2435768.638210006058216 ], [ 2850718.109745865687728, 2435772.788855412509292 ], [ 2850720.239565261639655, 2435778.319669454358518 ], [ 2850724.320323909632862, 2435782.992149168625474 ], [ 2850724.567209432832897, 2435782.848104474134743 ], [ 2850727.355951996985823, 2435781.220798560418189 ], [ 2850730.645059525035322, 2435777.055865878239274 ], [ 2850732.653425288852304, 2435773.25013634422794 ], [ 2850733.182374496012926, 2435772.24784255027771 ], [ 2850732.847978809848428, 2435766.830184661783278 ], [ 2850731.956211240962148, 2435760.170804282650352 ], [ 2850731.369395024143159, 2435754.984260344412178 ], [ 2850731.787086321040988, 2435748.978166978806257 ], [ 2850732.289596483111382, 2435749.137343033216894 ], [ 2850734.425521954894066, 2435749.813870316371322 ], [ 2850734.434189641848207, 2435749.811971945688128 ], [ 2850740.062800159212202, 2435748.598350804299116 ], [ 2850743.090940279886127, 2435746.073748576454818 ], [ 2850747.673240912146866, 2435743.217906163074076 ], [ 2850748.0309818694368, 2435743.458619045093656 ], [ 2850750.54671071190387, 2435745.151659264229238 ], [ 2850755.947184023447335, 2435749.160561118740588 ], [ 2850756.225112888030708, 2435749.143040992319584 ], [ 2850761.414981335401535, 2435748.816673699766397 ], [ 2850764.091827591881156, 2435745.690100875683129 ], [ 2850765.712166903540492, 2435739.599247684702277 ], [ 2850766.722526063211262, 2435733.7909911647439 ], [ 2850766.90140691306442, 2435727.350323750637472 ], [ 2850766.217448330018669, 2435722.181737856473774 ], [ 2850766.070110911037773, 2435721.068383079022169 ], [ 2850765.500679967459291, 2435715.401190588250756 ], [ 2850765.741802084259689, 2435709.430707285180688 ], [ 2850765.818791458383203, 2435705.075328121427447 ], [ 2850765.451771161518991, 2435699.479970212094486 ], [ 2850765.602983173914254, 2435693.605148722883314 ], [ 2850766.728146732784808, 2435687.973933713044971 ], [ 2850768.629926944617182, 2435683.258727566339076 ], [ 2850771.124535392038524, 2435678.741124781779945 ], [ 2850773.188122356310487, 2435678.815773242618889 ], [ 2850773.300763330422342, 2435678.952117728535086 ], [ 2850775.194289372302592, 2435681.243590962141752 ], [ 2850778.010126670822501, 2435686.2962691555731 ], [ 2850780.854666730388999, 2435692.189844955690205 ], [ 2850782.862059004604816, 2435696.37284806324169 ], [ 2850783.17701486684382, 2435697.029203831218183 ], [ 2850785.625712938606739, 2435702.135838687419891 ], [ 2850786.855715385172516, 2435707.134583993349224 ], [ 2850787.554575075395405, 2435714.568386673927307 ], [ 2850788.514538272749633, 2435721.12724718824029 ], [ 2850790.391141246072948, 2435728.203489616047591 ], [ 2850792.22731274086982, 2435733.58291665604338 ], [ 2850793.236961788497865, 2435735.349461764097214 ], [ 2850795.507411416620016, 2435739.322080673649907 ], [ 2850798.405991363339126, 2435740.680086952634156 ], [ 2850798.646649281028658, 2435740.706544083543122 ], [ 2850801.939082080963999, 2435741.0687808226794 ], [ 2850803.527849233709276, 2435741.243523343466222 ], [ 2850803.821501524653286, 2435741.370194342918694 ], [ 2850808.887910814024508, 2435743.555712926201522 ], [ 2850813.079991505481303, 2435746.988673314917833 ], [ 2850816.471150165423751, 2435750.722747242543846 ], [ 2850820.44353889580816, 2435754.564504401292652 ], [ 2850825.420008179731667, 2435759.609817578922957 ], [ 2850822.35407070396468, 2435768.353145064320415 ], [ 2850821.89477647934109, 2435769.662835965398699 ], [ 2850818.898995223455131, 2435770.102924147620797 ], [ 2850816.93367107026279, 2435772.941355674527586 ], [ 2850818.141254773363471, 2435775.680031368043274 ], [ 2850821.576841205358505, 2435780.447509663645178 ], [ 2850825.500795293599367, 2435783.919177658390254 ], [ 2850835.091986485291272, 2435802.018676075153053 ], [ 2850839.654708453919739, 2435806.048530488740653 ], [ 2850845.018963165581226, 2435808.463093945756555 ], [ 2850850.439047992229462, 2435811.235810552258044 ], [ 2850855.827997961081564, 2435815.15458654332906 ], [ 2850859.965269856154919, 2435818.870835339650512 ], [ 2850860.264052433893085, 2435818.83432702627033 ], [ 2850861.626508472952992, 2435818.668014575261623 ], [ 2850863.649662617128342, 2435818.421048092655838 ], [ 2850863.156299971975386, 2435816.75296445377171 ], [ 2850881.319308517500758, 2435815.148396803997457 ], [ 2850881.560411065351218, 2435815.632290303241462 ], [ 2850885.699856092222035, 2435818.592698461841792 ], [ 2850890.214292779564857, 2435823.017953164875507 ], [ 2850889.982074494939297, 2435825.499476817436516 ], [ 2850887.952720991335809, 2435828.540697996504605 ], [ 2850888.112314949277788, 2435833.320893927011639 ], [ 2850890.054378909990191, 2435835.951625204179436 ], [ 2850893.785788343288004, 2435840.114656310062855 ], [ 2850897.822098880074918, 2435843.753548276610672 ], [ 2850901.151686116587371, 2435847.700243052095175 ], [ 2850902.07098070345819, 2435851.796824238263071 ], [ 2850905.456048439256847, 2435856.94994479091838 ], [ 2850908.437341278418899, 2435861.794119202997535 ], [ 2850908.339047474786639, 2435865.296055467799306 ], [ 2850906.94172293972224, 2435871.629093862138689 ], [ 2850904.964701420627534, 2435876.303610421717167 ], [ 2850904.940890037920326, 2435876.359862229786813 ], [ 2850902.95899402955547, 2435875.51891958899796 ], [ 2850897.655028156936169, 2435872.836943489965051 ], [ 2850897.348574453499168, 2435872.682008370757103 ], [ 2850894.501880708150566, 2435872.774690796621144 ], [ 2850893.248472678940743, 2435872.815479159355164 ], [ 2850890.90252381330356, 2435875.52511875750497 ], [ 2850891.958442036993802, 2435878.572207599878311 ], [ 2850895.406785553321242, 2435882.18450165912509 ], [ 2850895.979325830005109, 2435882.784358316566795 ], [ 2850900.39324604626745, 2435885.052491135429591 ], [ 2850904.411943229846656, 2435890.020386518910527 ], [ 2850906.960898058023304, 2435896.518488719128072 ], [ 2850910.569985873997211, 2435899.751030432991683 ], [ 2850910.819997811689973, 2435899.669170560315251 ], [ 2850913.170361892785877, 2435898.899865337647498 ], [ 2850919.506621007807553, 2435899.468754857778549 ], [ 2850919.673673114739358, 2435899.586351103615016 ], [ 2850919.802191312424839, 2435899.676955373026431 ], [ 2850922.703911926131696, 2435901.721686909906566 ], [ 2850923.203980246558785, 2435901.865039298776537 ], [ 2850928.348186371847987, 2435903.339417038951069 ], [ 2850930.470434932038188, 2435901.701888432726264 ], [ 2850929.995265564881265, 2435898.845367779489607 ], [ 2850927.361526441760361, 2435895.183530641719699 ], [ 2850925.530224500223994, 2435893.086789469234645 ] ] ] } },
{ "type": "Feature", "properties": { "SITE_NAME": "Costa de Dexo", "ODESIGNATE": "Monumento Natural", "NUT2": 11, "SITE_CODE_": "ES111003", "DESIG_ABBR": "ES19", "SITE_CDDA": "349382_CDDA", "Sup_ha": 267.74225018599998 }, "geometry": { "type": "Polygon", "coordinates": [ [ [ 2850937.736712441779673, 2435803.558251535519958 ], [ 2850938.191450413316488, 2435803.517388004809618 ], [ 2850938.647382146213204, 2435803.506616367027164 ], [ 2850939.102695125620812, 2435803.5259646368213 ], [ 2850939.555347940884531, 2435803.575299436226487 ], [ 2850940.003299198113382, 2435803.654487424530089 ], [ 2850940.444899279158562, 2435803.763323245104402 ], [ 2850940.878105753101408, 2435803.901063419412822 ], [ 2850941.301154559012502, 2435804.067421901971102 ], [ 2850941.712051729671657, 2435804.261341185308993 ], [ 2850942.109179610386491, 2435804.48220316041261 ], [ 2850942.490756618790329, 2435804.729012984782457 ], [ 2850942.855295010842383, 2435805.000721816904843 ], [ 2850943.200996709056199, 2435805.296236135531217 ], [ 2850943.526618320960552, 2435805.614157027099282 ], [ 2850943.6053850883618, 2435805.697631446644664 ], [ 2850950.124034518375993, 2435812.731622352264822 ], [ 2850950.34927208442241, 2435812.987130537629128 ], [ 2850950.630432213656604, 2435813.345874596852809 ], [ 2850950.887553194537759, 2435813.722667143680155 ], [ 2850951.119375140871853, 2435814.11601058812812 ], [ 2850951.325094901956618, 2435814.524119945708662 ], [ 2850951.499417264480144, 2435814.934643742162734 ], [ 2850951.598739488050342, 2435815.190613442100585 ], [ 2850954.40912697231397, 2435822.438012293539941 ], [ 2850955.971821518614888, 2435822.03217747528106 ], [ 2850962.057094865478575, 2435813.513836981263012 ], [ 2850960.855225793085992, 2435806.98631190508604 ], [ 2850959.720433035865426, 2435800.823823646642268 ], [ 2850956.85387069080025, 2435795.1639558901079 ], [ 2850952.797493149526417, 2435787.154969668015838 ], [ 2850952.691637302748859, 2435786.936615197453648 ], [ 2850952.512985942419618, 2435786.515291561838239 ], [ 2850952.362255467101932, 2435786.082834638655186 ], [ 2850952.239824251737446, 2435785.640904054045677 ], [ 2850952.14652843400836, 2435785.191482145804912 ], [ 2850952.082583487965167, 2435784.73646191554144 ], [ 2850952.04828633274883, 2435784.277619661297649 ], [ 2850952.043722531758249, 2435783.817279130686074 ], [ 2850952.069074563682079, 2435783.3571359468624 ], [ 2850952.124182607978582, 2435782.899253793526441 ], [ 2850952.208870355039835, 2435782.445597684476525 ], [ 2850952.322536714375019, 2435781.998007277492434 ], [ 2850952.464825975708663, 2435781.558582265395671 ], [ 2850952.635234992485493, 2435781.129144296981394 ], [ 2850952.636569138150662, 2435781.126254458446056 ], [ 2850952.832852344959974, 2435780.711488355882466 ], [ 2850953.056962498929352, 2435780.307373410090804 ], [ 2850953.306539588607848, 2435779.918513751588762 ], [ 2850953.580574245192111, 2435779.546722382307053 ], [ 2850953.877795221284032, 2435779.193453537300229 ], [ 2850954.197045715525746, 2435778.860242161899805 ], [ 2850954.536956534255296, 2435778.548560502938926 ], [ 2850954.895946097560227, 2435778.25981814507395 ], [ 2850955.272562738507986, 2435777.994993932079524 ], [ 2850955.63802979234606, 2435777.770972799509764 ], [ 2850964.946073580533266, 2435772.444908117409796 ], [ 2850964.973268670029938, 2435772.429432750213891 ], [ 2850965.174416604451835, 2435772.324005678296089 ], [ 2850965.380197919905186, 2435772.216099503450096 ], [ 2850965.799746603704989, 2435772.029944308102131 ], [ 2850966.230136217083782, 2435771.871802629437298 ], [ 2850966.669326388277113, 2435771.742151228245348 ], [ 2850967.115734506398439, 2435771.641789569053799 ], [ 2850967.567189261317253, 2435771.571015047840774 ], [ 2850968.021927617490292, 2435771.530151715502143 ], [ 2850968.477876210585237, 2435771.519478956703097 ], [ 2850968.933173032477498, 2435771.538728731218725 ], [ 2850969.385842664167285, 2435771.588162412401289 ], [ 2850969.833908654749393, 2435771.667431268841028 ], [ 2850970.275394559837878, 2435771.776186589151621 ], [ 2850970.7017388693057, 2435771.911526526790112 ], [ 2850980.183879413641989, 2435775.26704887393862 ], [ 2850980.190643868409097, 2435775.269467286765575 ], [ 2850980.613659963011742, 2435775.435628647450358 ], [ 2850981.024573876522481, 2435775.629646847955883 ], [ 2850981.421604025643319, 2435775.850527049973607 ], [ 2850981.803279163315892, 2435776.097319095395505 ], [ 2850982.167736250907183, 2435776.36914481734857 ], [ 2850982.513519513420761, 2435776.664542644284666 ], [ 2850982.839043255429715, 2435776.982481719926 ], [ 2850983.143064086325467, 2435777.321563139092177 ], [ 2850983.424207676202059, 2435777.680208632722497 ], [ 2850983.681328578386456, 2435778.057001281995326 ], [ 2850983.913150408305228, 2435778.450344807468355 ], [ 2850984.11887001991272, 2435778.858454238623381 ], [ 2850984.297504866030067, 2435779.279679289087653 ], [ 2850984.448251802008599, 2435779.712234985549003 ], [ 2850984.57060151360929, 2435780.154282330535352 ], [ 2850984.663897262886167, 2435780.603704297915101 ], [ 2850984.711209626402706, 2435780.917548752389848 ], [ 2850984.908353966660798, 2435782.458720835391432 ], [ 2850985.466925147920847, 2435786.825850628782064 ], [ 2850988.972904107533395, 2435790.03584773465991 ], [ 2850990.551299890503287, 2435788.664591479115188 ], [ 2850997.61084037553519, 2435782.080936107318848 ], [ 2851017.437321962788701, 2435708.954466171562672 ], [ 2851017.468649079091847, 2435708.842313400935382 ], [ 2851017.502537243068218, 2435708.72857101354748 ], [ 2851026.688976105302572, 2435678.773553434293717 ], [ 2851021.519588220864534, 2435649.886730955913663 ], [ 2851021.513505517505109, 2435649.852757068350911 ], [ 2851021.449545158538967, 2435649.397638222202659 ], [ 2851021.415282151661813, 2435648.938993429299444 ], [ 2851021.410801027901471, 2435648.478536329697818 ], [ 2851021.436170845292509, 2435648.018491973169148 ], [ 2851021.491280243266374, 2435647.560609999578446 ], [ 2851021.549238289706409, 2435647.23331597680226 ], [ 2851025.047694991342723, 2435629.841060082428157 ], [ 2851025.07432819576934, 2435629.714716207236052 ], [ 2851025.188012660481036, 2435629.267224726267159 ], [ 2851025.330303575843573, 2435628.827799981459975 ], [ 2851025.500599842984229, 2435628.398281623609364 ], [ 2851025.694736091420054, 2435627.987572533078492 ], [ 2851033.897531049326062, 2435611.960854480043054 ], [ 2851030.26480609504506, 2435574.307288130745292 ], [ 2851030.253816681914032, 2435574.181146300397813 ], [ 2851027.942691201809794, 2435544.722696516662836 ], [ 2851027.927320300135761, 2435544.467062305659056 ], [ 2851027.922839991282672, 2435544.006605331785977 ], [ 2851027.948177659884095, 2435543.546363740693778 ], [ 2851028.003385860472918, 2435543.088463882915676 ], [ 2851028.087879993021488, 2435542.634844106156379 ], [ 2851028.201565183699131, 2435542.187352717854083 ], [ 2851028.202604482881725, 2435542.183906795457006 ], [ 2851033.306602244265378, 2435524.535003431607038 ], [ 2851035.252580416854471, 2435510.724819451570511 ], [ 2851033.842055819928646, 2435493.472413953859359 ], [ 2851033.824702749494463, 2435493.193444409873337 ], [ 2851033.820239344611764, 2435492.73308618273586 ], [ 2851033.845593927428126, 2435492.272943332325667 ], [ 2851033.900704614352435, 2435491.815061542205513 ], [ 2851033.985199188813567, 2435491.361441826913506 ], [ 2851034.098982774652541, 2435490.91393250413239 ], [ 2851034.241274874657393, 2435490.47450791252777 ], [ 2851034.411572332493961, 2435490.044989705085754 ], [ 2851034.529935689643025, 2435489.786745091434568 ], [ 2851043.725698637310416, 2435470.719726691488177 ], [ 2851046.633472210261971, 2435454.481391525827348 ], [ 2851040.819713175762445, 2435411.366163310129195 ], [ 2851029.504420891404152, 2435380.172573732212186 ], [ 2851029.403344966471195, 2435379.872884054668248 ], [ 2851029.280997908674181, 2435379.430837146937847 ], [ 2851029.187574036419392, 2435378.981236277148128 ], [ 2851029.123632126953453, 2435378.526216461323202 ], [ 2851029.08937114989385, 2435378.067572024650872 ], [ 2851029.084892114624381, 2435377.60711525939405 ], [ 2851029.110247581265867, 2435377.146972553338856 ], [ 2851029.165261220186949, 2435376.689108897931874 ], [ 2851029.249854650348425, 2435376.235471306368709 ], [ 2851029.36354120541364, 2435375.787980104796588 ], [ 2851029.505932170897722, 2435375.348537620157003 ], [ 2851029.676247041672468, 2435374.919118192978203 ], [ 2851029.873851721640676, 2435374.501364109106362 ], [ 2851030.097965708933771, 2435374.097249711398035 ], [ 2851034.309993460774422, 2435367.047207960858941 ], [ 2851040.341518598143011, 2435340.322135251481086 ], [ 2851036.712652008980513, 2435282.546456860378385 ], [ 2851026.293307785876095, 2435219.686830259859562 ], [ 2851026.238652536645532, 2435219.28675944916904 ], [ 2851026.204376237466931, 2435218.828016536310315 ], [ 2851026.199898412451148, 2435218.367559985723346 ], [ 2851026.225255115889013, 2435217.907417477108538 ], [ 2851026.280270012561232, 2435217.4495540112257 ], [ 2851026.364962663501501, 2435216.995898596476763 ], [ 2851026.478650502860546, 2435216.54840755648911 ], [ 2851026.621042758692056, 2435216.108965225983411 ], [ 2851026.791342427022755, 2435215.67944726254791 ], [ 2851026.989062834531069, 2435215.261773990467191 ], [ 2851027.087692761328071, 2435215.07632337603718 ], [ 2851045.158955390565097, 2435182.264478115364909 ], [ 2851045.284457433968782, 2435182.045913173817098 ], [ 2851045.534040001221001, 2435181.657054250594229 ], [ 2851045.704173018224537, 2435181.420419533271343 ], [ 2851068.284105185419321, 2435151.316518869716674 ], [ 2851068.3881103573367, 2435151.181344974786043 ], [ 2851068.685320621356368, 2435150.827978270594031 ], [ 2851069.004576805047691, 2435150.494767694734037 ], [ 2851069.344509698450565, 2435150.183185514062643 ], [ 2851069.703488208353519, 2435149.894345249049366 ], [ 2851070.080110128037632, 2435149.62952177785337 ], [ 2851070.472777360118926, 2435149.390026004053652 ], [ 2851070.879809331148863, 2435149.176675396971405 ], [ 2851071.288608967326581, 2435148.995040241628885 ], [ 2851084.442977828439325, 2435143.639875331893563 ], [ 2851084.453764415346086, 2435143.635553259402514 ], [ 2851084.884044042788446, 2435143.477331556379795 ], [ 2851085.323352847248316, 2435143.347761458251625 ], [ 2851085.76968342019245, 2435143.247517065145075 ], [ 2851086.22122323513031, 2435143.176626401022077 ], [ 2851086.675866938196123, 2435143.13578156940639 ], [ 2851087.131899943575263, 2435143.124992571305484 ], [ 2851087.587117935530841, 2435143.144359428435564 ], [ 2851088.039789836388081, 2435143.193793466780335 ], [ 2851088.487857731059194, 2435143.273062623105943 ], [ 2851088.9295245683752, 2435143.38168349955231 ], [ 2851089.362748933024704, 2435143.519522735849023 ], [ 2851089.785667786374688, 2435143.685702167917043 ], [ 2851090.196582021657377, 2435143.879720391705632 ], [ 2851090.593612106516957, 2435144.100600556470454 ], [ 2851090.872751142829657, 2435144.277543117292225 ], [ 2851100.572593756020069, 2435150.761290900409222 ], [ 2851113.620432165451348, 2435150.479546315502375 ], [ 2851132.121717530302703, 2435144.123913724906743 ], [ 2851133.817386167123914, 2435137.675651971716434 ], [ 2851132.249545810744166, 2435123.932286839932203 ], [ 2851132.244423482567072, 2435123.886540964245796 ], [ 2851132.210148126352578, 2435123.427798054181039 ], [ 2851132.205671325325966, 2435122.96734154317528 ], [ 2851132.231029131449759, 2435122.507199119310826 ], [ 2851132.286143153440207, 2435122.049317789729685 ], [ 2851132.370641155168414, 2435121.595698555000126 ], [ 2851132.484330305829644, 2435121.148207745980471 ], [ 2851132.626707435119897, 2435120.708666997496039 ], [ 2851132.79704150930047, 2435120.279346704017371 ], [ 2851132.99474688898772, 2435119.861575095448643 ], [ 2851133.218863657210022, 2435119.457461209502071 ], [ 2851138.01854798803106, 2435111.423756904434413 ], [ 2851138.268148293718696, 2435111.034997035749257 ], [ 2851138.542189651168883, 2435110.663206778466702 ], [ 2851138.839417280629277, 2435110.309939067345113 ], [ 2851139.158576405607164, 2435109.97674683528021 ], [ 2851139.498591647483408, 2435109.665048329159617 ], [ 2851139.857587552629411, 2435109.376307127997279 ], [ 2851140.234210377093405, 2435109.111484057735652 ], [ 2851140.626878510694951, 2435108.871988696977496 ], [ 2851141.033911375328898, 2435108.658638518769294 ], [ 2851141.453465492464602, 2435108.472484370227903 ], [ 2851141.883762335404754, 2435108.314361724536866 ], [ 2851142.323055350221694, 2435108.184693317860365 ], [ 2851142.769370114430785, 2435108.084350623656064 ], [ 2851143.22073119552806, 2435108.013595033437014 ], [ 2851143.675473487004638, 2435107.972732585389167 ], [ 2851144.131507108919322, 2435107.961943978443742 ], [ 2851144.586725685745478, 2435107.981311220675707 ], [ 2851145.039381646085531, 2435108.030646958388388 ], [ 2851145.487450063228607, 2435108.109916503541172 ], [ 2851145.929052425082773, 2435108.218753123655915 ], [ 2851146.362260739319026, 2435108.356494035106152 ], [ 2851146.785294438712299, 2435108.522754511330277 ], [ 2851147.196192543022335, 2435108.716674398630857 ], [ 2851147.593320894055068, 2435108.937536899000406 ], [ 2851147.936675387434661, 2435109.158009933307767 ], [ 2851157.174448145087808, 2435115.485936416778713 ], [ 2851157.212768622674048, 2435115.512255668640137 ], [ 2851157.577110729645938, 2435115.784000943414867 ], [ 2851157.922909518703818, 2435116.079497614409775 ], [ 2851158.248431868385524, 2435116.397436778992414 ], [ 2851158.552434394136071, 2435116.736419531982392 ], [ 2851158.82496695779264, 2435117.083424286916852 ], [ 2851165.094184130430222, 2435125.613924616016448 ], [ 2851173.186598148196936, 2435136.625207936391234 ], [ 2851173.195223454385996, 2435136.636947302613407 ], [ 2851173.452243919949979, 2435137.013757924549282 ], [ 2851173.684079362079501, 2435137.407200022600591 ], [ 2851173.889697769656777, 2435137.815327278338373 ], [ 2851174.06832899292931, 2435138.236552061978728 ], [ 2851174.122065282426775, 2435138.380468923598528 ], [ 2851190.454044465906918, 2435183.646452825516462 ], [ 2851194.340160520747304, 2435194.417580157984048 ], [ 2851218.571687199175358, 2435233.061235953588039 ], [ 2851230.081147820688784, 2435243.897721732035279 ], [ 2851238.549053067341447, 2435245.125568782910705 ], [ 2851251.498325138352811, 2435241.763112202752382 ], [ 2851266.490554426331073, 2435236.913005235604942 ], [ 2851266.885243683122098, 2435236.797944073565304 ], [ 2851267.331656982190907, 2435236.697584297508001 ], [ 2851267.783116641454399, 2435236.626811636146158 ], [ 2851268.237876106984913, 2435236.58604883775115 ], [ 2851268.693796008359641, 2435236.57518053194508 ], [ 2851269.149113295599818, 2435236.594530773349106 ], [ 2851269.601786547340453, 2435236.643966200295836 ], [ 2851270.049855794757605, 2435236.723236755933613 ], [ 2851270.491442525293678, 2435236.831975712440908 ], [ 2851270.924651726149023, 2435236.969717635307461 ], [ 2851271.347588390111923, 2435237.135997124947608 ], [ 2851271.476050649769604, 2435237.193046076223254 ], [ 2851282.087344784289598, 2435242.038094385992736 ], [ 2851293.08098065899685, 2435246.150601126719266 ], [ 2851299.010432969778776, 2435243.672249984461814 ], [ 2851300.657793420366943, 2435231.120277206879109 ], [ 2851293.513209830038249, 2435205.37001698743552 ], [ 2851293.454616635106504, 2435205.143891112878919 ], [ 2851293.361325163394213, 2435204.694469273090363 ], [ 2851293.297384928911924, 2435204.239449249580503 ], [ 2851293.26301138382405, 2435203.780724034644663 ], [ 2851293.258550915401429, 2435203.320365991443396 ], [ 2851293.2839086339809, 2435202.860223418101668 ], [ 2851293.339006153400987, 2435202.402243337593973 ], [ 2851293.423602176830173, 2435201.948606124147773 ], [ 2851293.537291476968676, 2435201.501115408726037 ], [ 2851293.679587381891906, 2435201.061691527254879 ], [ 2851293.849986720830202, 2435200.63215612526983 ], [ 2851294.044046659953892, 2435200.221564743667841 ], [ 2851298.622908791527152, 2435191.275588115211576 ], [ 2851298.626473159529269, 2435191.268524911720306 ], [ 2851298.850688431877643, 2435190.864393447991461 ], [ 2851299.100289270281792, 2435190.47563406592235 ], [ 2851299.374331229832023, 2435190.103844371624291 ], [ 2851299.671559528447688, 2435189.750577291473746 ], [ 2851299.990817333571613, 2435189.417367758229375 ], [ 2851300.330735420808196, 2435189.105688015930355 ], [ 2851300.689617735333741, 2435188.816866956185549 ], [ 2851301.066257959697396, 2435188.552143459673971 ], [ 2851301.458927048370242, 2435188.312649038620293 ], [ 2851301.865862969774753, 2435188.099317852407694 ], [ 2851302.285418127663434, 2435187.913164735771716 ], [ 2851302.715797504410148, 2435187.754926481749862 ], [ 2851303.155108124483377, 2435187.625357863493264 ], [ 2851303.601424030959606, 2435187.525016317609698 ], [ 2851304.052884222008288, 2435187.454243896063417 ], [ 2851304.507611200213432, 2435187.413283958565444 ], [ 2851304.963450123555958, 2435187.402532575652003 ], [ 2851305.418767850846052, 2435187.421883043367416 ], [ 2851305.787439157254994, 2435187.459803709294647 ], [ 2851310.76091631827876, 2435188.107622622512281 ], [ 2851310.844918675720692, 2435188.119137610774487 ], [ 2851311.293086282908916, 2435188.19839042192325 ], [ 2851311.535429208539426, 2435188.254241029266268 ], [ 2851321.028225195594132, 2435190.623452701605856 ], [ 2851322.078271622769535, 2435189.56160139106214 ], [ 2851322.162310743704438, 2435189.477903983555734 ], [ 2851322.502229019999504, 2435189.166224351618439 ], [ 2851322.861225971952081, 2435188.877484091557562 ], [ 2851323.237849899567664, 2435188.612662034574896 ], [ 2851323.63051919080317, 2435188.373167740181088 ], [ 2851324.03745531430468, 2435188.159836692269892 ], [ 2851324.457010680343956, 2435187.97368371905759 ], [ 2851324.887390262447298, 2435187.815445606596768 ], [ 2851325.326619638130069, 2435187.685993830673397 ], [ 2851325.77301720296964, 2435187.585535755380988 ], [ 2851325.946369808167219, 2435187.554792525246739 ], [ 2851336.13754830416292, 2435185.87817592266947 ], [ 2851336.415656154043972, 2435185.838146924506873 ], [ 2851336.870301979593933, 2435185.797303904779255 ], [ 2851337.32633708929643, 2435185.786516742780805 ], [ 2851337.781557155773044, 2435185.805885448586196 ], [ 2851338.234231091104448, 2435185.855321328621358 ], [ 2851338.68228448368609, 2435185.934493655804545 ], [ 2851339.12379034794867, 2435186.043349731713533 ], [ 2851339.557000090368092, 2435186.181092098355293 ], [ 2851339.980018692091107, 2435186.347255317028612 ], [ 2851340.390934647992253, 2435186.541275287978351 ], [ 2851340.788080811500549, 2435186.762237851507962 ], [ 2851341.169659094884992, 2435187.009049465879798 ], [ 2851341.534181752242148, 2435187.280661283992231 ], [ 2851341.879981633275747, 2435187.576159136369824 ], [ 2851342.205505012068897, 2435187.894099431112409 ], [ 2851342.509524998255074, 2435188.233181950636208 ], [ 2851342.790667262393981, 2435188.591828404925764 ], [ 2851343.047688414342701, 2435188.9686398813501 ], [ 2851343.279507974162698, 2435189.361984096467495 ], [ 2851343.334875162225217, 2435189.465525538194925 ], [ 2851348.807368657551706, 2435199.906540716066957 ], [ 2851355.622763971798122, 2435200.700902556069195 ], [ 2851362.269080779515207, 2435196.395814042072743 ], [ 2851367.160736377350986, 2435189.094051989726722 ], [ 2851364.278037395328283, 2435147.78029229817912 ], [ 2851362.328574110753834, 2435142.512822434306145 ], [ 2851353.496863619424403, 2435118.64721296261996 ], [ 2851353.380204661749303, 2435118.305022147484124 ], [ 2851353.257859455421567, 2435117.862974769435823 ], [ 2851353.164470699615777, 2435117.41357093071565 ], [ 2851353.100514693185687, 2435116.958452236838639 ], [ 2851353.066256369929761, 2435116.499807750340551 ], [ 2851353.061780238524079, 2435116.039351081475616 ], [ 2851353.087155337445438, 2435115.579307289328426 ], [ 2851353.142172335647047, 2435115.121444012969732 ], [ 2851353.226752837188542, 2435114.667708252556622 ], [ 2851353.235181148629636, 2435114.629948447924107 ], [ 2851354.524560685269535, 2435108.917621864937246 ], [ 2851355.094993610400707, 2435106.390017845667899 ], [ 2851355.200272174552083, 2435105.980385783594102 ], [ 2851355.342552707530558, 2435105.54086341522634 ], [ 2851355.512969695031643, 2435105.111426909454167 ], [ 2851355.710578687489033, 2435104.693673879373819 ], [ 2851355.934697109274566, 2435104.289560654666275 ], [ 2851356.18429906014353, 2435103.900801533833146 ], [ 2851356.458342140540481, 2435103.529012110084295 ], [ 2851356.755571566522121, 2435103.17574531910941 ], [ 2851357.074830497149378, 2435102.842536086216569 ], [ 2851357.414749704301357, 2435102.530856654047966 ], [ 2851357.77374757360667, 2435102.242116603069007 ], [ 2851358.15037240087986, 2435101.977294750045985 ], [ 2851358.543042568489909, 2435101.737800676375628 ], [ 2851358.949979543685913, 2435101.524469839874655 ], [ 2851359.369535729289055, 2435101.338317077141255 ], [ 2851359.799932594411075, 2435101.180177860893309 ], [ 2851360.239244172349572, 2435101.050609609577805 ], [ 2851360.685544501058757, 2435100.950169742107391 ], [ 2851361.137005565688014, 2435100.879397684708238 ], [ 2851361.591749861370772, 2435100.838536791503429 ], [ 2851362.047687502577901, 2435100.827767759561539 ], [ 2851362.502924493979663, 2435100.847235265187919 ], [ 2851362.95558231510222, 2435100.8965725726448 ], [ 2851363.403652529232204, 2435100.97584368288517 ], [ 2851363.845240124035627, 2435101.084583173505962 ], [ 2851364.278450087178499, 2435101.222325625363737 ], [ 2851364.701485351659358, 2435101.388587614521384 ], [ 2851365.11238492326811, 2435101.582508967723697 ], [ 2851365.153620320372283, 2435101.603918858803809 ], [ 2851375.077113719657063, 2435106.784220674075186 ], [ 2851375.432910159230232, 2435106.98369279038161 ], [ 2851375.814586457330734, 2435107.230486532207578 ], [ 2851376.179027668200433, 2435107.502215144690126 ], [ 2851376.524827497079968, 2435107.797713094390929 ], [ 2851376.850334273651242, 2435108.115554802119732 ], [ 2851377.12968018418178, 2435108.425402898341417 ], [ 2851386.759104823693633, 2435119.77936242474243 ], [ 2851398.498951909132302, 2435124.171057438012213 ], [ 2851408.428453427739441, 2435126.64931104844436 ], [ 2851412.985351539216936, 2435123.521234462503344 ], [ 2851421.655907021835446, 2435098.664378978312016 ], [ 2851430.106148053891957, 2435041.099434216506779 ], [ 2851425.156426374800503, 2435016.905015270691365 ], [ 2851413.280524455010891, 2434979.651517199818045 ], [ 2851413.268228262662888, 2434979.612379070837051 ], [ 2851413.145900489762425, 2434979.170430417172611 ], [ 2851413.052512750960886, 2434978.721026642248034 ], [ 2851412.993663510773331, 2434978.31155524821952 ], [ 2851411.274803855456412, 2434963.243950151372701 ], [ 2851411.269698191434145, 2434963.198302946984768 ], [ 2851411.235424642916769, 2434962.739559900946915 ], [ 2851411.230966342613101, 2434962.279202069155872 ], [ 2851411.25632634665817, 2434961.81905976915732 ], [ 2851411.31134479958564, 2434961.361196689773351 ], [ 2851411.395943296141922, 2434960.907559820450842 ], [ 2851411.509635155554861, 2434960.460069498978555 ], [ 2851411.652031636796892, 2434960.02062804531306 ], [ 2851411.822335715405643, 2434959.591111115179956 ], [ 2851412.020044211298227, 2434959.173340349458158 ], [ 2851412.244066256098449, 2434958.769245414063334 ], [ 2851412.493767732288688, 2434958.380468573886901 ], [ 2851412.767714445944875, 2434958.008697460405529 ], [ 2851413.065043393988162, 2434957.655412975698709 ], [ 2851413.069982131011784, 2434957.649928061757237 ], [ 2851416.987848300486803, 2434953.296970123425126 ], [ 2851417.62551564257592, 2434952.588599131442606 ], [ 2851417.939837475772947, 2434952.26087516034022 ], [ 2851418.279660359956324, 2434951.949214092455804 ], [ 2851418.638757771812379, 2434951.660456397105008 ], [ 2851419.015384164638817, 2434951.395634916145355 ], [ 2851419.407957909163088, 2434951.156159213278443 ], [ 2851419.814994311891496, 2434950.942810744512826 ], [ 2851420.234551928471774, 2434950.75665835943073 ], [ 2851420.664852214977145, 2434950.598537516314536 ], [ 2851421.104165100492537, 2434950.468969633802772 ], [ 2851421.550466667395085, 2434950.368530136533082 ], [ 2851422.00192889245227, 2434950.297758430242538 ], [ 2851422.456674272194505, 2434950.256897888146341 ], [ 2851422.912612913176417, 2434950.246129197999835 ], [ 2851423.367932267487049, 2434950.265480349771678 ], [ 2851423.820590906776488, 2434950.314817977603525 ], [ 2851424.268661845941097, 2434950.394089398439974 ], [ 2851424.710266558919102, 2434950.502927866764367 ], [ 2851425.143493536859751, 2434950.640769275370985 ], [ 2851425.566512724384665, 2434950.806932837702334 ], [ 2851425.977314661256969, 2434951.000872441567481 ], [ 2851426.374444589950144, 2434951.221736604347825 ], [ 2851426.756022968329489, 2434951.468548472039402 ], [ 2851427.120562051422894, 2434951.740259198471904 ], [ 2851427.466263752430677, 2434952.035775251686573 ], [ 2851427.791884681209922, 2434952.35369770321995 ], [ 2851428.095904109068215, 2434952.69278035312891 ], [ 2851428.377062150277197, 2434953.051525590475649 ], [ 2851428.457002349197865, 2434953.163163219578564 ], [ 2851441.691349328495562, 2434972.027882744558156 ], [ 2851441.868445987813175, 2434972.293155394494534 ], [ 2851442.062478002160788, 2434972.618073734454811 ], [ 2851443.13583539519459, 2434974.532709266059101 ], [ 2851453.487745432183146, 2434992.997437576763332 ], [ 2851458.525006574112922, 2434998.206566425971687 ], [ 2851462.67083544889465, 2434996.359681402798742 ], [ 2851468.295545638538897, 2434987.963824980892241 ], [ 2851475.810600139200687, 2434971.883194354362786 ], [ 2851476.852689996361732, 2434962.332530094310641 ], [ 2851477.646052057854831, 2434942.00995478965342 ], [ 2851477.667801193427294, 2434941.665923102293164 ], [ 2851477.722918013576418, 2434941.208042050246149 ], [ 2851477.807516972534359, 2434940.754405248910189 ], [ 2851477.853857926093042, 2434940.55690091708675 ], [ 2851482.259173576720059, 2434922.929510990623385 ], [ 2851482.326525073032826, 2434922.679525117389858 ], [ 2851482.468807812780142, 2434922.240003134123981 ], [ 2851482.639210574794561, 2434921.810468384064734 ], [ 2851482.836838381830603, 2434921.392814514227211 ], [ 2851483.060959170106798, 2434920.988701814319938 ], [ 2851483.310563515871763, 2434920.599943242967129 ], [ 2851483.584592524915934, 2434920.228055737912655 ], [ 2851483.881840876769274, 2434919.874888264108449 ], [ 2851484.201102243736386, 2434919.541679694317281 ], [ 2851484.541023880243301, 2434919.230000955518335 ], [ 2851484.656981717795134, 2434919.132503610104322 ], [ 2851493.531243247911334, 2434911.830110471695662 ], [ 2851492.348637740593404, 2434904.543219636660069 ], [ 2851488.055825727526098, 2434893.77278767991811 ], [ 2851471.800177086144686, 2434871.53838006220758 ], [ 2851451.971004983410239, 2434855.100454008206725 ], [ 2851451.722286161035299, 2434854.883844044990838 ], [ 2851451.396665444597602, 2434854.56592158600688 ], [ 2851451.092662791721523, 2434854.226937639527023 ], [ 2851450.81150509417057, 2434853.868192429188639 ], [ 2851450.554485221859068, 2434853.491380925290287 ], [ 2851450.322765104472637, 2434853.098018733784556 ], [ 2851450.267300386913121, 2434852.994495311751962 ], [ 2851443.1100067589432, 2434839.339023429434747 ], [ 2851442.959756356664002, 2434839.034436977468431 ], [ 2851442.781126670539379, 2434838.613211686257273 ], [ 2851442.630271082744002, 2434838.180575259029865 ], [ 2851442.50805869884789, 2434837.738707415759563 ], [ 2851442.414753417484462, 2434837.289187080226839 ], [ 2851442.350816061254591, 2434836.834167308639735 ], [ 2851442.329122900031507, 2434836.594444710761309 ], [ 2851441.505529896356165, 2434825.344557088799775 ], [ 2851439.741282898001373, 2434810.808529616333544 ], [ 2851433.177457577548921, 2434798.285215867683291 ], [ 2851433.02720735501498, 2434797.980629490688443 ], [ 2851432.848577919881791, 2434797.559404289349914 ], [ 2851432.798943444620818, 2434797.426735939458013 ], [ 2851427.886787407100201, 2434783.88448902964592 ], [ 2851411.139073396101594, 2434774.445598595310003 ], [ 2851410.975912638008595, 2434774.350680840201676 ], [ 2851410.594334656372666, 2434774.103869290091097 ], [ 2851410.366489032283425, 2434773.938451134599745 ], [ 2851393.623802124522626, 2434761.247927027754486 ], [ 2851385.593143581412733, 2434755.160910843871534 ], [ 2851385.456548627000302, 2434755.05460067326203 ], [ 2851385.110847676172853, 2434754.759085136465728 ], [ 2851384.785325520671904, 2434754.441145186312497 ], [ 2851384.48132349550724, 2434754.102161731105298 ], [ 2851384.200166434980929, 2434753.743416993878782 ], [ 2851383.943147203885019, 2434753.366605943068862 ], [ 2851383.71121534332633, 2434752.973181499168277 ], [ 2851383.505598755553365, 2434752.565053989179432 ], [ 2851383.393823354505002, 2434752.310661906842142 ], [ 2851377.220386981032789, 2434737.461700493935496 ], [ 2851376.480893562547863, 2434735.682931309565902 ], [ 2851376.414039879105985, 2434735.516098446212709 ], [ 2851376.263217939995229, 2434735.083659734576941 ], [ 2851376.140875271521509, 2434734.641612836159766 ], [ 2851376.047489182557911, 2434734.19220947753638 ], [ 2851375.983535964973271, 2434733.737091268412769 ], [ 2851375.94928053766489, 2434733.278447256423533 ], [ 2851375.943174886517227, 2434733.034130731597543 ], [ 2851375.816498850472271, 2434716.583521885797381 ], [ 2851375.818131423089653, 2434716.367382226046175 ], [ 2851375.843509724363685, 2434715.907338925637305 ], [ 2851375.898627944290638, 2434715.449458125513047 ], [ 2851375.9833097262308, 2434714.995704826898873 ], [ 2851376.097019909881055, 2434714.548313410952687 ], [ 2851376.239303772337735, 2434714.10879146354273 ], [ 2851376.35606307676062, 2434713.805885466746986 ], [ 2851384.254121366422623, 2434694.62904909811914 ], [ 2851383.603754241485149, 2434678.810634284280241 ], [ 2851375.402230833657086, 2434665.253840794786811 ], [ 2851342.589466937817633, 2434634.861090993974358 ], [ 2851342.327129133976996, 2434634.604671530425549 ], [ 2851320.257520164828748, 2434611.852393637411296 ], [ 2851311.523919623345137, 2434602.848532740958035 ], [ 2851311.494982629083097, 2434602.818556190934032 ], [ 2851311.190964953973889, 2434602.479474653489888 ], [ 2851310.909825263079256, 2434602.120829185005277 ], [ 2851310.652806933037937, 2434601.744018688797951 ], [ 2851310.420892489142716, 2434601.350693456828594 ], [ 2851310.314330161549151, 2434601.14742174372077 ], [ 2851304.597999927587807, 2434589.799110355786979 ], [ 2851302.899745422415435, 2434586.427636304404587 ], [ 2851302.800675655715168, 2434586.222682347986847 ], [ 2851302.622047577984631, 2434585.801457901950926 ], [ 2851302.471324541606009, 2434585.369001626037061 ], [ 2851302.348982830531895, 2434584.926955128554255 ], [ 2851302.255695649422705, 2434584.477534130681306 ], [ 2851302.200792548246682, 2434584.102531954180449 ], [ 2851298.469077380374074, 2434552.750914696604013 ], [ 2851298.460028259083629, 2434552.670798999723047 ], [ 2851298.425774005241692, 2434552.212155325338244 ], [ 2851298.421302032656968, 2434551.751699417363852 ], [ 2851298.446664867922664, 2434551.291557659395039 ], [ 2851298.501702640205622, 2434550.833793723490089 ], [ 2851298.586287459358573, 2434550.380058564711362 ], [ 2851298.699982105754316, 2434549.932568551972508 ], [ 2851298.842283386737108, 2434549.493145336862653 ], [ 2851299.012704604305327, 2434549.063709235284477 ], [ 2851299.210334283299744, 2434548.646055232733488 ], [ 2851299.320836267434061, 2434548.439199594780803 ], [ 2851312.302867877297103, 2434525.057292282115668 ], [ 2851315.724513601046056, 2434512.046928877476603 ], [ 2851312.451529956422746, 2434488.499823749065399 ], [ 2851312.424828625284135, 2434488.282077223062515 ], [ 2851312.416944554075599, 2434488.205307445954531 ], [ 2851310.978504542261362, 2434473.290859312750399 ], [ 2851298.318831132724881, 2434462.106585926841944 ], [ 2851298.233528301119804, 2434462.029907293152064 ], [ 2851297.907909528817981, 2434461.71198623161763 ], [ 2851297.603892433457077, 2434461.372904962860048 ], [ 2851297.32275338191539, 2434461.014259757939726 ], [ 2851297.065719252452254, 2434460.637350845616311 ], [ 2851296.833903504069895, 2434460.244007868692279 ], [ 2851296.62819070648402, 2434459.835899115540087 ], [ 2851296.453794392291456, 2434459.425492729060352 ], [ 2851289.622359815519303, 2434441.806869101710618 ], [ 2851289.618145300075412, 2434441.796149936504662 ], [ 2851289.467406673356891, 2434441.363595219794661 ], [ 2851289.344984455034137, 2434440.921665647532791 ], [ 2851289.25179620180279, 2434440.472226873040199 ], [ 2851289.231621650978923, 2434440.34970661951229 ], [ 2851287.151399111375213, 2434426.997270551510155 ], [ 2851276.70487922616303, 2434411.641859301365912 ], [ 2851238.261144155170768, 2434382.455992374569178 ], [ 2851238.128702715039253, 2434382.352784601971507 ], [ 2851237.782922053709626, 2434382.057387119624764 ], [ 2851237.457401750143617, 2434381.739448502659798 ], [ 2851237.153385184705257, 2434381.400367667898536 ], [ 2851236.872246664017439, 2434381.041722882539034 ], [ 2851236.84141100384295, 2434380.999177590943873 ], [ 2851207.82469539064914, 2434340.699073676485568 ], [ 2851207.598595636896789, 2434340.364692606031895 ], [ 2851207.366797178518027, 2434339.971448872238398 ], [ 2851207.161166626960039, 2434339.563223951961845 ], [ 2851207.028849088586867, 2434339.259004785213619 ], [ 2851197.517525846604258, 2434315.87221547216177 ], [ 2851197.471233376301825, 2434315.755309582687914 ], [ 2851197.320397611707449, 2434315.322773328982294 ], [ 2851197.198074135463685, 2434314.880826166830957 ], [ 2851188.495702497661114, 2434278.909690990112722 ], [ 2851182.641037597786635, 2434264.668132663704455 ], [ 2851176.317615448497236, 2434253.864138416945934 ], [ 2851176.215730155818164, 2434253.68401248101145 ], [ 2851176.010100125800818, 2434253.275787811726332 ], [ 2851175.831474117934704, 2434252.854564278852195 ], [ 2851175.680753192864358, 2434252.42210886022076 ], [ 2851175.558430125005543, 2434251.980161848478019 ], [ 2851175.465145113412291, 2434251.530741582624614 ], [ 2851175.401178545318544, 2434251.075525679625571 ], [ 2851175.36692626029253, 2434250.616882553324103 ], [ 2851175.361995834391564, 2434250.459927264135331 ], [ 2851175.130542499478906, 2434238.884696347638965 ], [ 2851175.130905024707317, 2434238.58121423330158 ], [ 2851175.156269892118871, 2434238.121072887908667 ], [ 2851175.211407624185085, 2434237.663291299715638 ], [ 2851175.29599442332983, 2434237.209556414280087 ], [ 2851175.409691008273512, 2434236.762066594325006 ], [ 2851175.551961195655167, 2434236.322446131147444 ], [ 2851175.722498688846827, 2434235.893090750090778 ], [ 2851175.920130139216781, 2434235.475436707958579 ], [ 2851176.023029760457575, 2434235.282286006957293 ], [ 2851187.18246867088601, 2434215.079434176441282 ], [ 2851180.475413861684501, 2434187.355200166814029 ], [ 2851180.382031355053186, 2434186.905797988176346 ], [ 2851180.318977434188128, 2434186.459060270339251 ], [ 2851179.283285873476416, 2434176.929009999148548 ], [ 2851080.478590834885836, 2434176.929009999148548 ], [ 2851067.344666126184165, 2434189.946738163940609 ], [ 2851067.311375345103443, 2434189.979506422765553 ], [ 2851066.971549885347486, 2434190.291168942116201 ], [ 2851066.612450188957155, 2434190.579928288701922 ], [ 2851066.23582180775702, 2434190.844751601107419 ], [ 2851065.843148437328637, 2434191.084247326478362 ], [ 2851065.436208617407829, 2434191.297579970676452 ], [ 2851065.213430846109986, 2434191.400471684522927 ], [ 2851027.783092648722231, 2434207.906713771168143 ], [ 2851027.58621401945129, 2434207.989994908217341 ], [ 2851027.331927564926445, 2434208.087387875653803 ], [ 2850969.739947434514761, 2434228.85921298712492 ], [ 2850969.563852128107101, 2434228.920060443691909 ], [ 2850969.124539919197559, 2434229.049631596077234 ], [ 2850940.482088700868189, 2434236.486910545267165 ], [ 2850943.201985422056168, 2434243.83712754258886 ], [ 2850956.109382937662303, 2434270.647180130239576 ], [ 2850960.487029871437699, 2434279.739707758650184 ], [ 2850960.530980489216745, 2434279.832937422208488 ], [ 2850960.709606475196779, 2434280.254160241223872 ], [ 2850960.860327528789639, 2434280.686615055426955 ], [ 2850960.870950114913285, 2434280.72117821034044 ], [ 2850974.559599871747196, 2434325.356804124545306 ], [ 2850974.671300894580781, 2434325.7641875538975 ], [ 2850974.764603110030293, 2434326.21370617300272 ], [ 2850974.828554046340287, 2434326.668823150452226 ], [ 2850974.862807339988649, 2434327.127466139383614 ], [ 2850974.867278497666121, 2434327.587921503931284 ], [ 2850974.841915004886687, 2434328.048062902409583 ], [ 2850974.786876729223877, 2434328.505826632492244 ], [ 2850974.70229156780988, 2434328.959561760071665 ], [ 2850974.588596739806235, 2434329.407051905989647 ], [ 2850974.446295438334346, 2434329.846475418191403 ], [ 2850974.27587436651811, 2434330.275911989156157 ], [ 2850974.078147047199309, 2434330.693584629800171 ], [ 2850973.854024961590767, 2434331.097698372323066 ], [ 2850973.604338130913675, 2434331.486574932932854 ], [ 2850973.330291874706745, 2434331.858365328982472 ], [ 2850973.033076031133533, 2434332.211731993593276 ], [ 2850972.713797970674932, 2434332.544843950774521 ], [ 2850972.37387641845271, 2434332.856525000650436 ], [ 2850972.014892999082804, 2434333.145365566946566 ], [ 2850971.638347886968404, 2434333.410072744358331 ], [ 2850971.252968833781779, 2434333.645482322201133 ], [ 2850949.732335042208433, 2434345.866251561790705 ], [ 2850944.844583002850413, 2434349.807960930280387 ], [ 2850945.404267512727529, 2434352.121936193201691 ], [ 2850951.437445202842355, 2434365.922581733204424 ], [ 2851000.472919009625912, 2434445.798305328935385 ], [ 2851000.64972024038434, 2434446.103502158075571 ], [ 2851000.733214083127677, 2434446.261172774713486 ], [ 2851048.137033770792186, 2434538.671276404522359 ], [ 2851048.259252576623112, 2434538.921713563147932 ], [ 2851048.284557511098683, 2434538.977074290625751 ], [ 2851079.224709937814623, 2434607.314213496167213 ], [ 2851124.889763688668609, 2434692.973749497905374 ], [ 2851182.556479039601982, 2434788.295471159741282 ], [ 2851205.667620622552931, 2434825.153167189098895 ], [ 2851221.74152896553278, 2434850.787762899883091 ], [ 2851221.952880456112325, 2434851.148657179437578 ], [ 2851222.15853034099564, 2434851.556981569156051 ], [ 2851222.337159919086844, 2434851.978206121362746 ], [ 2851222.487982555292547, 2434852.410644530784339 ], [ 2851222.61030956543982, 2434852.852592509239912 ], [ 2851222.703598679974675, 2434853.302013710606843 ], [ 2851222.767553001176566, 2434853.757131819147617 ], [ 2851222.801907608751208, 2434854.21575780492276 ], [ 2851222.806382102891803, 2434854.676214037463069 ], [ 2851222.7810054034926, 2434855.136257471516728 ], [ 2851222.725888899061829, 2434855.594138469547033 ], [ 2851222.641306886449456, 2434856.047874020412564 ], [ 2851222.52761512203142, 2434856.495364452712238 ], [ 2851222.385316781699657, 2434856.934788101352751 ], [ 2851222.214915046468377, 2434857.364323327317834 ], [ 2851222.017288394272327, 2434857.781977795995772 ], [ 2851221.793168888892978, 2434858.186091221868992 ], [ 2851221.543565943837166, 2434858.574850632343441 ], [ 2851221.429103285074234, 2434858.736256044358015 ], [ 2851211.299904312938452, 2434872.614045067690313 ], [ 2851211.140225145965815, 2434872.824447472579777 ], [ 2851210.842995098792017, 2434873.177714748308063 ], [ 2851210.745130116119981, 2434873.284398169256747 ], [ 2851183.191556346602738, 2434902.740415719803423 ], [ 2851182.97004774492234, 2434902.966861517634243 ], [ 2851182.896421966608614, 2434903.03796491632238 ], [ 2851149.218672598712146, 2434935.053826469928026 ], [ 2851148.952477551531047, 2434935.294385416898876 ], [ 2851148.593496831599623, 2434935.583225207403302 ], [ 2851148.216856264509261, 2434935.847949513699859 ], [ 2851147.824203440919518, 2434936.087543496862054 ], [ 2851147.417250914033502, 2434936.300776948221028 ], [ 2851147.218641370534897, 2434936.393021885305643 ], [ 2851121.130270120687783, 2434948.015270196367055 ], [ 2851120.909341162070632, 2434948.109278162941337 ], [ 2851120.478945716284215, 2434948.26741898432374 ], [ 2851120.039635627530515, 2434948.396988905966282 ], [ 2851119.59333685413003, 2434948.497430497780442 ], [ 2851119.141877406276762, 2434948.568204335868359 ], [ 2851118.687134775333107, 2434948.609067048411816 ], [ 2851118.231198845431209, 2434948.619837938807905 ], [ 2851117.775980094913393, 2434948.600470998324454 ], [ 2851117.323324047029018, 2434948.551135589834303 ], [ 2851116.875239131040871, 2434948.471767708193511 ], [ 2851116.433653339743614, 2434948.363030131906271 ], [ 2851116.000428690109402, 2434948.225190904922783 ], [ 2851115.647711226716638, 2434948.088828654959798 ], [ 2851107.072161538060755, 2434944.497905958909541 ], [ 2851107.001943499781191, 2434944.467990132048726 ], [ 2851106.590947829186916, 2434944.274088711477816 ], [ 2851106.193917881697416, 2434944.053208676166832 ], [ 2851105.812145500443876, 2434943.806434876285493 ], [ 2851105.447706112638116, 2434943.534708149731159 ], [ 2851105.101908055599779, 2434943.239212022628635 ], [ 2851104.776288553141057, 2434942.921291396021843 ], [ 2851104.47236833255738, 2434942.58219248149544 ], [ 2851104.191309326793998, 2434942.223430879414082 ], [ 2851103.934192006941885, 2434941.846638862043619 ], [ 2851103.702390692196786, 2434941.453394701238722 ], [ 2851103.549867675639689, 2434941.156957167666405 ], [ 2851084.516480865422636, 2434901.924060238525271 ], [ 2851061.863190362229943, 2434866.826040392741561 ], [ 2851059.181591894477606, 2434866.53673930093646 ], [ 2850950.712097654119134, 2434919.498821688815951 ], [ 2850950.686611695215106, 2434919.511236530728638 ], [ 2850950.267058274708688, 2434919.697391917463392 ], [ 2850949.836664272006601, 2434919.855533875524998 ], [ 2850949.397355638910085, 2434919.985104960855097 ], [ 2850948.951058324426413, 2434920.085547743365169 ], [ 2850948.49960033595562, 2434920.156322805210948 ], [ 2850948.044859155081213, 2434920.197186748497188 ], [ 2850947.588924661278725, 2434920.207958889659494 ], [ 2850947.133707326836884, 2434920.188593208789825 ], [ 2850946.681036175228655, 2434920.139160376042128 ], [ 2850946.232985607348382, 2434920.059991121757776 ], [ 2850945.791401137597859, 2434919.951254797633737 ], [ 2850945.358177765272558, 2434919.813416809774935 ], [ 2850944.935162027366459, 2434919.647256622556597 ], [ 2850944.524232429917902, 2434919.453140963800251 ], [ 2850944.127105590887368, 2434919.232280040625483 ], [ 2850943.745530099608004, 2434918.985471309628338 ], [ 2850943.570463861338794, 2434918.859787519089878 ], [ 2850927.889334523119032, 2434907.210735043976456 ], [ 2850921.635329950600863, 2434904.83349075447768 ], [ 2850911.350285361520946, 2434912.230514187831432 ], [ 2850900.592466601170599, 2434933.778814532794058 ], [ 2850869.543225590139627, 2435011.227643195074052 ], [ 2850849.563746322877705, 2435071.494048676919192 ], [ 2850849.504398277960718, 2435071.665667626075447 ], [ 2850849.334000543691218, 2435072.09520382899791 ], [ 2850849.281389006879181, 2435072.213506281375885 ], [ 2850817.182005863636732, 2435142.604973724111915 ], [ 2850817.037028465420008, 2435142.904524327721447 ], [ 2850816.812914065085351, 2435143.308639173395932 ], [ 2850816.722857987508178, 2435143.45538803236559 ], [ 2850787.483702011406422, 2435189.83303642552346 ], [ 2850787.398210647515953, 2435189.965418180450797 ], [ 2850767.790242274757475, 2435219.60454086586833 ], [ 2850743.319893538951874, 2435263.080421390011907 ], [ 2850730.819893428124487, 2435300.149291696492583 ], [ 2850726.218244356103241, 2435327.948106507305056 ], [ 2850726.147226135246456, 2435328.316859588027 ], [ 2850726.033540709409863, 2435328.764351083431393 ], [ 2850725.89115103520453, 2435329.203794006723911 ], [ 2850725.720854107290506, 2435329.633312704972923 ], [ 2850725.523136578500271, 2435330.050986830610782 ], [ 2850725.299024330452085, 2435330.455102096777409 ], [ 2850725.049428794533014, 2435330.843863520771265 ], [ 2850724.775408837012947, 2435331.215754171367735 ], [ 2850724.478186220861971, 2435331.569023731164634 ], [ 2850724.283073420636356, 2435331.777600571047515 ], [ 2850710.396166850812733, 2435346.049730400554836 ], [ 2850710.271913331467658, 2435346.174285136628896 ], [ 2850709.93209938518703, 2435346.48594983574003 ], [ 2850709.573027475737035, 2435346.77481005480513 ], [ 2850709.196393629536033, 2435347.039536884054542 ], [ 2850709.025819106958807, 2435347.147889081388712 ], [ 2850698.12568844947964, 2435353.857022235170007 ], [ 2850697.903698337264359, 2435353.98814998427406 ], [ 2850697.496769009158015, 2435354.201484871096909 ], [ 2850697.077220435254276, 2435354.38764183036983 ], [ 2850696.646831115707755, 2435354.545785367954522 ], [ 2850696.207526980899274, 2435354.675358039326966 ], [ 2850695.761233962140977, 2435354.775802413467318 ], [ 2850695.309780045878142, 2435354.846579051110893 ], [ 2850694.855026206467301, 2435354.887345886323601 ], [ 2850694.61300804791972, 2435354.896841513924301 ], [ 2850678.321434495039284, 2435355.248958149924874 ], [ 2850678.107423860579729, 2435355.250254272948951 ], [ 2850677.6521120313555, 2435355.23090823367238 ], [ 2850677.199444040190428, 2435355.181477003730834 ], [ 2850676.823744113557041, 2435355.117186115588993 ], [ 2850651.831768141128123, 2435350.117006489541382 ], [ 2850545.433393601793796, 2435339.077932835556567 ], [ 2850545.171057492960244, 2435339.045595350675285 ], [ 2850544.722994348034263, 2435338.966329946182668 ], [ 2850544.311179543845356, 2435338.865957963746041 ], [ 2850517.178755732253194, 2435331.351752396672964 ], [ 2850510.883296638261527, 2435332.986711055971682 ], [ 2850477.813083461485803, 2435352.723584909457713 ], [ 2850452.158942623063922, 2435375.551510306075215 ], [ 2850452.065839107614011, 2435375.63290847837925 ], [ 2850451.706867614760995, 2435375.921752056106925 ], [ 2850451.330236280802637, 2435376.186480329371989 ], [ 2850450.937592656817287, 2435376.42607844248414 ], [ 2850450.530551308766007, 2435376.639334170147777 ], [ 2850450.111005164682865, 2435376.825492698233575 ], [ 2850450.006665110588074, 2435376.866846105549484 ], [ 2850427.1027288492769, 2435385.72354051657021 ], [ 2850426.776780159212649, 2435385.840314381755888 ], [ 2850426.337495195679367, 2435385.969987557269633 ], [ 2850425.891188333742321, 2435386.070335106924176 ], [ 2850425.43973703077063, 2435386.14111363561824 ], [ 2850424.9850022518076, 2435386.181981064844877 ], [ 2850424.922058424912393, 2435386.185312245972455 ], [ 2850402.065003830008209, 2435387.272708366625011 ], [ 2850401.672035916242748, 2435387.280251618009061 ], [ 2850401.216726582497358, 2435387.260907563380897 ], [ 2850401.121513518504798, 2435387.252980491146445 ], [ 2850371.397117855958641, 2435384.586117335595191 ], [ 2850356.61197510547936, 2435386.714453002437949 ], [ 2850316.590052851941437, 2435407.499206132255495 ], [ 2850316.408510353416204, 2435407.590249819681048 ], [ 2850315.988965637050569, 2435407.776409202255309 ], [ 2850315.558580167125911, 2435407.934555236250162 ], [ 2850315.278123456984758, 2435408.020895248744637 ], [ 2850239.309713597409427, 2435429.672141059767455 ], [ 2850217.513915505260229, 2435440.603762140497565 ], [ 2850198.015779198147357, 2435469.592108374927193 ], [ 2850197.9722552113235, 2435469.656052581500262 ], [ 2850197.698223889805377, 2435470.027846633456647 ], [ 2850197.401006559375674, 2435470.381118474062532 ], [ 2850197.132443166337907, 2435470.664228574372828 ], [ 2850180.061580934096128, 2435487.702673143707216 ], [ 2850180.010897823609412, 2435487.7527777524665 ], [ 2850179.670991504564881, 2435488.064463121816516 ], [ 2850179.312023201026022, 2435488.35330816777423 ], [ 2850178.935493017546833, 2435488.618019971996546 ], [ 2850178.542852607555687, 2435488.857619693037122 ], [ 2850178.135814464651048, 2435489.070877090096474 ], [ 2850177.716271504759789, 2435489.257037346251309 ], [ 2850177.481217910535634, 2435489.347441356163472 ], [ 2850158.888497348874807, 2435496.115093582775444 ], [ 2850158.693265239708126, 2435496.182818551547825 ], [ 2850158.546528272796422, 2435496.229626601561904 ], [ 2850137.920382712967694, 2435502.555723053403199 ], [ 2850137.628017309121788, 2435502.638455361127853 ], [ 2850137.181632206775248, 2435502.738921554759145 ], [ 2850136.73016753885895, 2435502.809603385161608 ], [ 2850136.275435796007514, 2435502.850472806487232 ], [ 2850136.023264194838703, 2435502.860210041515529 ], [ 2850099.593862316571176, 2435503.593796188011765 ], [ 2850099.390125082805753, 2435503.594935380853713 ], [ 2850098.934818681329489, 2435503.575593431014568 ], [ 2850098.482155904173851, 2435503.526166279800236 ], [ 2850098.437353994697332, 2435503.519653156865388 ], [ 2850067.164020448923111, 2435498.841871458571404 ], [ 2850024.203199106268585, 2435501.415526988916099 ], [ 2850024.181401811074466, 2435501.416787554975599 ], [ 2850023.725379386916757, 2435501.427583993878216 ], [ 2850023.270057145506144, 2435501.408143906854093 ], [ 2850022.817395008169115, 2435501.358717313967645 ], [ 2850022.369336395524442, 2435501.279455527663231 ], [ 2850021.927759784273803, 2435501.17072527250275 ], [ 2850021.494560134597123, 2435501.032991913147271 ], [ 2850021.071534468792379, 2435500.866738834418356 ], [ 2850020.660741682164371, 2435500.672808167990297 ], [ 2850020.263620007783175, 2435500.451952663715929 ], [ 2850019.882048944011331, 2435500.205149148125201 ], [ 2850019.517516208346933, 2435499.933446415700018 ], [ 2850019.17172191105783, 2435499.637955984100699 ], [ 2850018.846186759416014, 2435499.319924036040902 ], [ 2850018.54218712169677, 2435498.98094682674855 ], [ 2850018.261031321249902, 2435498.622207866050303 ], [ 2850018.039490560535342, 2435498.300621646922082 ], [ 2850008.114415472839028, 2435482.989379398524761 ], [ 2849937.961107300594449, 2435439.325305703096092 ], [ 2849937.671956857666373, 2435439.134952165186405 ], [ 2849937.456344947684556, 2435438.978683189488947 ], [ 2849896.349775242153555, 2435407.96555560734123 ], [ 2849906.267755324952304, 2435452.338408530224115 ], [ 2849906.333153827115893, 2435452.668049072381109 ], [ 2849906.397114562802017, 2435453.123165769036859 ], [ 2849906.43139506643638, 2435453.5819076099433 ], [ 2849906.435877815820277, 2435454.042363612912595 ], [ 2849906.410526733845472, 2435454.502506095916033 ], [ 2849906.355501635931432, 2435454.960271367803216 ], [ 2849906.270930372644216, 2435455.41400848235935 ], [ 2849906.157250090967864, 2435455.8615010404028 ], [ 2849906.014947433955967, 2435456.300828723236918 ], [ 2849905.937160182744265, 2435456.507065382786095 ], [ 2849902.950411629397422, 2435464.070212340913713 ], [ 2849902.857810010202229, 2435464.293514190241694 ], [ 2849902.660115396138281, 2435464.711289182770997 ], [ 2849902.436009909957647, 2435465.115406986325979 ], [ 2849902.186421451158822, 2435465.504171281587332 ], [ 2849901.912392360158265, 2435465.875966446008533 ], [ 2849901.692267107777297, 2435466.142036568839103 ], [ 2849882.099586701951921, 2435488.683654763270169 ], [ 2849882.02249704208225, 2435488.770857752300799 ], [ 2849881.703253251500428, 2435489.104073895141482 ], [ 2849881.36344744451344, 2435489.415742734912783 ], [ 2849881.004383826628327, 2435489.704607350751758 ], [ 2849880.627758388407528, 2435489.969338824506849 ], [ 2849880.235120712779462, 2435490.208940295502543 ], [ 2849879.828183283563703, 2435490.422181525267661 ], [ 2849879.408643113914877, 2435490.608343681320548 ], [ 2849878.978278669063002, 2435490.766591258347034 ], [ 2849878.539080796763301, 2435490.896151431836188 ], [ 2849873.100750405341387, 2435492.308527079410851 ], [ 2849872.654465664178133, 2435492.408977104816586 ], [ 2849872.203019890002906, 2435492.479759485926479 ], [ 2849871.748290521558374, 2435492.520630814135075 ], [ 2849871.292269433382899, 2435492.531428356189281 ], [ 2849870.985428800806403, 2435492.521515616681427 ], [ 2849852.43977293651551, 2435491.520032573025674 ], [ 2849852.29127619182691, 2435491.510407696012408 ], [ 2849851.838615488260984, 2435491.460982350166887 ], [ 2849851.390558267943561, 2435491.381721816025674 ], [ 2849850.948982998263091, 2435491.27299278927967 ], [ 2849850.515784638933837, 2435491.135260648559779 ], [ 2849850.092760206200182, 2435490.969008782878518 ], [ 2849850.037429048214108, 2435490.944800339639187 ], [ 2849815.51454465277493, 2435475.669105596840382 ], [ 2849815.159084398299456, 2435475.499384753871709 ], [ 2849814.761964058037847, 2435475.278530648443848 ], [ 2849814.38039424456656, 2435475.031728476285934 ], [ 2849814.126654690597206, 2435474.846665066666901 ], [ 2849804.668296391610056, 2435467.606545238289982 ], [ 2849804.557504397351295, 2435467.519907248206437 ], [ 2849804.211613295134157, 2435467.224436141550541 ], [ 2849803.885997734498233, 2435466.906522136181593 ], [ 2849803.581999033689499, 2435466.567546119447798 ], [ 2849803.300942006520927, 2435466.20879026921466 ], [ 2849803.043923623394221, 2435465.831985538825393 ], [ 2849802.812105807010084, 2435465.438647499773651 ], [ 2849802.606373137794435, 2435465.030444407369941 ], [ 2849802.427741134539247, 2435464.609223897568882 ], [ 2849802.393575469963253, 2435464.518976470455527 ], [ 2849798.222475382499397, 2435453.247506466694176 ], [ 2849784.826609999872744, 2435451.073668785858899 ], [ 2849784.826609999872744, 2435950.043002801947296 ], [ 2849800.038754145614803, 2435950.750641613267362 ], [ 2849826.435409802477807, 2435943.006180653348565 ], [ 2849847.137380220461637, 2435927.031992576085031 ], [ 2849857.169876399450004, 2435911.462403782643378 ], [ 2849864.657161527313292, 2435899.842635584995151 ], [ 2849866.549854225479066, 2435896.905224060174078 ], [ 2849866.629926661960781, 2435896.130483900662512 ], [ 2849871.623257542960346, 2435847.805783147923648 ], [ 2849872.896245028357953, 2435835.485394156072289 ], [ 2849873.396831165999174, 2435830.6416180068627 ], [ 2849857.796407463029027, 2435792.876304158940911 ], [ 2849857.735634532757103, 2435792.724120434373617 ], [ 2849857.584806323982775, 2435792.291684832423925 ], [ 2849857.462472593411803, 2435791.84973908495158 ], [ 2849857.369159147609025, 2435791.400220840238035 ], [ 2849857.305212402716279, 2435790.945202452130616 ], [ 2849857.270847838837653, 2435790.486576914787292 ], [ 2849857.266362383961678, 2435790.026120521128178 ], [ 2849857.291710675694048, 2435789.565977635327727 ], [ 2849857.346814365126193, 2435789.108095271512866 ], [ 2849857.431382711976767, 2435788.654357751831412 ], [ 2849857.545060032512993, 2435788.20686477702111 ], [ 2849857.687343204859644, 2435787.767438009846956 ], [ 2849857.857729107141495, 2435787.337899097707123 ], [ 2849858.055339342914522, 2435786.920240405481309 ], [ 2849858.279441907536238, 2435786.516122222878039 ], [ 2849858.529010972008109, 2435786.127258869819343 ], [ 2849858.803037199191749, 2435785.755463341251016 ], [ 2849859.100347325671464, 2435785.402171912137419 ], [ 2849859.419588694348931, 2435785.068955536466092 ], [ 2849859.759392153471708, 2435784.75728648994118 ], [ 2849859.765099704265594, 2435784.752778939437121 ], [ 2849860.118469997309148, 2435784.468520364258438 ], [ 2849860.495076763443649, 2435784.203690041787922 ], [ 2849860.88782680220902, 2435783.964169107377529 ], [ 2849861.294745773077011, 2435783.750829096417874 ], [ 2849861.714284095913172, 2435783.5646668584086 ], [ 2849862.144548875279725, 2435783.406437229830772 ], [ 2849862.583843104541302, 2435783.276859033852816 ], [ 2849863.030142948962748, 2435783.176507737021893 ], [ 2849863.481587475165725, 2435783.105725430417806 ], [ 2849863.936299249064177, 2435783.064755531493574 ], [ 2849864.392319391481578, 2435783.053958129137754 ], [ 2849864.84754158789292, 2435783.073415272403508 ], [ 2849865.300201817415655, 2435783.122840953059494 ], [ 2849865.748356661759317, 2435783.202083841897547 ], [ 2849865.990790878422558, 2435783.25791107583791 ], [ 2849884.373056082986295, 2435787.845421110279858 ], [ 2849892.647129939869046, 2435789.910304991062731 ], [ 2849892.846270924434066, 2435789.963207258842885 ], [ 2849893.27946947934106, 2435790.100940006319433 ], [ 2849893.702494258992374, 2435790.267192502506077 ], [ 2849894.113384320400655, 2435790.46110464213416 ], [ 2849894.510505539365113, 2435790.681959655601531 ], [ 2849894.892174310982227, 2435790.928744733799249 ], [ 2849895.256527632940561, 2435791.200581757817417 ], [ 2849895.602322128601372, 2435791.4960718434304 ], [ 2849895.927939143963158, 2435791.8139868080616 ], [ 2849896.043136993423104, 2435791.937246656045318 ], [ 2849903.829104281030595, 2435800.47208262514323 ], [ 2849920.159696400165558, 2435817.167232600040734 ], [ 2849958.112650295719504, 2435849.300491084344685 ], [ 2849961.938427489250898, 2435847.958742643706501 ], [ 2849964.731450342573225, 2435840.687009528744966 ], [ 2849968.642024805769324, 2435825.036266579758376 ], [ 2849959.949209225364029, 2435781.422694179229438 ], [ 2849959.917439110111445, 2435781.252566101495177 ], [ 2849959.853492603637278, 2435780.797547558322549 ], [ 2849959.819209789857268, 2435780.338805220089853 ], [ 2849959.814741193316877, 2435779.878447437193245 ], [ 2849959.840089910663664, 2435779.418304537888616 ], [ 2849959.895096139982343, 2435778.960440212860703 ], [ 2849959.979681526310742, 2435778.506801454350352 ], [ 2849960.093342947307974, 2435778.059209923725575 ], [ 2849960.235626767389476, 2435777.619783326983452 ], [ 2849960.406029866077006, 2435777.190343321301043 ], [ 2849960.419595636893064, 2435777.159165729768574 ], [ 2849961.676793680526316, 2435774.302064253482968 ], [ 2849970.606520740315318, 2435754.007710829377174 ], [ 2849975.816222082357854, 2435742.167974667623639 ], [ 2849979.687669081613421, 2435733.369597039185464 ], [ 2849979.835568123497069, 2435733.054350441787392 ], [ 2849995.407719346694648, 2435701.860300686210394 ], [ 2849995.443849527277052, 2435701.788967849686742 ], [ 2849995.66793723590672, 2435701.38475145585835 ], [ 2849995.91752448072657, 2435700.995987309608608 ], [ 2849996.191552433185279, 2435700.624192357528955 ], [ 2849996.488864315208048, 2435700.270901538897306 ], [ 2849996.808107466902584, 2435699.937685829121619 ], [ 2849997.147912724874914, 2435699.626017492264509 ], [ 2849997.506975881755352, 2435699.337153427302837 ], [ 2849997.883600954897702, 2435699.072422570548952 ], [ 2849998.27625485509634, 2435698.832920458167791 ], [ 2849998.379521227441728, 2435698.775488932617009 ], [ 2850011.998701998963952, 2435691.360189329367131 ], [ 2850012.302340018097311, 2435691.204183056019247 ], [ 2850012.721880278550088, 2435691.018021770752966 ], [ 2850013.152146964333951, 2435690.859793116338551 ], [ 2850013.591443060431629, 2435690.730215911753476 ], [ 2850013.863376906141639, 2435690.665377146098763 ], [ 2850036.743693770840764, 2435685.69307901058346 ], [ 2850036.918061681557447, 2435685.657567550428212 ], [ 2850037.36960614612326, 2435685.586768419947475 ], [ 2850037.824238399509341, 2435685.545916396193206 ], [ 2850038.280260391533375, 2435685.535120180342346 ], [ 2850038.735467858612537, 2435685.554479834623635 ], [ 2850039.188129761256278, 2435685.603906695265323 ], [ 2850039.636286182329059, 2435685.683150756638497 ], [ 2850040.07786275818944, 2435685.791881314478815 ], [ 2850040.510964527260512, 2435685.929633004590869 ], [ 2850040.933892409317195, 2435686.09590441826731 ], [ 2850041.344881344586611, 2435686.289799434132874 ], [ 2850041.742003376595676, 2435686.510655300226063 ], [ 2850042.085336395539343, 2435686.731023905333132 ], [ 2850051.323096239939332, 2435693.058876626193523 ], [ 2850051.361432684585452, 2435693.085293917916715 ], [ 2850051.725868080742657, 2435693.357015097979456 ], [ 2850052.071646575815976, 2435693.652407300658524 ], [ 2850052.397263951599598, 2435693.970323013607413 ], [ 2850052.701280944980681, 2435694.309399363119155 ], [ 2850052.982421184424311, 2435694.668040084186941 ], [ 2850053.239376342389733, 2435695.045061677228659 ], [ 2850053.415196510031819, 2435695.337723324541003 ], [ 2850058.52119105681777, 2435704.332470039371401 ], [ 2850061.189417775720358, 2435704.784279626328498 ], [ 2850063.139626380521804, 2435705.11450117174536 ], [ 2850073.786644605454057, 2435703.096700286027044 ], [ 2850074.483367828186601, 2435702.462793630547822 ], [ 2850085.728130225557834, 2435692.231323386542499 ], [ 2850085.850562062114477, 2435692.122460871003568 ], [ 2850096.994821543805301, 2435682.440831263083965 ], [ 2850097.024105974473059, 2435682.415511817671359 ], [ 2850097.383088683243841, 2435682.12676497688517 ], [ 2850097.759698272682726, 2435681.861935991793871 ], [ 2850098.152353197801858, 2435681.6224344689399 ], [ 2850098.559274988248944, 2435681.409095908049494 ], [ 2850098.97881610924378, 2435681.222935169469565 ], [ 2850099.409181599505246, 2435681.064689077436924 ], [ 2850099.848380606621504, 2435680.935130460653454 ], [ 2850100.294781062752008, 2435680.834762764163315 ], [ 2850100.746228187344968, 2435680.763982083648443 ], [ 2850101.200958979316056, 2435680.723112506791949 ], [ 2850101.656867112033069, 2435680.712236066348851 ], [ 2850102.112075143959373, 2435680.731596171390265 ], [ 2850102.564737596549094, 2435680.781023492105305 ], [ 2850103.012796600349247, 2435680.860286009032279 ], [ 2850103.454488124232739, 2435680.969097703229636 ], [ 2850103.887688317336142, 2435681.106831826269627 ], [ 2850104.310616656206548, 2435681.273103680461645 ], [ 2850104.721606018021703, 2435681.466999121010303 ], [ 2850105.118630500510335, 2435681.687873401679099 ], [ 2850110.345717759802938, 2435684.827071132138371 ], [ 2850114.135737773030996, 2435687.103324013762176 ], [ 2850114.517309713177383, 2435687.350128372199833 ], [ 2850114.881843380630016, 2435687.621831933967769 ], [ 2850115.227638663724065, 2435687.917323182802647 ], [ 2850115.553158352151513, 2435688.235257251188159 ], [ 2850115.857077618129551, 2435688.574351933784783 ], [ 2850116.138218036852777, 2435688.932992965448648 ], [ 2850116.297140392009169, 2435689.159594357013702 ], [ 2850126.243126749526709, 2435703.963336976245046 ], [ 2850128.80343979364261, 2435706.002934825606644 ], [ 2850137.266144551336765, 2435712.744247516151518 ], [ 2850147.180982514284551, 2435720.159599189646542 ], [ 2850157.344092519022524, 2435724.799977065995336 ], [ 2850157.626622319221497, 2435724.93682615365833 ], [ 2850158.023745134472847, 2435725.157682840246707 ], [ 2850158.405219455249608, 2435725.404505538754165 ], [ 2850158.769655497744679, 2435725.676227419637144 ], [ 2850159.115451101213694, 2435725.971718983259052 ], [ 2850159.441052552312613, 2435726.289536661934108 ], [ 2850159.745070072822273, 2435726.628613625187427 ], [ 2850160.026227289345115, 2435726.987353618256748 ], [ 2850160.283264328725636, 2435727.364259054418653 ], [ 2850160.515182160772383, 2435727.757581003941596 ], [ 2850160.720802353695035, 2435728.165705173276365 ], [ 2850160.899436212144792, 2435728.586927306838334 ], [ 2850160.933602252975106, 2435728.677175050135702 ], [ 2850165.655859384685755, 2435741.437399873510003 ], [ 2850168.726784905418754, 2435743.281829431653023 ], [ 2850175.539017378352582, 2435738.394371840171516 ], [ 2850175.815084761939943, 2435735.864201819058508 ], [ 2850177.541867430787534, 2435720.033403233159333 ], [ 2850177.42695374134928, 2435705.161717953160405 ], [ 2850177.41790084540844, 2435703.99690624512732 ], [ 2850177.419544692151248, 2435703.780865038279444 ], [ 2850177.444796792697161, 2435703.320740171708167 ], [ 2850177.499902429059148, 2435702.862857970409095 ], [ 2850177.5843914616853, 2435702.409237446263433 ], [ 2850177.698071089573205, 2435701.961744927801192 ], [ 2850177.840438183397055, 2435701.522202066611499 ], [ 2850178.010728773195297, 2435701.092681897804141 ], [ 2850178.20843972498551, 2435700.675006072968245 ], [ 2850178.432545197196305, 2435700.270888902246952 ], [ 2850178.682117287069559, 2435699.882026691455394 ], [ 2850178.956146649084985, 2435699.510232431814075 ], [ 2850179.253362056799233, 2435699.156960385385901 ], [ 2850179.572606732137501, 2435698.823745508678257 ], [ 2850179.91251150611788, 2435698.51206006295979 ], [ 2850180.271478333510458, 2435698.223214965313673 ], [ 2850180.64810505695641, 2435697.958485131617635 ], [ 2850181.040760634467006, 2435697.718984089791775 ], [ 2850181.447781037073582, 2435697.505628031678498 ], [ 2850181.867322839796543, 2435697.319467823952436 ], [ 2850182.297591075766832, 2435697.161240284331143 ], [ 2850182.736888724379241, 2435697.031664231792092 ], [ 2850183.183191935531795, 2435696.931315115652978 ], [ 2850183.634737705811858, 2435696.860517028719187 ], [ 2850184.089371250942349, 2435696.819666057825089 ], [ 2850184.545394515618682, 2435696.808870903216302 ], [ 2850185.000701177865267, 2435696.82821362093091 ], [ 2850185.45336430054158, 2435696.877641551196575 ], [ 2850185.901309521868825, 2435696.956824004650116 ], [ 2850186.342903742101043, 2435697.065654314123094 ], [ 2850186.776104555465281, 2435697.203389038797468 ], [ 2850187.199131435714662, 2435697.36964348051697 ], [ 2850187.610023425426334, 2435697.563557506538928 ], [ 2850188.007146397605538, 2435697.784414353314787 ], [ 2850188.388718792237341, 2435698.031219209544361 ], [ 2850188.753252880182117, 2435698.302923236973584 ], [ 2850188.93662460334599, 2435698.454744980670512 ], [ 2850201.090893449261785, 2435708.873250561766326 ], [ 2850201.253333937376738, 2435709.017019242048264 ], [ 2850201.497213716618717, 2435709.251195108983666 ], [ 2850211.539843407459557, 2435719.379323039203882 ], [ 2850212.904288109391928, 2435719.675536205992103 ], [ 2850217.108179284725338, 2435720.588404688518494 ], [ 2850220.341812141239643, 2435715.709524708334357 ], [ 2850219.357234177179635, 2435712.443568541202694 ], [ 2850216.424324116669595, 2435702.71531143784523 ], [ 2850216.322433575987816, 2435702.340096116065979 ], [ 2850216.229121104348451, 2435701.890577220823616 ], [ 2850216.165175575762987, 2435701.435558345168829 ], [ 2850216.130893914960325, 2435700.976815793197602 ], [ 2850216.126426640432328, 2435700.516457916703075 ], [ 2850216.151776842307299, 2435700.056315044406801 ], [ 2850216.20688265748322, 2435699.59843285381794 ], [ 2850216.291371890343726, 2435699.144812363665551 ], [ 2850216.405051737558097, 2435698.697319888975471 ], [ 2850216.547419072594494, 2435698.257777092978358 ], [ 2850216.717726417351514, 2435697.828355692327023 ], [ 2850216.915437645278871, 2435697.41067996295169 ], [ 2850216.995240276679397, 2435697.266628162004054 ], [ 2850217.139543411787599, 2435697.006562914699316 ], [ 2850217.389099313877523, 2435696.617602150887251 ], [ 2850217.663128997199237, 2435696.245808038394898 ], [ 2850217.960344739258289, 2435695.892536158207804 ], [ 2850218.279589760117233, 2435695.559321455191821 ], [ 2850218.619494891725481, 2435695.247636207379401 ], [ 2850218.978478577453643, 2435694.958889996167272 ], [ 2850219.355089173652232, 2435694.694061689544469 ], [ 2850219.747843070421368, 2435694.454542872495949 ], [ 2850220.014583077281713, 2435694.310914810746908 ], [ 2850227.73036705236882, 2435690.368007295299321 ], [ 2850227.870647859759629, 2435690.298279551789165 ], [ 2850227.87817002646625, 2435690.294964222703129 ], [ 2850228.29019013652578, 2435690.112119640689343 ], [ 2850228.720556791871786, 2435689.953874408267438 ], [ 2850229.159854908939451, 2435689.824298663064837 ], [ 2850229.606142089702189, 2435689.723851185292006 ], [ 2850230.057590370997787, 2435689.653071421664208 ], [ 2850230.512322308495641, 2435689.612202771939337 ], [ 2850230.968346010427922, 2435689.601407951675355 ], [ 2850231.42355515062809, 2435689.620769006200135 ], [ 2850231.876202187500894, 2435689.670098584610969 ], [ 2850232.324360185302794, 2435689.749344035051763 ], [ 2850232.765954778529704, 2435689.858174667693675 ], [ 2850233.199172444175929, 2435689.996008404530585 ], [ 2850233.622085216920823, 2435690.162182483822107 ], [ 2850234.033075462561101, 2435690.356078814715147 ], [ 2850234.430215215776116, 2435690.577034643385559 ], [ 2850234.811689925380051, 2435690.823857790790498 ], [ 2850235.17612630315125, 2435691.095580101013184 ], [ 2850235.521905685774982, 2435691.390973380766809 ], [ 2850235.847523854579777, 2435691.708890131674707 ], [ 2850236.151541534811258, 2435692.047967453487217 ], [ 2850236.4326988523826, 2435692.406707778107375 ], [ 2850236.441226203925908, 2435692.418465029913932 ], [ 2850244.779993317555636, 2435703.865874136332422 ], [ 2850245.753067499957979, 2435705.201651763636619 ], [ 2850277.7450614371337, 2435725.148427684325725 ], [ 2850287.113680414389819, 2435727.486577225849032 ], [ 2850295.868588260374963, 2435721.815132584888488 ], [ 2850297.838186634704471, 2435718.960741149261594 ], [ 2850312.179580606520176, 2435698.176495753228664 ], [ 2850312.449033346958458, 2435697.811137826181948 ], [ 2850312.746347779408097, 2435697.45784833887592 ], [ 2850313.065610070712864, 2435697.124732755124569 ], [ 2850313.405418056063354, 2435696.813065973576158 ], [ 2850313.764581959228963, 2435696.524185570888221 ], [ 2850314.141095452010632, 2435696.259375798981637 ], [ 2850314.326992185320705, 2435696.146069563459605 ], [ 2850314.533752261195332, 2435696.019875542726368 ], [ 2850314.723013116512448, 2435695.916427631862462 ], [ 2850329.248592947609723, 2435688.265837855637074 ], [ 2850329.46625588927418, 2435688.155948571395129 ], [ 2850329.885799126699567, 2435687.969789308030158 ], [ 2850330.316068799234927, 2435687.811562747694552 ], [ 2850330.755367877427489, 2435687.681987691670656 ], [ 2850331.201656013727188, 2435687.58154092123732 ], [ 2850331.65310524078086, 2435687.510761869139969 ], [ 2850332.10783811006695, 2435687.469893944449723 ], [ 2850332.563764782622457, 2435687.459117862861603 ], [ 2850333.019170704763383, 2435687.47844363655895 ], [ 2850333.471818609163165, 2435687.52777395490557 ], [ 2850333.91978155542165, 2435687.607056145556271 ], [ 2850334.361458403989673, 2435687.715770821087062 ], [ 2850334.794676837511361, 2435687.853605270385742 ], [ 2850335.217606836929917, 2435688.019878738094121 ], [ 2850335.628499823622406, 2435688.213793761096895 ], [ 2850336.025623723864555, 2435688.434651576913893 ], [ 2850336.407294916920364, 2435688.681439366191626 ], [ 2850336.771633892785758, 2435688.953180305659771 ], [ 2850337.117430263198912, 2435689.248672876041383 ], [ 2850337.443048862740397, 2435689.56659018760547 ], [ 2850337.747050425969064, 2435689.90556937083602 ], [ 2850338.028208062984049, 2435690.264310196973383 ], [ 2850338.285228905268013, 2435690.641117728315294 ], [ 2850338.305711672641337, 2435690.673665120266378 ], [ 2850343.011506008449942, 2435698.178329319693148 ], [ 2850343.222957787103951, 2435698.539203283842653 ], [ 2850343.428692527115345, 2435698.947408807463944 ], [ 2850343.607326365076005, 2435699.368631522636861 ], [ 2850343.758056160993874, 2435699.801086478866637 ], [ 2850343.88038909714669, 2435700.243033364415169 ], [ 2850343.973782878834754, 2435700.692435842007399 ], [ 2850344.037744692061096, 2435701.147553613875061 ], [ 2850344.072026073001325, 2435701.606296324171126 ], [ 2850344.076509493403137, 2435702.066752977669239 ], [ 2850344.05115887708962, 2435702.52689589606598 ], [ 2850343.996150527149439, 2435702.98476006090641 ], [ 2850343.987862158566713, 2435703.037243196740746 ], [ 2850339.757073593791574, 2435729.346504935994744 ], [ 2850339.680774451233447, 2435729.74766025133431 ], [ 2850339.606193203479052, 2435730.054005862679332 ], [ 2850334.050958961248398, 2435750.889491350855678 ], [ 2850334.011762113776058, 2435751.030656111892313 ], [ 2850333.869378068484366, 2435751.470100090838969 ], [ 2850333.6989890136756, 2435751.899637991096824 ], [ 2850333.501375420950353, 2435752.317295462358743 ], [ 2850333.277269304264337, 2435752.721412218175828 ], [ 2850333.027680016122758, 2435753.110175259876996 ], [ 2850332.753666394390166, 2435753.48206765204668 ], [ 2850332.456352235283703, 2435753.835357088595629 ], [ 2850332.137106706853956, 2435754.168571290094405 ], [ 2850331.797298982739449, 2435754.48023800784722 ], [ 2850331.438233273103833, 2435754.769100316334516 ], [ 2850331.153990464285016, 2435754.972295732237399 ], [ 2850322.269859335385263, 2435760.997048191726208 ], [ 2850321.963008351158351, 2435763.574986864812672 ], [ 2850323.949585722293705, 2435767.365311357658356 ], [ 2850333.652991441078484, 2435765.484399972483516 ], [ 2850333.673739277757704, 2435765.480484409723431 ], [ 2850334.125286162830889, 2435765.409687417559326 ], [ 2850334.579904337413609, 2435765.36873887013644 ], [ 2850334.735314089804888, 2435765.361735353711993 ], [ 2850351.933245913591236, 2435764.77424772689119 ], [ 2850352.233762723393738, 2435764.770475309342146 ], [ 2850352.689070678316057, 2435764.789819297846407 ], [ 2850353.14173508901149, 2435764.83924849703908 ], [ 2850353.589779532514513, 2435764.918414215091616 ], [ 2850354.031358518637717, 2435765.027147110085934 ], [ 2850354.464560574386269, 2435765.164883098565042 ], [ 2850354.887588666751981, 2435765.331138771958649 ], [ 2850355.016049044206738, 2435765.388185968622565 ], [ 2850365.845892205834389, 2435770.332949861418456 ], [ 2850366.128243603743613, 2435770.469934658147395 ], [ 2850366.525367795489728, 2435770.690792778041214 ], [ 2850366.907039308920503, 2435770.937580860685557 ], [ 2850367.271476578898728, 2435771.20930409245193 ], [ 2850367.617256828583777, 2435771.504698270000517 ], [ 2850367.942875830456614, 2435771.822615873534232 ], [ 2850368.083333785645664, 2435771.973782551940531 ], [ 2850376.429698787163943, 2435781.224084116052836 ], [ 2850387.673226333223283, 2435786.833606413099915 ], [ 2850396.759940412826836, 2435782.681441220454872 ], [ 2850399.848289785906672, 2435774.640792088583112 ], [ 2850399.917306370101869, 2435774.472073634155095 ], [ 2850399.965328575111926, 2435774.354715578723699 ], [ 2850400.162925919517875, 2435773.936959567014128 ], [ 2850400.387048820964992, 2435773.532941683195531 ], [ 2850400.63671988574788, 2435773.14406216237694 ], [ 2850400.910635925363749, 2435772.772188018076122 ], [ 2850401.207966981455684, 2435772.418997545726597 ], [ 2850401.527212944347411, 2435772.08578364783898 ], [ 2850401.867021138779819, 2435771.77411727514118 ], [ 2850402.226087344810367, 2435771.485255321022123 ], [ 2850402.602715566754341, 2435771.220526712015271 ], [ 2850402.995356203988194, 2435770.980928283184767 ], [ 2850403.402296764310449, 2435770.767690277658403 ], [ 2850403.82184021640569, 2435770.581531491596252 ], [ 2850404.252208085730672, 2435770.423287428915501 ], [ 2850404.691523947753012, 2435770.293811585754156 ], [ 2850405.137812403030694, 2435770.193365357816219 ], [ 2850405.589261981192976, 2435770.122586868703365 ], [ 2850406.043995231389999, 2435770.081719517242163 ], [ 2850406.499922312796116, 2435770.070944014936686 ], [ 2850406.955230728723109, 2435770.090288400184363 ], [ 2850407.407879095524549, 2435770.139619315974414 ], [ 2850407.855940472800285, 2435770.218884116970003 ], [ 2850408.297617827542126, 2435770.327599396929145 ], [ 2850408.72395795583725, 2435770.462935425341129 ], [ 2850410.669035108759999, 2435771.151339367497712 ], [ 2850418.205908759497106, 2435773.81838842201978 ], [ 2850418.212689647451043, 2435773.820905463304371 ], [ 2850418.635701703373343, 2435773.987062909640372 ], [ 2850418.833436123095453, 2435774.076233147643507 ], [ 2850427.048881959170103, 2435777.938820896670222 ], [ 2850441.213572092354298, 2435767.375443927478045 ], [ 2850450.977990777231753, 2435757.499567720107734 ], [ 2850456.314564179629087, 2435752.102118558250368 ], [ 2850456.398616848513484, 2435752.018518724478781 ], [ 2850456.737023493275046, 2435751.708127529826015 ], [ 2850457.097492490895092, 2435751.417990977410227 ], [ 2850457.474121339153498, 2435751.153262671548873 ], [ 2850457.866762606427073, 2435750.913664566352963 ], [ 2850458.273703797720373, 2435750.700426898896694 ], [ 2850458.693247877061367, 2435750.514268461614847 ], [ 2850459.123616366647184, 2435750.356024757027626 ], [ 2850459.562916343100369, 2435750.226450588554144 ], [ 2850460.009205399081111, 2435750.126004735007882 ], [ 2850460.46073701325804, 2435750.055109940469265 ], [ 2850460.915389385540038, 2435750.014359659515321 ], [ 2850461.371414964087307, 2435750.003566542640328 ], [ 2850461.826625963672996, 2435750.022929307073355 ], [ 2850462.279291331768036, 2435750.072359289042652 ], [ 2850462.58071593567729, 2435750.122330000158399 ], [ 2850477.721704694442451, 2435752.977781811729074 ], [ 2850477.86834198795259, 2435753.007076318375766 ], [ 2850478.147274282760918, 2435753.072268586605787 ], [ 2850499.019855290651321, 2435758.403195892460644 ], [ 2850521.765842019580305, 2435752.496318458579481 ], [ 2850522.212229589931667, 2435752.395855030510575 ], [ 2850522.66368031874299, 2435752.32507735863328 ], [ 2850523.118316751439124, 2435752.28422883991152 ], [ 2850523.574342879932374, 2435752.273436174727976 ], [ 2850524.029652361758053, 2435752.292781392112374 ], [ 2850524.482203813269734, 2435752.34213114483282 ], [ 2850524.930380620528013, 2435752.421477457508445 ], [ 2850525.37196097150445, 2435752.53021155949682 ], [ 2850525.8051643287763, 2435752.667948745656759 ], [ 2850526.228095706552267, 2435752.834223609417677 ], [ 2850526.632142120972276, 2435753.024618122261018 ], [ 2850544.224783761426806, 2435762.030994832515717 ], [ 2850544.231729618273675, 2435762.034498716238886 ], [ 2850544.53336974978447, 2435762.202318863011897 ], [ 2850544.628854929003865, 2435762.255358003545552 ], [ 2850545.010446026455611, 2435762.502263913862407 ], [ 2850545.374884236603975, 2435762.773988235741854 ], [ 2850545.720665331929922, 2435763.069383452180773 ], [ 2850546.046285078860819, 2435763.387302045710385 ], [ 2850546.350206259638071, 2435763.726399128325284 ], [ 2850546.549157150089741, 2435763.975040001794696 ], [ 2850547.669325234368443, 2435765.443683103192598 ], [ 2850555.795524760149419, 2435776.098186992108822 ], [ 2850580.724909941200167, 2435793.853607469238341 ], [ 2850589.016879050992429, 2435792.845837321598083 ], [ 2850595.91628925409168, 2435783.058525788132101 ], [ 2850595.824176054447889, 2435765.009820980019867 ], [ 2850595.825900609605014, 2435764.81237882329151 ], [ 2850595.851463975384831, 2435764.352298439480364 ], [ 2850595.90647282730788, 2435763.894434244371951 ], [ 2850595.990930249914527, 2435763.440616566222161 ], [ 2850596.104611475020647, 2435762.993124455213547 ], [ 2850596.246898928657174, 2435762.553698890842497 ], [ 2850596.268655385822058, 2435762.499045299831778 ], [ 2850596.417305965907872, 2435762.124260207638144 ], [ 2850596.614904680289328, 2435761.70650470117107 ], [ 2850596.839029033668339, 2435761.302487405017018 ], [ 2850596.967404298018664, 2435761.095700155477971 ], [ 2850602.386866645421833, 2435752.685059306677431 ], [ 2850607.472682637162507, 2435744.792655338533223 ], [ 2850607.59399656066671, 2435744.610662451013923 ], [ 2850607.853200862184167, 2435744.257666462101042 ], [ 2850624.04096848051995, 2435723.570067865774035 ], [ 2850624.055796485394239, 2435723.551271194592118 ], [ 2850624.35301526170224, 2435723.198000996373594 ], [ 2850624.672263448126614, 2435722.864788144826889 ], [ 2850625.012269801925868, 2435722.553086878731847 ], [ 2850625.371142427437007, 2435722.264262126758695 ], [ 2850625.747772982809693, 2435721.999534763395786 ], [ 2850626.140415976755321, 2435721.759937655646354 ], [ 2850626.547456844709814, 2435721.546683008316904 ], [ 2850626.96700266096741, 2435721.360525644384325 ], [ 2850627.397274932824075, 2435721.202301041223109 ], [ 2850627.836576625704765, 2435721.072728005703539 ], [ 2850628.282867378555238, 2435720.972283307928592 ], [ 2850628.734417158178985, 2435720.901488365605474 ], [ 2850629.189054667018354, 2435720.860640589147806 ], [ 2850629.645098332315683, 2435720.849947346840054 ], [ 2850630.100408819504082, 2435720.869293306488544 ], [ 2850630.552879786118865, 2435720.918760502710938 ], [ 2850631.001008023042232, 2435720.997811495326459 ], [ 2850631.442605739459395, 2435721.106645016930997 ], [ 2850631.868947548326105, 2435721.241982542909682 ], [ 2850638.190239685587585, 2435723.478979386854917 ], [ 2850638.197102047502995, 2435723.481379759497941 ], [ 2850638.620132175739855, 2435723.647637370042503 ], [ 2850639.031043737195432, 2435723.841653187759221 ], [ 2850639.42816960439086, 2435724.062513058073819 ], [ 2850639.809744697064161, 2435724.309320842847228 ], [ 2850640.174281277693808, 2435724.581027696840465 ], [ 2850640.520079224836081, 2435724.876522111240774 ], [ 2850640.845503369346261, 2435725.194477195851505 ], [ 2850641.149506215006113, 2435725.533458038233221 ], [ 2850641.430664979852736, 2435725.892200430855155 ], [ 2850641.687686792109162, 2435726.269009427167475 ], [ 2850641.919622099027038, 2435726.662432104814798 ], [ 2850642.125340930186212, 2435727.07054013479501 ], [ 2850642.213871452026069, 2435727.269802744500339 ], [ 2850645.962047009728849, 2435736.071325724478811 ], [ 2850651.332163562066853, 2435740.18191757472232 ], [ 2850659.685499255545437, 2435738.012575543951243 ], [ 2850668.551173501648009, 2435728.481572085525841 ], [ 2850678.030197034589946, 2435713.852232473902404 ], [ 2850678.141608429141343, 2435713.685283028520644 ], [ 2850678.415641503408551, 2435713.313490650616586 ], [ 2850678.712958741001785, 2435712.960202689282596 ], [ 2850679.032207453623414, 2435712.626990084070712 ], [ 2850679.372018457390368, 2435712.315325099043548 ], [ 2850679.731104017235339, 2435712.026563309133053 ], [ 2850680.107718636281788, 2435711.761737566906959 ], [ 2850680.500378685072064, 2435711.522239453159273 ], [ 2850680.907305678818375, 2435711.308904466219246 ], [ 2850681.32685205899179, 2435711.122747448273003 ], [ 2850681.458901582285762, 2435711.070808451622725 ], [ 2850697.332373632583767, 2435705.009446430020034 ], [ 2850697.63059707172215, 2435704.903161253314465 ], [ 2850698.069883005693555, 2435704.773490007035434 ], [ 2850698.516207475215197, 2435704.673243154305965 ], [ 2850698.967757967300713, 2435704.602448700927198 ], [ 2850699.422379675321281, 2435704.561502729076892 ], [ 2850699.878407523501664, 2435704.550711305812001 ], [ 2850700.333718665875494, 2435704.570057766046375 ], [ 2850700.786386150866747, 2435704.619489438366145 ], [ 2850701.058834671974182, 2435704.664005814585835 ], [ 2850714.166470188647509, 2435707.078130942769349 ], [ 2850714.34197115059942, 2435707.112800787668675 ], [ 2850714.783553042914718, 2435707.22153620608151 ], [ 2850715.216757850721478, 2435707.359274687245488 ], [ 2850715.639690584503114, 2435707.525550821330398 ], [ 2850716.050586162135005, 2435707.719468455761671 ], [ 2850716.44771249871701, 2435707.94032882200554 ], [ 2850716.829304511193186, 2435708.187235760502517 ], [ 2850717.193841471336782, 2435708.458943077363074 ], [ 2850717.539639748632908, 2435708.75443792110309 ], [ 2850717.865162120200694, 2435709.072375415358692 ], [ 2850718.169165196828544, 2435709.411356644704938 ], [ 2850718.450324141420424, 2435709.770099397283047 ], [ 2850718.647686302661896, 2435710.054531691130251 ], [ 2850722.894862290471792, 2435716.515605946071446 ], [ 2850726.270037281792611, 2435721.650083719752729 ], [ 2850726.329795025289059, 2435721.74244276760146 ], [ 2850726.561616042628884, 2435722.135785119142383 ], [ 2850726.767334969714284, 2435722.543893471360207 ], [ 2850726.945969270542264, 2435722.965117558371276 ], [ 2850727.096715793479234, 2435723.397672386374325 ], [ 2850727.219146683812141, 2435723.839602293912321 ], [ 2850727.312442302703857, 2435724.2890236354433 ], [ 2850727.37638717610389, 2435724.744043410755694 ], [ 2850727.410667887888849, 2435725.20278662070632 ], [ 2850727.415035976096988, 2435725.663162913173437 ], [ 2850727.389798693358898, 2435726.123386648017913 ], [ 2850727.334691078402102, 2435726.581268772948533 ], [ 2850727.250101833138615, 2435727.034906964283437 ], [ 2850727.136403161566705, 2435727.482300201896578 ], [ 2850726.994131195358932, 2435727.921824206598103 ], [ 2850726.823739587329328, 2435728.351361272390932 ], [ 2850726.626123265828937, 2435728.769017738755792 ], [ 2850726.466883731540293, 2435729.062341862358153 ], [ 2850711.575512354262173, 2435755.032545017078519 ], [ 2850708.393067441880703, 2435760.582669004797935 ], [ 2850700.687588728964329, 2435778.859636907465756 ], [ 2850703.531198441982269, 2435784.284981375560164 ], [ 2850711.664853116031736, 2435788.649155972059816 ], [ 2850727.284010527655482, 2435785.418507770169526 ], [ 2850753.744056226685643, 2435777.655855738557875 ], [ 2850770.197683172300458, 2435758.014909243676811 ], [ 2850777.133624384645373, 2435737.958805522415787 ], [ 2850777.163332298398018, 2435737.874413474462926 ], [ 2850777.333724127151072, 2435737.444876499008387 ], [ 2850777.531340707093477, 2435737.027220156043768 ], [ 2850777.75545000936836, 2435736.623104724567384 ], [ 2850778.005042670294642, 2435736.234343198128045 ], [ 2850778.279059834312648, 2435735.862452500499785 ], [ 2850778.576394190080464, 2435735.509263622574508 ], [ 2850778.895643561147153, 2435735.176051465794444 ], [ 2850779.23545525316149, 2435734.864386962726712 ], [ 2850779.594525037799031, 2435734.575527012813836 ], [ 2850779.971156895160675, 2435734.310800508596003 ], [ 2850780.363801216706634, 2435734.071204300038517 ], [ 2850780.770745489746332, 2435733.857968606054783 ], [ 2850781.190292673185468, 2435733.671812224201858 ], [ 2850781.620566322468221, 2435733.513588640838861 ], [ 2850782.059869399294257, 2435733.384016663767397 ], [ 2850782.506259475834668, 2435733.283555031288415 ], [ 2850782.957712681498379, 2435733.212779184803367 ], [ 2850783.412465990521014, 2435733.172013197094202 ], [ 2850783.868396555073559, 2435733.161240396555513 ], [ 2850784.323691862169653, 2435733.180488801095635 ], [ 2850784.776360002811998, 2435733.229921110905707 ], [ 2850785.2244245368056, 2435733.309188607614487 ], [ 2850785.503227448090911, 2435733.374202887527645 ], [ 2850793.236961788497865, 2435735.349461764097214 ], [ 2850796.798036188352853, 2435736.258882044814527 ], [ 2850796.960734284482896, 2435736.302720433101058 ], [ 2850797.393939700908959, 2435736.440459524281323 ], [ 2850797.816873027011752, 2435736.606736254878342 ], [ 2850798.2277691825293, 2435736.800654487684369 ], [ 2850798.624912568368018, 2435737.021614110097289 ], [ 2850799.006586563773453, 2435737.268404928967357 ], [ 2850799.371026086620986, 2435737.540130792651325 ], [ 2850799.716808349825442, 2435737.835527482442558 ], [ 2850800.042331173084676, 2435738.15346547961235 ], [ 2850800.34635116532445, 2435738.492545868270099 ], [ 2850800.627494003623724, 2435738.851190397050232 ], [ 2850800.884614240843803, 2435739.22798214154318 ], [ 2850801.060452258680016, 2435739.520744934212416 ], [ 2850801.939082080963999, 2435741.0687808226794 ], [ 2850807.456185050308704, 2435750.787628495600075 ], [ 2850822.35407070396468, 2435768.353145064320415 ], [ 2850824.473981950432062, 2435770.852620160207152 ], [ 2850838.039100642316043, 2435786.846881651319563 ], [ 2850838.063791112508625, 2435786.876214679330587 ], [ 2850838.344836328644305, 2435787.234877455979586 ], [ 2850838.601956890895963, 2435787.611669444479048 ], [ 2850838.7959098322317, 2435787.936703299637884 ], [ 2850850.117333361878991, 2435808.129853999242187 ], [ 2850861.626508472952992, 2435818.668014575261623 ], [ 2850876.528307469096035, 2435832.312402384821326 ], [ 2850876.848466610535979, 2435832.625427433289587 ], [ 2850877.152487249113619, 2435832.964508367702365 ], [ 2850877.433630731888115, 2435833.323153408244252 ], [ 2850877.690653667319566, 2435833.699963648803532 ], [ 2850877.711120103485882, 2435833.732412573881447 ], [ 2850890.260274286847562, 2435853.744970715139061 ], [ 2850890.471727811731398, 2435854.105847023893148 ], [ 2850890.677447704598308, 2435854.513956203125417 ], [ 2850890.856082919985056, 2435854.935181039851159 ], [ 2850891.006748856045306, 2435855.367853241972625 ], [ 2850891.129164057783782, 2435855.809685080312192 ], [ 2850891.191892662085593, 2435856.094961842522025 ], [ 2850894.501880708150566, 2435872.774690796621144 ], [ 2850895.583586974069476, 2435878.225772493518889 ], [ 2850895.614171286579221, 2435878.390016306657344 ], [ 2850895.678116995841265, 2435878.845036569051445 ], [ 2850895.712398480158299, 2435879.303780191577971 ], [ 2850895.716865222901106, 2435879.764138808939606 ], [ 2850895.691514134407043, 2435880.224282095674425 ], [ 2850895.636892701964825, 2435880.679633936844766 ], [ 2850895.406785553321242, 2435882.18450165912509 ], [ 2850891.375057615805417, 2435908.567014362663031 ], [ 2850891.333500909619033, 2435908.839012356474996 ], [ 2850893.970793791115284, 2435924.713422367814928 ], [ 2850897.380327366292477, 2435945.235385573003441 ], [ 2850899.245094715617597, 2435950.558099166955799 ], [ 2850902.040522535331547, 2435951.651692945510149 ], [ 2850904.359357530251145, 2435951.29168935585767 ], [ 2850908.016542244702578, 2435927.360709393396974 ], [ 2850909.440070840064436, 2435913.584371097385883 ], [ 2850909.484603300690651, 2435913.237166703678668 ], [ 2850909.569175359793007, 2435912.783429736271501 ], [ 2850909.682840443216264, 2435912.335839145816863 ], [ 2850909.825128397904336, 2435911.896413928363472 ], [ 2850909.995536088943481, 2435911.466975748538971 ], [ 2850910.193135603331029, 2435911.049220907501876 ], [ 2850910.417244403623044, 2435910.645105729345232 ], [ 2850910.666836632415652, 2435910.256344524212182 ], [ 2850910.940869932062924, 2435909.884552909061313 ], [ 2850911.161096555180848, 2435909.618467731401324 ], [ 2850919.802191312424839, 2435899.676955373026431 ], [ 2850925.530224500223994, 2435893.086789469234645 ], [ 2850929.380331045947969, 2435888.657225959934294 ], [ 2850929.6646041222848, 2435886.746218973305076 ], [ 2850931.098582183010876, 2435877.107188246678561 ], [ 2850932.261544289067388, 2435869.289964483585209 ], [ 2850930.218499902170151, 2435837.93747574929148 ], [ 2850929.878880807664245, 2435832.724714445881546 ], [ 2850925.457910720724612, 2435818.231431514024734 ], [ 2850925.349336884915829, 2435817.834353391081095 ], [ 2850925.256040818989277, 2435817.38493150100112 ], [ 2850925.192079102620482, 2435816.929812585469335 ], [ 2850925.157798144966364, 2435816.471069009043276 ], [ 2850925.153217525221407, 2435816.010629765689373 ], [ 2850925.178569213487208, 2435815.550486546941102 ], [ 2850925.233676898758858, 2435815.092604356817901 ], [ 2850925.318266319576651, 2435814.638966201338917 ], [ 2850925.431948775425553, 2435814.191474405582994 ], [ 2850925.574237624183297, 2435813.752049319911748 ], [ 2850925.744646216742694, 2435813.322611269541085 ], [ 2850925.942246635910124, 2435812.904856543522328 ], [ 2850926.166356343775988, 2435812.500741494819522 ], [ 2850926.41594947502017, 2435812.111980414018035 ], [ 2850926.689983669668436, 2435811.740188913885504 ], [ 2850926.987204182893038, 2435811.386919944081455 ], [ 2850927.30645420961082, 2435811.053708426654339 ], [ 2850927.617079607211053, 2435810.767345723696053 ], [ 2850933.985160823911428, 2435805.235169580671936 ], [ 2850934.014445789158344, 2435805.209850484970957 ], [ 2850934.373516435734928, 2435804.920991328079253 ], [ 2850934.750149207189679, 2435804.656265681609511 ], [ 2850935.142794488463551, 2435804.4166703755036 ], [ 2850935.549739764537662, 2435804.203435628674924 ], [ 2850935.969287986401469, 2435804.017280246131122 ], [ 2850936.399660655297339, 2435803.8590396954678 ], [ 2850936.838866885751486, 2435803.729486780706793 ], [ 2850937.285258090123534, 2435803.629026249982417 ], [ 2850937.736712441779673, 2435803.558251535519958 ] ] ] } }
]
}
