{
"type": "FeatureCollection",
"name": "Beariz",
"crs": { "type": "name", "properties": { "name": "urn:ogc:def:crs:EPSG::3035" } },
"features": [
{ "type": "Feature", "properties": { "SITE_NAME": "Serra do Candan", "ODESIGNATE": "Espacio Protegido Red Natura 2000", "NUT2": 11, "SITE_CODE_": "ES110006", "DESIG_ABBR": "ES96", "SITE_CDDA": "349434_CDDA", "Sup_ha": 10746.8908132 }, "geometry": { "type": "MultiPolygon", "coordinates": [ [ [ [ 2836673.124295315239578, 2337373.571760489139706 ], [ 2836653.487184832803905, 2337378.943456339649856 ], [ 2836653.275605360046029, 2337379.047142202034593 ], [ 2836640.583942223340273, 2337370.277454390656203 ], [ 2836640.45152110978961, 2337370.225580723490566 ], [ 2836640.327210987918079, 2337370.111730574630201 ], [ 2836639.400140584912151, 2337369.813695836812258 ], [ 2836638.504198883194476, 2337369.462765824981034 ], [ 2836638.337383043020964, 2337369.472114116884768 ], [ 2836638.2032804726623, 2337369.428987113758922 ], [ 2836636.012045596726239, 2337369.251242448110133 ], [ 2836635.659580707550049, 2337369.281841794028878 ], [ 2836634.961814142297953, 2337369.278392100706697 ], [ 2836628.704451197758317, 2337370.11040668329224 ], [ 2836628.242170958314091, 2337370.20055310241878 ], [ 2836628.20858559012413, 2337370.202057032845914 ], [ 2836620.89237884990871, 2337371.942315537948161 ], [ 2836613.85333586204797, 2337366.85198057256639 ], [ 2836608.67552392790094, 2337361.443661324679852 ], [ 2836606.650891495868564, 2337358.872930159792304 ], [ 2836606.630796785466373, 2337358.855280489195138 ], [ 2836606.492381905205548, 2337358.681915407069027 ], [ 2836604.26875500427559, 2337356.135399499442428 ], [ 2836604.099029068369418, 2337355.993107743095607 ], [ 2836603.80121102835983, 2337355.667825741227716 ], [ 2836599.301665828563273, 2337351.740829535759985 ], [ 2836595.683859872631729, 2337347.057012574281543 ], [ 2836591.868983111344278, 2337341.968383429571986 ], [ 2836590.480647069402039, 2337340.713479615282267 ], [ 2836588.657734476961195, 2337340.064498622901738 ], [ 2836588.458803639747202, 2337340.075690419413149 ], [ 2836588.303856529295444, 2337340.026843714527786 ], [ 2836580.641142558306456, 2337339.488461866043508 ], [ 2836579.695592189673334, 2337338.618773695547134 ], [ 2836578.909869358874857, 2337338.030329495668411 ], [ 2836577.086842766497284, 2337337.381268290802836 ], [ 2836575.836661583743989, 2337337.362262574024498 ], [ 2836556.272747010923922, 2337339.55655647162348 ], [ 2836555.581727813929319, 2337339.684016228653491 ], [ 2836554.085425114259124, 2337340.345839189365506 ], [ 2836553.198584782890975, 2337340.925604179035872 ], [ 2836530.271654691547155, 2337344.699773899745196 ], [ 2836520.832191952504218, 2337342.902341634966433 ], [ 2836503.14308309648186, 2337333.619165409356356 ], [ 2836501.56855326006189, 2337333.109898913651705 ], [ 2836500.572794219944626, 2337333.0689837327227 ], [ 2836494.264848437160254, 2337333.448815912473947 ], [ 2836450.675525671802461, 2337331.483019235078245 ], [ 2836450.486201616004109, 2337331.502812521997839 ], [ 2836450.122264997567981, 2337331.489170089829713 ], [ 2836410.067087086848915, 2337334.180627917870879 ], [ 2836404.442852996755391, 2337332.356349419336766 ], [ 2836361.338494878262281, 2337309.98264681501314 ], [ 2836361.307129825465381, 2337309.972560466267169 ], [ 2836361.170492168515921, 2337309.89950630068779 ], [ 2836320.353500166907907, 2337290.669524656608701 ], [ 2836319.901233948767185, 2337290.350809911265969 ], [ 2836318.583102834876627, 2337289.801687441766262 ], [ 2836274.676698943600059, 2337278.691998685244471 ], [ 2836274.171828155405819, 2337278.592167811002582 ], [ 2836272.555341938976198, 2337278.628072914667428 ], [ 2836272.260153989773244, 2337278.683713861275464 ], [ 2836272.117489510215819, 2337278.74676510784775 ], [ 2836271.93175863660872, 2337278.757155690807849 ], [ 2836222.747371263802052, 2337291.513095004949719 ], [ 2836220.987369287759066, 2337292.361397695261985 ], [ 2836219.669362368993461, 2337293.822355393320322 ], [ 2836218.997807262465358, 2337295.672521451953799 ], [ 2836219.014883040450513, 2337296.105270280502737 ], [ 2836161.57449341006577, 2337300.159143729135394 ], [ 2836222.753392682876438, 2337184.368111744523048 ], [ 2836244.525880380533636, 2337166.313577712513506 ], [ 2836249.387965929694474, 2337163.676020629703999 ], [ 2836289.83109625056386, 2337131.820692398119718 ], [ 2836305.292616293765604, 2337116.087988628540188 ], [ 2836276.012626735027879, 2337125.728142162784934 ], [ 2836247.116626096889377, 2337128.365488921292126 ], [ 2836222.72315385658294, 2337132.600272802170366 ], [ 2836195.096295474562794, 2337137.670989463105798 ], [ 2836151.900712084956467, 2337152.288960568606853 ], [ 2836081.365502224303782, 2337176.045633336063474 ], [ 2835942.570598141290247, 2337221.590441251639277 ], [ 2835899.579357402399182, 2337231.323591088410467 ], [ 2835880.621949711814523, 2337241.056701892521232 ], [ 2835788.169136449228972, 2337299.474554645363241 ], [ 2835714.912431455217302, 2337357.762530773412436 ], [ 2835649.609665439929813, 2337391.903349990956485 ], [ 2835627.802767119370401, 2337395.469706328585744 ], [ 2835609.097935113124549, 2337394.78248498449102 ], [ 2835600.044831157661974, 2337397.123109092004597 ], [ 2835592.907345647923648, 2337401.729599272832274 ], [ 2835556.334447397384793, 2337415.326670546084642 ], [ 2835515.729813202284276, 2337391.996719285845757 ], [ 2835500.175439216196537, 2337381.520534397568554 ], [ 2835494.403872580267489, 2337377.489840688649565 ], [ 2835462.420306122861803, 2337364.357589660212398 ], [ 2835427.670154337305576, 2337354.011653805151582 ], [ 2835391.349814279936254, 2337357.188098007347435 ], [ 2835368.692299317568541, 2337365.807065921835601 ], [ 2835354.573045530356467, 2337375.670403371565044 ], [ 2835337.064757660962641, 2337385.719628640450537 ], [ 2835266.861981925554574, 2337445.290092791430652 ], [ 2835235.151315553113818, 2337456.249727330636233 ], [ 2835203.693287644069642, 2337456.788610383868217 ], [ 2835131.976237371563911, 2337449.786681925877929 ], [ 2835112.338010551873595, 2337445.19898676360026 ], [ 2835068.641786287538707, 2337443.379177944734693 ], [ 2835045.386164090596139, 2337446.630057017784566 ], [ 2835025.267070483416319, 2337460.115791181102395 ], [ 2835000.559149731881917, 2337500.331205554306507 ], [ 2834994.127142164390534, 2337516.491431110072881 ], [ 2834980.965761545114219, 2337527.488103566225618 ], [ 2834966.141037025488913, 2337525.798024316318333 ], [ 2834944.299832612276077, 2337514.87619401793927 ], [ 2834919.740614608861506, 2337501.205248339101672 ], [ 2834894.510516385547817, 2337490.469330651685596 ], [ 2834842.729589142370969, 2337509.379637675825506 ], [ 2834797.98914385959506, 2337534.753860081546009 ], [ 2834688.247642281930894, 2337578.314602018333972 ], [ 2834604.408437361009419, 2337603.700791877228767 ], [ 2834588.171571867540479, 2337604.878973894286901 ], [ 2834560.054188199341297, 2337610.767974835820496 ], [ 2834524.225201211869717, 2337613.127832081634551 ], [ 2834493.70107819698751, 2337617.567962401546538 ], [ 2834457.861764337867498, 2337602.671584750059992 ], [ 2834448.127218603156507, 2337590.690909342374653 ], [ 2834444.762479776516557, 2337588.10902635473758 ], [ 2834431.601186784915626, 2337599.105738853570074 ], [ 2834436.892178377136588, 2337621.21017817594111 ], [ 2834432.953100520186126, 2337630.832445432431996 ], [ 2834403.780918017029762, 2337646.659209042321891 ], [ 2834360.095546341966838, 2337662.096248537302017 ], [ 2834290.281111624091864, 2337677.385458146687597 ], [ 2834242.8819544990547, 2337711.732309616636485 ], [ 2834219.218674331903458, 2337724.754185670055449 ], [ 2834151.894237169995904, 2337750.44559873547405 ], [ 2834101.071441545616835, 2337770.489901207387447 ], [ 2834039.950961582362652, 2337787.674018391408026 ], [ 2834000.542958659119904, 2337775.081128172110766 ], [ 2833969.230314115528017, 2337759.014618121087551 ], [ 2833946.839267048053443, 2337737.189486972521991 ], [ 2833926.616436478681862, 2337707.209687499795109 ], [ 2833894.649779798462987, 2337636.773361104540527 ], [ 2833865.926985787693411, 2337582.757462391629815 ], [ 2833843.058761141262949, 2337541.725427599158138 ], [ 2833834.102465827018023, 2337532.995346972718835 ], [ 2833821.08625278621912, 2337527.386087542399764 ], [ 2833806.728598739020526, 2337527.646628849674016 ], [ 2833783.449139001779258, 2337533.665675049182028 ], [ 2833757.188784313388169, 2337530.100167366210371 ], [ 2833738.197227980010211, 2337525.345523237716407 ], [ 2833683.522099860478193, 2337506.344881775323302 ], [ 2833602.741927975323051, 2337484.428837183862925 ], [ 2833555.909403286408633, 2337472.375238602049649 ], [ 2833498.287870317697525, 2337458.278429525438696 ], [ 2833368.579712782520801, 2337424.160231037065387 ], [ 2833347.409475841093808, 2337410.303799207322299 ], [ 2833304.83039013389498, 2337372.987446677405387 ], [ 2833205.48062679823488, 2337316.522237500175834 ], [ 2833184.44172516092658, 2337306.083706066012383 ], [ 2833135.012492006178945, 2337277.442327578552067 ], [ 2833098.108301740605384, 2337255.227697554044425 ], [ 2833070.315961893647909, 2337242.393323772121221 ], [ 2833068.38636723998934, 2337260.151327013969421 ], [ 2833070.862991261295974, 2337273.880776351317763 ], [ 2833028.844247251283377, 2337264.724823789671063 ], [ 2833001.470395912881941, 2337259.376176939345896 ], [ 2833000.692309669684619, 2337256.125603852793574 ], [ 2832966.229521666653454, 2337249.848520614206791 ], [ 2832859.638650232926011, 2337283.623128168750554 ], [ 2832849.828287857584655, 2337317.226471982430667 ], [ 2832845.360475967638195, 2337330.117982828058302 ], [ 2832831.085776818916202, 2337339.331946501508355 ], [ 2832791.22140477783978, 2337342.045848501380533 ], [ 2832766.385790977161378, 2337341.564041971694678 ], [ 2832748.016612909268588, 2337339.410095968283713 ], [ 2832736.221340776886791, 2337341.769666954874992 ], [ 2832730.64017958752811, 2337352.878006156999618 ], [ 2832719.467244191095233, 2337357.838387587573379 ], [ 2832700.835265889763832, 2337348.848547090310603 ], [ 2832693.406579741276801, 2337350.459674891084433 ], [ 2832689.482589386403561, 2337355.926534863654524 ], [ 2832673.088143583852798, 2337367.759636487346143 ], [ 2832641.232798272743821, 2337395.327161659952253 ], [ 2832606.445099523756653, 2337407.774482750333846 ], [ 2832600.279235108755529, 2337393.490242019761354 ], [ 2832577.992322668433189, 2337415.131768198683858 ], [ 2832553.658311794511974, 2337431.089269337709993 ], [ 2832542.174151789397001, 2337434.749201357364655 ], [ 2832521.685412734746933, 2337435.214709545020014 ], [ 2832508.824953035451472, 2337430.255582359619439 ], [ 2832487.907159111462533, 2337405.978491130750626 ], [ 2832478.4009641809389, 2337386.344681100919843 ], [ 2832466.249192668590695, 2337355.65860019158572 ], [ 2832452.984128184616566, 2337323.18913783505559 ], [ 2832448.554247711319476, 2337313.288645766209811 ], [ 2832435.299609374254942, 2337298.075930207036436 ], [ 2832417.027340504806489, 2337284.851169379428029 ], [ 2832402.047238230705261, 2337282.511360372882336 ], [ 2832392.994103589095175, 2337284.852300392929465 ], [ 2832375.977114035747945, 2337294.085245870985091 ], [ 2832358.085330853238702, 2337311.138442606199533 ], [ 2832346.456111581064761, 2337331.405039267614484 ], [ 2832330.680851079523563, 2337383.120007544290274 ], [ 2832318.858070867136121, 2337425.528684452176094 ], [ 2832312.211859644390643, 2337429.318403241690248 ], [ 2832291.745190148241818, 2337536.993861864320934 ], [ 2832267.252968094311655, 2337645.986283140722662 ], [ 2832260.306069055572152, 2337665.732476837001741 ], [ 2832252.736784002278, 2337682.878182999789715 ], [ 2832221.083052027970552, 2337742.841914797201753 ], [ 2832205.992770346812904, 2337771.597950905561447 ], [ 2832198.399237361736596, 2337791.5114009026438 ], [ 2832191.331760014407337, 2337825.096426974982023 ], [ 2832186.968897843267769, 2337881.45518363174051 ], [ 2832183.470045786350965, 2337912.736741970293224 ], [ 2832177.996399563737214, 2337930.030965181067586 ], [ 2832171.098018583841622, 2337944.241750629618764 ], [ 2832162.259634427726269, 2337958.954152080230415 ], [ 2832152.643211155198514, 2337970.415872545447201 ], [ 2832140.77554115653038, 2337981.079023303929716 ], [ 2832125.515478198882192, 2337992.539038879331201 ], [ 2832063.631925077177584, 2338023.120501087978482 ], [ 2832026.317234119400382, 2338047.958577849436551 ], [ 2832009.850621031597257, 2338068.095649738330394 ], [ 2831998.40178649732843, 2338086.24490189505741 ], [ 2831990.73613573750481, 2338114.461802619043738 ], [ 2831987.82502853218466, 2338133.855017537251115 ], [ 2831990.165721725672483, 2338235.426760151982307 ], [ 2831995.076206339523196, 2338430.916997704189271 ], [ 2831997.242041951976717, 2338460.043561801780015 ], [ 2831998.107041549868882, 2338638.630551184527576 ], [ 2831994.560793082229793, 2338675.447856749873608 ], [ 2832042.62698514573276, 2338675.444349889177829 ], [ 2832026.003472674638033, 2338732.213038931135088 ], [ 2831990.820292828604579, 2338771.688963744789362 ], [ 2831966.175842561759055, 2338786.34706817753613 ], [ 2831934.022232810035348, 2338829.872467239852995 ], [ 2831930.33329442422837, 2338846.015037830453366 ], [ 2831940.257807494141161, 2338859.57753477524966 ], [ 2831911.422219272237271, 2338873.93881455482915 ], [ 2831870.947449401952326, 2338891.310134562663734 ], [ 2831814.223201668355614, 2338903.908840808551759 ], [ 2831766.264783196151257, 2338910.098246575333178 ], [ 2831728.604360266588628, 2338919.147704675327986 ], [ 2831710.965582909993827, 2338925.780671779997647 ], [ 2831655.510695229750127, 2338940.812876102048904 ], [ 2831633.549224927090108, 2338943.730925228912383 ], [ 2831627.106912462040782, 2338942.635524803772569 ], [ 2831610.29451534897089, 2338946.983562542591244 ], [ 2831583.267321418039501, 2338957.425410511903465 ], [ 2831558.456342273391783, 2338954.176718825474381 ], [ 2831518.798024860210717, 2338914.724715667776763 ], [ 2831460.352030136622488, 2338865.633540639188141 ], [ 2831415.065140272956342, 2338842.826137256808579 ], [ 2831404.611519982572645, 2338839.316110393963754 ], [ 2831358.240689735859632, 2338805.146249042823911 ], [ 2831324.40806317422539, 2338788.257723035756499 ], [ 2831308.936935192439705, 2338786.735678622499108 ], [ 2831280.724195248447359, 2338803.69785076007247 ], [ 2831265.8757718577981, 2338804.776563237421215 ], [ 2831250.008345092181116, 2338830.282548441551626 ], [ 2831240.116408783011138, 2338854.933598251082003 ], [ 2831224.448973565828055, 2338987.399724877439439 ], [ 2831209.656421636231244, 2339112.045495771337301 ], [ 2831201.894638831727207, 2339188.616164871025831 ], [ 2831198.133892099373043, 2339213.062512199860066 ], [ 2831186.241826278157532, 2339263.775896393693984 ], [ 2831176.661625546403229, 2339289.727331702131778 ], [ 2831154.567620938178152, 2339326.50982198305428 ], [ 2831140.533124063163996, 2339345.328558284789324 ], [ 2831116.260030521079898, 2339373.008992339484394 ], [ 2831091.41257697949186, 2339392.553318051621318 ], [ 2831010.392233912367374, 2339435.601324700750411 ], [ 2830999.219985685311258, 2339440.562150628305972 ], [ 2830959.464371722191572, 2339449.463943738490343 ], [ 2830942.138989546336234, 2339451.360840542707592 ], [ 2830916.775446468032897, 2339443.245017405599356 ], [ 2830896.538891460280865, 2339433.290292312391102 ], [ 2830864.244245870038867, 2339413.418978227302432 ], [ 2830847.025574996136129, 2339400.208525074645877 ], [ 2830802.796357426792383, 2339484.505769631359726 ], [ 2830817.838482528459281, 2339492.481235328130424 ], [ 2830835.717910984996706, 2339522.297663221135736 ], [ 2830848.480290964711457, 2339548.763533436693251 ], [ 2830857.939696687273681, 2339573.933194169774652 ], [ 2830871.957909661345184, 2339633.826665411237627 ], [ 2830880.857275992166251, 2339683.994003934320062 ], [ 2830900.806233800947666, 2339727.162737622391433 ], [ 2830921.940749407280236, 2339763.811279702931643 ], [ 2830953.636682220734656, 2339810.155281239189208 ], [ 2830965.551059962250292, 2339831.237979213707149 ], [ 2830973.741462677251548, 2339853.974142839666456 ], [ 2830984.051316937431693, 2339874.091057888232172 ], [ 2830997.797632328700274, 2339925.768443341366947 ], [ 2831000.240345646627247, 2339941.706419670023024 ], [ 2830998.539847095031291, 2339951.811790938489139 ], [ 2831007.065603034570813, 2339973.080742399208248 ], [ 2831027.55364724015817, 2340047.178528621792793 ], [ 2831050.652193389832973, 2340117.839546697214246 ], [ 2831070.637504651211202, 2340175.497552376240492 ], [ 2831089.07823183061555, 2340169.34710212610662 ], [ 2831102.884794170036912, 2340158.181270626373589 ], [ 2831114.45211292244494, 2340126.192229037638754 ], [ 2831130.150606732349843, 2340082.77836493588984 ], [ 2831131.563731235451996, 2340068.604792049620301 ], [ 2831139.57461496302858, 2340056.176592024974525 ], [ 2831152.758551779203117, 2340042.410412909928709 ], [ 2831175.641637665219605, 2340026.135587882250547 ], [ 2831195.701862636953592, 2340015.000371657777578 ], [ 2831214.534920424688607, 2340005.029398096725345 ], [ 2831261.295413337647915, 2339988.102024379186332 ], [ 2831296.572162698023021, 2339974.835419767536223 ], [ 2831315.863274571485817, 2339963.632257419172674 ], [ 2831320.233115870505571, 2339958.129050375893712 ], [ 2831327.172728174831718, 2339963.988624312449247 ], [ 2831414.44163653999567, 2339991.733346531633288 ], [ 2831409.076865102630109, 2340008.876399938948452 ], [ 2831408.904323123395443, 2340009.616198669187725 ], [ 2831408.905209711752832, 2340009.638602923136204 ], [ 2831408.897847587242723, 2340009.659374642185867 ], [ 2831406.980144956614822, 2340022.688997562043369 ], [ 2831404.317874873057008, 2340037.493788771796972 ], [ 2831404.318960843607783, 2340037.532624500337988 ], [ 2831404.304432234726846, 2340037.572302117943764 ], [ 2831403.774113218300045, 2340040.810386746190488 ], [ 2831403.77473791083321, 2340040.829992881044745 ], [ 2831403.767881761305034, 2340040.848943296354264 ], [ 2831403.712379863485694, 2340041.401697431690991 ], [ 2831402.803192754276097, 2340061.349110919516534 ], [ 2831402.828941057436168, 2340061.620771199930459 ], [ 2831402.815249660983682, 2340061.998705618549138 ], [ 2831404.08567588403821, 2340077.309737918898463 ], [ 2831404.206649616360664, 2340078.065026412717998 ], [ 2831404.469585471786559, 2340078.860964097082615 ], [ 2831411.074022526387125, 2340094.34082927275449 ], [ 2831411.301254794932902, 2340095.062728145625442 ], [ 2831411.320176596287638, 2340095.10010970570147 ], [ 2831411.368393374606967, 2340095.261199833825231 ], [ 2831414.58423525840044, 2340104.155883472878486 ], [ 2831421.600700587965548, 2340126.972911319695413 ], [ 2831424.909340645186603, 2340141.339500919915736 ], [ 2831426.683613777160645, 2340150.612044045235962 ], [ 2831425.728290781378746, 2340161.908238466829062 ], [ 2831423.246423856820911, 2340170.79702135687694 ], [ 2831418.368944808840752, 2340184.683395957574248 ], [ 2831409.373969253152609, 2340201.890124110970646 ], [ 2831409.067992526572198, 2340202.818564136978239 ], [ 2831408.879460847005248, 2340203.313268356025219 ], [ 2831406.281322598457336, 2340217.056065146811306 ], [ 2831397.719764662906528, 2340232.362651076167822 ], [ 2831397.69193302700296, 2340232.443305584602058 ], [ 2831397.64859483204782, 2340232.494387097656727 ], [ 2831390.981174450367689, 2340245.274861164856702 ], [ 2831379.031291922088712, 2340254.52421363722533 ], [ 2831377.775353632867336, 2340255.938325366470963 ], [ 2831377.311417340300977, 2340256.941594961099327 ], [ 2831373.541689034085721, 2340268.119022283703089 ], [ 2831373.334334251470864, 2340268.966176194138825 ], [ 2831373.411886507645249, 2340270.92391342530027 ], [ 2831373.53315248247236, 2340271.347141875885427 ], [ 2831374.976129304151982, 2340275.656566675752401 ], [ 2831375.149039375595748, 2340275.991706499829888 ], [ 2831375.339949103537947, 2340276.484147965908051 ], [ 2831380.873622232116759, 2340286.480972616933286 ], [ 2831386.097211802378297, 2340299.14733917452395 ], [ 2831390.491521849296987, 2340312.110544601455331 ], [ 2831390.508874919265509, 2340312.143945520278066 ], [ 2831390.541286392137408, 2340312.25051056407392 ], [ 2831395.627070005983114, 2340325.899646138772368 ], [ 2831401.893194642849267, 2340350.371256001293659 ], [ 2831404.445753089152277, 2340360.735016611404717 ], [ 2831406.460385495331138, 2340370.84802552126348 ], [ 2831406.464241996407509, 2340370.85666777100414 ], [ 2831406.464407722931355, 2340370.868022684007883 ], [ 2831407.22569528920576, 2340374.610182735603303 ], [ 2831408.645565554965287, 2340389.134260755963624 ], [ 2831406.404677458573133, 2340402.37763295462355 ], [ 2831406.405795087106526, 2340402.410566917620599 ], [ 2831406.39409088389948, 2340402.442913659382612 ], [ 2831406.344173389021307, 2340402.894103426486254 ], [ 2831405.441769331693649, 2340416.642368263565004 ], [ 2831404.197158584371209, 2340422.090226829051971 ], [ 2831403.382847890723497, 2340425.515709246974438 ], [ 2831403.3053805436939, 2340425.910368295386434 ], [ 2831403.270374645013362, 2340427.205604329705238 ], [ 2831404.429864650592208, 2340438.617357285693288 ], [ 2831404.542231692001224, 2340439.279895768035203 ], [ 2831404.93314138893038, 2340440.912279489450157 ], [ 2831406.574711876921356, 2340448.619683471042663 ], [ 2831406.599942605942488, 2340448.676234642975032 ], [ 2831406.602488384582102, 2340448.74275700096041 ], [ 2831407.192639225162566, 2340450.174078718293458 ], [ 2831414.857504761777818, 2340462.735478366725147 ], [ 2831415.081833346746862, 2340463.071317004971206 ], [ 2831416.428624191321433, 2340464.329269633628428 ], [ 2831426.056787812151015, 2340470.382673838175833 ], [ 2831427.756745218764991, 2340472.360687929671258 ], [ 2831427.919275195337832, 2340472.497986133210361 ], [ 2831428.238618089817464, 2340472.847742181271315 ], [ 2831435.015001772902906, 2340478.797688402235508 ], [ 2831443.838914428837597, 2340489.010918632149696 ], [ 2831454.039905403740704, 2340501.721607982181013 ], [ 2831454.106639702804387, 2340501.779971456620842 ], [ 2831454.405222740024328, 2340502.128162351436913 ], [ 2831462.940374857746065, 2340510.618537687696517 ], [ 2831468.314323027618229, 2340518.915937975049019 ], [ 2831468.405988569837064, 2340519.004680672194809 ], [ 2831468.468263857066631, 2340519.139700350351632 ], [ 2831468.857408763840795, 2340519.608960500452667 ], [ 2831471.605585118755698, 2340522.532724562101066 ], [ 2831478.025411715731025, 2340529.452556743752211 ], [ 2831486.121094604954123, 2340540.896136872004718 ], [ 2831486.146759447641671, 2340540.919976692646742 ], [ 2831486.162054570391774, 2340540.953146666754037 ], [ 2831486.430712584406137, 2340541.289566221646965 ], [ 2831492.564157859422266, 2340548.313669666647911 ], [ 2831493.722925263922662, 2340549.284808860626072 ], [ 2831494.195634408388287, 2340549.535066879820079 ], [ 2831501.36995068565011, 2340552.841595388948917 ], [ 2831512.304164712782949, 2340562.799868429079652 ], [ 2831513.072332230396569, 2340563.372157923877239 ], [ 2831513.120192720554769, 2340563.389166371896863 ], [ 2831513.156133071053773, 2340563.421381511725485 ], [ 2831531.754727941472083, 2340574.116068115457892 ], [ 2831531.777759741060436, 2340574.124026186298579 ], [ 2831531.793867530766875, 2340574.138341890648007 ], [ 2831534.562548770569265, 2340575.696452938951552 ], [ 2831534.571434793993831, 2340575.699493010528386 ], [ 2831534.577479303814471, 2340575.704886063933372 ], [ 2831548.477247083559632, 2340583.462600791826844 ], [ 2831559.104601482860744, 2340590.678802087437361 ], [ 2831559.200192480348051, 2340590.715689382981509 ], [ 2831559.289292494300753, 2340590.798093719407916 ], [ 2831559.854829449206591, 2340591.1459287609905 ], [ 2831575.678321928717196, 2340601.665409847628325 ], [ 2831575.69168374221772, 2340601.670472202822566 ], [ 2831575.70439372304827, 2340601.682567171286792 ], [ 2831580.823970336932689, 2340605.038773626554757 ], [ 2831589.488562033511698, 2340610.733598621562123 ], [ 2831599.454586936626583, 2340620.180626924615353 ], [ 2831599.612099385820329, 2340620.300449984148145 ], [ 2831599.719630273059011, 2340620.414227230008692 ], [ 2831602.006856556050479, 2340622.287578587420285 ], [ 2831609.952487012371421, 2340628.899565344210714 ], [ 2831609.989912561140954, 2340628.926119355950505 ], [ 2831610.007523948326707, 2340628.94463111134246 ], [ 2831611.626119047403336, 2340630.252169204410166 ], [ 2831612.174938851036131, 2340630.636222705245018 ], [ 2831613.998002050444484, 2340631.285099108237773 ], [ 2831614.490987196564674, 2340631.330550097394735 ], [ 2831618.50690605212003, 2340631.498219175264239 ], [ 2831624.755833723582327, 2340635.259481112938374 ], [ 2831625.080671923235059, 2340635.484003710560501 ], [ 2831636.000283293891698, 2340644.783932100981474 ], [ 2831636.646761909127235, 2340645.249017925467342 ], [ 2831636.688088643364608, 2340645.263773202430457 ], [ 2831636.719307837076485, 2340645.291876563802361 ], [ 2831648.4981495491229, 2340652.106706564780325 ], [ 2831648.579463395290077, 2340652.134837281890213 ], [ 2831649.392899601720273, 2340652.509918056428432 ], [ 2831656.216630865819752, 2340654.7914744974114 ], [ 2831658.34853124525398, 2340655.531806149985641 ], [ 2831662.52225236594677, 2340657.466276750899851 ], [ 2831663.882015555165708, 2340657.869262270163745 ], [ 2831663.994682260323316, 2340657.862953461240977 ], [ 2831670.826982297003269, 2340659.725332281552255 ], [ 2831671.418605716899037, 2340659.847976012155414 ], [ 2831671.61032534763217, 2340659.837277774233371 ], [ 2831671.76071751723066, 2340659.884914907626808 ], [ 2831681.828023110982031, 2340660.615236323792487 ], [ 2831687.987048162147403, 2340663.641721799504012 ], [ 2831693.193988510407507, 2340668.002379792742431 ], [ 2831693.809379622340202, 2340668.441371948458254 ], [ 2831694.3929887348786, 2340668.741051182150841 ], [ 2831702.631995934527367, 2340672.292161917313933 ], [ 2831707.242785806767642, 2340674.908787126187235 ], [ 2831708.577799833845347, 2340675.364718914963305 ], [ 2831708.925631059333682, 2340675.489757218398154 ], [ 2831710.770651650149375, 2340675.767312300391495 ], [ 2831710.897381449118257, 2340675.760549127589911 ], [ 2831711.006611000280827, 2340675.796857138164341 ], [ 2831714.603706763125956, 2340676.160482543520629 ], [ 2831718.020239210221916, 2340677.759433303494006 ], [ 2831718.159523446112871, 2340677.800983279477805 ], [ 2831718.419758239760995, 2340677.925173089839518 ], [ 2831726.607032595202327, 2340680.903528444003314 ], [ 2831727.583580574020743, 2340681.14834643388167 ], [ 2831728.55082424543798, 2340681.19085422437638 ], [ 2831739.034070512279868, 2340680.619246941525489 ], [ 2831739.099434836767614, 2340680.609042122028768 ], [ 2831739.157909014262259, 2340680.61088140681386 ], [ 2831751.868882157839835, 2340679.597196627873927 ], [ 2831752.110282081644982, 2340679.556613995227963 ], [ 2831752.222999203018844, 2340679.556090500205755 ], [ 2831767.824430071748793, 2340677.174721596762538 ], [ 2831768.030304422136396, 2340677.132445723284036 ], [ 2831768.067691501230001, 2340677.131356568541378 ], [ 2831772.944392065983266, 2340676.137110794894397 ], [ 2831779.728942962829024, 2340675.382729856297374 ], [ 2831785.828469942323864, 2340674.709846244659275 ], [ 2831802.76917268615216, 2340675.454239785205573 ], [ 2831802.857992140576243, 2340675.444799412041903 ], [ 2831803.071375578641891, 2340675.458170094527304 ], [ 2831807.91402243450284, 2340675.373816561885178 ], [ 2831807.944826476741582, 2340675.369568268768489 ], [ 2831807.987735038157552, 2340675.371935412287712 ], [ 2831814.384193130768836, 2340675.164559097960591 ], [ 2831815.46710258629173, 2340675.008688433561474 ], [ 2831815.591387643944472, 2340674.94880302855745 ], [ 2831836.968552531674504, 2340672.38887345045805 ], [ 2831836.971410802565515, 2340672.388448856770992 ], [ 2831846.994038670323789, 2340671.181338635738939 ], [ 2831865.267668445594609, 2340668.984024718869478 ], [ 2831879.420222785323858, 2340668.284906530752778 ], [ 2831880.362733498215675, 2340668.141061428934336 ], [ 2831880.39156180806458, 2340668.139515024609864 ], [ 2831882.115176887717098, 2340667.704254104290158 ], [ 2831886.087080455385149, 2340673.558748770039529 ], [ 2831886.145778561010957, 2340673.614322952926159 ], [ 2831886.182872756384313, 2340673.69491745904088 ], [ 2831886.496264352463186, 2340674.081860665697604 ], [ 2831891.052856745198369, 2340679.157066970597953 ], [ 2831891.129163981415331, 2340679.220174613874406 ], [ 2831891.276283334009349, 2340679.389995419420302 ], [ 2831901.056123597081751, 2340688.933889959473163 ], [ 2831901.109069222118706, 2340688.974868273362517 ], [ 2831901.162525209598243, 2340689.034762262366712 ], [ 2831905.525470883119851, 2340693.043673777487129 ], [ 2831905.752020091284066, 2340693.213204087223858 ], [ 2831905.86294879578054, 2340693.32676313444972 ], [ 2831911.72797693265602, 2340697.811274770647287 ], [ 2831916.3413006789051, 2340702.053643434774131 ], [ 2831927.331051918212324, 2340714.053925886750221 ], [ 2831938.823925032280385, 2340728.035056215710938 ], [ 2831938.846322412602603, 2340728.054415101651102 ], [ 2831938.942601328250021, 2340728.174026099033654 ], [ 2831949.203123323153704, 2340739.747943391092122 ], [ 2831955.176329342648387, 2340747.044881664216518 ], [ 2831981.242251994088292, 2340781.939025406260043 ], [ 2831981.340402813628316, 2340782.027896781452 ], [ 2831981.389342767186463, 2340782.126336703076959 ], [ 2831994.263676550239325, 2340797.720564268995076 ], [ 2832002.590216377284378, 2340809.019994060043246 ], [ 2832002.687044087797403, 2340809.108194190077484 ], [ 2832002.736784938722849, 2340809.209028093144298 ], [ 2832003.55759712588042, 2340810.216378906276077 ], [ 2832007.716557813808322, 2340816.256128798238933 ], [ 2832007.921062174718827, 2340816.448626443743706 ], [ 2832008.031457967124879, 2340816.66556638199836 ], [ 2832015.498827028088272, 2340825.382537898607552 ], [ 2832016.195300773251802, 2340825.971899187192321 ], [ 2832017.757461273111403, 2340827.749124888796359 ], [ 2832018.905538434628397, 2340828.70811696909368 ], [ 2832019.842147576622665, 2340829.143885109573603 ], [ 2832031.150812186300755, 2340833.008514479734004 ], [ 2832033.697936616837978, 2340834.034210752230138 ], [ 2832040.867570792324841, 2340837.594203886110336 ], [ 2832054.608721658587456, 2340845.161505722440779 ], [ 2832054.672018673270941, 2340845.182687007356435 ], [ 2832055.067611170932651, 2340845.383817452937365 ], [ 2832062.396806898061186, 2340848.470505750272423 ], [ 2832062.63930909242481, 2340848.537680368870497 ], [ 2832062.88139521703124, 2340848.644984037615359 ], [ 2832070.704623791854829, 2340851.00435123546049 ], [ 2832070.934839711524546, 2340851.055286523886025 ], [ 2832071.010290907695889, 2340851.085818919353187 ], [ 2832079.47575297113508, 2340853.051357144024223 ], [ 2832086.824602084234357, 2340855.533542599529028 ], [ 2832107.972284543327987, 2340866.019206001423299 ], [ 2832108.004643463529646, 2340866.029208441264927 ], [ 2832108.109549416229129, 2340866.08450984582305 ], [ 2832134.303031005896628, 2340878.06855328194797 ], [ 2832152.171610788442194, 2340891.331759130116552 ], [ 2832152.562757936306298, 2340891.593787577934563 ], [ 2832163.649864507839084, 2340898.267029062379152 ], [ 2832165.472830219194293, 2340898.915844435803592 ], [ 2832165.503651301842183, 2340898.914134631864727 ], [ 2832165.531747162342072, 2340898.924007067456841 ], [ 2832181.866923920344561, 2340901.0664775618352 ], [ 2832181.881705593317747, 2340901.065484297927469 ], [ 2832182.253481881227344, 2340901.1016417266801 ], [ 2832207.890625822357833, 2340902.419835502281785 ], [ 2832207.936113868840039, 2340902.415222137235105 ], [ 2832208.070067869033664, 2340902.425834978930652 ], [ 2832216.798813142813742, 2340902.556017311289907 ], [ 2832216.850001282524318, 2340902.549846240784973 ], [ 2832216.946142082102597, 2340902.555933625437319 ], [ 2832239.810858716256917, 2340902.213702009990811 ], [ 2832240.001008936204016, 2340902.18804661789909 ], [ 2832240.196817103307694, 2340902.192862925119698 ], [ 2832257.392060434445739, 2340900.586323084775358 ], [ 2832264.33715506689623, 2340899.966730313375592 ], [ 2832264.522420288994908, 2340899.93475680006668 ], [ 2832264.6111607151106, 2340899.934582526795566 ], [ 2832272.419066506437957, 2340898.79760220553726 ], [ 2832305.80606780666858, 2340895.995787948835641 ], [ 2832309.616295433137566, 2340896.69878803472966 ], [ 2832312.104748291894794, 2340900.493533972650766 ], [ 2832312.631513289175928, 2340901.897606925107539 ], [ 2832315.559738776646554, 2340910.23134994180873 ], [ 2832315.628311228007078, 2340911.625644688960165 ], [ 2832316.020934988744557, 2340913.136755113024265 ], [ 2832316.812052142806351, 2340914.810444886796176 ], [ 2832317.417277490720153, 2340915.495698612183332 ], [ 2832321.448880550451577, 2340919.280308227986097 ], [ 2832321.869326916523278, 2340919.598445936106145 ], [ 2832322.001934650354087, 2340919.728244495112449 ], [ 2832325.295347407460213, 2340922.01890736585483 ], [ 2832325.565119843464345, 2340922.125079882796854 ], [ 2832325.791954238433391, 2340922.321905458346009 ], [ 2832329.637635426595807, 2340924.363797624129802 ], [ 2832333.453378468286246, 2340927.709552596323192 ], [ 2832333.629645788110793, 2340927.838327576871961 ], [ 2832333.706267239991575, 2340927.916728260461241 ], [ 2832339.746938730124384, 2340932.535781688988209 ], [ 2832340.193679294548929, 2340932.839523064903915 ], [ 2832340.617879484780133, 2340933.067004286684096 ], [ 2832352.361330463550985, 2340938.637663038447499 ], [ 2832360.111744469031692, 2340942.958824973553419 ], [ 2832360.217757374979556, 2340942.994608540087938 ], [ 2832360.835165966302156, 2340943.287972395308316 ], [ 2832373.457264166325331, 2340947.827614261768758 ], [ 2832374.021016836166382, 2340947.967901890166104 ], [ 2832374.165369055233896, 2340948.023565960116684 ], [ 2832380.855335858650506, 2340949.342575607821345 ], [ 2832380.976416303310543, 2340949.338887413032353 ], [ 2832381.107029993087053, 2340949.385390360374004 ], [ 2832382.033238318283111, 2340949.430078675504774 ], [ 2832389.039221, 2340949.106397408526391 ], [ 2832389.631573948077857, 2340949.017166605684906 ], [ 2832389.799401009920985, 2340949.012191499583423 ], [ 2832396.161550267599523, 2340947.718001550529152 ], [ 2832396.274698839988559, 2340947.667080434970558 ], [ 2832396.416391478851438, 2340947.659190900623798 ], [ 2832397.223163581453264, 2340947.375154674984515 ], [ 2832412.304196343757212, 2340940.573123105801642 ], [ 2832419.220778100192547, 2340938.435283366125077 ], [ 2832424.209636395797133, 2340937.700619113165885 ], [ 2832430.166059693321586, 2340937.539063067641109 ], [ 2832430.527218512259424, 2340937.488024821504951 ], [ 2832430.756869531236589, 2340937.487424646504223 ], [ 2832438.810364035423845, 2340936.295397727750242 ], [ 2832444.323444344103336, 2340936.285504614934325 ], [ 2832455.92055213265121, 2340938.19210244435817 ], [ 2832455.970254960935563, 2340938.189763051923364 ], [ 2832456.019406670704484, 2340938.207246386446059 ], [ 2832456.468460944015533, 2340938.250831762794405 ], [ 2832463.437325455248356, 2340938.604111641645432 ], [ 2832469.22076566144824, 2340940.062274176161736 ], [ 2832476.074438347946852, 2340942.905276402831078 ], [ 2832485.022569222375751, 2340949.07862359052524 ], [ 2832485.210699772462249, 2340949.152252332307398 ], [ 2832485.378119117580354, 2340949.301971464883536 ], [ 2832495.267184033524245, 2340954.933286255225539 ], [ 2832499.969040403142571, 2340957.982549012638628 ], [ 2832500.043560574296862, 2340958.010508804116398 ], [ 2832500.107519409619272, 2340958.069181608967483 ], [ 2832500.619980229996145, 2340958.33744456153363 ], [ 2832505.261867462657392, 2340960.426831318531185 ], [ 2832516.927306601777673, 2340970.815244641620666 ], [ 2832515.300705012399703, 2340971.598788046278059 ], [ 2832513.982987221330404, 2340973.060032686684281 ], [ 2832513.311676042154431, 2340974.910350890364498 ], [ 2832513.389335822314024, 2340976.868079640902579 ], [ 2832514.203734354116023, 2340978.635280532762408 ], [ 2832515.631184607744217, 2340979.942869828548282 ], [ 2832517.535880946554244, 2340980.602778266184032 ], [ 2832533.488760699518025, 2340982.619557007215917 ], [ 2832539.347303479909897, 2340984.966811475344002 ], [ 2832545.019516413100064, 2340988.328842704184353 ], [ 2832549.133892623241991, 2340991.863409843761474 ], [ 2832549.207441451959312, 2340992.31433614436537 ], [ 2832549.159288004506379, 2340992.382669958751649 ], [ 2832548.488172610290349, 2340994.232951863668859 ], [ 2832548.437299817800522, 2340995.335018647368997 ], [ 2832548.840819944161922, 2341001.74283055961132 ], [ 2832548.969173175282776, 2341002.598627554718405 ], [ 2832549.783572474028915, 2341004.365829240065068 ], [ 2832550.149672659114003, 2341004.810573795344681 ], [ 2832555.444541814271361, 2341010.521713117603213 ], [ 2832556.165292834863067, 2341011.107630329206586 ], [ 2832556.363019496202469, 2341011.295177380554378 ], [ 2832561.549946454353631, 2341014.667361848521978 ], [ 2832561.626622925512493, 2341014.69614465534687 ], [ 2832561.692819972056895, 2341014.756743602454662 ], [ 2832562.401646348182112, 2341015.108099217526615 ], [ 2832568.175165115855634, 2341017.408492165151983 ], [ 2832568.663962239399552, 2341017.538895555771887 ], [ 2832568.898991549387574, 2341017.633472592104226 ], [ 2832575.129110135138035, 2341019.050790047738701 ], [ 2832575.519615104421973, 2341019.123148570302874 ], [ 2832575.569432243239135, 2341019.120279976166785 ], [ 2832575.614108188077807, 2341019.135741057805717 ], [ 2832587.670863359235227, 2341020.627674801275134 ], [ 2832587.722999759484082, 2341020.624175934121013 ], [ 2832588.358584955334663, 2341020.664122676011175 ], [ 2832611.797060969751328, 2341020.266560268588364 ], [ 2832618.890550576150417, 2341020.762924655340612 ], [ 2832625.838174658827484, 2341021.764638844877481 ], [ 2832632.516269683837891, 2341023.114232684019953 ], [ 2832638.505498541984707, 2341024.880365815479308 ], [ 2832664.350167429074645, 2341038.348358461633325 ], [ 2832690.282191481441259, 2341057.587160896044225 ], [ 2832690.67244361108169, 2341057.848647321108729 ], [ 2832690.803793037310243, 2341057.895320693030953 ], [ 2832690.895360553171486, 2341057.974935102276504 ], [ 2832716.476719746831805, 2341071.592480114195496 ], [ 2832730.798035483807325, 2341079.614531823433936 ], [ 2832730.888220529071987, 2341079.644995954819024 ], [ 2832731.477112258318812, 2341079.928976318333298 ], [ 2832738.893430246040225, 2341082.693446687888354 ], [ 2832739.334285398479551, 2341082.80573893757537 ], [ 2832739.518562099896371, 2341082.879874935373664 ], [ 2832747.226335515268147, 2341084.628312449902296 ], [ 2832747.613787051290274, 2341084.699913030490279 ], [ 2832748.032674691639841, 2341084.741837186738849 ], [ 2832755.339073158800602, 2341085.157246286049485 ], [ 2832755.581803721375763, 2341085.133197004906833 ], [ 2832756.053622843697667, 2341085.14596048835665 ], [ 2832764.24875929672271, 2341084.421859876252711 ], [ 2832764.601244818419218, 2341084.361137025523931 ], [ 2832764.711856436915696, 2341084.358868796378374 ], [ 2832773.061484590172768, 2341082.819611764512956 ], [ 2832773.134995874017477, 2341082.787272344809026 ], [ 2832773.240364000666887, 2341082.783224723767489 ], [ 2832789.843255264684558, 2341079.088731094729155 ], [ 2832790.017290604766458, 2341079.008507181890309 ], [ 2832790.203769988846034, 2341078.99420366063714 ], [ 2832796.376174742355943, 2341077.128517154604197 ], [ 2832808.359322789125144, 2341074.689597551245242 ], [ 2832823.890474091749638, 2341073.844930227845907 ], [ 2832822.859882798511535, 2341101.288666644133627 ], [ 2832822.491574098821729, 2341121.786409246735275 ], [ 2832804.642807349562645, 2341126.480702496599406 ], [ 2832799.985397918149829, 2341144.459849424660206 ], [ 2832808.280065127182752, 2341153.822565854061395 ], [ 2832803.764151159673929, 2341175.471073172055185 ], [ 2832804.796269311569631, 2341187.882572446484119 ], [ 2832808.094974037725478, 2341201.658332895953208 ], [ 2832811.140091448556632, 2341218.425454590003937 ], [ 2832804.864779705181718, 2341232.726885604206473 ], [ 2832790.36895244801417, 2341249.154351099394262 ], [ 2832766.705233293585479, 2341271.8540780977346 ], [ 2832749.854816437233239, 2341292.869719898328185 ], [ 2832743.734999425243586, 2341293.399322571232915 ], [ 2832717.331035435199738, 2341316.807774607092142 ], [ 2832696.035138468258083, 2341329.142563977278769 ], [ 2832672.438935735728592, 2341344.022918523289263 ], [ 2832666.958461965434253, 2341345.440414298791438 ], [ 2832647.269578312523663, 2341356.384237775579095 ], [ 2832639.201262104324996, 2341367.248407436534762 ], [ 2832628.154575135558844, 2341370.534687836654484 ], [ 2832594.507697929162532, 2341349.27693648589775 ], [ 2832567.446686982642859, 2341338.994332512840629 ], [ 2832472.959255740512162, 2341357.581105124205351 ], [ 2832469.406819211319089, 2341346.796643946319818 ], [ 2832468.814604958053678, 2341336.221899265889078 ], [ 2832462.149419948458672, 2341316.489881805609912 ], [ 2832454.283569945022464, 2341303.895299950614572 ], [ 2832449.851440940052271, 2341289.43740757368505 ], [ 2832432.51284667244181, 2341265.639026780612767 ], [ 2832420.486146146897227, 2341259.972369073424488 ], [ 2832408.899175136815757, 2341256.142301059793681 ], [ 2832389.345056188292801, 2341251.447117952164263 ], [ 2832369.470005164388567, 2341257.56300485227257 ], [ 2832359.135144466534257, 2341267.062866147607565 ], [ 2832345.480729474686086, 2341269.187351128086448 ], [ 2832342.317739371210337, 2341268.187085416167974 ], [ 2832337.924632837995887, 2341266.733208977151662 ], [ 2832329.175712261814624, 2341262.643953766208142 ], [ 2832315.793401920702308, 2341246.816484566777945 ], [ 2832310.882454728707671, 2341237.753218650817871 ], [ 2832306.006857467349619, 2341205.947728438302875 ], [ 2832302.852438415400684, 2341198.496919942088425 ], [ 2832252.20426809322089, 2341192.996887352783233 ], [ 2832209.967497274279594, 2341182.565602876245975 ], [ 2832205.474996433127671, 2341180.972065161447972 ], [ 2832205.211904867552221, 2341174.151186988689005 ], [ 2832193.717612428590655, 2341163.346457875333726 ], [ 2832154.276209663134068, 2341127.392147229984403 ], [ 2832130.46315978653729, 2341108.06248322641477 ], [ 2832127.643221948295832, 2341099.147357813082635 ], [ 2832132.697010987438262, 2341091.640168554149568 ], [ 2832145.517181156203151, 2341079.368806569837034 ], [ 2832125.539922929834574, 2341081.780350090470165 ], [ 2832108.764923118054867, 2341086.119140677154064 ], [ 2832083.889322607312351, 2341096.686609207652509 ], [ 2832068.715203205589205, 2341101.988977167289704 ], [ 2832060.196268004365265, 2341100.747924787923694 ], [ 2832053.194477923214436, 2341091.536656471900642 ], [ 2832050.446135818958282, 2341074.336393730714917 ], [ 2832060.194699946325272, 2341026.348446295596659 ], [ 2832072.178156641311944, 2340999.137833105400205 ], [ 2832081.532995508983731, 2340978.118252475745976 ], [ 2832081.007061359472573, 2340964.476571900304407 ], [ 2832073.384000478312373, 2340952.670455479994416 ], [ 2832067.935638967435807, 2340949.946331392042339 ], [ 2832059.058175781741738, 2340952.931257321499288 ], [ 2832047.062477587722242, 2340962.922771932091564 ], [ 2832037.092908833175898, 2340972.155271233059466 ], [ 2832019.684897175058722, 2340993.879863754846156 ], [ 2831994.152469590771943, 2341024.594854057300836 ], [ 2831982.933520853985101, 2341037.829952047206461 ], [ 2831965.907828743103892, 2341052.566994410473853 ], [ 2831935.201589139644057, 2341067.397996941581368 ], [ 2831908.414142793510109, 2341075.704379078000784 ], [ 2831892.953367976471782, 2341076.947691657580435 ], [ 2831878.627525291405618, 2341077.20865319063887 ], [ 2831855.323945160023868, 2341067.828755455091596 ], [ 2831835.016718196682632, 2341058.177362056449056 ], [ 2831820.607147657778114, 2341049.504462371114641 ], [ 2831807.714892088901252, 2341032.861212744377553 ], [ 2831786.733435123227537, 2341002.465817487798631 ], [ 2831767.747544119600207, 2340983.265381062403321 ], [ 2831741.198540727142245, 2340963.954564209561795 ], [ 2831723.049393192864954, 2340959.693369747605175 ], [ 2831701.805555911269039, 2340959.676935088820755 ], [ 2831696.309663626831025, 2340962.476241743192077 ], [ 2831683.70487792417407, 2340987.092205870896578 ], [ 2831677.874394985847175, 2340991.355667701456696 ], [ 2831673.334178988821805, 2340995.285605856217444 ], [ 2831661.565304459072649, 2340997.640734112821519 ], [ 2831637.633282469585538, 2340992.119734805542976 ], [ 2831602.446026663761586, 2340985.376583595760167 ], [ 2831548.638542481232435, 2340977.676988947205245 ], [ 2831501.532538647763431, 2340967.389307933859527 ], [ 2831456.536000851076096, 2340959.739066563080996 ], [ 2831430.357762064784765, 2340953.421233474742621 ], [ 2831412.853714382275939, 2340948.993196663446724 ], [ 2831402.112417977303267, 2340944.193717758636922 ], [ 2831376.376355951651931, 2340942.583820017986 ], [ 2831349.146844757255167, 2340946.182588442228734 ], [ 2831319.194418642669916, 2341004.219286968931556 ], [ 2831306.972006211988628, 2341021.847561488859355 ], [ 2831289.277492098510265, 2341039.51349651766941 ], [ 2831277.544772921130061, 2341056.326097712852061 ], [ 2831262.741660364437848, 2341074.621897528413683 ], [ 2831229.635088413953781, 2341125.208017264027148 ], [ 2831212.693384127691388, 2341148.879374783486128 ], [ 2831181.97622475028038, 2341183.691777036525309 ], [ 2831170.828808750025928, 2341188.641942109912634 ], [ 2831164.866837553214282, 2341189.495229298714548 ], [ 2831170.23242581775412, 2341220.485457904171199 ], [ 2831175.98019022680819, 2341244.487923829350621 ], [ 2831181.978486040607095, 2341258.092103271279484 ], [ 2831206.49684833176434, 2341288.950591468252242 ], [ 2831240.239226749166846, 2341332.578626827802509 ], [ 2831267.350983890704811, 2341379.988702793605626 ], [ 2831296.039918273687363, 2341431.124038054607809 ], [ 2831331.420122662559152, 2341490.173194183502346 ], [ 2831352.975840753875673, 2341528.687052605673671 ], [ 2831370.768068947829306, 2341574.374276305548847 ], [ 2831376.50495535787195, 2341618.357672995887697 ], [ 2831386.231821395456791, 2341647.530971700325608 ], [ 2831403.832498542964458, 2341678.112082247622311 ], [ 2831424.874742563813925, 2341720.203215728513896 ], [ 2831451.915478993207216, 2341775.898391852620989 ], [ 2831476.984321175143123, 2341817.636818816419691 ], [ 2831494.740511087700725, 2341848.866702799219638 ], [ 2831530.837776180356741, 2341899.463652295991778 ], [ 2831557.734417026862502, 2341934.529156018979847 ], [ 2831575.382876033894718, 2341959.586818502750248 ], [ 2831603.116565451957285, 2342009.591724810190499 ], [ 2831626.047346732579172, 2342056.705544697120786 ], [ 2831652.3009182671085, 2342129.138112511485815 ], [ 2831656.363955160602927, 2342143.242900876328349 ], [ 2831664.406020440626889, 2342162.518591813743114 ], [ 2831690.299495121929795, 2342201.977122354321182 ], [ 2831703.813885158859193, 2342221.215178928337991 ], [ 2831719.395238374359906, 2342243.36290293559432 ], [ 2831735.203249693382531, 2342257.874219342600554 ], [ 2831748.143534199334681, 2342268.993854597210884 ], [ 2831756.256830944679677, 2342279.98433550586924 ], [ 2831774.753545999526978, 2342300.000117871910334 ], [ 2831785.339564220048487, 2342304.150875215884298 ], [ 2831794.81455694604665, 2342306.522256803233176 ], [ 2831812.163292173296213, 2342310.301532491575927 ], [ 2831820.03711586073041, 2342311.70930936280638 ], [ 2831821.519475215580314, 2342326.481709984596819 ], [ 2831814.901583578903228, 2342347.48281340720132 ], [ 2831805.571320296265185, 2342365.741065436974168 ], [ 2831801.605342838447541, 2342377.789346197620034 ], [ 2831793.759340616874397, 2342388.668330000713468 ], [ 2836673.713330000638962, 2342388.668330000713468 ], [ 2836673.713330000638962, 2337373.288104007951915 ], [ 2836673.124295315239578, 2337373.571760489139706 ] ] ], [ [ [ 2831680.106157274451107, 2342376.839596736244857 ], [ 2831612.347041228786111, 2342339.943656401708722 ], [ 2831556.919737923890352, 2342328.791984069626778 ], [ 2831539.212894272990525, 2342329.238844028674066 ], [ 2831486.653273768723011, 2342321.478838027454913 ], [ 2831469.196843995712698, 2342311.527588629163802 ], [ 2831446.757873615249991, 2342300.798215391580015 ], [ 2831423.136452636215836, 2342296.57496580760926 ], [ 2831392.502338235266507, 2342303.121632945723832 ], [ 2831373.015285688452423, 2342304.71792756812647 ], [ 2831353.170187388546765, 2342310.540464685298502 ], [ 2831341.401484625414014, 2342312.895860834978521 ], [ 2831299.512339905370027, 2342318.220539901871234 ], [ 2831259.092615237925202, 2342321.098423849791288 ], [ 2831252.485496543347836, 2342322.118577939458191 ], [ 2831256.78355713468045, 2342388.668330000713468 ], [ 2831700.911871220450848, 2342388.668330000713468 ], [ 2831680.106157274451107, 2342376.839596736244857 ] ] ] ] } },
{ "type": "Feature", "properties": { "SITE_NAME": "Serra do Cando", "ODESIGNATE": "Espacio Protegido Red Natura 2000", "NUT2": 11, "SITE_CODE_": "ES114017", "DESIG_ABBR": "ES96", "SITE_CDDA": "349433_CDDA", "Sup_ha": 5484.4098577900004 }, "geometry": { "type": "Polygon", "coordinates": [ [ [ 2825593.544020433910191, 2342379.980930412653834 ], [ 2825593.503349892795086, 2342379.903743785806 ], [ 2825593.437621163669974, 2342379.690684399567544 ], [ 2825589.508413035422564, 2342369.36311840871349 ], [ 2825588.229733149521053, 2342359.921394558623433 ], [ 2825588.248246105387807, 2342359.092937225475907 ], [ 2825591.390727801248431, 2342355.807430906221271 ], [ 2825614.998155815526843, 2342340.539469455368817 ], [ 2825619.017237697727978, 2342336.380348262377083 ], [ 2825620.694898947142065, 2342331.753779295831919 ], [ 2825620.500704465899616, 2342326.859003335237503 ], [ 2825618.464375814422965, 2342322.440872753504664 ], [ 2825614.895810440182686, 2342319.172185343224555 ], [ 2825610.338344891555607, 2342317.550269562751055 ], [ 2825605.485819634981453, 2342317.822502091061324 ], [ 2825601.802001540549099, 2342319.441562500782311 ], [ 2825576.939661018550396, 2342335.521305967122316 ], [ 2825576.657408521976322, 2342335.813423801213503 ], [ 2825576.214662381913513, 2342336.026746234390885 ], [ 2825575.146832047961652, 2342336.97412579972297 ], [ 2825557.462491513695568, 2342324.648258144035935 ], [ 2825545.363797084894031, 2342309.723871138878167 ], [ 2825539.097494153305888, 2342293.400793408975005 ], [ 2825538.136034042574465, 2342278.391240737400949 ], [ 2825538.427988134324551, 2342277.870844104792923 ], [ 2825549.467747449874878, 2342259.118824537377805 ], [ 2825549.481552832759917, 2342259.080294443294406 ], [ 2825549.507168486714363, 2342259.051482143811882 ], [ 2825551.77787664718926, 2342255.140385641716421 ], [ 2825569.885336718522012, 2342236.990086247678846 ], [ 2825569.907735157757998, 2342236.96135844476521 ], [ 2825569.952961679548025, 2342236.921715273056179 ], [ 2825577.119497705250978, 2342229.629368639085442 ], [ 2825577.291795512195677, 2342229.406711796298623 ], [ 2825577.549567336216569, 2342229.16972971521318 ], [ 2825589.596692328341305, 2342215.641779594123363 ], [ 2825589.614241764880717, 2342215.617909844499081 ], [ 2825589.634111786726862, 2342215.599508614744991 ], [ 2825596.103216235060245, 2342208.270677408203483 ], [ 2825596.171389600262046, 2342208.177604521624744 ], [ 2825596.239979325328022, 2342208.113223758526146 ], [ 2825613.470541317947209, 2342187.940521019976586 ], [ 2825614.71549816429615, 2342186.210790198296309 ], [ 2825615.951351698487997, 2342183.468406551517546 ], [ 2825622.114346052519977, 2342163.958044660743326 ], [ 2825622.556102496571839, 2342162.074076617136598 ], [ 2825622.693867672234774, 2342160.714043689891696 ], [ 2825623.540454898495227, 2342142.786245742347091 ], [ 2825623.208608128130436, 2342139.251487638335675 ], [ 2825622.3620351459831, 2342136.840433246921748 ], [ 2825613.439977464266121, 2342117.915606586262584 ], [ 2825612.249972501304001, 2342115.908785469830036 ], [ 2825612.159228682983667, 2342115.825576336123049 ], [ 2825612.108849392272532, 2342115.719071711879224 ], [ 2825582.070224149152637, 2342076.145945722702891 ], [ 2825581.777493345551193, 2342075.882915582042187 ], [ 2825581.638845678884536, 2342075.609489130787551 ], [ 2825564.375599513296038, 2342055.33895463263616 ], [ 2825564.236472717951983, 2342055.220947791822255 ], [ 2825563.836092137731612, 2342054.745975119993091 ], [ 2825552.172033148817718, 2342042.741112568415701 ], [ 2825553.917036697734147, 2342026.936490939930081 ], [ 2825561.975464087445289, 2342020.599060198757797 ], [ 2825565.038921792060137, 2342017.12246778421104 ], [ 2825565.147229642607272, 2342016.823871640488505 ], [ 2825565.330097636673599, 2342016.611364640761167 ], [ 2825569.695267568342388, 2342008.524414493702352 ], [ 2825571.081713701598346, 2342004.409167003817856 ], [ 2825571.220683244057, 2342003.022889343556017 ], [ 2825572.145662158261985, 2341982.540777074173093 ], [ 2825575.230811848305166, 2341972.889943592250347 ], [ 2825575.570235487539321, 2341971.453822544775903 ], [ 2825575.629735786933452, 2341971.296271025203168 ], [ 2825578.568398007191718, 2341955.235843296162784 ], [ 2825578.564024385996163, 2341955.070644054561853 ], [ 2825578.624730549752712, 2341954.903314666822553 ], [ 2825578.430679818615317, 2341950.00862598605454 ], [ 2825578.023408562410623, 2341948.652443018741906 ], [ 2825574.796209846157581, 2341939.770121057983488 ], [ 2825574.695458389353007, 2341939.580898453481495 ], [ 2825574.560725579038262, 2341939.170937884133309 ], [ 2825568.568003444932401, 2341925.008517498616129 ], [ 2825568.344481409527361, 2341924.613594716880471 ], [ 2825568.194822889752686, 2341924.207400813233107 ], [ 2825556.178189327009022, 2341900.645937615074217 ], [ 2825555.157707227393985, 2341898.984218782745302 ], [ 2825554.959116891492158, 2341898.802349000237882 ], [ 2825554.85288642719388, 2341898.583740703295916 ], [ 2825548.861413495615125, 2341891.037102386821061 ], [ 2825548.834117217920721, 2341891.013159596826881 ], [ 2825548.821273517794907, 2341890.986858907621354 ], [ 2825544.206245434936136, 2341885.236007748171687 ], [ 2825526.617679209448397, 2341855.319295895285904 ], [ 2825526.013639487326145, 2341854.398675141856074 ], [ 2825526.002887004986405, 2341854.375242168083787 ], [ 2825516.861932259518653, 2341841.652908973395824 ], [ 2825503.483145629055798, 2341822.997905457392335 ], [ 2825503.297982928808779, 2341822.826980603858829 ], [ 2825503.195020053070039, 2341822.612243367359042 ], [ 2825485.152154988609254, 2341799.43033748678863 ], [ 2825477.285507292486727, 2341787.69666059827432 ], [ 2825477.116646129637957, 2341787.53574435506016 ], [ 2825477.007928882725537, 2341787.299703058321029 ], [ 2825476.060609054751694, 2341786.153425297699869 ], [ 2825458.743592211976647, 2341767.618697344325483 ], [ 2825440.113424648996443, 2341747.635686870664358 ], [ 2825440.107005008496344, 2341747.630465347785503 ], [ 2825440.094997490756214, 2341747.615904443431646 ], [ 2825428.671550575643778, 2341735.417025186121464 ], [ 2825427.941146977245808, 2341734.636797259096056 ], [ 2825425.327621704898775, 2341732.522445435635746 ], [ 2825420.770283261314034, 2341730.900633412413299 ], [ 2825417.165232845116407, 2341730.917215867433697 ], [ 2825408.833151767030358, 2341732.184447234962136 ], [ 2825407.585673536173999, 2341732.440117671154439 ], [ 2825403.17667436785996, 2341734.564866178669035 ], [ 2825402.33020119741559, 2341735.258490692358464 ], [ 2825392.676887282170355, 2341743.886939291842282 ], [ 2825390.229329456575215, 2341746.846887075807899 ], [ 2825389.444231654051691, 2341748.378237310796976 ], [ 2825385.169469950720668, 2341758.302541605196893 ], [ 2825384.276853416115046, 2341761.397659569513053 ], [ 2825384.297788599506021, 2341761.925770024769008 ], [ 2825384.166189521551132, 2341762.335396732203662 ], [ 2825383.706123922951519, 2341768.038814325816929 ], [ 2825380.82407224085182, 2341786.095703896135092 ], [ 2825380.835571772884578, 2341786.400079098530114 ], [ 2825380.746687412261963, 2341786.661753097549081 ], [ 2825378.726582068949938, 2341804.389250033069402 ], [ 2825374.974012292455882, 2341827.378087794873863 ], [ 2825371.916308928281069, 2341835.003649793565273 ], [ 2825369.321905625518411, 2341833.058185700327158 ], [ 2825363.000787407159805, 2341821.673281089868397 ], [ 2825362.184849848039448, 2341820.395550383720547 ], [ 2825360.091038011014462, 2341818.170905615203083 ], [ 2825350.443091241642833, 2341810.203375903423876 ], [ 2825342.666014389600605, 2341800.248266257345676 ], [ 2825339.342765885405242, 2341797.304237302858382 ], [ 2825339.302636000327766, 2341797.289978548884392 ], [ 2825339.271598772145808, 2341797.26174401352182 ], [ 2825332.957759332377464, 2341793.520268990192562 ], [ 2825328.471415919717401, 2341791.941091893240809 ], [ 2825323.618865666911006, 2341792.213154776953161 ], [ 2825323.330787742510438, 2341792.352032088674605 ], [ 2825323.051757804118097, 2341792.374370560050011 ], [ 2825308.24628034606576, 2341796.960610641166568 ], [ 2825304.404419494327158, 2341798.924249204806983 ], [ 2825303.001673085615039, 2341800.145803211722523 ], [ 2825294.395342568866909, 2341808.821273574139923 ], [ 2825281.997863385360688, 2341817.621023988351226 ], [ 2825281.792771541513503, 2341817.842607815284282 ], [ 2825281.519146176055074, 2341817.977907548192888 ], [ 2825281.074526220094413, 2341818.326068801805377 ], [ 2825278.693970711901784, 2341817.569013708736748 ], [ 2825276.724655753932893, 2341817.118007342796773 ], [ 2825273.481678494252264, 2341817.299968751147389 ], [ 2825272.987170226871967, 2341816.894899175036699 ], [ 2825271.550898949615657, 2341815.882429122924805 ], [ 2825266.993524081073701, 2341814.26094280090183 ], [ 2825262.14098069164902, 2341814.533010767307132 ], [ 2825259.414793778210878, 2341815.846846574451774 ], [ 2825258.97583744674921, 2341815.651932532899082 ], [ 2825134.764113954734057, 2341863.541296248789877 ], [ 2825120.874678655527532, 2341857.296879560686648 ], [ 2825101.752903747372329, 2341853.718398164026439 ], [ 2825081.721253259107471, 2341849.06350573617965 ], [ 2825059.254956346005201, 2341842.415033778175712 ], [ 2825044.831559478770941, 2341844.836122183129191 ], [ 2825031.65924279903993, 2341844.309517141897231 ], [ 2825017.621927397325635, 2341837.447268847376108 ], [ 2825005.938764160964638, 2341824.072399080730975 ], [ 2825001.38828172441572, 2341818.690516624599695 ], [ 2824984.450367151759565, 2341810.611306665465236 ], [ 2824946.104118758346885, 2341797.577522496692836 ], [ 2824914.572103078477085, 2341793.931182148866355 ], [ 2824898.158199889585376, 2341796.211621144320816 ], [ 2824881.300345616415143, 2341796.638840339612216 ], [ 2824872.302439722232521, 2341791.752284065820277 ], [ 2824859.094781802035868, 2341777.459936612285674 ], [ 2824850.711195564828813, 2341772.414341666735709 ], [ 2824836.014418216887861, 2341770.970369257032871 ], [ 2824807.405844266526401, 2341765.911681562662125 ], [ 2824798.555804453790188, 2341761.642700430937111 ], [ 2824778.08035202883184, 2341755.134994805790484 ], [ 2824769.275194916408509, 2341745.606792490463704 ], [ 2824763.441514763049781, 2341764.827191241085529 ], [ 2824764.602160668000579, 2341772.398168372455984 ], [ 2824770.483861518092453, 2341783.338900458998978 ], [ 2824769.085318043362349, 2341799.030683496035635 ], [ 2824751.982110843528062, 2341850.442466058768332 ], [ 2824741.85156622575596, 2341906.196334968786687 ], [ 2824803.033233718946576, 2341990.065824458375573 ], [ 2824779.394916892517358, 2342057.997017227113247 ], [ 2824777.53717037755996, 2342068.818905538879335 ], [ 2824779.711183614097536, 2342083.343323145061731 ], [ 2824774.388730016537011, 2342096.52793695917353 ], [ 2824754.45986507833004, 2342097.750215352512896 ], [ 2824705.067165641114116, 2342068.553121055476367 ], [ 2824691.724346722941846, 2342070.0385005120188 ], [ 2824638.581804757472128, 2342085.104889480397105 ], [ 2824602.193968381732702, 2342093.866839714348316 ], [ 2824563.940977739635855, 2342105.735332105308771 ], [ 2824505.826631546020508, 2342110.937448851298541 ], [ 2824471.815455446951091, 2342110.557004127185792 ], [ 2824430.102305359207094, 2342097.083050127606839 ], [ 2824423.162330914288759, 2342084.448368262965232 ], [ 2824402.001998892519623, 2342050.568008388392627 ], [ 2824386.485380083788186, 2342037.529344885610044 ], [ 2824327.802001446951181, 2342037.631216503679752 ], [ 2824303.081645552068949, 2342007.952002247795463 ], [ 2824259.902059951797128, 2342004.697152457665652 ], [ 2824221.031722074840218, 2341981.304137080907822 ], [ 2824196.47207669634372, 2341968.638183482456952 ], [ 2824174.597715429961681, 2341964.46058350102976 ], [ 2824147.684067551977932, 2341958.307503910269588 ], [ 2824142.416476840153337, 2341947.207825284916908 ], [ 2824123.70884885918349, 2341938.802102020010352 ], [ 2824094.480642863549292, 2341926.81720179785043 ], [ 2824075.507012231741101, 2341923.856746336445212 ], [ 2824053.677729215472937, 2341914.419936341699213 ], [ 2824038.923363396897912, 2341901.839892905671149 ], [ 2824006.060427005868405, 2341892.635045999195427 ], [ 2823973.400112672708929, 2341859.763260846026242 ], [ 2823983.546324434690177, 2341855.825297694653273 ], [ 2824014.849662899505347, 2341850.346797816455364 ], [ 2824045.243087405338883, 2341843.792130863759667 ], [ 2824035.003758882638067, 2341822.827908266335726 ], [ 2824035.389700314030051, 2341813.544788774102926 ], [ 2824010.318924674764276, 2341806.914648900274187 ], [ 2823990.60544546879828, 2341800.865930098108947 ], [ 2823984.974559811875224, 2341796.419747760519385 ], [ 2823979.784487830009311, 2341758.405821448192 ], [ 2823965.576729183550924, 2341753.555874347686768 ], [ 2823954.038753100670874, 2341705.377802733331919 ], [ 2823901.179340410977602, 2341705.28415309637785 ], [ 2823844.338812284171581, 2341704.909488551318645 ], [ 2823817.209656963124871, 2341706.027747911401093 ], [ 2823789.887505230493844, 2341711.787635623943061 ], [ 2823780.953780550975353, 2341707.77560365293175 ], [ 2823754.498256134334952, 2341644.574846954550594 ], [ 2823751.160043196752667, 2341636.405716171488166 ], [ 2823713.09433707781136, 2341554.556433582212776 ], [ 2823709.042683970183134, 2341526.743106354027987 ], [ 2823706.483017547056079, 2341521.502151288092136 ], [ 2823734.780191998928785, 2341473.508814302738756 ], [ 2823773.564680187031627, 2341417.553619223181158 ], [ 2823802.21299483673647, 2341346.511208740994334 ], [ 2823815.427944868803024, 2341306.357638360932469 ], [ 2823821.114048954099417, 2341286.519270814955235 ], [ 2823822.146990882232785, 2341255.422238984145224 ], [ 2823818.185947900637984, 2341217.090382457245141 ], [ 2823825.930538308341056, 2341189.503842563834041 ], [ 2823825.928254004567862, 2341154.08316851593554 ], [ 2823822.957472359761596, 2341125.334319032263011 ], [ 2823794.161793572828174, 2341035.050760878250003 ], [ 2823775.639921304304153, 2340979.497289061080664 ], [ 2823768.983990053646266, 2340951.702269823290408 ], [ 2823766.94601737940684, 2340921.400260160677135 ], [ 2823773.404753214679658, 2340882.995462521445006 ], [ 2823772.40245066024363, 2340857.016934406012297 ], [ 2823764.402952597476542, 2340807.267424724064767 ], [ 2823758.552564844954759, 2340739.25132639426738 ], [ 2823750.703142155427486, 2340725.540092270355672 ], [ 2823737.029627721756697, 2340712.024465261958539 ], [ 2823720.899422456976026, 2340699.144660227000713 ], [ 2823672.951852442231029, 2340662.358448881655931 ], [ 2823655.445140260271728, 2340649.178829433396459 ], [ 2823645.41194411367178, 2340639.968614207580686 ], [ 2823616.643517176620662, 2340617.896793085616082 ], [ 2823602.503677003085613, 2340605.157802258618176 ], [ 2823592.004209355916828, 2340596.724076244048774 ], [ 2823580.276308762375265, 2340588.60833190754056 ], [ 2823576.533507910557091, 2340578.426132243592292 ], [ 2823579.547192427329719, 2340566.494979603681713 ], [ 2823588.259572754614055, 2340551.120953583624214 ], [ 2823592.376637976616621, 2340535.624714925885201 ], [ 2823593.057085314765573, 2340492.156055833213031 ], [ 2823592.999707095324993, 2340481.01990361418575 ], [ 2823591.395371896680444, 2340471.595878878608346 ], [ 2823588.244127879850566, 2340463.884277588687837 ], [ 2823561.05588401388377, 2340418.445421012118459 ], [ 2823547.714978772681206, 2340387.813039446249604 ], [ 2823543.888702865689993, 2340365.821276724338531 ], [ 2823542.966519590932876, 2340348.349339407868683 ], [ 2823539.655395181849599, 2340323.624485284555703 ], [ 2823536.582749693654478, 2340288.998776771128178 ], [ 2823538.015060473233461, 2340265.013949532061815 ], [ 2823541.289966295007616, 2340240.552319549955428 ], [ 2823546.051306043285877, 2340224.33008542843163 ], [ 2823552.993942968547344, 2340215.876915543805808 ], [ 2823586.366831310093403, 2340183.625738440547138 ], [ 2823590.142903685569763, 2340172.15337445307523 ], [ 2823590.745166141539812, 2340155.598933266475797 ], [ 2823582.938801144249737, 2340065.787249140441418 ], [ 2823580.344598257914186, 2340046.780369068961591 ], [ 2823573.210947345010936, 2340003.366542164701968 ], [ 2823557.500685840845108, 2339959.54879464674741 ], [ 2823542.427359889261425, 2339912.94239183049649 ], [ 2823529.401878141798079, 2339877.612958844285458 ], [ 2823525.06763116735965, 2339864.960006152745336 ], [ 2823527.570025296881795, 2339859.06486843386665 ], [ 2823532.825099431909621, 2339853.76895544026047 ], [ 2823572.704721036367118, 2339861.873370446264744 ], [ 2823598.299995819572359, 2339865.68500590743497 ], [ 2823620.094431051053107, 2339861.356366001069546 ], [ 2823638.100752836558968, 2339852.104618188459426 ], [ 2823648.440446901600808, 2339843.525182454846799 ], [ 2823653.274594691116363, 2339833.746812209952623 ], [ 2823666.264464295003563, 2339819.88991701696068 ], [ 2823681.267677708528936, 2339803.544113172218204 ], [ 2823689.00252734310925, 2339794.982907984405756 ], [ 2823702.777211991138756, 2339778.955105744767934 ], [ 2823709.89785430720076, 2339770.552941530477256 ], [ 2823712.741293670609593, 2339760.633877889253199 ], [ 2823711.603644761256874, 2339750.433244897983968 ], [ 2823708.452461559791118, 2339742.721558868419379 ], [ 2823690.399815272539854, 2339721.812032836955041 ], [ 2823685.406050215475261, 2339714.577248460613191 ], [ 2823664.190431585535407, 2339669.560674377717078 ], [ 2823659.116828551981598, 2339653.81928161624819 ], [ 2823646.672283690422773, 2339639.985502373892814 ], [ 2823629.765367521904409, 2339624.057607576716691 ], [ 2823604.321968010626733, 2339593.879392126109451 ], [ 2823583.050264158286154, 2339573.146988156717271 ], [ 2823574.734891024418175, 2339560.212504617404193 ], [ 2823566.623793429229409, 2339523.611215245444328 ], [ 2823561.652747873682529, 2339513.746725772041827 ], [ 2823554.224625358358026, 2339504.518333526793867 ], [ 2823539.618922910653055, 2339492.555853391997516 ], [ 2823527.026454506907612, 2339478.104382551275194 ], [ 2823504.355782311409712, 2339459.701978089753538 ], [ 2823497.837670103181154, 2339451.549740565475076 ], [ 2823483.831912890076637, 2339421.796613508835435 ], [ 2823477.009076094254851, 2339397.249951279722154 ], [ 2823467.391481221653521, 2339378.740939641371369 ], [ 2823455.964602852240205, 2339350.221286338753998 ], [ 2823447.933419818989933, 2339322.126649193000048 ], [ 2823447.239494215231389, 2339313.779072252102196 ], [ 2823450.572187231853604, 2339300.453779243864119 ], [ 2823466.246483523398638, 2339259.66472450690344 ], [ 2823481.212348397355527, 2339227.906310086138546 ], [ 2823496.162137111648917, 2339202.071336716413498 ], [ 2823514.111777655780315, 2339181.683592665009201 ], [ 2823542.992758925072849, 2339155.187089536339045 ], [ 2823562.614541228394955, 2339136.334311714395881 ], [ 2823563.933930241502821, 2339125.497941846493632 ], [ 2823561.988851550966501, 2339120.097970341797918 ], [ 2823543.197092089802027, 2339096.100012203678489 ], [ 2823540.1940414654091, 2339089.006070166360587 ], [ 2823544.26614014338702, 2339078.769020509906113 ], [ 2823555.243058713618666, 2339067.401095917448401 ], [ 2823556.414612985216081, 2339055.947078496683389 ], [ 2823551.500384859740734, 2339021.798370423726737 ], [ 2823547.029828800819814, 2338989.502696729265153 ], [ 2823544.356704342644662, 2338961.989308854565024 ], [ 2823566.913333921227604, 2338922.69917278829962 ], [ 2823576.206703099422157, 2338893.400954322423786 ], [ 2823576.786781630478799, 2338879.476165963336825 ], [ 2823580.711196821182966, 2338868.62155515467748 ], [ 2823588.86709835473448, 2338829.122747159563005 ], [ 2823595.965155418496579, 2338823.350204971153289 ], [ 2823613.721671592444181, 2338807.603994337376207 ], [ 2823635.732382214162499, 2338796.004443677607924 ], [ 2823645.458195357583463, 2338787.58413955848664 ], [ 2823652.283130486495793, 2338777.946722101420164 ], [ 2823668.04906206484884, 2338762.059915210586041 ], [ 2823680.448020994197577, 2338745.732532025780529 ], [ 2823686.454124086070806, 2338724.500167816877365 ], [ 2823681.653791188262403, 2338712.623827934265137 ], [ 2823676.512255158741027, 2338704.771328737959266 ], [ 2823659.790952584240586, 2338689.420769108925015 ], [ 2823646.391202825587243, 2338679.769815201871097 ], [ 2823643.069721281528473, 2338674.070000704843551 ], [ 2823644.834145569242537, 2338660.654005018528551 ], [ 2823650.156496191397309, 2338651.902206614613533 ], [ 2823652.579458826687187, 2338637.500588878057897 ], [ 2823661.133675359655172, 2338605.113978731445968 ], [ 2823664.762475626543164, 2338593.024082113057375 ], [ 2823663.010792197659612, 2338582.98253157781437 ], [ 2823659.416290202643722, 2338573.417820712551475 ], [ 2823626.678770885802805, 2338536.14955850597471 ], [ 2823612.835779817774892, 2338520.535034756641835 ], [ 2823609.366370817646384, 2338514.217595689930022 ], [ 2823593.220440116710961, 2338496.134709272999316 ], [ 2823583.840916757006198, 2338489.338620864320546 ], [ 2823526.010844531934708, 2338422.31557953543961 ], [ 2823515.295510178431869, 2338407.375864178873599 ], [ 2823488.739365256857127, 2338379.11925297183916 ], [ 2823456.54404865577817, 2338344.524361805059016 ], [ 2823438.446495708078146, 2338328.873941694386303 ], [ 2823424.50084977503866, 2338311.493064847774804 ], [ 2823417.539525116793811, 2338301.487901918124408 ], [ 2823402.217471170239151, 2338283.807290105614811 ], [ 2823389.773347970098257, 2338269.973529174923897 ], [ 2823378.871392327360809, 2338261.426102343015373 ], [ 2823366.61387406103313, 2338254.977076132316142 ], [ 2823330.225376509130001, 2338228.317917497828603 ], [ 2823317.269325872883201, 2338220.519896333571523 ], [ 2823298.216278206557035, 2338209.052428756840527 ], [ 2823282.803314526565373, 2338201.890391807537526 ], [ 2823253.53504388500005, 2338202.2493383330293 ], [ 2823240.021486639976501, 2338205.74659425066784 ], [ 2823184.658837749622762, 2338211.546832731924951 ], [ 2823166.164670635014772, 2338209.405436497647315 ], [ 2823152.299203143455088, 2338201.060132350772619 ], [ 2823135.571134597063065, 2338183.511169545352459 ], [ 2823115.923141879960895, 2338145.502813609316945 ], [ 2823096.37855326756835, 2338113.43447223585099 ], [ 2823058.922458492219448, 2338039.593471921980381 ], [ 2823170.126756627578288, 2338022.90789946494624 ], [ 2823170.13767330814153, 2338023.946416391059756 ], [ 2823170.952110210899264, 2338025.713713862001896 ], [ 2823172.379377569071949, 2338027.021226224023849 ], [ 2823174.20229315944016, 2338027.669889451935887 ], [ 2823176.143272914923728, 2338027.561023411341012 ], [ 2823177.906974509824067, 2338026.711141601204872 ], [ 2823179.22484777495265, 2338025.249636624474078 ], [ 2823179.842245600186288, 2338023.688810186460614 ], [ 2823181.064083672128618, 2338018.020473492797464 ], [ 2823182.862407898064703, 2338013.075795059558004 ], [ 2823188.405122418887913, 2338001.659276475664228 ], [ 2823195.227985232137144, 2337992.429142933338881 ], [ 2823195.501077623106539, 2337992.020178518258035 ], [ 2823195.512861250899732, 2337991.987714011222124 ], [ 2823195.534984119236469, 2337991.962797831278294 ], [ 2823200.979145525954664, 2337982.624968122690916 ], [ 2823201.01407166197896, 2337982.526839649304748 ], [ 2823201.460186216980219, 2337981.518861424643546 ], [ 2823203.188683549873531, 2337975.779007426463068 ], [ 2823208.090087820775807, 2337963.47980076726526 ], [ 2823208.131159067153931, 2337963.329814539290965 ], [ 2823208.196695731952786, 2337963.18670468358323 ], [ 2823210.495718515943736, 2337956.213552546221763 ], [ 2823210.692045642528683, 2337955.399413819890469 ], [ 2823210.691092737950385, 2337955.374175978358835 ], [ 2823210.699350973591208, 2337955.350900116376579 ], [ 2823211.692781647667289, 2337948.550254583824426 ], [ 2823211.69214125117287, 2337948.534819575026631 ], [ 2823211.739414649549872, 2337948.079338849987835 ], [ 2823213.020857050083578, 2337923.530637060292065 ], [ 2823213.116808629129082, 2337922.981406012549996 ], [ 2823215.217940811999142, 2337914.571559506002814 ], [ 2823219.701629534363747, 2337901.54149909503758 ], [ 2823226.212824670597911, 2337884.972791433334351 ], [ 2823231.182039665989578, 2337874.758620567154139 ], [ 2823231.261808598414063, 2337874.504016717430204 ], [ 2823231.455072181299329, 2337874.077032318338752 ], [ 2823233.301780560985208, 2337868.306452082004398 ], [ 2823233.358362929429859, 2337868.067303319461644 ], [ 2823233.394483929034323, 2337867.980034990236163 ], [ 2823234.980787448585033, 2337861.5943588395603 ], [ 2823235.070590004790574, 2337861.149338175076991 ], [ 2823235.067567619495094, 2337861.071418493054807 ], [ 2823235.091248591430485, 2337861.002910707145929 ], [ 2823235.869087574072182, 2337854.847146826796234 ], [ 2823235.843505441211164, 2337854.375512030441314 ], [ 2823235.835436397232115, 2337853.348669854458421 ], [ 2823234.763924554456025, 2337847.154664668254554 ], [ 2823234.676343750208616, 2337846.947370412293822 ], [ 2823234.662896470166743, 2337846.69815402245149 ], [ 2823222.341962571721524, 2337801.22065913118422 ], [ 2823221.18338371720165, 2337795.489368754904717 ], [ 2823219.70003065885976, 2337783.832156453747302 ], [ 2823220.367178175132722, 2337778.449744150042534 ], [ 2823222.337001456879079, 2337771.954457187093794 ], [ 2823229.607487339526415, 2337753.70354066696018 ], [ 2823233.87826593965292, 2337746.05412506731227 ], [ 2823239.399880340322852, 2337741.960177483502775 ], [ 2823245.4317950415425, 2337738.392882559914142 ], [ 2823256.11025757342577, 2337734.61201364826411 ], [ 2823261.636412126943469, 2337733.296036772429943 ], [ 2823270.157365120016038, 2337732.087565408553928 ], [ 2823270.705688925459981, 2337731.978075552731752 ], [ 2823277.579088271595538, 2337730.199322706088424 ], [ 2823278.046581696718931, 2337730.053597662132233 ], [ 2823285.362387380562723, 2337727.374798072502017 ], [ 2823286.658607849851251, 2337726.670644496101886 ], [ 2823286.681465725414455, 2337726.645287978928536 ], [ 2823286.710972756147385, 2337726.630802855826914 ], [ 2823291.519504874944687, 2337722.926071796566248 ], [ 2823291.559685644693673, 2337722.88095324812457 ], [ 2823292.211799659300596, 2337722.282289302907884 ], [ 2823303.758012928068638, 2337709.360004109330475 ], [ 2823304.331045304425061, 2337708.582162711303681 ], [ 2823304.672704858705401, 2337707.904599308501929 ], [ 2823307.73594086850062, 2337700.516565676312894 ], [ 2823308.065651044249535, 2337699.343609924893826 ], [ 2823308.062481325585395, 2337699.262972828000784 ], [ 2823308.086896976456046, 2337699.192195023875684 ], [ 2823309.065102907828987, 2337691.388912117108703 ], [ 2823311.739397554658353, 2337686.945290330797434 ], [ 2823322.977508211508393, 2337680.091691008768976 ], [ 2823323.381103320047259, 2337679.818171991966665 ], [ 2823323.492078573442996, 2337679.695151572115719 ], [ 2823323.61637655319646, 2337679.630566403269768 ], [ 2823333.068989031948149, 2337671.627370013855398 ], [ 2823338.026141120120883, 2337667.831111953593791 ], [ 2823338.046598960645497, 2337667.808332506101578 ], [ 2823338.579787503927946, 2337667.339542578905821 ], [ 2823342.524455074686557, 2337663.289921163581312 ], [ 2823343.247944383881986, 2337662.35067792236805 ], [ 2823343.778943261131644, 2337661.133511040359735 ], [ 2823346.445121801458299, 2337651.914989290293306 ], [ 2823346.585511601530015, 2337651.281736239325255 ], [ 2823346.508128889836371, 2337649.323917143978179 ], [ 2823346.390454263426363, 2337648.91133940173313 ], [ 2823342.971187823452055, 2337638.621343887411058 ], [ 2823342.671351392287761, 2337638.03821671474725 ], [ 2823342.466991310939193, 2337637.551041084341705 ], [ 2823331.970340857282281, 2337620.812843319959939 ], [ 2823324.580760789569467, 2337606.874804531689733 ], [ 2823322.95453173853457, 2337602.653158152475953 ], [ 2823321.939708625432104, 2337597.174926733132452 ], [ 2823323.3832305977121, 2337593.747978593222797 ], [ 2823326.14447071403265, 2337589.251335020642728 ], [ 2823326.153316914103925, 2337589.227340951096267 ], [ 2823326.170901255682111, 2337589.207937373779714 ], [ 2823326.669834243133664, 2337588.097012432292104 ], [ 2823328.341311705298722, 2337582.754172294400632 ], [ 2823328.513736828230321, 2337582.014480222016573 ], [ 2823328.541413767263293, 2337580.65199948521331 ], [ 2823327.513065680861473, 2337571.71780376881361 ], [ 2823327.407991797663271, 2337571.1223673382774 ], [ 2823327.039991044439375, 2337570.096394733991474 ], [ 2823323.208240568637848, 2337562.24942670809105 ], [ 2823322.821984163485467, 2337561.607917749322951 ], [ 2823322.802344663068652, 2337561.564369908999652 ], [ 2823318.254901373293251, 2337555.138571460265666 ], [ 2823315.065774173941463, 2337545.53868692740798 ], [ 2823315.008574729319662, 2337545.427549066953361 ], [ 2823314.907664178870618, 2337545.125225892290473 ], [ 2823308.151098473928869, 2337529.568707660771906 ], [ 2823307.712392266839743, 2337528.802072504535317 ], [ 2823307.670564296655357, 2337528.708737483248115 ], [ 2823302.351759039331228, 2337521.091505774762481 ], [ 2823302.315561961382627, 2337521.057718530297279 ], [ 2823302.293618897441775, 2337521.010020833462477 ], [ 2823301.188074945937842, 2337519.9139209901914 ], [ 2823294.826382330618799, 2337515.363445563707501 ], [ 2823288.638017921708524, 2337509.190048738382757 ], [ 2823286.448579105548561, 2337504.269342592451721 ], [ 2823284.493026098236442, 2337498.634924937039614 ], [ 2823268.743073687888682, 2337438.823532025329769 ], [ 2823266.623778088018298, 2337429.289879497606307 ], [ 2823262.521003890782595, 2337410.84263913333416 ], [ 2823261.889822396449745, 2337402.989636221434921 ], [ 2823263.614238698966801, 2337401.627958170138299 ], [ 2823289.14890262298286, 2337393.947712111286819 ], [ 2823306.720714413560927, 2337389.687736853491515 ], [ 2823306.816045738290995, 2337389.642721567768604 ], [ 2823306.917672734707594, 2337389.635682609863579 ], [ 2823315.634994036983699, 2337387.142219414003193 ], [ 2823315.932188453152776, 2337386.99433418828994 ], [ 2823316.931037157773972, 2337386.563032807782292 ], [ 2823323.472151473164558, 2337382.4513856228441 ], [ 2823323.81722586043179, 2337382.214065367355943 ], [ 2823324.743088486604393, 2337381.316309060901403 ], [ 2823334.823257251176983, 2337368.711507809348404 ], [ 2823335.113616427406669, 2337368.29397601634264 ], [ 2823335.147871159017086, 2337368.256963807623833 ], [ 2823340.120288006030023, 2337360.426528175361454 ], [ 2823340.185248860158026, 2337360.254350618459284 ], [ 2823340.299162721727043, 2337360.122250026557595 ], [ 2823345.306001274846494, 2337350.893836392089725 ], [ 2823352.990734986960888, 2337339.436076588463038 ], [ 2823353.031018121168017, 2337339.333098541013896 ], [ 2823353.117144448682666, 2337339.2380381799303 ], [ 2823356.5445063309744, 2337333.585640951059759 ], [ 2823356.59422174654901, 2337333.449412061367184 ], [ 2823356.678012201562524, 2337333.351834242697805 ], [ 2823360.668923869729042, 2337325.918400608934462 ], [ 2823367.617874183226377, 2337314.719650690443814 ], [ 2823371.37100144661963, 2337309.465676471590996 ], [ 2823371.508187279105186, 2337309.256503355689347 ], [ 2823371.523012544028461, 2337309.240556251723319 ], [ 2823375.019137106835842, 2337303.755008920561522 ], [ 2823402.786399924196303, 2337263.250491245649755 ], [ 2823412.84481186978519, 2337251.517946529202163 ], [ 2823412.963455437682569, 2337251.35346201993525 ], [ 2823413.035313678905368, 2337251.281971880700439 ], [ 2823420.554412687197328, 2337241.383722860366106 ], [ 2823428.069929930381477, 2337234.596524700988084 ], [ 2823435.498731921892613, 2337228.890025823842734 ], [ 2823435.518389959353954, 2337228.867902143858373 ], [ 2823435.9956133980304, 2337228.454359129071236 ], [ 2823449.264106746762991, 2337215.210683764889836 ], [ 2823450.038305099122226, 2337214.220320079941303 ], [ 2823450.067553494125605, 2337214.139706447254866 ], [ 2823450.119327110238373, 2337214.080456635914743 ], [ 2823458.380884212441742, 2337199.289537969045341 ], [ 2823458.42686097882688, 2337199.156336321495473 ], [ 2823458.756454064510763, 2337198.447962564881891 ], [ 2823462.301152766682208, 2337188.091192262712866 ], [ 2823468.910795872099698, 2337178.673649723641574 ], [ 2823473.618355620652437, 2337172.465030631050467 ], [ 2823479.658237105701119, 2337165.583529875613749 ], [ 2823493.823776355013251, 2337149.483895644545555 ], [ 2823494.370795725379139, 2337148.735453209839761 ], [ 2823494.404679629020393, 2337148.641990275122225 ], [ 2823494.463882246054709, 2337148.573950772173703 ], [ 2823497.268106142058969, 2337143.496286861598492 ], [ 2823497.320268582552671, 2337143.343749414198101 ], [ 2823497.638386469334364, 2337142.656296771019697 ], [ 2823503.961340241134167, 2337123.932377984747291 ], [ 2823504.041376215405762, 2337123.605654404032975 ], [ 2823504.089234753977507, 2337123.48867556033656 ], [ 2823505.417237719520926, 2337117.95573383430019 ], [ 2823505.441708499565721, 2337117.831679913681 ], [ 2823505.44959226436913, 2337117.811624477151781 ], [ 2823506.769760209135711, 2337111.515694322995842 ], [ 2823506.766972670331597, 2337111.306395691819489 ], [ 2823506.839667664840817, 2337111.095588225871325 ], [ 2823509.242579681798816, 2337091.703881065361202 ], [ 2823510.273526834324002, 2337086.274579629767686 ], [ 2823512.87285685678944, 2337081.459331758785993 ], [ 2823512.881637567188591, 2337081.433113494887948 ], [ 2823512.967686291784048, 2337081.274839559569955 ], [ 2823520.399898347444832, 2337066.068032233044505 ], [ 2823520.73596768360585, 2337064.999731726944447 ], [ 2823520.840217224322259, 2337064.722218946088105 ], [ 2823522.459452724084258, 2337055.702067955397069 ], [ 2823526.657631172332913, 2337039.299212129320949 ], [ 2823526.703361249528825, 2337039.076804614625871 ], [ 2823526.716027482412755, 2337039.044177732430398 ], [ 2823530.241361502557993, 2337021.602509779855609 ], [ 2823530.239773591514677, 2337021.505825255997479 ], [ 2823530.277836334891617, 2337021.401630299165845 ], [ 2823531.565293268300593, 2337013.396436735987663 ], [ 2823534.128704398870468, 2337004.969161055982113 ], [ 2823536.456975853070617, 2336999.117501913569868 ], [ 2823539.646711003035307, 2336991.093844870105386 ], [ 2823543.189772853627801, 2336982.512870134785771 ], [ 2823545.990537669975311, 2336976.162442423868924 ], [ 2823546.216010779608041, 2336975.393663795199245 ], [ 2823546.323364184238017, 2336975.117815586738288 ], [ 2823547.269288754090667, 2336970.479699571151286 ], [ 2823547.269040573388338, 2336970.464192369487137 ], [ 2823547.276010232977569, 2336970.445931872818619 ], [ 2823548.60732150124386, 2336963.685331567190588 ], [ 2823551.47592534404248, 2336954.946971892844886 ], [ 2823551.497496682684869, 2336954.85720130475238 ], [ 2823551.519713049288839, 2336954.806651618331671 ], [ 2823554.430885537527502, 2336944.998375546652824 ], [ 2823564.325052345637232, 2336921.155108693987131 ], [ 2823571.707065833732486, 2336908.91679988661781 ], [ 2823571.708714327774942, 2336908.912125006318092 ], [ 2823571.712126782629639, 2336908.908344891853631 ], [ 2823571.969407377764583, 2336908.422806523740292 ], [ 2823575.033471952192485, 2336901.810084322933108 ], [ 2823575.072493472136557, 2336901.681214387062937 ], [ 2823575.183417044579983, 2336901.451265567913651 ], [ 2823581.855318107642233, 2336883.626852384768426 ], [ 2823587.16684978408739, 2336871.539256051648408 ], [ 2823594.967326280195266, 2336855.818458723835647 ], [ 2823602.230195904150605, 2336843.268185732886195 ], [ 2823602.241800700314343, 2336843.235246245283633 ], [ 2823602.493120918050408, 2336842.747858718037605 ], [ 2823607.976126433350146, 2336830.17112704180181 ], [ 2823614.719244594685733, 2336816.170294098556042 ], [ 2823614.781246485188603, 2336815.97111481288448 ], [ 2823614.949417672585696, 2336815.610157406888902 ], [ 2823623.383114261552691, 2336791.057756492402405 ], [ 2823623.436946924775839, 2336790.840362033806741 ], [ 2823623.4827995672822, 2336790.732597023248672 ], [ 2823625.665975539013743, 2336782.673253214452416 ], [ 2823625.751535080373287, 2336782.271407547406852 ], [ 2823625.76349940802902, 2336782.239418354816735 ], [ 2823627.415742859710008, 2336773.03551453538239 ], [ 2823627.411498937755823, 2336772.885646806564182 ], [ 2823627.458978580776602, 2336772.747492681723088 ], [ 2823628.417406357824802, 2336764.835580088663846 ], [ 2823631.660660376772285, 2336756.26036915788427 ], [ 2823631.708490645512938, 2336756.07925285352394 ], [ 2823631.768709382973611, 2336755.944240380078554 ], [ 2823635.365477316081524, 2336744.169716579839587 ], [ 2823635.394325574859977, 2336744.044043091591448 ], [ 2823635.41610110597685, 2336743.992659873794764 ], [ 2823637.041234374511987, 2336737.896916510071605 ], [ 2823637.136044346727431, 2336737.446707526687533 ], [ 2823637.14296505600214, 2336737.428151125088334 ], [ 2823638.097915541846305, 2336731.753959343768656 ], [ 2823638.09188537299633, 2336731.573213356547058 ], [ 2823638.142824328504503, 2336731.419987045228481 ], [ 2823638.563247594051063, 2336727.25676951603964 ], [ 2823640.107070550322533, 2336720.762486698105931 ], [ 2823644.039985166862607, 2336712.982686009258032 ], [ 2823657.631531762424856, 2336690.973912242334336 ], [ 2823657.688464265316725, 2336690.819683128967881 ], [ 2823657.785661755129695, 2336690.706725583411753 ], [ 2823660.502809257246554, 2336685.651638358365744 ], [ 2823660.545277860481292, 2336685.525284662842751 ], [ 2823660.790536921471357, 2336685.016549589112401 ], [ 2823669.601724007166922, 2336661.422729514539242 ], [ 2823673.506991983857006, 2336652.44964208593592 ], [ 2823673.541835249401629, 2336652.329674654640257 ], [ 2823673.622347448021173, 2336652.161138240247965 ], [ 2823676.751780714374036, 2336643.588105977978557 ], [ 2823676.89230036502704, 2336643.043272057548165 ], [ 2823676.950916238129139, 2336642.89432370569557 ], [ 2823682.915702451951802, 2336614.778294741176069 ], [ 2823684.462858439423144, 2336607.553535599261522 ], [ 2823687.316749587655067, 2336602.205499027855694 ], [ 2823687.328909170813859, 2336602.169204481877387 ], [ 2823687.430517377797514, 2336601.979296185076237 ], [ 2823690.991443585604429, 2336594.433954141568393 ], [ 2823695.692049232311547, 2336585.886813797056675 ], [ 2823702.966241387650371, 2336575.020404345821589 ], [ 2823703.009791199117899, 2336574.909099465236068 ], [ 2823703.101210098247975, 2336574.807575590908527 ], [ 2823703.389233611058444, 2336574.254670215304941 ], [ 2823706.172368438914418, 2336568.014354213140905 ], [ 2823706.300368789117783, 2336567.581002972088754 ], [ 2823706.448473074473441, 2336567.229945276398212 ], [ 2823708.76689532212913, 2336558.417654781602323 ], [ 2823709.187194280792028, 2336556.836449203081429 ], [ 2823709.297783511690795, 2336556.310854490380734 ], [ 2823709.294566347263753, 2336556.229311808943748 ], [ 2823709.319277779199183, 2336556.157870293594897 ], [ 2823712.049100490286946, 2336534.335146492347121 ], [ 2823716.584266322664917, 2336510.049900460056961 ], [ 2823720.083919388242066, 2336494.751711837016046 ], [ 2823720.56296331807971, 2336493.00039123930037 ], [ 2823722.863774684723467, 2336488.71632653940469 ], [ 2823730.237280858680606, 2336478.051094447728246 ], [ 2823730.282169887796044, 2336477.938729641027749 ], [ 2823730.382749252952635, 2336477.828503721393645 ], [ 2823738.762024863623083, 2336464.258307309821248 ], [ 2823738.773059007246047, 2336464.228624337352812 ], [ 2823738.79497088259086, 2336464.204255789052695 ], [ 2823739.02757471287623, 2336463.771450619213283 ], [ 2823742.252257444895804, 2336457.013680743984878 ], [ 2823742.294953131116927, 2336456.875900343991816 ], [ 2823742.427656514570117, 2336456.600667856168002 ], [ 2823744.910038548987359, 2336449.962817130610347 ], [ 2823744.985481708310544, 2336449.674756568856537 ], [ 2823745.055886388756335, 2336449.50981122860685 ], [ 2823749.179358996450901, 2336434.318579687736928 ], [ 2823754.289816547185183, 2336417.764158730395138 ], [ 2823754.35606558714062, 2336417.477284295484424 ], [ 2823754.388271703384817, 2336417.39744768012315 ], [ 2823755.912071894854307, 2336410.74920757766813 ], [ 2823755.91143736615777, 2336410.594913883600384 ], [ 2823755.97702161129564, 2336410.415507339406759 ], [ 2823757.608797297812998, 2336400.224489854183048 ], [ 2823757.604232916608453, 2336400.100704639684409 ], [ 2823757.640320729929954, 2336399.994332894217223 ], [ 2823760.138769931159914, 2336378.026620338670909 ], [ 2823763.090250782668591, 2336360.358693334273994 ], [ 2823766.098056367598474, 2336344.658246853388846 ], [ 2823768.685636305250227, 2336336.212740483693779 ], [ 2823772.041454441379756, 2336328.145514622330666 ], [ 2823777.181653468403965, 2336318.292776706628501 ], [ 2823777.206837917678058, 2336318.216267171315849 ], [ 2823777.356392653658986, 2336317.922681720927358 ], [ 2823779.794759812764823, 2336312.174787343014032 ], [ 2823779.852631503716111, 2336311.971998961642385 ], [ 2823779.951818661764264, 2336311.754074587021023 ], [ 2823783.816141183953732, 2336299.842766426037997 ], [ 2823784.806994594633579, 2336297.462438183370978 ], [ 2823784.807826934847981, 2336297.459540178999305 ], [ 2823784.810030824504793, 2336297.455169584602118 ], [ 2823790.505731259472668, 2336283.711062351707369 ], [ 2823790.594512801151723, 2336283.395029311068356 ], [ 2823790.701729444786906, 2336283.147569165565073 ], [ 2823793.704412172548473, 2336272.567917223088443 ], [ 2823793.802460978273302, 2336272.120772507041693 ], [ 2823796.416009275242686, 2336262.846794007346034 ], [ 2823796.518871186301112, 2336262.375077281147242 ], [ 2823796.530901197809726, 2336262.342872819397599 ], [ 2823799.581447620410472, 2336244.953734282404184 ], [ 2823802.053772558458149, 2336233.759234898258001 ], [ 2823802.051478326320648, 2336233.464559891726822 ], [ 2823802.147679895162582, 2336233.175622362177819 ], [ 2823803.697995052207261, 2336217.961213824339211 ], [ 2823803.69517773296684, 2336217.918022347614169 ], [ 2823803.718324479646981, 2336217.690324231050909 ], [ 2823804.207700354978442, 2336207.536627187859267 ], [ 2823804.204378058202565, 2336207.500136195681989 ], [ 2823804.212200192268938, 2336207.412086636293679 ], [ 2823804.487855322659016, 2336195.763124479912221 ], [ 2823804.475748080760241, 2336195.648658345453441 ], [ 2823804.486346102319658, 2336195.473184214904904 ], [ 2823803.788727588951588, 2336174.68975495826453 ], [ 2823803.74399749096483, 2336174.357766402885318 ], [ 2823803.745808923151344, 2336174.180455303750932 ], [ 2823802.845099090598524, 2336167.539166984148324 ], [ 2823802.752682873979211, 2336167.044986319728196 ], [ 2823802.72441774699837, 2336166.983510902617127 ], [ 2823802.721024927683175, 2336166.919790002983063 ], [ 2823799.323512768838555, 2336154.184662300162017 ], [ 2823799.313628311268985, 2336154.164018586277962 ], [ 2823799.239106903318316, 2336153.902069480158389 ], [ 2823796.272227760404348, 2336144.942457063589245 ], [ 2823796.250449866987765, 2336144.900015060789883 ], [ 2823796.206229443661869, 2336144.755685084499419 ], [ 2823792.215593865141273, 2336134.138212306424975 ], [ 2823792.178459431510419, 2336134.069527578074485 ], [ 2823792.134241014719009, 2336133.935565817635506 ], [ 2823785.543705343268812, 2336118.497445757500827 ], [ 2823780.683869811706245, 2336102.759198098443449 ], [ 2823780.664411696139723, 2336102.720394722186029 ], [ 2823780.610238492488861, 2336102.539169264957309 ], [ 2823776.512463519349694, 2336091.174170763697475 ], [ 2823776.45456416811794, 2336091.064890471287072 ], [ 2823776.379397362936288, 2336090.842908274382353 ], [ 2823775.176415516063571, 2336088.133645996451378 ], [ 2823777.666993285529315, 2336090.815642494242638 ], [ 2823791.00736049702391, 2336106.165173159446567 ], [ 2823791.094061544165015, 2336106.238040175288916 ], [ 2823791.291764100082219, 2336106.465802461840212 ], [ 2823804.440189635381103, 2336119.231833286117762 ], [ 2823816.586123656947166, 2336133.240711031481624 ], [ 2823816.668708562850952, 2336133.310067222453654 ], [ 2823816.862098973244429, 2336133.53374498616904 ], [ 2823821.22258614981547, 2336137.797169114928693 ], [ 2823830.662221190519631, 2336148.092488382011652 ], [ 2823830.817230625078082, 2336148.219248432666063 ], [ 2823831.033357023261487, 2336148.456424034200609 ], [ 2823838.107475974597037, 2336154.689025730825961 ], [ 2823838.815460732672364, 2336155.207610319368541 ], [ 2823838.836823699064553, 2336155.215261950157583 ], [ 2823838.853321278467774, 2336155.23011263879016 ], [ 2823848.746904135681689, 2336161.064009955152869 ], [ 2823857.119894839823246, 2336167.884406725876033 ], [ 2823857.684058271814138, 2336168.280980483628809 ], [ 2823857.761964492499828, 2336168.30870814435184 ], [ 2823857.818921867292374, 2336168.359305297955871 ], [ 2823867.548465011175722, 2336173.798731551505625 ], [ 2823871.666971028782427, 2336177.193811227101833 ], [ 2823872.253234520554543, 2336177.608574541285634 ], [ 2823874.076207901351154, 2336178.257448974996805 ], [ 2823876.017243213951588, 2336178.148601792287081 ], [ 2823877.780940742231905, 2336177.2988575915806 ], [ 2823879.098787444643676, 2336175.837291815783828 ], [ 2823879.713631076738238, 2336174.289263115730137 ], [ 2823884.087769419886172, 2336154.251533638685942 ], [ 2823888.562002931721509, 2336147.271957629360259 ], [ 2823895.792810604907572, 2336139.116444102488458 ], [ 2823902.172140741255134, 2336133.663731668144464 ], [ 2823907.070123182609677, 2336130.84213896188885 ], [ 2823919.426558677107096, 2336126.435998019762337 ], [ 2823930.517537054140121, 2336123.566243337467313 ], [ 2823935.249719916842878, 2336122.341978993266821 ], [ 2823945.061110693961382, 2336121.076882159803063 ], [ 2823956.738832393661141, 2336120.680173550732434 ], [ 2823957.814393187873065, 2336120.524462541565299 ], [ 2823966.604814985767007, 2336118.250043987296522 ], [ 2823971.638890558853745, 2336116.947584454901516 ], [ 2823974.146285305265337, 2336116.298792625777423 ], [ 2823977.643825173377991, 2336115.393841596320271 ], [ 2824000.600229641422629, 2336112.110094550531358 ], [ 2824001.142659218050539, 2336112.001496946439147 ], [ 2824016.216109080705792, 2336108.101365535054356 ], [ 2824017.979797834530473, 2336107.251526896841824 ], [ 2824018.633159125689417, 2336106.667490256484598 ], [ 2824030.293593463487923, 2336094.29127634037286 ], [ 2824032.852562058717012, 2336091.714799035340548 ], [ 2824032.981745462864637, 2336091.548679971601814 ], [ 2824033.146157843526453, 2336091.392841736320406 ], [ 2824044.223845983855426, 2336078.159436939749867 ], [ 2824044.435287041589618, 2336078.057652168907225 ], [ 2824045.610644038766623, 2336076.820165272802114 ], [ 2824051.450493367388844, 2336068.145491121336818 ], [ 2824051.496281252708286, 2336068.028793509118259 ], [ 2824051.593025218229741, 2336067.921613319311291 ], [ 2824051.962335960939527, 2336067.175535525195301 ], [ 2824060.295254863332957, 2336046.237044164910913 ], [ 2824060.384184082970023, 2336045.911531185731292 ], [ 2824060.476334987208247, 2336045.696225844323635 ], [ 2824067.414991063997149, 2336020.380224450491369 ], [ 2824086.120054606348276, 2335989.068145984783769 ], [ 2824089.296549833379686, 2335986.256708977278322 ], [ 2824093.66517528379336, 2335983.936754088848829 ], [ 2824131.051727917045355, 2335969.391822117380798 ], [ 2824160.994498901069164, 2335959.171920604072511 ], [ 2824161.206184003036469, 2335959.06002785731107 ], [ 2824161.69233956746757, 2335958.873262623790652 ], [ 2824169.161522804759443, 2335954.986990742385387 ], [ 2824169.841652552597225, 2335954.558939978480339 ], [ 2824169.851662905886769, 2335954.5541474185884 ], [ 2824176.630574673879892, 2335949.502563302405179 ], [ 2824176.635946647264063, 2335949.49659241642803 ], [ 2824176.643246208317578, 2335949.493112604599446 ], [ 2824177.257048799656332, 2335948.950625205878168 ], [ 2824185.138057252392173, 2335940.771412986796349 ], [ 2824185.226471268571913, 2335940.656009490601718 ], [ 2824185.337816839106381, 2335940.551628224551678 ], [ 2824189.404493534937501, 2335935.809848526958376 ], [ 2824195.356281604617834, 2335931.282122134696692 ], [ 2824196.646437332965434, 2335929.841629503294826 ], [ 2824197.317812307737768, 2335927.991244046483189 ], [ 2824197.240479513071477, 2335926.033333935774863 ], [ 2824197.06935400608927, 2335925.661917077377439 ], [ 2824204.725314521230757, 2335919.12103863293305 ], [ 2824229.900806590914726, 2335888.006103008054197 ], [ 2824262.909468736499548, 2335877.22924336604774 ], [ 2824300.521729148458689, 2335857.806543915532529 ], [ 2824359.534896870143712, 2335800.790647700894624 ], [ 2824287.420034563168883, 2335677.128740839660168 ], [ 2824271.236542540602386, 2335600.09758785367012 ], [ 2824256.204559504985809, 2335550.185837931465358 ], [ 2824250.359801838174462, 2335499.966385717503726 ], [ 2824256.412373816594481, 2335443.564974747598171 ], [ 2824306.417183907702565, 2335308.541304339654744 ], [ 2824305.287621627096087, 2335299.521876504644752 ], [ 2824289.390191324055195, 2335293.288471908308566 ], [ 2824356.661808227188885, 2335118.620765596628189 ], [ 2824368.675465792417526, 2335052.848326972685754 ], [ 2824387.403828173875809, 2334920.296432749833912 ], [ 2824391.228436714969575, 2334897.579990489874035 ], [ 2824396.415703078731894, 2334884.857133565470576 ], [ 2824411.220019244588912, 2334877.923138215672225 ], [ 2824416.640379104763269, 2334866.174665078520775 ], [ 2824416.625423472840339, 2334840.312929851934314 ], [ 2824406.118659926578403, 2334770.607545468024909 ], [ 2824398.585168921388686, 2334747.725854821037501 ], [ 2824353.173245403915644, 2334717.054956466890872 ], [ 2824312.642640097532421, 2334680.982785514555871 ], [ 2824274.858808552846313, 2334634.888289511669427 ], [ 2824195.131147514563054, 2334521.014213562011719 ], [ 2824158.449146989732981, 2334460.325915738940239 ], [ 2824141.974527139682323, 2334436.477538961451501 ], [ 2824124.015315185301006, 2334417.327530462760478 ], [ 2824125.865947310812771, 2334399.260315646417439 ], [ 2824139.541037487331778, 2334383.306822974234819 ], [ 2824144.604516411665827, 2334357.16602534102276 ], [ 2824134.091354075819254, 2334343.332082911860198 ], [ 2824117.851595774292946, 2334348.568071960005909 ], [ 2824090.646934164687991, 2334363.883126833941787 ], [ 2824063.944929325021803, 2334376.998946825508028 ], [ 2824040.11353898094967, 2334393.510668189730495 ], [ 2824056.258713284507394, 2334426.580036236904562 ], [ 2824075.150375911500305, 2334449.627202640287578 ], [ 2824039.96069251280278, 2334465.9736766400747 ], [ 2824007.98402430023998, 2334474.246443513780832 ], [ 2823999.350558805279434, 2334494.068584482185543 ], [ 2823961.981095120310783, 2334531.595197374932468 ], [ 2823944.1475595748052, 2334560.081639289855957 ], [ 2823935.193508998956531, 2334561.363581562880427 ], [ 2823914.181655309628695, 2334559.557324276771396 ], [ 2823893.636152105871588, 2334559.699695366434753 ], [ 2823851.000676348805428, 2334570.730349096469581 ], [ 2823825.500946938991547, 2334584.570025103166699 ], [ 2823785.072968373540789, 2334591.925641648937017 ], [ 2823691.656591057777405, 2334605.748290572781116 ], [ 2823680.225597246550024, 2334613.878694292157888 ], [ 2823626.289740942418575, 2334590.58670655079186 ], [ 2823615.310141202062368, 2334574.804159915074706 ], [ 2823609.335921592079103, 2334567.038245212286711 ], [ 2823578.022386328782886, 2334582.382379727438092 ], [ 2823571.203100157901645, 2334588.285157040227205 ], [ 2823553.637321008369327, 2334579.379876282531768 ], [ 2823548.093067456036806, 2334577.710372873116285 ], [ 2823545.928649180568755, 2334521.36580291390419 ], [ 2823519.751237922348082, 2334502.27293032547459 ], [ 2823502.885062452405691, 2334496.290428558830172 ], [ 2823485.968292562756687, 2334474.88147075753659 ], [ 2823460.482014016248286, 2334370.690382020082325 ], [ 2823448.103640212677419, 2334349.061911347322166 ], [ 2823449.29113264195621, 2334323.92372912587598 ], [ 2823441.131148563697934, 2334289.822979481890798 ], [ 2823434.799942866899073, 2334267.664605028927326 ], [ 2823435.813148368149996, 2334247.088038540445268 ], [ 2823433.852764229290187, 2334237.905467495322227 ], [ 2823401.55562053527683, 2334227.638343019410968 ], [ 2823363.969008124433458, 2334186.66628559678793 ], [ 2823354.891119716223329, 2334174.530310985632241 ], [ 2823365.681274610571563, 2334129.318955189548433 ], [ 2823393.743225711863488, 2334126.172156879212707 ], [ 2823425.955353163182735, 2334118.897518924437463 ], [ 2823445.83794583985582, 2334111.684259033296257 ], [ 2823512.479583199135959, 2334119.273415680043399 ], [ 2823534.87580574164167, 2334101.06355622317642 ], [ 2823571.784827106632292, 2334109.102984173689038 ], [ 2823585.117488164454699, 2334104.618959326762706 ], [ 2823597.284648044034839, 2334095.26349715795368 ], [ 2823611.659361880272627, 2334082.232931296341121 ], [ 2823678.847954532597214, 2334027.60376138240099 ], [ 2823691.138716876972467, 2334031.666386049240828 ], [ 2823780.343891081400216, 2334112.049528351984918 ], [ 2823797.945979207754135, 2334116.807306731119752 ], [ 2823736.657697257585824, 2333962.798670379444957 ], [ 2823700.560360174626112, 2333894.728458896279335 ], [ 2823701.20901974150911, 2333875.937334190122783 ], [ 2823661.757772200740874, 2333827.170863824430853 ], [ 2823649.699969443492591, 2333824.082545512821525 ], [ 2823603.246942488942295, 2333801.95822770986706 ], [ 2823526.748957426287234, 2333705.871929465793073 ], [ 2823524.884010998997837, 2333698.077632783912122 ], [ 2823489.039316973648965, 2333651.481783453840762 ], [ 2823469.951398198492825, 2333623.312363422941417 ], [ 2823452.02915883436799, 2333600.014345212373883 ], [ 2823391.479344734922051, 2333531.875395942479372 ], [ 2823372.245483951643109, 2333520.297761650756001 ], [ 2823353.601479088887572, 2333524.086562394164503 ], [ 2823328.946746313944459, 2333524.257431532256305 ], [ 2823208.903613739646971, 2333405.29540172079578 ], [ 2823198.317785564810038, 2333399.757155113387853 ], [ 2823184.052400832530111, 2333400.344083891715854 ], [ 2823123.223359781317413, 2333450.162017797119915 ], [ 2823122.211409247480333, 2333459.694191016256809 ], [ 2823105.075159435160458, 2333473.3978541046381 ], [ 2823095.623597193043679, 2333475.181089483201504 ], [ 2823083.416504933964461, 2333473.704262023791671 ], [ 2823058.498725327663124, 2333457.637659104075283 ], [ 2823033.431789118796587, 2333440.947588331997395 ], [ 2822939.506142283789814, 2333356.654582166112959 ], [ 2822918.295058880001307, 2333358.831597907468677 ], [ 2822902.884552959352732, 2333352.224193304777145 ], [ 2822883.995878862217069, 2333336.584218943025917 ], [ 2822819.221201637759805, 2333297.059700296726078 ], [ 2822779.593186746351421, 2333272.369186539202929 ], [ 2822771.260828753001988, 2333245.238937369082123 ], [ 2822744.648906012065709, 2333123.003566176630557 ], [ 2822748.337729062419385, 2333108.143959971610457 ], [ 2822768.636051304638386, 2333069.122177225537598 ], [ 2822754.524492931552231, 2332985.36876452434808 ], [ 2822724.329777377657592, 2332936.235336847603321 ], [ 2822703.963953984901309, 2332895.153404145501554 ], [ 2822686.874462967738509, 2332903.547990695107728 ], [ 2822646.032665329985321, 2332914.544161199592054 ], [ 2822627.143322431948036, 2332923.636836881749332 ], [ 2822609.550706703215837, 2332918.918257858138531 ], [ 2822606.394426017999649, 2332908.47821441385895 ], [ 2822605.467157162260264, 2332890.83995168749243 ], [ 2822596.249540332704782, 2332866.076335213612765 ], [ 2822577.996015453711152, 2332831.069632107391953 ], [ 2822569.13243163516745, 2332818.795318247750401 ], [ 2822567.412381661124527, 2332803.348792618140578 ], [ 2822560.304457093589008, 2332732.350631732027978 ], [ 2822560.834530088119209, 2332654.741510516963899 ], [ 2822563.675149882212281, 2332630.831084315665066 ], [ 2822559.27032919973135, 2332626.912616607733071 ], [ 2822543.043851557653397, 2332625.151286031119525 ], [ 2822513.314357398077846, 2332610.991855250671506 ], [ 2822499.120993521995842, 2332606.718120976351202 ], [ 2822489.590525338426232, 2332599.9137590280734 ], [ 2822478.325393587350845, 2332596.868851975072175 ], [ 2822458.158479412551969, 2332603.41091135237366 ], [ 2822448.53426755219698, 2332607.225145189091563 ], [ 2822436.382507899776101, 2332616.99068165011704 ], [ 2822422.001708650961518, 2332633.954341636504978 ], [ 2822386.480079828295857, 2332645.131226311903447 ], [ 2822378.315656306687742, 2332641.284110215492547 ], [ 2822366.547495502047241, 2332625.126452014781535 ], [ 2822359.795990647748113, 2332618.927370510064065 ], [ 2822347.934079064056277, 2332613.388206591363996 ], [ 2822289.575057277455926, 2332600.676649802364409 ], [ 2822261.062474025879055, 2332588.851224937010556 ], [ 2822225.900902346242219, 2332576.759485507383943 ], [ 2822194.460284459404647, 2332563.704959152732044 ], [ 2822158.921460477169603, 2332541.778516055550426 ], [ 2822123.131143472157419, 2332513.295463856309652 ], [ 2822089.774527522269636, 2332489.480237029492855 ], [ 2822071.459569190628827, 2332478.989344763569534 ], [ 2822061.826831479556859, 2332466.252005240414292 ], [ 2822053.378868218511343, 2332441.951326827518642 ], [ 2822052.083290997892618, 2332431.030053959228098 ], [ 2822046.758743135258555, 2332416.500960737001151 ], [ 2822034.678259188309312, 2332405.074038120452315 ], [ 2822023.459977207705379, 2332396.719862512778491 ], [ 2822012.022189824841917, 2332395.706252973061055 ], [ 2821988.275040309876204, 2332387.28284936118871 ], [ 2821971.828501216135919, 2332375.338621066883206 ], [ 2821963.12980383913964, 2332362.005169353447855 ], [ 2821957.288385655730963, 2332340.341093074996024 ], [ 2821945.59062317898497, 2332316.219126416835934 ], [ 2821931.216152703389525, 2332297.424905932508409 ], [ 2821930.363238320685923, 2332285.809920067898929 ], [ 2821942.777645604684949, 2332249.407163559924811 ], [ 2821944.778781873174012, 2332232.997642641887069 ], [ 2821952.338008195161819, 2332217.798751433379948 ], [ 2821966.561259574256837, 2332183.659670805558562 ], [ 2821979.898031754419208, 2332162.330875425599515 ], [ 2821991.272037412039936, 2332135.550699515733868 ], [ 2821991.836806898005307, 2332124.147907628677785 ], [ 2821989.874206169042736, 2332118.696388983167708 ], [ 2821992.103347297292203, 2332111.498051156755537 ], [ 2821997.386397184804082, 2332108.806923733558506 ], [ 2821985.735710070468485, 2332079.375670972280204 ], [ 2821974.956665239296854, 2332056.340491522569209 ], [ 2821969.045034766662866, 2332042.640350298024714 ], [ 2821961.382033570669591, 2332032.531874881591648 ], [ 2821952.35185856744647, 2332027.626760002691299 ], [ 2821934.244764099828899, 2332023.095087471418083 ], [ 2821899.638813721947372, 2332023.490368793252856 ], [ 2821869.255480657797307, 2332033.326330470386893 ], [ 2821828.748921344056726, 2332022.740369774866849 ], [ 2821817.104023141786456, 2332017.853398580569774 ], [ 2821805.880918457172811, 2332017.465571859385818 ], [ 2821748.711998524144292, 2332030.281883263960481 ], [ 2821731.791601547971368, 2332030.70970167638734 ], [ 2821714.152787030674517, 2332025.398548863828182 ], [ 2821690.168443264439702, 2332007.246425299439579 ], [ 2821674.621034970972687, 2331991.519395397976041 ], [ 2821672.818007604684681, 2331986.719434715341777 ], [ 2821656.973994228057563, 2331969.752675340045244 ], [ 2821648.357073876075447, 2331952.890924478881061 ], [ 2821644.431041181553155, 2331944.690240080002695 ], [ 2821641.098297331482172, 2331938.969422970898449 ], [ 2821625.402555187232792, 2331922.622554382774979 ], [ 2821621.156672916375101, 2331915.821285320445895 ], [ 2821610.675049844197929, 2331918.533261002041399 ], [ 2821593.137895244639367, 2331919.120657727122307 ], [ 2821568.327055670320988, 2331924.881794337183237 ], [ 2821515.215968430507928, 2331913.607161602005363 ], [ 2821496.718998610973358, 2331918.392880911938846 ], [ 2821476.497357254382223, 2331926.916620195377618 ], [ 2821465.422577884513885, 2331927.148740126285702 ], [ 2821436.880761749111116, 2331920.050496630836278 ], [ 2821420.256807060912251, 2331921.718397749122232 ], [ 2821407.683918950147927, 2331934.846089667640626 ], [ 2821397.429753441829234, 2331946.716509346850216 ], [ 2821386.339175272732973, 2331966.043121205642819 ], [ 2821373.274710984900594, 2331982.589757675305009 ], [ 2821365.0357900778763, 2331991.011880336795002 ], [ 2821354.044692140072584, 2332000.731640726327896 ], [ 2821321.640085699036717, 2332035.109923448879272 ], [ 2821312.218869999051094, 2332042.08005730016157 ], [ 2821312.218869999051094, 2340565.577562622725964 ], [ 2821329.041280863806605, 2340579.99248755723238 ], [ 2821337.624650076963007, 2340589.100137100089341 ], [ 2821341.539807807188481, 2340592.256583929993212 ], [ 2821343.389885500539094, 2340594.064847435802221 ], [ 2821370.115627382881939, 2340612.611981225199997 ], [ 2821390.281830869149417, 2340627.415941653307527 ], [ 2821402.169867817312479, 2340643.866945986635983 ], [ 2821402.228001913055778, 2340643.920374405570328 ], [ 2821402.261597349308431, 2340643.993269537575543 ], [ 2821402.969926445744932, 2340644.602852774783969 ], [ 2821412.966691598761827, 2340653.799370902590454 ], [ 2821414.140571092255414, 2340654.217008505947888 ], [ 2821414.940077463164926, 2340654.905137615278363 ], [ 2821429.759381806477904, 2340662.615875304210931 ], [ 2821446.401192357763648, 2340679.099509158171713 ], [ 2821447.526440860703588, 2340679.975226161070168 ], [ 2821448.500031165778637, 2340681.022639989387244 ], [ 2821459.475189535878599, 2340690.32009937427938 ], [ 2821471.267136116046458, 2340709.325350444763899 ], [ 2821472.158359184861183, 2340710.205476410221308 ], [ 2821472.805726525839418, 2340711.610367535613477 ], [ 2821474.781938379630446, 2340714.089084368664771 ], [ 2821491.469783622771502, 2340733.261888028122485 ], [ 2821502.315785835497081, 2340753.408368449658155 ], [ 2821515.89040486048907, 2340778.840757550671697 ], [ 2821524.497528665699065, 2340795.856743858195841 ], [ 2821527.503453128039837, 2340807.121843765024096 ], [ 2821527.695807023905218, 2340807.525538759771734 ], [ 2821528.982039019465446, 2340811.539477616548538 ], [ 2821535.179894642904401, 2340826.81713348114863 ], [ 2821539.572793843224645, 2340834.717942077666521 ], [ 2821539.709235373418778, 2340834.842936757951975 ], [ 2821539.785985155962408, 2340835.007398170419037 ], [ 2821551.70023028133437, 2340851.017632302828133 ], [ 2821551.923309138510376, 2340851.219976798631251 ], [ 2821556.147193305660039, 2340855.98099892353639 ], [ 2821566.754431187175214, 2340865.84768049698323 ], [ 2821575.566183319780976, 2340878.893620947841555 ], [ 2821580.740816025994718, 2340892.15478829620406 ], [ 2821581.003443624824286, 2340897.29955887934193 ], [ 2821581.57562424056232, 2340909.094611974433064 ], [ 2821582.568718170747161, 2340916.06130150379613 ], [ 2821583.915180644951761, 2340920.468223731499165 ], [ 2821590.182166907936335, 2340937.212245485279709 ], [ 2821597.857900557108223, 2340957.835809889249504 ], [ 2821604.04850152740255, 2340983.132490226067603 ], [ 2821604.229388738982379, 2340983.52244139323011 ], [ 2821607.823594143614173, 2340992.654749501962215 ], [ 2821613.829469564370811, 2341003.253639268223196 ], [ 2821622.334253642242402, 2341021.040379852522165 ], [ 2821624.472971837967634, 2341024.625562932342291 ], [ 2821624.837426234036684, 2341025.46667669294402 ], [ 2821639.792714208364487, 2341048.122771898750216 ], [ 2821640.382576307281852, 2341048.688934627454728 ], [ 2821640.771576138678938, 2341049.533148350194097 ], [ 2821645.348963279277086, 2341054.708737086504698 ], [ 2821651.969810990151018, 2341060.905420571099967 ], [ 2821664.133328698109835, 2341076.355076434556395 ], [ 2821664.558887150138617, 2341076.730526086874306 ], [ 2821666.987531854771078, 2341079.573145583737642 ], [ 2821683.347709959372878, 2341095.972606782801449 ], [ 2821697.842459792271256, 2341114.831183943897486 ], [ 2821710.128628119360656, 2341131.109210368711501 ], [ 2821713.519589316565543, 2341136.629250519908965 ], [ 2821715.786710400599986, 2341146.096772762946784 ], [ 2821716.29690861236304, 2341147.20358854252845 ], [ 2821716.368932723067701, 2341148.244280084036291 ], [ 2821720.919905125629157, 2341163.255783724598587 ], [ 2821721.788671328686178, 2341165.001996636390686 ], [ 2821723.508599573746324, 2341169.617508368566632 ], [ 2821729.882143435999751, 2341181.893170040100813 ], [ 2821730.183740044943988, 2341182.380215928889811 ], [ 2821730.291453422512859, 2341182.659534393809736 ], [ 2821744.744763841386884, 2341208.971052125096321 ], [ 2821747.273049423936754, 2341212.949614222161472 ], [ 2821751.446412889286876, 2341217.741326151881367 ], [ 2821765.35104270093143, 2341231.158304491080344 ], [ 2821771.882975929416716, 2341236.172777514904737 ], [ 2821773.288219571579248, 2341236.672815782949328 ], [ 2821774.21837245579809, 2341237.464348518755287 ], [ 2821785.580909128766507, 2341243.216425942722708 ], [ 2821806.022485855035484, 2341256.894455977715552 ], [ 2821806.098936026450247, 2341256.923771163448691 ], [ 2821806.17332443036139, 2341256.994840347208083 ], [ 2821823.765921884216368, 2341268.640667499043047 ], [ 2821824.51360114524141, 2341268.924925156868994 ], [ 2821825.170707259327173, 2341269.525152960326523 ], [ 2821839.07744827773422, 2341277.847282397095114 ], [ 2821847.992379873991013, 2341286.126147378236055 ], [ 2821849.710138965398073, 2341287.418935031630099 ], [ 2821850.593965344596654, 2341288.325645877048373 ], [ 2821867.180908518377692, 2341301.072272880002856 ], [ 2821870.361676384694874, 2341304.328161404002458 ], [ 2821870.677101843059063, 2341304.577732720877975 ], [ 2821871.092812436632812, 2341305.055741126649082 ], [ 2821881.436086401809007, 2341315.063078035600483 ], [ 2821882.561147358268499, 2341315.927865226287395 ], [ 2821883.427637252025306, 2341316.853630775585771 ], [ 2821906.045809457544237, 2341335.73856328940019 ], [ 2821931.432969758287072, 2341357.728205200284719 ], [ 2821938.100379538256675, 2341364.518366869073361 ], [ 2821975.837402534671128, 2341393.07704455498606 ], [ 2821992.748272345401347, 2341408.529773615766317 ], [ 2821998.55477647529915, 2341412.863124105148017 ], [ 2821999.069804104510695, 2341413.046221512835473 ], [ 2821999.449483096599579, 2341413.384284932631999 ], [ 2822014.784524959512055, 2341422.030472761485726 ], [ 2822021.289964407682419, 2341429.314869138877839 ], [ 2822033.639088517054915, 2341454.166164025198668 ], [ 2822036.874448209069669, 2341459.497275501489639 ], [ 2822044.282515485771, 2341467.065028364304453 ], [ 2822052.137273954227567, 2341473.047970908693969 ], [ 2822070.310764074325562, 2341490.174668694380671 ], [ 2822070.763049423694611, 2341490.517648012377322 ], [ 2822071.140498135704547, 2341490.93297528475523 ], [ 2822075.475936041213572, 2341494.774254346266389 ], [ 2822080.096881353762001, 2341505.250862177927047 ], [ 2822084.252826578449458, 2341518.402463237289339 ], [ 2822088.590716527309269, 2341535.463871269952506 ], [ 2822088.688694035168737, 2341535.672301668673754 ], [ 2822088.699598930776119, 2341535.881736349780113 ], [ 2822093.460372253321111, 2341553.743813932407647 ], [ 2822094.301965614780784, 2341555.509990511927754 ], [ 2822097.239101092331111, 2341562.859567077830434 ], [ 2822103.188177089206874, 2341573.105102188419551 ], [ 2822105.284099595621228, 2341576.318218622356653 ], [ 2822106.010959474835545, 2341576.984073098283261 ], [ 2822106.393807131331414, 2341577.76375790964812 ], [ 2822121.590279387310147, 2341596.573801137506962 ], [ 2822121.867769117467105, 2341596.815626890864223 ], [ 2822123.194833612069488, 2341598.429600028786808 ], [ 2822134.768105653114617, 2341610.944138083606958 ], [ 2822140.358448266983032, 2341620.420799726620317 ], [ 2822140.899876682087779, 2341621.964884952642024 ], [ 2822140.923209430649877, 2341622.009379200637341 ], [ 2822140.963192972354591, 2341622.14392140135169 ], [ 2822145.249356146901846, 2341634.171921555884182 ], [ 2822146.086543412413448, 2341640.693777981679887 ], [ 2822146.816082013770938, 2341644.673740917351097 ], [ 2822148.787014095112681, 2341650.64058752078563 ], [ 2822156.115188045892864, 2341667.818218584638089 ], [ 2822162.969419265631586, 2341684.079050146508962 ], [ 2822169.270896976813674, 2341710.659031272865832 ], [ 2822170.449429617263377, 2341715.869839403312653 ], [ 2822170.530366411432624, 2341716.048576215747744 ], [ 2822170.538331099785864, 2341716.253673614002764 ], [ 2822176.820408781059086, 2341742.737309125252068 ], [ 2822179.734899396076798, 2341756.849893057718873 ], [ 2822179.967157579492778, 2341757.375443300232291 ], [ 2822179.992100855335593, 2341758.003147636540234 ], [ 2822183.7148700915277, 2341767.535656508989632 ], [ 2822191.918310589157045, 2341782.192942050285637 ], [ 2822193.552934143226594, 2341786.737704446539283 ], [ 2822195.903297044336796, 2341791.173211437650025 ], [ 2822197.084924883209169, 2341793.980196482967585 ], [ 2822207.693402786739171, 2341810.804216604214162 ], [ 2822207.865443318150938, 2341810.972769055049866 ], [ 2822207.995228298008442, 2341811.274960505776107 ], [ 2822213.423863878007978, 2341819.601728240028024 ], [ 2822221.961779089644551, 2341821.179065112955868 ], [ 2822236.399916615802795, 2341824.829781093634665 ], [ 2822255.81468896009028, 2341815.146101865917444 ], [ 2822291.4235460460186, 2341798.919396983459592 ], [ 2822290.918648175895214, 2341798.376700254157186 ], [ 2822334.998992036096752, 2341765.978342600166798 ], [ 2822377.208141803741455, 2341752.321451098192483 ], [ 2822401.225777541287243, 2341759.073966220486909 ], [ 2822421.940551321022213, 2341760.537774370983243 ], [ 2822456.44611516688019, 2341771.401515532284975 ], [ 2822483.281396429985762, 2341784.250735650770366 ], [ 2822537.690209390595555, 2341823.194684734102339 ], [ 2822561.528759780805558, 2341844.544086331501603 ], [ 2822569.791262863203883, 2341847.866249926388264 ], [ 2822588.909779194742441, 2341868.173879032954574 ], [ 2822598.557608488947153, 2341877.280933399219066 ], [ 2822608.821351367048919, 2341888.958909946493804 ], [ 2822615.096112810075283, 2341900.987028378993273 ], [ 2822629.666629860177636, 2341893.802213665563613 ], [ 2822635.124694566242397, 2341908.089417573995888 ], [ 2822651.516460146289319, 2341930.061379282269627 ], [ 2822665.453919713385403, 2341941.195337328594178 ], [ 2822683.31747487001121, 2341959.097454959526658 ], [ 2822715.61120600393042, 2341986.233770263381302 ], [ 2822745.277848476544023, 2342022.241573964245617 ], [ 2822757.897519922349602, 2342038.088179029058665 ], [ 2822765.721593190915883, 2342036.745458215475082 ], [ 2822777.002690447494388, 2342041.334012947976589 ], [ 2822786.319288181141019, 2342051.892013102769852 ], [ 2822796.713600900024176, 2342066.949337574653327 ], [ 2822811.923217460513115, 2342059.599104740656912 ], [ 2822860.413577469997108, 2342001.311980008147657 ], [ 2822945.899696480482817, 2341998.296659882646054 ], [ 2822970.238830818794668, 2342023.396550942212343 ], [ 2822987.747741380706429, 2342045.486125471070409 ], [ 2823017.86286913882941, 2342066.360507453791797 ], [ 2823026.008293497376144, 2342083.365138180553913 ], [ 2823040.552996208425611, 2342111.045553771778941 ], [ 2823042.719841639976948, 2342128.120752313174307 ], [ 2823036.816857968457043, 2342165.827200179453939 ], [ 2823067.45067704282701, 2342163.358400868717581 ], [ 2823095.929099908098578, 2342151.891053421422839 ], [ 2823099.750751665793359, 2342133.836388063151389 ], [ 2823161.199177912902087, 2342163.665352166630328 ], [ 2823155.249401814304292, 2342206.844867013394833 ], [ 2823166.175866417121142, 2342215.620953479316086 ], [ 2823176.094819966703653, 2342211.68809640686959 ], [ 2823177.885343029163778, 2342244.672597690485418 ], [ 2823188.398795710876584, 2342271.032620889600366 ], [ 2823206.936651179566979, 2342278.109314832370728 ], [ 2823246.74667843291536, 2342302.617658359929919 ], [ 2823268.268184987828135, 2342321.620819438714534 ], [ 2823314.651187300216407, 2342379.240906241349876 ], [ 2823322.970304177608341, 2342388.668330000713468 ], [ 2825596.604478532914072, 2342388.668330000713468 ], [ 2825593.544020433910191, 2342379.980930412653834 ] ] ] } }
]
}
