{
"type": "FeatureCollection",
"name": "Coronada,_La",
"crs": { "type": "name", "properties": { "name": "urn:ogc:def:crs:EPSG::3035" } },
"features": [
{ "type": "Feature", "properties": { "SITE_NAME": "La Serena y Sierras Periféricas", "ODESIGNATE": "Zonas de Especial Protección para las Aves", "NUT2": 43, "SITE_CODE_": "ES0000367", "DESIG_ABBR": "ES54", "SITE_CDDA": "555774090_CDDA", "Sup_ha": 154971.21899 }, "geometry": { "type": "MultiPolygon", "coordinates": [ [ [ [ 2959271.849451729562134, 1902113.408412210643291 ], [ 2959276.70226753782481, 1902115.873687718296424 ], [ 2959278.721829060930759, 1902116.898312476463616 ], [ 2959278.885291650891304, 1902116.977620985591784 ], [ 2959289.806638058274984, 1902102.315881003625691 ], [ 2959292.541123116388917, 1902098.642487742006779 ], [ 2959306.25391609640792, 1902088.85063603008166 ], [ 2959311.768232790287584, 1902084.923917143139988 ], [ 2959315.327522836625576, 1902082.393923046300188 ], [ 2959323.043177054263651, 1902071.817541238619015 ], [ 2959352.414180365856737, 1902024.956049141939729 ], [ 2959379.141987123060971, 1901974.084537889575586 ], [ 2959388.827942940406501, 1901949.157300212886184 ], [ 2959388.934742770157754, 1901948.897945531178266 ], [ 2959389.92652192665264, 1901949.864141300786287 ], [ 2959390.916443686001003, 1901950.821152234449983 ], [ 2959395.618983817752451, 1901955.378069673897699 ], [ 2959395.616566936485469, 1901955.383971437811852 ], [ 2959398.079925959929824, 1901957.774402066832408 ], [ 2959398.951259316876531, 1901958.6142795633059 ], [ 2959399.54286914691329, 1901959.190871289465576 ], [ 2959422.327747608534992, 1901984.760697559220716 ], [ 2959438.566352095454931, 1902002.984084424097091 ], [ 2959440.646849980112165, 1902005.312819772167131 ], [ 2959442.738008261658251, 1902007.658273276174441 ], [ 2959443.942926097195596, 1902009.005928421160206 ], [ 2959464.04388830717653, 1902029.466361805098131 ], [ 2959473.768746943213046, 1902039.36731298873201 ], [ 2959512.428446250967681, 1902085.283684371737763 ], [ 2959552.33173025213182, 1902133.14614544971846 ], [ 2959578.628507727757096, 1902164.278679121285677 ], [ 2959579.99444441543892, 1902165.535366328898817 ], [ 2959600.281133712269366, 1902184.195083247264847 ], [ 2959654.894002816639841, 1902231.587882224936038 ], [ 2959657.590690717101097, 1902233.995485123712569 ], [ 2959667.946335565298796, 1902243.271107915556058 ], [ 2959668.965060316026211, 1902244.184276504674926 ], [ 2959669.000100392848253, 1902244.215250202687457 ], [ 2959669.017654222436249, 1902244.230629732832313 ], [ 2959693.482091944199055, 1902266.141655679792166 ], [ 2959721.678501470014453, 1902287.069452447583899 ], [ 2959723.453548969700933, 1902288.685593639267609 ], [ 2959725.590007713995874, 1902290.642607701243833 ], [ 2959736.860211209859699, 1902297.651162008056417 ], [ 2959755.30944652389735, 1902306.437265728367493 ], [ 2959791.063476640731096, 1902313.715125077869743 ], [ 2959798.312095053493977, 1902315.193729175720364 ], [ 2959799.57039925083518, 1902315.450071271741763 ], [ 2959799.639784519560635, 1902315.463944642804563 ], [ 2959859.012687824200839, 1902326.291368984850124 ], [ 2959882.431326470337808, 1902327.798619475448504 ], [ 2959957.15459036687389, 1902332.631877570180222 ], [ 2959957.605267415288836, 1902332.660246203420684 ], [ 2959984.285326502285898, 1902334.382029085885733 ], [ 2959991.112297871150076, 1902334.414637896232307 ], [ 2959991.580912129022181, 1902334.420345920836553 ], [ 2959991.670060887932777, 1902334.420546598965302 ], [ 2960056.817337880842388, 1902334.731773110106587 ], [ 2960080.51364065008238, 1902336.295026546344161 ], [ 2960080.60443399567157, 1902336.304349295562133 ], [ 2960080.67923479154706, 1902336.307530398480594 ], [ 2960138.915934304241091, 1902340.147651494946331 ], [ 2960147.293702856637537, 1902339.513325079577044 ], [ 2960162.514527679421008, 1902338.368440096499398 ], [ 2960166.912974838167429, 1902338.040450347354636 ], [ 2960171.471787104383111, 1902337.697652815142646 ], [ 2960174.352814969606698, 1902337.738404706120491 ], [ 2960176.874557234346867, 1902337.774177323328331 ], [ 2960215.50290840305388, 1902325.985136421630159 ], [ 2960216.540449765510857, 1902325.66272997087799 ], [ 2960221.261307818815112, 1902323.978447475703433 ], [ 2960221.338167570531368, 1902323.952907026046887 ], [ 2960242.862533559091389, 1902314.339449601946399 ], [ 2960255.682852739933878, 1902308.6216614714358 ], [ 2960265.003546453081071, 1902304.454435479361564 ], [ 2960289.718933537602425, 1902290.361661166884005 ], [ 2960314.267890443094075, 1902276.370468812063336 ], [ 2960316.718162143602967, 1902275.040550131816417 ], [ 2960334.466887581162155, 1902265.397092133527622 ], [ 2960350.557914250530303, 1902256.64260445185937 ], [ 2960350.591361244674772, 1902256.62495696474798 ], [ 2960359.952553259208798, 1902251.531372534343973 ], [ 2960379.826174641493708, 1902240.721225448185578 ], [ 2960389.671776668168604, 1902235.363916331669316 ], [ 2960394.565156841184944, 1902232.705580033361912 ], [ 2960425.604305575601757, 1902215.825055953348055 ], [ 2960458.496465150266886, 1902197.948868676787242 ], [ 2960484.903685507364571, 1902183.577338071074337 ], [ 2960503.563873870298266, 1902171.724994202842936 ], [ 2960542.153404409531504, 1902147.194646143820137 ], [ 2960543.835388088598847, 1902145.96080900169909 ], [ 2960543.874115529470146, 1902145.932898348430172 ], [ 2960555.401362370699644, 1902137.493912943871692 ], [ 2960555.41949715372175, 1902137.471216853242368 ], [ 2960560.270568994339556, 1902133.921939112246037 ], [ 2960564.305289037991315, 1902130.961159986909479 ], [ 2960565.354622994083911, 1902130.19111412926577 ], [ 2960578.375337976031005, 1902120.661291318247095 ], [ 2960591.796024354174733, 1902107.002190115861595 ], [ 2960627.203166012186557, 1902070.967893521534279 ], [ 2960628.769894073717296, 1902069.084925861330703 ], [ 2960633.309262978844345, 1902063.649679548572749 ], [ 2960641.071431765332818, 1902054.372826083796099 ], [ 2960643.12292604893446, 1902051.914293171837926 ], [ 2960647.585149208083749, 1902046.580482973018661 ], [ 2960647.597655655816197, 1902046.568416522815824 ], [ 2960647.651535661891103, 1902046.500220077112317 ], [ 2960647.669571837875992, 1902046.477541761705652 ], [ 2960650.267265434376895, 1902043.373587647918612 ], [ 2960670.169362235348672, 1902019.589243351016194 ], [ 2960713.938238287344575, 1901970.334912018384784 ], [ 2960717.788072919938713, 1901966.00157842435874 ], [ 2960736.172525420319289, 1901955.553413318702951 ], [ 2960736.338908742181957, 1901955.452066320227459 ], [ 2960736.36576353572309, 1901955.437019945355132 ], [ 2960738.315564418677241, 1901954.326158155919984 ], [ 2960738.510545627214015, 1901954.218868941534311 ], [ 2960738.564322800375521, 1901954.188561554532498 ], [ 2960739.07929918775335, 1901953.890894847223535 ], [ 2960740.011456504464149, 1901953.363335593603551 ], [ 2960740.75562492152676, 1901952.941709463484585 ], [ 2960740.821809903718531, 1901952.899353389395401 ], [ 2960742.041453440673649, 1901952.20628720941022 ], [ 2960753.669591563753784, 1901945.594913267996162 ], [ 2960776.511366255581379, 1901930.060429700184613 ], [ 2960782.981387568637729, 1901925.650176670169458 ], [ 2960785.637722133658826, 1901923.642460867762566 ], [ 2960788.456954423338175, 1901921.515190259786323 ], [ 2960792.83451621234417, 1901918.207781669450924 ], [ 2960798.431909295730293, 1901913.971447506686673 ], [ 2960803.120663098059595, 1901911.290265943389386 ], [ 2960821.561317377258092, 1901900.745293370913714 ], [ 2960823.121426769532263, 1901900.085807586321607 ], [ 2960824.070451624225825, 1901899.687466508476064 ], [ 2960841.037996212951839, 1901892.502511977916583 ], [ 2960855.189262989442796, 1901884.592786607099697 ], [ 2960856.242765554692596, 1901884.001939463661984 ], [ 2960866.802111761644483, 1901880.494376906892285 ], [ 2960871.760351380333304, 1901878.846073458436877 ], [ 2960871.832081999164075, 1901878.793204293586314 ], [ 2960880.741793242748827, 1901872.250208862358704 ], [ 2960895.69186220318079, 1901862.713832962093875 ], [ 2960895.716859805397689, 1901862.689601814607158 ], [ 2960898.667243571020663, 1901860.430663852952421 ], [ 2960898.679848856292665, 1901860.418579804711044 ], [ 2960901.427677274681628, 1901858.306362313451245 ], [ 2960906.860848730430007, 1901854.142555153230205 ], [ 2960911.799812669400126, 1901850.34812245098874 ], [ 2960915.332103829830885, 1901847.63501742342487 ], [ 2960963.277484587393701, 1901810.853749498259276 ], [ 2960985.757826293352991, 1901792.734194199787453 ], [ 2960987.187768483534455, 1901791.581055729882792 ], [ 2960991.097522574476898, 1901788.429015343077481 ], [ 2961000.083576941862702, 1901781.188266523648053 ], [ 2961004.72084510885179, 1901777.447485372424126 ], [ 2961013.835903769358993, 1901770.103902012808248 ], [ 2961015.550670228432864, 1901768.729844655143097 ], [ 2961035.53982505062595, 1901751.171902359928936 ], [ 2961061.609832881018519, 1901728.282015098491684 ], [ 2961079.212803150527179, 1901712.826496700290591 ], [ 2961083.045460836496204, 1901709.463312229141593 ], [ 2961084.070922624319792, 1901708.565835970221087 ], [ 2961087.081075823865831, 1901705.91546738310717 ], [ 2961089.431441449560225, 1901703.858494719024748 ], [ 2961089.456537971273065, 1901703.834246025187895 ], [ 2961089.811639675870538, 1901703.475459986133501 ], [ 2961092.287638019770384, 1901701.02260755142197 ], [ 2961092.994449480436742, 1901700.324680616846308 ], [ 2961094.076308636926115, 1901699.254161477321759 ], [ 2961095.788045509718359, 1901697.549339731456712 ], [ 2961100.595919642597437, 1901693.649669008795172 ], [ 2961101.000924604013562, 1901693.318279459839687 ], [ 2961103.599368198774755, 1901691.199678649194539 ], [ 2961105.337427051737905, 1901689.792488271836191 ], [ 2961105.649292456451803, 1901689.518517893739045 ], [ 2961112.035600398667157, 1901683.600965426070616 ], [ 2961113.072013774421066, 1901682.644314860692248 ], [ 2961124.866953066550195, 1901671.725151001475751 ], [ 2961127.809789340011775, 1901668.994318371405825 ], [ 2961144.603865206241608, 1901653.449693424394354 ], [ 2961152.013105174526572, 1901646.591591822449118 ], [ 2961174.28145453799516, 1901625.969203882617876 ], [ 2961184.812283474951982, 1901616.215765811968595 ], [ 2961189.345829694531858, 1901612.553880446124822 ], [ 2961192.337405427359045, 1901611.612838845001534 ], [ 2961192.426644176710397, 1901611.575055125867948 ], [ 2961192.898215687833726, 1901611.438185347709805 ], [ 2961195.05706269107759, 1901609.743561998009682 ], [ 2961200.36716546677053, 1901604.848043927690014 ], [ 2961202.52789665106684, 1901602.101528132800013 ], [ 2961205.460373712703586, 1901600.140194287290797 ], [ 2961209.80525506939739, 1901597.943132744403556 ], [ 2961250.040600897744298, 1901577.596893757814541 ], [ 2961291.157622288912535, 1901546.734413854777813 ], [ 2961293.714848166331649, 1901543.298078544437885 ], [ 2961316.625291204079986, 1901512.509429522324353 ], [ 2961326.600898383185267, 1901493.484960551606491 ], [ 2961336.32031930424273, 1901474.949974893359467 ], [ 2961346.341327559202909, 1901436.154563058633357 ], [ 2961350.929316288791597, 1901421.890258246799931 ], [ 2961358.723749807104468, 1901397.640088888350874 ], [ 2961368.373626575805247, 1901379.404070467688143 ], [ 2961386.655392175540328, 1901344.851274734828621 ], [ 2961412.205841726623476, 1901291.123033176641911 ], [ 2961425.939723741263151, 1901267.037029097089544 ], [ 2961439.682837624102831, 1901240.874532605754212 ], [ 2961443.645494574680924, 1901216.453646152513102 ], [ 2961450.911518186796457, 1901203.436399697558954 ], [ 2961459.169820050243288, 1901188.63821621495299 ], [ 2961459.542600834742188, 1901188.057854243321344 ], [ 2961471.618796087801456, 1901169.066277040168643 ], [ 2961485.831783513538539, 1901146.689344119513407 ], [ 2961487.033151092939079, 1901144.324405958643183 ], [ 2961487.790198701899499, 1901142.829703552415594 ], [ 2961501.204281878191978, 1901116.376474813558161 ], [ 2961514.882264226209372, 1901089.394333156989887 ], [ 2961523.310815829783678, 1901073.215386181836948 ], [ 2961536.079435255844146, 1901048.688477910356596 ], [ 2961536.369534560013562, 1901048.220159778138623 ], [ 2961536.387473022565246, 1901048.197499817237258 ], [ 2961537.387475612573326, 1901046.613843724364415 ], [ 2961537.483035995624959, 1901046.451596732717007 ], [ 2961538.881319747306406, 1901044.225390331586823 ], [ 2961539.948014056310058, 1901042.523549842415377 ], [ 2961547.474866933654994, 1901030.531657102750614 ], [ 2961551.570774940773845, 1901023.997061275178567 ], [ 2961572.102431386709213, 1900991.246500693727285 ], [ 2961620.029376734048128, 1900918.099447218468413 ], [ 2961626.930287675000727, 1900907.470723618986085 ], [ 2961637.623050689697266, 1900891.015493914484978 ], [ 2961644.917263763956726, 1900880.777835520217195 ], [ 2961655.04952141083777, 1900866.543491851305589 ], [ 2961657.632031325250864, 1900862.922343925572932 ], [ 2961665.089494653977454, 1900849.145459960447624 ], [ 2961675.69279489479959, 1900837.682438581716269 ], [ 2961687.005735550075769, 1900821.912445137277246 ], [ 2961691.847723324317485, 1900815.163824700750411 ], [ 2961701.92359472066164, 1900799.842516575707123 ], [ 2961710.983636071905494, 1900786.060615579597652 ], [ 2961715.360486280638725, 1900779.400927484733984 ], [ 2961722.019622568041086, 1900769.258924137800932 ], [ 2961739.956049467902631, 1900744.301219878019765 ], [ 2961746.056100558489561, 1900738.511278681457043 ], [ 2961753.067269041202962, 1900732.634108382277191 ], [ 2961756.752967551816255, 1900717.669489020248875 ], [ 2961757.058885032311082, 1900716.458965869853273 ], [ 2961758.170317661482841, 1900711.924780944827944 ], [ 2961758.604912970215082, 1900710.175675984937698 ], [ 2961759.969150120392442, 1900704.622252654517069 ], [ 2961763.293661989271641, 1900691.126054180786014 ], [ 2961766.339292276650667, 1900674.542988086352125 ], [ 2961769.260716322809458, 1900658.630856191506609 ], [ 2961776.55425439029932, 1900647.247367625124753 ], [ 2961793.369789597578347, 1900639.671738811070099 ], [ 2961808.227987721562386, 1900629.55149273830466 ], [ 2961821.363467356190085, 1900618.01191082643345 ], [ 2961827.203350756317377, 1900612.219768689014018 ], [ 2961833.055841835215688, 1900606.415544194402173 ], [ 2961837.393416380509734, 1900596.476983 ], [ 2961837.755336908623576, 1900592.848551645409316 ], [ 2961837.979953153058887, 1900590.499517459888011 ], [ 2961837.185661601368338, 1900587.587547872681171 ], [ 2961836.462056647054851, 1900585.011215618578717 ], [ 2961827.621635151095688, 1900574.940807866863906 ], [ 2961815.178797534666955, 1900562.576285532908514 ], [ 2961803.822293581906706, 1900548.534471611957997 ], [ 2961795.36030229087919, 1900538.384529896313325 ], [ 2961790.174288468435407, 1900523.331389679573476 ], [ 2961785.589517017826438, 1900510.482246586121619 ], [ 2961785.721675910055637, 1900508.663979128235951 ], [ 2961787.200903399847448, 1900488.573716870974749 ], [ 2961787.11664785258472, 1900462.123735546367243 ], [ 2961781.549801057204604, 1900439.505676880478859 ], [ 2961775.732178975827992, 1900419.412874682573602 ], [ 2961773.281030655372888, 1900402.449757808819413 ], [ 2961789.098947441671044, 1900338.008600279921666 ], [ 2961762.251315045636147, 1900319.564907766180113 ], [ 2961738.455712999682873, 1900299.514398725936189 ], [ 2961715.583083969540894, 1900272.515702955191955 ], [ 2961702.604002153966576, 1900251.842536675278097 ], [ 2961694.028611043468118, 1900234.839152606669813 ], [ 2961680.629200514405966, 1900207.651406197808683 ], [ 2961679.602062245365232, 1900206.417615989455953 ], [ 2961678.649351905100048, 1900205.26301919692196 ], [ 2961677.991882403381169, 1900204.453889571595937 ], [ 2961676.377982592210174, 1900202.509664207464084 ], [ 2961663.467088859062642, 1900186.880678137997165 ], [ 2961621.649327774532139, 1900138.084152420749888 ], [ 2961614.816170917823911, 1900129.449025813024491 ], [ 2961614.464555964339525, 1900129.001786970766261 ], [ 2961588.399089404381812, 1900096.06169694242999 ], [ 2961566.155379982665181, 1900063.863305577775463 ], [ 2961560.320760418660939, 1900053.63560557202436 ], [ 2961552.515278153121471, 1900039.966075854375958 ], [ 2961537.589263312518597, 1900008.703711577458307 ], [ 2961532.1723986226134, 1899997.346185778034851 ], [ 2961531.992035340517759, 1899996.863056965405121 ], [ 2961529.755144702270627, 1899990.673200548859313 ], [ 2961527.484850169159472, 1899984.386260215193033 ], [ 2961523.121202006936073, 1899972.314957069931552 ], [ 2961507.420066227205098, 1899928.881287137512118 ], [ 2961506.853390873875469, 1899925.760617264080793 ], [ 2961501.093392659910023, 1899893.662901509087533 ], [ 2961472.554735281504691, 1899864.340027724159881 ], [ 2961456.048563050106168, 1899849.883161501493305 ], [ 2961456.03790323343128, 1899849.86644322052598 ], [ 2961455.946345010306686, 1899849.83366125379689 ], [ 2961434.006918184459209, 1899841.969417701940984 ], [ 2961400.068476954009384, 1899833.522542901569977 ], [ 2961360.599718976765871, 1899824.645771530456841 ], [ 2961330.370638522319496, 1899812.332104344386607 ], [ 2961330.354697757400572, 1899812.32564913155511 ], [ 2961318.236505878623575, 1899807.197604143992066 ], [ 2961297.210301214829087, 1899798.294226712081581 ], [ 2961286.476076921448112, 1899791.530060863355175 ], [ 2961286.374741272535175, 1899791.466227008961141 ], [ 2961278.615082806441933, 1899786.578306257491931 ], [ 2961259.830734355375171, 1899775.944220746867359 ], [ 2961246.279370412230492, 1899764.874312170781195 ], [ 2961232.631315546110272, 1899758.997010650811717 ], [ 2961223.414054233115166, 1899756.101499120006338 ], [ 2961207.933583226520568, 1899755.658288294682279 ], [ 2961194.483216416090727, 1899755.271832896163687 ], [ 2961187.925465912558138, 1899755.493377808947116 ], [ 2961172.170481322333217, 1899755.999496462522075 ], [ 2961157.627274758648127, 1899756.466597967781126 ], [ 2961143.464314538054168, 1899757.025661289459094 ], [ 2961125.437328992877156, 1899714.299001966137439 ], [ 2961111.407912206836045, 1899673.716728589730337 ], [ 2961093.072267020121217, 1899631.793669115984812 ], [ 2961092.22439201362431, 1899629.622409532079473 ], [ 2961089.029345253482461, 1899621.426622153725475 ], [ 2961088.609522432088852, 1899620.340051650768146 ], [ 2961088.579307626932859, 1899620.261229062452912 ], [ 2961088.538911030627787, 1899620.165501267183572 ], [ 2961088.46539094299078, 1899619.972538115922362 ], [ 2961088.095745456870645, 1899619.036541986977682 ], [ 2961096.775881282053888, 1899612.751614855369553 ], [ 2961106.762001303955913, 1899605.519818556727841 ], [ 2961110.126435712911189, 1899603.08907287963666 ], [ 2961112.197593587916344, 1899601.593097410164773 ], [ 2961113.777892564423382, 1899600.446741390740499 ], [ 2961113.797429012134671, 1899600.432907847454771 ], [ 2961113.849383210763335, 1899600.393613924272358 ], [ 2961114.399012531619519, 1899600.002870114520192 ], [ 2961114.510453668422997, 1899599.923133151372895 ], [ 2961114.551643130835146, 1899599.90500926063396 ], [ 2961154.335191786289215, 1899582.199377479963005 ], [ 2961170.421913222409785, 1899573.383177128620446 ], [ 2961191.960783942136914, 1899561.593763772398233 ], [ 2961210.171153820119798, 1899548.622659427812323 ], [ 2961210.821122840046883, 1899548.159640674712136 ], [ 2961210.862213704269379, 1899548.141534614143893 ], [ 2961218.612497875001281, 1899542.279363194247708 ], [ 2961219.467941413167864, 1899542.052357968408614 ], [ 2961222.591419824399054, 1899541.254361376166344 ], [ 2961224.345041885972023, 1899540.791366811143234 ], [ 2961246.549961479846388, 1899535.048098760191351 ], [ 2961268.00927363242954, 1899532.985589876538143 ], [ 2961301.424253186676651, 1899521.970623396569863 ], [ 2961328.052416115533561, 1899512.835851929616183 ], [ 2961362.896484804339707, 1899506.560949349077418 ], [ 2961361.486076611094177, 1899504.280417370609939 ], [ 2961352.88987669441849, 1899490.436132053844631 ], [ 2961346.97519865212962, 1899447.249748215777799 ], [ 2961347.67906868038699, 1899441.38018145179376 ], [ 2961357.011760641820729, 1899434.380849967710674 ], [ 2961389.910784001927823, 1899415.59340431750752 ], [ 2961407.184181409887969, 1899403.620844489196315 ], [ 2961411.733861315064132, 1899400.467554354574531 ], [ 2961416.692998153157532, 1899397.43692821264267 ], [ 2961429.35450931917876, 1899404.971140163950622 ], [ 2961442.015840280801058, 1899412.505489906761795 ], [ 2961455.789280983619392, 1899419.086462312145159 ], [ 2961461.201421065256, 1899419.598265403416008 ], [ 2961462.41983484197408, 1899419.721386512508616 ], [ 2961469.886509425938129, 1899377.05994677497074 ], [ 2961477.486360418610275, 1899344.980246787657961 ], [ 2961478.248972600791603, 1899330.961204707622528 ], [ 2961475.858701030723751, 1899325.533003153977916 ], [ 2961469.443015257827938, 1899310.927698605926707 ], [ 2961460.847550407983363, 1899291.380422427551821 ], [ 2961455.013919345103204, 1899280.962971788598225 ], [ 2961453.964545650407672, 1899279.099330850644037 ], [ 2961451.650788582861423, 1899274.981206432217732 ], [ 2961446.241608856711537, 1899265.317888786317781 ], [ 2961431.413819988723844, 1899238.866154374554753 ], [ 2961427.625302775762975, 1899233.778955359244719 ], [ 2961414.028629919048399, 1899215.5058076181449 ], [ 2961413.750415336340666, 1899215.131874819286168 ], [ 2961409.417641711886972, 1899210.111549985595047 ], [ 2961405.656128185335547, 1899205.757552893832326 ], [ 2961395.583051064051688, 1899194.866284659598023 ], [ 2961389.933698603417724, 1899189.241473862202838 ], [ 2961402.493241698481143, 1899175.104140783660114 ], [ 2961446.288513895124197, 1899122.731007983908057 ], [ 2961483.514583253767341, 1899082.397883541882038 ], [ 2961485.307803163304925, 1899080.454956775065511 ], [ 2961509.054338305722922, 1899057.376093876780942 ], [ 2961512.267251841723919, 1899054.257538094883785 ], [ 2961523.47050604596734, 1899048.254475189605728 ], [ 2961554.788216290995479, 1898993.950974776642397 ], [ 2961618.934782201889902, 1898887.060880710138008 ], [ 2961657.822666221298277, 1898841.995616684202105 ], [ 2961685.148451466113329, 1898836.019351063994691 ], [ 2961685.975318850483745, 1898835.836268457584083 ], [ 2961746.529712281189859, 1898830.135094089666381 ], [ 2961751.826393341645598, 1898830.387392800766975 ], [ 2961832.320381788536906, 1898834.161388037493452 ], [ 2961866.433862450532615, 1898832.618661818327382 ], [ 2961905.061727592721581, 1898825.685825752560049 ], [ 2961922.326138693839312, 1898820.85932857892476 ], [ 2961931.755982080008835, 1898818.226685883011669 ], [ 2961959.938712079077959, 1898805.747262336546555 ], [ 2961960.657747038174421, 1898805.42577867070213 ], [ 2961975.232139155268669, 1898804.640485705807805 ], [ 2961976.348465015180409, 1898804.576699496712536 ], [ 2962004.670795856509358, 1898803.624929464422166 ], [ 2962036.911007774993777, 1898802.542580384528264 ], [ 2962045.446099230088294, 1898802.409152145497501 ], [ 2962047.423382906708866, 1898802.382581675658002 ], [ 2962049.880385108292103, 1898802.340622743126005 ], [ 2962080.187136428430676, 1898801.872595345601439 ], [ 2962091.995608478784561, 1898801.696362918009982 ], [ 2962101.587427762337029, 1898801.104437036206946 ], [ 2962103.385352164972574, 1898800.992390319239348 ], [ 2962138.00222923932597, 1898798.852837458020076 ], [ 2962141.048487365245819, 1898798.668314506998286 ], [ 2962144.743721551261842, 1898797.712960944743827 ], [ 2962145.586595452856272, 1898797.498160307528451 ], [ 2962145.976071292534471, 1898797.397911440115422 ], [ 2962150.210752354003489, 1898796.309835564577952 ], [ 2962156.668989466503263, 1898794.651630388107151 ], [ 2962158.899610988795757, 1898794.07932185032405 ], [ 2962167.03507543541491, 1898791.983832639409229 ], [ 2962246.948741186410189, 1898779.260177051648498 ], [ 2962301.109861895442009, 1898771.11664199642837 ], [ 2962324.765805196017027, 1898764.587436843430623 ], [ 2962356.345061818137765, 1898755.871259334962815 ], [ 2962389.651788398623466, 1898748.438033778453246 ], [ 2962400.231509638950229, 1898746.07634616876021 ], [ 2962400.922625173814595, 1898745.921886469470337 ], [ 2962419.133637755177915, 1898743.910480238962919 ], [ 2962445.2395213926211, 1898741.021667589200661 ], [ 2962468.724671611562371, 1898738.42288411105983 ], [ 2962501.162996399682015, 1898736.306547963758931 ], [ 2962506.979281403124332, 1898735.929403967922553 ], [ 2962515.560243058949709, 1898735.370188086060807 ], [ 2962553.97832955699414, 1898732.445050076581538 ], [ 2962560.786206933669746, 1898731.263172149192542 ], [ 2962574.960788576863706, 1898728.791679844725877 ], [ 2962586.988047366961837, 1898723.199597327038646 ], [ 2962607.636285213753581, 1898701.230512671871111 ], [ 2962616.512894806452096, 1898688.730923409340903 ], [ 2962623.520286853425205, 1898678.877865531481802 ], [ 2962624.466098143719137, 1898677.751150593860075 ], [ 2962624.841927267611027, 1898677.302917101886123 ], [ 2962659.943743512034416, 1898635.355976288905367 ], [ 2962695.264335766900331, 1898594.803398767253384 ], [ 2962722.519311528652906, 1898564.789972222177312 ], [ 2962724.024603415280581, 1898563.204868216067553 ], [ 2962747.494954315945506, 1898538.399640643736348 ], [ 2962791.064920464996248, 1898494.223083737539127 ], [ 2962833.698965734802186, 1898445.942832330707461 ], [ 2962836.46353525435552, 1898442.805531347636133 ], [ 2962836.879516714252532, 1898442.216242634458467 ], [ 2962870.377871417440474, 1898395.56825960194692 ], [ 2962871.168333318084478, 1898394.483598401304334 ], [ 2962913.953703636769205, 1898347.631383586209267 ], [ 2962929.429550004191697, 1898323.812156282830983 ], [ 2962941.295078278053552, 1898316.80568779213354 ], [ 2962956.089937688782811, 1898308.04820541315712 ], [ 2963004.803718369454145, 1898276.103980363113806 ], [ 2963026.540637758094817, 1898263.485132696339861 ], [ 2963054.382749231066555, 1898247.33180876285769 ], [ 2963095.341848906129599, 1898227.935878597199917 ], [ 2963099.402929905802011, 1898226.0045509301126 ], [ 2963107.888364790473133, 1898221.980444957502186 ], [ 2963108.959784206934273, 1898221.481162921991199 ], [ 2963111.003377058543265, 1898220.427498851204291 ], [ 2963111.261195737868547, 1898220.297618694137782 ], [ 2963113.546531121246517, 1898219.108048002002761 ], [ 2963114.553848353214562, 1898218.584015770116821 ], [ 2963115.284136309288442, 1898218.203839816851541 ], [ 2963118.883218741975725, 1898216.341006268979982 ], [ 2963176.073145032860339, 1898186.703651214949787 ], [ 2963245.638346333056688, 1898145.824362510582432 ], [ 2963267.928417732007802, 1898132.512735449476168 ], [ 2963268.942008783109486, 1898131.902429812354967 ], [ 2963270.65042011346668, 1898130.881457935785875 ], [ 2963273.386398389935493, 1898129.246762607945129 ], [ 2963274.507292065769434, 1898128.576102106366307 ], [ 2963302.162348329555243, 1898112.056117121363059 ], [ 2963306.980082592926919, 1898109.331667512888089 ], [ 2963341.563516294583678, 1898089.862802648451179 ], [ 2963366.164892247878015, 1898076.01022323872894 ], [ 2963398.71713224472478, 1898057.147541185142472 ], [ 2963402.562312133610249, 1898055.763672790722921 ], [ 2963444.955184186808765, 1898040.502891158917919 ], [ 2963446.842693744692951, 1898039.842058622045442 ], [ 2963480.22337742196396, 1898028.175424926681444 ], [ 2963491.315096304751933, 1898022.772085994016379 ], [ 2963493.143831444904208, 1898021.877273343969136 ], [ 2963505.963862144388258, 1898010.750590721378103 ], [ 2963526.567896745167673, 1897992.858472261577845 ], [ 2963558.651218832470477, 1897970.438939598621801 ], [ 2963559.08488935790956, 1897970.139617339940742 ], [ 2963559.583224714267999, 1897969.788904788671061 ], [ 2963560.973819768987596, 1897968.815435474272817 ], [ 2963562.996424854267389, 1897967.018122752197087 ], [ 2963563.843459231778979, 1897966.272254537791014 ], [ 2963623.856431337073445, 1897913.211097586201504 ], [ 2963645.17375348880887, 1897885.1486475688871 ], [ 2963650.153568025678396, 1897878.592255304567516 ], [ 2963651.539834278635681, 1897876.767327635083348 ], [ 2963651.632887466344982, 1897876.549247466260567 ], [ 2963652.664506136439741, 1897874.144672172144055 ], [ 2963676.970778277143836, 1897817.636828767834231 ], [ 2963694.847817753441632, 1897770.906594728585333 ], [ 2963724.676971993874758, 1897722.865362324286252 ], [ 2963749.582996604498476, 1897687.553838990395889 ], [ 2963752.583431125152856, 1897674.980899529531598 ], [ 2963751.581974462606013, 1897654.361941281706095 ], [ 2963750.651097927242517, 1897635.262675421312451 ], [ 2963751.551171153783798, 1897616.698508373228833 ], [ 2963751.781290422193706, 1897611.848074661567807 ], [ 2963751.931121359113604, 1897602.392119409516454 ], [ 2963752.266401487402618, 1897581.341560416156426 ], [ 2963754.226841221563518, 1897460.438643094152212 ], [ 2963754.486768710426986, 1897440.209011129569262 ], [ 2963754.499247877858579, 1897439.486468250397593 ], [ 2963755.258989490102977, 1897381.29299614392221 ], [ 2963755.482516824267805, 1897379.995867466786876 ], [ 2963755.936952701769769, 1897377.362215744331479 ], [ 2963757.013126176781952, 1897371.207305755000561 ], [ 2963770.231220125686377, 1897338.601306986063719 ], [ 2963778.367720431648195, 1897318.52086217654869 ], [ 2963783.532528648152947, 1897300.048377575818449 ], [ 2963783.413239292800426, 1897294.248212080448866 ], [ 2963780.028087079524994, 1897292.201122015947476 ], [ 2963776.637517786584795, 1897290.16472394275479 ], [ 2963769.842018285766244, 1897287.316813078476116 ], [ 2963768.608278620056808, 1897286.798641354776919 ], [ 2963760.634474861435592, 1897281.517063953680918 ], [ 2963754.725495675578713, 1897277.896170756081119 ], [ 2963754.566711402032524, 1897276.461259741103277 ], [ 2963753.744095570407808, 1897269.05613766447641 ], [ 2963758.145285500679165, 1897226.097763295983896 ], [ 2963758.694920655339956, 1897220.735223638825119 ], [ 2963758.348835112992674, 1897177.644525167997926 ], [ 2963758.287316811271012, 1897169.587438485119492 ], [ 2963758.268106537871063, 1897167.356062110280618 ], [ 2963758.221761181019247, 1897160.602904720930383 ], [ 2963758.161890198476613, 1897153.303188383346424 ], [ 2963758.024551874957979, 1897145.432537995278835 ], [ 2963757.562704221345484, 1897118.884833932854235 ], [ 2963759.5086580645293, 1897118.808604108868167 ], [ 2963759.725737894885242, 1897118.796098103513941 ], [ 2963759.751271914690733, 1897118.795163707574829 ], [ 2963759.758425863459706, 1897118.794184417463839 ], [ 2963759.939852139912546, 1897118.850949882762507 ], [ 2963782.675455348100513, 1897125.671283284667879 ], [ 2963782.846912049688399, 1897122.992708324454725 ], [ 2963785.295713881030679, 1897083.938788676634431 ], [ 2963792.360960855148733, 1897052.83998976717703 ], [ 2963804.159545495174825, 1897000.972536096349359 ], [ 2963811.929056461900473, 1896888.33535517170094 ], [ 2963824.968847488518804, 1896769.48898498271592 ], [ 2963834.873062554281205, 1896657.134470987366512 ], [ 2963835.420190042350441, 1896600.947231194237247 ], [ 2963833.280739003792405, 1896587.765645582228899 ], [ 2963829.507490502670407, 1896564.56427317392081 ], [ 2963814.507877049036324, 1896524.998646077467129 ], [ 2963814.383285852149129, 1896524.494385421508923 ], [ 2963801.459588791709393, 1896471.025030514458194 ], [ 2963789.449194226413965, 1896438.817964868387207 ], [ 2963788.429845129139721, 1896436.085770814446732 ], [ 2963787.41942869592458, 1896433.361289890948683 ], [ 2963779.510409305337816, 1896412.134498983388767 ], [ 2963756.520476688630879, 1896361.759328285697848 ], [ 2963733.654209083411843, 1896322.496938807889819 ], [ 2963712.871660110540688, 1896279.27457766328007 ], [ 2963680.013743023853749, 1896221.097440531710163 ], [ 2963659.143986292183399, 1896189.287831328576431 ], [ 2963631.816075848415494, 1896162.674241921631619 ], [ 2963624.526718727312982, 1896155.575438030529767 ], [ 2963611.869847340509295, 1896141.55703077162616 ], [ 2963599.055638078600168, 1896127.372749366797507 ], [ 2963587.31941044703126, 1896115.444084778428078 ], [ 2963584.083985824137926, 1896112.14392379601486 ], [ 2963580.82741570379585, 1896108.848061750875786 ], [ 2963577.827000631019473, 1896103.443181629292667 ], [ 2963577.288306827191263, 1896102.476361462846398 ], [ 2963573.677496886346489, 1896095.996425613528118 ], [ 2963568.10263200616464, 1896085.987910714698955 ], [ 2963553.501582071185112, 1896062.431616785237566 ], [ 2963543.979001986794174, 1896047.074624847387895 ], [ 2963542.079534942284226, 1896044.005885411053896 ], [ 2963540.208082869183272, 1896040.969280595658347 ], [ 2963532.031022790353745, 1896029.564261259743944 ], [ 2963531.397942134644836, 1896028.844410924939439 ], [ 2963525.015335815958679, 1896021.685573543421924 ], [ 2963517.442455417942256, 1896013.175487481290475 ], [ 2963513.424234778620303, 1896008.675273455912247 ], [ 2963511.620471066329628, 1896006.62860523420386 ], [ 2963505.474784906953573, 1895999.268520277459174 ], [ 2963491.901716456748545, 1895982.989029516698793 ], [ 2963488.656680956482887, 1895979.084720480488613 ], [ 2963477.557236124761403, 1895966.32220460800454 ], [ 2963476.553226875141263, 1895965.168299342738464 ], [ 2963468.771414271555841, 1895956.218909041490406 ], [ 2963468.751937117427588, 1895956.194558413233608 ], [ 2963464.456291820853949, 1895950.338448721449822 ], [ 2963460.609993102494627, 1895945.094808144494891 ], [ 2963455.863769326359034, 1895940.160090055316687 ], [ 2963454.377146232873201, 1895938.615042885998264 ], [ 2963454.359608468599617, 1895938.59976071305573 ], [ 2963451.818341673351824, 1895935.949782969197258 ], [ 2963451.793530201539397, 1895935.936007827054709 ], [ 2963446.813516865950078, 1895931.755313985981047 ], [ 2963444.15504549164325, 1895929.523460839875042 ], [ 2963444.130135309882462, 1895929.509703407296911 ], [ 2963441.847976147197187, 1895927.762071921490133 ], [ 2963437.969792368356138, 1895924.795499705476686 ], [ 2963435.827627555467188, 1895923.160461094463244 ], [ 2963435.740807839669287, 1895923.093411921756342 ], [ 2963435.104379597585648, 1895922.592155697988346 ], [ 2963435.079484964255244, 1895922.578496731817722 ], [ 2963433.43362004449591, 1895921.843662323663011 ], [ 2963433.408611151855439, 1895921.829922602977604 ], [ 2963430.490138851106167, 1895920.528109894366935 ], [ 2963426.051974615082145, 1895918.531305679120123 ], [ 2963400.861153566278517, 1895901.371186595177278 ], [ 2963373.281886984128505, 1895870.182033858727664 ], [ 2963361.829124547541142, 1895857.237696507479995 ], [ 2963326.712864963337779, 1895807.83202817896381 ], [ 2963316.32120514428243, 1895795.119914937298745 ], [ 2963303.243268249090761, 1895794.424013649113476 ], [ 2963247.455429265741259, 1895745.637795115588233 ], [ 2962997.558750643394887, 1895500.212018129881471 ], [ 2962766.901584425475448, 1895286.732935190200806 ], [ 2962493.216997975483537, 1895036.728504584636539 ], [ 2962409.431528980843723, 1894958.641427683876827 ], [ 2962429.39319156575948, 1894924.224176604067907 ], [ 2962433.57838787836954, 1894917.254012285731733 ], [ 2962452.060899248812348, 1894886.471899915253744 ], [ 2962467.097104262560606, 1894862.112104471307248 ], [ 2962481.78430254291743, 1894840.629256604705006 ], [ 2962493.585848739836365, 1894824.610359447309747 ], [ 2962496.101092195138335, 1894821.203730223234743 ], [ 2962506.880692136473954, 1894808.790075757773593 ], [ 2962524.015656811650842, 1894789.891519090160728 ], [ 2962542.640907820314169, 1894770.150166236795485 ], [ 2962548.393802584148943, 1894764.056726036360487 ], [ 2962554.653835247270763, 1894757.421257565030828 ], [ 2962593.272831613197923, 1894721.772395769832656 ], [ 2962617.996167376637459, 1894698.555632303003222 ], [ 2962626.720556228421628, 1894691.043805876281112 ], [ 2962637.928155235014856, 1894681.372838201699778 ], [ 2962659.256392614450306, 1894662.571544649079442 ], [ 2962664.959310809150338, 1894658.184137310367078 ], [ 2962668.096994367428124, 1894655.755227360641584 ], [ 2962685.265963993035257, 1894644.607502902625129 ], [ 2962707.091500546783209, 1894630.220010671531782 ], [ 2962707.915315841790289, 1894629.756858287611976 ], [ 2962730.217626438010484, 1894617.217728677671403 ], [ 2962743.433209504466504, 1894609.768810789566487 ], [ 2962776.036129129119217, 1894593.208069094922394 ], [ 2962776.184829668141901, 1894593.129558635875583 ], [ 2962776.639437707141042, 1894592.901613978203386 ], [ 2962805.161883050575852, 1894578.4181764787063 ], [ 2962823.9349445682019, 1894570.107780965045094 ], [ 2962825.176840723026544, 1894569.563368174713105 ], [ 2962835.66936879651621, 1894564.930105086648837 ], [ 2962886.308271604124457, 1894550.187828048365191 ], [ 2962952.834504679776728, 1894531.178877544822171 ], [ 2962955.394193583633751, 1894530.45309600722976 ], [ 2962967.121627037413418, 1894527.17149621527642 ], [ 2962973.295662418939173, 1894525.441983223194256 ], [ 2962973.711963764857501, 1894525.326312116347253 ], [ 2962974.028437511529773, 1894525.231582945212722 ], [ 2962979.179887168109417, 1894523.792192234890535 ], [ 2963021.144224275369197, 1894512.014921123394743 ], [ 2963043.655364125035703, 1894505.725520648760721 ], [ 2963067.607078746892512, 1894499.039663327392191 ], [ 2963112.422522368840873, 1894486.541878119111061 ], [ 2963114.870942725799978, 1894485.859048487618566 ], [ 2963153.459194564260542, 1894474.060817236080766 ], [ 2963154.59073766740039, 1894473.719469448784366 ], [ 2963194.376826564781368, 1894458.734499899903312 ], [ 2963196.714827726129442, 1894457.856326098088175 ], [ 2963235.713958996348083, 1894439.361314120935276 ], [ 2963252.123364015016705, 1894430.250078717945144 ], [ 2963256.661403422243893, 1894427.36708226846531 ], [ 2963256.87486963532865, 1894427.199199675116688 ], [ 2963259.729995323345065, 1894424.924607853172347 ], [ 2963262.305951219983399, 1894422.746354793198407 ], [ 2963266.766970972530544, 1894420.400426697917283 ], [ 2963270.906934107653797, 1894418.282885783119127 ], [ 2963282.924407489597797, 1894412.516477501252666 ], [ 2963308.415822169277817, 1894397.117203027475625 ], [ 2963344.076439615804702, 1894370.82665158319287 ], [ 2963353.598591060843319, 1894362.880287100328133 ], [ 2963365.094717647880316, 1894353.286559710279107 ], [ 2963387.009534624405205, 1894334.9053090212401 ], [ 2963394.641514935530722, 1894327.424709655810148 ], [ 2963395.626343263313174, 1894326.460679304320365 ], [ 2963410.682185123674572, 1894311.694761021295562 ], [ 2963411.070686826948076, 1894311.272438194137067 ], [ 2963429.957375087309629, 1894290.930518556851894 ], [ 2963432.565044771879911, 1894288.129992226604372 ], [ 2963450.947876431979239, 1894268.386214489350095 ], [ 2963456.463989300653338, 1894261.936325037153438 ], [ 2963468.941227214876562, 1894247.360229567857459 ], [ 2963484.681403384543955, 1894227.781908291392028 ], [ 2963487.749888862948865, 1894223.956731720129028 ], [ 2963508.501711489632726, 1894195.798846032470465 ], [ 2963512.437876921147108, 1894190.702815311262384 ], [ 2963528.394651189446449, 1894170.103578064590693 ], [ 2963530.123718683607876, 1894167.449391226517037 ], [ 2963539.94177175546065, 1894152.398294203914702 ], [ 2963548.67297831736505, 1894137.176910755923018 ], [ 2963556.476836014539003, 1894123.580118630779907 ], [ 2963568.581794020254165, 1894099.601404681336135 ], [ 2963579.969660581089556, 1894075.403818073915318 ], [ 2963590.971179415471852, 1894050.690414995420724 ], [ 2963595.404021048918366, 1894039.154033455997705 ], [ 2963595.938994279131293, 1894037.772849974455312 ], [ 2963605.393984508700669, 1894010.248435241868719 ], [ 2963606.041737081017345, 1894008.360529880505055 ], [ 2963614.208974936045706, 1893978.927488789660856 ], [ 2963617.170081307180226, 1893965.606295209843665 ], [ 2963625.550162777770311, 1893933.552466381108388 ], [ 2963631.640050219371915, 1893900.102990321582183 ], [ 2963635.357565093785524, 1893872.95621452620253 ], [ 2963635.874366585630924, 1893869.978270915104076 ], [ 2963639.070542170666158, 1893851.588079381268471 ], [ 2963641.324596575461328, 1893836.009314746595919 ], [ 2963641.530206310562789, 1893831.536375000141561 ], [ 2959263.166174999438226, 1893831.536375000141561 ], [ 2959263.166174999438226, 1902109.011500833090395 ], [ 2959271.849451729562134, 1902113.408412210643291 ] ] ], [ [ [ 2970136.218653882853687, 1893832.801932159811258 ], [ 2970140.423391091637313, 1893840.148182611213997 ], [ 2970141.456404196098447, 1893853.124911266379058 ], [ 2970135.05738119315356, 1893870.470343361143023 ], [ 2970122.780396143440157, 1893902.030715633649379 ], [ 2970133.740767318755388, 1893907.154246290680021 ], [ 2970141.856289011891931, 1893909.185323775745928 ], [ 2970164.390970042906702, 1893914.824990898137912 ], [ 2970171.268193373456597, 1893914.578266566153616 ], [ 2970171.457058446481824, 1893914.571464208653197 ], [ 2970214.896091400645673, 1893906.789355779765174 ], [ 2970225.39021947234869, 1893908.959077198756859 ], [ 2970235.518527807667851, 1893915.244151336373761 ], [ 2970239.878855371382087, 1893923.574995309347287 ], [ 2970240.756296625360847, 1893935.567148734116927 ], [ 2970233.214735850691795, 1893952.10480156284757 ], [ 2970216.88830187683925, 1893977.303528286749497 ], [ 2970216.001666316296905, 1893984.549446544842795 ], [ 2970220.727634703740478, 1893988.765073236776516 ], [ 2970231.221660797484219, 1893990.934812870109454 ], [ 2970237.14512044750154, 1893989.873642095597461 ], [ 2970292.732553938869387, 1894001.176496061729267 ], [ 2970310.914424896240234, 1894007.031185359694064 ], [ 2970322.340874893590808, 1894015.108636582735926 ], [ 2970325.964169566053897, 1894019.74627519864589 ], [ 2970329.97355495300144, 1894024.878077808069065 ], [ 2970334.955439605750144, 1894037.147406752686948 ], [ 2970334.845736037474126, 1894049.316413267282769 ], [ 2970330.786895321682096, 1894062.192888687131926 ], [ 2970321.27095596306026, 1894079.084344279486686 ], [ 2970309.417450272478163, 1894089.634205470094457 ], [ 2970307.028754695318639, 1894091.760219738120213 ], [ 2970226.577113294973969, 1894141.608834475744516 ], [ 2970206.932623667176813, 1894152.215309424558654 ], [ 2970204.592506859917194, 1894156.68436393304728 ], [ 2970213.889037232846022, 1894164.130805855849758 ], [ 2970235.132928465493023, 1894176.524094799533486 ], [ 2970258.451990059111267, 1894195.632727620890364 ], [ 2970307.421248994767666, 1894248.619072492001578 ], [ 2970309.825027525890619, 1894250.861836136318743 ], [ 2970338.373060910031199, 1894277.497302208095789 ], [ 2970352.651640988886356, 1894297.213107573334128 ], [ 2970360.384934153873473, 1894314.051750441314653 ], [ 2970359.443328797351569, 1894327.382279872195795 ], [ 2970355.229270850308239, 1894339.274142089765519 ], [ 2970343.427943801507354, 1894354.550152098760009 ], [ 2970332.202725220471621, 1894360.610941280145198 ], [ 2970323.617100334726274, 1894364.045665330253541 ], [ 2970309.285742463544011, 1894369.778839956270531 ], [ 2970299.203083930537105, 1894376.647413429571316 ], [ 2970287.401886846404523, 1894391.923429454676807 ], [ 2970284.385304917581379, 1894398.538494083564728 ], [ 2970283.187660259660333, 1894403.815342793241143 ], [ 2970281.194901479408145, 1894442.645371940452605 ], [ 2970277.968240482732654, 1894454.360372382681817 ], [ 2970265.179628752171993, 1894469.813307144446298 ], [ 2970255.09709966275841, 1894476.681882089702412 ], [ 2970231.869400823488832, 1894483.880599356722087 ], [ 2970213.943653442896903, 1894486.079645562451333 ], [ 2970206.877385643310845, 1894486.333112965337932 ], [ 2970178.357036529108882, 1894479.29325332865119 ], [ 2970174.718913525342941, 1894481.969948823563755 ], [ 2970173.676877819932997, 1894488.231390791945159 ], [ 2970175.742806639522314, 1894514.184934058226645 ], [ 2970186.428857138380408, 1894549.731137221679091 ], [ 2970187.306429484859109, 1894561.723243241198361 ], [ 2970182.72689582593739, 1894577.730485740816221 ], [ 2970179.399574579671025, 1894582.376425951253623 ], [ 2970174.774208392947912, 1894585.229992652777582 ], [ 2970168.997932591475546, 1894585.681648920755833 ], [ 2970164.746393633075058, 1894586.014039556961507 ], [ 2970153.265054313465953, 1894584.021210544044152 ], [ 2970107.083883490413427, 1894567.996070248773322 ], [ 2970093.939041364006698, 1894568.326204521814361 ], [ 2970082.713722102344036, 1894574.387117662234232 ], [ 2970074.084580579772592, 1894584.03266065241769 ], [ 2970066.543228805996478, 1894600.5705546149984 ], [ 2970065.446339630521834, 1894612.916506782872602 ], [ 2970068.298452234826982, 1894624.554974839556962 ], [ 2970083.664892572909594, 1894651.162984627764672 ], [ 2970094.981816087849438, 1894671.409361934289336 ], [ 2970106.998709793202579, 1894688.88032310269773 ], [ 2970126.60127574717626, 1894717.379558323184028 ], [ 2970150.587684321217239, 1894753.580292931525037 ], [ 2970161.07278797775507, 1894774.98818892869167 ], [ 2970174.510599739849567, 1894815.103803600883111 ], [ 2970178.450639272108674, 1894833.63453441625461 ], [ 2970178.286288266070187, 1894851.888121925061569 ], [ 2970171.440503018908203, 1894937.148293371545151 ], [ 2970169.638235537335277, 1894954.951078619342297 ], [ 2970169.457099372521043, 1894956.740257846191525 ], [ 2970158.689163632690907, 1894984.993276038439944 ], [ 2970149.018033739179373, 1895000.900223086588085 ], [ 2970140.389006562065333, 1895010.545886524021626 ], [ 2970122.564059912692755, 1895019.814128715312108 ], [ 2970098.193945313803852, 1895026.205232187174261 ], [ 2970078.138428905513138, 1895027.77339433808811 ], [ 2970060.422962406650186, 1895024.872666685143486 ], [ 2970043.173602217808366, 1895024.925737434066832 ], [ 2970032.103880629874766, 1895031.971205451991409 ], [ 2970014.535080805420876, 1895049.293348670238629 ], [ 2969995.924219507258385, 1895072.876800237456337 ], [ 2969971.956857380457222, 1895107.544619174208492 ], [ 2969968.839722412638366, 1895107.090621425071731 ], [ 2969955.648973322473466, 1895094.26708735153079 ], [ 2969941.425008552148938, 1895068.466801461065188 ], [ 2969935.455762353725731, 1895056.374292986001819 ], [ 2969932.393345644231886, 1895049.83579430100508 ], [ 2969924.705629173666239, 1895046.150907840114087 ], [ 2969921.743901768699288, 1895046.681537239346653 ], [ 2969915.299623442813754, 1895050.873509544879198 ], [ 2969910.774917311035097, 1895060.796268897596747 ], [ 2969897.23801780724898, 1895122.956550131551921 ], [ 2969887.76835366897285, 1895153.002068964065984 ], [ 2969869.039368721656501, 1895207.993017699569464 ], [ 2969870.748964016325772, 1895218.823774763615802 ], [ 2969885.439220203086734, 1895247.577936902409419 ], [ 2969901.893783270381391, 1895281.078356578480452 ], [ 2969907.909109003841877, 1895306.32453054189682 ], [ 2969909.874761242419481, 1895325.209079159423709 ], [ 2969903.934011992998421, 1895364.747008996084332 ], [ 2969904.866571531631052, 1895370.654648092575371 ], [ 2969910.369637585245073, 1895379.793296575546265 ], [ 2969965.628268210217357, 1895427.602960332296789 ], [ 2969991.598392799496651, 1895444.211659330641851 ], [ 2969999.386871504597366, 1895454.965804480947554 ], [ 2970005.045247669797391, 1895465.089013707591221 ], [ 2970007.431294494308531, 1895473.773661572718993 ], [ 2970009.716698365285993, 1895475.389145430875942 ], [ 2970046.50018291734159, 1895476.898517041699961 ], [ 2970052.734528694301844, 1895477.806404951494187 ], [ 2970058.114996883552521, 1895481.145233601331711 ], [ 2970062.862976612523198, 1895484.091448451858014 ], [ 2970107.99316792562604, 1895525.616381713422015 ], [ 2970123.935718932189047, 1895543.009240455692634 ], [ 2970133.643727597780526, 1895559.494241148466244 ], [ 2970142.310031847562641, 1895582.240604987600818 ], [ 2970145.107671482488513, 1895599.963670072378591 ], [ 2970146.141015094704926, 1895612.940569767728448 ], [ 2970146.089621079154313, 1895618.650905747199431 ], [ 2970145.758146086707711, 1895655.532589135458693 ], [ 2970147.677768461406231, 1895661.263403608696535 ], [ 2970157.961745802313089, 1895668.533083186484873 ], [ 2970206.16323050390929, 1895697.358244149945676 ], [ 2970226.264652514830232, 1895708.94380292436108 ], [ 2970231.511681309901178, 1895710.028703424613923 ], [ 2970234.31788322981447, 1895708.513478998327628 ], [ 2970236.036283477209508, 1895700.105936221079901 ], [ 2970231.520317717455328, 1895690.790381518192589 ], [ 2970201.20707309897989, 1895627.37393547873944 ], [ 2970201.243135406635702, 1895627.294981648679823 ], [ 2970204.223440797999501, 1895620.758699072524905 ], [ 2970206.042505046352744, 1895619.420328042702749 ], [ 2970210.302294908557087, 1895620.68209790578112 ], [ 2970212.981979809235781, 1895625.695279004750773 ], [ 2970227.588653196580708, 1895653.021229680627584 ], [ 2970244.929966344498098, 1895679.27569695119746 ], [ 2970249.656005668453872, 1895683.491355756996199 ], [ 2970252.77312536817044, 1895683.94527371879667 ], [ 2970263.687325431033969, 1895675.915191897191107 ], [ 2970273.458858386613429, 1895667.077257182216272 ], [ 2970284.839495617430657, 1895662.000933770090342 ], [ 2970296.841683477163315, 1895660.863046365790069 ], [ 2970309.310036476701498, 1895662.679163691122085 ], [ 2970325.67277283873409, 1895669.872216343414038 ], [ 2970340.838205821812153, 1895682.342136826599017 ], [ 2970353.508066843263805, 1895698.296570937614888 ], [ 2970360.099069578573108, 1895714.32758885063231 ], [ 2970362.220417146570981, 1895734.196782544488087 ], [ 2970354.863612063229084, 1895803.34974585310556 ], [ 2970354.964379256591201, 1895810.418903342448175 ], [ 2970355.896984746679664, 1895816.326661723898724 ], [ 2970362.698068211320788, 1895827.257693009683862 ], [ 2970372.150150287896395, 1895835.688942930893973 ], [ 2970387.836591591127217, 1895845.028130681952462 ], [ 2970405.1864969660528, 1895852.044463996775448 ], [ 2970451.934726229868829, 1895878.092974371975288 ], [ 2970461.23138342006132, 1895885.539516657823697 ], [ 2970481.379001560155302, 1895910.278989563928917 ], [ 2970489.944532788358629, 1895925.956311896909028 ], [ 2970497.779122894164175, 1895949.864277240587398 ], [ 2970500.732259329408407, 1895968.572023956570774 ], [ 2970500.933640628587455, 1895982.710484640672803 ], [ 2970503.840821706689894, 1895988.264403681503609 ], [ 2970508.566865332424641, 1895992.47999693104066 ], [ 2970549.080786569509655, 1896017.620669646654278 ], [ 2970562.273409248329699, 1896027.4029538447503 ], [ 2970574.374576454050839, 1896036.375794446328655 ], [ 2970582.994966283906251, 1896045.968573834281415 ], [ 2970588.808958604000509, 1896057.076594909420237 ], [ 2970592.749360393732786, 1896075.607493417803198 ], [ 2970591.652859651483595, 1896087.953428600449115 ], [ 2970588.426378080621362, 1896099.668577095959336 ], [ 2970578.755488909315318, 1896115.575669676065445 ], [ 2970568.673163707368076, 1896122.444298727437854 ], [ 2970556.305421187542379, 1896127.697414722759277 ], [ 2970556.121387793216854, 1896127.722588397795334 ], [ 2970545.167980695609003, 1896129.219973540864885 ], [ 2970532.456581697333604, 1896130.957588310120627 ], [ 2970469.017647326923907, 1896134.223324177786708 ], [ 2970457.381134175229818, 1896131.245766929350793 ], [ 2970456.912576399743557, 1896131.051786075346172 ], [ 2970457.049999946728349, 1896141.256617544218898 ], [ 2970454.025859536603093, 1896157.530766497598961 ], [ 2970446.336200295947492, 1896189.360759097384289 ], [ 2970435.426488331053406, 1896253.575842790305614 ], [ 2970428.912075857631862, 1896310.103902412112802 ], [ 2970422.730748229194432, 1896346.098691811785102 ], [ 2970421.696204781532288, 1896352.147704518167302 ], [ 2970421.522117679007351, 1896353.159377502044663 ], [ 2970420.588667803443968, 1896394.499668197939172 ], [ 2970420.543872509151697, 1896396.876388225704432 ], [ 2970420.376948340795934, 1896405.812667230376974 ], [ 2970419.980674006044865, 1896427.154737453907728 ], [ 2970419.95566911669448, 1896428.447799722664058 ], [ 2970422.322987001389265, 1896447.622851880500093 ], [ 2970427.028362819459289, 1896475.353953895159066 ], [ 2970428.451043498702347, 1896482.23533320100978 ], [ 2970429.163825780153275, 1896485.723098127637058 ], [ 2970431.321860578842461, 1896496.172842857893556 ], [ 2970437.581511522177607, 1896518.60845726239495 ], [ 2970443.777177925221622, 1896537.335788182681426 ], [ 2970449.971289910376072, 1896556.053884016117081 ], [ 2970458.407780944369733, 1896574.380372100044042 ], [ 2970466.919449334964156, 1896593.145772346062586 ], [ 2970482.630930844694376, 1896619.396967677865177 ], [ 2970535.627714792266488, 1896693.585924693383276 ], [ 2970561.313119744881988, 1896730.759976334637031 ], [ 2970595.371566313318908, 1896776.491787470178679 ], [ 2970604.933726872317493, 1896789.33748022117652 ], [ 2970613.006190927699208, 1896800.173797015333548 ], [ 2970625.969990006182343, 1896817.585082810837775 ], [ 2970668.349186113104224, 1896876.118601333117113 ], [ 2970738.886194361373782, 1896972.826558810658753 ], [ 2970817.365337538532913, 1897072.434668034780771 ], [ 2970853.424280487000942, 1897122.835486290277913 ], [ 2970855.309883245266974, 1897125.491702561965212 ], [ 2970922.917752135079354, 1897224.175155071541667 ], [ 2970969.933525909204036, 1897289.527626740280539 ], [ 2970972.176131037063897, 1897292.545038380892947 ], [ 2971020.610505578573793, 1897357.905084213474765 ], [ 2971023.098877949640155, 1897361.164904315257445 ], [ 2971062.051735139917582, 1897412.166056676767766 ], [ 2971140.650652932934463, 1897521.126485201762989 ], [ 2971179.851931023877114, 1897571.280897354241461 ], [ 2971263.709775340743363, 1897681.703217121306807 ], [ 2971310.754259391222149, 1897745.962180691771209 ], [ 2971406.150898282416165, 1897874.776635042857379 ], [ 2971484.038771552033722, 1897980.611348617589101 ], [ 2971504.560466577764601, 1898009.109928665449843 ], [ 2971507.491116801276803, 1898013.186719094868749 ], [ 2971507.616311297751963, 1898013.340567087987438 ], [ 2971567.650997078977525, 1898089.875205697258934 ], [ 2971628.323094193357974, 1898164.032863047672436 ], [ 2971634.891062461771071, 1898172.71182580338791 ], [ 2971657.184900362975895, 1898202.157769727520645 ], [ 2971672.046765492297709, 1898221.798117692116648 ], [ 2971717.278041585348547, 1898280.840165449073538 ], [ 2971725.340687510557473, 1898290.249318741029128 ], [ 2971734.013878766912967, 1898297.410112584009767 ], [ 2971751.259659861214459, 1898311.156203472288325 ], [ 2971759.516817224677652, 1898318.829937513684854 ], [ 2971762.763773404993117, 1898322.973415189888328 ], [ 2971764.044387351721525, 1898326.324095222400501 ], [ 2971764.485748662613332, 1898327.49161642906256 ], [ 2971766.882264857646078, 1898336.367247529095039 ], [ 2971770.20126792602241, 1898344.73824625974521 ], [ 2971776.77248056884855, 1898354.704349449370056 ], [ 2971797.726551739033312, 1898379.811793046072125 ], [ 2971809.647538447752595, 1898394.095809934660792 ], [ 2971810.956573625095189, 1898395.700721754692495 ], [ 2971811.122460686601698, 1898395.903981462819502 ], [ 2971811.536484960466623, 1898396.411596816498786 ], [ 2971795.097122204490006, 1898389.834875088650733 ], [ 2971788.657349833287299, 1898387.258603607304394 ], [ 2971763.033996441401541, 1898377.007580885430798 ], [ 2971758.084259688388556, 1898375.027352512348443 ], [ 2971749.833470716606826, 1898374.520935025764629 ], [ 2971745.963239738717675, 1898375.213605627184734 ], [ 2971742.556913535110652, 1898376.046330653131008 ], [ 2971737.963235651142895, 1898377.75138787436299 ], [ 2971733.128823545761406, 1898379.279351274482906 ], [ 2971729.395670181605965, 1898380.824187848484144 ], [ 2971724.685923429206014, 1898383.216361234663054 ], [ 2971719.80663285870105, 1898385.852137427544221 ], [ 2971715.277283752337098, 1898387.979427372571081 ], [ 2971709.828550463542342, 1898389.834315249230713 ], [ 2971705.211892829742283, 1898391.335932299029082 ], [ 2971694.018394974526018, 1898394.652737278724089 ], [ 2971654.716459034010768, 1898412.926142664626241 ], [ 2971634.057162322103977, 1898422.523901548003778 ], [ 2971599.628297483548522, 1898439.593055288074538 ], [ 2971585.388597691431642, 1898446.645145828602836 ], [ 2971578.568425391800702, 1898450.022690353915095 ], [ 2971559.983802016824484, 1898457.739625145448372 ], [ 2971556.364453174173832, 1898458.881271534133703 ], [ 2971550.341827416792512, 1898460.780875199008733 ], [ 2971537.795694458298385, 1898462.145052046049386 ], [ 2971535.775099109858274, 1898462.054734115255997 ], [ 2971531.259855878073722, 1898461.840152129996568 ], [ 2971503.723555690143257, 1898460.513391402782872 ], [ 2971412.065062404144555, 1898442.255047113168985 ], [ 2971390.737175679765642, 1898439.010039527667686 ], [ 2971389.202485718764365, 1898438.780540144303814 ], [ 2971368.903575517237186, 1898435.680982657242566 ], [ 2971357.598518930375576, 1898433.964917428558692 ], [ 2971320.420325241517276, 1898428.312957546906546 ], [ 2971273.013770687393844, 1898417.699938344303519 ], [ 2971222.851357514970005, 1898410.086000001290813 ], [ 2971218.700502519495785, 1898409.482683889800683 ], [ 2971193.914320904761553, 1898405.879962433129549 ], [ 2971184.437737718224525, 1898405.487665004329756 ], [ 2971175.707097352482378, 1898406.540219397284091 ], [ 2971164.212769173551351, 1898408.329870242392644 ], [ 2971146.26333692856133, 1898412.307475187582895 ], [ 2971147.945290957577527, 1898405.280846463982016 ], [ 2971141.042221444658935, 1898406.46395630016923 ], [ 2971124.128745297435671, 1898416.485473809763789 ], [ 2971098.209903024602681, 1898430.808183762477711 ], [ 2971066.721909763757139, 1898455.174694179324433 ], [ 2971046.075969035737216, 1898475.340093574486673 ], [ 2971018.420104159973562, 1898512.790930059039965 ], [ 2970983.016121262684464, 1898565.171787351137027 ], [ 2970959.469760327134281, 1898631.284027736866847 ], [ 2970957.525008881464601, 1898637.818005960900337 ], [ 2970934.831841844599694, 1898714.063978307181969 ], [ 2970928.966000340878963, 1898728.983007996808738 ], [ 2970915.311098596081138, 1898763.712174714775756 ], [ 2970908.383814180269837, 1898780.090452405624092 ], [ 2970904.49040962010622, 1898789.292494457680732 ], [ 2970896.804030859842896, 1898797.817424784647301 ], [ 2970892.337456864304841, 1898802.773358871228993 ], [ 2970863.648378562182188, 1898820.004740030271932 ], [ 2970827.830308057367802, 1898835.993255886947736 ], [ 2970801.58382788207382, 1898847.709178848890588 ], [ 2970784.545620121061802, 1898852.89914614520967 ], [ 2970777.635251431260258, 1898854.13721328927204 ], [ 2970774.051760810427368, 1898850.729322445578873 ], [ 2970769.068849809467793, 1898838.459623619681224 ], [ 2970762.368360701948404, 1898834.597675626166165 ], [ 2970749.534637589938939, 1898836.896983301732689 ], [ 2970718.464959839358926, 1898839.426080433651805 ], [ 2970694.982139103580266, 1898838.571012750267982 ], [ 2970653.682706980034709, 1898827.745608510449529 ], [ 2970641.058878226205707, 1898824.944931742735207 ], [ 2970634.303893170785159, 1898827.16768989013508 ], [ 2970629.002708389889449, 1898832.16738954349421 ], [ 2970625.154960786923766, 1898839.944298147689551 ], [ 2970621.618337550200522, 1898849.690372129203752 ], [ 2970616.317074270918965, 1898854.690190841443837 ], [ 2970609.717664198484272, 1898857.897585720056668 ], [ 2970609.164235934615135, 1898857.996741034090519 ], [ 2970598.858486506622285, 1898859.843178595416248 ], [ 2970587.377344858832657, 1898857.850294037023559 ], [ 2970577.24883392918855, 1898851.565049822442234 ], [ 2970569.615236081182957, 1898841.79529049154371 ], [ 2970562.813490157015622, 1898830.864090087357908 ], [ 2970557.939363493584096, 1898806.424975497415289 ], [ 2970556.905493800528347, 1898793.447864206042141 ], [ 2970563.147194529883564, 1898775.117100545438007 ], [ 2970573.702983990311623, 1898751.963492459617555 ], [ 2970593.6250892393291, 1898691.694485939340666 ], [ 2970593.679507958702743, 1898685.609822634141892 ], [ 2970591.083318834193051, 1898682.02495944313705 ], [ 2970581.421117524150759, 1898678.693679090589285 ], [ 2970563.394861265551299, 1898673.823546906700358 ], [ 2970550.460200962144881, 1898669.053582310443744 ], [ 2970535.605331622995436, 1898658.552644778741524 ], [ 2970521.372448514681309, 1898651.990384377539158 ], [ 2970511.18962990026921, 1898651.789804629748687 ], [ 2970499.34324886649847, 1898653.912390057230368 ], [ 2970493.109066858887672, 1898653.004348315531388 ], [ 2970482.980472178198397, 1898646.719147559488192 ], [ 2970476.334306755103171, 1898636.772502121515572 ], [ 2970470.418555436655879, 1898618.595175915164873 ], [ 2970469.439129824750125, 1898599.533320064656436 ], [ 2970471.421122856903821, 1898579.940775562543422 ], [ 2970476.776637834496796, 1898568.85632415744476 ], [ 2970486.70315177552402, 1898561.002907715504989 ], [ 2970498.083063090685755, 1898555.926497492240742 ], [ 2970509.463076368439943, 1898550.850073261419311 ], [ 2970518.246811982244253, 1898542.188813774613664 ], [ 2970523.446978194639087, 1898530.119708647718653 ], [ 2970528.95817740354687, 1898520.01988163520582 ], [ 2970537.586475069168955, 1898510.37408094201237 ], [ 2970548.500012597069144, 1898502.34374847705476 ], [ 2970581.645168360322714, 1898506.530108513077721 ], [ 2970586.425758305005729, 1898504.661097243661061 ], [ 2970594.898493054322898, 1898494.030584009131417 ], [ 2970622.229287209920585, 1898487.108903912594542 ], [ 2970633.399330933578312, 1898487.13254562090151 ], [ 2970655.063450259156525, 1898489.326048508752137 ], [ 2970657.869623063132167, 1898487.810788610950112 ], [ 2970659.377558022737503, 1898484.503123810281977 ], [ 2970643.387797804549336, 1898453.955791957909241 ], [ 2970634.876134803052992, 1898432.19357267790474 ], [ 2970626.72954573482275, 1898406.315953817218542 ], [ 2970626.838341110385954, 1898394.146571825491264 ], [ 2970630.064240323845297, 1898382.431223113788292 ], [ 2970638.692594239488244, 1898372.785458707949147 ], [ 2970649.917111068964005, 1898366.724459273274988 ], [ 2970674.130857238080353, 1898359.348697944777086 ], [ 2970691.900513658300042, 1898356.165075912838802 ], [ 2970729.826469626277685, 1898358.48255276796408 ], [ 2970756.271149985026568, 1898358.807143080746755 ], [ 2970768.117619034834206, 1898356.684647715417668 ], [ 2970776.069712338969111, 1898349.185078299371526 ], [ 2970780.593583271838725, 1898339.262210150249302 ], [ 2970779.971841423772275, 1898335.323608149075881 ], [ 2970778.207242059055716, 1898330.577361409552395 ], [ 2970770.884723988361657, 1898322.776868270011619 ], [ 2970760.600658214651048, 1898315.50696208444424 ], [ 2970729.08011815790087, 1898276.604742696974427 ], [ 2970719.526732341386378, 1898261.104062142781913 ], [ 2970714.753970412537456, 1898243.73439584299922 ], [ 2970713.774421664420515, 1898224.672647300409153 ], [ 2970716.844819800928235, 1898211.972695707343519 ], [ 2970725.527621015906334, 1898196.242344288388267 ], [ 2970738.26025402545929, 1898186.87371184467338 ], [ 2970741.431932506617159, 1898181.242997762048617 ], [ 2970741.540710506495088, 1898169.073754745768383 ], [ 2970736.666995925828815, 1898144.634715309832245 ], [ 2970738.594760620500892, 1898131.127095203846693 ], [ 2970743.849460926372558, 1898112.973347460385412 ], [ 2970745.932873531244695, 1898100.450241737067699 ], [ 2970749.065543342381716, 1898062.42707629990764 ], [ 2970747.254400638397783, 1898044.526845520362258 ], [ 2970739.675503649283201, 1898028.672446063254029 ], [ 2970731.365893507376313, 1898021.048819472780451 ], [ 2970723.989012991078198, 1898019.333058369345963 ], [ 2970721.027455517556518, 1898019.863643509335816 ], [ 2970716.713280654512346, 1898024.686540297465399 ], [ 2970699.712887918576598, 1898052.031976761063561 ], [ 2970685.728753782808781, 1898072.762069450225681 ], [ 2970664.250989293679595, 1898123.184415721101686 ], [ 2970655.723549911752343, 1898139.89953404199332 ], [ 2970644.910969390999526, 1898154.999072019709274 ], [ 2970631.657592234201729, 1898167.498421691125259 ], [ 2970622.56282660830766, 1898174.190333573380485 ], [ 2970620.534013556316495, 1898180.628698629327118 ], [ 2970617.354581707622856, 1898205.498058445518836 ], [ 2970615.426870638504624, 1898219.00579427019693 ], [ 2970609.083828697912395, 1898230.267098433803767 ], [ 2970603.782561368308961, 1898235.266773102572188 ], [ 2970598.17029307410121, 1898238.297274503624067 ], [ 2970583.673114502802491, 1898242.919721426675096 ], [ 2970574.010890345089138, 1898239.588343624025583 ], [ 2970563.882319115567952, 1898233.303229584125802 ], [ 2970527.736686155665666, 1898197.254814983578399 ], [ 2970502.761144529096782, 1898161.230148322181776 ], [ 2970494.295977715402842, 1898152.621934965951368 ], [ 2970472.538536719046533, 1898124.120601424016058 ], [ 2970449.747384961694479, 1898082.642133282497525 ], [ 2970443.836890878155828, 1898067.621327829547226 ], [ 2970434.488584836944938, 1898043.864135174779221 ], [ 2970424.787590983323753, 1898008.140268086688593 ], [ 2970415.343134054448456, 1897980.470315555110574 ], [ 2970398.211021064314991, 1897949.115361899137497 ], [ 2970383.620575348846614, 1897927.429891961859539 ], [ 2970370.584869618527591, 1897915.590723062166944 ], [ 2970365.337999762967229, 1897914.505898504052311 ], [ 2970363.519010134041309, 1897915.844195158453658 ], [ 2970360.293029898777604, 1897927.559531609527767 ], [ 2970350.723997188732028, 1897950.53629388846457 ], [ 2970346.565389421302825, 1897956.343758681090549 ], [ 2970339.079555772710592, 1897966.797339738113806 ], [ 2970336.895295622758567, 1897972.251168734859675 ], [ 2970337.618286119308323, 1897983.258986944332719 ], [ 2970339.510108868125826, 1897994.005751685006544 ], [ 2970347.466856806538999, 1898039.206122297095135 ], [ 2970347.41247293818742, 1898045.290744843194261 ], [ 2970336.856377614662051, 1898068.444293697131798 ], [ 2970332.643326804507524, 1898080.336506507592276 ], [ 2970331.492701819166541, 1898098.7674100168515 ], [ 2970333.614933493547142, 1898118.636917941039428 ], [ 2970336.568825642578304, 1898137.344924282981083 ], [ 2970336.459999985061586, 1898149.514294405002147 ], [ 2970334.322386100888252, 1898168.122049068333581 ], [ 2970328.958873393945396, 1898198.44517044047825 ], [ 2970321.418860045261681, 1898214.983488192316145 ], [ 2970311.904434693511575, 1898231.87556709907949 ], [ 2970306.447657075710595, 1898235.890756046865135 ], [ 2970293.613928755745292, 1898238.190182458376512 ], [ 2970271.219229543581605, 1898244.227663085097447 ], [ 2970253.550784753635526, 1898254.480842591263354 ], [ 2970241.859839157667011, 1898257.588033706415445 ], [ 2970232.052402580156922, 1898258.35503182047978 ], [ 2970231.832404389046133, 1898258.372275730362162 ], [ 2970224.144550068303943, 1898254.687333570094779 ], [ 2970218.485746458172798, 1898244.563845813740045 ], [ 2970207.268773044459522, 1898231.386338148266077 ], [ 2970204.983432115986943, 1898229.770811452297494 ], [ 2970201.190257445909083, 1898231.46294608572498 ], [ 2970199.005942233838141, 1898236.916813572635874 ], [ 2970194.528597734868526, 1898259.993719264632091 ], [ 2970188.286774496547878, 1898278.3244838709943 ], [ 2970179.448791331611574, 1898293.070418953429908 ], [ 2970168.846192475408316, 1898303.070033033145592 ], [ 2970157.310733913909644, 1898307.161896901903674 ], [ 2970127.383819252252579, 1898310.499164533568546 ], [ 2970116.058272027410567, 1898309.491030667209998 ], [ 2970105.929720473475754, 1898303.205924667883664 ], [ 2970092.582865854725242, 1898289.397564643062651 ], [ 2970083.806989087723196, 1898278.820197138004005 ], [ 2970071.859393932856619, 1898273.873531177872792 ], [ 2970035.44195456430316, 1898268.248921847203746 ], [ 2969992.0596734713763, 1898269.947305216453969 ], [ 2969986.812721109949052, 1898268.862450163811445 ], [ 2969946.298585067037493, 1898243.72226410266012 ], [ 2969936.791904967743903, 1898241.37577644479461 ], [ 2969925.932755957823247, 1898243.321528598899022 ], [ 2969908.785136190243065, 1898250.444064144045115 ], [ 2969900.732139955274761, 1898250.87451300653629 ], [ 2969888.940227961167693, 1898246.912508028093725 ], [ 2969877.047188549302518, 1898235.881223410367966 ], [ 2969864.477875620126724, 1898226.996120491530746 ], [ 2969860.062669508624822, 1898224.749747444642708 ], [ 2969858.08826255844906, 1898225.103527252795175 ], [ 2969858.189391005784273, 1898232.172809982206672 ], [ 2969864.726846995763481, 1898254.288725264603272 ], [ 2969867.57959436904639, 1898265.927370627876371 ], [ 2969868.201552036684006, 1898269.865930532105267 ], [ 2969865.177809106186032, 1898295.719959263224155 ], [ 2969865.069170027039945, 1898307.889340835390612 ], [ 2969868.07740943133831, 1898320.51273332699202 ], [ 2969878.618113617412746, 1898335.836343007395044 ], [ 2969897.211693957448006, 1898350.729421942261979 ], [ 2969936.272144264541566, 1898373.092638526810333 ], [ 2969971.127285660244524, 1898388.109490803675726 ], [ 2969986.969161387532949, 1898398.433257898082957 ], [ 2969998.34142230078578, 1898412.595402932027355 ], [ 2970004.77776853647083, 1898427.641968871233985 ], [ 2970004.669146015308797, 1898439.811356871854514 ], [ 2969998.63721047481522, 1898453.042086778907105 ], [ 2969989.853636535815895, 1898461.703347402159125 ], [ 2969951.189961007796228, 1898486.856200324371457 ], [ 2969919.491114308126271, 1898504.686008826131001 ], [ 2969911.17407360766083, 1898516.301213075406849 ], [ 2969907.792858956381679, 1898527.03210491547361 ], [ 2969910.490189530421048, 1898537.686125789070502 ], [ 2969923.106410933658481, 1898559.725298251956701 ], [ 2969938.264523750636727, 1898591.433954140404239 ], [ 2969941.847906172275543, 1898594.841890373267233 ], [ 2969965.99950965307653, 1898612.789135973434895 ], [ 2969992.125422250013798, 1898630.382637510308996 ], [ 2970019.29272336512804, 1898641.714534107362852 ], [ 2970046.77128430781886, 1898655.015787950251251 ], [ 2970066.662970514968038, 1898671.701381604885682 ], [ 2970075.439111068844795, 1898682.278828837908804 ], [ 2970080.367513567209244, 1898700.633043852867559 ], [ 2970082.280061021447182, 1898725.602772311773151 ], [ 2970079.209899314679205, 1898738.302841655444354 ], [ 2970072.867196330334991, 1898749.564276475459337 ], [ 2970058.315952316857874, 1898760.271512519102544 ], [ 2970047.612339687533677, 1898763.201998835196719 ], [ 2970035.144052824005485, 1898761.386055945418775 ], [ 2970023.142200921662152, 1898762.524158566258848 ], [ 2970004.385611243546009, 1898765.884996201377362 ], [ 2969971.030911414884031, 1898766.799246453214437 ], [ 2969955.066176239401102, 1898761.000198805239052 ], [ 2969943.031883977819234, 1898756.628818751312792 ], [ 2969938.461214270442724, 1898753.397886123042554 ], [ 2969914.884753335732967, 1898726.235137827927247 ], [ 2969910.158498449251056, 1898722.019480346003547 ], [ 2969890.989807767793536, 1898716.341866355156526 ], [ 2969874.728435582015663, 1898716.218245792668313 ], [ 2969869.271750390063971, 1898720.233419983647764 ], [ 2969868.230093514546752, 1898726.495104575995356 ], [ 2969871.292981377802789, 1898733.03371918387711 ], [ 2969872.381277353037149, 1898739.926152512663975 ], [ 2969869.000105792656541, 1898750.65696865436621 ], [ 2969867.334037936292589, 1898753.615357705391943 ], [ 2969859.486123335547745, 1898767.54923125798814 ], [ 2969850.057187966536731, 1898777.181676236679778 ], [ 2969849.87073291093111, 1898777.372126183705404 ], [ 2969838.646368412300944, 1898783.433407123200595 ], [ 2969814.953969102352858, 1898787.678879543673247 ], [ 2969808.510020203888416, 1898791.871074804570526 ], [ 2969807.468657458201051, 1898798.132613674271852 ], [ 2969810.531356031540781, 1898804.671262719435617 ], [ 2969811.464303149841726, 1898810.579131659585983 ], [ 2969805.121471428312361, 1898821.840658360626549 ], [ 2969803.092917399480939, 1898828.27909227181226 ], [ 2969803.349508254788816, 1898836.333070709370077 ], [ 2969807.865832280367613, 1898845.648771436186507 ], [ 2969814.667696653865278, 1898856.579947079531848 ], [ 2969814.403621959500015, 1898867.764747062465176 ], [ 2969808.060904096346349, 1898879.026260884711519 ], [ 2969800.108992123510689, 1898886.526095351902768 ], [ 2969782.285352137871087, 1898895.794937008060515 ], [ 2969781.413460232783109, 1898895.863082218449563 ], [ 2969772.258047529496253, 1898896.579313866095617 ], [ 2969768.309468482621014, 1898897.286856949795038 ], [ 2969764.817555169109255, 1898902.163282222580165 ], [ 2969764.150767457205802, 1898903.094491323223338 ], [ 2969761.966767129022628, 1898908.548382094595581 ], [ 2969754.792452223598957, 1898920.971435274230316 ], [ 2969751.986348636448383, 1898922.486769077600911 ], [ 2969747.571143073029816, 1898920.240404699929059 ], [ 2969738.677144462242723, 1898912.307329542236403 ], [ 2969733.392696244642138, 1898907.593621360370889 ], [ 2969723.784933329559863, 1898898.177852750057355 ], [ 2969718.693489510565996, 1898898.07768373331055 ], [ 2969713.236859534401447, 1898902.092986619565636 ], [ 2969704.764207606669515, 1898912.723684391472489 ], [ 2969694.208802337758243, 1898935.877600779524073 ], [ 2969689.110048420727253, 1898955.016313770553097 ], [ 2969691.022872730158269, 1898979.985974755138159 ], [ 2969692.935609691776335, 1899004.955657571088523 ], [ 2969688.668596889823675, 1899022.932834671111777 ], [ 2969678.843603389337659, 1899037.855824524071068 ], [ 2969647.449055073782802, 1899076.894147780258209 ], [ 2969641.106425022706389, 1899088.155712176812813 ], [ 2969639.023520198650658, 1899100.678982835495844 ], [ 2969640.111971204169095, 1899107.571412703720853 ], [ 2969657.273895892314613, 1899136.068820497719571 ], [ 2969673.133602315559983, 1899162.404089585179463 ], [ 2969682.430440845899284, 1899169.850656693568453 ], [ 2969690.895458676852286, 1899178.458692796994001 ], [ 2969694.580225127749145, 1899188.935931560583413 ], [ 2969693.484528763219714, 1899201.282309324247763 ], [ 2969689.062192149460316, 1899218.274746381677687 ], [ 2969682.564110171981156, 1899228.55166598665528 ], [ 2969668.168736409395933, 1899240.243837454123423 ], [ 2969651.332247607409954, 1899249.335915480274707 ], [ 2969638.965451950207353, 1899254.589518900727853 ], [ 2969637.457610917277634, 1899257.897152436664328 ], [ 2969639.533186236396432, 1899264.612806220771745 ], [ 2969630.905265545472503, 1899274.258887545438483 ], [ 2969622.482569389976561, 1899279.305106301093474 ], [ 2969607.738684320822358, 1899286.539401712827384 ], [ 2969607.718775987625122, 1899284.336906372336671 ], [ 2969596.865987557917833, 1899289.660846139071509 ], [ 2969563.982491834554821, 1899298.124137419043109 ], [ 2969520.520989888813347, 1899301.588213694514707 ], [ 2969501.94382737018168, 1899301.933040711563081 ], [ 2969471.579329983331263, 1899302.503043450182304 ], [ 2969465.929371599107981, 1899302.924715022556484 ], [ 2969458.7761943731457, 1899301.860572604462504 ], [ 2969438.12607132922858, 1899298.831113219494 ], [ 2969433.447310926392674, 1899298.140858765691519 ], [ 2969408.010825661942363, 1899294.01933975587599 ], [ 2969407.929352008737624, 1899294.006095851305872 ], [ 2969382.854657158255577, 1899289.939844225766137 ], [ 2969310.933809847570956, 1899278.302385434042662 ], [ 2969303.065757382661104, 1899277.027796317124739 ], [ 2969284.934826517477632, 1899273.899020181503147 ], [ 2969266.971305683255196, 1899270.792193795088679 ], [ 2969227.048057934269309, 1899263.888128148391843 ], [ 2969203.068307622801512, 1899261.980577334295958 ], [ 2969198.986382622271776, 1899261.980344311567023 ], [ 2969165.699537844397128, 1899261.968534905696288 ], [ 2969149.813703441992402, 1899262.974155153147876 ], [ 2969149.747679527848959, 1899262.97839335934259 ], [ 2969138.740915128029883, 1899263.685159769607708 ], [ 2969135.684225074481219, 1899264.124405048554763 ], [ 2969095.414662648923695, 1899269.851492824498564 ], [ 2969071.511608715169132, 1899275.552089218050241 ], [ 2969064.078768056817353, 1899278.259335031500086 ], [ 2968984.155169134028256, 1899307.466413469286636 ], [ 2968973.492956918198615, 1899311.364190182648599 ], [ 2968905.497513733804226, 1899336.220822470728308 ], [ 2968825.64089728333056, 1899365.425712847150862 ], [ 2968802.604600466787815, 1899373.844487142981961 ], [ 2968769.291350029874593, 1899386.029099074425176 ], [ 2968743.379222481511533, 1899395.69274087715894 ], [ 2968701.181357158347964, 1899411.412249607266858 ], [ 2968685.981152244377881, 1899417.074591773794964 ], [ 2968664.790320114698261, 1899424.966491372324526 ], [ 2968662.065886887721717, 1899425.989990495843813 ], [ 2968607.546734722331166, 1899450.332497518276796 ], [ 2968607.498561958316714, 1899450.352066481951624 ], [ 2968593.371644742786884, 1899456.655194128165022 ], [ 2968586.9698681300506, 1899459.517054319148883 ], [ 2968586.059388749301434, 1899459.925062667578459 ], [ 2968580.795327839441597, 1899462.284120728261769 ], [ 2968553.737924007233232, 1899471.894281404092908 ], [ 2968505.178451466839761, 1899486.829120671143755 ], [ 2968503.39094192488119, 1899487.268767503788695 ], [ 2968502.631832338869572, 1899487.455751068191603 ], [ 2968467.495172081049532, 1899496.130341885378584 ], [ 2968443.213270246516913, 1899500.482680925400928 ], [ 2968443.084154907613993, 1899500.5032909642905 ], [ 2968407.517070487141609, 1899506.177635778207332 ], [ 2968345.052168364170939, 1899515.153791538672522 ], [ 2968344.611503315158188, 1899515.217382847797126 ], [ 2968337.498932106420398, 1899516.229642966296524 ], [ 2968337.463170331902802, 1899516.237166433827952 ], [ 2968336.645923635922372, 1899516.351040852954611 ], [ 2968329.89680396951735, 1899517.164304800098762 ], [ 2968328.009427523706108, 1899517.388069315580651 ], [ 2968329.474345822818577, 1899519.45926570519805 ], [ 2968321.350348596461117, 1899520.353408041410148 ], [ 2968290.573889349587262, 1899523.740565869258717 ], [ 2968272.180295722559094, 1899527.043409575941041 ], [ 2968231.391896991524845, 1899534.352416022447869 ], [ 2968196.646790544502437, 1899542.463906543795019 ], [ 2968196.398955647833645, 1899542.522098040673882 ], [ 2968196.284239783417434, 1899542.54903826257214 ], [ 2968193.985524865798652, 1899542.596545643405989 ], [ 2968191.153772944118828, 1899542.654946465045214 ], [ 2968174.909586617723107, 1899545.073314129374921 ], [ 2968043.63940891623497, 1899576.923542625736445 ], [ 2967775.418389750644565, 1899642.577949501108378 ], [ 2967762.117415344342589, 1899647.581139185931534 ], [ 2967734.112507914192975, 1899658.11523330071941 ], [ 2967717.069775272160769, 1899668.884583282517269 ], [ 2967704.982971818186343, 1899672.177998384460807 ], [ 2967696.32605155557394, 1899670.916567544685677 ], [ 2967688.188647116534412, 1899669.730903518153355 ], [ 2967662.434625281952322, 1899660.992273562122136 ], [ 2967571.165060432627797, 1899659.886550541268662 ], [ 2967433.150655727833509, 1899648.294882493559271 ], [ 2967433.150311151985079, 1899648.110158363822848 ], [ 2967433.142815319821239, 1899643.750453586224467 ], [ 2967423.712317345663905, 1899642.340603548800573 ], [ 2967419.690328943543136, 1899641.751374481245875 ], [ 2967389.139425640460104, 1899637.1894411155954 ], [ 2967370.173203400801867, 1899634.36351746856235 ], [ 2967302.040280334185809, 1899624.200420148205012 ], [ 2967286.108382963575423, 1899621.725366674596444 ], [ 2967278.983821640256792, 1899620.619760483736172 ], [ 2967202.37612114334479, 1899608.687171410070732 ], [ 2967197.672599172219634, 1899607.946860308293253 ], [ 2967195.884333088528365, 1899611.739892688812688 ], [ 2967189.254826220218092, 1899625.788936262251809 ], [ 2967184.916791942901909, 1899633.294125993503258 ], [ 2967179.733541789464653, 1899642.261247339192778 ], [ 2967171.856294211465865, 1899654.923250569729134 ], [ 2967171.128473496064544, 1899660.74139041104354 ], [ 2967170.236911320593208, 1899667.868110333569348 ], [ 2967169.549687040969729, 1899673.3346130955033 ], [ 2967173.400037738960236, 1899714.042048125062138 ], [ 2967174.492692120373249, 1899738.022085072938353 ], [ 2967174.543103692121804, 1899739.119639259297401 ], [ 2967175.483190421480685, 1899760.905951725551859 ], [ 2967180.864864143542945, 1899772.244826049311087 ], [ 2967190.90619206475094, 1899784.210167873417959 ], [ 2967202.124177350196987, 1899792.642777334433049 ], [ 2967214.991924311965704, 1899802.31220630556345 ], [ 2967217.500136487185955, 1899803.648567271186039 ], [ 2967246.488006113562733, 1899819.092524086358026 ], [ 2967264.815052974037826, 1899838.342051974032074 ], [ 2967273.587829800322652, 1899859.986978999571875 ], [ 2967276.400128071196377, 1899885.378654340282083 ], [ 2967273.97016370575875, 1899908.97757825977169 ], [ 2967269.195186748635024, 1899920.88683742354624 ], [ 2967267.950687699951231, 1899923.979035154683515 ], [ 2967258.613588865846395, 1899932.030673902016133 ], [ 2967245.468026641756296, 1899941.219669756479561 ], [ 2967245.320866003632545, 1899941.345177275361493 ], [ 2967226.398511896841228, 1899959.442283726995811 ], [ 2967210.29386371653527, 1899966.626591127365828 ], [ 2967198.179361302871257, 1899972.891274792375043 ], [ 2967190.786096771247685, 1899978.055249928263947 ], [ 2967190.746744324453175, 1899978.082453892100602 ], [ 2967178.570863616652787, 1899986.585917638847604 ], [ 2967163.440455491188914, 1900003.653569975169376 ], [ 2967106.993008886929601, 1900058.968406227650121 ], [ 2967086.524476823396981, 1900075.154122332576662 ], [ 2967070.693500654771924, 1900083.399184114299715 ], [ 2967070.673931013792753, 1900083.41281770914793 ], [ 2967065.745944725349545, 1900085.977676598588005 ], [ 2967056.170621592085809, 1900097.063219850417227 ], [ 2967056.07890681643039, 1900097.167650764342397 ], [ 2967056.060965356417, 1900097.190307782730088 ], [ 2967052.368572805076838, 1900100.169227837119251 ], [ 2967036.320179548114538, 1900113.100909154163674 ], [ 2967014.012485070154071, 1900138.688280379166827 ], [ 2967004.131235171109438, 1900155.369168993085623 ], [ 2967002.918073431588709, 1900172.642871357267722 ], [ 2967002.813314147759229, 1900174.218117350945249 ], [ 2967007.406653065700084, 1900204.892018145648763 ], [ 2967007.674702951684594, 1900206.711277227848768 ], [ 2967010.108823839109391, 1900224.832407725974917 ], [ 2967002.27831469848752, 1900242.789214602904394 ], [ 2966995.555067842826247, 1900261.622631590580568 ], [ 2966995.500469814054668, 1900261.766681616893038 ], [ 2966995.08177, 1900262.933964107651263 ], [ 2966994.954454282298684, 1900266.086226682178676 ], [ 2966994.943539721891284, 1900266.344253171933815 ], [ 2966993.832486813422292, 1900293.911013891920447 ], [ 2966993.8763128509745, 1900318.186561926966533 ], [ 2966989.549459030851722, 1900336.225263305008411 ], [ 2966988.134145498275757, 1900348.000726719154045 ], [ 2966984.786042259074748, 1900353.521777427988127 ], [ 2966984.757251528091729, 1900353.565718988189474 ], [ 2966984.226480925455689, 1900354.453384204301983 ], [ 2966980.234417383559048, 1900363.376874168403447 ], [ 2966976.395870408974588, 1900384.407468508230522 ], [ 2966976.150819272734225, 1900385.749976583290845 ], [ 2966975.620351342018694, 1900399.547209048178047 ], [ 2966977.138778901658952, 1900413.190466355299577 ], [ 2966982.75080155627802, 1900423.581462843576446 ], [ 2966993.537167806178331, 1900433.193161628441885 ], [ 2967000.538530274294317, 1900443.435631396016106 ], [ 2967002.663173370994627, 1900453.987588031683117 ], [ 2967002.735511034727097, 1900466.768312877975404 ], [ 2967003.16561321169138, 1900478.688136283308268 ], [ 2967007.270809703506529, 1900490.142499540699646 ], [ 2967008.694286229088902, 1900492.780828888295218 ], [ 2967008.775185065809637, 1900492.934406673302874 ], [ 2967011.158301833085716, 1900497.361168259056285 ], [ 2967011.920959969051182, 1900498.773926142603159 ], [ 2967018.372220303863287, 1900505.892120967619121 ], [ 2967021.190234621055424, 1900508.210478088352829 ], [ 2967035.832574399188161, 1900520.255091213388368 ], [ 2967046.797134271357208, 1900535.237858513602987 ], [ 2967046.962827035691589, 1900535.487411473644897 ], [ 2967051.503049604594707, 1900541.717172575183213 ], [ 2967054.693933819420636, 1900546.098050324013457 ], [ 2967054.797804056666791, 1900546.256319123553112 ], [ 2967060.170672494918108, 1900554.310445247450843 ], [ 2967061.111438419669867, 1900555.051351218717173 ], [ 2967061.651796416379511, 1900555.478263816330582 ], [ 2967065.145453768782318, 1900558.233001413987949 ], [ 2967070.253679473884404, 1900561.483712916262448 ], [ 2967076.627202640287578, 1900564.479238633764908 ], [ 2967083.420533257070929, 1900578.629447198007256 ], [ 2967087.159205806441605, 1900589.516394978621975 ], [ 2967089.389111054129899, 1900591.485966559499502 ], [ 2967102.081426505930722, 1900602.69603560352698 ], [ 2967112.236867723986506, 1900608.045103662414476 ], [ 2967116.763245954178274, 1900618.899891398148611 ], [ 2967125.663192056119442, 1900633.282099954551086 ], [ 2967129.661687376443297, 1900647.723362271673977 ], [ 2967132.162094997242093, 1900661.814837409881875 ], [ 2967128.800334434956312, 1900669.195234779035673 ], [ 2967121.971929617691785, 1900678.939182344358414 ], [ 2967119.035140524618328, 1900689.962548367679119 ], [ 2967118.703274622559547, 1900691.196890781400725 ], [ 2967119.233069397974759, 1900706.329873339971527 ], [ 2967119.246768664568663, 1900706.72058587288484 ], [ 2967116.281420175917447, 1900724.341913398588076 ], [ 2967115.605102379340678, 1900733.651740778703243 ], [ 2967117.978893793188035, 1900741.187060228316113 ], [ 2967108.991327445488423, 1900754.839710769243538 ], [ 2967093.396690758876503, 1900764.134516489226371 ], [ 2967076.392332520335913, 1900777.181292318971828 ], [ 2967071.31704512424767, 1900785.156866779783741 ], [ 2967068.85849663708359, 1900788.105279084295034 ], [ 2967062.725861461833119, 1900789.312143797287717 ], [ 2967056.29969722032547, 1900793.298703778767958 ], [ 2967051.590808271896094, 1900800.42114499816671 ], [ 2967049.603198111988604, 1900803.782389268977568 ], [ 2967043.423823548480868, 1900805.529422751860693 ], [ 2967038.588589370716363, 1900808.150897342711687 ], [ 2967038.124943880364299, 1900808.408883795375004 ], [ 2967029.209736532531679, 1900813.484336988069117 ], [ 2967025.056894385255873, 1900818.037311522755772 ], [ 2967022.680661374237388, 1900835.554578625131398 ], [ 2967024.299256954342127, 1900863.819946128409356 ], [ 2967024.428347864653915, 1900885.189141170820221 ], [ 2967022.647512801457196, 1900904.135196903254837 ], [ 2967022.409594988450408, 1900920.078076436184347 ], [ 2967034.345791376195848, 1900956.016999638173729 ], [ 2967046.489996169228107, 1900993.219355767825618 ], [ 2967056.839367567095906, 1901014.402093705022708 ], [ 2967068.170448027085513, 1901036.544404535088688 ], [ 2967068.989413186907768, 1901039.146430426975712 ], [ 2967069.202435920014977, 1901039.823499632999301 ], [ 2967071.404248110018671, 1901046.798042365116999 ], [ 2967070.657245966605842, 1901050.837639914825559 ], [ 2967069.399818259291351, 1901057.607530531240627 ], [ 2967068.952966157346964, 1901058.421025060117245 ], [ 2967048.408984947483987, 1901095.820743225747719 ], [ 2967047.62564556626603, 1901109.1785014544148 ], [ 2967050.25750156538561, 1901114.888643064070493 ], [ 2967056.186070543248206, 1901120.411355533404276 ], [ 2967061.999246848281473, 1901123.467141975881532 ], [ 2967069.309851028956473, 1901126.711737735662609 ], [ 2967072.389731874223799, 1901128.490051114466041 ], [ 2967076.535053863190114, 1901130.883439951110631 ], [ 2967084.610102292150259, 1901136.260199813172221 ], [ 2967087.717043779790401, 1901141.340728277107701 ], [ 2967088.633184401318431, 1901164.723671324085444 ], [ 2967094.312798560597003, 1901184.316362236393616 ], [ 2967111.20929950568825, 1901203.144564229995012 ], [ 2967116.698553229682148, 1901224.093570100143552 ], [ 2967118.867531626950949, 1901241.351631994126365 ], [ 2967118.782115573994815, 1901245.934528933372349 ], [ 2967118.678856558166444, 1901251.478288650047034 ], [ 2967118.725133099127561, 1901251.72434327728115 ], [ 2967117.316238101571798, 1901254.92676944565028 ], [ 2967112.984534149989486, 1901258.172332422342151 ], [ 2967099.065564533695579, 1901265.91408694232814 ], [ 2967092.01120340032503, 1901267.228494459064677 ], [ 2967089.397979971021414, 1901273.022361690877005 ], [ 2967090.923707954585552, 1901281.256023950641975 ], [ 2967092.832395346835256, 1901292.1184481238015 ], [ 2967089.555420863442123, 1901302.512226423015818 ], [ 2967089.211775299627334, 1901303.644903951557353 ], [ 2967086.566043647937477, 1901307.844883258920163 ], [ 2967080.04905477585271, 1901315.885479719843715 ], [ 2967071.890761339105666, 1901332.481073587434366 ], [ 2967047.31852534878999, 1901353.059444248909131 ], [ 2967042.048954274505377, 1901355.696135153528303 ], [ 2967040.203097492456436, 1901355.54681030404754 ], [ 2967035.486138452775776, 1901355.165161431301385 ], [ 2967025.648730850312859, 1901351.22737634065561 ], [ 2967013.793288403190672, 1901345.950009043328464 ], [ 2967004.718819539994001, 1901342.203108590561897 ], [ 2966997.502004783600569, 1901342.377173247281462 ], [ 2966994.227634030394256, 1901343.431495940079913 ], [ 2966991.06589320814237, 1901344.45276719215326 ], [ 2966984.984949116595089, 1901349.522877562092617 ], [ 2966982.520291078835726, 1901356.384383288444951 ], [ 2966977.069038721732795, 1901371.589980630204082 ], [ 2966969.717091824859381, 1901383.830786105478182 ], [ 2966951.136928602587432, 1901404.1129123007413 ], [ 2966944.496995438355953, 1901421.480583806522191 ], [ 2966945.055876928381622, 1901434.633298617321998 ], [ 2966946.190977582708001, 1901445.089375047944486 ], [ 2966950.620105951558799, 1901454.95104111591354 ], [ 2966955.263008297421038, 1901462.239067191258073 ], [ 2966954.942436802200973, 1901480.501114930491894 ], [ 2966961.065154862590134, 1901493.370990661671385 ], [ 2966970.83744302764535, 1901506.280461281305179 ], [ 2966971.618638558313251, 1901507.312429317040369 ], [ 2966975.06667067669332, 1901518.057462940691039 ], [ 2966977.121218218002468, 1901524.460525968577713 ], [ 2966981.553513281047344, 1901532.720897770021111 ], [ 2966986.527008793316782, 1901538.17800790653564 ], [ 2966994.460029701702297, 1901543.233931320020929 ], [ 2967003.910387817770243, 1901549.099528962979093 ], [ 2967005.49699926469475, 1901550.292485404992476 ], [ 2967013.874214091338217, 1901556.591163477161899 ], [ 2967020.769105850718915, 1901564.374197602272034 ], [ 2967021.908828013110906, 1901565.660639515146613 ], [ 2967030.024678465910256, 1901574.845969462301582 ], [ 2967030.632531107403338, 1901575.51442651450634 ], [ 2967034.750663866754621, 1901578.867926394799724 ], [ 2967042.688817412126809, 1901582.966082605533302 ], [ 2967052.64433277817443, 1901588.953458467498422 ], [ 2967062.270408143755049, 1901594.92446440923959 ], [ 2967083.519655709154904, 1901605.927848676918074 ], [ 2967107.835861704312265, 1901624.283828113228083 ], [ 2967120.65570882614702, 1901634.692153244279325 ], [ 2967125.575451788958162, 1901644.678527353797108 ], [ 2967128.022363615687937, 1901655.797775278100744 ], [ 2967131.768135976977646, 1901671.693847664399073 ], [ 2967136.586684787645936, 1901682.19046626240015 ], [ 2967140.075201194733381, 1901689.789773134281859 ], [ 2967153.4378766217269, 1901710.702275201911107 ], [ 2967170.758589498698711, 1901747.456816729390994 ], [ 2967175.50746711390093, 1901771.648608551593497 ], [ 2967175.375015166588128, 1901787.872731775976717 ], [ 2967171.503403780050576, 1901796.127331117168069 ], [ 2967162.602841824293137, 1901807.744822723325342 ], [ 2967159.98633730225265, 1901810.915693119168282 ], [ 2967150.489639712497592, 1901822.440086858114228 ], [ 2967149.49650421179831, 1901824.182221070863307 ], [ 2967135.721846267115325, 1901848.469351209234446 ], [ 2967122.80052814912051, 1901875.67538237106055 ], [ 2967119.987228415906429, 1901881.586973483441398 ], [ 2967106.682463238947093, 1901910.975973414489999 ], [ 2967104.639193133451045, 1901931.871657582931221 ], [ 2967110.051691444590688, 1901950.791035444708541 ], [ 2967113.339712378568947, 1901960.167384610977024 ], [ 2967117.490744098555297, 1901972.004736213712022 ], [ 2967125.413691214285791, 1901980.955658233258873 ], [ 2967129.35066129360348, 1901982.992631895001978 ], [ 2967133.138755908235908, 1901984.946940985973924 ], [ 2967138.761188554577529, 1901985.57046902528964 ], [ 2967143.181061706505716, 1901986.900174849200994 ], [ 2967144.455703725107014, 1901987.287084550131112 ], [ 2967151.493037099950016, 1901992.672622281126678 ], [ 2967161.334949865471572, 1902002.595531480386853 ], [ 2967171.463880830444396, 1902017.241672895150259 ], [ 2967175.509254073724151, 1902026.208053580252454 ], [ 2967172.090805135201663, 1902033.003958675544709 ], [ 2967163.405976017005742, 1902043.714547224342823 ], [ 2967151.679125553928316, 1902054.938215971458703 ], [ 2967146.80506029073149, 1902059.557068370049819 ], [ 2967137.521523426286876, 1902063.137586701661348 ], [ 2967137.40333203971386, 1902063.166269115637988 ], [ 2967123.045993084553629, 1902066.648738917196169 ], [ 2967108.85389069467783, 1902068.509251253213733 ], [ 2967092.445055169053376, 1902077.994283559033647 ], [ 2967090.648999919183552, 1902079.885437896940857 ], [ 2967080.416952314320952, 1902090.692604426527396 ], [ 2967074.839377645868808, 1902102.420261919498444 ], [ 2967065.382154033519328, 1902112.099158211844042 ], [ 2967055.097478364128619, 1902118.99597812932916 ], [ 2967049.79670815076679, 1902122.52964884811081 ], [ 2967044.268133802339435, 1902133.688387601869181 ], [ 2967040.256555934902281, 1902138.553095564711839 ], [ 2967040.238516986370087, 1902138.575770695693791 ], [ 2967028.509454101789743, 1902152.78389122360386 ], [ 2967019.855502466671169, 1902162.275962264509872 ], [ 2967018.791953094303608, 1902163.44567913049832 ], [ 2967017.853137666359544, 1902164.134650068124756 ], [ 2967004.70215448923409, 1902173.819067992269993 ], [ 2967002.54832068644464, 1902178.067910032114014 ], [ 2967002.488682460039854, 1902178.184515451546758 ], [ 2966997.345598541200161, 1902188.31547195953317 ], [ 2966995.05070163263008, 1902200.256462353281677 ], [ 2966994.033771385904402, 1902209.257725114235654 ], [ 2966993.705833149142563, 1902212.159670769935474 ], [ 2966996.536097577773035, 1902227.366477249190211 ], [ 2966997.127052210271358, 1902242.738636129302904 ], [ 2966997.733428154140711, 1902255.588087876327336 ], [ 2966998.241889311932027, 1902265.550177832599729 ], [ 2966997.975837693549693, 1902273.05058404779993 ], [ 2966995.074444106314331, 1902274.311145261162892 ], [ 2966994.970832207705826, 1902274.351795192342252 ], [ 2966992.679922054521739, 1902274.517587972106412 ], [ 2966990.264260594733059, 1902274.692381443688646 ], [ 2966990.153859406709671, 1902274.696480322163552 ], [ 2966982.299153160303831, 1902274.275039981817827 ], [ 2966982.231504699680954, 1902274.270258804783225 ], [ 2966976.625602745916694, 1902278.114123866893351 ], [ 2966971.261352939531207, 1902281.860088207526132 ], [ 2966967.183215442113578, 1902291.853594583459198 ], [ 2966961.653697625268251, 1902302.216977241449058 ], [ 2966956.273648033384234, 1902313.572093895636499 ], [ 2966949.29852700792253, 1902330.726150746224448 ], [ 2966945.133246411569417, 1902340.599101296858862 ], [ 2966940.615983304567635, 1902351.306322649819776 ], [ 2966933.265183201991022, 1902360.033414053265005 ], [ 2966925.080100894439965, 1902370.753646904369816 ], [ 2966923.328764076344669, 1902379.862604351481423 ], [ 2966926.02178022544831, 1902391.262021865462884 ], [ 2966931.139512329827994, 1902402.495143841020763 ], [ 2966934.414007232058793, 1902412.607847626786679 ], [ 2966931.01370127312839, 1902425.651680916082114 ], [ 2966928.261287519708276, 1902433.028216318925843 ], [ 2966925.807890028692782, 1902441.403087450889871 ], [ 2966924.808026435319334, 1902464.249959248816594 ], [ 2966918.851923501584679, 1902511.472420487785712 ], [ 2966915.114674084354192, 1902517.122940280707553 ], [ 2966907.80678358161822, 1902520.593770998995751 ], [ 2966899.435679708607495, 1902524.48588856565766 ], [ 2966892.700153117533773, 1902533.917806465178728 ], [ 2966885.732192873489112, 1902542.034572548465803 ], [ 2966876.00280525162816, 1902546.712957085110247 ], [ 2966875.941930963657796, 1902546.744628774235025 ], [ 2966869.806340049952269, 1902546.389845744008198 ], [ 2966861.308027672581375, 1902538.601431879214942 ], [ 2966859.279658294748515, 1902532.944938071072102 ], [ 2966855.370915634091944, 1902527.350367323495448 ], [ 2966850.054459584876895, 1902525.630716697080061 ], [ 2966838.22354974783957, 1902522.489441915648058 ], [ 2966833.379499066621065, 1902521.191880120430142 ], [ 2966830.17884929291904, 1902518.88753697834909 ], [ 2966827.732255110517144, 1902515.307553263148293 ], [ 2966822.907467822544277, 1902506.854740649927408 ], [ 2966817.668249337002635, 1902505.2705985638313 ], [ 2966811.82742301793769, 1902505.772859616437927 ], [ 2966811.702688361518085, 1902505.780035319505259 ], [ 2966806.28729182574898, 1902518.127879369538277 ], [ 2966803.82959433272481, 1902534.327579678967595 ], [ 2966798.668376596644521, 1902547.001162054948509 ], [ 2966788.79658649303019, 1902559.400650193914771 ], [ 2966774.225212046410888, 1902566.143847207771614 ], [ 2966764.863398062996566, 1902576.561158933211118 ], [ 2966760.912262543104589, 1902591.879994097165763 ], [ 2966756.131795900408179, 1902600.779967301525176 ], [ 2966744.845896283630282, 1902610.472905618138611 ], [ 2966735.009937381371856, 1902623.338659917935729 ], [ 2966729.140539814718068, 1902635.203941540559754 ], [ 2966723.837387126870453, 1902654.812305411091074 ], [ 2966718.032575466670096, 1902663.235156757757068 ], [ 2966714.095395761076361, 1902665.375675403280184 ], [ 2966714.027362598106265, 1902665.408934779232368 ], [ 2966709.835181035101414, 1902664.89386725332588 ], [ 2966704.646704935468733, 1902662.475001836195588 ], [ 2966698.736898969858885, 1902660.993391219526529 ], [ 2966698.658689178526402, 1902660.971873161150143 ], [ 2966693.822153178974986, 1902664.958242439199239 ], [ 2966690.590095522813499, 1902669.072893403237686 ], [ 2966690.142705245874822, 1902675.607471979223192 ], [ 2966690.972853155806661, 1902682.386059697717428 ], [ 2966693.022862849291414, 1902688.038067970657721 ], [ 2966696.905464998446405, 1902696.687960886163637 ], [ 2966699.782493588980287, 1902701.844885719707236 ], [ 2966702.452512444928288, 1902708.465827560983598 ], [ 2966703.923186836298555, 1902717.071157668717206 ], [ 2966708.435219408012927, 1902728.317304498050362 ], [ 2966713.130590269342065, 1902739.117658411851153 ], [ 2966721.576783335767686, 1902751.08451506937854 ], [ 2966729.680377075448632, 1902763.359663723269477 ], [ 2966733.868794138543308, 1902767.682130474830046 ], [ 2966735.968253401108086, 1902769.848649857565761 ], [ 2966738.072437049821019, 1902775.631494279019535 ], [ 2966736.960706911981106, 1902781.907203391427174 ], [ 2966739.838164587505162, 1902792.785028230398893 ], [ 2966743.410739521030337, 1902801.443029962712899 ], [ 2966743.041105304844677, 1902807.838116662111133 ], [ 2966742.166750737465918, 1902809.451556579908356 ], [ 2966740.931182133033872, 1902811.730918867280707 ], [ 2966740.452695633750409, 1902812.613798436243087 ], [ 2966737.209207907319069, 1902812.96103932405822 ], [ 2966737.071867182850838, 1902812.980297537054867 ], [ 2966728.944945560768247, 1902814.027445392450318 ], [ 2966728.807604853995144, 1902814.046703635482118 ], [ 2966720.394298954866827, 1902814.519235815154389 ], [ 2966720.255215371958911, 1902814.529389760224149 ], [ 2966713.406148295849562, 1902819.173794233705848 ], [ 2966707.905164145398885, 1902824.596749159041792 ], [ 2966703.772901193704456, 1902829.487133821239695 ], [ 2966700.304805980995297, 1902831.79477099981159 ], [ 2966696.067592122592032, 1902833.287692072335631 ], [ 2966695.935298341326416, 1902833.334397280588746 ], [ 2966690.106468550860882, 1902837.092758093262091 ], [ 2966687.231514326296747, 1902839.399354066466913 ], [ 2966682.942764981649816, 1902843.536304874578491 ], [ 2966680.640360807068646, 1902844.586530936183408 ], [ 2966676.021408858243376, 1902845.903568809386343 ], [ 2966675.880394942592829, 1902845.942623297451064 ], [ 2966670.274877703748643, 1902847.418832274153829 ], [ 2966670.133848247118294, 1902847.457788317929953 ], [ 2966665.7403714498505, 1902854.193122919648886 ], [ 2966665.900498157832772, 1902859.539599021663889 ], [ 2966667.971653210930526, 1902863.056076574604958 ], [ 2966669.241257874295115, 1902868.738662466406822 ], [ 2966668.062248413451016, 1902878.59947410132736 ], [ 2966663.680743478238583, 1902888.315877028973773 ], [ 2966661.461415907833725, 1902895.960206043208018 ], [ 2966660.564168878830969, 1902899.03685767413117 ], [ 2966660.978027084376663, 1902902.341271086595953 ], [ 2966660.988287128973752, 1902902.395932466257364 ], [ 2966661.738107432611287, 1902908.23480023117736 ], [ 2966662.454733973369002, 1902913.777471211273223 ], [ 2966669.902242271229625, 1902929.26839990587905 ], [ 2966677.342560174874961, 1902943.573390641482547 ], [ 2966679.10796654690057, 1902946.967695564264432 ], [ 2966687.592781866900623, 1902970.377907998394221 ], [ 2966686.942153279203922, 1902982.770884178811684 ], [ 2966686.40234418399632, 1902998.275851448532194 ], [ 2966688.103315209969878, 1903014.334809230640531 ], [ 2966687.496714504435658, 1903019.784948006737977 ], [ 2966683.661190482322127, 1903034.018939515110105 ], [ 2966681.970989832654595, 1903049.44271354121156 ], [ 2966679.641624800860882, 1903060.207357943058014 ], [ 2966669.683678961358964, 1903070.683559290831909 ], [ 2966653.07214965345338, 1903083.452302603516728 ], [ 2966648.605230003595352, 1903099.49516107654199 ], [ 2966647.744918906129897, 1903100.508678440237418 ], [ 2966644.69462374271825, 1903104.102408050559461 ], [ 2966635.666411858983338, 1903109.742885300656781 ], [ 2966633.551044803112745, 1903111.511717102490366 ], [ 2966629.225514855235815, 1903115.135536519344896 ], [ 2966623.222661886364222, 1903122.974984859116375 ], [ 2966616.607074082829058, 1903141.238797094440088 ], [ 2966617.474105142056942, 1903153.929856026312336 ], [ 2966618.716152344830334, 1903172.121369078289717 ], [ 2966620.262109425850213, 1903176.789647633209825 ], [ 2966625.514297543559223, 1903192.597883288282901 ], [ 2966634.980421365238726, 1903205.986704859416932 ], [ 2966636.4523083018139, 1903208.068604059517384 ], [ 2966636.845512229949236, 1903208.620931119192392 ], [ 2966646.392345607280731, 1903223.558788632741198 ], [ 2966646.423932608217001, 1903223.609018677612767 ], [ 2966649.547891695983708, 1903229.604544002562761 ], [ 2966655.747841329313815, 1903241.50142148300074 ], [ 2966656.838892767205834, 1903243.593687590677291 ], [ 2966656.658049965277314, 1903255.130588660249487 ], [ 2966648.472986699081957, 1903267.101944828173146 ], [ 2966639.430341748055071, 1903274.753652949817479 ], [ 2966637.696808802895248, 1903276.224779980489984 ], [ 2966624.105351088568568, 1903285.169532725587487 ], [ 2966613.571629317011684, 1903287.459542169934139 ], [ 2966612.123854170553386, 1903286.892270830459893 ], [ 2966607.741077253594995, 1903285.175254449015483 ], [ 2966607.726291752420366, 1903285.158768026158214 ], [ 2966603.238282911013812, 1903280.169271714054048 ], [ 2966603.163949303328991, 1903280.090051372768357 ], [ 2966599.890286969952285, 1903273.889085855334997 ], [ 2966594.041158072650433, 1903268.549267827067524 ], [ 2966589.678870033938438, 1903267.207988543668762 ], [ 2966581.61525397375226, 1903267.72135379887186 ], [ 2966575.814940583892167, 1903272.496935929870233 ], [ 2966571.085457342676818, 1903278.469048051862046 ], [ 2966566.157791544683278, 1903285.752125981263816 ], [ 2966557.459090027958155, 1903297.793231509625912 ], [ 2966552.832069009542465, 1903309.749374859500676 ], [ 2966552.822914047166705, 1903310.016511576715857 ], [ 2966552.491139193065464, 1903317.872061411151662 ], [ 2966551.839301609434187, 1903333.305847110692412 ], [ 2966555.098659906070679, 1903338.430081402882934 ], [ 2966560.231120702810585, 1903345.28389501827769 ], [ 2966565.304407902993262, 1903351.231236993800849 ], [ 2966567.502144471276551, 1903352.733508957084268 ], [ 2966572.8048877841793, 1903356.358090297086164 ], [ 2966586.529502226039767, 1903365.467512480448931 ], [ 2966597.596792449243367, 1903384.699941847473383 ], [ 2966593.258875317871571, 1903403.90800886740908 ], [ 2966578.352533040568233, 1903444.338759293779731 ], [ 2966570.49535456020385, 1903452.689663616940379 ], [ 2966548.912613287102431, 1903457.917833349434659 ], [ 2966515.789104829076678, 1903464.693680128548294 ], [ 2966511.152659458108246, 1903465.642080724239349 ], [ 2966498.38374741608277, 1903470.597735638963059 ], [ 2966489.723658645525575, 1903476.417321123648435 ], [ 2966486.459948723204434, 1903492.776946016587317 ], [ 2966486.998611149378121, 1903507.345912863500416 ], [ 2966494.959484207909554, 1903520.673834673827514 ], [ 2966495.206894770264626, 1903520.937495752004907 ], [ 2966503.941694934852421, 1903530.245367220137268 ], [ 2966522.735825286246836, 1903545.321830709930509 ], [ 2966525.854366458952427, 1903552.511852257885039 ], [ 2966522.583197929896414, 1903559.135643706889823 ], [ 2966517.885991285555065, 1903568.82390418741852 ], [ 2966509.035994553007185, 1903579.229758770903572 ], [ 2966508.587714991997927, 1903586.228830447886139 ], [ 2966511.566934658680111, 1903634.53831225563772 ], [ 2966512.703262579161674, 1903670.019897201796994 ], [ 2966504.817168773151934, 1903690.984468939015642 ], [ 2966493.410748333670199, 1903710.706409129314125 ], [ 2966473.71501050516963, 1903730.174607999157161 ], [ 2966450.87044083699584, 1903747.138335797237232 ], [ 2966442.973981386050582, 1903756.53970548696816 ], [ 2966435.231957007199526, 1903772.671904424438253 ], [ 2966433.628546930849552, 1903780.272720813285559 ], [ 2966431.678533620666713, 1903789.499708018032834 ], [ 2966429.529539381153882, 1903791.048392088152468 ], [ 2966425.951178138144314, 1903790.206208584364504 ], [ 2966420.59072650782764, 1903786.516449043061584 ], [ 2966417.474912034813315, 1903784.781875493237749 ], [ 2966417.269112066365778, 1903784.810474725905806 ], [ 2966416.397940346039832, 1903784.931549696484581 ], [ 2966410.106695679016411, 1903785.756074533797801 ], [ 2966405.493459990248084, 1903793.248342424631119 ], [ 2966401.215527953114361, 1903800.196680237306282 ], [ 2966394.602156781591475, 1903823.310523582622409 ], [ 2966391.686692269518971, 1903833.516239863354713 ], [ 2966393.61055775731802, 1903846.062037681462243 ], [ 2966397.376663542352617, 1903854.404709022725001 ], [ 2966402.393824808299541, 1903861.94568167347461 ], [ 2966407.831308824010193, 1903871.4446358573623 ], [ 2966414.194787750951946, 1903887.635915424209088 ], [ 2966418.748491101898253, 1903907.493106655078009 ], [ 2966420.908504260703921, 1903924.801234855316579 ], [ 2966424.792054576799273, 1903938.575365683995187 ], [ 2966430.297667684964836, 1903949.499866514932364 ], [ 2966434.988085756544024, 1903953.409311298280954 ], [ 2966445.738660350441933, 1903962.369920862838626 ], [ 2966460.977051603607833, 1903974.912998744985089 ], [ 2966476.408894910477102, 1903981.666020910255611 ], [ 2966497.992494482547045, 1903981.258447808213532 ], [ 2966512.092580976895988, 1903976.364680857397616 ], [ 2966517.444119323045015, 1903970.943996609421447 ], [ 2966522.91057720547542, 1903970.822571169352159 ], [ 2966527.34404048230499, 1903976.288254882441834 ], [ 2966529.056911599822342, 1903983.024285322753713 ], [ 2966535.851866331882775, 1903989.094295328715816 ], [ 2966536.807393150404096, 1904002.013323314953595 ], [ 2966527.443239304237068, 1904014.885713567724451 ], [ 2966523.197365786880255, 1904026.023504760582 ], [ 2966521.759377222973853, 1904033.911711685592309 ], [ 2966525.316590688191354, 1904040.08171382220462 ], [ 2966529.400736703537405, 1904045.109014324378222 ], [ 2966539.068900739308447, 1904049.97133164270781 ], [ 2966551.250393352936953, 1904054.392708312021568 ], [ 2966563.968943207524717, 1904063.087254265556112 ], [ 2966566.431249598972499, 1904069.66663359105587 ], [ 2966565.449536663480103, 1904072.372684536036104 ], [ 2966560.831840425729752, 1904072.155398700153455 ], [ 2966554.554873111657798, 1904071.556097111431882 ], [ 2966545.066608280874789, 1904069.895683982176706 ], [ 2966536.491659251973033, 1904068.280704631702974 ], [ 2966530.954441935755312, 1904069.837790506426245 ], [ 2966528.765746614895761, 1904072.436647909460589 ], [ 2966528.360621260479093, 1904077.219792500836775 ], [ 2966541.456144966185093, 1904128.233060295227915 ], [ 2966555.890664290636778, 1904181.788920433493331 ], [ 2966566.726968929171562, 1904212.010158336721361 ], [ 2966574.815601185895503, 1904237.407453826395795 ], [ 2966583.811614578589797, 1904259.744563885964453 ], [ 2966584.972555577754974, 1904274.818212955724448 ], [ 2966582.490992162376642, 1904305.061618735315278 ], [ 2966581.285281870514154, 1904323.680708287749439 ], [ 2966578.875253562815487, 1904337.910644336137921 ], [ 2966574.347946526482701, 1904350.821835823589936 ], [ 2966567.284390158951283, 1904359.243791745277122 ], [ 2966545.559237857349217, 1904372.96126434369944 ], [ 2966523.768400466069579, 1904383.964568779803813 ], [ 2966502.464498969726264, 1904388.727943071397021 ], [ 2966476.462097401730716, 1904389.928407407831401 ], [ 2966473.302991671022028, 1904389.397343536140397 ], [ 2966462.735704035498202, 1904387.620997000252828 ], [ 2966454.921283613890409, 1904386.301735842134804 ], [ 2966445.162598066963255, 1904385.88215650152415 ], [ 2966438.593024217523634, 1904390.544562535127625 ], [ 2966431.288125280290842, 1904395.398870839970186 ], [ 2966424.990881036035717, 1904400.127375272801146 ], [ 2966423.17167781572789, 1904401.417662647087127 ], [ 2966420.573450483381748, 1904403.259254513075575 ], [ 2966419.861045483034104, 1904403.730466495268047 ], [ 2966416.123503779061139, 1904406.25601408095099 ], [ 2966408.697582893073559, 1904408.142388558015227 ], [ 2966402.080475975759327, 1904413.222105242311954 ], [ 2966397.488001201767474, 1904417.94414150994271 ], [ 2966394.747901024762541, 1904423.405631416942924 ], [ 2966391.42544729821384, 1904431.603444818407297 ], [ 2966385.849057525396347, 1904449.972874893574044 ], [ 2966387.68271500011906, 1904463.967825844418257 ], [ 2966391.138830210082233, 1904473.303776451153681 ], [ 2966397.100327008869499, 1904482.039395207772031 ], [ 2966397.643351540435106, 1904482.835117930313572 ], [ 2966408.719403753057122, 1904488.794721013167873 ], [ 2966416.07299062423408, 1904492.00061871134676 ], [ 2966426.947781593538821, 1904491.532914675073698 ], [ 2966441.400763269048184, 1904494.351186413085088 ], [ 2966452.726370337884873, 1904503.251848514657468 ], [ 2966454.303925539832562, 1904505.090730296680704 ], [ 2966463.354011614341289, 1904515.576150259701535 ], [ 2966478.933114334009588, 1904527.252062808489427 ], [ 2966482.135189128108323, 1904529.141291016014293 ], [ 2966482.345868408679962, 1904529.265627363696694 ], [ 2966496.7364511215128, 1904537.742573311785236 ], [ 2966507.583012960385531, 1904539.724727221066132 ], [ 2966516.31779027916491, 1904541.324803513707593 ], [ 2966528.806158667895943, 1904537.450360202696174 ], [ 2966538.994732188992202, 1904532.589221687288955 ], [ 2966548.100112402811646, 1904524.573207553476095 ], [ 2966549.167602892965078, 1904524.255018322961405 ], [ 2966564.38730741199106, 1904519.562447442905977 ], [ 2966572.471104995347559, 1904521.289492504438385 ], [ 2966576.247588498517871, 1904525.471899435389787 ], [ 2966579.04919024836272, 1904533.656667185481638 ], [ 2966581.437818916514516, 1904539.09565311181359 ], [ 2966582.671391578391194, 1904541.906529541825876 ], [ 2966587.163395231589675, 1904553.081101541174576 ], [ 2966591.744089249521494, 1904562.797351002460346 ], [ 2966596.261500205844641, 1904570.442982312757522 ], [ 2966600.361238053068519, 1904575.002839168068022 ], [ 2966601.766017661895603, 1904576.555769987404346 ], [ 2966605.742339394986629, 1904582.903394108405337 ], [ 2966609.035012260079384, 1904592.671478466596454 ], [ 2966608.076818217523396, 1904606.417342794127762 ], [ 2966614.791155347134918, 1904638.14586108061485 ], [ 2966611.033871471881866, 1904672.208642094396055 ], [ 2966610.87043424602598, 1904680.284832234727219 ], [ 2966610.383343821391463, 1904703.073039122391492 ], [ 2966615.561041593551636, 1904733.730693549150601 ], [ 2966616.283506447914988, 1904737.804172977805138 ], [ 2966620.604963378980756, 1904761.944175186101347 ], [ 2966624.584889272227883, 1904787.02728179981932 ], [ 2966624.915556674823165, 1904787.876883411314338 ], [ 2966627.388502324931324, 1904794.198114906204864 ], [ 2966636.952230741735548, 1904803.827900388510898 ], [ 2966642.232054995838553, 1904811.190826713340357 ], [ 2966650.286429692991078, 1904821.117486423812807 ], [ 2966650.708767587319016, 1904825.803225003415719 ], [ 2966650.843353125732392, 1904834.044401908759028 ], [ 2966651.155031007248908, 1904847.126678523141891 ], [ 2966655.719442007131875, 1904857.859878142597154 ], [ 2966656.154938605614007, 1904864.90146411000751 ], [ 2966656.940117689780891, 1904864.462365589803085 ], [ 2966661.297688103746623, 1904864.36459928448312 ], [ 2966660.327718550339341, 1904880.055049249436706 ], [ 2966656.287608282174915, 1904897.875238704029471 ], [ 2966648.444249991327524, 1904920.669135145843029 ], [ 2966637.746187811717391, 1904963.639918066328391 ], [ 2966633.646186173893511, 1904981.141271327156574 ], [ 2966629.537175468634814, 1904998.635029688710347 ], [ 2966626.267546590417624, 1905011.917915650177747 ], [ 2966621.896596195176244, 1905021.793887638952583 ], [ 2966610.781140119768679, 1905039.930480933282524 ], [ 2966609.845661851111799, 1905063.722045713104308 ], [ 2966608.870956046506763, 1905082.103620403213426 ], [ 2966606.391690763644874, 1905094.700027311220765 ], [ 2966606.715210498776287, 1905116.826155103510246 ], [ 2966606.198720001149923, 1905129.95875300350599 ], [ 2966605.689126920886338, 1905143.09001467586495 ], [ 2966605.394097743090242, 1905158.620200897101313 ], [ 2966599.745975274126977, 1905182.157679146388546 ], [ 2966597.578671125695109, 1905214.571398484287784 ], [ 2966597.800585302524269, 1905246.636295577976853 ], [ 2966594.794142525177449, 1905271.20268417452462 ], [ 2966587.673762308433652, 1905292.197299786610529 ], [ 2966584.210193029604852, 1905297.516578550916165 ], [ 2966577.856464760843664, 1905307.258548761717975 ], [ 2966570.594540576450527, 1905317.692655827384442 ], [ 2966562.778919144533575, 1905332.353769091656432 ], [ 2966551.327911254018545, 1905348.505500996485353 ], [ 2966537.986569285858423, 1905377.660965839400887 ], [ 2966529.564368400722742, 1905413.601177938980982 ], [ 2966522.993369987234473, 1905450.470431192079559 ], [ 2966514.387113410048187, 1905474.83605654607527 ], [ 2966502.796387535519898, 1905491.661455173743889 ], [ 2966487.875815031584352, 1905517.112598607549444 ], [ 2966488.135475371964276, 1905519.397931724786758 ], [ 2966488.307801343500614, 1905520.943735435139388 ], [ 2966489.046714959666133, 1905527.46719583729282 ], [ 2966483.243668782524765, 1905628.948870467022061 ], [ 2966479.605791572481394, 1905692.655442624585703 ], [ 2966478.68040360417217, 1905708.848499711137265 ], [ 2966478.167496275622398, 1905717.8222308116965 ], [ 2966477.410359271336347, 1905731.090725244022906 ], [ 2966474.696617880836129, 1905778.472376953344792 ], [ 2966473.454594258219004, 1905800.036219697445631 ], [ 2966473.121404113247991, 1905804.254893357632682 ], [ 2966471.342406863346696, 1905826.745968083385378 ], [ 2966471.18014558730647, 1905828.797620582859963 ], [ 2966469.068955981172621, 1905855.393484228989109 ], [ 2966468.982292653992772, 1905856.548396124271676 ], [ 2966468.962888336740434, 1905856.760875240201131 ], [ 2966468.904156053438783, 1905857.511917547788471 ], [ 2966467.518802804872394, 1905874.966348472982645 ], [ 2966464.400792321190238, 1905914.172678644303232 ], [ 2966459.926132305525243, 1905970.59077325463295 ], [ 2966456.140802183188498, 1906051.853182719089091 ], [ 2966455.407981086056679, 1906067.257589377462864 ], [ 2966451.922117966227233, 1906119.234517787816003 ], [ 2966451.667022246867418, 1906123.039023643126711 ], [ 2966450.700201557949185, 1906137.317879202775657 ], [ 2966449.353848285973072, 1906157.3786822904367 ], [ 2966446.843733966350555, 1906194.885534601286054 ], [ 2966446.739879460074008, 1906196.460825276328251 ], [ 2966446.115673007443547, 1906205.865272618131712 ], [ 2966445.789342103525996, 1906210.707710759481415 ], [ 2966443.929800203070045, 1906238.359558092197403 ], [ 2966443.899413028731942, 1906238.867964959703386 ], [ 2966443.677438169252127, 1906242.059281051391736 ], [ 2966443.662667471915483, 1906242.374924016883597 ], [ 2966443.646440112031996, 1906242.605567405931652 ], [ 2966443.571542493999004, 1906243.663392595248297 ], [ 2966443.563384124077857, 1906243.816644120262936 ], [ 2966443.236627877224237, 1906248.460488700075075 ], [ 2966442.196329879574478, 1906263.057737529277802 ], [ 2966441.264551267027855, 1906276.183056520763785 ], [ 2966440.801362012512982, 1906282.698247950989753 ], [ 2966440.218078530393541, 1906290.904954181751236 ], [ 2966438.649277129210532, 1906312.973263469990343 ], [ 2966437.736800062470138, 1906325.88602662505582 ], [ 2966437.346174656879157, 1906331.490438310196623 ], [ 2966437.154808117076755, 1906334.135540635325015 ], [ 2966436.568438252899796, 1906342.695797221502289 ], [ 2966436.689261503051966, 1906342.615095903398469 ], [ 2966436.96120863314718, 1906342.433475629426539 ], [ 2966448.549659455660731, 1906336.172722979215905 ], [ 2966456.196221780031919, 1906330.814186018193141 ], [ 2966466.075536921154708, 1906320.301716384245083 ], [ 2966469.365671503823251, 1906316.592299635522068 ], [ 2966470.80792449042201, 1906314.966152442386374 ], [ 2966484.733092338312417, 1906300.317938065622002 ], [ 2966502.096931234933436, 1906285.67959160450846 ], [ 2966516.71348317945376, 1906275.891932060476393 ], [ 2966531.232182654552162, 1906265.203805888770148 ], [ 2966539.014356328174472, 1906260.003142170375213 ], [ 2966555.692007011733949, 1906249.924277077894658 ], [ 2966561.408243225887418, 1906246.714245287934318 ], [ 2966597.04865369386971, 1906228.171979260165244 ], [ 2966614.877645860891789, 1906219.594435051316395 ], [ 2966626.400973984505981, 1906213.368926421971992 ], [ 2966639.152008373755962, 1906205.322151545900851 ], [ 2966660.063062630593777, 1906193.100501261884347 ], [ 2966678.022548774722964, 1906184.875775087624788 ], [ 2966696.309636192396283, 1906178.558777866419405 ], [ 2966706.347216088324785, 1906175.659688118146732 ], [ 2966724.945747755467892, 1906171.311951729469001 ], [ 2966751.894757964648306, 1906168.75079991412349 ], [ 2966770.284269551746547, 1906169.50355090922676 ], [ 2966798.395727535709739, 1906174.793951945379376 ], [ 2966817.718886377289891, 1906181.454786077141762 ], [ 2966831.813966396264732, 1906182.249766549095511 ], [ 2966847.310157078783959, 1906181.206978118047118 ], [ 2966860.291320072486997, 1906180.258132761577144 ], [ 2966860.849330321885645, 1906180.217310980893672 ], [ 2966869.241939823143184, 1906178.712405555648729 ], [ 2966882.339065609499812, 1906174.925732244271785 ], [ 2966899.516241625882685, 1906169.852659950731322 ], [ 2966905.155007842928171, 1906168.362198178190738 ], [ 2966921.196981182787567, 1906164.61221858067438 ], [ 2966955.558003907091916, 1906154.677673433441669 ], [ 2966960.639090785291046, 1906153.35020225471817 ], [ 2966979.23750436399132, 1906149.002622379455715 ], [ 2966989.903222299180925, 1906147.106053855502978 ], [ 2967007.825924840755761, 1906144.904841523617506 ], [ 2967029.200651555322111, 1906143.220489186467603 ], [ 2967045.511240856721997, 1906141.169332002056763 ], [ 2967050.720418992452323, 1906140.651664553908631 ], [ 2967069.785829090513289, 1906139.258182109333575 ], [ 2967094.389547093771398, 1906138.448163380613551 ], [ 2967100.243695870041847, 1906138.45015762373805 ], [ 2967117.23930770996958, 1906134.243319134926423 ], [ 2967135.993492435663939, 1906130.88048722082749 ], [ 2967156.661691257730126, 1906129.34648873587139 ], [ 2967176.038376294542104, 1906129.922438577283174 ], [ 2967200.534873143304139, 1906131.754944048356265 ], [ 2967206.914751096162945, 1906132.473272032337263 ], [ 2967225.615606832318008, 1906135.195513314800337 ], [ 2967235.033036430366337, 1906137.038060981314629 ], [ 2967254.045141638256609, 1906141.729696739464998 ], [ 2967274.150726830586791, 1906147.136006311979145 ], [ 2967292.976872525177896, 1906154.374161469750106 ], [ 2967310.637433200143278, 1906163.358535115141422 ], [ 2967330.0461190873757, 1906173.966671602567658 ], [ 2967339.328650634735823, 1906179.771309447707608 ], [ 2967354.183742340188473, 1906190.271419149124995 ], [ 2967359.791088932659477, 1906194.549235342536122 ], [ 2967374.957314047496766, 1906207.018654746003449 ], [ 2967409.787469455972314, 1906194.994274076540023 ], [ 2967430.923230144195259, 1906183.440209402004257 ], [ 2967451.594010681845248, 1906175.040321426000446 ], [ 2967470.772309169173241, 1906169.602757688146085 ], [ 2967507.128014139365405, 1906159.092084303963929 ], [ 2967524.305382806342095, 1906154.019384329672903 ], [ 2967530.200703156646341, 1906152.469252394745126 ], [ 2967549.786372336558998, 1906147.945062071317807 ], [ 2967563.039912218693644, 1906144.846806561807171 ], [ 2967576.378185445442796, 1906140.239688330097124 ], [ 2967581.334675812162459, 1906138.66823257599026 ], [ 2967599.498797776643187, 1906133.417033549863845 ], [ 2967613.59003871306777, 1906129.255651080980897 ], [ 2967626.877609066665173, 1906124.398926850641146 ], [ 2967643.794721099548042, 1906119.825073495972902 ], [ 2967661.171308252029121, 1906118.247838591691107 ], [ 2967678.492874674499035, 1906119.710456599015743 ], [ 2967695.233194054570049, 1906124.168447529664263 ], [ 2967710.883131974376738, 1906131.486373404040933 ], [ 2967724.967544186860323, 1906141.441998143680394 ], [ 2967737.058558653108776, 1906153.732614795677364 ], [ 2967746.788695638999343, 1906167.984844524646178 ], [ 2967749.379497232846916, 1906173.764697795268148 ], [ 2967752.341990776360035, 1906180.374258364085108 ], [ 2967843.603369832038879, 1906157.670400644652545 ], [ 2967924.529463839717209, 1906134.297976783243939 ], [ 2967971.962680316064507, 1906120.598820011131465 ], [ 2968077.593082840554416, 1906096.145262815291062 ], [ 2968218.276689951308072, 1906061.560626999707893 ], [ 2968221.22129731439054, 1906059.393148345639929 ], [ 2968226.637090756557882, 1906055.667079411679879 ], [ 2968244.146515696309507, 1906044.42737567727454 ], [ 2968250.815851816907525, 1906040.492886670166627 ], [ 2968265.469178232364357, 1906032.57738254358992 ], [ 2968271.89642084017396, 1906028.693590035429224 ], [ 2968277.382020086981356, 1906023.808563763508573 ], [ 2968287.250704099889845, 1906014.233330451883376 ], [ 2968297.748328017070889, 1906002.49293428263627 ], [ 2968311.355349712073803, 1905988.110601646127179 ], [ 2968319.567660700064152, 1905978.181938747176901 ], [ 2968333.614840966649354, 1905958.556514100870118 ], [ 2968372.249095098115504, 1905980.645732601406053 ], [ 2968376.028647683560848, 1905983.434665935114026 ], [ 2968381.984250382520258, 1905986.211903617950156 ], [ 2968385.242144347168505, 1905988.074476858368143 ], [ 2968388.357118343003094, 1905989.68269099551253 ], [ 2968388.442035878077149, 1905989.767207776429132 ], [ 2968391.425033618696034, 1905991.345110560767353 ], [ 2968394.341884875670075, 1905992.939934557303786 ], [ 2968397.86888060439378, 1905994.753760824911296 ], [ 2968401.723368948325515, 1905996.736102785915136 ], [ 2968409.301127811428159, 1906000.801166584948078 ], [ 2968413.26705224905163, 1906002.899016922106966 ], [ 2968418.368428940884769, 1906005.597513784421608 ], [ 2968421.551703344099224, 1906007.244824660941958 ], [ 2968427.140454359352589, 1906010.260278073139489 ], [ 2968427.145342193543911, 1906010.262945895316079 ], [ 2968431.29706412460655, 1906011.851067697629333 ], [ 2968431.901186096016318, 1906012.162991658085957 ], [ 2968462.843498658388853, 1906028.137465332634747 ], [ 2968478.237465790472925, 1906035.900236276909709 ], [ 2968495.661716463975608, 1906045.998914255527779 ], [ 2968508.067962630651891, 1906053.659467665711418 ], [ 2968507.43997604586184, 1906054.935913673136383 ], [ 2968529.387420636601746, 1906067.828056816011667 ], [ 2968594.729387222323567, 1906115.893365487456322 ], [ 2968636.340125251095742, 1906165.644094147253782 ], [ 2968680.348274277057499, 1906222.272158225998282 ], [ 2968725.368455914780498, 1906278.802508769789711 ], [ 2968736.786739788018167, 1906297.215629250742495 ], [ 2968771.670118475798517, 1906353.46906146267429 ], [ 2968807.805216848384589, 1906443.948526942636818 ], [ 2968818.249874459579587, 1906475.560577543918043 ], [ 2968833.537182067520916, 1906521.807929926319048 ], [ 2968858.547694283537567, 1906589.560124334413558 ], [ 2968895.277967451140285, 1906689.595809499500319 ], [ 2968919.132179651409388, 1906752.77819162234664 ], [ 2968962.400769515894353, 1906862.235569757409394 ], [ 2968970.236271802335978, 1906881.786233667517081 ], [ 2968982.212332609575242, 1906911.648160506039858 ], [ 2968999.102814946323633, 1906951.47951279534027 ], [ 2969005.377714056055993, 1906966.279473345959559 ], [ 2969020.500111278146505, 1907026.163395615294576 ], [ 2969041.254578446038067, 1907105.907079007476568 ], [ 2969059.063409455120564, 1907158.864235812099651 ], [ 2969059.904184389859438, 1907161.369057311210781 ], [ 2969059.907179944217205, 1907161.377734971232712 ], [ 2969060.697696130722761, 1907163.732182956766337 ], [ 2969061.255466029979289, 1907165.396244545467198 ], [ 2969061.677120178937912, 1907166.653136889450252 ], [ 2969062.352707406040281, 1907168.709421194624156 ], [ 2969062.575933381915092, 1907169.344707534182817 ], [ 2969062.607504302635789, 1907169.432713475776836 ], [ 2969062.652761288918555, 1907169.555934720905498 ], [ 2969063.477070144377649, 1907172.007306484505534 ], [ 2969065.282282088883221, 1907177.388987134443596 ], [ 2969065.791212962940335, 1907178.873764351708815 ], [ 2969066.268668357282877, 1907180.30838968558237 ], [ 2969075.24530034000054, 1907202.545734836254269 ], [ 2969084.657058730721474, 1907225.860561668407172 ], [ 2969113.060633351095021, 1907297.668571625603363 ], [ 2969143.987844775430858, 1907353.405626042513177 ], [ 2969173.28176166722551, 1907400.930982136633247 ], [ 2969174.500942051876336, 1907404.142820246051997 ], [ 2969188.916156785096973, 1907441.735828884178773 ], [ 2969202.937886408995837, 1907484.412265649298206 ], [ 2969239.935736753977835, 1907563.214227085234597 ], [ 2969269.673519629053771, 1907650.799073384143412 ], [ 2969286.771275395527482, 1907718.037663311464712 ], [ 2969286.982180225197226, 1907718.883960787439719 ], [ 2969287.953112028539181, 1907722.706658471841365 ], [ 2969303.088979139924049, 1907797.175385434180498 ], [ 2969326.277690547518432, 1907910.056043446063995 ], [ 2969346.657871071249247, 1908017.935341600794345 ], [ 2969364.983669676817954, 1908111.259422517614439 ], [ 2969378.067702212370932, 1908181.317235934082419 ], [ 2969384.392812378704548, 1908215.193304645130411 ], [ 2969386.443909046240151, 1908226.140508949290961 ], [ 2969402.593351159244776, 1908313.052504520164803 ], [ 2969414.899501753970981, 1908379.172726922202855 ], [ 2969424.501106650568545, 1908371.351129865739495 ], [ 2969429.383668020367622, 1908366.32228808151558 ], [ 2969436.852828075177968, 1908356.70553481974639 ], [ 2969441.425087683834136, 1908351.221356670372188 ], [ 2969448.135364207439125, 1908343.716442475328222 ], [ 2969450.63288843119517, 1908340.923044229624793 ], [ 2969456.178510334342718, 1908333.174772185273468 ], [ 2969464.02042552176863, 1908321.258512593340129 ], [ 2969473.689065905287862, 1908305.535085154464468 ], [ 2969486.122013431973755, 1908286.65552814793773 ], [ 2969494.840030685067177, 1908273.408020666101947 ], [ 2969503.541247268673033, 1908259.086419254774228 ], [ 2969510.043500476516783, 1908249.617297217482701 ], [ 2969521.839024679269642, 1908234.33904077950865 ], [ 2969528.734067266341299, 1908226.297872005030513 ], [ 2969542.659508269280195, 1908211.650445044506341 ], [ 2969547.645203365944326, 1908206.74987259064801 ], [ 2969556.330791037995368, 1908198.772243605228141 ], [ 2969559.500855219550431, 1908194.690974141471088 ], [ 2969567.10177285829559, 1908183.140881676925346 ], [ 2969571.61817928403616, 1908176.811196315800771 ], [ 2969594.06644950248301, 1908147.735391284106299 ], [ 2969604.618042469024658, 1908132.993055517785251 ], [ 2969617.717119918204844, 1908117.993274167180061 ], [ 2969628.926627028733492, 1908107.417152381734923 ], [ 2969640.919535976834595, 1908094.802586821140721 ], [ 2969649.133481060154736, 1908087.058794311480597 ], [ 2969664.3571991561912, 1908074.204047586070374 ], [ 2969671.707119160331786, 1908068.544046861119568 ], [ 2969687.242314172443002, 1908057.658590698847547 ], [ 2969703.182219486683607, 1908048.497467384906486 ], [ 2969716.474219236988574, 1908046.221063693519682 ], [ 2969730.921443446539342, 1908036.172028157161549 ], [ 2969739.288915469311178, 1908032.270715666469187 ], [ 2969746.838918697088957, 1908028.750552051700652 ], [ 2969763.742906248196959, 1908024.182272478938103 ], [ 2969781.119778017979115, 1908022.605833813082427 ], [ 2969796.60716813756153, 1908016.225875766482204 ], [ 2969800.784925801679492, 1908014.504844086011872 ], [ 2969816.370171055663377, 1908012.950435276841745 ], [ 2969822.577927384525537, 1908012.818857479607686 ], [ 2969827.751055473927408, 1908012.709193632239476 ], [ 2969838.760803560260683, 1908010.735690044704825 ], [ 2969844.260125063359737, 1908009.905825063819066 ], [ 2969858.355042344890535, 1908008.175852463115007 ], [ 2969859.423659917898476, 1908008.044663915177807 ], [ 2969870.235024960711598, 1908006.106829806929454 ], [ 2969883.126309584826231, 1908003.190759032499045 ], [ 2969889.078199233859777, 1908001.844262303318828 ], [ 2969903.785531704314053, 1907998.362502028699964 ], [ 2969916.934795844368637, 1907994.561768931569532 ], [ 2969931.377394628711045, 1907989.437133709667251 ], [ 2969932.914787468500435, 1907988.905992829473689 ], [ 2969963.322549203410745, 1907978.400955561315641 ], [ 2969968.397847323212773, 1907975.978747744346038 ], [ 2969975.722454430535436, 1907971.074710955843329 ], [ 2969986.421280584763736, 1907962.766147954389453 ], [ 2970004.907186447642744, 1907949.116865710821003 ], [ 2970012.689599335193634, 1907943.916820997837931 ], [ 2970029.367765770293772, 1907933.839285566005856 ], [ 2970048.070108793210238, 1907924.979729112004861 ], [ 2970065.370637491345406, 1907918.841070945141837 ], [ 2970086.596020774915814, 1907913.798955395119265 ], [ 2970105.506393215153366, 1907911.422184575349092 ], [ 2970111.292453319765627, 1907910.86439498513937 ], [ 2970129.371474931947887, 1907909.649243427440524 ], [ 2970144.008765066973865, 1907909.740449584787712 ], [ 2970163.541579130571336, 1907911.302450032904744 ], [ 2970171.647910756058991, 1907912.288288009818643 ], [ 2970189.36218050820753, 1907915.188842820236459 ], [ 2970201.409838180057704, 1907917.947025337023661 ], [ 2970212.447207965422422, 1907921.216393626527861 ], [ 2970222.24007913377136, 1907916.91361363325268 ], [ 2970240.527852191589773, 1907910.598099095281214 ], [ 2970250.28075783746317, 1907907.766812443500385 ], [ 2970267.892700257711112, 1907903.597541408613324 ], [ 2970283.937356162816286, 1907899.84800892835483 ], [ 2970295.967457041144371, 1907896.296210959786549 ], [ 2970304.598243059590459, 1907882.609981684014201 ], [ 2970310.426558532752097, 1907871.233830850338563 ], [ 2970320.67473080009222, 1907856.916181100299582 ], [ 2970333.212959349155426, 1907844.545025197789073 ], [ 2970348.480759622063488, 1907832.133247540798038 ], [ 2970360.156663754954934, 1907823.921588308177888 ], [ 2970374.7906952528283, 1907815.079515931196511 ], [ 2970389.327805627137423, 1907805.346723217284307 ], [ 2970401.254117239266634, 1907797.45797851216048 ], [ 2970410.826125629246235, 1907790.02470368379727 ], [ 2970424.339324789121747, 1907779.046359412604943 ], [ 2970457.165862330235541, 1907754.738862448837608 ], [ 2970469.647378953173757, 1907744.598670301027596 ], [ 2970477.293932934291661, 1907738.951431451831013 ], [ 2970493.816486792638898, 1907727.889451200142503 ], [ 2970507.989476452581584, 1907718.515230125747621 ], [ 2970519.583431115373969, 1907710.446219639154151 ], [ 2970533.033041865099221, 1907700.546910827979445 ], [ 2970562.255076781380922, 1907680.038165786070749 ], [ 2970573.594936614390463, 1907670.463419551262632 ], [ 2970583.127124973572791, 1907662.274961731396616 ], [ 2970592.591055696830153, 1907652.528709962032735 ], [ 2970605.054888509213924, 1907639.41948048165068 ], [ 2970613.211058586835861, 1907630.298372699413449 ], [ 2970617.507527038455009, 1907624.295882051344961 ], [ 2970624.276069156825542, 1907612.273381469538435 ], [ 2970630.274490256793797, 1907602.853358372114599 ], [ 2970641.083410814404488, 1907587.752578123938292 ], [ 2970654.183124033734202, 1907572.753226190339774 ], [ 2970667.433131566271186, 1907560.252663757652044 ], [ 2970683.860520796384662, 1907545.567889278521761 ], [ 2970687.831822483800352, 1907542.207325760275126 ], [ 2970700.293344870675355, 1907532.190424643922597 ], [ 2970710.920622683130205, 1907521.879810351645574 ], [ 2970720.20934716751799, 1907513.882071589818224 ], [ 2970733.235877939965576, 1907503.950652386294678 ], [ 2970739.625554230064154, 1907496.805005492176861 ], [ 2970746.751413853373379, 1907489.583929769927636 ], [ 2970765.659013986121863, 1907477.507798020495102 ], [ 2970768.093318716157228, 1907469.813774522626773 ], [ 2970771.942149086389691, 1907466.035302668111399 ], [ 2970779.068535297177732, 1907458.631876087281853 ], [ 2970783.680060275830328, 1907453.217982650967315 ], [ 2970792.061289937235415, 1907443.378477520076558 ], [ 2970801.422466730698943, 1907438.341975994640961 ], [ 2970804.920856099110097, 1907433.484816333279014 ], [ 2970813.154013030230999, 1907422.053833232726902 ], [ 2970824.777064788620919, 1907410.373504039365798 ], [ 2970834.750243018381298, 1907400.675327962497249 ], [ 2970842.795663607306778, 1907390.201587767107412 ], [ 2970848.301929509267211, 1907383.619023046223447 ], [ 2970857.706657528411597, 1907373.28161310008727 ], [ 2970866.20823166705668, 1907362.336895505432039 ], [ 2970870.780693117994815, 1907356.852964291116223 ], [ 2970883.719812302384526, 1907342.383160978322849 ], [ 2970894.970489996485412, 1907330.011171764926985 ], [ 2970905.539724421687424, 1907317.371764433104545 ], [ 2970909.919317357242107, 1907312.461307005491108 ], [ 2970918.896901728585362, 1907303.019051666371524 ], [ 2970924.101307983510196, 1907295.748576584272087 ], [ 2970927.814493435434997, 1907289.637533949688077 ], [ 2970932.255633543245494, 1907279.09363953419961 ], [ 2970936.977349252905697, 1907269.354599353391677 ], [ 2970945.656641161534935, 1907253.623045535059646 ], [ 2970958.600689666345716, 1907232.357016365043819 ], [ 2970971.117184321861714, 1907213.3536995369941 ], [ 2970975.652421771548688, 1907207.037332070758566 ], [ 2970984.229945313185453, 1907195.994712131330743 ], [ 2970992.735819068737328, 1907183.15240028896369 ], [ 2971004.577359820716083, 1907166.493103395216167 ], [ 2971014.198774429038167, 1907151.966437244554982 ], [ 2971022.798414743039757, 1907140.738619289826602 ], [ 2971034.361849205568433, 1907127.612689797300845 ], [ 2971054.771489056292921, 1907101.18028515460901 ], [ 2971064.492383950389922, 1907087.600209682714194 ], [ 2971078.520467158406973, 1907069.321772198658437 ], [ 2971083.869654355570674, 1907062.943313108989969 ], [ 2971095.977236512117088, 1907049.635154951130971 ], [ 2971111.449907103553414, 1907033.326171579770744 ], [ 2971127.297306250780821, 1907014.654411043738946 ], [ 2971123.09541237866506, 1906997.824110926128924 ], [ 2971121.892895820550621, 1906980.456427898723632 ], [ 2971123.725926995743066, 1906963.078919264255092 ], [ 2971128.539392264559865, 1906946.219603107543662 ], [ 2971136.186575596686453, 1906930.390813817502931 ], [ 2971146.435209417250007, 1906916.073536342708394 ], [ 2971158.974174678325653, 1906903.702636633068323 ], [ 2971173.422252611257136, 1906893.654154715826735 ], [ 2971189.340450584422797, 1906886.233374832198024 ], [ 2971206.245091041084379, 1906881.665796775138006 ], [ 2971223.622541624121368, 1906880.090142061468214 ], [ 2971240.94480702560395, 1906881.554243552265689 ], [ 2971257.68565526092425, 1906886.013674651505426 ], [ 2971264.634081358090043, 1906888.432997246971354 ], [ 2971269.202138488180935, 1906890.023568434873596 ], [ 2971274.535683658905327, 1906884.238905504811555 ], [ 2971281.23751310352236, 1906877.175103919813409 ], [ 2971286.984237014316022, 1906871.118343092268333 ], [ 2971291.518908053636551, 1906866.338852075627074 ], [ 2971301.359634105116129, 1906854.571010337444022 ], [ 2971316.300703644752502, 1906838.015076025621966 ], [ 2971331.77364493208006, 1906821.706199936801568 ], [ 2971337.936602241359651, 1906815.741538490634412 ], [ 2971352.174411585554481, 1906803.064489296637475 ], [ 2971366.963104764930904, 1906790.339870486874133 ], [ 2971373.029966651462018, 1906785.51296355179511 ], [ 2971385.596494749188423, 1906776.264298275578767 ], [ 2971397.320635798387229, 1906766.740187855437398 ], [ 2971409.074739713221788, 1906756.816616368712857 ], [ 2971419.492134306579828, 1906746.710226694820449 ], [ 2971431.514930676203221, 1906734.329583467449993 ], [ 2971438.307724136859179, 1906727.939403092022985 ], [ 2971451.017372115049511, 1906717.022310593398288 ], [ 2971464.56923128478229, 1906704.956004887120798 ], [ 2971481.845531411003321, 1906690.323537396499887 ], [ 2971500.748731540050358, 1906675.610281054163352 ], [ 2971519.274630694650114, 1906664.217364092357457 ], [ 2971536.264710293151438, 1906656.110063441330567 ], [ 2971547.64601159049198, 1906651.496812599943951 ], [ 2971566.554075376596302, 1906645.128936979919672 ], [ 2971561.313967948313802, 1906612.827562511665747 ], [ 2971556.558815277181566, 1906539.248011831194162 ], [ 2971553.502447921782732, 1906460.731464051408693 ], [ 2971551.718294968828559, 1906424.098574984120205 ], [ 2971548.249115224462003, 1906350.655391632113606 ], [ 2971547.426611289381981, 1906319.132043102523312 ], [ 2971547.193067414686084, 1906310.188167531974614 ], [ 2971547.116238296963274, 1906298.787036614259705 ], [ 2971548.365728325210512, 1906290.787458582781255 ], [ 2971549.375146537553519, 1906284.324451030232012 ], [ 2971548.132540431339294, 1906262.879048814997077 ], [ 2971549.365787805523723, 1906251.49784297705628 ], [ 2971552.487784511875361, 1906232.712237170664594 ], [ 2971564.701587174087763, 1906173.128322781296447 ], [ 2971568.230863139033318, 1906160.318993291817605 ], [ 2971590.360346201807261, 1906096.568042411934584 ], [ 2971594.496141497045755, 1906070.255090775433928 ], [ 2971596.421684282831848, 1906057.746201227419078 ], [ 2971598.478685303591192, 1906044.38162429491058 ], [ 2971602.025831146165729, 1906030.976557694841176 ], [ 2971603.799879443831742, 1906023.592527690110728 ], [ 2971607.86977720586583, 1906006.65337203303352 ], [ 2971627.987211661413312, 1905960.521000122884288 ], [ 2971631.686154528521001, 1905952.371048426721245 ], [ 2971637.664454245939851, 1905941.150829909369349 ], [ 2971646.010960446670651, 1905927.580669904593378 ], [ 2971693.176033724099398, 1905835.093937796540558 ], [ 2971718.163931746035814, 1905772.676085446262732 ], [ 2971725.513054403942078, 1905748.322378301760182 ], [ 2971730.000116302631795, 1905719.775867788819596 ], [ 2971732.838140609208494, 1905707.089775447268039 ], [ 2971738.766115542501211, 1905686.788879042258486 ], [ 2971748.213567839004099, 1905664.591168903047219 ], [ 2971758.556792117655277, 1905646.536900413455442 ], [ 2971764.178250449243933, 1905637.782201195834205 ], [ 2971787.461660701781511, 1905605.258670763345435 ], [ 2971804.243488449137658, 1905583.58965784101747 ], [ 2971812.72073330450803, 1905565.908742675790563 ], [ 2971820.209245748352259, 1905550.290492064785212 ], [ 2971824.050776259042323, 1905542.728878607042134 ], [ 2971828.175766174681485, 1905534.609890224877745 ], [ 2971838.388635556213558, 1905517.793713279301301 ], [ 2971850.964733757078648, 1905507.922484227921814 ], [ 2971871.962074591312557, 1905475.668632167391479 ], [ 2971880.498438820708543, 1905466.581264268606901 ], [ 2971896.399944822769612, 1905451.581488337134942 ], [ 2971911.45622359123081, 1905439.812886539846659 ], [ 2971928.967102971859276, 1905428.574952984927222 ], [ 2971934.317895392887294, 1905425.366034388076514 ], [ 2971952.971629639156163, 1905414.936022065579891 ], [ 2971965.651206478476524, 1905408.945911559043452 ], [ 2971984.771677325479686, 1905401.469896109309047 ], [ 2972044.730472491588444, 1905380.845419296063483 ], [ 2972064.181438719388098, 1905376.267338047502562 ], [ 2972086.054337915964425, 1905373.361079862806946 ], [ 2972113.570380054414272, 1905373.52281790249981 ], [ 2972135.389689447358251, 1905376.701487178681418 ], [ 2972150.84966990025714, 1905380.243382605258375 ], [ 2972221.593483368866146, 1905402.59213365893811 ], [ 2972249.677024537697434, 1905410.911697268718854 ], [ 2972271.528771451674402, 1905414.861573584144935 ], [ 2972304.195941032841802, 1905412.680053669959307 ], [ 2972318.775215099565685, 1905405.509602857055143 ], [ 2972330.555669605731964, 1905399.703798073576763 ], [ 2972346.488785369321704, 1905395.023624413646758 ], [ 2972350.798607137054205, 1905392.250158262439072 ], [ 2972358.491874057799578, 1905392.1219781935215 ], [ 2972364.692876380868256, 1905384.474924080772325 ], [ 2972381.839073257520795, 1905377.352832130854949 ], [ 2972401.013940903358161, 1905369.62803522287868 ], [ 2972422.301350430119783, 1905361.982358319219202 ], [ 2972459.691123079508543, 1905349.069852672284469 ], [ 2972477.627893641591072, 1905343.569965815870091 ], [ 2972492.651878103613853, 1905338.240559261059389 ], [ 2972498.923574976157397, 1905336.241815649438649 ], [ 2972518.103742780163884, 1905330.806762873427942 ], [ 2972536.018065011594445, 1905325.630494912387803 ], [ 2972568.439930508378893, 1905316.061053832061589 ], [ 2972584.544338069856167, 1905310.501174174016342 ], [ 2972606.09042879473418, 1905304.03235181607306 ], [ 2972622.250579468905926, 1905299.150338983628899 ], [ 2972643.112680763937533, 1905293.222973584895954 ], [ 2972661.306143050082028, 1905287.966085996478796 ], [ 2972671.55466560088098, 1905285.57379677798599 ], [ 2972722.64113578479737, 1905276.421777975279838 ], [ 2972735.428232992999256, 1905272.727119101444259 ], [ 2972751.310351657215506, 1905267.929100236156955 ], [ 2972762.737805914133787, 1905265.188437775010243 ], [ 2972778.897740755230188, 1905262.293389700120315 ], [ 2972794.927277171984315, 1905258.549184183357283 ], [ 2972805.593845205381513, 1905256.654244511853904 ], [ 2972817.543721098452806, 1905255.188591574784368 ], [ 2972820.758588831871748, 1905254.794327148934826 ], [ 2972850.816325712483376, 1905249.409634965239093 ], [ 2972865.717725900001824, 1905245.883455450646579 ], [ 2972876.669227952603251, 1905243.921597157604992 ], [ 2972891.833875029347837, 1905242.061626588460058 ], [ 2972926.605970124714077, 1905235.832571730250493 ], [ 2972931.815797518007457, 1905235.039123731432483 ], [ 2972932.380045861471444, 1905235.025327749783173 ], [ 2972951.201990299858153, 1905234.565212389454246 ], [ 2972963.44152696384117, 1905231.258928809314966 ], [ 2972968.941673036664724, 1905230.42947769491002 ], [ 2972980.820186569355428, 1905229.683937929803506 ], [ 2973016.126871511340141, 1905221.820924510248005 ], [ 2973032.156459554098547, 1905218.076719293836504 ], [ 2973037.323312520980835, 1905217.011214746395126 ], [ 2973054.819568455219269, 1905213.877013673307374 ], [ 2973064.274605147540569, 1905210.523292382713407 ], [ 2973085.240798373240978, 1905205.516096267849207 ], [ 2973100.040421634912491, 1905203.61801926442422 ], [ 2973113.624165358021855, 1905200.445239310851321 ], [ 2973124.000984471291304, 1905198.586404296569526 ], [ 2973142.912560707889497, 1905196.211277281632647 ], [ 2973153.289135721512139, 1905195.451527465833351 ], [ 2973162.021202243864536, 1905195.267249157419428 ], [ 2973188.959539103787392, 1905188.97524593770504 ], [ 2973199.336553218774498, 1905187.116297177039087 ], [ 2973215.634344418998808, 1905185.069483754457906 ], [ 2973228.211189003195614, 1905182.816587890032679 ], [ 2973241.401320015080273, 1905179.735832634847611 ], [ 2973256.059270791243762, 1905175.409666255349293 ], [ 2973261.698580875992775, 1905173.920154540333897 ], [ 2973275.210018511861563, 1905170.764339853543788 ], [ 2973288.549745067022741, 1905166.159231026424095 ], [ 2973298.845263816416264, 1905163.202209227485582 ], [ 2973318.433034470304847, 1905158.680933787021786 ], [ 2973328.292414971627295, 1905156.914847836829722 ], [ 2973345.092730356380343, 1905156.329927263781428 ], [ 2973357.212824780493975, 1905152.129018171923235 ], [ 2973368.124532851856202, 1905144.207131406059489 ], [ 2973386.505468004383147, 1905131.197915851604193 ], [ 2973401.906089695170522, 1905119.865335148060694 ], [ 2973419.395817138720304, 1905107.579876561881974 ], [ 2973445.476888628676534, 1905094.390692729502916 ], [ 2973464.753495269455016, 1905087.900127740344033 ], [ 2973487.421575929969549, 1905081.250749200116843 ], [ 2973507.570156263187528, 1905077.587925009196624 ], [ 2973525.420778070576489, 1905076.192946025868878 ], [ 2973541.149221776053309, 1905074.264066901989281 ], [ 2973551.235959361772984, 1905073.540455056354403 ], [ 2973573.108006341382861, 1905074.45900338399224 ], [ 2973589.548638707958162, 1905072.891744462074712 ], [ 2973602.039965318515897, 1905074.232580772135407 ], [ 2973607.684719267766923, 1905074.8386519853957 ], [ 2973624.550846075639129, 1905078.809924057452008 ], [ 2973638.644066008273512, 1905077.367485673166811 ], [ 2973657.500911583658308, 1905078.876991317374632 ], [ 2973678.307423781603575, 1905081.450816827360541 ], [ 2973691.983409659005702, 1905082.183884056052193 ], [ 2973702.701644647866488, 1905083.34477363829501 ], [ 2973716.387306068558246, 1905085.58674992271699 ], [ 2973726.83286917489022, 1905086.423055336344987 ], [ 2973738.722430178895593, 1905086.172146159224212 ], [ 2973745.850113150663674, 1905085.693869194947183 ], [ 2973746.34260518103838, 1905085.660840671742335 ], [ 2973756.946057460736483, 1905083.184343466768041 ], [ 2973767.612998714670539, 1905081.289633311564103 ], [ 2973785.537580371834338, 1905079.091537458589301 ], [ 2973799.700014072470367, 1905078.365298470947891 ], [ 2973820.065648486837745, 1905078.767662324011326 ], [ 2973826.038611890748143, 1905079.065384552348405 ], [ 2973843.095281964167953, 1905080.430934002622962 ], [ 2973859.986854330636561, 1905080.935822928557172 ], [ 2973883.181375090498477, 1905082.668006282299757 ], [ 2973899.278422037139535, 1905083.530794691527262 ], [ 2973921.423988829366863, 1905085.269127037143335 ], [ 2973935.837780276313424, 1905086.801483723102137 ], [ 2973948.025280876085162, 1905086.648756455862895 ], [ 2973954.608182604424655, 1905086.783587840385735 ], [ 2973972.012424297165126, 1905087.716549436328933 ], [ 2973987.469230994582176, 1905090.37904216023162 ], [ 2973994.369351048022509, 1905091.567634891718626 ], [ 2974004.50598494336009, 1905090.337741922819987 ], [ 2974014.066584662068635, 1905091.153409214224666 ], [ 2974021.819789634086192, 1905091.37481438042596 ], [ 2974044.859525595791638, 1905092.032552652992308 ], [ 2974059.565426421351731, 1905091.988336966838688 ], [ 2974077.885716588702053, 1905091.602053143782541 ], [ 2974096.163257799111307, 1905091.369242980610579 ], [ 2974115.560953624546528, 1905090.810462209628895 ], [ 2974134.99478414375335, 1905090.553644059691578 ], [ 2974153.938545189797878, 1905093.822132148314267 ], [ 2974158.125906750559807, 1905090.938301052432507 ], [ 2974168.000737394206226, 1905092.029238116694614 ], [ 2974174.520479177124798, 1905090.268273639725521 ], [ 2974190.961249369196594, 1905088.701260183705017 ], [ 2974209.222102787345648, 1905090.159322406863794 ], [ 2974222.711002711206675, 1905087.202320923795924 ], [ 2974241.599609266035259, 1905085.928792543709278 ], [ 2974260.378642519004643, 1905084.559872535523027 ], [ 2974265.545616163872182, 1905084.317126957466826 ], [ 2974284.768842688761652, 1905083.911898897960782 ], [ 2974289.852816966362298, 1905083.934122867649421 ], [ 2974307.117890811525285, 1905084.450388775672764 ], [ 2974319.630125000141561, 1905084.293609802611172 ], [ 2974319.630125000141561, 1893831.536375000141561 ], [ 2970134.916858558077365, 1893831.536375000141561 ], [ 2970136.218653882853687, 1893832.801932159811258 ] ] ] ] } },
{ "type": "Feature", "properties": { "SITE_NAME": "La Serena", "ODESIGNATE": "Zonas Especiales de Conservación", "NUT2": 43, "SITE_CODE_": "ES4310010", "DESIG_ABBR": "ES56", "SITE_CDDA": "555774144_CDDA", "Sup_ha": 148156.82116 }, "geometry": { "type": "MultiPolygon", "coordinates": [ [ [ [ 2959271.849451729562134, 1902113.408412210643291 ], [ 2959276.70226753782481, 1902115.873687718296424 ], [ 2959278.721829060930759, 1902116.898312476463616 ], [ 2959278.885291650891304, 1902116.977620985591784 ], [ 2959289.806638058274984, 1902102.315881003625691 ], [ 2959292.541123116388917, 1902098.642487742006779 ], [ 2959306.25391609640792, 1902088.85063603008166 ], [ 2959311.768232790287584, 1902084.923917143139988 ], [ 2959315.327522836625576, 1902082.393923046300188 ], [ 2959323.043177054263651, 1902071.817541238619015 ], [ 2959352.414180365856737, 1902024.956049141939729 ], [ 2959379.141987123060971, 1901974.084537889575586 ], [ 2959388.827942940406501, 1901949.157300212886184 ], [ 2959388.934742770157754, 1901948.897945531178266 ], [ 2959389.92652192665264, 1901949.864141300786287 ], [ 2959390.916443686001003, 1901950.821152234449983 ], [ 2959395.618983817752451, 1901955.378069673897699 ], [ 2959395.616566936485469, 1901955.383971437811852 ], [ 2959398.079925959929824, 1901957.774402066832408 ], [ 2959398.951259316876531, 1901958.6142795633059 ], [ 2959399.54286914691329, 1901959.190871289465576 ], [ 2959422.327747608534992, 1901984.760697559220716 ], [ 2959438.566352095454931, 1902002.984084424097091 ], [ 2959440.646849980112165, 1902005.312819772167131 ], [ 2959442.738008261658251, 1902007.658273276174441 ], [ 2959443.942926097195596, 1902009.005928421160206 ], [ 2959464.04388830717653, 1902029.466361805098131 ], [ 2959473.768746943213046, 1902039.36731298873201 ], [ 2959512.428446250967681, 1902085.283684371737763 ], [ 2959552.33173025213182, 1902133.14614544971846 ], [ 2959578.628507727757096, 1902164.278679121285677 ], [ 2959579.99444441543892, 1902165.535366328898817 ], [ 2959600.281133712269366, 1902184.195083247264847 ], [ 2959654.894002816639841, 1902231.587882224936038 ], [ 2959657.590690717101097, 1902233.995485123712569 ], [ 2959667.946335565298796, 1902243.271107915556058 ], [ 2959668.965060316026211, 1902244.184276504674926 ], [ 2959669.000100392848253, 1902244.215250202687457 ], [ 2959669.017654222436249, 1902244.230629732832313 ], [ 2959693.482091944199055, 1902266.141655679792166 ], [ 2959721.678501470014453, 1902287.069452447583899 ], [ 2959723.453548969700933, 1902288.685593639267609 ], [ 2959725.590007713995874, 1902290.642607701243833 ], [ 2959736.860211209859699, 1902297.651162008056417 ], [ 2959755.30944652389735, 1902306.437265728367493 ], [ 2959791.063476640731096, 1902313.715125077869743 ], [ 2959798.312095053493977, 1902315.193729175720364 ], [ 2959799.57039925083518, 1902315.450071271741763 ], [ 2959799.639784519560635, 1902315.463944642804563 ], [ 2959859.012687824200839, 1902326.291368984850124 ], [ 2959882.431326470337808, 1902327.798619475448504 ], [ 2959957.15459036687389, 1902332.631877570180222 ], [ 2959957.605267415288836, 1902332.660246203420684 ], [ 2959984.285326502285898, 1902334.382029085885733 ], [ 2959991.112297871150076, 1902334.414637896232307 ], [ 2959991.580912129022181, 1902334.420345920836553 ], [ 2959991.670060887932777, 1902334.420546598965302 ], [ 2960056.817337880842388, 1902334.731773110106587 ], [ 2960080.51364065008238, 1902336.295026546344161 ], [ 2960080.60443399567157, 1902336.304349295562133 ], [ 2960080.67923479154706, 1902336.307530398480594 ], [ 2960138.915934304241091, 1902340.147651494946331 ], [ 2960147.293702856637537, 1902339.513325079577044 ], [ 2960162.514527679421008, 1902338.368440096499398 ], [ 2960166.912974838167429, 1902338.040450347354636 ], [ 2960171.471787104383111, 1902337.697652815142646 ], [ 2960174.352814969606698, 1902337.738404706120491 ], [ 2960176.874557234346867, 1902337.774177323328331 ], [ 2960215.50290840305388, 1902325.985136421630159 ], [ 2960216.540449765510857, 1902325.66272997087799 ], [ 2960221.261307818815112, 1902323.978447475703433 ], [ 2960221.338167570531368, 1902323.952907026046887 ], [ 2960242.862533559091389, 1902314.339449601946399 ], [ 2960255.682852739933878, 1902308.6216614714358 ], [ 2960265.003546453081071, 1902304.454435479361564 ], [ 2960289.718933537602425, 1902290.361661166884005 ], [ 2960314.267890443094075, 1902276.370468812063336 ], [ 2960316.718162143602967, 1902275.040550131816417 ], [ 2960334.466887581162155, 1902265.397092133527622 ], [ 2960350.557914250530303, 1902256.64260445185937 ], [ 2960350.591361244674772, 1902256.62495696474798 ], [ 2960359.952553259208798, 1902251.531372534343973 ], [ 2960379.826174641493708, 1902240.721225448185578 ], [ 2960389.671776668168604, 1902235.363916331669316 ], [ 2960394.565156841184944, 1902232.705580033361912 ], [ 2960425.604305575601757, 1902215.825055953348055 ], [ 2960458.496465150266886, 1902197.948868676787242 ], [ 2960484.903685507364571, 1902183.577338071074337 ], [ 2960503.563873870298266, 1902171.724994202842936 ], [ 2960542.153404409531504, 1902147.194646143820137 ], [ 2960543.835388088598847, 1902145.96080900169909 ], [ 2960543.874115529470146, 1902145.932898348430172 ], [ 2960555.401362370699644, 1902137.493912943871692 ], [ 2960555.41949715372175, 1902137.471216853242368 ], [ 2960560.270568994339556, 1902133.921939112246037 ], [ 2960564.305289037991315, 1902130.961159986909479 ], [ 2960565.354622994083911, 1902130.19111412926577 ], [ 2960578.375337976031005, 1902120.661291318247095 ], [ 2960591.796024354174733, 1902107.002190115861595 ], [ 2960627.203166012186557, 1902070.967893521534279 ], [ 2960628.769894073717296, 1902069.084925861330703 ], [ 2960633.309262978844345, 1902063.649679548572749 ], [ 2960641.071431765332818, 1902054.372826083796099 ], [ 2960643.12292604893446, 1902051.914293171837926 ], [ 2960647.585149208083749, 1902046.580482973018661 ], [ 2960647.597655655816197, 1902046.568416522815824 ], [ 2960647.651535661891103, 1902046.500220077112317 ], [ 2960647.669571837875992, 1902046.477541761705652 ], [ 2960650.267265434376895, 1902043.373587647918612 ], [ 2960670.169362235348672, 1902019.589243351016194 ], [ 2960713.938238287344575, 1901970.334912018384784 ], [ 2960717.788072919938713, 1901966.00157842435874 ], [ 2960736.172525420319289, 1901955.553413318702951 ], [ 2960736.338908742181957, 1901955.452066320227459 ], [ 2960736.36576353572309, 1901955.437019945355132 ], [ 2960738.315564418677241, 1901954.326158155919984 ], [ 2960738.510545627214015, 1901954.218868941534311 ], [ 2960738.564322800375521, 1901954.188561554532498 ], [ 2960739.07929918775335, 1901953.890894847223535 ], [ 2960740.011456504464149, 1901953.363335593603551 ], [ 2960740.75562492152676, 1901952.941709463484585 ], [ 2960740.821809903718531, 1901952.899353389395401 ], [ 2960742.041453440673649, 1901952.20628720941022 ], [ 2960753.669591563753784, 1901945.594913267996162 ], [ 2960776.511366255581379, 1901930.060429700184613 ], [ 2960782.981387568637729, 1901925.650176670169458 ], [ 2960785.637722133658826, 1901923.642460867762566 ], [ 2960788.456954423338175, 1901921.515190259786323 ], [ 2960792.83451621234417, 1901918.207781669450924 ], [ 2960798.431909295730293, 1901913.971447506686673 ], [ 2960803.120663098059595, 1901911.290265943389386 ], [ 2960821.561317377258092, 1901900.745293370913714 ], [ 2960823.121426769532263, 1901900.085807586321607 ], [ 2960824.070451624225825, 1901899.687466508476064 ], [ 2960841.037996212951839, 1901892.502511977916583 ], [ 2960855.189262989442796, 1901884.592786607099697 ], [ 2960856.242765554692596, 1901884.001939463661984 ], [ 2960866.802111761644483, 1901880.494376906892285 ], [ 2960871.760351380333304, 1901878.846073458436877 ], [ 2960871.832081999164075, 1901878.793204293586314 ], [ 2960880.741793242748827, 1901872.250208862358704 ], [ 2960895.69186220318079, 1901862.713832962093875 ], [ 2960895.716859805397689, 1901862.689601814607158 ], [ 2960898.667243571020663, 1901860.430663852952421 ], [ 2960898.679848856292665, 1901860.418579804711044 ], [ 2960901.427677274681628, 1901858.306362313451245 ], [ 2960906.860848730430007, 1901854.142555153230205 ], [ 2960911.799812669400126, 1901850.34812245098874 ], [ 2960915.332103829830885, 1901847.63501742342487 ], [ 2960963.277484587393701, 1901810.853749498259276 ], [ 2960985.757826293352991, 1901792.734194199787453 ], [ 2960987.187768483534455, 1901791.581055729882792 ], [ 2960991.097522574476898, 1901788.429015343077481 ], [ 2961000.083576941862702, 1901781.188266523648053 ], [ 2961004.72084510885179, 1901777.447485372424126 ], [ 2961013.835903769358993, 1901770.103902012808248 ], [ 2961015.550670228432864, 1901768.729844655143097 ], [ 2961035.53982505062595, 1901751.171902359928936 ], [ 2961061.609832881018519, 1901728.282015098491684 ], [ 2961079.212803150527179, 1901712.826496700290591 ], [ 2961083.045460836496204, 1901709.463312229141593 ], [ 2961084.070922624319792, 1901708.565835970221087 ], [ 2961087.081075823865831, 1901705.91546738310717 ], [ 2961089.431441449560225, 1901703.858494719024748 ], [ 2961089.456537971273065, 1901703.834246025187895 ], [ 2961089.811639675870538, 1901703.475459986133501 ], [ 2961092.287638019770384, 1901701.02260755142197 ], [ 2961092.994449480436742, 1901700.324680616846308 ], [ 2961094.076308636926115, 1901699.254161477321759 ], [ 2961095.788045509718359, 1901697.549339731456712 ], [ 2961100.595919642597437, 1901693.649669008795172 ], [ 2961101.000924604013562, 1901693.318279459839687 ], [ 2961103.599368198774755, 1901691.199678649194539 ], [ 2961105.337427051737905, 1901689.792488271836191 ], [ 2961105.649292456451803, 1901689.518517893739045 ], [ 2961112.035600398667157, 1901683.600965426070616 ], [ 2961113.072013774421066, 1901682.644314860692248 ], [ 2961124.866953066550195, 1901671.725151001475751 ], [ 2961127.809789340011775, 1901668.994318371405825 ], [ 2961144.603865206241608, 1901653.449693424394354 ], [ 2961152.013105174526572, 1901646.591591822449118 ], [ 2961174.28145453799516, 1901625.969203882617876 ], [ 2961184.812283474951982, 1901616.215765811968595 ], [ 2961189.345829694531858, 1901612.553880446124822 ], [ 2961192.337405427359045, 1901611.612838845001534 ], [ 2961192.426644176710397, 1901611.575055125867948 ], [ 2961192.898215687833726, 1901611.438185347709805 ], [ 2961195.05706269107759, 1901609.743561998009682 ], [ 2961200.36716546677053, 1901604.848043927690014 ], [ 2961202.52789665106684, 1901602.101528132800013 ], [ 2961205.460373712703586, 1901600.140194287290797 ], [ 2961209.80525506939739, 1901597.943132744403556 ], [ 2961250.040600897744298, 1901577.596893757814541 ], [ 2961291.157622288912535, 1901546.734413854777813 ], [ 2961293.714848166331649, 1901543.298078544437885 ], [ 2961316.625291204079986, 1901512.509429522324353 ], [ 2961326.600898383185267, 1901493.484960551606491 ], [ 2961336.32031930424273, 1901474.949974893359467 ], [ 2961346.341327559202909, 1901436.154563058633357 ], [ 2961350.929316288791597, 1901421.890258246799931 ], [ 2961358.723749807104468, 1901397.640088888350874 ], [ 2961368.373626575805247, 1901379.404070467688143 ], [ 2961386.655392175540328, 1901344.851274734828621 ], [ 2961412.205841726623476, 1901291.123033176641911 ], [ 2961425.939723741263151, 1901267.037029097089544 ], [ 2961439.682837624102831, 1901240.874532605754212 ], [ 2961443.645494574680924, 1901216.453646152513102 ], [ 2961450.911518186796457, 1901203.436399697558954 ], [ 2961459.169820050243288, 1901188.63821621495299 ], [ 2961459.542600834742188, 1901188.057854243321344 ], [ 2961471.618796087801456, 1901169.066277040168643 ], [ 2961485.831783513538539, 1901146.689344119513407 ], [ 2961487.033151092939079, 1901144.324405958643183 ], [ 2961487.790198701899499, 1901142.829703552415594 ], [ 2961501.204281878191978, 1901116.376474813558161 ], [ 2961514.882264226209372, 1901089.394333156989887 ], [ 2961523.310815829783678, 1901073.215386181836948 ], [ 2961536.079435255844146, 1901048.688477910356596 ], [ 2961536.369534560013562, 1901048.220159778138623 ], [ 2961536.387473022565246, 1901048.197499817237258 ], [ 2961537.387475612573326, 1901046.613843724364415 ], [ 2961537.483035995624959, 1901046.451596732717007 ], [ 2961538.881319747306406, 1901044.225390331586823 ], [ 2961539.948014056310058, 1901042.523549842415377 ], [ 2961547.474866933654994, 1901030.531657102750614 ], [ 2961551.570774940773845, 1901023.997061275178567 ], [ 2961572.102431386709213, 1900991.246500693727285 ], [ 2961620.029376734048128, 1900918.099447218468413 ], [ 2961626.930287675000727, 1900907.470723618986085 ], [ 2961637.623050689697266, 1900891.015493914484978 ], [ 2961644.917263763956726, 1900880.777835520217195 ], [ 2961655.04952141083777, 1900866.543491851305589 ], [ 2961657.632031325250864, 1900862.922343925572932 ], [ 2961665.089494653977454, 1900849.145459960447624 ], [ 2961675.69279489479959, 1900837.682438581716269 ], [ 2961687.005735550075769, 1900821.912445137277246 ], [ 2961691.847723324317485, 1900815.163824700750411 ], [ 2961701.92359472066164, 1900799.842516575707123 ], [ 2961710.983636071905494, 1900786.060615579597652 ], [ 2961715.360486280638725, 1900779.400927484733984 ], [ 2961722.019622568041086, 1900769.258924137800932 ], [ 2961739.956049467902631, 1900744.301219878019765 ], [ 2961746.056100558489561, 1900738.511278681457043 ], [ 2961753.067269041202962, 1900732.634108382277191 ], [ 2961756.752967551816255, 1900717.669489020248875 ], [ 2961757.058885032311082, 1900716.458965869853273 ], [ 2961758.170317661482841, 1900711.924780944827944 ], [ 2961758.604912970215082, 1900710.175675984937698 ], [ 2961759.969150120392442, 1900704.622252654517069 ], [ 2961763.293661989271641, 1900691.126054180786014 ], [ 2961766.339292276650667, 1900674.542988086352125 ], [ 2961769.260716322809458, 1900658.630856191506609 ], [ 2961776.55425439029932, 1900647.247367625124753 ], [ 2961793.369789597578347, 1900639.671738811070099 ], [ 2961808.227987721562386, 1900629.55149273830466 ], [ 2961821.363467356190085, 1900618.01191082643345 ], [ 2961827.203350756317377, 1900612.219768689014018 ], [ 2961833.055841835215688, 1900606.415544194402173 ], [ 2961837.393416380509734, 1900596.476983 ], [ 2961837.755336908623576, 1900592.848551645409316 ], [ 2961837.979953153058887, 1900590.499517459888011 ], [ 2961837.185661601368338, 1900587.587547872681171 ], [ 2961836.462056647054851, 1900585.011215618578717 ], [ 2961827.621635151095688, 1900574.940807866863906 ], [ 2961815.178797534666955, 1900562.576285532908514 ], [ 2961803.822293581906706, 1900548.534471611957997 ], [ 2961795.36030229087919, 1900538.384529896313325 ], [ 2961790.174288468435407, 1900523.331389679573476 ], [ 2961785.589517017826438, 1900510.482246586121619 ], [ 2961785.721675910055637, 1900508.663979128235951 ], [ 2961787.200903399847448, 1900488.573716870974749 ], [ 2961787.11664785258472, 1900462.123735546367243 ], [ 2961781.549801057204604, 1900439.505676880478859 ], [ 2961775.732178975827992, 1900419.412874682573602 ], [ 2961773.281030655372888, 1900402.449757808819413 ], [ 2961789.098947441671044, 1900338.008600279921666 ], [ 2961762.251315045636147, 1900319.564907766180113 ], [ 2961738.455712999682873, 1900299.514398725936189 ], [ 2961715.583083969540894, 1900272.515702955191955 ], [ 2961702.604002153966576, 1900251.842536675278097 ], [ 2961694.028611043468118, 1900234.839152606669813 ], [ 2961680.629200514405966, 1900207.651406197808683 ], [ 2961679.602062245365232, 1900206.417615989455953 ], [ 2961678.649351905100048, 1900205.26301919692196 ], [ 2961677.991882403381169, 1900204.453889571595937 ], [ 2961676.377982592210174, 1900202.509664207464084 ], [ 2961663.467088859062642, 1900186.880678137997165 ], [ 2961621.649327774532139, 1900138.084152420749888 ], [ 2961614.816170917823911, 1900129.449025813024491 ], [ 2961614.464555964339525, 1900129.001786970766261 ], [ 2961588.399089404381812, 1900096.06169694242999 ], [ 2961566.155379982665181, 1900063.863305577775463 ], [ 2961560.320760418660939, 1900053.63560557202436 ], [ 2961552.515278153121471, 1900039.966075854375958 ], [ 2961537.589263312518597, 1900008.703711577458307 ], [ 2961532.1723986226134, 1899997.346185778034851 ], [ 2961531.992035340517759, 1899996.863056965405121 ], [ 2961529.755144702270627, 1899990.673200548859313 ], [ 2961527.484850169159472, 1899984.386260215193033 ], [ 2961523.121202006936073, 1899972.314957069931552 ], [ 2961507.420066227205098, 1899928.881287137512118 ], [ 2961506.853390873875469, 1899925.760617264080793 ], [ 2961501.093392659910023, 1899893.662901509087533 ], [ 2961472.554735281504691, 1899864.340027724159881 ], [ 2961456.048563050106168, 1899849.883161501493305 ], [ 2961456.03790323343128, 1899849.86644322052598 ], [ 2961455.946345010306686, 1899849.83366125379689 ], [ 2961434.006918184459209, 1899841.969417701940984 ], [ 2961400.068476954009384, 1899833.522542901569977 ], [ 2961360.599718976765871, 1899824.645771530456841 ], [ 2961330.370638522319496, 1899812.332104344386607 ], [ 2961330.354697757400572, 1899812.32564913155511 ], [ 2961318.236505878623575, 1899807.197604143992066 ], [ 2961297.210301214829087, 1899798.294226712081581 ], [ 2961286.476076921448112, 1899791.530060863355175 ], [ 2961286.374741272535175, 1899791.466227008961141 ], [ 2961278.615082806441933, 1899786.578306257491931 ], [ 2961259.830734355375171, 1899775.944220746867359 ], [ 2961246.279370412230492, 1899764.874312170781195 ], [ 2961232.631315546110272, 1899758.997010650811717 ], [ 2961223.414054233115166, 1899756.101499120006338 ], [ 2961207.933583226520568, 1899755.658288294682279 ], [ 2961194.483216416090727, 1899755.271832896163687 ], [ 2961187.925465912558138, 1899755.493377808947116 ], [ 2961172.170481322333217, 1899755.999496462522075 ], [ 2961157.627274758648127, 1899756.466597967781126 ], [ 2961143.464314538054168, 1899757.025661289459094 ], [ 2961125.437328992877156, 1899714.299001966137439 ], [ 2961111.407912206836045, 1899673.716728589730337 ], [ 2961093.072267020121217, 1899631.793669115984812 ], [ 2961092.22439201362431, 1899629.622409532079473 ], [ 2961089.029345253482461, 1899621.426622153725475 ], [ 2961088.609522432088852, 1899620.340051650768146 ], [ 2961088.579307626932859, 1899620.261229062452912 ], [ 2961088.538911030627787, 1899620.165501267183572 ], [ 2961088.46539094299078, 1899619.972538115922362 ], [ 2961088.095745456870645, 1899619.036541986977682 ], [ 2961096.775881282053888, 1899612.751614855369553 ], [ 2961106.762001303955913, 1899605.519818556727841 ], [ 2961110.126435712911189, 1899603.08907287963666 ], [ 2961112.197593587916344, 1899601.593097410164773 ], [ 2961113.777892564423382, 1899600.446741390740499 ], [ 2961113.797429012134671, 1899600.432907847454771 ], [ 2961113.849383210763335, 1899600.393613924272358 ], [ 2961114.399012531619519, 1899600.002870114520192 ], [ 2961114.510453668422997, 1899599.923133151372895 ], [ 2961114.551643130835146, 1899599.90500926063396 ], [ 2961154.335191786289215, 1899582.199377479963005 ], [ 2961170.421913222409785, 1899573.383177128620446 ], [ 2961191.960783942136914, 1899561.593763772398233 ], [ 2961210.171153820119798, 1899548.622659427812323 ], [ 2961210.821122840046883, 1899548.159640674712136 ], [ 2961210.862213704269379, 1899548.141534614143893 ], [ 2961218.612497875001281, 1899542.279363194247708 ], [ 2961219.467941413167864, 1899542.052357968408614 ], [ 2961222.591419824399054, 1899541.254361376166344 ], [ 2961224.345041885972023, 1899540.791366811143234 ], [ 2961246.549961479846388, 1899535.048098760191351 ], [ 2961268.00927363242954, 1899532.985589876538143 ], [ 2961301.424253186676651, 1899521.970623396569863 ], [ 2961328.052416115533561, 1899512.835851929616183 ], [ 2961362.896484804339707, 1899506.560949349077418 ], [ 2961361.486076611094177, 1899504.280417370609939 ], [ 2961352.88987669441849, 1899490.436132053844631 ], [ 2961346.97519865212962, 1899447.249748215777799 ], [ 2961347.67906868038699, 1899441.38018145179376 ], [ 2961357.011760641820729, 1899434.380849967710674 ], [ 2961389.910784001927823, 1899415.59340431750752 ], [ 2961407.184181409887969, 1899403.620844489196315 ], [ 2961411.733861315064132, 1899400.467554354574531 ], [ 2961416.692998153157532, 1899397.43692821264267 ], [ 2961429.35450931917876, 1899404.971140163950622 ], [ 2961442.015840280801058, 1899412.505489906761795 ], [ 2961455.789280983619392, 1899419.086462312145159 ], [ 2961461.201421065256, 1899419.598265403416008 ], [ 2961462.41983484197408, 1899419.721386512508616 ], [ 2961469.886509425938129, 1899377.05994677497074 ], [ 2961477.486360418610275, 1899344.980246787657961 ], [ 2961478.248972600791603, 1899330.961204707622528 ], [ 2961475.858701030723751, 1899325.533003153977916 ], [ 2961469.443015257827938, 1899310.927698605926707 ], [ 2961460.847550407983363, 1899291.380422427551821 ], [ 2961455.013919345103204, 1899280.962971788598225 ], [ 2961453.964545650407672, 1899279.099330850644037 ], [ 2961451.650788582861423, 1899274.981206432217732 ], [ 2961446.241608856711537, 1899265.317888786317781 ], [ 2961431.413819988723844, 1899238.866154374554753 ], [ 2961427.625302775762975, 1899233.778955359244719 ], [ 2961414.028629919048399, 1899215.5058076181449 ], [ 2961413.750415336340666, 1899215.131874819286168 ], [ 2961409.417641711886972, 1899210.111549985595047 ], [ 2961405.656128185335547, 1899205.757552893832326 ], [ 2961395.583051064051688, 1899194.866284659598023 ], [ 2961389.933698603417724, 1899189.241473862202838 ], [ 2961402.493241698481143, 1899175.104140783660114 ], [ 2961446.288513895124197, 1899122.731007983908057 ], [ 2961483.514583253767341, 1899082.397883541882038 ], [ 2961485.307803163304925, 1899080.454956775065511 ], [ 2961509.054338305722922, 1899057.376093876780942 ], [ 2961512.267251841723919, 1899054.257538094883785 ], [ 2961523.47050604596734, 1899048.254475189605728 ], [ 2961554.788216290995479, 1898993.950974776642397 ], [ 2961618.934782201889902, 1898887.060880710138008 ], [ 2961657.822666221298277, 1898841.995616684202105 ], [ 2961685.148451466113329, 1898836.019351063994691 ], [ 2961685.975318850483745, 1898835.836268457584083 ], [ 2961746.529712281189859, 1898830.135094089666381 ], [ 2961751.826393341645598, 1898830.387392800766975 ], [ 2961832.320381788536906, 1898834.161388037493452 ], [ 2961866.433862450532615, 1898832.618661818327382 ], [ 2961905.061727592721581, 1898825.685825752560049 ], [ 2961922.326138693839312, 1898820.85932857892476 ], [ 2961931.755982080008835, 1898818.226685883011669 ], [ 2961959.938712079077959, 1898805.747262336546555 ], [ 2961960.657747038174421, 1898805.42577867070213 ], [ 2961975.232139155268669, 1898804.640485705807805 ], [ 2961976.348465015180409, 1898804.576699496712536 ], [ 2962004.670795856509358, 1898803.624929464422166 ], [ 2962036.911007774993777, 1898802.542580384528264 ], [ 2962045.446099230088294, 1898802.409152145497501 ], [ 2962047.423382906708866, 1898802.382581675658002 ], [ 2962049.880385108292103, 1898802.340622743126005 ], [ 2962080.187136428430676, 1898801.872595345601439 ], [ 2962091.995608478784561, 1898801.696362918009982 ], [ 2962101.587427762337029, 1898801.104437036206946 ], [ 2962103.385352164972574, 1898800.992390319239348 ], [ 2962138.00222923932597, 1898798.852837458020076 ], [ 2962141.048487365245819, 1898798.668314506998286 ], [ 2962144.743721551261842, 1898797.712960944743827 ], [ 2962145.586595452856272, 1898797.498160307528451 ], [ 2962145.976071292534471, 1898797.397911440115422 ], [ 2962150.210752354003489, 1898796.309835564577952 ], [ 2962156.668989466503263, 1898794.651630388107151 ], [ 2962158.899610988795757, 1898794.07932185032405 ], [ 2962167.03507543541491, 1898791.983832639409229 ], [ 2962246.948741186410189, 1898779.260177051648498 ], [ 2962301.109861895442009, 1898771.11664199642837 ], [ 2962324.765805196017027, 1898764.587436843430623 ], [ 2962356.345061818137765, 1898755.871259334962815 ], [ 2962389.651788398623466, 1898748.438033778453246 ], [ 2962400.231509638950229, 1898746.07634616876021 ], [ 2962400.922625173814595, 1898745.921886469470337 ], [ 2962419.133637755177915, 1898743.910480238962919 ], [ 2962445.2395213926211, 1898741.021667589200661 ], [ 2962468.724671611562371, 1898738.42288411105983 ], [ 2962501.162996399682015, 1898736.306547963758931 ], [ 2962506.979281403124332, 1898735.929403967922553 ], [ 2962515.560243058949709, 1898735.370188086060807 ], [ 2962553.97832955699414, 1898732.445050076581538 ], [ 2962560.786206933669746, 1898731.263172149192542 ], [ 2962574.960788576863706, 1898728.791679844725877 ], [ 2962586.988047366961837, 1898723.199597327038646 ], [ 2962607.636285213753581, 1898701.230512671871111 ], [ 2962616.512894806452096, 1898688.730923409340903 ], [ 2962623.520286853425205, 1898678.877865531481802 ], [ 2962624.466098143719137, 1898677.751150593860075 ], [ 2962624.841927267611027, 1898677.302917101886123 ], [ 2962659.943743512034416, 1898635.355976288905367 ], [ 2962695.264335766900331, 1898594.803398767253384 ], [ 2962722.519311528652906, 1898564.789972222177312 ], [ 2962724.024603415280581, 1898563.204868216067553 ], [ 2962747.494954315945506, 1898538.399640643736348 ], [ 2962791.064920464996248, 1898494.223083737539127 ], [ 2962833.698965734802186, 1898445.942832330707461 ], [ 2962836.46353525435552, 1898442.805531347636133 ], [ 2962836.879516714252532, 1898442.216242634458467 ], [ 2962870.377871417440474, 1898395.56825960194692 ], [ 2962871.168333318084478, 1898394.483598401304334 ], [ 2962913.953703636769205, 1898347.631383586209267 ], [ 2962929.429550004191697, 1898323.812156282830983 ], [ 2962941.295078278053552, 1898316.80568779213354 ], [ 2962956.089937688782811, 1898308.04820541315712 ], [ 2963004.803718369454145, 1898276.103980363113806 ], [ 2963026.540637758094817, 1898263.485132696339861 ], [ 2963054.382749231066555, 1898247.33180876285769 ], [ 2963095.341848906129599, 1898227.935878597199917 ], [ 2963099.402929905802011, 1898226.0045509301126 ], [ 2963107.888364790473133, 1898221.980444957502186 ], [ 2963108.959784206934273, 1898221.481162921991199 ], [ 2963111.003377058543265, 1898220.427498851204291 ], [ 2963111.261195737868547, 1898220.297618694137782 ], [ 2963113.546531121246517, 1898219.108048002002761 ], [ 2963114.553848353214562, 1898218.584015770116821 ], [ 2963115.284136309288442, 1898218.203839816851541 ], [ 2963118.883218741975725, 1898216.341006268979982 ], [ 2963176.073145032860339, 1898186.703651214949787 ], [ 2963245.638346333056688, 1898145.824362510582432 ], [ 2963267.928417732007802, 1898132.512735449476168 ], [ 2963268.942008783109486, 1898131.902429812354967 ], [ 2963270.65042011346668, 1898130.881457935785875 ], [ 2963273.386398389935493, 1898129.246762607945129 ], [ 2963274.507292065769434, 1898128.576102106366307 ], [ 2963302.162348329555243, 1898112.056117121363059 ], [ 2963306.980082592926919, 1898109.331667512888089 ], [ 2963341.563516294583678, 1898089.862802648451179 ], [ 2963366.164892247878015, 1898076.01022323872894 ], [ 2963398.71713224472478, 1898057.147541185142472 ], [ 2963402.562312133610249, 1898055.763672790722921 ], [ 2963444.955184186808765, 1898040.502891158917919 ], [ 2963446.842693744692951, 1898039.842058622045442 ], [ 2963480.22337742196396, 1898028.175424926681444 ], [ 2963491.315096304751933, 1898022.772085994016379 ], [ 2963493.143831444904208, 1898021.877273343969136 ], [ 2963505.963862144388258, 1898010.750590721378103 ], [ 2963526.567896745167673, 1897992.858472261577845 ], [ 2963558.651218832470477, 1897970.438939598621801 ], [ 2963559.08488935790956, 1897970.139617339940742 ], [ 2963559.583224714267999, 1897969.788904788671061 ], [ 2963560.973819768987596, 1897968.815435474272817 ], [ 2963562.996424854267389, 1897967.018122752197087 ], [ 2963563.843459231778979, 1897966.272254537791014 ], [ 2963623.856431337073445, 1897913.211097586201504 ], [ 2963645.17375348880887, 1897885.1486475688871 ], [ 2963650.153568025678396, 1897878.592255304567516 ], [ 2963651.539834278635681, 1897876.767327635083348 ], [ 2963651.632887466344982, 1897876.549247466260567 ], [ 2963652.664506136439741, 1897874.144672172144055 ], [ 2963676.970778277143836, 1897817.636828767834231 ], [ 2963694.847817753441632, 1897770.906594728585333 ], [ 2963724.676971993874758, 1897722.865362324286252 ], [ 2963749.582996604498476, 1897687.553838990395889 ], [ 2963752.583431125152856, 1897674.980899529531598 ], [ 2963751.581974462606013, 1897654.361941281706095 ], [ 2963750.651097927242517, 1897635.262675421312451 ], [ 2963751.551171153783798, 1897616.698508373228833 ], [ 2963751.781290422193706, 1897611.848074661567807 ], [ 2963751.931121359113604, 1897602.392119409516454 ], [ 2963752.266401487402618, 1897581.341560416156426 ], [ 2963754.226841221563518, 1897460.438643094152212 ], [ 2963754.486768710426986, 1897440.209011129569262 ], [ 2963754.499247877858579, 1897439.486468250397593 ], [ 2963755.258989490102977, 1897381.29299614392221 ], [ 2963755.482516824267805, 1897379.995867466786876 ], [ 2963755.936952701769769, 1897377.362215744331479 ], [ 2963757.013126176781952, 1897371.207305755000561 ], [ 2963770.231220125686377, 1897338.601306986063719 ], [ 2963778.367720431648195, 1897318.52086217654869 ], [ 2963783.532528648152947, 1897300.048377575818449 ], [ 2963783.413239292800426, 1897294.248212080448866 ], [ 2963780.028087079524994, 1897292.201122015947476 ], [ 2963776.637517786584795, 1897290.16472394275479 ], [ 2963769.842018285766244, 1897287.316813078476116 ], [ 2963768.608278620056808, 1897286.798641354776919 ], [ 2963760.634474861435592, 1897281.517063953680918 ], [ 2963754.725495675578713, 1897277.896170756081119 ], [ 2963754.566711402032524, 1897276.461259741103277 ], [ 2963753.744095570407808, 1897269.05613766447641 ], [ 2963758.145285500679165, 1897226.097763295983896 ], [ 2963758.694920655339956, 1897220.735223638825119 ], [ 2963758.348835112992674, 1897177.644525167997926 ], [ 2963758.287316811271012, 1897169.587438485119492 ], [ 2963758.268106537871063, 1897167.356062110280618 ], [ 2963758.221761181019247, 1897160.602904720930383 ], [ 2963758.161890198476613, 1897153.303188383346424 ], [ 2963758.024551874957979, 1897145.432537995278835 ], [ 2963757.562704221345484, 1897118.884833932854235 ], [ 2963759.5086580645293, 1897118.808604108868167 ], [ 2963759.725737894885242, 1897118.796098103513941 ], [ 2963759.751271914690733, 1897118.795163707574829 ], [ 2963759.758425863459706, 1897118.794184417463839 ], [ 2963759.939852139912546, 1897118.850949882762507 ], [ 2963782.675455348100513, 1897125.671283284667879 ], [ 2963782.846912049688399, 1897122.992708324454725 ], [ 2963785.295713881030679, 1897083.938788676634431 ], [ 2963792.360960855148733, 1897052.83998976717703 ], [ 2963804.159545495174825, 1897000.972536096349359 ], [ 2963811.929056461900473, 1896888.33535517170094 ], [ 2963824.968847488518804, 1896769.48898498271592 ], [ 2963834.873062554281205, 1896657.134470987366512 ], [ 2963835.420190042350441, 1896600.947231194237247 ], [ 2963833.280739003792405, 1896587.765645582228899 ], [ 2963829.507490502670407, 1896564.56427317392081 ], [ 2963814.507877049036324, 1896524.998646077467129 ], [ 2963814.383285852149129, 1896524.494385421508923 ], [ 2963801.459588791709393, 1896471.025030514458194 ], [ 2963789.449194226413965, 1896438.817964868387207 ], [ 2963788.429845129139721, 1896436.085770814446732 ], [ 2963787.41942869592458, 1896433.361289890948683 ], [ 2963779.510409305337816, 1896412.134498983388767 ], [ 2963756.520476688630879, 1896361.759328285697848 ], [ 2963733.654209083411843, 1896322.496938807889819 ], [ 2963712.871660110540688, 1896279.27457766328007 ], [ 2963680.013743023853749, 1896221.097440531710163 ], [ 2963659.143986292183399, 1896189.287831328576431 ], [ 2963631.816075848415494, 1896162.674241921631619 ], [ 2963624.526718727312982, 1896155.575438030529767 ], [ 2963611.869847340509295, 1896141.55703077162616 ], [ 2963599.055638078600168, 1896127.372749366797507 ], [ 2963587.31941044703126, 1896115.444084778428078 ], [ 2963584.083985824137926, 1896112.14392379601486 ], [ 2963580.82741570379585, 1896108.848061750875786 ], [ 2963577.827000631019473, 1896103.443181629292667 ], [ 2963577.288306827191263, 1896102.476361462846398 ], [ 2963573.677496886346489, 1896095.996425613528118 ], [ 2963568.10263200616464, 1896085.987910714698955 ], [ 2963553.501582071185112, 1896062.431616785237566 ], [ 2963543.979001986794174, 1896047.074624847387895 ], [ 2963542.079534942284226, 1896044.005885411053896 ], [ 2963540.208082869183272, 1896040.969280595658347 ], [ 2963532.031022790353745, 1896029.564261259743944 ], [ 2963531.397942134644836, 1896028.844410924939439 ], [ 2963525.015335815958679, 1896021.685573543421924 ], [ 2963517.442455417942256, 1896013.175487481290475 ], [ 2963513.424234778620303, 1896008.675273455912247 ], [ 2963511.620471066329628, 1896006.62860523420386 ], [ 2963505.474784906953573, 1895999.268520277459174 ], [ 2963491.901716456748545, 1895982.989029516698793 ], [ 2963488.656680956482887, 1895979.084720480488613 ], [ 2963477.557236124761403, 1895966.32220460800454 ], [ 2963476.553226875141263, 1895965.168299342738464 ], [ 2963468.771414271555841, 1895956.218909041490406 ], [ 2963468.751937117427588, 1895956.194558413233608 ], [ 2963464.456291820853949, 1895950.338448721449822 ], [ 2963460.609993102494627, 1895945.094808144494891 ], [ 2963455.863769326359034, 1895940.160090055316687 ], [ 2963454.377146232873201, 1895938.615042885998264 ], [ 2963454.359608468599617, 1895938.59976071305573 ], [ 2963451.818341673351824, 1895935.949782969197258 ], [ 2963451.793530201539397, 1895935.936007827054709 ], [ 2963446.813516865950078, 1895931.755313985981047 ], [ 2963444.15504549164325, 1895929.523460839875042 ], [ 2963444.130135309882462, 1895929.509703407296911 ], [ 2963441.847976147197187, 1895927.762071921490133 ], [ 2963437.969792368356138, 1895924.795499705476686 ], [ 2963435.827627555467188, 1895923.160461094463244 ], [ 2963435.740807839669287, 1895923.093411921756342 ], [ 2963435.104379597585648, 1895922.592155697988346 ], [ 2963435.079484964255244, 1895922.578496731817722 ], [ 2963433.43362004449591, 1895921.843662323663011 ], [ 2963433.408611151855439, 1895921.829922602977604 ], [ 2963430.490138851106167, 1895920.528109894366935 ], [ 2963426.051974615082145, 1895918.531305679120123 ], [ 2963400.861153566278517, 1895901.371186595177278 ], [ 2963373.281886984128505, 1895870.182033858727664 ], [ 2963361.829124547541142, 1895857.237696507479995 ], [ 2963326.712864963337779, 1895807.83202817896381 ], [ 2963316.32120514428243, 1895795.119914937298745 ], [ 2963303.243268249090761, 1895794.424013649113476 ], [ 2963247.455429265741259, 1895745.637795115588233 ], [ 2962997.558750643394887, 1895500.212018129881471 ], [ 2962766.901584425475448, 1895286.732935190200806 ], [ 2962493.216997975483537, 1895036.728504584636539 ], [ 2962409.431528980843723, 1894958.641427683876827 ], [ 2962429.39319156575948, 1894924.224176604067907 ], [ 2962433.57838787836954, 1894917.254012285731733 ], [ 2962452.060899248812348, 1894886.471899915253744 ], [ 2962467.097104262560606, 1894862.112104471307248 ], [ 2962481.78430254291743, 1894840.629256604705006 ], [ 2962493.585848739836365, 1894824.610359447309747 ], [ 2962496.101092195138335, 1894821.203730223234743 ], [ 2962506.880692136473954, 1894808.790075757773593 ], [ 2962524.015656811650842, 1894789.891519090160728 ], [ 2962542.640907820314169, 1894770.150166236795485 ], [ 2962548.393802584148943, 1894764.056726036360487 ], [ 2962554.653835247270763, 1894757.421257565030828 ], [ 2962593.272831613197923, 1894721.772395769832656 ], [ 2962617.996167376637459, 1894698.555632303003222 ], [ 2962626.720556228421628, 1894691.043805876281112 ], [ 2962637.928155235014856, 1894681.372838201699778 ], [ 2962659.256392614450306, 1894662.571544649079442 ], [ 2962664.959310809150338, 1894658.184137310367078 ], [ 2962668.096994367428124, 1894655.755227360641584 ], [ 2962685.265963993035257, 1894644.607502902625129 ], [ 2962707.091500546783209, 1894630.220010671531782 ], [ 2962707.915315841790289, 1894629.756858287611976 ], [ 2962730.217626438010484, 1894617.217728677671403 ], [ 2962743.433209504466504, 1894609.768810789566487 ], [ 2962776.036129129119217, 1894593.208069094922394 ], [ 2962776.184829668141901, 1894593.129558635875583 ], [ 2962776.639437707141042, 1894592.901613978203386 ], [ 2962805.161883050575852, 1894578.4181764787063 ], [ 2962823.9349445682019, 1894570.107780965045094 ], [ 2962825.176840723026544, 1894569.563368174713105 ], [ 2962835.66936879651621, 1894564.930105086648837 ], [ 2962886.308271604124457, 1894550.187828048365191 ], [ 2962952.834504679776728, 1894531.178877544822171 ], [ 2962955.394193583633751, 1894530.45309600722976 ], [ 2962967.121627037413418, 1894527.17149621527642 ], [ 2962973.295662418939173, 1894525.441983223194256 ], [ 2962973.711963764857501, 1894525.326312116347253 ], [ 2962974.028437511529773, 1894525.231582945212722 ], [ 2962979.179887168109417, 1894523.792192234890535 ], [ 2963021.144224275369197, 1894512.014921123394743 ], [ 2963043.655364125035703, 1894505.725520648760721 ], [ 2963067.607078746892512, 1894499.039663327392191 ], [ 2963112.422522368840873, 1894486.541878119111061 ], [ 2963114.870942725799978, 1894485.859048487618566 ], [ 2963153.459194564260542, 1894474.060817236080766 ], [ 2963154.59073766740039, 1894473.719469448784366 ], [ 2963194.376826564781368, 1894458.734499899903312 ], [ 2963196.714827726129442, 1894457.856326098088175 ], [ 2963235.713958996348083, 1894439.361314120935276 ], [ 2963252.123364015016705, 1894430.250078717945144 ], [ 2963256.661403422243893, 1894427.36708226846531 ], [ 2963256.87486963532865, 1894427.199199675116688 ], [ 2963259.729995323345065, 1894424.924607853172347 ], [ 2963262.305951219983399, 1894422.746354793198407 ], [ 2963266.766970972530544, 1894420.400426697917283 ], [ 2963270.906934107653797, 1894418.282885783119127 ], [ 2963282.924407489597797, 1894412.516477501252666 ], [ 2963308.415822169277817, 1894397.117203027475625 ], [ 2963344.076439615804702, 1894370.82665158319287 ], [ 2963353.598591060843319, 1894362.880287100328133 ], [ 2963365.094717647880316, 1894353.286559710279107 ], [ 2963387.009534624405205, 1894334.9053090212401 ], [ 2963394.641514935530722, 1894327.424709655810148 ], [ 2963395.626343263313174, 1894326.460679304320365 ], [ 2963410.682185123674572, 1894311.694761021295562 ], [ 2963411.070686826948076, 1894311.272438194137067 ], [ 2963429.957375087309629, 1894290.930518556851894 ], [ 2963432.565044771879911, 1894288.129992226604372 ], [ 2963450.947876431979239, 1894268.386214489350095 ], [ 2963456.463989300653338, 1894261.936325037153438 ], [ 2963468.941227214876562, 1894247.360229567857459 ], [ 2963484.681403384543955, 1894227.781908291392028 ], [ 2963487.749888862948865, 1894223.956731720129028 ], [ 2963508.501711489632726, 1894195.798846032470465 ], [ 2963512.437876921147108, 1894190.702815311262384 ], [ 2963528.394651189446449, 1894170.103578064590693 ], [ 2963530.123718683607876, 1894167.449391226517037 ], [ 2963539.94177175546065, 1894152.398294203914702 ], [ 2963548.67297831736505, 1894137.176910755923018 ], [ 2963556.476836014539003, 1894123.580118630779907 ], [ 2963568.581794020254165, 1894099.601404681336135 ], [ 2963579.969660581089556, 1894075.403818073915318 ], [ 2963590.971179415471852, 1894050.690414995420724 ], [ 2963595.404021048918366, 1894039.154033455997705 ], [ 2963595.938994279131293, 1894037.772849974455312 ], [ 2963605.393984508700669, 1894010.248435241868719 ], [ 2963606.041737081017345, 1894008.360529880505055 ], [ 2963614.208974936045706, 1893978.927488789660856 ], [ 2963617.170081307180226, 1893965.606295209843665 ], [ 2963625.550162777770311, 1893933.552466381108388 ], [ 2963631.640050219371915, 1893900.102990321582183 ], [ 2963635.357565093785524, 1893872.95621452620253 ], [ 2963635.874366585630924, 1893869.978270915104076 ], [ 2963639.070542170666158, 1893851.588079381268471 ], [ 2963641.324596575461328, 1893836.009314746595919 ], [ 2963641.530206310562789, 1893831.536375000141561 ], [ 2959263.166174999438226, 1893831.536375000141561 ], [ 2959263.166174999438226, 1902109.011500833090395 ], [ 2959271.849451729562134, 1902113.408412210643291 ] ] ], [ [ [ 2970136.218653882853687, 1893832.801932159811258 ], [ 2970140.423391091637313, 1893840.148182611213997 ], [ 2970141.456404196098447, 1893853.124911266379058 ], [ 2970135.05738119315356, 1893870.470343361143023 ], [ 2970122.780396143440157, 1893902.030715633649379 ], [ 2970133.740767318755388, 1893907.154246290680021 ], [ 2970141.856289011891931, 1893909.185323775745928 ], [ 2970164.390970042906702, 1893914.824990898137912 ], [ 2970171.268193373456597, 1893914.578266566153616 ], [ 2970171.457058446481824, 1893914.571464208653197 ], [ 2970214.896091400645673, 1893906.789355779765174 ], [ 2970225.39021947234869, 1893908.959077198756859 ], [ 2970235.518527807667851, 1893915.244151336373761 ], [ 2970239.878855371382087, 1893923.574995309347287 ], [ 2970240.756296625360847, 1893935.567148734116927 ], [ 2970233.214735850691795, 1893952.10480156284757 ], [ 2970216.88830187683925, 1893977.303528286749497 ], [ 2970216.001666316296905, 1893984.549446544842795 ], [ 2970220.727634703740478, 1893988.765073236776516 ], [ 2970231.221660797484219, 1893990.934812870109454 ], [ 2970237.14512044750154, 1893989.873642095597461 ], [ 2970292.732553938869387, 1894001.176496061729267 ], [ 2970310.914424896240234, 1894007.031185359694064 ], [ 2970322.340874893590808, 1894015.108636582735926 ], [ 2970325.964169566053897, 1894019.74627519864589 ], [ 2970329.97355495300144, 1894024.878077808069065 ], [ 2970334.955439605750144, 1894037.147406752686948 ], [ 2970334.845736037474126, 1894049.316413267282769 ], [ 2970330.786895321682096, 1894062.192888687131926 ], [ 2970321.27095596306026, 1894079.084344279486686 ], [ 2970309.417450272478163, 1894089.634205470094457 ], [ 2970307.028754695318639, 1894091.760219738120213 ], [ 2970226.577113294973969, 1894141.608834475744516 ], [ 2970206.932623667176813, 1894152.215309424558654 ], [ 2970204.592506859917194, 1894156.68436393304728 ], [ 2970213.889037232846022, 1894164.130805855849758 ], [ 2970235.132928465493023, 1894176.524094799533486 ], [ 2970258.451990059111267, 1894195.632727620890364 ], [ 2970307.421248994767666, 1894248.619072492001578 ], [ 2970309.825027525890619, 1894250.861836136318743 ], [ 2970338.373060910031199, 1894277.497302208095789 ], [ 2970352.651640988886356, 1894297.213107573334128 ], [ 2970360.384934153873473, 1894314.051750441314653 ], [ 2970359.443328797351569, 1894327.382279872195795 ], [ 2970355.229270850308239, 1894339.274142089765519 ], [ 2970343.427943801507354, 1894354.550152098760009 ], [ 2970332.202725220471621, 1894360.610941280145198 ], [ 2970323.617100334726274, 1894364.045665330253541 ], [ 2970309.285742463544011, 1894369.778839956270531 ], [ 2970299.203083930537105, 1894376.647413429571316 ], [ 2970287.401886846404523, 1894391.923429454676807 ], [ 2970284.385304917581379, 1894398.538494083564728 ], [ 2970283.187660259660333, 1894403.815342793241143 ], [ 2970281.194901479408145, 1894442.645371940452605 ], [ 2970277.968240482732654, 1894454.360372382681817 ], [ 2970265.179628752171993, 1894469.813307144446298 ], [ 2970255.09709966275841, 1894476.681882089702412 ], [ 2970231.869400823488832, 1894483.880599356722087 ], [ 2970213.943653442896903, 1894486.079645562451333 ], [ 2970206.877385643310845, 1894486.333112965337932 ], [ 2970178.357036529108882, 1894479.29325332865119 ], [ 2970174.718913525342941, 1894481.969948823563755 ], [ 2970173.676877819932997, 1894488.231390791945159 ], [ 2970175.742806639522314, 1894514.184934058226645 ], [ 2970186.428857138380408, 1894549.731137221679091 ], [ 2970187.306429484859109, 1894561.723243241198361 ], [ 2970182.72689582593739, 1894577.730485740816221 ], [ 2970179.399574579671025, 1894582.376425951253623 ], [ 2970174.774208392947912, 1894585.229992652777582 ], [ 2970168.997932591475546, 1894585.681648920755833 ], [ 2970164.746393633075058, 1894586.014039556961507 ], [ 2970153.265054313465953, 1894584.021210544044152 ], [ 2970107.083883490413427, 1894567.996070248773322 ], [ 2970093.939041364006698, 1894568.326204521814361 ], [ 2970082.713722102344036, 1894574.387117662234232 ], [ 2970074.084580579772592, 1894584.03266065241769 ], [ 2970066.543228805996478, 1894600.5705546149984 ], [ 2970065.446339630521834, 1894612.916506782872602 ], [ 2970068.298452234826982, 1894624.554974839556962 ], [ 2970083.664892572909594, 1894651.162984627764672 ], [ 2970094.981816087849438, 1894671.409361934289336 ], [ 2970106.998709793202579, 1894688.88032310269773 ], [ 2970126.60127574717626, 1894717.379558323184028 ], [ 2970150.587684321217239, 1894753.580292931525037 ], [ 2970161.07278797775507, 1894774.98818892869167 ], [ 2970174.510599739849567, 1894815.103803600883111 ], [ 2970178.450639272108674, 1894833.63453441625461 ], [ 2970178.286288266070187, 1894851.888121925061569 ], [ 2970171.440503018908203, 1894937.148293371545151 ], [ 2970169.638235537335277, 1894954.951078619342297 ], [ 2970169.457099372521043, 1894956.740257846191525 ], [ 2970158.689163632690907, 1894984.993276038439944 ], [ 2970149.018033739179373, 1895000.900223086588085 ], [ 2970140.389006562065333, 1895010.545886524021626 ], [ 2970122.564059912692755, 1895019.814128715312108 ], [ 2970098.193945313803852, 1895026.205232187174261 ], [ 2970078.138428905513138, 1895027.77339433808811 ], [ 2970060.422962406650186, 1895024.872666685143486 ], [ 2970043.173602217808366, 1895024.925737434066832 ], [ 2970032.103880629874766, 1895031.971205451991409 ], [ 2970014.535080805420876, 1895049.293348670238629 ], [ 2969995.924219507258385, 1895072.876800237456337 ], [ 2969971.956857380457222, 1895107.544619174208492 ], [ 2969968.839722412638366, 1895107.090621425071731 ], [ 2969955.648973322473466, 1895094.26708735153079 ], [ 2969941.425008552148938, 1895068.466801461065188 ], [ 2969935.455762353725731, 1895056.374292986001819 ], [ 2969932.393345644231886, 1895049.83579430100508 ], [ 2969924.705629173666239, 1895046.150907840114087 ], [ 2969921.743901768699288, 1895046.681537239346653 ], [ 2969915.299623442813754, 1895050.873509544879198 ], [ 2969910.774917311035097, 1895060.796268897596747 ], [ 2969897.23801780724898, 1895122.956550131551921 ], [ 2969887.76835366897285, 1895153.002068964065984 ], [ 2969869.039368721656501, 1895207.993017699569464 ], [ 2969870.748964016325772, 1895218.823774763615802 ], [ 2969885.439220203086734, 1895247.577936902409419 ], [ 2969901.893783270381391, 1895281.078356578480452 ], [ 2969907.909109003841877, 1895306.32453054189682 ], [ 2969909.874761242419481, 1895325.209079159423709 ], [ 2969903.934011992998421, 1895364.747008996084332 ], [ 2969904.866571531631052, 1895370.654648092575371 ], [ 2969910.369637585245073, 1895379.793296575546265 ], [ 2969965.628268210217357, 1895427.602960332296789 ], [ 2969991.598392799496651, 1895444.211659330641851 ], [ 2969999.386871504597366, 1895454.965804480947554 ], [ 2970005.045247669797391, 1895465.089013707591221 ], [ 2970007.431294494308531, 1895473.773661572718993 ], [ 2970009.716698365285993, 1895475.389145430875942 ], [ 2970046.50018291734159, 1895476.898517041699961 ], [ 2970052.734528694301844, 1895477.806404951494187 ], [ 2970058.114996883552521, 1895481.145233601331711 ], [ 2970062.862976612523198, 1895484.091448451858014 ], [ 2970107.99316792562604, 1895525.616381713422015 ], [ 2970123.935718932189047, 1895543.009240455692634 ], [ 2970133.643727597780526, 1895559.494241148466244 ], [ 2970142.310031847562641, 1895582.240604987600818 ], [ 2970145.107671482488513, 1895599.963670072378591 ], [ 2970146.141015094704926, 1895612.940569767728448 ], [ 2970146.089621079154313, 1895618.650905747199431 ], [ 2970145.758146086707711, 1895655.532589135458693 ], [ 2970147.677768461406231, 1895661.263403608696535 ], [ 2970157.961745802313089, 1895668.533083186484873 ], [ 2970206.16323050390929, 1895697.358244149945676 ], [ 2970226.264652514830232, 1895708.94380292436108 ], [ 2970231.511681309901178, 1895710.028703424613923 ], [ 2970234.31788322981447, 1895708.513478998327628 ], [ 2970236.036283477209508, 1895700.105936221079901 ], [ 2970231.520317717455328, 1895690.790381518192589 ], [ 2970201.20707309897989, 1895627.37393547873944 ], [ 2970201.243135406635702, 1895627.294981648679823 ], [ 2970204.223440797999501, 1895620.758699072524905 ], [ 2970206.042505046352744, 1895619.420328042702749 ], [ 2970210.302294908557087, 1895620.68209790578112 ], [ 2970212.981979809235781, 1895625.695279004750773 ], [ 2970227.588653196580708, 1895653.021229680627584 ], [ 2970244.929966344498098, 1895679.27569695119746 ], [ 2970249.656005668453872, 1895683.491355756996199 ], [ 2970252.77312536817044, 1895683.94527371879667 ], [ 2970263.687325431033969, 1895675.915191897191107 ], [ 2970273.458858386613429, 1895667.077257182216272 ], [ 2970284.839495617430657, 1895662.000933770090342 ], [ 2970296.841683477163315, 1895660.863046365790069 ], [ 2970309.310036476701498, 1895662.679163691122085 ], [ 2970325.67277283873409, 1895669.872216343414038 ], [ 2970340.838205821812153, 1895682.342136826599017 ], [ 2970353.508066843263805, 1895698.296570937614888 ], [ 2970360.099069578573108, 1895714.32758885063231 ], [ 2970362.220417146570981, 1895734.196782544488087 ], [ 2970354.863612063229084, 1895803.34974585310556 ], [ 2970354.964379256591201, 1895810.418903342448175 ], [ 2970355.896984746679664, 1895816.326661723898724 ], [ 2970362.698068211320788, 1895827.257693009683862 ], [ 2970372.150150287896395, 1895835.688942930893973 ], [ 2970387.836591591127217, 1895845.028130681952462 ], [ 2970405.1864969660528, 1895852.044463996775448 ], [ 2970451.934726229868829, 1895878.092974371975288 ], [ 2970461.23138342006132, 1895885.539516657823697 ], [ 2970481.379001560155302, 1895910.278989563928917 ], [ 2970489.944532788358629, 1895925.956311896909028 ], [ 2970497.779122894164175, 1895949.864277240587398 ], [ 2970500.732259329408407, 1895968.572023956570774 ], [ 2970500.933640628587455, 1895982.710484640672803 ], [ 2970503.840821706689894, 1895988.264403681503609 ], [ 2970508.566865332424641, 1895992.47999693104066 ], [ 2970549.080786569509655, 1896017.620669646654278 ], [ 2970562.273409248329699, 1896027.4029538447503 ], [ 2970574.374576454050839, 1896036.375794446328655 ], [ 2970582.994966283906251, 1896045.968573834281415 ], [ 2970588.808958604000509, 1896057.076594909420237 ], [ 2970592.749360393732786, 1896075.607493417803198 ], [ 2970591.652859651483595, 1896087.953428600449115 ], [ 2970588.426378080621362, 1896099.668577095959336 ], [ 2970578.755488909315318, 1896115.575669676065445 ], [ 2970568.673163707368076, 1896122.444298727437854 ], [ 2970556.305421187542379, 1896127.697414722759277 ], [ 2970556.121387793216854, 1896127.722588397795334 ], [ 2970545.167980695609003, 1896129.219973540864885 ], [ 2970532.456581697333604, 1896130.957588310120627 ], [ 2970469.017647326923907, 1896134.223324177786708 ], [ 2970457.381134175229818, 1896131.245766929350793 ], [ 2970456.912576399743557, 1896131.051786075346172 ], [ 2970457.049999946728349, 1896141.256617544218898 ], [ 2970454.025859536603093, 1896157.530766497598961 ], [ 2970446.336200295947492, 1896189.360759097384289 ], [ 2970435.426488331053406, 1896253.575842790305614 ], [ 2970428.912075857631862, 1896310.103902412112802 ], [ 2970422.730748229194432, 1896346.098691811785102 ], [ 2970421.696204781532288, 1896352.147704518167302 ], [ 2970421.522117679007351, 1896353.159377502044663 ], [ 2970420.588667803443968, 1896394.499668197939172 ], [ 2970420.543872509151697, 1896396.876388225704432 ], [ 2970420.376948340795934, 1896405.812667230376974 ], [ 2970419.980674006044865, 1896427.154737453907728 ], [ 2970419.95566911669448, 1896428.447799722664058 ], [ 2970422.322987001389265, 1896447.622851880500093 ], [ 2970427.028362819459289, 1896475.353953895159066 ], [ 2970428.451043498702347, 1896482.23533320100978 ], [ 2970429.163825780153275, 1896485.723098127637058 ], [ 2970431.321860578842461, 1896496.172842857893556 ], [ 2970437.581511522177607, 1896518.60845726239495 ], [ 2970443.777177925221622, 1896537.335788182681426 ], [ 2970449.971289910376072, 1896556.053884016117081 ], [ 2970458.407780944369733, 1896574.380372100044042 ], [ 2970466.919449334964156, 1896593.145772346062586 ], [ 2970482.630930844694376, 1896619.396967677865177 ], [ 2970535.627714792266488, 1896693.585924693383276 ], [ 2970561.313119744881988, 1896730.759976334637031 ], [ 2970595.371566313318908, 1896776.491787470178679 ], [ 2970604.933726872317493, 1896789.33748022117652 ], [ 2970613.006190927699208, 1896800.173797015333548 ], [ 2970625.969990006182343, 1896817.585082810837775 ], [ 2970668.349186113104224, 1896876.118601333117113 ], [ 2970738.886194361373782, 1896972.826558810658753 ], [ 2970817.365337538532913, 1897072.434668034780771 ], [ 2970853.424280487000942, 1897122.835486290277913 ], [ 2970855.309883245266974, 1897125.491702561965212 ], [ 2970922.917752135079354, 1897224.175155071541667 ], [ 2970969.933525909204036, 1897289.527626740280539 ], [ 2970972.176131037063897, 1897292.545038380892947 ], [ 2971020.610505578573793, 1897357.905084213474765 ], [ 2971023.098877949640155, 1897361.164904315257445 ], [ 2971062.051735139917582, 1897412.166056676767766 ], [ 2971140.650652932934463, 1897521.126485201762989 ], [ 2971179.851931023877114, 1897571.280897354241461 ], [ 2971263.709775340743363, 1897681.703217121306807 ], [ 2971310.754259391222149, 1897745.962180691771209 ], [ 2971406.150898282416165, 1897874.776635042857379 ], [ 2971484.038771552033722, 1897980.611348617589101 ], [ 2971504.560466577764601, 1898009.109928665449843 ], [ 2971507.491116801276803, 1898013.186719094868749 ], [ 2971507.616311297751963, 1898013.340567087987438 ], [ 2971567.650997078977525, 1898089.875205697258934 ], [ 2971628.323094193357974, 1898164.032863047672436 ], [ 2971634.891062461771071, 1898172.71182580338791 ], [ 2971657.184900362975895, 1898202.157769727520645 ], [ 2971672.046765492297709, 1898221.798117692116648 ], [ 2971717.278041585348547, 1898280.840165449073538 ], [ 2971725.340687510557473, 1898290.249318741029128 ], [ 2971734.013878766912967, 1898297.410112584009767 ], [ 2971751.259659861214459, 1898311.156203472288325 ], [ 2971759.516817224677652, 1898318.829937513684854 ], [ 2971762.763773404993117, 1898322.973415189888328 ], [ 2971764.044387351721525, 1898326.324095222400501 ], [ 2971764.485748662613332, 1898327.49161642906256 ], [ 2971766.882264857646078, 1898336.367247529095039 ], [ 2971770.20126792602241, 1898344.73824625974521 ], [ 2971776.77248056884855, 1898354.704349449370056 ], [ 2971797.726551739033312, 1898379.811793046072125 ], [ 2971809.647538447752595, 1898394.095809934660792 ], [ 2971810.956573625095189, 1898395.700721754692495 ], [ 2971811.122460686601698, 1898395.903981462819502 ], [ 2971811.536484960466623, 1898396.411596816498786 ], [ 2971795.097122204490006, 1898389.834875088650733 ], [ 2971788.657349833287299, 1898387.258603607304394 ], [ 2971763.033996441401541, 1898377.007580885430798 ], [ 2971758.084259688388556, 1898375.027352512348443 ], [ 2971749.833470716606826, 1898374.520935025764629 ], [ 2971745.963239738717675, 1898375.213605627184734 ], [ 2971742.556913535110652, 1898376.046330653131008 ], [ 2971737.963235651142895, 1898377.75138787436299 ], [ 2971733.128823545761406, 1898379.279351274482906 ], [ 2971729.395670181605965, 1898380.824187848484144 ], [ 2971724.685923429206014, 1898383.216361234663054 ], [ 2971719.80663285870105, 1898385.852137427544221 ], [ 2971715.277283752337098, 1898387.979427372571081 ], [ 2971709.828550463542342, 1898389.834315249230713 ], [ 2971705.211892829742283, 1898391.335932299029082 ], [ 2971694.018394974526018, 1898394.652737278724089 ], [ 2971654.716459034010768, 1898412.926142664626241 ], [ 2971634.057162322103977, 1898422.523901548003778 ], [ 2971599.628297483548522, 1898439.593055288074538 ], [ 2971585.388597691431642, 1898446.645145828602836 ], [ 2971578.568425391800702, 1898450.022690353915095 ], [ 2971559.983802016824484, 1898457.739625145448372 ], [ 2971556.364453174173832, 1898458.881271534133703 ], [ 2971550.341827416792512, 1898460.780875199008733 ], [ 2971537.795694458298385, 1898462.145052046049386 ], [ 2971535.775099109858274, 1898462.054734115255997 ], [ 2971531.259855878073722, 1898461.840152129996568 ], [ 2971503.723555690143257, 1898460.513391402782872 ], [ 2971412.065062404144555, 1898442.255047113168985 ], [ 2971390.737175679765642, 1898439.010039527667686 ], [ 2971389.202485718764365, 1898438.780540144303814 ], [ 2971368.903575517237186, 1898435.680982657242566 ], [ 2971357.598518930375576, 1898433.964917428558692 ], [ 2971320.420325241517276, 1898428.312957546906546 ], [ 2971273.013770687393844, 1898417.699938344303519 ], [ 2971222.851357514970005, 1898410.086000001290813 ], [ 2971218.700502519495785, 1898409.482683889800683 ], [ 2971193.914320904761553, 1898405.879962433129549 ], [ 2971184.437737718224525, 1898405.487665004329756 ], [ 2971175.707097352482378, 1898406.540219397284091 ], [ 2971164.212769173551351, 1898408.329870242392644 ], [ 2971146.26333692856133, 1898412.307475187582895 ], [ 2971147.945290957577527, 1898405.280846463982016 ], [ 2971141.042221444658935, 1898406.46395630016923 ], [ 2971124.128745297435671, 1898416.485473809763789 ], [ 2971098.209903024602681, 1898430.808183762477711 ], [ 2971066.721909763757139, 1898455.174694179324433 ], [ 2971046.075969035737216, 1898475.340093574486673 ], [ 2971018.420104159973562, 1898512.790930059039965 ], [ 2970983.016121262684464, 1898565.171787351137027 ], [ 2970959.469760327134281, 1898631.284027736866847 ], [ 2970957.525008881464601, 1898637.818005960900337 ], [ 2970934.831841844599694, 1898714.063978307181969 ], [ 2970928.966000340878963, 1898728.983007996808738 ], [ 2970915.311098596081138, 1898763.712174714775756 ], [ 2970908.383814180269837, 1898780.090452405624092 ], [ 2970904.49040962010622, 1898789.292494457680732 ], [ 2970896.804030859842896, 1898797.817424784647301 ], [ 2970892.337456864304841, 1898802.773358871228993 ], [ 2970863.648378562182188, 1898820.004740030271932 ], [ 2970827.830308057367802, 1898835.993255886947736 ], [ 2970801.58382788207382, 1898847.709178848890588 ], [ 2970784.545620121061802, 1898852.89914614520967 ], [ 2970777.635251431260258, 1898854.13721328927204 ], [ 2970774.051760810427368, 1898850.729322445578873 ], [ 2970769.068849809467793, 1898838.459623619681224 ], [ 2970762.368360701948404, 1898834.597675626166165 ], [ 2970749.534637589938939, 1898836.896983301732689 ], [ 2970718.464959839358926, 1898839.426080433651805 ], [ 2970694.982139103580266, 1898838.571012750267982 ], [ 2970653.682706980034709, 1898827.745608510449529 ], [ 2970641.058878226205707, 1898824.944931742735207 ], [ 2970634.303893170785159, 1898827.16768989013508 ], [ 2970629.002708389889449, 1898832.16738954349421 ], [ 2970625.154960786923766, 1898839.944298147689551 ], [ 2970621.618337550200522, 1898849.690372129203752 ], [ 2970616.317074270918965, 1898854.690190841443837 ], [ 2970609.717664198484272, 1898857.897585720056668 ], [ 2970609.164235934615135, 1898857.996741034090519 ], [ 2970598.858486506622285, 1898859.843178595416248 ], [ 2970587.377344858832657, 1898857.850294037023559 ], [ 2970577.24883392918855, 1898851.565049822442234 ], [ 2970569.615236081182957, 1898841.79529049154371 ], [ 2970562.813490157015622, 1898830.864090087357908 ], [ 2970557.939363493584096, 1898806.424975497415289 ], [ 2970556.905493800528347, 1898793.447864206042141 ], [ 2970563.147194529883564, 1898775.117100545438007 ], [ 2970573.702983990311623, 1898751.963492459617555 ], [ 2970593.6250892393291, 1898691.694485939340666 ], [ 2970593.679507958702743, 1898685.609822634141892 ], [ 2970591.083318834193051, 1898682.02495944313705 ], [ 2970581.421117524150759, 1898678.693679090589285 ], [ 2970563.394861265551299, 1898673.823546906700358 ], [ 2970550.460200962144881, 1898669.053582310443744 ], [ 2970535.605331622995436, 1898658.552644778741524 ], [ 2970521.372448514681309, 1898651.990384377539158 ], [ 2970511.18962990026921, 1898651.789804629748687 ], [ 2970499.34324886649847, 1898653.912390057230368 ], [ 2970493.109066858887672, 1898653.004348315531388 ], [ 2970482.980472178198397, 1898646.719147559488192 ], [ 2970476.334306755103171, 1898636.772502121515572 ], [ 2970470.418555436655879, 1898618.595175915164873 ], [ 2970469.439129824750125, 1898599.533320064656436 ], [ 2970471.421122856903821, 1898579.940775562543422 ], [ 2970476.776637834496796, 1898568.85632415744476 ], [ 2970486.70315177552402, 1898561.002907715504989 ], [ 2970498.083063090685755, 1898555.926497492240742 ], [ 2970509.463076368439943, 1898550.850073261419311 ], [ 2970518.246811982244253, 1898542.188813774613664 ], [ 2970523.446978194639087, 1898530.119708647718653 ], [ 2970528.95817740354687, 1898520.01988163520582 ], [ 2970537.586475069168955, 1898510.37408094201237 ], [ 2970548.500012597069144, 1898502.34374847705476 ], [ 2970581.645168360322714, 1898506.530108513077721 ], [ 2970586.425758305005729, 1898504.661097243661061 ], [ 2970594.898493054322898, 1898494.030584009131417 ], [ 2970622.229287209920585, 1898487.108903912594542 ], [ 2970633.399330933578312, 1898487.13254562090151 ], [ 2970655.063450259156525, 1898489.326048508752137 ], [ 2970657.869623063132167, 1898487.810788610950112 ], [ 2970659.377558022737503, 1898484.503123810281977 ], [ 2970643.387797804549336, 1898453.955791957909241 ], [ 2970634.876134803052992, 1898432.19357267790474 ], [ 2970626.72954573482275, 1898406.315953817218542 ], [ 2970626.838341110385954, 1898394.146571825491264 ], [ 2970630.064240323845297, 1898382.431223113788292 ], [ 2970638.692594239488244, 1898372.785458707949147 ], [ 2970649.917111068964005, 1898366.724459273274988 ], [ 2970674.130857238080353, 1898359.348697944777086 ], [ 2970691.900513658300042, 1898356.165075912838802 ], [ 2970729.826469626277685, 1898358.48255276796408 ], [ 2970756.271149985026568, 1898358.807143080746755 ], [ 2970768.117619034834206, 1898356.684647715417668 ], [ 2970776.069712338969111, 1898349.185078299371526 ], [ 2970780.593583271838725, 1898339.262210150249302 ], [ 2970779.971841423772275, 1898335.323608149075881 ], [ 2970778.207242059055716, 1898330.577361409552395 ], [ 2970770.884723988361657, 1898322.776868270011619 ], [ 2970760.600658214651048, 1898315.50696208444424 ], [ 2970729.08011815790087, 1898276.604742696974427 ], [ 2970719.526732341386378, 1898261.104062142781913 ], [ 2970714.753970412537456, 1898243.73439584299922 ], [ 2970713.774421664420515, 1898224.672647300409153 ], [ 2970716.844819800928235, 1898211.972695707343519 ], [ 2970725.527621015906334, 1898196.242344288388267 ], [ 2970738.26025402545929, 1898186.87371184467338 ], [ 2970741.431932506617159, 1898181.242997762048617 ], [ 2970741.540710506495088, 1898169.073754745768383 ], [ 2970736.666995925828815, 1898144.634715309832245 ], [ 2970738.594760620500892, 1898131.127095203846693 ], [ 2970743.849460926372558, 1898112.973347460385412 ], [ 2970745.932873531244695, 1898100.450241737067699 ], [ 2970749.065543342381716, 1898062.42707629990764 ], [ 2970747.254400638397783, 1898044.526845520362258 ], [ 2970739.675503649283201, 1898028.672446063254029 ], [ 2970731.365893507376313, 1898021.048819472780451 ], [ 2970723.989012991078198, 1898019.333058369345963 ], [ 2970721.027455517556518, 1898019.863643509335816 ], [ 2970716.713280654512346, 1898024.686540297465399 ], [ 2970699.712887918576598, 1898052.031976761063561 ], [ 2970685.728753782808781, 1898072.762069450225681 ], [ 2970664.250989293679595, 1898123.184415721101686 ], [ 2970655.723549911752343, 1898139.89953404199332 ], [ 2970644.910969390999526, 1898154.999072019709274 ], [ 2970631.657592234201729, 1898167.498421691125259 ], [ 2970622.56282660830766, 1898174.190333573380485 ], [ 2970620.534013556316495, 1898180.628698629327118 ], [ 2970617.354581707622856, 1898205.498058445518836 ], [ 2970615.426870638504624, 1898219.00579427019693 ], [ 2970609.083828697912395, 1898230.267098433803767 ], [ 2970603.782561368308961, 1898235.266773102572188 ], [ 2970598.17029307410121, 1898238.297274503624067 ], [ 2970583.673114502802491, 1898242.919721426675096 ], [ 2970574.010890345089138, 1898239.588343624025583 ], [ 2970563.882319115567952, 1898233.303229584125802 ], [ 2970527.736686155665666, 1898197.254814983578399 ], [ 2970502.761144529096782, 1898161.230148322181776 ], [ 2970494.295977715402842, 1898152.621934965951368 ], [ 2970472.538536719046533, 1898124.120601424016058 ], [ 2970449.747384961694479, 1898082.642133282497525 ], [ 2970443.836890878155828, 1898067.621327829547226 ], [ 2970434.488584836944938, 1898043.864135174779221 ], [ 2970424.787590983323753, 1898008.140268086688593 ], [ 2970415.343134054448456, 1897980.470315555110574 ], [ 2970398.211021064314991, 1897949.115361899137497 ], [ 2970383.620575348846614, 1897927.429891961859539 ], [ 2970370.584869618527591, 1897915.590723062166944 ], [ 2970365.337999762967229, 1897914.505898504052311 ], [ 2970363.519010134041309, 1897915.844195158453658 ], [ 2970360.293029898777604, 1897927.559531609527767 ], [ 2970350.723997188732028, 1897950.53629388846457 ], [ 2970346.565389421302825, 1897956.343758681090549 ], [ 2970339.079555772710592, 1897966.797339738113806 ], [ 2970336.895295622758567, 1897972.251168734859675 ], [ 2970337.618286119308323, 1897983.258986944332719 ], [ 2970339.510108868125826, 1897994.005751685006544 ], [ 2970347.466856806538999, 1898039.206122297095135 ], [ 2970347.41247293818742, 1898045.290744843194261 ], [ 2970336.856377614662051, 1898068.444293697131798 ], [ 2970332.643326804507524, 1898080.336506507592276 ], [ 2970331.492701819166541, 1898098.7674100168515 ], [ 2970333.614933493547142, 1898118.636917941039428 ], [ 2970336.568825642578304, 1898137.344924282981083 ], [ 2970336.459999985061586, 1898149.514294405002147 ], [ 2970334.322386100888252, 1898168.122049068333581 ], [ 2970328.958873393945396, 1898198.44517044047825 ], [ 2970321.418860045261681, 1898214.983488192316145 ], [ 2970311.904434693511575, 1898231.87556709907949 ], [ 2970306.447657075710595, 1898235.890756046865135 ], [ 2970293.613928755745292, 1898238.190182458376512 ], [ 2970271.219229543581605, 1898244.227663085097447 ], [ 2970253.550784753635526, 1898254.480842591263354 ], [ 2970241.859839157667011, 1898257.588033706415445 ], [ 2970232.052402580156922, 1898258.35503182047978 ], [ 2970231.832404389046133, 1898258.372275730362162 ], [ 2970224.144550068303943, 1898254.687333570094779 ], [ 2970218.485746458172798, 1898244.563845813740045 ], [ 2970207.268773044459522, 1898231.386338148266077 ], [ 2970204.983432115986943, 1898229.770811452297494 ], [ 2970201.190257445909083, 1898231.46294608572498 ], [ 2970199.005942233838141, 1898236.916813572635874 ], [ 2970194.528597734868526, 1898259.993719264632091 ], [ 2970188.286774496547878, 1898278.3244838709943 ], [ 2970179.448791331611574, 1898293.070418953429908 ], [ 2970168.846192475408316, 1898303.070033033145592 ], [ 2970157.310733913909644, 1898307.161896901903674 ], [ 2970127.383819252252579, 1898310.499164533568546 ], [ 2970116.058272027410567, 1898309.491030667209998 ], [ 2970105.929720473475754, 1898303.205924667883664 ], [ 2970092.582865854725242, 1898289.397564643062651 ], [ 2970083.806989087723196, 1898278.820197138004005 ], [ 2970071.859393932856619, 1898273.873531177872792 ], [ 2970035.44195456430316, 1898268.248921847203746 ], [ 2969992.0596734713763, 1898269.947305216453969 ], [ 2969986.812721109949052, 1898268.862450163811445 ], [ 2969946.298585067037493, 1898243.72226410266012 ], [ 2969936.791904967743903, 1898241.37577644479461 ], [ 2969925.932755957823247, 1898243.321528598899022 ], [ 2969908.785136190243065, 1898250.444064144045115 ], [ 2969900.732139955274761, 1898250.87451300653629 ], [ 2969888.940227961167693, 1898246.912508028093725 ], [ 2969877.047188549302518, 1898235.881223410367966 ], [ 2969864.477875620126724, 1898226.996120491530746 ], [ 2969860.062669508624822, 1898224.749747444642708 ], [ 2969858.08826255844906, 1898225.103527252795175 ], [ 2969858.189391005784273, 1898232.172809982206672 ], [ 2969864.726846995763481, 1898254.288725264603272 ], [ 2969867.57959436904639, 1898265.927370627876371 ], [ 2969868.201552036684006, 1898269.865930532105267 ], [ 2969865.177809106186032, 1898295.719959263224155 ], [ 2969865.069170027039945, 1898307.889340835390612 ], [ 2969868.07740943133831, 1898320.51273332699202 ], [ 2969878.618113617412746, 1898335.836343007395044 ], [ 2969897.211693957448006, 1898350.729421942261979 ], [ 2969936.272144264541566, 1898373.092638526810333 ], [ 2969971.127285660244524, 1898388.109490803675726 ], [ 2969986.969161387532949, 1898398.433257898082957 ], [ 2969998.34142230078578, 1898412.595402932027355 ], [ 2970004.77776853647083, 1898427.641968871233985 ], [ 2970004.669146015308797, 1898439.811356871854514 ], [ 2969998.63721047481522, 1898453.042086778907105 ], [ 2969989.853636535815895, 1898461.703347402159125 ], [ 2969951.189961007796228, 1898486.856200324371457 ], [ 2969919.491114308126271, 1898504.686008826131001 ], [ 2969911.17407360766083, 1898516.301213075406849 ], [ 2969907.792858956381679, 1898527.03210491547361 ], [ 2969910.490189530421048, 1898537.686125789070502 ], [ 2969923.106410933658481, 1898559.725298251956701 ], [ 2969938.264523750636727, 1898591.433954140404239 ], [ 2969941.847906172275543, 1898594.841890373267233 ], [ 2969965.99950965307653, 1898612.789135973434895 ], [ 2969992.125422250013798, 1898630.382637510308996 ], [ 2970019.29272336512804, 1898641.714534107362852 ], [ 2970046.77128430781886, 1898655.015787950251251 ], [ 2970066.662970514968038, 1898671.701381604885682 ], [ 2970075.439111068844795, 1898682.278828837908804 ], [ 2970080.367513567209244, 1898700.633043852867559 ], [ 2970082.280061021447182, 1898725.602772311773151 ], [ 2970079.209899314679205, 1898738.302841655444354 ], [ 2970072.867196330334991, 1898749.564276475459337 ], [ 2970058.315952316857874, 1898760.271512519102544 ], [ 2970047.612339687533677, 1898763.201998835196719 ], [ 2970035.144052824005485, 1898761.386055945418775 ], [ 2970023.142200921662152, 1898762.524158566258848 ], [ 2970004.385611243546009, 1898765.884996201377362 ], [ 2969971.030911414884031, 1898766.799246453214437 ], [ 2969955.066176239401102, 1898761.000198805239052 ], [ 2969943.031883977819234, 1898756.628818751312792 ], [ 2969938.461214270442724, 1898753.397886123042554 ], [ 2969914.884753335732967, 1898726.235137827927247 ], [ 2969910.158498449251056, 1898722.019480346003547 ], [ 2969890.989807767793536, 1898716.341866355156526 ], [ 2969874.728435582015663, 1898716.218245792668313 ], [ 2969869.271750390063971, 1898720.233419983647764 ], [ 2969868.230093514546752, 1898726.495104575995356 ], [ 2969871.292981377802789, 1898733.03371918387711 ], [ 2969872.381277353037149, 1898739.926152512663975 ], [ 2969869.000105792656541, 1898750.65696865436621 ], [ 2969867.334037936292589, 1898753.615357705391943 ], [ 2969859.486123335547745, 1898767.54923125798814 ], [ 2969850.057187966536731, 1898777.181676236679778 ], [ 2969849.87073291093111, 1898777.372126183705404 ], [ 2969838.646368412300944, 1898783.433407123200595 ], [ 2969814.953969102352858, 1898787.678879543673247 ], [ 2969808.510020203888416, 1898791.871074804570526 ], [ 2969807.468657458201051, 1898798.132613674271852 ], [ 2969810.531356031540781, 1898804.671262719435617 ], [ 2969811.464303149841726, 1898810.579131659585983 ], [ 2969805.121471428312361, 1898821.840658360626549 ], [ 2969803.092917399480939, 1898828.27909227181226 ], [ 2969803.349508254788816, 1898836.333070709370077 ], [ 2969807.865832280367613, 1898845.648771436186507 ], [ 2969814.667696653865278, 1898856.579947079531848 ], [ 2969814.403621959500015, 1898867.764747062465176 ], [ 2969808.060904096346349, 1898879.026260884711519 ], [ 2969800.108992123510689, 1898886.526095351902768 ], [ 2969782.285352137871087, 1898895.794937008060515 ], [ 2969781.413460232783109, 1898895.863082218449563 ], [ 2969772.258047529496253, 1898896.579313866095617 ], [ 2969768.309468482621014, 1898897.286856949795038 ], [ 2969764.817555169109255, 1898902.163282222580165 ], [ 2969764.150767457205802, 1898903.094491323223338 ], [ 2969761.966767129022628, 1898908.548382094595581 ], [ 2969754.792452223598957, 1898920.971435274230316 ], [ 2969751.986348636448383, 1898922.486769077600911 ], [ 2969747.571143073029816, 1898920.240404699929059 ], [ 2969738.677144462242723, 1898912.307329542236403 ], [ 2969733.392696244642138, 1898907.593621360370889 ], [ 2969723.784933329559863, 1898898.177852750057355 ], [ 2969718.693489510565996, 1898898.07768373331055 ], [ 2969713.236859534401447, 1898902.092986619565636 ], [ 2969704.764207606669515, 1898912.723684391472489 ], [ 2969694.208802337758243, 1898935.877600779524073 ], [ 2969689.110048420727253, 1898955.016313770553097 ], [ 2969691.022872730158269, 1898979.985974755138159 ], [ 2969692.935609691776335, 1899004.955657571088523 ], [ 2969688.668596889823675, 1899022.932834671111777 ], [ 2969678.843603389337659, 1899037.855824524071068 ], [ 2969647.449055073782802, 1899076.894147780258209 ], [ 2969641.106425022706389, 1899088.155712176812813 ], [ 2969639.023520198650658, 1899100.678982835495844 ], [ 2969640.111971204169095, 1899107.571412703720853 ], [ 2969657.273895892314613, 1899136.068820497719571 ], [ 2969673.133602315559983, 1899162.404089585179463 ], [ 2969682.430440845899284, 1899169.850656693568453 ], [ 2969690.895458676852286, 1899178.458692796994001 ], [ 2969694.580225127749145, 1899188.935931560583413 ], [ 2969693.484528763219714, 1899201.282309324247763 ], [ 2969689.062192149460316, 1899218.274746381677687 ], [ 2969682.564110171981156, 1899228.55166598665528 ], [ 2969668.168736409395933, 1899240.243837454123423 ], [ 2969651.332247607409954, 1899249.335915480274707 ], [ 2969638.965451950207353, 1899254.589518900727853 ], [ 2969637.457610917277634, 1899257.897152436664328 ], [ 2969639.533186236396432, 1899264.612806220771745 ], [ 2969630.905265545472503, 1899274.258887545438483 ], [ 2969622.482569389976561, 1899279.305106301093474 ], [ 2969607.738684320822358, 1899286.539401712827384 ], [ 2969607.718775987625122, 1899284.336906372336671 ], [ 2969596.865987557917833, 1899289.660846139071509 ], [ 2969563.982491834554821, 1899298.124137419043109 ], [ 2969520.520989888813347, 1899301.588213694514707 ], [ 2969501.94382737018168, 1899301.933040711563081 ], [ 2969471.579329983331263, 1899302.503043450182304 ], [ 2969465.929371599107981, 1899302.924715022556484 ], [ 2969458.7761943731457, 1899301.860572604462504 ], [ 2969438.12607132922858, 1899298.831113219494 ], [ 2969433.447310926392674, 1899298.140858765691519 ], [ 2969408.010825661942363, 1899294.01933975587599 ], [ 2969407.929352008737624, 1899294.006095851305872 ], [ 2969382.854657158255577, 1899289.939844225766137 ], [ 2969310.933809847570956, 1899278.302385434042662 ], [ 2969303.065757382661104, 1899277.027796317124739 ], [ 2969284.934826517477632, 1899273.899020181503147 ], [ 2969266.971305683255196, 1899270.792193795088679 ], [ 2969227.048057934269309, 1899263.888128148391843 ], [ 2969203.068307622801512, 1899261.980577334295958 ], [ 2969198.986382622271776, 1899261.980344311567023 ], [ 2969165.699537844397128, 1899261.968534905696288 ], [ 2969149.813703441992402, 1899262.974155153147876 ], [ 2969149.747679527848959, 1899262.97839335934259 ], [ 2969138.740915128029883, 1899263.685159769607708 ], [ 2969135.684225074481219, 1899264.124405048554763 ], [ 2969095.414662648923695, 1899269.851492824498564 ], [ 2969071.511608715169132, 1899275.552089218050241 ], [ 2969064.078768056817353, 1899278.259335031500086 ], [ 2968984.155169134028256, 1899307.466413469286636 ], [ 2968973.492956918198615, 1899311.364190182648599 ], [ 2968905.497513733804226, 1899336.220822470728308 ], [ 2968825.64089728333056, 1899365.425712847150862 ], [ 2968802.604600466787815, 1899373.844487142981961 ], [ 2968769.291350029874593, 1899386.029099074425176 ], [ 2968743.379222481511533, 1899395.69274087715894 ], [ 2968701.181357158347964, 1899411.412249607266858 ], [ 2968685.981152244377881, 1899417.074591773794964 ], [ 2968664.790320114698261, 1899424.966491372324526 ], [ 2968662.065886887721717, 1899425.989990495843813 ], [ 2968607.546734722331166, 1899450.332497518276796 ], [ 2968607.498561958316714, 1899450.352066481951624 ], [ 2968593.371644742786884, 1899456.655194128165022 ], [ 2968586.9698681300506, 1899459.517054319148883 ], [ 2968586.059388749301434, 1899459.925062667578459 ], [ 2968580.795327839441597, 1899462.284120728261769 ], [ 2968553.737924007233232, 1899471.894281404092908 ], [ 2968505.178451466839761, 1899486.829120671143755 ], [ 2968503.39094192488119, 1899487.268767503788695 ], [ 2968502.631832338869572, 1899487.455751068191603 ], [ 2968467.495172081049532, 1899496.130341885378584 ], [ 2968443.213270246516913, 1899500.482680925400928 ], [ 2968443.084154907613993, 1899500.5032909642905 ], [ 2968407.517070487141609, 1899506.177635778207332 ], [ 2968345.052168364170939, 1899515.153791538672522 ], [ 2968344.611503315158188, 1899515.217382847797126 ], [ 2968337.498932106420398, 1899516.229642966296524 ], [ 2968337.463170331902802, 1899516.237166433827952 ], [ 2968336.645923635922372, 1899516.351040852954611 ], [ 2968329.89680396951735, 1899517.164304800098762 ], [ 2968328.009427523706108, 1899517.388069315580651 ], [ 2968329.474345822818577, 1899519.45926570519805 ], [ 2968321.350348596461117, 1899520.353408041410148 ], [ 2968290.573889349587262, 1899523.740565869258717 ], [ 2968272.180295722559094, 1899527.043409575941041 ], [ 2968231.391896991524845, 1899534.352416022447869 ], [ 2968196.646790544502437, 1899542.463906543795019 ], [ 2968196.398955647833645, 1899542.522098040673882 ], [ 2968196.284239783417434, 1899542.54903826257214 ], [ 2968193.985524865798652, 1899542.596545643405989 ], [ 2968191.153772944118828, 1899542.654946465045214 ], [ 2968174.909586617723107, 1899545.073314129374921 ], [ 2968043.63940891623497, 1899576.923542625736445 ], [ 2967775.418389750644565, 1899642.577949501108378 ], [ 2967762.117415344342589, 1899647.581139185931534 ], [ 2967734.112507914192975, 1899658.11523330071941 ], [ 2967717.069775272160769, 1899668.884583282517269 ], [ 2967704.982971818186343, 1899672.177998384460807 ], [ 2967696.32605155557394, 1899670.916567544685677 ], [ 2967688.188647116534412, 1899669.730903518153355 ], [ 2967662.434625281952322, 1899660.992273562122136 ], [ 2967571.165060432627797, 1899659.886550541268662 ], [ 2967433.150655727833509, 1899648.294882493559271 ], [ 2967433.150311151985079, 1899648.110158363822848 ], [ 2967433.142815319821239, 1899643.750453586224467 ], [ 2967423.712317345663905, 1899642.340603548800573 ], [ 2967419.690328943543136, 1899641.751374481245875 ], [ 2967389.139425640460104, 1899637.1894411155954 ], [ 2967370.173203400801867, 1899634.36351746856235 ], [ 2967302.040280334185809, 1899624.200420148205012 ], [ 2967286.108382963575423, 1899621.725366674596444 ], [ 2967278.983821640256792, 1899620.619760483736172 ], [ 2967202.37612114334479, 1899608.687171410070732 ], [ 2967197.672599172219634, 1899607.946860308293253 ], [ 2967195.884333088528365, 1899611.739892688812688 ], [ 2967189.254826220218092, 1899625.788936262251809 ], [ 2967184.916791942901909, 1899633.294125993503258 ], [ 2967179.733541789464653, 1899642.261247339192778 ], [ 2967171.856294211465865, 1899654.923250569729134 ], [ 2967171.128473496064544, 1899660.74139041104354 ], [ 2967170.236911320593208, 1899667.868110333569348 ], [ 2967169.549687040969729, 1899673.3346130955033 ], [ 2967173.400037738960236, 1899714.042048125062138 ], [ 2967174.492692120373249, 1899738.022085072938353 ], [ 2967174.543103692121804, 1899739.119639259297401 ], [ 2967175.483190421480685, 1899760.905951725551859 ], [ 2967180.864864143542945, 1899772.244826049311087 ], [ 2967190.90619206475094, 1899784.210167873417959 ], [ 2967202.124177350196987, 1899792.642777334433049 ], [ 2967214.991924311965704, 1899802.31220630556345 ], [ 2967217.500136487185955, 1899803.648567271186039 ], [ 2967246.488006113562733, 1899819.092524086358026 ], [ 2967264.815052974037826, 1899838.342051974032074 ], [ 2967273.587829800322652, 1899859.986978999571875 ], [ 2967276.400128071196377, 1899885.378654340282083 ], [ 2967273.97016370575875, 1899908.97757825977169 ], [ 2967269.195186748635024, 1899920.88683742354624 ], [ 2967267.950687699951231, 1899923.979035154683515 ], [ 2967258.613588865846395, 1899932.030673902016133 ], [ 2967245.468026641756296, 1899941.219669756479561 ], [ 2967245.320866003632545, 1899941.345177275361493 ], [ 2967226.398511896841228, 1899959.442283726995811 ], [ 2967210.29386371653527, 1899966.626591127365828 ], [ 2967198.179361302871257, 1899972.891274792375043 ], [ 2967190.786096771247685, 1899978.055249928263947 ], [ 2967190.746744324453175, 1899978.082453892100602 ], [ 2967178.570863616652787, 1899986.585917638847604 ], [ 2967163.440455491188914, 1900003.653569975169376 ], [ 2967106.993008886929601, 1900058.968406227650121 ], [ 2967086.524476823396981, 1900075.154122332576662 ], [ 2967070.693500654771924, 1900083.399184114299715 ], [ 2967070.673931013792753, 1900083.41281770914793 ], [ 2967065.745944725349545, 1900085.977676598588005 ], [ 2967056.170621592085809, 1900097.063219850417227 ], [ 2967056.07890681643039, 1900097.167650764342397 ], [ 2967056.060965356417, 1900097.190307782730088 ], [ 2967052.368572805076838, 1900100.169227837119251 ], [ 2967036.320179548114538, 1900113.100909154163674 ], [ 2967014.012485070154071, 1900138.688280379166827 ], [ 2967004.131235171109438, 1900155.369168993085623 ], [ 2967002.918073431588709, 1900172.642871357267722 ], [ 2967002.813314147759229, 1900174.218117350945249 ], [ 2967007.406653065700084, 1900204.892018145648763 ], [ 2967007.674702951684594, 1900206.711277227848768 ], [ 2967010.108823839109391, 1900224.832407725974917 ], [ 2967002.27831469848752, 1900242.789214602904394 ], [ 2966995.555067842826247, 1900261.622631590580568 ], [ 2966995.500469814054668, 1900261.766681616893038 ], [ 2966995.08177, 1900262.933964107651263 ], [ 2966994.954454282298684, 1900266.086226682178676 ], [ 2966994.943539721891284, 1900266.344253171933815 ], [ 2966993.832486813422292, 1900293.911013891920447 ], [ 2966993.8763128509745, 1900318.186561926966533 ], [ 2966989.549459030851722, 1900336.225263305008411 ], [ 2966988.134145498275757, 1900348.000726719154045 ], [ 2966984.786042259074748, 1900353.521777427988127 ], [ 2966984.757251528091729, 1900353.565718988189474 ], [ 2966984.226480925455689, 1900354.453384204301983 ], [ 2966980.234417383559048, 1900363.376874168403447 ], [ 2966976.395870408974588, 1900384.407468508230522 ], [ 2966976.150819272734225, 1900385.749976583290845 ], [ 2966975.620351342018694, 1900399.547209048178047 ], [ 2966977.138778901658952, 1900413.190466355299577 ], [ 2966982.75080155627802, 1900423.581462843576446 ], [ 2966993.537167806178331, 1900433.193161628441885 ], [ 2967000.538530274294317, 1900443.435631396016106 ], [ 2967002.663173370994627, 1900453.987588031683117 ], [ 2967002.735511034727097, 1900466.768312877975404 ], [ 2967003.16561321169138, 1900478.688136283308268 ], [ 2967007.270809703506529, 1900490.142499540699646 ], [ 2967008.694286229088902, 1900492.780828888295218 ], [ 2967008.775185065809637, 1900492.934406673302874 ], [ 2967011.158301833085716, 1900497.361168259056285 ], [ 2967011.920959969051182, 1900498.773926142603159 ], [ 2967018.372220303863287, 1900505.892120967619121 ], [ 2967021.190234621055424, 1900508.210478088352829 ], [ 2967035.832574399188161, 1900520.255091213388368 ], [ 2967046.797134271357208, 1900535.237858513602987 ], [ 2967046.962827035691589, 1900535.487411473644897 ], [ 2967051.503049604594707, 1900541.717172575183213 ], [ 2967054.693933819420636, 1900546.098050324013457 ], [ 2967054.797804056666791, 1900546.256319123553112 ], [ 2967060.170672494918108, 1900554.310445247450843 ], [ 2967061.111438419669867, 1900555.051351218717173 ], [ 2967061.651796416379511, 1900555.478263816330582 ], [ 2967065.145453768782318, 1900558.233001413987949 ], [ 2967070.253679473884404, 1900561.483712916262448 ], [ 2967076.627202640287578, 1900564.479238633764908 ], [ 2967083.420533257070929, 1900578.629447198007256 ], [ 2967087.159205806441605, 1900589.516394978621975 ], [ 2967089.389111054129899, 1900591.485966559499502 ], [ 2967102.081426505930722, 1900602.69603560352698 ], [ 2967112.236867723986506, 1900608.045103662414476 ], [ 2967116.763245954178274, 1900618.899891398148611 ], [ 2967125.663192056119442, 1900633.282099954551086 ], [ 2967129.661687376443297, 1900647.723362271673977 ], [ 2967132.162094997242093, 1900661.814837409881875 ], [ 2967128.800334434956312, 1900669.195234779035673 ], [ 2967121.971929617691785, 1900678.939182344358414 ], [ 2967119.035140524618328, 1900689.962548367679119 ], [ 2967118.703274622559547, 1900691.196890781400725 ], [ 2967119.233069397974759, 1900706.329873339971527 ], [ 2967119.246768664568663, 1900706.72058587288484 ], [ 2967116.281420175917447, 1900724.341913398588076 ], [ 2967115.605102379340678, 1900733.651740778703243 ], [ 2967117.978893793188035, 1900741.187060228316113 ], [ 2967108.991327445488423, 1900754.839710769243538 ], [ 2967093.396690758876503, 1900764.134516489226371 ], [ 2967076.392332520335913, 1900777.181292318971828 ], [ 2967071.31704512424767, 1900785.156866779783741 ], [ 2967068.85849663708359, 1900788.105279084295034 ], [ 2967062.725861461833119, 1900789.312143797287717 ], [ 2967056.29969722032547, 1900793.298703778767958 ], [ 2967051.590808271896094, 1900800.42114499816671 ], [ 2967049.603198111988604, 1900803.782389268977568 ], [ 2967043.423823548480868, 1900805.529422751860693 ], [ 2967038.588589370716363, 1900808.150897342711687 ], [ 2967038.124943880364299, 1900808.408883795375004 ], [ 2967029.209736532531679, 1900813.484336988069117 ], [ 2967025.056894385255873, 1900818.037311522755772 ], [ 2967022.680661374237388, 1900835.554578625131398 ], [ 2967024.299256954342127, 1900863.819946128409356 ], [ 2967024.428347864653915, 1900885.189141170820221 ], [ 2967022.647512801457196, 1900904.135196903254837 ], [ 2967022.409594988450408, 1900920.078076436184347 ], [ 2967034.345791376195848, 1900956.016999638173729 ], [ 2967046.489996169228107, 1900993.219355767825618 ], [ 2967056.839367567095906, 1901014.402093705022708 ], [ 2967068.170448027085513, 1901036.544404535088688 ], [ 2967068.989413186907768, 1901039.146430426975712 ], [ 2967069.202435920014977, 1901039.823499632999301 ], [ 2967071.404248110018671, 1901046.798042365116999 ], [ 2967070.657245966605842, 1901050.837639914825559 ], [ 2967069.399818259291351, 1901057.607530531240627 ], [ 2967068.952966157346964, 1901058.421025060117245 ], [ 2967048.408984947483987, 1901095.820743225747719 ], [ 2967047.62564556626603, 1901109.1785014544148 ], [ 2967050.25750156538561, 1901114.888643064070493 ], [ 2967056.186070543248206, 1901120.411355533404276 ], [ 2967061.999246848281473, 1901123.467141975881532 ], [ 2967069.309851028956473, 1901126.711737735662609 ], [ 2967072.389731874223799, 1901128.490051114466041 ], [ 2967076.535053863190114, 1901130.883439951110631 ], [ 2967084.610102292150259, 1901136.260199813172221 ], [ 2967087.717043779790401, 1901141.340728277107701 ], [ 2967088.633184401318431, 1901164.723671324085444 ], [ 2967094.312798560597003, 1901184.316362236393616 ], [ 2967111.20929950568825, 1901203.144564229995012 ], [ 2967116.698553229682148, 1901224.093570100143552 ], [ 2967118.867531626950949, 1901241.351631994126365 ], [ 2967118.782115573994815, 1901245.934528933372349 ], [ 2967118.678856558166444, 1901251.478288650047034 ], [ 2967118.725133099127561, 1901251.72434327728115 ], [ 2967117.316238101571798, 1901254.92676944565028 ], [ 2967112.984534149989486, 1901258.172332422342151 ], [ 2967099.065564533695579, 1901265.91408694232814 ], [ 2967092.01120340032503, 1901267.228494459064677 ], [ 2967089.397979971021414, 1901273.022361690877005 ], [ 2967090.923707954585552, 1901281.256023950641975 ], [ 2967092.832395346835256, 1901292.1184481238015 ], [ 2967089.555420863442123, 1901302.512226423015818 ], [ 2967089.211775299627334, 1901303.644903951557353 ], [ 2967086.566043647937477, 1901307.844883258920163 ], [ 2967080.04905477585271, 1901315.885479719843715 ], [ 2967071.890761339105666, 1901332.481073587434366 ], [ 2967047.31852534878999, 1901353.059444248909131 ], [ 2967042.048954274505377, 1901355.696135153528303 ], [ 2967040.203097492456436, 1901355.54681030404754 ], [ 2967035.486138452775776, 1901355.165161431301385 ], [ 2967025.648730850312859, 1901351.22737634065561 ], [ 2967013.793288403190672, 1901345.950009043328464 ], [ 2967004.718819539994001, 1901342.203108590561897 ], [ 2966997.502004783600569, 1901342.377173247281462 ], [ 2966994.227634030394256, 1901343.431495940079913 ], [ 2966991.06589320814237, 1901344.45276719215326 ], [ 2966984.984949116595089, 1901349.522877562092617 ], [ 2966982.520291078835726, 1901356.384383288444951 ], [ 2966977.069038721732795, 1901371.589980630204082 ], [ 2966969.717091824859381, 1901383.830786105478182 ], [ 2966951.136928602587432, 1901404.1129123007413 ], [ 2966944.496995438355953, 1901421.480583806522191 ], [ 2966945.055876928381622, 1901434.633298617321998 ], [ 2966946.190977582708001, 1901445.089375047944486 ], [ 2966950.620105951558799, 1901454.95104111591354 ], [ 2966955.263008297421038, 1901462.239067191258073 ], [ 2966954.942436802200973, 1901480.501114930491894 ], [ 2966961.065154862590134, 1901493.370990661671385 ], [ 2966970.83744302764535, 1901506.280461281305179 ], [ 2966971.618638558313251, 1901507.312429317040369 ], [ 2966975.06667067669332, 1901518.057462940691039 ], [ 2966977.121218218002468, 1901524.460525968577713 ], [ 2966981.553513281047344, 1901532.720897770021111 ], [ 2966986.527008793316782, 1901538.17800790653564 ], [ 2966994.460029701702297, 1901543.233931320020929 ], [ 2967003.910387817770243, 1901549.099528962979093 ], [ 2967005.49699926469475, 1901550.292485404992476 ], [ 2967013.874214091338217, 1901556.591163477161899 ], [ 2967020.769105850718915, 1901564.374197602272034 ], [ 2967021.908828013110906, 1901565.660639515146613 ], [ 2967030.024678465910256, 1901574.845969462301582 ], [ 2967030.632531107403338, 1901575.51442651450634 ], [ 2967034.750663866754621, 1901578.867926394799724 ], [ 2967042.688817412126809, 1901582.966082605533302 ], [ 2967052.64433277817443, 1901588.953458467498422 ], [ 2967062.270408143755049, 1901594.92446440923959 ], [ 2967083.519655709154904, 1901605.927848676918074 ], [ 2967107.835861704312265, 1901624.283828113228083 ], [ 2967120.65570882614702, 1901634.692153244279325 ], [ 2967125.575451788958162, 1901644.678527353797108 ], [ 2967128.022363615687937, 1901655.797775278100744 ], [ 2967131.768135976977646, 1901671.693847664399073 ], [ 2967136.586684787645936, 1901682.19046626240015 ], [ 2967140.075201194733381, 1901689.789773134281859 ], [ 2967153.4378766217269, 1901710.702275201911107 ], [ 2967170.758589498698711, 1901747.456816729390994 ], [ 2967175.50746711390093, 1901771.648608551593497 ], [ 2967175.375015166588128, 1901787.872731775976717 ], [ 2967171.503403780050576, 1901796.127331117168069 ], [ 2967162.602841824293137, 1901807.744822723325342 ], [ 2967159.98633730225265, 1901810.915693119168282 ], [ 2967150.489639712497592, 1901822.440086858114228 ], [ 2967149.49650421179831, 1901824.182221070863307 ], [ 2967135.721846267115325, 1901848.469351209234446 ], [ 2967122.80052814912051, 1901875.67538237106055 ], [ 2967119.987228415906429, 1901881.586973483441398 ], [ 2967106.682463238947093, 1901910.975973414489999 ], [ 2967104.639193133451045, 1901931.871657582931221 ], [ 2967110.051691444590688, 1901950.791035444708541 ], [ 2967113.339712378568947, 1901960.167384610977024 ], [ 2967117.490744098555297, 1901972.004736213712022 ], [ 2967125.413691214285791, 1901980.955658233258873 ], [ 2967129.35066129360348, 1901982.992631895001978 ], [ 2967133.138755908235908, 1901984.946940985973924 ], [ 2967138.761188554577529, 1901985.57046902528964 ], [ 2967143.181061706505716, 1901986.900174849200994 ], [ 2967144.455703725107014, 1901987.287084550131112 ], [ 2967151.493037099950016, 1901992.672622281126678 ], [ 2967161.334949865471572, 1902002.595531480386853 ], [ 2967171.463880830444396, 1902017.241672895150259 ], [ 2967175.509254073724151, 1902026.208053580252454 ], [ 2967172.090805135201663, 1902033.003958675544709 ], [ 2967163.405976017005742, 1902043.714547224342823 ], [ 2967151.679125553928316, 1902054.938215971458703 ], [ 2967146.80506029073149, 1902059.557068370049819 ], [ 2967137.521523426286876, 1902063.137586701661348 ], [ 2967137.40333203971386, 1902063.166269115637988 ], [ 2967123.045993084553629, 1902066.648738917196169 ], [ 2967108.85389069467783, 1902068.509251253213733 ], [ 2967092.445055169053376, 1902077.994283559033647 ], [ 2967090.648999919183552, 1902079.885437896940857 ], [ 2967080.416952314320952, 1902090.692604426527396 ], [ 2967074.839377645868808, 1902102.420261919498444 ], [ 2967065.382154033519328, 1902112.099158211844042 ], [ 2967055.097478364128619, 1902118.99597812932916 ], [ 2967049.79670815076679, 1902122.52964884811081 ], [ 2967044.268133802339435, 1902133.688387601869181 ], [ 2967040.256555934902281, 1902138.553095564711839 ], [ 2967040.238516986370087, 1902138.575770695693791 ], [ 2967028.509454101789743, 1902152.78389122360386 ], [ 2967019.855502466671169, 1902162.275962264509872 ], [ 2967018.791953094303608, 1902163.44567913049832 ], [ 2967017.853137666359544, 1902164.134650068124756 ], [ 2967004.70215448923409, 1902173.819067992269993 ], [ 2967002.54832068644464, 1902178.067910032114014 ], [ 2967002.488682460039854, 1902178.184515451546758 ], [ 2966997.345598541200161, 1902188.31547195953317 ], [ 2966995.05070163263008, 1902200.256462353281677 ], [ 2966994.033771385904402, 1902209.257725114235654 ], [ 2966993.705833149142563, 1902212.159670769935474 ], [ 2966996.536097577773035, 1902227.366477249190211 ], [ 2966997.127052210271358, 1902242.738636129302904 ], [ 2966997.733428154140711, 1902255.588087876327336 ], [ 2966998.241889311932027, 1902265.550177832599729 ], [ 2966997.975837693549693, 1902273.05058404779993 ], [ 2966995.074444106314331, 1902274.311145261162892 ], [ 2966994.970832207705826, 1902274.351795192342252 ], [ 2966992.679922054521739, 1902274.517587972106412 ], [ 2966990.264260594733059, 1902274.692381443688646 ], [ 2966990.153859406709671, 1902274.696480322163552 ], [ 2966982.299153160303831, 1902274.275039981817827 ], [ 2966982.231504699680954, 1902274.270258804783225 ], [ 2966976.625602745916694, 1902278.114123866893351 ], [ 2966971.261352939531207, 1902281.860088207526132 ], [ 2966967.183215442113578, 1902291.853594583459198 ], [ 2966961.653697625268251, 1902302.216977241449058 ], [ 2966956.273648033384234, 1902313.572093895636499 ], [ 2966949.29852700792253, 1902330.726150746224448 ], [ 2966945.133246411569417, 1902340.599101296858862 ], [ 2966940.615983304567635, 1902351.306322649819776 ], [ 2966933.265183201991022, 1902360.033414053265005 ], [ 2966925.080100894439965, 1902370.753646904369816 ], [ 2966923.328764076344669, 1902379.862604351481423 ], [ 2966926.02178022544831, 1902391.262021865462884 ], [ 2966931.139512329827994, 1902402.495143841020763 ], [ 2966934.414007232058793, 1902412.607847626786679 ], [ 2966931.01370127312839, 1902425.651680916082114 ], [ 2966928.261287519708276, 1902433.028216318925843 ], [ 2966925.807890028692782, 1902441.403087450889871 ], [ 2966924.808026435319334, 1902464.249959248816594 ], [ 2966918.851923501584679, 1902511.472420487785712 ], [ 2966915.114674084354192, 1902517.122940280707553 ], [ 2966907.80678358161822, 1902520.593770998995751 ], [ 2966899.435679708607495, 1902524.48588856565766 ], [ 2966892.700153117533773, 1902533.917806465178728 ], [ 2966885.732192873489112, 1902542.034572548465803 ], [ 2966876.00280525162816, 1902546.712957085110247 ], [ 2966875.941930963657796, 1902546.744628774235025 ], [ 2966869.806340049952269, 1902546.389845744008198 ], [ 2966861.308027672581375, 1902538.601431879214942 ], [ 2966859.279658294748515, 1902532.944938071072102 ], [ 2966855.370915634091944, 1902527.350367323495448 ], [ 2966850.054459584876895, 1902525.630716697080061 ], [ 2966838.22354974783957, 1902522.489441915648058 ], [ 2966833.379499066621065, 1902521.191880120430142 ], [ 2966830.17884929291904, 1902518.88753697834909 ], [ 2966827.732255110517144, 1902515.307553263148293 ], [ 2966822.907467822544277, 1902506.854740649927408 ], [ 2966817.668249337002635, 1902505.2705985638313 ], [ 2966811.82742301793769, 1902505.772859616437927 ], [ 2966811.702688361518085, 1902505.780035319505259 ], [ 2966806.28729182574898, 1902518.127879369538277 ], [ 2966803.82959433272481, 1902534.327579678967595 ], [ 2966798.668376596644521, 1902547.001162054948509 ], [ 2966788.79658649303019, 1902559.400650193914771 ], [ 2966774.225212046410888, 1902566.143847207771614 ], [ 2966764.863398062996566, 1902576.561158933211118 ], [ 2966760.912262543104589, 1902591.879994097165763 ], [ 2966756.131795900408179, 1902600.779967301525176 ], [ 2966744.845896283630282, 1902610.472905618138611 ], [ 2966735.009937381371856, 1902623.338659917935729 ], [ 2966729.140539814718068, 1902635.203941540559754 ], [ 2966723.837387126870453, 1902654.812305411091074 ], [ 2966718.032575466670096, 1902663.235156757757068 ], [ 2966714.095395761076361, 1902665.375675403280184 ], [ 2966714.027362598106265, 1902665.408934779232368 ], [ 2966709.835181035101414, 1902664.89386725332588 ], [ 2966704.646704935468733, 1902662.475001836195588 ], [ 2966698.736898969858885, 1902660.993391219526529 ], [ 2966698.658689178526402, 1902660.971873161150143 ], [ 2966693.822153178974986, 1902664.958242439199239 ], [ 2966690.590095522813499, 1902669.072893403237686 ], [ 2966690.142705245874822, 1902675.607471979223192 ], [ 2966690.972853155806661, 1902682.386059697717428 ], [ 2966693.022862849291414, 1902688.038067970657721 ], [ 2966696.905464998446405, 1902696.687960886163637 ], [ 2966699.782493588980287, 1902701.844885719707236 ], [ 2966702.452512444928288, 1902708.465827560983598 ], [ 2966703.923186836298555, 1902717.071157668717206 ], [ 2966708.435219408012927, 1902728.317304498050362 ], [ 2966713.130590269342065, 1902739.117658411851153 ], [ 2966721.576783335767686, 1902751.08451506937854 ], [ 2966729.680377075448632, 1902763.359663723269477 ], [ 2966733.868794138543308, 1902767.682130474830046 ], [ 2966735.968253401108086, 1902769.848649857565761 ], [ 2966738.072437049821019, 1902775.631494279019535 ], [ 2966736.960706911981106, 1902781.907203391427174 ], [ 2966739.838164587505162, 1902792.785028230398893 ], [ 2966743.410739521030337, 1902801.443029962712899 ], [ 2966743.041105304844677, 1902807.838116662111133 ], [ 2966742.166750737465918, 1902809.451556579908356 ], [ 2966740.931182133033872, 1902811.730918867280707 ], [ 2966740.452695633750409, 1902812.613798436243087 ], [ 2966737.209207907319069, 1902812.96103932405822 ], [ 2966737.071867182850838, 1902812.980297537054867 ], [ 2966728.944945560768247, 1902814.027445392450318 ], [ 2966728.807604853995144, 1902814.046703635482118 ], [ 2966720.394298954866827, 1902814.519235815154389 ], [ 2966720.255215371958911, 1902814.529389760224149 ], [ 2966713.406148295849562, 1902819.173794233705848 ], [ 2966707.905164145398885, 1902824.596749159041792 ], [ 2966703.772901193704456, 1902829.487133821239695 ], [ 2966700.304805980995297, 1902831.79477099981159 ], [ 2966696.067592122592032, 1902833.287692072335631 ], [ 2966695.935298341326416, 1902833.334397280588746 ], [ 2966690.106468550860882, 1902837.092758093262091 ], [ 2966687.231514326296747, 1902839.399354066466913 ], [ 2966682.942764981649816, 1902843.536304874578491 ], [ 2966680.640360807068646, 1902844.586530936183408 ], [ 2966676.021408858243376, 1902845.903568809386343 ], [ 2966675.880394942592829, 1902845.942623297451064 ], [ 2966670.274877703748643, 1902847.418832274153829 ], [ 2966670.133848247118294, 1902847.457788317929953 ], [ 2966665.7403714498505, 1902854.193122919648886 ], [ 2966665.900498157832772, 1902859.539599021663889 ], [ 2966667.971653210930526, 1902863.056076574604958 ], [ 2966669.241257874295115, 1902868.738662466406822 ], [ 2966668.062248413451016, 1902878.59947410132736 ], [ 2966663.680743478238583, 1902888.315877028973773 ], [ 2966661.461415907833725, 1902895.960206043208018 ], [ 2966660.564168878830969, 1902899.03685767413117 ], [ 2966660.978027084376663, 1902902.341271086595953 ], [ 2966660.988287128973752, 1902902.395932466257364 ], [ 2966661.738107432611287, 1902908.23480023117736 ], [ 2966662.454733973369002, 1902913.777471211273223 ], [ 2966669.902242271229625, 1902929.26839990587905 ], [ 2966677.342560174874961, 1902943.573390641482547 ], [ 2966679.10796654690057, 1902946.967695564264432 ], [ 2966687.592781866900623, 1902970.377907998394221 ], [ 2966686.942153279203922, 1902982.770884178811684 ], [ 2966686.40234418399632, 1902998.275851448532194 ], [ 2966688.103315209969878, 1903014.334809230640531 ], [ 2966687.496714504435658, 1903019.784948006737977 ], [ 2966683.661190482322127, 1903034.018939515110105 ], [ 2966681.970989832654595, 1903049.44271354121156 ], [ 2966679.641624800860882, 1903060.207357943058014 ], [ 2966669.683678961358964, 1903070.683559290831909 ], [ 2966653.07214965345338, 1903083.452302603516728 ], [ 2966648.605230003595352, 1903099.49516107654199 ], [ 2966647.744918906129897, 1903100.508678440237418 ], [ 2966644.69462374271825, 1903104.102408050559461 ], [ 2966635.666411858983338, 1903109.742885300656781 ], [ 2966633.551044803112745, 1903111.511717102490366 ], [ 2966629.225514855235815, 1903115.135536519344896 ], [ 2966623.222661886364222, 1903122.974984859116375 ], [ 2966616.607074082829058, 1903141.238797094440088 ], [ 2966617.474105142056942, 1903153.929856026312336 ], [ 2966618.716152344830334, 1903172.121369078289717 ], [ 2966620.262109425850213, 1903176.789647633209825 ], [ 2966625.514297543559223, 1903192.597883288282901 ], [ 2966634.980421365238726, 1903205.986704859416932 ], [ 2966636.4523083018139, 1903208.068604059517384 ], [ 2966636.845512229949236, 1903208.620931119192392 ], [ 2966646.392345607280731, 1903223.558788632741198 ], [ 2966646.423932608217001, 1903223.609018677612767 ], [ 2966649.547891695983708, 1903229.604544002562761 ], [ 2966655.747841329313815, 1903241.50142148300074 ], [ 2966656.838892767205834, 1903243.593687590677291 ], [ 2966656.658049965277314, 1903255.130588660249487 ], [ 2966648.472986699081957, 1903267.101944828173146 ], [ 2966639.430341748055071, 1903274.753652949817479 ], [ 2966637.696808802895248, 1903276.224779980489984 ], [ 2966624.105351088568568, 1903285.169532725587487 ], [ 2966613.571629317011684, 1903287.459542169934139 ], [ 2966612.123854170553386, 1903286.892270830459893 ], [ 2966607.741077253594995, 1903285.175254449015483 ], [ 2966607.726291752420366, 1903285.158768026158214 ], [ 2966603.238282911013812, 1903280.169271714054048 ], [ 2966603.163949303328991, 1903280.090051372768357 ], [ 2966599.890286969952285, 1903273.889085855334997 ], [ 2966594.041158072650433, 1903268.549267827067524 ], [ 2966589.678870033938438, 1903267.207988543668762 ], [ 2966581.61525397375226, 1903267.72135379887186 ], [ 2966575.814940583892167, 1903272.496935929870233 ], [ 2966571.085457342676818, 1903278.469048051862046 ], [ 2966566.157791544683278, 1903285.752125981263816 ], [ 2966557.459090027958155, 1903297.793231509625912 ], [ 2966552.832069009542465, 1903309.749374859500676 ], [ 2966552.822914047166705, 1903310.016511576715857 ], [ 2966552.491139193065464, 1903317.872061411151662 ], [ 2966551.839301609434187, 1903333.305847110692412 ], [ 2966555.098659906070679, 1903338.430081402882934 ], [ 2966560.231120702810585, 1903345.28389501827769 ], [ 2966565.304407902993262, 1903351.231236993800849 ], [ 2966567.502144471276551, 1903352.733508957084268 ], [ 2966572.8048877841793, 1903356.358090297086164 ], [ 2966586.529502226039767, 1903365.467512480448931 ], [ 2966597.596792449243367, 1903384.699941847473383 ], [ 2966593.258875317871571, 1903403.90800886740908 ], [ 2966578.352533040568233, 1903444.338759293779731 ], [ 2966570.49535456020385, 1903452.689663616940379 ], [ 2966548.912613287102431, 1903457.917833349434659 ], [ 2966515.789104829076678, 1903464.693680128548294 ], [ 2966511.152659458108246, 1903465.642080724239349 ], [ 2966498.38374741608277, 1903470.597735638963059 ], [ 2966489.723658645525575, 1903476.417321123648435 ], [ 2966486.459948723204434, 1903492.776946016587317 ], [ 2966486.998611149378121, 1903507.345912863500416 ], [ 2966494.959484207909554, 1903520.673834673827514 ], [ 2966495.206894770264626, 1903520.937495752004907 ], [ 2966503.941694934852421, 1903530.245367220137268 ], [ 2966522.735825286246836, 1903545.321830709930509 ], [ 2966525.854366458952427, 1903552.511852257885039 ], [ 2966522.583197929896414, 1903559.135643706889823 ], [ 2966517.885991285555065, 1903568.82390418741852 ], [ 2966509.035994553007185, 1903579.229758770903572 ], [ 2966508.587714991997927, 1903586.228830447886139 ], [ 2966511.566934658680111, 1903634.53831225563772 ], [ 2966512.703262579161674, 1903670.019897201796994 ], [ 2966504.817168773151934, 1903690.984468939015642 ], [ 2966493.410748333670199, 1903710.706409129314125 ], [ 2966473.71501050516963, 1903730.174607999157161 ], [ 2966450.87044083699584, 1903747.138335797237232 ], [ 2966442.973981386050582, 1903756.53970548696816 ], [ 2966435.231957007199526, 1903772.671904424438253 ], [ 2966433.628546930849552, 1903780.272720813285559 ], [ 2966431.678533620666713, 1903789.499708018032834 ], [ 2966429.529539381153882, 1903791.048392088152468 ], [ 2966425.951178138144314, 1903790.206208584364504 ], [ 2966420.59072650782764, 1903786.516449043061584 ], [ 2966417.474912034813315, 1903784.781875493237749 ], [ 2966417.269112066365778, 1903784.810474725905806 ], [ 2966416.397940346039832, 1903784.931549696484581 ], [ 2966410.106695679016411, 1903785.756074533797801 ], [ 2966405.493459990248084, 1903793.248342424631119 ], [ 2966401.215527953114361, 1903800.196680237306282 ], [ 2966394.602156781591475, 1903823.310523582622409 ], [ 2966391.686692269518971, 1903833.516239863354713 ], [ 2966393.61055775731802, 1903846.062037681462243 ], [ 2966397.376663542352617, 1903854.404709022725001 ], [ 2966402.393824808299541, 1903861.94568167347461 ], [ 2966407.831308824010193, 1903871.4446358573623 ], [ 2966414.194787750951946, 1903887.635915424209088 ], [ 2966418.748491101898253, 1903907.493106655078009 ], [ 2966420.908504260703921, 1903924.801234855316579 ], [ 2966424.792054576799273, 1903938.575365683995187 ], [ 2966430.297667684964836, 1903949.499866514932364 ], [ 2966434.988085756544024, 1903953.409311298280954 ], [ 2966445.738660350441933, 1903962.369920862838626 ], [ 2966460.977051603607833, 1903974.912998744985089 ], [ 2966476.408894910477102, 1903981.666020910255611 ], [ 2966497.992494482547045, 1903981.258447808213532 ], [ 2966512.092580976895988, 1903976.364680857397616 ], [ 2966517.444119323045015, 1903970.943996609421447 ], [ 2966522.91057720547542, 1903970.822571169352159 ], [ 2966527.34404048230499, 1903976.288254882441834 ], [ 2966529.056911599822342, 1903983.024285322753713 ], [ 2966535.851866331882775, 1903989.094295328715816 ], [ 2966536.807393150404096, 1904002.013323314953595 ], [ 2966527.443239304237068, 1904014.885713567724451 ], [ 2966523.197365786880255, 1904026.023504760582 ], [ 2966521.759377222973853, 1904033.911711685592309 ], [ 2966525.316590688191354, 1904040.08171382220462 ], [ 2966529.400736703537405, 1904045.109014324378222 ], [ 2966539.068900739308447, 1904049.97133164270781 ], [ 2966551.250393352936953, 1904054.392708312021568 ], [ 2966563.968943207524717, 1904063.087254265556112 ], [ 2966566.431249598972499, 1904069.66663359105587 ], [ 2966565.449536663480103, 1904072.372684536036104 ], [ 2966560.831840425729752, 1904072.155398700153455 ], [ 2966554.554873111657798, 1904071.556097111431882 ], [ 2966545.066608280874789, 1904069.895683982176706 ], [ 2966536.491659251973033, 1904068.280704631702974 ], [ 2966530.954441935755312, 1904069.837790506426245 ], [ 2966528.765746614895761, 1904072.436647909460589 ], [ 2966528.360621260479093, 1904077.219792500836775 ], [ 2966541.456144966185093, 1904128.233060295227915 ], [ 2966555.890664290636778, 1904181.788920433493331 ], [ 2966566.726968929171562, 1904212.010158336721361 ], [ 2966574.815601185895503, 1904237.407453826395795 ], [ 2966583.811614578589797, 1904259.744563885964453 ], [ 2966584.972555577754974, 1904274.818212955724448 ], [ 2966582.490992162376642, 1904305.061618735315278 ], [ 2966581.285281870514154, 1904323.680708287749439 ], [ 2966578.875253562815487, 1904337.910644336137921 ], [ 2966574.347946526482701, 1904350.821835823589936 ], [ 2966567.284390158951283, 1904359.243791745277122 ], [ 2966545.559237857349217, 1904372.96126434369944 ], [ 2966523.768400466069579, 1904383.964568779803813 ], [ 2966502.464498969726264, 1904388.727943071397021 ], [ 2966476.462097401730716, 1904389.928407407831401 ], [ 2966473.302991671022028, 1904389.397343536140397 ], [ 2966462.735704035498202, 1904387.620997000252828 ], [ 2966454.921283613890409, 1904386.301735842134804 ], [ 2966445.162598066963255, 1904385.88215650152415 ], [ 2966438.593024217523634, 1904390.544562535127625 ], [ 2966431.288125280290842, 1904395.398870839970186 ], [ 2966424.990881036035717, 1904400.127375272801146 ], [ 2966423.17167781572789, 1904401.417662647087127 ], [ 2966420.573450483381748, 1904403.259254513075575 ], [ 2966419.861045483034104, 1904403.730466495268047 ], [ 2966416.123503779061139, 1904406.25601408095099 ], [ 2966408.697582893073559, 1904408.142388558015227 ], [ 2966402.080475975759327, 1904413.222105242311954 ], [ 2966397.488001201767474, 1904417.94414150994271 ], [ 2966394.747901024762541, 1904423.405631416942924 ], [ 2966391.42544729821384, 1904431.603444818407297 ], [ 2966385.849057525396347, 1904449.972874893574044 ], [ 2966387.68271500011906, 1904463.967825844418257 ], [ 2966391.138830210082233, 1904473.303776451153681 ], [ 2966397.100327008869499, 1904482.039395207772031 ], [ 2966397.643351540435106, 1904482.835117930313572 ], [ 2966408.719403753057122, 1904488.794721013167873 ], [ 2966416.07299062423408, 1904492.00061871134676 ], [ 2966426.947781593538821, 1904491.532914675073698 ], [ 2966441.400763269048184, 1904494.351186413085088 ], [ 2966452.726370337884873, 1904503.251848514657468 ], [ 2966454.303925539832562, 1904505.090730296680704 ], [ 2966463.354011614341289, 1904515.576150259701535 ], [ 2966478.933114334009588, 1904527.252062808489427 ], [ 2966482.135189128108323, 1904529.141291016014293 ], [ 2966482.345868408679962, 1904529.265627363696694 ], [ 2966496.7364511215128, 1904537.742573311785236 ], [ 2966507.583012960385531, 1904539.724727221066132 ], [ 2966516.31779027916491, 1904541.324803513707593 ], [ 2966528.806158667895943, 1904537.450360202696174 ], [ 2966538.994732188992202, 1904532.589221687288955 ], [ 2966548.100112402811646, 1904524.573207553476095 ], [ 2966549.167602892965078, 1904524.255018322961405 ], [ 2966564.38730741199106, 1904519.562447442905977 ], [ 2966572.471104995347559, 1904521.289492504438385 ], [ 2966576.247588498517871, 1904525.471899435389787 ], [ 2966579.04919024836272, 1904533.656667185481638 ], [ 2966581.437818916514516, 1904539.09565311181359 ], [ 2966582.671391578391194, 1904541.906529541825876 ], [ 2966587.163395231589675, 1904553.081101541174576 ], [ 2966591.744089249521494, 1904562.797351002460346 ], [ 2966596.261500205844641, 1904570.442982312757522 ], [ 2966600.361238053068519, 1904575.002839168068022 ], [ 2966601.766017661895603, 1904576.555769987404346 ], [ 2966605.742339394986629, 1904582.903394108405337 ], [ 2966609.035012260079384, 1904592.671478466596454 ], [ 2966608.076818217523396, 1904606.417342794127762 ], [ 2966614.791155347134918, 1904638.14586108061485 ], [ 2966611.033871471881866, 1904672.208642094396055 ], [ 2966610.87043424602598, 1904680.284832234727219 ], [ 2966610.383343821391463, 1904703.073039122391492 ], [ 2966615.561041593551636, 1904733.730693549150601 ], [ 2966616.283506447914988, 1904737.804172977805138 ], [ 2966620.604963378980756, 1904761.944175186101347 ], [ 2966624.584889272227883, 1904787.02728179981932 ], [ 2966624.915556674823165, 1904787.876883411314338 ], [ 2966627.388502324931324, 1904794.198114906204864 ], [ 2966636.952230741735548, 1904803.827900388510898 ], [ 2966642.232054995838553, 1904811.190826713340357 ], [ 2966650.286429692991078, 1904821.117486423812807 ], [ 2966650.708767587319016, 1904825.803225003415719 ], [ 2966650.843353125732392, 1904834.044401908759028 ], [ 2966651.155031007248908, 1904847.126678523141891 ], [ 2966655.719442007131875, 1904857.859878142597154 ], [ 2966656.154938605614007, 1904864.90146411000751 ], [ 2966656.940117689780891, 1904864.462365589803085 ], [ 2966661.297688103746623, 1904864.36459928448312 ], [ 2966660.327718550339341, 1904880.055049249436706 ], [ 2966656.287608282174915, 1904897.875238704029471 ], [ 2966648.444249991327524, 1904920.669135145843029 ], [ 2966637.746187811717391, 1904963.639918066328391 ], [ 2966633.646186173893511, 1904981.141271327156574 ], [ 2966629.537175468634814, 1904998.635029688710347 ], [ 2966626.267546590417624, 1905011.917915650177747 ], [ 2966621.896596195176244, 1905021.793887638952583 ], [ 2966610.781140119768679, 1905039.930480933282524 ], [ 2966609.845661851111799, 1905063.722045713104308 ], [ 2966608.870956046506763, 1905082.103620403213426 ], [ 2966606.391690763644874, 1905094.700027311220765 ], [ 2966606.715210498776287, 1905116.826155103510246 ], [ 2966606.198720001149923, 1905129.95875300350599 ], [ 2966605.689126920886338, 1905143.09001467586495 ], [ 2966605.394097743090242, 1905158.620200897101313 ], [ 2966599.745975274126977, 1905182.157679146388546 ], [ 2966597.578671125695109, 1905214.571398484287784 ], [ 2966597.800585302524269, 1905246.636295577976853 ], [ 2966594.794142525177449, 1905271.20268417452462 ], [ 2966587.673762308433652, 1905292.197299786610529 ], [ 2966584.210193029604852, 1905297.516578550916165 ], [ 2966577.856464760843664, 1905307.258548761717975 ], [ 2966570.594540576450527, 1905317.692655827384442 ], [ 2966562.778919144533575, 1905332.353769091656432 ], [ 2966551.327911254018545, 1905348.505500996485353 ], [ 2966537.986569285858423, 1905377.660965839400887 ], [ 2966529.564368400722742, 1905413.601177938980982 ], [ 2966522.993369987234473, 1905450.470431192079559 ], [ 2966514.387113410048187, 1905474.83605654607527 ], [ 2966502.796387535519898, 1905491.661455173743889 ], [ 2966487.875815031584352, 1905517.112598607549444 ], [ 2966488.135475371964276, 1905519.397931724786758 ], [ 2966488.307801343500614, 1905520.943735435139388 ], [ 2966489.046714959666133, 1905527.46719583729282 ], [ 2966483.243668782524765, 1905628.948870467022061 ], [ 2966479.605791572481394, 1905692.655442624585703 ], [ 2966478.68040360417217, 1905708.848499711137265 ], [ 2966478.167496275622398, 1905717.8222308116965 ], [ 2966477.410359271336347, 1905731.090725244022906 ], [ 2966474.696617880836129, 1905778.472376953344792 ], [ 2966473.454594258219004, 1905800.036219697445631 ], [ 2966473.121404113247991, 1905804.254893357632682 ], [ 2966471.342406863346696, 1905826.745968083385378 ], [ 2966471.18014558730647, 1905828.797620582859963 ], [ 2966469.068955981172621, 1905855.393484228989109 ], [ 2966468.982292653992772, 1905856.548396124271676 ], [ 2966468.962888336740434, 1905856.760875240201131 ], [ 2966468.904156053438783, 1905857.511917547788471 ], [ 2966467.518802804872394, 1905874.966348472982645 ], [ 2966464.400792321190238, 1905914.172678644303232 ], [ 2966459.926132305525243, 1905970.59077325463295 ], [ 2966456.140802183188498, 1906051.853182719089091 ], [ 2966455.407981086056679, 1906067.257589377462864 ], [ 2966451.922117966227233, 1906119.234517787816003 ], [ 2966451.667022246867418, 1906123.039023643126711 ], [ 2966450.700201557949185, 1906137.317879202775657 ], [ 2966449.353848285973072, 1906157.3786822904367 ], [ 2966446.843733966350555, 1906194.885534601286054 ], [ 2966446.739879460074008, 1906196.460825276328251 ], [ 2966446.115673007443547, 1906205.865272618131712 ], [ 2966445.789342103525996, 1906210.707710759481415 ], [ 2966443.929800203070045, 1906238.359558092197403 ], [ 2966443.899413028731942, 1906238.867964959703386 ], [ 2966443.677438169252127, 1906242.059281051391736 ], [ 2966443.662667471915483, 1906242.374924016883597 ], [ 2966443.646440112031996, 1906242.605567405931652 ], [ 2966443.571542493999004, 1906243.663392595248297 ], [ 2966443.563384124077857, 1906243.816644120262936 ], [ 2966443.236627877224237, 1906248.460488700075075 ], [ 2966442.196329879574478, 1906263.057737529277802 ], [ 2966441.264551267027855, 1906276.183056520763785 ], [ 2966440.801362012512982, 1906282.698247950989753 ], [ 2966440.218078530393541, 1906290.904954181751236 ], [ 2966438.649277129210532, 1906312.973263469990343 ], [ 2966437.736800062470138, 1906325.88602662505582 ], [ 2966437.346174656879157, 1906331.490438310196623 ], [ 2966437.154808117076755, 1906334.135540635325015 ], [ 2966436.568438252899796, 1906342.695797221502289 ], [ 2966436.689261503051966, 1906342.615095903398469 ], [ 2966436.96120863314718, 1906342.433475629426539 ], [ 2966448.549659455660731, 1906336.172722979215905 ], [ 2966456.196221780031919, 1906330.814186018193141 ], [ 2966466.075536921154708, 1906320.301716384245083 ], [ 2966469.365671503823251, 1906316.592299635522068 ], [ 2966470.80792449042201, 1906314.966152442386374 ], [ 2966484.733092338312417, 1906300.317938065622002 ], [ 2966502.096931234933436, 1906285.67959160450846 ], [ 2966516.71348317945376, 1906275.891932060476393 ], [ 2966531.232182654552162, 1906265.203805888770148 ], [ 2966539.014356328174472, 1906260.003142170375213 ], [ 2966555.692007011733949, 1906249.924277077894658 ], [ 2966561.408243225887418, 1906246.714245287934318 ], [ 2966597.04865369386971, 1906228.171979260165244 ], [ 2966614.877645860891789, 1906219.594435051316395 ], [ 2966626.400973984505981, 1906213.368926421971992 ], [ 2966639.152008373755962, 1906205.322151545900851 ], [ 2966660.063062630593777, 1906193.100501261884347 ], [ 2966678.022548774722964, 1906184.875775087624788 ], [ 2966696.309636192396283, 1906178.558777866419405 ], [ 2966706.347216088324785, 1906175.659688118146732 ], [ 2966724.945747755467892, 1906171.311951729469001 ], [ 2966751.894757964648306, 1906168.75079991412349 ], [ 2966770.284269551746547, 1906169.50355090922676 ], [ 2966798.395727535709739, 1906174.793951945379376 ], [ 2966817.718886377289891, 1906181.454786077141762 ], [ 2966831.813966396264732, 1906182.249766549095511 ], [ 2966847.310157078783959, 1906181.206978118047118 ], [ 2966860.291320072486997, 1906180.258132761577144 ], [ 2966860.849330321885645, 1906180.217310980893672 ], [ 2966869.241939823143184, 1906178.712405555648729 ], [ 2966882.339065609499812, 1906174.925732244271785 ], [ 2966899.516241625882685, 1906169.852659950731322 ], [ 2966905.155007842928171, 1906168.362198178190738 ], [ 2966921.196981182787567, 1906164.61221858067438 ], [ 2966955.558003907091916, 1906154.677673433441669 ], [ 2966960.639090785291046, 1906153.35020225471817 ], [ 2966979.23750436399132, 1906149.002622379455715 ], [ 2966989.903222299180925, 1906147.106053855502978 ], [ 2967007.825924840755761, 1906144.904841523617506 ], [ 2967029.200651555322111, 1906143.220489186467603 ], [ 2967045.511240856721997, 1906141.169332002056763 ], [ 2967050.720418992452323, 1906140.651664553908631 ], [ 2967069.785829090513289, 1906139.258182109333575 ], [ 2967094.389547093771398, 1906138.448163380613551 ], [ 2967100.243695870041847, 1906138.45015762373805 ], [ 2967117.23930770996958, 1906134.243319134926423 ], [ 2967135.993492435663939, 1906130.88048722082749 ], [ 2967156.661691257730126, 1906129.34648873587139 ], [ 2967176.038376294542104, 1906129.922438577283174 ], [ 2967200.534873143304139, 1906131.754944048356265 ], [ 2967206.914751096162945, 1906132.473272032337263 ], [ 2967225.615606832318008, 1906135.195513314800337 ], [ 2967235.033036430366337, 1906137.038060981314629 ], [ 2967254.045141638256609, 1906141.729696739464998 ], [ 2967274.150726830586791, 1906147.136006311979145 ], [ 2967292.976872525177896, 1906154.374161469750106 ], [ 2967310.637433200143278, 1906163.358535115141422 ], [ 2967330.0461190873757, 1906173.966671602567658 ], [ 2967339.328650634735823, 1906179.771309447707608 ], [ 2967354.183742340188473, 1906190.271419149124995 ], [ 2967359.791088932659477, 1906194.549235342536122 ], [ 2967374.957314047496766, 1906207.018654746003449 ], [ 2967409.787469455972314, 1906194.994274076540023 ], [ 2967430.923230144195259, 1906183.440209402004257 ], [ 2967451.594010681845248, 1906175.040321426000446 ], [ 2967470.772309169173241, 1906169.602757688146085 ], [ 2967507.128014139365405, 1906159.092084303963929 ], [ 2967524.305382806342095, 1906154.019384329672903 ], [ 2967530.200703156646341, 1906152.469252394745126 ], [ 2967549.786372336558998, 1906147.945062071317807 ], [ 2967563.039912218693644, 1906144.846806561807171 ], [ 2967576.378185445442796, 1906140.239688330097124 ], [ 2967581.334675812162459, 1906138.66823257599026 ], [ 2967599.498797776643187, 1906133.417033549863845 ], [ 2967613.59003871306777, 1906129.255651080980897 ], [ 2967626.877609066665173, 1906124.398926850641146 ], [ 2967643.794721099548042, 1906119.825073495972902 ], [ 2967661.171308252029121, 1906118.247838591691107 ], [ 2967678.492874674499035, 1906119.710456599015743 ], [ 2967695.233194054570049, 1906124.168447529664263 ], [ 2967710.883131974376738, 1906131.486373404040933 ], [ 2967724.967544186860323, 1906141.441998143680394 ], [ 2967737.058558653108776, 1906153.732614795677364 ], [ 2967746.788695638999343, 1906167.984844524646178 ], [ 2967749.379497232846916, 1906173.764697795268148 ], [ 2967752.341990776360035, 1906180.374258364085108 ], [ 2967843.603369832038879, 1906157.670400644652545 ], [ 2967924.529463839717209, 1906134.297976783243939 ], [ 2967971.962680316064507, 1906120.598820011131465 ], [ 2968077.593082840554416, 1906096.145262815291062 ], [ 2968218.276689951308072, 1906061.560626999707893 ], [ 2968221.22129731439054, 1906059.393148345639929 ], [ 2968226.637090756557882, 1906055.667079411679879 ], [ 2968244.146515696309507, 1906044.42737567727454 ], [ 2968250.815851816907525, 1906040.492886670166627 ], [ 2968265.469178232364357, 1906032.57738254358992 ], [ 2968271.89642084017396, 1906028.693590035429224 ], [ 2968277.382020086981356, 1906023.808563763508573 ], [ 2968287.250704099889845, 1906014.233330451883376 ], [ 2968297.748328017070889, 1906002.49293428263627 ], [ 2968311.355349712073803, 1905988.110601646127179 ], [ 2968319.567660700064152, 1905978.181938747176901 ], [ 2968333.614840966649354, 1905958.556514100870118 ], [ 2968372.249095098115504, 1905980.645732601406053 ], [ 2968376.028647683560848, 1905983.434665935114026 ], [ 2968381.984250382520258, 1905986.211903617950156 ], [ 2968385.242144347168505, 1905988.074476858368143 ], [ 2968388.357118343003094, 1905989.68269099551253 ], [ 2968388.442035878077149, 1905989.767207776429132 ], [ 2968391.425033618696034, 1905991.345110560767353 ], [ 2968394.341884875670075, 1905992.939934557303786 ], [ 2968397.86888060439378, 1905994.753760824911296 ], [ 2968401.723368948325515, 1905996.736102785915136 ], [ 2968409.301127811428159, 1906000.801166584948078 ], [ 2968413.26705224905163, 1906002.899016922106966 ], [ 2968418.368428940884769, 1906005.597513784421608 ], [ 2968421.551703344099224, 1906007.244824660941958 ], [ 2968427.140454359352589, 1906010.260278073139489 ], [ 2968427.145342193543911, 1906010.262945895316079 ], [ 2968431.29706412460655, 1906011.851067697629333 ], [ 2968431.901186096016318, 1906012.162991658085957 ], [ 2968462.843498658388853, 1906028.137465332634747 ], [ 2968478.237465790472925, 1906035.900236276909709 ], [ 2968495.661716463975608, 1906045.998914255527779 ], [ 2968508.067962630651891, 1906053.659467665711418 ], [ 2968507.43997604586184, 1906054.935913673136383 ], [ 2968529.387420636601746, 1906067.828056816011667 ], [ 2968594.729387222323567, 1906115.893365487456322 ], [ 2968636.340125251095742, 1906165.644094147253782 ], [ 2968680.348274277057499, 1906222.272158225998282 ], [ 2968725.368455914780498, 1906278.802508769789711 ], [ 2968736.786739788018167, 1906297.215629250742495 ], [ 2968771.670118475798517, 1906353.46906146267429 ], [ 2968807.805216848384589, 1906443.948526942636818 ], [ 2968818.249874459579587, 1906475.560577543918043 ], [ 2968833.537182067520916, 1906521.807929926319048 ], [ 2968858.547694283537567, 1906589.560124334413558 ], [ 2968895.277967451140285, 1906689.595809499500319 ], [ 2968919.132179651409388, 1906752.77819162234664 ], [ 2968962.400769515894353, 1906862.235569757409394 ], [ 2968970.236271802335978, 1906881.786233667517081 ], [ 2968982.212332609575242, 1906911.648160506039858 ], [ 2968999.102814946323633, 1906951.47951279534027 ], [ 2969005.377714056055993, 1906966.279473345959559 ], [ 2969020.500111278146505, 1907026.163395615294576 ], [ 2969041.254578446038067, 1907105.907079007476568 ], [ 2969059.063409455120564, 1907158.864235812099651 ], [ 2969059.904184389859438, 1907161.369057311210781 ], [ 2969059.907179944217205, 1907161.377734971232712 ], [ 2969060.697696130722761, 1907163.732182956766337 ], [ 2969061.255466029979289, 1907165.396244545467198 ], [ 2969061.677120178937912, 1907166.653136889450252 ], [ 2969062.352707406040281, 1907168.709421194624156 ], [ 2969062.575933381915092, 1907169.344707534182817 ], [ 2969062.607504302635789, 1907169.432713475776836 ], [ 2969062.652761288918555, 1907169.555934720905498 ], [ 2969063.477070144377649, 1907172.007306484505534 ], [ 2969065.282282088883221, 1907177.388987134443596 ], [ 2969065.791212962940335, 1907178.873764351708815 ], [ 2969066.268668357282877, 1907180.30838968558237 ], [ 2969075.24530034000054, 1907202.545734836254269 ], [ 2969084.657058730721474, 1907225.860561668407172 ], [ 2969113.060633351095021, 1907297.668571625603363 ], [ 2969143.987844775430858, 1907353.405626042513177 ], [ 2969173.28176166722551, 1907400.930982136633247 ], [ 2969174.500942051876336, 1907404.142820246051997 ], [ 2969188.916156785096973, 1907441.735828884178773 ], [ 2969202.937886408995837, 1907484.412265649298206 ], [ 2969239.935736753977835, 1907563.214227085234597 ], [ 2969269.673519629053771, 1907650.799073384143412 ], [ 2969286.771275395527482, 1907718.037663311464712 ], [ 2969286.982180225197226, 1907718.883960787439719 ], [ 2969287.953112028539181, 1907722.706658471841365 ], [ 2969303.088979139924049, 1907797.175385434180498 ], [ 2969326.277690547518432, 1907910.056043446063995 ], [ 2969346.657871071249247, 1908017.935341600794345 ], [ 2969364.983669676817954, 1908111.259422517614439 ], [ 2969378.067702212370932, 1908181.317235934082419 ], [ 2969384.392812378704548, 1908215.193304645130411 ], [ 2969386.443909046240151, 1908226.140508949290961 ], [ 2969402.593351159244776, 1908313.052504520164803 ], [ 2969414.899501753970981, 1908379.172726922202855 ], [ 2969424.501106650568545, 1908371.351129865739495 ], [ 2969429.383668020367622, 1908366.32228808151558 ], [ 2969436.852828075177968, 1908356.70553481974639 ], [ 2969441.425087683834136, 1908351.221356670372188 ], [ 2969448.135364207439125, 1908343.716442475328222 ], [ 2969450.63288843119517, 1908340.923044229624793 ], [ 2969456.178510334342718, 1908333.174772185273468 ], [ 2969464.02042552176863, 1908321.258512593340129 ], [ 2969473.689065905287862, 1908305.535085154464468 ], [ 2969486.122013431973755, 1908286.65552814793773 ], [ 2969494.840030685067177, 1908273.408020666101947 ], [ 2969503.541247268673033, 1908259.086419254774228 ], [ 2969510.043500476516783, 1908249.617297217482701 ], [ 2969521.839024679269642, 1908234.33904077950865 ], [ 2969528.734067266341299, 1908226.297872005030513 ], [ 2969542.659508269280195, 1908211.650445044506341 ], [ 2969547.645203365944326, 1908206.74987259064801 ], [ 2969556.330791037995368, 1908198.772243605228141 ], [ 2969559.500855219550431, 1908194.690974141471088 ], [ 2969567.10177285829559, 1908183.140881676925346 ], [ 2969571.61817928403616, 1908176.811196315800771 ], [ 2969594.06644950248301, 1908147.735391284106299 ], [ 2969604.618042469024658, 1908132.993055517785251 ], [ 2969617.717119918204844, 1908117.993274167180061 ], [ 2969628.926627028733492, 1908107.417152381734923 ], [ 2969640.919535976834595, 1908094.802586821140721 ], [ 2969649.133481060154736, 1908087.058794311480597 ], [ 2969664.3571991561912, 1908074.204047586070374 ], [ 2969671.707119160331786, 1908068.544046861119568 ], [ 2969687.242314172443002, 1908057.658590698847547 ], [ 2969703.182219486683607, 1908048.497467384906486 ], [ 2969716.474219236988574, 1908046.221063693519682 ], [ 2969730.921443446539342, 1908036.172028157161549 ], [ 2969739.288915469311178, 1908032.270715666469187 ], [ 2969746.838918697088957, 1908028.750552051700652 ], [ 2969763.742906248196959, 1908024.182272478938103 ], [ 2969781.119778017979115, 1908022.605833813082427 ], [ 2969796.60716813756153, 1908016.225875766482204 ], [ 2969800.784925801679492, 1908014.504844086011872 ], [ 2969816.370171055663377, 1908012.950435276841745 ], [ 2969822.577927384525537, 1908012.818857479607686 ], [ 2969827.751055473927408, 1908012.709193632239476 ], [ 2969838.760803560260683, 1908010.735690044704825 ], [ 2969844.260125063359737, 1908009.905825063819066 ], [ 2969858.355042344890535, 1908008.175852463115007 ], [ 2969859.423659917898476, 1908008.044663915177807 ], [ 2969870.235024960711598, 1908006.106829806929454 ], [ 2969883.126309584826231, 1908003.190759032499045 ], [ 2969889.078199233859777, 1908001.844262303318828 ], [ 2969903.785531704314053, 1907998.362502028699964 ], [ 2969916.934795844368637, 1907994.561768931569532 ], [ 2969931.377394628711045, 1907989.437133709667251 ], [ 2969932.914787468500435, 1907988.905992829473689 ], [ 2969963.322549203410745, 1907978.400955561315641 ], [ 2969968.397847323212773, 1907975.978747744346038 ], [ 2969975.722454430535436, 1907971.074710955843329 ], [ 2969986.421280584763736, 1907962.766147954389453 ], [ 2970004.907186447642744, 1907949.116865710821003 ], [ 2970012.689599335193634, 1907943.916820997837931 ], [ 2970029.367765770293772, 1907933.839285566005856 ], [ 2970048.070108793210238, 1907924.979729112004861 ], [ 2970065.370637491345406, 1907918.841070945141837 ], [ 2970086.596020774915814, 1907913.798955395119265 ], [ 2970105.506393215153366, 1907911.422184575349092 ], [ 2970111.292453319765627, 1907910.86439498513937 ], [ 2970129.371474931947887, 1907909.649243427440524 ], [ 2970144.008765066973865, 1907909.740449584787712 ], [ 2970163.541579130571336, 1907911.302450032904744 ], [ 2970171.647910756058991, 1907912.288288009818643 ], [ 2970189.36218050820753, 1907915.188842820236459 ], [ 2970201.409838180057704, 1907917.947025337023661 ], [ 2970212.447207965422422, 1907921.216393626527861 ], [ 2970222.24007913377136, 1907916.91361363325268 ], [ 2970240.527852191589773, 1907910.598099095281214 ], [ 2970250.28075783746317, 1907907.766812443500385 ], [ 2970267.892700257711112, 1907903.597541408613324 ], [ 2970283.937356162816286, 1907899.84800892835483 ], [ 2970295.967457041144371, 1907896.296210959786549 ], [ 2970304.598243059590459, 1907882.609981684014201 ], [ 2970310.426558532752097, 1907871.233830850338563 ], [ 2970320.67473080009222, 1907856.916181100299582 ], [ 2970333.212959349155426, 1907844.545025197789073 ], [ 2970348.480759622063488, 1907832.133247540798038 ], [ 2970360.156663754954934, 1907823.921588308177888 ], [ 2970374.7906952528283, 1907815.079515931196511 ], [ 2970389.327805627137423, 1907805.346723217284307 ], [ 2970401.254117239266634, 1907797.45797851216048 ], [ 2970410.826125629246235, 1907790.02470368379727 ], [ 2970424.339324789121747, 1907779.046359412604943 ], [ 2970457.165862330235541, 1907754.738862448837608 ], [ 2970469.647378953173757, 1907744.598670301027596 ], [ 2970477.293932934291661, 1907738.951431451831013 ], [ 2970493.816486792638898, 1907727.889451200142503 ], [ 2970507.989476452581584, 1907718.515230125747621 ], [ 2970519.583431115373969, 1907710.446219639154151 ], [ 2970533.033041865099221, 1907700.546910827979445 ], [ 2970562.255076781380922, 1907680.038165786070749 ], [ 2970573.594936614390463, 1907670.463419551262632 ], [ 2970583.127124973572791, 1907662.274961731396616 ], [ 2970592.591055696830153, 1907652.528709962032735 ], [ 2970605.054888509213924, 1907639.41948048165068 ], [ 2970613.211058586835861, 1907630.298372699413449 ], [ 2970617.507527038455009, 1907624.295882051344961 ], [ 2970624.276069156825542, 1907612.273381469538435 ], [ 2970630.274490256793797, 1907602.853358372114599 ], [ 2970641.083410814404488, 1907587.752578123938292 ], [ 2970654.183124033734202, 1907572.753226190339774 ], [ 2970667.433131566271186, 1907560.252663757652044 ], [ 2970683.860520796384662, 1907545.567889278521761 ], [ 2970687.831822483800352, 1907542.207325760275126 ], [ 2970700.293344870675355, 1907532.190424643922597 ], [ 2970710.920622683130205, 1907521.879810351645574 ], [ 2970720.20934716751799, 1907513.882071589818224 ], [ 2970733.235877939965576, 1907503.950652386294678 ], [ 2970739.625554230064154, 1907496.805005492176861 ], [ 2970746.751413853373379, 1907489.583929769927636 ], [ 2970765.659013986121863, 1907477.507798020495102 ], [ 2970768.093318716157228, 1907469.813774522626773 ], [ 2970771.942149086389691, 1907466.035302668111399 ], [ 2970779.068535297177732, 1907458.631876087281853 ], [ 2970783.680060275830328, 1907453.217982650967315 ], [ 2970792.061289937235415, 1907443.378477520076558 ], [ 2970801.422466730698943, 1907438.341975994640961 ], [ 2970804.920856099110097, 1907433.484816333279014 ], [ 2970813.154013030230999, 1907422.053833232726902 ], [ 2970824.777064788620919, 1907410.373504039365798 ], [ 2970834.750243018381298, 1907400.675327962497249 ], [ 2970842.795663607306778, 1907390.201587767107412 ], [ 2970848.301929509267211, 1907383.619023046223447 ], [ 2970857.706657528411597, 1907373.28161310008727 ], [ 2970866.20823166705668, 1907362.336895505432039 ], [ 2970870.780693117994815, 1907356.852964291116223 ], [ 2970883.719812302384526, 1907342.383160978322849 ], [ 2970894.970489996485412, 1907330.011171764926985 ], [ 2970905.539724421687424, 1907317.371764433104545 ], [ 2970909.919317357242107, 1907312.461307005491108 ], [ 2970918.896901728585362, 1907303.019051666371524 ], [ 2970924.101307983510196, 1907295.748576584272087 ], [ 2970927.814493435434997, 1907289.637533949688077 ], [ 2970932.255633543245494, 1907279.09363953419961 ], [ 2970936.977349252905697, 1907269.354599353391677 ], [ 2970945.656641161534935, 1907253.623045535059646 ], [ 2970958.600689666345716, 1907232.357016365043819 ], [ 2970971.117184321861714, 1907213.3536995369941 ], [ 2970975.652421771548688, 1907207.037332070758566 ], [ 2970984.229945313185453, 1907195.994712131330743 ], [ 2970992.735819068737328, 1907183.15240028896369 ], [ 2971004.577359820716083, 1907166.493103395216167 ], [ 2971014.198774429038167, 1907151.966437244554982 ], [ 2971022.798414743039757, 1907140.738619289826602 ], [ 2971034.361849205568433, 1907127.612689797300845 ], [ 2971054.771489056292921, 1907101.18028515460901 ], [ 2971064.492383950389922, 1907087.600209682714194 ], [ 2971078.520467158406973, 1907069.321772198658437 ], [ 2971083.869654355570674, 1907062.943313108989969 ], [ 2971095.977236512117088, 1907049.635154951130971 ], [ 2971111.449907103553414, 1907033.326171579770744 ], [ 2971127.297306250780821, 1907014.654411043738946 ], [ 2971123.09541237866506, 1906997.824110926128924 ], [ 2971121.892895820550621, 1906980.456427898723632 ], [ 2971123.725926995743066, 1906963.078919264255092 ], [ 2971128.539392264559865, 1906946.219603107543662 ], [ 2971136.186575596686453, 1906930.390813817502931 ], [ 2971146.435209417250007, 1906916.073536342708394 ], [ 2971158.974174678325653, 1906903.702636633068323 ], [ 2971173.422252611257136, 1906893.654154715826735 ], [ 2971189.340450584422797, 1906886.233374832198024 ], [ 2971206.245091041084379, 1906881.665796775138006 ], [ 2971223.622541624121368, 1906880.090142061468214 ], [ 2971240.94480702560395, 1906881.554243552265689 ], [ 2971257.68565526092425, 1906886.013674651505426 ], [ 2971264.634081358090043, 1906888.432997246971354 ], [ 2971269.202138488180935, 1906890.023568434873596 ], [ 2971274.535683658905327, 1906884.238905504811555 ], [ 2971281.23751310352236, 1906877.175103919813409 ], [ 2971286.984237014316022, 1906871.118343092268333 ], [ 2971291.518908053636551, 1906866.338852075627074 ], [ 2971301.359634105116129, 1906854.571010337444022 ], [ 2971316.300703644752502, 1906838.015076025621966 ], [ 2971331.77364493208006, 1906821.706199936801568 ], [ 2971337.936602241359651, 1906815.741538490634412 ], [ 2971352.174411585554481, 1906803.064489296637475 ], [ 2971366.963104764930904, 1906790.339870486874133 ], [ 2971373.029966651462018, 1906785.51296355179511 ], [ 2971385.596494749188423, 1906776.264298275578767 ], [ 2971397.320635798387229, 1906766.740187855437398 ], [ 2971409.074739713221788, 1906756.816616368712857 ], [ 2971419.492134306579828, 1906746.710226694820449 ], [ 2971431.514930676203221, 1906734.329583467449993 ], [ 2971438.307724136859179, 1906727.939403092022985 ], [ 2971451.017372115049511, 1906717.022310593398288 ], [ 2971464.56923128478229, 1906704.956004887120798 ], [ 2971481.845531411003321, 1906690.323537396499887 ], [ 2971500.748731540050358, 1906675.610281054163352 ], [ 2971519.274630694650114, 1906664.217364092357457 ], [ 2971536.264710293151438, 1906656.110063441330567 ], [ 2971547.64601159049198, 1906651.496812599943951 ], [ 2971566.554075376596302, 1906645.128936979919672 ], [ 2971561.313967948313802, 1906612.827562511665747 ], [ 2971556.558815277181566, 1906539.248011831194162 ], [ 2971553.502447921782732, 1906460.731464051408693 ], [ 2971551.718294968828559, 1906424.098574984120205 ], [ 2971548.249115224462003, 1906350.655391632113606 ], [ 2971547.426611289381981, 1906319.132043102523312 ], [ 2971547.193067414686084, 1906310.188167531974614 ], [ 2971547.116238296963274, 1906298.787036614259705 ], [ 2971548.365728325210512, 1906290.787458582781255 ], [ 2971549.375146537553519, 1906284.324451030232012 ], [ 2971548.132540431339294, 1906262.879048814997077 ], [ 2971549.365787805523723, 1906251.49784297705628 ], [ 2971552.487784511875361, 1906232.712237170664594 ], [ 2971564.701587174087763, 1906173.128322781296447 ], [ 2971568.230863139033318, 1906160.318993291817605 ], [ 2971590.360346201807261, 1906096.568042411934584 ], [ 2971594.496141497045755, 1906070.255090775433928 ], [ 2971596.421684282831848, 1906057.746201227419078 ], [ 2971598.478685303591192, 1906044.38162429491058 ], [ 2971602.025831146165729, 1906030.976557694841176 ], [ 2971603.799879443831742, 1906023.592527690110728 ], [ 2971607.86977720586583, 1906006.65337203303352 ], [ 2971627.987211661413312, 1905960.521000122884288 ], [ 2971631.686154528521001, 1905952.371048426721245 ], [ 2971637.664454245939851, 1905941.150829909369349 ], [ 2971646.010960446670651, 1905927.580669904593378 ], [ 2971693.176033724099398, 1905835.093937796540558 ], [ 2971718.163931746035814, 1905772.676085446262732 ], [ 2971725.513054403942078, 1905748.322378301760182 ], [ 2971730.000116302631795, 1905719.775867788819596 ], [ 2971732.838140609208494, 1905707.089775447268039 ], [ 2971738.766115542501211, 1905686.788879042258486 ], [ 2971748.213567839004099, 1905664.591168903047219 ], [ 2971758.556792117655277, 1905646.536900413455442 ], [ 2971764.178250449243933, 1905637.782201195834205 ], [ 2971787.461660701781511, 1905605.258670763345435 ], [ 2971804.243488449137658, 1905583.58965784101747 ], [ 2971812.72073330450803, 1905565.908742675790563 ], [ 2971820.209245748352259, 1905550.290492064785212 ], [ 2971824.050776259042323, 1905542.728878607042134 ], [ 2971828.175766174681485, 1905534.609890224877745 ], [ 2971838.388635556213558, 1905517.793713279301301 ], [ 2971850.964733757078648, 1905507.922484227921814 ], [ 2971871.962074591312557, 1905475.668632167391479 ], [ 2971880.498438820708543, 1905466.581264268606901 ], [ 2971896.399944822769612, 1905451.581488337134942 ], [ 2971911.45622359123081, 1905439.812886539846659 ], [ 2971928.967102971859276, 1905428.574952984927222 ], [ 2971934.317895392887294, 1905425.366034388076514 ], [ 2971952.971629639156163, 1905414.936022065579891 ], [ 2971965.651206478476524, 1905408.945911559043452 ], [ 2971984.771677325479686, 1905401.469896109309047 ], [ 2972044.730472491588444, 1905380.845419296063483 ], [ 2972064.181438719388098, 1905376.267338047502562 ], [ 2972086.054337915964425, 1905373.361079862806946 ], [ 2972113.570380054414272, 1905373.52281790249981 ], [ 2972135.389689447358251, 1905376.701487178681418 ], [ 2972150.84966990025714, 1905380.243382605258375 ], [ 2972221.593483368866146, 1905402.59213365893811 ], [ 2972249.677024537697434, 1905410.911697268718854 ], [ 2972271.528771451674402, 1905414.861573584144935 ], [ 2972304.195941032841802, 1905412.680053669959307 ], [ 2972318.775215099565685, 1905405.509602857055143 ], [ 2972330.555669605731964, 1905399.703798073576763 ], [ 2972346.488785369321704, 1905395.023624413646758 ], [ 2972350.798607137054205, 1905392.250158262439072 ], [ 2972358.491874057799578, 1905392.1219781935215 ], [ 2972364.692876380868256, 1905384.474924080772325 ], [ 2972381.839073257520795, 1905377.352832130854949 ], [ 2972401.013940903358161, 1905369.62803522287868 ], [ 2972422.301350430119783, 1905361.982358319219202 ], [ 2972459.691123079508543, 1905349.069852672284469 ], [ 2972477.627893641591072, 1905343.569965815870091 ], [ 2972492.651878103613853, 1905338.240559261059389 ], [ 2972498.923574976157397, 1905336.241815649438649 ], [ 2972518.103742780163884, 1905330.806762873427942 ], [ 2972536.018065011594445, 1905325.630494912387803 ], [ 2972568.439930508378893, 1905316.061053832061589 ], [ 2972584.544338069856167, 1905310.501174174016342 ], [ 2972606.09042879473418, 1905304.03235181607306 ], [ 2972622.250579468905926, 1905299.150338983628899 ], [ 2972643.112680763937533, 1905293.222973584895954 ], [ 2972661.306143050082028, 1905287.966085996478796 ], [ 2972671.55466560088098, 1905285.57379677798599 ], [ 2972722.64113578479737, 1905276.421777975279838 ], [ 2972735.428232992999256, 1905272.727119101444259 ], [ 2972751.310351657215506, 1905267.929100236156955 ], [ 2972762.737805914133787, 1905265.188437775010243 ], [ 2972778.897740755230188, 1905262.293389700120315 ], [ 2972794.927277171984315, 1905258.549184183357283 ], [ 2972805.593845205381513, 1905256.654244511853904 ], [ 2972817.543721098452806, 1905255.188591574784368 ], [ 2972820.758588831871748, 1905254.794327148934826 ], [ 2972850.816325712483376, 1905249.409634965239093 ], [ 2972865.717725900001824, 1905245.883455450646579 ], [ 2972876.669227952603251, 1905243.921597157604992 ], [ 2972891.833875029347837, 1905242.061626588460058 ], [ 2972926.605970124714077, 1905235.832571730250493 ], [ 2972931.815797518007457, 1905235.039123731432483 ], [ 2972932.380045861471444, 1905235.025327749783173 ], [ 2972951.201990299858153, 1905234.565212389454246 ], [ 2972963.44152696384117, 1905231.258928809314966 ], [ 2972968.941673036664724, 1905230.42947769491002 ], [ 2972980.820186569355428, 1905229.683937929803506 ], [ 2973016.126871511340141, 1905221.820924510248005 ], [ 2973032.156459554098547, 1905218.076719293836504 ], [ 2973037.323312520980835, 1905217.011214746395126 ], [ 2973054.819568455219269, 1905213.877013673307374 ], [ 2973064.274605147540569, 1905210.523292382713407 ], [ 2973085.240798373240978, 1905205.516096267849207 ], [ 2973100.040421634912491, 1905203.61801926442422 ], [ 2973113.624165358021855, 1905200.445239310851321 ], [ 2973124.000984471291304, 1905198.586404296569526 ], [ 2973142.912560707889497, 1905196.211277281632647 ], [ 2973153.289135721512139, 1905195.451527465833351 ], [ 2973162.021202243864536, 1905195.267249157419428 ], [ 2973188.959539103787392, 1905188.97524593770504 ], [ 2973199.336553218774498, 1905187.116297177039087 ], [ 2973215.634344418998808, 1905185.069483754457906 ], [ 2973228.211189003195614, 1905182.816587890032679 ], [ 2973241.401320015080273, 1905179.735832634847611 ], [ 2973256.059270791243762, 1905175.409666255349293 ], [ 2973261.698580875992775, 1905173.920154540333897 ], [ 2973275.210018511861563, 1905170.764339853543788 ], [ 2973288.549745067022741, 1905166.159231026424095 ], [ 2973298.845263816416264, 1905163.202209227485582 ], [ 2973318.433034470304847, 1905158.680933787021786 ], [ 2973328.292414971627295, 1905156.914847836829722 ], [ 2973345.092730356380343, 1905156.329927263781428 ], [ 2973357.212824780493975, 1905152.129018171923235 ], [ 2973368.124532851856202, 1905144.207131406059489 ], [ 2973386.505468004383147, 1905131.197915851604193 ], [ 2973401.906089695170522, 1905119.865335148060694 ], [ 2973419.395817138720304, 1905107.579876561881974 ], [ 2973445.476888628676534, 1905094.390692729502916 ], [ 2973464.753495269455016, 1905087.900127740344033 ], [ 2973487.421575929969549, 1905081.250749200116843 ], [ 2973507.570156263187528, 1905077.587925009196624 ], [ 2973525.420778070576489, 1905076.192946025868878 ], [ 2973541.149221776053309, 1905074.264066901989281 ], [ 2973551.235959361772984, 1905073.540455056354403 ], [ 2973573.108006341382861, 1905074.45900338399224 ], [ 2973589.548638707958162, 1905072.891744462074712 ], [ 2973602.039965318515897, 1905074.232580772135407 ], [ 2973607.684719267766923, 1905074.8386519853957 ], [ 2973624.550846075639129, 1905078.809924057452008 ], [ 2973638.644066008273512, 1905077.367485673166811 ], [ 2973657.500911583658308, 1905078.876991317374632 ], [ 2973678.307423781603575, 1905081.450816827360541 ], [ 2973691.983409659005702, 1905082.183884056052193 ], [ 2973702.701644647866488, 1905083.34477363829501 ], [ 2973716.387306068558246, 1905085.58674992271699 ], [ 2973726.83286917489022, 1905086.423055336344987 ], [ 2973738.722430178895593, 1905086.172146159224212 ], [ 2973745.850113150663674, 1905085.693869194947183 ], [ 2973746.34260518103838, 1905085.660840671742335 ], [ 2973756.946057460736483, 1905083.184343466768041 ], [ 2973767.612998714670539, 1905081.289633311564103 ], [ 2973785.537580371834338, 1905079.091537458589301 ], [ 2973799.700014072470367, 1905078.365298470947891 ], [ 2973820.065648486837745, 1905078.767662324011326 ], [ 2973826.038611890748143, 1905079.065384552348405 ], [ 2973843.095281964167953, 1905080.430934002622962 ], [ 2973859.986854330636561, 1905080.935822928557172 ], [ 2973883.181375090498477, 1905082.668006282299757 ], [ 2973899.278422037139535, 1905083.530794691527262 ], [ 2973921.423988829366863, 1905085.269127037143335 ], [ 2973935.837780276313424, 1905086.801483723102137 ], [ 2973948.025280876085162, 1905086.648756455862895 ], [ 2973954.608182604424655, 1905086.783587840385735 ], [ 2973972.012424297165126, 1905087.716549436328933 ], [ 2973987.469230994582176, 1905090.37904216023162 ], [ 2973994.369351048022509, 1905091.567634891718626 ], [ 2974004.50598494336009, 1905090.337741922819987 ], [ 2974014.066584662068635, 1905091.153409214224666 ], [ 2974021.819789634086192, 1905091.37481438042596 ], [ 2974044.859525595791638, 1905092.032552652992308 ], [ 2974059.565426421351731, 1905091.988336966838688 ], [ 2974077.885716588702053, 1905091.602053143782541 ], [ 2974096.163257799111307, 1905091.369242980610579 ], [ 2974115.560953624546528, 1905090.810462209628895 ], [ 2974134.99478414375335, 1905090.553644059691578 ], [ 2974153.938545189797878, 1905093.822132148314267 ], [ 2974158.125906750559807, 1905090.938301052432507 ], [ 2974168.000737394206226, 1905092.029238116694614 ], [ 2974174.520479177124798, 1905090.268273639725521 ], [ 2974190.961249369196594, 1905088.701260183705017 ], [ 2974209.222102787345648, 1905090.159322406863794 ], [ 2974222.711002711206675, 1905087.202320923795924 ], [ 2974241.599609266035259, 1905085.928792543709278 ], [ 2974260.378642519004643, 1905084.559872535523027 ], [ 2974265.545616163872182, 1905084.317126957466826 ], [ 2974284.768842688761652, 1905083.911898897960782 ], [ 2974289.852816966362298, 1905083.934122867649421 ], [ 2974307.117890811525285, 1905084.450388775672764 ], [ 2974319.630125000141561, 1905084.293609802611172 ], [ 2974319.630125000141561, 1893831.536375000141561 ], [ 2970134.916858558077365, 1893831.536375000141561 ], [ 2970136.218653882853687, 1893832.801932159811258 ] ] ] ] } },
{ "type": "Feature", "properties": { "SITE_NAME": "Río Guadiana Alto - Zujar", "ODESIGNATE": "Zonas Especiales de Conservación", "NUT2": 43, "SITE_CODE_": "ES4310026", "DESIG_ABBR": "ES56", "SITE_CDDA": "555774152_CDDA", "Sup_ha": 3080.8288610700001 }, "geometry": { "type": "MultiPolygon", "coordinates": [ [ [ [ 2974307.117890811525285, 1905084.450388775672764 ], [ 2974289.852816966362298, 1905083.934122867649421 ], [ 2974284.768842688761652, 1905083.911898897960782 ], [ 2974265.545616163872182, 1905084.317126957466826 ], [ 2974260.378642519004643, 1905084.559872535523027 ], [ 2974241.599609266035259, 1905085.928792543709278 ], [ 2974222.711002711206675, 1905087.202320923795924 ], [ 2974209.222102787345648, 1905090.159322406863794 ], [ 2974190.961249369196594, 1905088.701260183705017 ], [ 2974174.520479177124798, 1905090.268273639725521 ], [ 2974168.000737394206226, 1905092.029238116694614 ], [ 2974158.125906750559807, 1905090.938301052432507 ], [ 2974153.938545189797878, 1905093.822132148314267 ], [ 2974134.99478414375335, 1905090.553644059691578 ], [ 2974115.560953624546528, 1905090.810462209628895 ], [ 2974096.163257799111307, 1905091.369242980610579 ], [ 2974077.885716588702053, 1905091.602053143782541 ], [ 2974059.565426421351731, 1905091.988336966838688 ], [ 2974044.859525595791638, 1905092.032552652992308 ], [ 2974021.819789634086192, 1905091.37481438042596 ], [ 2974014.066584662068635, 1905091.153409214224666 ], [ 2974004.50598494336009, 1905090.337741922819987 ], [ 2973994.369351048022509, 1905091.567634891718626 ], [ 2973987.469230994582176, 1905090.37904216023162 ], [ 2973972.012424297165126, 1905087.716549436328933 ], [ 2973954.608182604424655, 1905086.783587840385735 ], [ 2973948.025280876085162, 1905086.648756455862895 ], [ 2973935.837780276313424, 1905086.801483723102137 ], [ 2973921.423988829366863, 1905085.269127037143335 ], [ 2973899.278422037139535, 1905083.530794691527262 ], [ 2973883.181375090498477, 1905082.668006282299757 ], [ 2973859.986854330636561, 1905080.935822928557172 ], [ 2973843.095281964167953, 1905080.430934002622962 ], [ 2973826.038611890748143, 1905079.065384552348405 ], [ 2973820.065648486837745, 1905078.767662324011326 ], [ 2973799.700014072470367, 1905078.365298470947891 ], [ 2973785.537580371834338, 1905079.091537458589301 ], [ 2973767.612998714670539, 1905081.289633311564103 ], [ 2973756.946057460736483, 1905083.184343466768041 ], [ 2973746.34260518103838, 1905085.660840671742335 ], [ 2973745.850113150663674, 1905085.693869194947183 ], [ 2973738.722430178895593, 1905086.172146159224212 ], [ 2973726.83286917489022, 1905086.423055336344987 ], [ 2973716.387306068558246, 1905085.58674992271699 ], [ 2973702.701644647866488, 1905083.34477363829501 ], [ 2973691.983409659005702, 1905082.183884056052193 ], [ 2973678.307423781603575, 1905081.450816827360541 ], [ 2973657.500911583658308, 1905078.876991317374632 ], [ 2973638.644066008273512, 1905077.367485673166811 ], [ 2973624.550846075639129, 1905078.809924057452008 ], [ 2973607.684719267766923, 1905074.8386519853957 ], [ 2973602.039965318515897, 1905074.232580772135407 ], [ 2973589.548638707958162, 1905072.891744462074712 ], [ 2973573.108006341382861, 1905074.45900338399224 ], [ 2973551.235959361772984, 1905073.540455056354403 ], [ 2973541.149221776053309, 1905074.264066901989281 ], [ 2973525.420778070576489, 1905076.192946025868878 ], [ 2973507.570156263187528, 1905077.587925009196624 ], [ 2973487.421575929969549, 1905081.250749200116843 ], [ 2973464.753495269455016, 1905087.900127740344033 ], [ 2973445.476888628676534, 1905094.390692729502916 ], [ 2973419.395817138720304, 1905107.579876561881974 ], [ 2973401.906089695170522, 1905119.865335148060694 ], [ 2973386.505468004383147, 1905131.197915851604193 ], [ 2973368.124532851856202, 1905144.207131406059489 ], [ 2973357.212824780493975, 1905152.129018171923235 ], [ 2973345.092730356380343, 1905156.329927263781428 ], [ 2973328.292414971627295, 1905156.914847836829722 ], [ 2973318.433034470304847, 1905158.680933787021786 ], [ 2973298.845263816416264, 1905163.202209227485582 ], [ 2973288.549745067022741, 1905166.159231026424095 ], [ 2973275.210018511861563, 1905170.764339853543788 ], [ 2973261.698580875992775, 1905173.920154540333897 ], [ 2973256.059270791243762, 1905175.409666255349293 ], [ 2973241.401320015080273, 1905179.735832634847611 ], [ 2973228.211189003195614, 1905182.816587890032679 ], [ 2973215.634344418998808, 1905185.069483754457906 ], [ 2973199.336553218774498, 1905187.116297177039087 ], [ 2973188.959539103787392, 1905188.97524593770504 ], [ 2973162.021202243864536, 1905195.267249157419428 ], [ 2973153.289135721512139, 1905195.451527465833351 ], [ 2973142.912560707889497, 1905196.211277281632647 ], [ 2973124.000984471291304, 1905198.586404296569526 ], [ 2973113.624165358021855, 1905200.445239310851321 ], [ 2973100.040421634912491, 1905203.61801926442422 ], [ 2973085.240798373240978, 1905205.516096267849207 ], [ 2973064.274605147540569, 1905210.523292382713407 ], [ 2973054.819568455219269, 1905213.877013673307374 ], [ 2973037.323312520980835, 1905217.011214746395126 ], [ 2973032.156459554098547, 1905218.076719293836504 ], [ 2973016.126871511340141, 1905221.820924510248005 ], [ 2972980.820186569355428, 1905229.683937929803506 ], [ 2972968.941673036664724, 1905230.42947769491002 ], [ 2972963.44152696384117, 1905231.258928809314966 ], [ 2972951.201990299858153, 1905234.565212389454246 ], [ 2972932.380045861471444, 1905235.025327749783173 ], [ 2972931.815797518007457, 1905235.039123731432483 ], [ 2972926.605970124714077, 1905235.832571730250493 ], [ 2972891.833875029347837, 1905242.061626588460058 ], [ 2972876.669227952603251, 1905243.921597157604992 ], [ 2972865.717725900001824, 1905245.883455450646579 ], [ 2972850.816325712483376, 1905249.409634965239093 ], [ 2972820.758588831871748, 1905254.794327148934826 ], [ 2972817.543721098452806, 1905255.188591574784368 ], [ 2972805.593845205381513, 1905256.654244511853904 ], [ 2972794.927277171984315, 1905258.549184183357283 ], [ 2972778.897740755230188, 1905262.293389700120315 ], [ 2972762.737805914133787, 1905265.188437775010243 ], [ 2972751.310351657215506, 1905267.929100236156955 ], [ 2972735.428232992999256, 1905272.727119101444259 ], [ 2972722.64113578479737, 1905276.421777975279838 ], [ 2972671.55466560088098, 1905285.57379677798599 ], [ 2972661.306143050082028, 1905287.966085996478796 ], [ 2972643.112680763937533, 1905293.222973584895954 ], [ 2972622.250579468905926, 1905299.150338983628899 ], [ 2972606.09042879473418, 1905304.03235181607306 ], [ 2972584.544338069856167, 1905310.501174174016342 ], [ 2972568.439930508378893, 1905316.061053832061589 ], [ 2972536.018065011594445, 1905325.630494912387803 ], [ 2972518.103742780163884, 1905330.806762873427942 ], [ 2972498.923574976157397, 1905336.241815649438649 ], [ 2972492.651878103613853, 1905338.240559261059389 ], [ 2972477.627893641591072, 1905343.569965815870091 ], [ 2972459.691123079508543, 1905349.069852672284469 ], [ 2972422.301350430119783, 1905361.982358319219202 ], [ 2972401.013940903358161, 1905369.62803522287868 ], [ 2972381.839073257520795, 1905377.352832130854949 ], [ 2972364.692876380868256, 1905384.474924080772325 ], [ 2972358.491874057799578, 1905392.1219781935215 ], [ 2972350.798607137054205, 1905392.250158262439072 ], [ 2972346.488785369321704, 1905395.023624413646758 ], [ 2972330.555669605731964, 1905399.703798073576763 ], [ 2972318.775215099565685, 1905405.509602857055143 ], [ 2972304.195941032841802, 1905412.680053669959307 ], [ 2972271.528771451674402, 1905414.861573584144935 ], [ 2972249.677024537697434, 1905410.911697268718854 ], [ 2972221.593483368866146, 1905402.59213365893811 ], [ 2972150.84966990025714, 1905380.243382605258375 ], [ 2972135.389689447358251, 1905376.701487178681418 ], [ 2972113.570380054414272, 1905373.52281790249981 ], [ 2972086.054337915964425, 1905373.361079862806946 ], [ 2972064.181438719388098, 1905376.267338047502562 ], [ 2972044.730472491588444, 1905380.845419296063483 ], [ 2971984.771677325479686, 1905401.469896109309047 ], [ 2971965.651206478476524, 1905408.945911559043452 ], [ 2971952.971629639156163, 1905414.936022065579891 ], [ 2971934.317895392887294, 1905425.366034388076514 ], [ 2971928.967102971859276, 1905428.574952984927222 ], [ 2971911.45622359123081, 1905439.812886539846659 ], [ 2971896.399944822769612, 1905451.581488337134942 ], [ 2971880.498438820708543, 1905466.581264268606901 ], [ 2971871.962074591312557, 1905475.668632167391479 ], [ 2971850.964733757078648, 1905507.922484227921814 ], [ 2971838.388635556213558, 1905517.793713279301301 ], [ 2971828.175766174681485, 1905534.609890224877745 ], [ 2971824.050776259042323, 1905542.728878607042134 ], [ 2971820.209245748352259, 1905550.290492064785212 ], [ 2971812.72073330450803, 1905565.908742675790563 ], [ 2971804.243488449137658, 1905583.58965784101747 ], [ 2971787.461660701781511, 1905605.258670763345435 ], [ 2971764.178250449243933, 1905637.782201195834205 ], [ 2971758.556792117655277, 1905646.536900413455442 ], [ 2971748.213567839004099, 1905664.591168903047219 ], [ 2971738.766115542501211, 1905686.788879042258486 ], [ 2971732.838140609208494, 1905707.089775447268039 ], [ 2971730.000116302631795, 1905719.775867788819596 ], [ 2971725.513054403942078, 1905748.322378301760182 ], [ 2971718.163931746035814, 1905772.676085446262732 ], [ 2971693.176033724099398, 1905835.093937796540558 ], [ 2971646.010960446670651, 1905927.580669904593378 ], [ 2971637.664454245939851, 1905941.150829909369349 ], [ 2971631.686154528521001, 1905952.371048426721245 ], [ 2971627.987211661413312, 1905960.521000122884288 ], [ 2971607.86977720586583, 1906006.65337203303352 ], [ 2971603.799879443831742, 1906023.592527690110728 ], [ 2971602.025831146165729, 1906030.976557694841176 ], [ 2971598.478685303591192, 1906044.38162429491058 ], [ 2971596.421684282831848, 1906057.746201227419078 ], [ 2971594.496141497045755, 1906070.255090775433928 ], [ 2971590.360346201807261, 1906096.568042411934584 ], [ 2971568.230863139033318, 1906160.318993291817605 ], [ 2971564.701587174087763, 1906173.128322781296447 ], [ 2971552.487784511875361, 1906232.712237170664594 ], [ 2971549.365787805523723, 1906251.49784297705628 ], [ 2971548.132540431339294, 1906262.879048814997077 ], [ 2971549.375146537553519, 1906284.324451030232012 ], [ 2971548.365728325210512, 1906290.787458582781255 ], [ 2971547.116238296963274, 1906298.787036614259705 ], [ 2971547.193067414686084, 1906310.188167531974614 ], [ 2971547.426611289381981, 1906319.132043102523312 ], [ 2971548.249115224462003, 1906350.655391632113606 ], [ 2971551.718294968828559, 1906424.098574984120205 ], [ 2971553.502447921782732, 1906460.731464051408693 ], [ 2971556.558815277181566, 1906539.248011831194162 ], [ 2971561.313967948313802, 1906612.827562511665747 ], [ 2971566.554075376596302, 1906645.128936979919672 ], [ 2971547.64601159049198, 1906651.496812599943951 ], [ 2971536.264710293151438, 1906656.110063441330567 ], [ 2971519.274630694650114, 1906664.217364092357457 ], [ 2971500.748731540050358, 1906675.610281054163352 ], [ 2971481.845531411003321, 1906690.323537396499887 ], [ 2971464.56923128478229, 1906704.956004887120798 ], [ 2971451.017372115049511, 1906717.022310593398288 ], [ 2971438.307724136859179, 1906727.939403092022985 ], [ 2971431.514930676203221, 1906734.329583467449993 ], [ 2971419.492134306579828, 1906746.710226694820449 ], [ 2971409.074739713221788, 1906756.816616368712857 ], [ 2971397.320635798387229, 1906766.740187855437398 ], [ 2971385.596494749188423, 1906776.264298275578767 ], [ 2971373.029966651462018, 1906785.51296355179511 ], [ 2971366.963104764930904, 1906790.339870486874133 ], [ 2971352.174411585554481, 1906803.064489296637475 ], [ 2971337.936602241359651, 1906815.741538490634412 ], [ 2971331.77364493208006, 1906821.706199936801568 ], [ 2971316.300703644752502, 1906838.015076025621966 ], [ 2971301.359634105116129, 1906854.571010337444022 ], [ 2971291.518908053636551, 1906866.338852075627074 ], [ 2971286.984237014316022, 1906871.118343092268333 ], [ 2971281.23751310352236, 1906877.175103919813409 ], [ 2971274.535683658905327, 1906884.238905504811555 ], [ 2971269.202138488180935, 1906890.023568434873596 ], [ 2971264.634081358090043, 1906888.432997246971354 ], [ 2971257.68565526092425, 1906886.013674651505426 ], [ 2971240.94480702560395, 1906881.554243552265689 ], [ 2971223.622541624121368, 1906880.090142061468214 ], [ 2971206.245091041084379, 1906881.665796775138006 ], [ 2971189.340450584422797, 1906886.233374832198024 ], [ 2971173.422252611257136, 1906893.654154715826735 ], [ 2971158.974174678325653, 1906903.702636633068323 ], [ 2971146.435209417250007, 1906916.073536342708394 ], [ 2971136.186575596686453, 1906930.390813817502931 ], [ 2971128.539392264559865, 1906946.219603107543662 ], [ 2971123.725926995743066, 1906963.078919264255092 ], [ 2971121.892895820550621, 1906980.456427898723632 ], [ 2971123.09541237866506, 1906997.824110926128924 ], [ 2971127.297306250780821, 1907014.654411043738946 ], [ 2971111.449907103553414, 1907033.326171579770744 ], [ 2971095.977236512117088, 1907049.635154951130971 ], [ 2971083.869654355570674, 1907062.943313108989969 ], [ 2971078.520467158406973, 1907069.321772198658437 ], [ 2971064.492383950389922, 1907087.600209682714194 ], [ 2971054.771489056292921, 1907101.18028515460901 ], [ 2971034.361849205568433, 1907127.612689797300845 ], [ 2971022.798414743039757, 1907140.738619289826602 ], [ 2971014.198774429038167, 1907151.966437244554982 ], [ 2971004.577359820716083, 1907166.493103395216167 ], [ 2970992.735819068737328, 1907183.15240028896369 ], [ 2970984.229945313185453, 1907195.994712131330743 ], [ 2970975.652421771548688, 1907207.037332070758566 ], [ 2970971.117184321861714, 1907213.3536995369941 ], [ 2970958.600689666345716, 1907232.357016365043819 ], [ 2970945.656641161534935, 1907253.623045535059646 ], [ 2970936.977349252905697, 1907269.354599353391677 ], [ 2970932.255633543245494, 1907279.09363953419961 ], [ 2970927.814493435434997, 1907289.637533949688077 ], [ 2970924.101307983510196, 1907295.748576584272087 ], [ 2970918.896901728585362, 1907303.019051666371524 ], [ 2970909.919317357242107, 1907312.461307005491108 ], [ 2970905.539724421687424, 1907317.371764433104545 ], [ 2970894.970489996485412, 1907330.011171764926985 ], [ 2970883.719812302384526, 1907342.383160978322849 ], [ 2970870.780693117994815, 1907356.852964291116223 ], [ 2970866.20823166705668, 1907362.336895505432039 ], [ 2970857.706657528411597, 1907373.28161310008727 ], [ 2970848.301929509267211, 1907383.619023046223447 ], [ 2970842.795663607306778, 1907390.201587767107412 ], [ 2970834.750243018381298, 1907400.675327962497249 ], [ 2970824.777064788620919, 1907410.373504039365798 ], [ 2970813.154013030230999, 1907422.053833232726902 ], [ 2970804.920856099110097, 1907433.484816333279014 ], [ 2970801.422466730698943, 1907438.341975994640961 ], [ 2970792.061289937235415, 1907443.378477520076558 ], [ 2970783.680060275830328, 1907453.217982650967315 ], [ 2970779.068535297177732, 1907458.631876087281853 ], [ 2970771.942149086389691, 1907466.035302668111399 ], [ 2970768.093318716157228, 1907469.813774522626773 ], [ 2970765.659013986121863, 1907477.507798020495102 ], [ 2970746.751413853373379, 1907489.583929769927636 ], [ 2970739.625554230064154, 1907496.805005492176861 ], [ 2970733.235877939965576, 1907503.950652386294678 ], [ 2970720.20934716751799, 1907513.882071589818224 ], [ 2970710.920622683130205, 1907521.879810351645574 ], [ 2970700.293344870675355, 1907532.190424643922597 ], [ 2970687.831822483800352, 1907542.207325760275126 ], [ 2970683.860520796384662, 1907545.567889278521761 ], [ 2970667.433131566271186, 1907560.252663757652044 ], [ 2970654.183124033734202, 1907572.753226190339774 ], [ 2970641.083410814404488, 1907587.752578123938292 ], [ 2970630.274490256793797, 1907602.853358372114599 ], [ 2970624.276069156825542, 1907612.273381469538435 ], [ 2970617.507527038455009, 1907624.295882051344961 ], [ 2970613.211058586835861, 1907630.298372699413449 ], [ 2970605.054888509213924, 1907639.41948048165068 ], [ 2970592.591055696830153, 1907652.528709962032735 ], [ 2970583.127124973572791, 1907662.274961731396616 ], [ 2970573.594936614390463, 1907670.463419551262632 ], [ 2970562.255076781380922, 1907680.038165786070749 ], [ 2970533.033041865099221, 1907700.546910827979445 ], [ 2970519.583431115373969, 1907710.446219639154151 ], [ 2970507.989476452581584, 1907718.515230125747621 ], [ 2970493.816486792638898, 1907727.889451200142503 ], [ 2970477.293932934291661, 1907738.951431451831013 ], [ 2970469.647378953173757, 1907744.598670301027596 ], [ 2970457.165862330235541, 1907754.738862448837608 ], [ 2970424.339324789121747, 1907779.046359412604943 ], [ 2970410.826125629246235, 1907790.02470368379727 ], [ 2970401.254117239266634, 1907797.45797851216048 ], [ 2970389.327805627137423, 1907805.346723217284307 ], [ 2970374.7906952528283, 1907815.079515931196511 ], [ 2970360.156663754954934, 1907823.921588308177888 ], [ 2970348.480759622063488, 1907832.133247540798038 ], [ 2970333.212959349155426, 1907844.545025197789073 ], [ 2970320.67473080009222, 1907856.916181100299582 ], [ 2970310.426558532752097, 1907871.233830850338563 ], [ 2970304.598243059590459, 1907882.609981684014201 ], [ 2970295.967457041144371, 1907896.296210959786549 ], [ 2970283.937356162816286, 1907899.84800892835483 ], [ 2970267.892700257711112, 1907903.597541408613324 ], [ 2970250.28075783746317, 1907907.766812443500385 ], [ 2970240.527852191589773, 1907910.598099095281214 ], [ 2970222.24007913377136, 1907916.91361363325268 ], [ 2970212.447207965422422, 1907921.216393626527861 ], [ 2970201.409838180057704, 1907917.947025337023661 ], [ 2970189.36218050820753, 1907915.188842820236459 ], [ 2970171.647910756058991, 1907912.288288009818643 ], [ 2970163.541579130571336, 1907911.302450032904744 ], [ 2970144.008765066973865, 1907909.740449584787712 ], [ 2970129.371474931947887, 1907909.649243427440524 ], [ 2970111.292453319765627, 1907910.86439498513937 ], [ 2970105.506393215153366, 1907911.422184575349092 ], [ 2970086.596020774915814, 1907913.798955395119265 ], [ 2970065.370637491345406, 1907918.841070945141837 ], [ 2970048.070108793210238, 1907924.979729112004861 ], [ 2970029.367765770293772, 1907933.839285566005856 ], [ 2970012.689599335193634, 1907943.916820997837931 ], [ 2970004.907186447642744, 1907949.116865710821003 ], [ 2969986.421280584763736, 1907962.766147954389453 ], [ 2969975.722454430535436, 1907971.074710955843329 ], [ 2969968.397847323212773, 1907975.978747744346038 ], [ 2969963.322549203410745, 1907978.400955561315641 ], [ 2969932.914787468500435, 1907988.905992829473689 ], [ 2969931.377394628711045, 1907989.437133709667251 ], [ 2969916.934795844368637, 1907994.561768931569532 ], [ 2969903.785531704314053, 1907998.362502028699964 ], [ 2969889.078199233859777, 1908001.844262303318828 ], [ 2969883.126309584826231, 1908003.190759032499045 ], [ 2969870.235024960711598, 1908006.106829806929454 ], [ 2969859.423659917898476, 1908008.044663915177807 ], [ 2969858.355042344890535, 1908008.175852463115007 ], [ 2969844.260125063359737, 1908009.905825063819066 ], [ 2969838.760803560260683, 1908010.735690044704825 ], [ 2969827.751055473927408, 1908012.709193632239476 ], [ 2969822.577927384525537, 1908012.818857479607686 ], [ 2969816.370171055663377, 1908012.950435276841745 ], [ 2969800.784925801679492, 1908014.504844086011872 ], [ 2969796.60716813756153, 1908016.225875766482204 ], [ 2969781.119778017979115, 1908022.605833813082427 ], [ 2969763.742906248196959, 1908024.182272478938103 ], [ 2969746.838918697088957, 1908028.750552051700652 ], [ 2969739.288915469311178, 1908032.270715666469187 ], [ 2969730.921443446539342, 1908036.172028157161549 ], [ 2969716.474219236988574, 1908046.221063693519682 ], [ 2969703.182219486683607, 1908048.497467384906486 ], [ 2969687.242314172443002, 1908057.658590698847547 ], [ 2969671.707119160331786, 1908068.544046861119568 ], [ 2969664.3571991561912, 1908074.204047586070374 ], [ 2969649.133481060154736, 1908087.058794311480597 ], [ 2969640.919535976834595, 1908094.802586821140721 ], [ 2969628.926627028733492, 1908107.417152381734923 ], [ 2969617.717119918204844, 1908117.993274167180061 ], [ 2969604.618042469024658, 1908132.993055517785251 ], [ 2969594.06644950248301, 1908147.735391284106299 ], [ 2969571.61817928403616, 1908176.811196315800771 ], [ 2969567.10177285829559, 1908183.140881676925346 ], [ 2969559.500855219550431, 1908194.690974141471088 ], [ 2969556.330791037995368, 1908198.772243605228141 ], [ 2969547.645203365944326, 1908206.74987259064801 ], [ 2969542.659508269280195, 1908211.650445044506341 ], [ 2969528.734067266341299, 1908226.297872005030513 ], [ 2969521.839024679269642, 1908234.33904077950865 ], [ 2969510.043500476516783, 1908249.617297217482701 ], [ 2969503.541247268673033, 1908259.086419254774228 ], [ 2969494.840030685067177, 1908273.408020666101947 ], [ 2969486.122013431973755, 1908286.65552814793773 ], [ 2969473.689065905287862, 1908305.535085154464468 ], [ 2969464.02042552176863, 1908321.258512593340129 ], [ 2969456.178510334342718, 1908333.174772185273468 ], [ 2969450.63288843119517, 1908340.923044229624793 ], [ 2969448.135364207439125, 1908343.716442475328222 ], [ 2969441.425087683834136, 1908351.221356670372188 ], [ 2969436.852828075177968, 1908356.70553481974639 ], [ 2969429.383668020367622, 1908366.32228808151558 ], [ 2969424.501106650568545, 1908371.351129865739495 ], [ 2969414.899501753970981, 1908379.172726922202855 ], [ 2969423.475207974668592, 1908416.31188526772894 ], [ 2969430.933910726569593, 1908436.020337997702882 ], [ 2969433.398503367323428, 1908442.448190594790503 ], [ 2969436.718560976907611, 1908452.919659794541076 ], [ 2969435.187220052815974, 1908464.152722212253138 ], [ 2969423.226503576152027, 1908477.683337620692328 ], [ 2969401.093140605837107, 1908499.065637700026855 ], [ 2969354.420502891764045, 1908543.601164308609441 ], [ 2969341.13059241976589, 1908552.770005092490464 ], [ 2969333.606187492609024, 1908565.234147321432829 ], [ 2969333.350247587542981, 1908565.683349721832201 ], [ 2969333.056766792200506, 1908566.274566494394094 ], [ 2969332.902733912225813, 1908566.629352849675342 ], [ 2969328.897324045188725, 1908576.351799298077822 ], [ 2969328.7968192063272, 1908576.605349040124565 ], [ 2969328.582134215626866, 1908577.228211129782721 ], [ 2969328.468592963181436, 1908577.624040632275864 ], [ 2969324.57599014788866, 1908592.307302715489641 ], [ 2969315.586587684229016, 1908615.733526733703911 ], [ 2969300.875331295654178, 1908646.897051054285839 ], [ 2969281.097684999462217, 1908691.374416419304907 ], [ 2969248.134048906154931, 1908746.178753609070554 ], [ 2969215.582384536974132, 1908803.588691068347543 ], [ 2969178.048659764230251, 1908859.212535202503204 ], [ 2969141.823211726732552, 1908901.875790840946138 ], [ 2969109.791267395019531, 1908937.089307102607563 ], [ 2969080.406224883161485, 1908967.809597831452265 ], [ 2969048.341742023825645, 1908994.321549962973222 ], [ 2969036.966269697062671, 1909003.05887596309185 ], [ 2969011.48432841245085, 1909013.78716983483173 ], [ 2968992.906419422477484, 1909047.126958036329597 ], [ 2968976.476305439136922, 1909074.855106425238773 ], [ 2968954.514387832954526, 1909101.565532162552699 ], [ 2968911.002320447936654, 1909157.591928337700665 ], [ 2968886.117576694581658, 1909195.543273476650938 ], [ 2968859.30931331962347, 1909229.820712971035391 ], [ 2968818.13307570386678, 1909292.126558115007356 ], [ 2968784.81489572301507, 1909325.337242579087615 ], [ 2968775.453799283131957, 1909339.060412961058319 ], [ 2968756.809498166665435, 1909363.195708894403651 ], [ 2968755.912561627104878, 1909364.259263273328543 ], [ 2968754.686272514052689, 1909379.189165355404839 ], [ 2968742.141090870369226, 1909397.51363531104289 ], [ 2968722.173144497442991, 1909419.847966092638671 ], [ 2968702.172307831700891, 1909433.480872427579015 ], [ 2968683.306424263864756, 1909441.551820708904415 ], [ 2968667.908809579908848, 1909463.067025060066953 ], [ 2968651.102351136505604, 1909484.164873061003163 ], [ 2968644.089330614544451, 1909503.506936357822269 ], [ 2968630.720467079430819, 1909516.620652469107881 ], [ 2968610.307811692357063, 1909527.648165163584054 ], [ 2968578.831846221350133, 1909530.491113791940734 ], [ 2968574.959859487600625, 1909531.538506948854774 ], [ 2968528.488566018640995, 1909553.70422687404789 ], [ 2968456.013791880104691, 1909592.15080237807706 ], [ 2968388.28236022265628, 1909622.379353120923042 ], [ 2968321.271877447143197, 1909657.167557433014736 ], [ 2968283.643490358255804, 1909673.961267077829689 ], [ 2968247.355886026285589, 1909686.495813343906775 ], [ 2968217.117210830096155, 1909690.577973368577659 ], [ 2968161.657067941036075, 1909696.503090688958764 ], [ 2968125.062570325098932, 1909694.356932867551222 ], [ 2968065.481366276741028, 1909686.955290988320485 ], [ 2967997.859516915399581, 1909679.655739028006792 ], [ 2967906.869989407248795, 1909685.923577466513962 ], [ 2967877.146448349114507, 1909693.262722083600238 ], [ 2967847.492871632799506, 1909692.551707074278966 ], [ 2967831.808424836955965, 1909689.039252808084711 ], [ 2967811.754896249156445, 1909689.908286239719018 ], [ 2967778.901838692836463, 1909685.930924247018993 ], [ 2967744.959673194214702, 1909689.502996012801304 ], [ 2967724.378472885116935, 1909682.476643312722445 ], [ 2967708.470397911965847, 1909675.282014129217714 ], [ 2967698.592093771789223, 1909665.015766577562317 ], [ 2967678.633600899484009, 1909656.711737430188805 ], [ 2967670.961712031625211, 1909649.63163372175768 ], [ 2967670.499516185838729, 1909649.231283908942714 ], [ 2967669.983662089332938, 1909648.840150565141812 ], [ 2967669.442617998458445, 1909648.484216732904315 ], [ 2967668.878653778228909, 1909648.164999408880249 ], [ 2967668.294304265640676, 1909647.883765523554757 ], [ 2967667.692021165508777, 1909647.641898206202313 ], [ 2967667.074391311965883, 1909647.440351270837709 ], [ 2967666.443970408290625, 1909647.27988162310794 ], [ 2967665.803625835571438, 1909647.161291524302214 ], [ 2967665.15596529468894, 1909647.085024757543579 ], [ 2967664.50380945764482, 1909647.05158815975301 ], [ 2967664.039474945515394, 1909647.053736937465146 ], [ 2967662.785998146049678, 1909647.088833952089772 ], [ 2967662.696013941429555, 1909647.091703693382442 ], [ 2967644.193389567080885, 1909647.776702322298661 ], [ 2967590.853029308840632, 1909644.831879923585802 ], [ 2967562.539206243120134, 1909643.031154363881797 ], [ 2967562.092231401242316, 1909643.012774362461641 ], [ 2967561.438407135661691, 1909643.022067909594625 ], [ 2967560.785573279485106, 1909643.074220629641786 ], [ 2967469.565892188344151, 1909625.018096693558618 ], [ 2967425.139270248357207, 1909611.550821826094761 ], [ 2967362.57199674891308, 1909585.261063706595451 ], [ 2967318.627272927667946, 1909566.349165855208412 ], [ 2967269.803554031997919, 1909546.302561162039638 ], [ 2967259.217581881210208, 1909564.276253085583448 ], [ 2967239.485050321556628, 1909585.665479965275154 ], [ 2967223.101441264152527, 1909582.139614138519391 ], [ 2967201.350529909133911, 1909584.700452366378158 ], [ 2967183.346047447994351, 1909581.231043212348595 ], [ 2967137.92231933074072, 1909558.847961902385578 ], [ 2967090.781635303515941, 1909556.30231785774231 ], [ 2967043.570748609956354, 1909550.702772938413545 ], [ 2967031.168067351449281, 1909540.200483380351216 ], [ 2967017.632666173391044, 1909522.533630083315074 ], [ 2966974.374031701125205, 1909512.206285988911986 ], [ 2966942.948100299574435, 1909500.377362524392083 ], [ 2966939.07535273488611, 1909498.919517800211906 ], [ 2966909.313120041973889, 1909487.635588180506602 ], [ 2966884.922769101336598, 1909475.838951899437234 ], [ 2966884.610574108548462, 1909475.694640090921894 ], [ 2966884.008295729756355, 1909475.452783956890926 ], [ 2966883.390655306167901, 1909475.251150057651103 ], [ 2966882.760239657945931, 1909475.090692188823596 ], [ 2966882.304355056025088, 1909475.001818605931476 ], [ 2966866.403509931638837, 1909472.288642397150397 ], [ 2966847.225347771774977, 1909469.021057188976556 ], [ 2966847.222231016494334, 1909469.020603497745469 ], [ 2966841.731394570320845, 1909468.086862590862438 ], [ 2966841.552467198576778, 1909468.058091073995456 ], [ 2966840.904812656808645, 1909467.98183710151352 ], [ 2966840.517275302670896, 1909467.956755648134276 ], [ 2966823.516321712639183, 1909467.189189804950729 ], [ 2966823.251709486357868, 1909467.180847693001851 ], [ 2966822.597890840377659, 1909467.190152858849615 ], [ 2966822.56847813911736, 1909467.191579547477886 ], [ 2966799.241907977499068, 1909468.357183640822768 ], [ 2966773.574749846942723, 1909461.198079361580312 ], [ 2966773.041804078035057, 1909461.065408135065809 ], [ 2966772.401465792674571, 1909460.946831720648333 ], [ 2966771.753811785019934, 1909460.870578822679818 ], [ 2966771.387240455951542, 1909460.846497510559857 ], [ 2966750.489904300309718, 1909459.858861023327336 ], [ 2966731.25443063583225, 1909450.041080266237259 ], [ 2966715.398733276873827, 1909440.144975315080956 ], [ 2966705.546215084847063, 1909442.53040622244589 ], [ 2966673.763379892800003, 1909436.843616740778089 ], [ 2966566.663471111096442, 1909421.890904725296423 ], [ 2966495.436590084806085, 1909404.523553054779768 ], [ 2966467.503076557070017, 1909393.457902314141393 ], [ 2966410.431454917881638, 1909384.938798595685512 ], [ 2966361.643142412416637, 1909360.868244759971276 ], [ 2966302.478728585876524, 1909330.620913910679519 ], [ 2966257.537747757509351, 1909313.898142373422161 ], [ 2966206.20405794493854, 1909307.699425390223041 ], [ 2966182.187880387995392, 1909295.93130403989926 ], [ 2966165.323736880905926, 1909285.354130340041593 ], [ 2966158.382669137790799, 1909284.46135160070844 ], [ 2966140.244757326319814, 1909281.849752018461004 ], [ 2966100.789224005304277, 1909260.109926019096747 ], [ 2966100.602330352645367, 1909260.009575966512784 ], [ 2966100.409831264987588, 1909259.911648949142545 ], [ 2966069.586094014812261, 1909244.65591475716792 ], [ 2966068.875035678967834, 1909244.303154257824644 ], [ 2966068.648663898929954, 1909244.194492888404056 ], [ 2966041.081652908585966, 1909231.392976342234761 ], [ 2966022.183235221076757, 1909221.361373110907152 ], [ 2966022.129869638010859, 1909221.333274577511474 ], [ 2966021.545529460534453, 1909221.052063466049731 ], [ 2966020.943256260361522, 1909220.810219669016078 ], [ 2966020.325621262658387, 1909220.608598442748189 ], [ 2966019.695211264304817, 1909220.448153522564098 ], [ 2966019.411388932261616, 1909220.390200441004708 ], [ 2966001.393176942132413, 1909216.986482307314873 ], [ 2966001.036650538444519, 1909216.925772142596543 ], [ 2966000.550636736676097, 1909216.864590602228418 ], [ 2965970.886026858352125, 1909213.871392069384456 ], [ 2965944.668696424923837, 1909199.211406888905913 ], [ 2965924.089810620993376, 1909179.459140053251758 ], [ 2965889.386951483786106, 1909172.287250729743391 ], [ 2965864.888963575474918, 1909165.964282116154209 ], [ 2965851.76557956635952, 1909150.903041950659826 ], [ 2965838.055373890325427, 1909153.362088738940656 ], [ 2965826.233924950473011, 1909163.520136818289757 ], [ 2965816.510871729813516, 1909157.226398176280782 ], [ 2965783.939456842839718, 1909142.304503009654582 ], [ 2965739.305702649988234, 1909140.263036318821833 ], [ 2965711.142822935245931, 1909150.956268389709294 ], [ 2965693.296274683903903, 1909146.506031584693119 ], [ 2965661.892802459187806, 1909134.723828702000901 ], [ 2965634.575537132564932, 1909140.293323879130185 ], [ 2965612.275122060906142, 1909143.623583139851689 ], [ 2965561.6277981470339, 1909146.010035247774795 ], [ 2965512.286125986836851, 1909148.162365579977632 ], [ 2965497.237259304150939, 1909142.154128292342648 ], [ 2965483.08029218018055, 1909146.033157607307658 ], [ 2965464.147313246503472, 1909149.429149913834408 ], [ 2965423.8078852891922, 1909153.315954555291682 ], [ 2965405.873497863300145, 1909141.797024491243064 ], [ 2965373.263588782399893, 1909156.354045809945092 ], [ 2965342.785131775774062, 1909163.160754629410803 ], [ 2965322.47025319840759, 1909167.527314039878547 ], [ 2965267.466749689541757, 1909162.798941889079288 ], [ 2965224.165528075769544, 1909157.907288714312017 ], [ 2965197.955044294707477, 1909152.617782405810431 ], [ 2965180.944122184999287, 1909143.747007579542696 ], [ 2965178.033024416305125, 1909131.76083560124971 ], [ 2965184.219573888927698, 1909119.934103842824697 ], [ 2965195.730137053877115, 1909120.548499723896384 ], [ 2965206.51976919779554, 1909116.60372397955507 ], [ 2965225.075774880126119, 1909106.577055044472218 ], [ 2965242.978788012638688, 1909096.667528654215857 ], [ 2965266.928578394465148, 1909091.031823531957343 ], [ 2965288.748937570489943, 1909080.419651912758127 ], [ 2965264.663010002113879, 1909076.702273421222344 ], [ 2965204.152916566468775, 1909088.896212909836322 ], [ 2965166.871958035975695, 1909090.894959310302511 ], [ 2965157.871801742352545, 1909076.433931410778314 ], [ 2965134.712750693783164, 1909078.578783643664792 ], [ 2965117.738481228239834, 1909081.623702410841361 ], [ 2965113.080888580530882, 1909081.4601112192031 ], [ 2965112.962545809336007, 1909081.284888508962467 ], [ 2965112.568208039738238, 1909080.771233549341559 ], [ 2965112.140584176406264, 1909080.285219774348661 ], [ 2965111.681627070531249, 1909079.828927197959274 ], [ 2965111.193061041645706, 1909079.404274313012138 ], [ 2965110.677218177821487, 1909079.01317185186781 ], [ 2965110.136186458170414, 1909078.65727054188028 ], [ 2965109.57222012616694, 1909078.337988756829873 ], [ 2965108.987900665029883, 1909078.056888705119491 ], [ 2965108.385617444291711, 1909077.814959466224536 ], [ 2965107.767988370731473, 1909077.613351661711931 ], [ 2965107.137698916718364, 1909077.453001263784245 ], [ 2965106.497372276615351, 1909077.334450355730951 ], [ 2965105.996398098766804, 1909077.271710712928325 ], [ 2965083.746229785960168, 1909075.061055488185957 ], [ 2965083.599562074057758, 1909075.047568176174536 ], [ 2965082.947410065215081, 1909075.014073587954044 ], [ 2965082.293604820501059, 1909075.023406166350469 ], [ 2965081.781249686609954, 1909075.060731284320354 ], [ 2965061.751397770829499, 1909077.03579945419915 ], [ 2965061.610938523896039, 1909077.050666197668761 ], [ 2965060.962107271421701, 1909077.145383316092193 ], [ 2965060.319939467590302, 1909077.282245876733214 ], [ 2965059.687100019305944, 1909077.460775850340724 ], [ 2965059.442889211699367, 1909077.541644839569926 ], [ 2965038.137987366411835, 1909084.900156221119687 ], [ 2965038.132979505695403, 1909084.901864639716223 ], [ 2965027.361264777835459, 1909088.628594623878598 ], [ 2964995.976390109397471, 1909095.495499445125461 ], [ 2964920.443545431829989, 1909102.973978439578786 ], [ 2964920.307081220671535, 1909102.988432893762365 ], [ 2964919.658251529559493, 1909103.083152358420193 ], [ 2964919.594621172174811, 1909103.094769169576466 ], [ 2964883.751752197742462, 1909109.762100650696084 ], [ 2964868.57933889515698, 1909112.500723258126527 ], [ 2964867.947832885198295, 1909112.635676834732294 ], [ 2964867.314980141818523, 1909112.814111508661881 ], [ 2964866.694370117038488, 1909113.033387017669156 ], [ 2964866.08849115902558, 1909113.292550647631288 ], [ 2964865.500013454817235, 1909113.59051583125256 ], [ 2964864.931461782660335, 1909113.925918295281008 ], [ 2964864.385163517203182, 1909114.297429155325517 ], [ 2964863.863581161014736, 1909114.703290265286341 ], [ 2964863.368912249803543, 1909115.141993494471535 ], [ 2964862.931924064643681, 1909115.580881037982181 ], [ 2964858.542342568747699, 1909120.261790436459705 ], [ 2964851.096105044707656, 1909128.091469620354474 ], [ 2964833.352849298156798, 1909133.778112245257944 ], [ 2964792.482368553988636, 1909141.801900032209232 ], [ 2964792.184491264633834, 1909141.864955693017691 ], [ 2964733.335638532415032, 1909155.271141448291019 ], [ 2964697.191527433693409, 1909162.524647402809933 ], [ 2964696.753049039281905, 1909162.622850276064128 ], [ 2964696.120214054826647, 1909162.801386305363849 ], [ 2964695.499606283381581, 1909163.020664667245001 ], [ 2964694.893729638308287, 1909163.279831117484719 ], [ 2964694.305238724220544, 1909163.57770061166957 ], [ 2964694.002997976727784, 1909163.749891956569627 ], [ 2964683.053478065878153, 1909170.234849471133202 ], [ 2964682.787169625982642, 1909170.398063395870849 ], [ 2964682.240873975679278, 1909170.769577090395615 ], [ 2964681.719294250942767, 1909171.175440941937268 ], [ 2964681.224726682063192, 1909171.614129117224365 ], [ 2964680.759093550499529, 1909172.083676564740017 ], [ 2964680.324400270823389, 1909172.582002053502947 ], [ 2964679.922652254812419, 1909173.107024333206937 ], [ 2964679.555527680553496, 1909173.656518355710432 ], [ 2964679.224590455647558, 1909174.228178294142708 ], [ 2964679.068277354352176, 1909174.531150243943557 ], [ 2964663.890725722536445, 1909190.877784000243992 ], [ 2964652.440602138638496, 1909191.098467016825452 ], [ 2964652.163231388665736, 1909191.107618452981114 ], [ 2964651.510421765968204, 1909191.15981743671 ], [ 2964650.861595334485173, 1909191.254541458329186 ], [ 2964650.327073105145246, 1909191.365417635533959 ], [ 2964625.484478796832263, 1909197.222472795750946 ], [ 2964625.376838290132582, 1909197.248466155957431 ], [ 2964624.744004342705011, 1909197.427003426710144 ], [ 2964624.12339764367789, 1909197.64628301304765 ], [ 2964623.517522103153169, 1909197.905450690537691 ], [ 2964622.929032321088016, 1909198.203321385430172 ], [ 2964622.360484197735786, 1909198.538727746577933 ], [ 2964621.814189526252449, 1909198.910242416430265 ], [ 2964621.743805910926312, 1909198.961956525454298 ], [ 2964619.532450285740197, 1909200.60086004040204 ], [ 2964613.119771409779787, 1909205.343074208125472 ], [ 2964612.839107794687152, 1909205.56314133410342 ], [ 2964608.051645961590111, 1909197.304098024964333 ], [ 2964623.156524603720754, 1909173.566176775377244 ], [ 2964623.499854532070458, 1909154.690005590440705 ], [ 2964621.457840881776065, 1909141.775503723649308 ], [ 2964618.735177767463028, 1909124.556065260432661 ], [ 2964624.982540286146104, 1909107.940993644064292 ], [ 2964622.770367451943457, 1909093.950212181080133 ], [ 2964589.330323679372668, 1909099.949424761347473 ], [ 2964605.280188930220902, 1909123.649767349008471 ], [ 2964607.604690754786134, 1909145.367473250953481 ], [ 2964599.995968273840845, 1909153.372890772297978 ], [ 2964585.571744543500245, 1909181.41575691010803 ], [ 2964559.454764598049223, 1909191.63495600479655 ], [ 2964530.897795553319156, 1909193.437806946458295 ], [ 2964494.106176460627466, 1909213.319325892487541 ], [ 2964452.09125726763159, 1909235.244753818958998 ], [ 2964404.79532956564799, 1909265.86473897495307 ], [ 2964404.339624620042741, 1909277.014021358219907 ], [ 2964392.926737061701715, 1909289.02220810810104 ], [ 2964359.42908804025501, 1909301.672385233687237 ], [ 2964322.978081564418972, 1909323.706446376862004 ], [ 2964281.248911028727889, 1909333.406708046561107 ], [ 2964232.764843022916466, 1909335.464866011403501 ], [ 2964184.223137887194753, 1909344.173916411586106 ], [ 2964087.139850686304271, 1909361.592198977479711 ], [ 2964025.59341294458136, 1909387.69736927957274 ], [ 2964024.978619955480099, 1909387.66579877003096 ], [ 2964024.32484165020287, 1909387.675247394945472 ], [ 2964023.993433611467481, 1909387.696326491655782 ], [ 2963995.767652347683907, 1909389.965155449463055 ], [ 2963995.446356797590852, 1909389.996268410468474 ], [ 2963994.797538203187287, 1909390.091003500157967 ], [ 2963994.15539915394038, 1909390.227982521988451 ], [ 2963993.955579780973494, 1909390.279528394341469 ], [ 2963963.500017301179469, 1909398.474617995554581 ], [ 2963923.008972240611911, 1909408.120572437066585 ], [ 2963861.85998182464391, 1909419.3990346447099 ], [ 2963814.806659395806491, 1909425.916433873819187 ], [ 2963769.632586872670799, 1909425.614192276261747 ], [ 2963720.321779997088015, 1909425.161065620137379 ], [ 2963719.760263936128467, 1909425.171788619132712 ], [ 2963719.752098140772432, 1909425.172139813192189 ], [ 2963644.623105538543314, 1909428.771875181933865 ], [ 2963587.907177221961319, 1909430.375959994271398 ], [ 2963535.905862894840539, 1909430.578880770364776 ], [ 2963535.858806045725942, 1909430.579121518181637 ], [ 2963493.757213836535811, 1909430.942023139912635 ], [ 2963493.373226096853614, 1909430.952794719021767 ], [ 2963493.200674607418478, 1909430.962388137821108 ], [ 2963463.112898423336446, 1909432.900722009362653 ], [ 2963423.726207934785634, 1909435.134823349071667 ], [ 2963407.135119608137757, 1909430.053007780807093 ], [ 2963374.459883907809854, 1909427.208561523584649 ], [ 2963328.249592090025544, 1909406.698237048462033 ], [ 2963257.850982654839754, 1909381.820698308525607 ], [ 2963203.977806158363819, 1909368.043996449559927 ], [ 2963167.933243575505912, 1909362.044245955534279 ], [ 2963167.302854595705867, 1909361.883844299940392 ], [ 2963166.662543915677816, 1909361.765323655446991 ], [ 2963166.376973216421902, 1909361.726439563324675 ], [ 2963103.592414980754256, 1909354.101230838568881 ], [ 2963103.230361133813858, 1909354.06391934142448 ], [ 2963103.131688284687698, 1909354.056106191361323 ], [ 2963035.266949177719653, 1909349.014658194966614 ], [ 2962986.832535744644701, 1909340.69749256875366 ], [ 2962932.099083088804036, 1909338.46252588252537 ], [ 2962877.639809836633503, 1909342.206716225249693 ], [ 2962825.791826807893813, 1909345.482611015206203 ], [ 2962739.61963302642107, 1909348.219974944600835 ], [ 2962651.075514178723097, 1909360.915826926939189 ], [ 2962646.426105054095387, 1909361.582464162493125 ], [ 2962638.773273817263544, 1909362.804772271774709 ], [ 2962638.582592912018299, 1909362.837065780069679 ], [ 2962637.940451623406261, 1909362.973968169651926 ], [ 2962637.307639454025775, 1909363.152537723770365 ], [ 2962636.687055009417236, 1909363.371849231654778 ], [ 2962636.081202110275626, 1909363.631048340117559 ], [ 2962635.635217502247542, 1909363.852445381460711 ], [ 2962619.55439898185432, 1909372.329164136433974 ], [ 2962619.41191679937765, 1909372.405668647028506 ], [ 2962619.121657801326364, 1909372.570766909979284 ], [ 2962599.681083581410348, 1909384.050680378451943 ], [ 2962572.635145683772862, 1909399.29051075456664 ], [ 2962572.176434124819934, 1909399.564926248742267 ], [ 2962571.661203206982464, 1909399.913888555951416 ], [ 2962543.623341139871627, 1909420.169771560933441 ], [ 2962543.592286146711558, 1909420.192255654139444 ], [ 2962543.070747834630311, 1909420.598248518770561 ], [ 2962542.576107321307063, 1909421.036983745638281 ], [ 2962542.531461266800761, 1909421.079425587318838 ], [ 2962509.211648192256689, 1909452.972913968143985 ], [ 2962499.307610959745944, 1909462.073190497700125 ], [ 2962483.804332760162652, 1909471.157528606709093 ], [ 2962460.438912106212229, 1909484.728287801146507 ], [ 2962435.837446296587586, 1909490.482984421309084 ], [ 2962401.890395918861032, 1909496.575292640598491 ], [ 2962361.312137061264366, 1909503.187787924194708 ], [ 2962316.644313924945891, 1909517.902375552570447 ], [ 2962273.557852055877447, 1909525.635063242167234 ], [ 2962246.036204876378179, 1909529.904553363565356 ], [ 2962210.061180520802736, 1909544.398799521382898 ], [ 2962175.287403120659292, 1909570.734424363821745 ], [ 2962141.082545313052833, 1909588.841676692245528 ], [ 2962117.184742203913629, 1909593.888862716266885 ], [ 2962018.092190915718675, 1909621.051019893260673 ], [ 2961938.414493607822806, 1909626.643721827538684 ], [ 2961838.29214381147176, 1909647.292829201789573 ], [ 2961724.83539467304945, 1909702.487379048019648 ], [ 2961675.66524556837976, 1909735.426426763646305 ], [ 2961635.289670483674854, 1909781.523265800438821 ], [ 2961617.076360013801605, 1909814.934567064978182 ], [ 2961582.917420024052262, 1909883.359549877000973 ], [ 2961551.233442758210003, 1909941.96301423991099 ], [ 2961529.525466093793511, 1909976.428504240931943 ], [ 2961489.033034374937415, 1910010.53218174399808 ], [ 2961449.871702836826444, 1910039.935038492083549 ], [ 2961449.818737386260182, 1910039.976848849561065 ], [ 2961449.471293142996728, 1910040.251362134469673 ], [ 2961449.338359266519547, 1910040.363829497713596 ], [ 2961447.724771408829838, 1910041.751876400317997 ], [ 2961405.597704535815865, 1910077.990907754283398 ], [ 2961405.322366935200989, 1910077.716985555598512 ], [ 2961386.229609379544854, 1910094.743708681780845 ], [ 2961349.372612858191133, 1910126.905275854980573 ], [ 2961312.662252937909216, 1910150.044414565432817 ], [ 2961303.021975132636726, 1910152.972832913743332 ], [ 2961293.49399414146319, 1910155.906009238213301 ], [ 2961279.382597705814987, 1910160.438380135688931 ], [ 2961228.629820553585887, 1910172.054852924542502 ], [ 2961204.277315475977957, 1910176.809259206987917 ], [ 2961203.682870181277394, 1910176.927401500754058 ], [ 2961188.52978134341538, 1910174.143885653000325 ], [ 2961090.32147095259279, 1910149.451841244474053 ], [ 2961049.119097841903567, 1910146.932091541588306 ], [ 2961008.809944868087769, 1910151.131870252778754 ], [ 2960959.565557634457946, 1910159.476845188997686 ], [ 2960915.339142652694136, 1910176.354906279360875 ], [ 2960861.782600395381451, 1910211.352131839608774 ], [ 2960829.193151723593473, 1910237.142401862889528 ], [ 2960817.670455978251994, 1910245.792783027980477 ], [ 2960807.793558491393924, 1910250.211924948263913 ], [ 2960797.509358747862279, 1910251.931208583759144 ], [ 2960787.482582682743669, 1910253.482564141042531 ], [ 2960776.082678077742457, 1910256.592616092413664 ], [ 2960731.82969482941553, 1910281.237978438381106 ], [ 2960698.373641227837652, 1910303.269818854983896 ], [ 2960683.028660101816058, 1910314.051662501879036 ], [ 2960660.929215211421251, 1910320.484860516618937 ], [ 2960619.185126351192594, 1910322.50692976731807 ], [ 2960552.841218109242618, 1910322.298092463286594 ], [ 2960530.872023852542043, 1910321.103690528078005 ], [ 2960526.031642975285649, 1910323.593373343115672 ], [ 2960426.223545686341822, 1910320.746325925691053 ], [ 2960302.914791992865503, 1910322.118672395357862 ], [ 2960258.044052151031792, 1910322.806030284846202 ], [ 2960242.755260963924229, 1910319.522394074592739 ], [ 2960238.544753098394722, 1910315.893833150621504 ], [ 2960230.810948533937335, 1910316.662668761564419 ], [ 2960220.089475050568581, 1910314.55659242789261 ], [ 2960201.687658399343491, 1910325.921959490282461 ], [ 2960180.21513160225004, 1910325.170251741539687 ], [ 2960146.573365891817957, 1910327.755031604785472 ], [ 2960119.074956558644772, 1910332.691972065484151 ], [ 2960092.846385119482875, 1910342.007585485465825 ], [ 2960049.042950252071023, 1910364.267928117653355 ], [ 2960027.362640961073339, 1910376.797881020233035 ], [ 2959992.923113087192178, 1910385.284462189301848 ], [ 2959956.651916956529021, 1910400.434254185296595 ], [ 2959937.275964496657252, 1910405.640531776705757 ], [ 2959921.82839450519532, 1910410.141453596297652 ], [ 2959874.727610637433827, 1910423.10875946842134 ], [ 2959839.676842628978193, 1910444.757621050113812 ], [ 2959824.828849961049855, 1910462.779237834038213 ], [ 2959803.118578515015543, 1910479.621724999509752 ], [ 2959901.931123840622604, 1910479.621724999509752 ], [ 2959903.643180782906711, 1910478.519719610922039 ], [ 2959936.423900871071965, 1910458.804546258179471 ], [ 2959981.120312905870378, 1910442.852629624074325 ], [ 2959992.961605586577207, 1910439.098503939341754 ], [ 2960022.597836734727025, 1910429.673106644302607 ], [ 2960090.780906433239579, 1910406.274223639862612 ], [ 2960137.079235749319196, 1910384.528460843022913 ], [ 2960164.852166795171797, 1910372.388260177569464 ], [ 2960221.106252853758633, 1910365.706600873265415 ], [ 2960281.079774976707995, 1910358.071743819629773 ], [ 2960355.155201982241124, 1910348.794858817942441 ], [ 2960429.521388530731201, 1910345.673468807246536 ], [ 2960472.171972046606243, 1910341.820185397518799 ], [ 2960518.396887784823775, 1910343.02306906064041 ], [ 2960543.373359171673656, 1910346.159454949898645 ], [ 2960551.627699582837522, 1910347.024138926994056 ], [ 2960556.451833088882267, 1910347.556938843103126 ], [ 2960643.906360476277769, 1910354.910034548258409 ], [ 2960674.267107688356191, 1910352.846429438097402 ], [ 2960722.057284566108137, 1910329.188801104668528 ], [ 2960768.862062051892281, 1910305.628438270650804 ], [ 2960782.990468603093177, 1910296.611456041457132 ], [ 2960851.338671575766057, 1910247.755399884423241 ], [ 2960869.615801259409636, 1910239.341705223079771 ], [ 2960874.688492804765701, 1910240.093222716124728 ], [ 2960877.69431369099766, 1910243.752875006059185 ], [ 2960880.741117067169398, 1910251.78139170515351 ], [ 2960881.516455351375043, 1910255.740460940869525 ], [ 2960912.491501165553927, 1910254.217535870615393 ], [ 2961016.115233314223588, 1910242.984205348417163 ], [ 2961170.38929998036474, 1910230.18778091808781 ], [ 2961185.955587060190737, 1910228.08829761389643 ], [ 2961264.477874995674938, 1910224.070946235908195 ], [ 2961245.039175625424832, 1910264.18576820101589 ], [ 2961238.232365871313959, 1910290.117999177193269 ], [ 2961211.605031938292086, 1910391.56241770950146 ], [ 2961188.491313446778804, 1910479.621724999509752 ], [ 2961308.321299262344837, 1910479.621724999509752 ], [ 2961313.18750159535557, 1910461.610220758011565 ], [ 2961322.881022211164236, 1910408.293175518745556 ], [ 2961334.87574346549809, 1910365.280424117809162 ], [ 2961368.725755624473095, 1910282.173748694593087 ], [ 2961420.957674270961434, 1910196.437636389862746 ], [ 2961471.662918050773442, 1910148.74253273033537 ], [ 2961484.937189630232751, 1910134.942764240084216 ], [ 2961527.590209272690117, 1910104.706315904157236 ], [ 2961527.696653691586107, 1910104.629793062806129 ], [ 2961527.776122209616005, 1910104.571377800777555 ], [ 2961591.837648143060505, 1910056.977106348378584 ], [ 2961609.941853785421699, 1910037.258271207567304 ], [ 2961635.78152331057936, 1910013.865111297694966 ], [ 2961697.012225206941366, 1909968.043792400509119 ], [ 2961769.890709358267486, 1909919.462342195212841 ], [ 2961856.271265342831612, 1909879.844712736085057 ], [ 2961927.979720962233841, 1909853.577774824341759 ], [ 2961988.967564038932323, 1909835.933526088483632 ], [ 2962048.854396561160684, 1909832.553349612047896 ], [ 2962140.72816064953804, 1909836.159015299053863 ], [ 2962176.886611521244049, 1909840.375192157458514 ], [ 2962228.959467283450067, 1909846.447018667124212 ], [ 2962286.509464038535953, 1909849.515027472283691 ], [ 2962308.944968266412616, 1909855.535954488674179 ], [ 2962324.956458804197609, 1909850.652806371916085 ], [ 2962338.625255113467574, 1909840.762370788026601 ], [ 2962353.27006985899061, 1909830.165447566891089 ], [ 2962376.565753795672208, 1909824.644975839415565 ], [ 2962400.469738111365587, 1909831.363026608945802 ], [ 2962457.30437337141484, 1909859.722159131895751 ], [ 2962480.391284670680761, 1909878.352894152281806 ], [ 2962509.352235995233059, 1909908.656122551532462 ], [ 2962516.485732010565698, 1909930.154884902993217 ], [ 2962510.462919595185667, 1909960.325483680237085 ], [ 2962500.684729918837547, 1909993.939830922521651 ], [ 2962481.613608243409544, 1910013.438252952415496 ], [ 2962487.522521756123751, 1910021.085563300177455 ], [ 2962522.120812747627497, 1910027.603090835735202 ], [ 2962547.444969817064703, 1910032.25787112605758 ], [ 2962574.659325924701989, 1910045.52795314299874 ], [ 2962575.000065095722675, 1910045.685944070341066 ], [ 2962575.348270006477833, 1910045.831456043291837 ], [ 2962592.983478707261384, 1910052.802486848318949 ], [ 2962593.237540935631841, 1910052.898868288611993 ], [ 2962593.855151704046875, 1910053.100438941270113 ], [ 2962594.485534915700555, 1910053.260831639869139 ], [ 2962594.523582874797285, 1910053.269092302070931 ], [ 2962607.081916476599872, 1910055.973094392335042 ], [ 2962607.684172615874559, 1910056.083345196209848 ], [ 2962608.331691299565136, 1910056.159549529664218 ], [ 2962608.636448904871941, 1910056.180504774907604 ], [ 2962627.112333013676107, 1910057.167095011333004 ], [ 2962627.459685652982444, 1910057.17949519562535 ], [ 2962628.113462994806468, 1910057.170121423201635 ], [ 2962628.241889860481024, 1910057.163277231389657 ], [ 2962651.332894448190928, 1910055.777586364652961 ], [ 2962651.85726819653064, 1910055.732295903610066 ], [ 2962652.506068802438676, 1910055.637537594884634 ], [ 2962653.148204578086734, 1910055.500633748248219 ], [ 2962653.422248024959117, 1910055.428772448329255 ], [ 2962657.374171712435782, 1910054.33295791526325 ], [ 2962695.251097047235817, 1910043.842616122914478 ], [ 2962695.286279805470258, 1910043.832758237607777 ], [ 2962764.425382941495627, 1910024.415619654813781 ], [ 2962803.787663412280381, 1910013.595969479065388 ], [ 2962804.16832232940942, 1910013.483306690119207 ], [ 2962804.788902286905795, 1910013.263995903776959 ], [ 2962805.276457098312676, 1910013.059037333354354 ], [ 2962855.328551786020398, 1909990.479620684403926 ], [ 2962855.446845160331577, 1909990.425380863947794 ], [ 2962856.035291998647153, 1909990.12738210032694 ], [ 2962856.509900883305818, 1909989.850823858520016 ], [ 2962884.677285469137132, 1909972.410749031929299 ], [ 2962884.771196912974119, 1909972.35187196964398 ], [ 2962885.078366111032665, 1909972.149309646338224 ], [ 2962925.258995582349598, 1909944.605351072270423 ], [ 2962925.498093629721552, 1909944.436371150193736 ], [ 2962926.019629546441138, 1909944.030381477437913 ], [ 2962926.227629641070962, 1909943.852804804453626 ], [ 2962954.355966811999679, 1909919.182898796861991 ], [ 2962954.642620541155338, 1909918.921841895906255 ], [ 2962955.034559758845717, 1909918.530703135766089 ], [ 2962974.965717271901667, 1909897.543485893402249 ], [ 2962979.642338084988296, 1909893.570855340221897 ], [ 2962991.116485270671546, 1909883.847862833878025 ], [ 2963012.638395794667304, 1909866.793626925908029 ], [ 2963029.666378252208233, 1909857.197192594408989 ], [ 2963076.555162246339023, 1909818.924970565596595 ], [ 2963115.693125430028886, 1909790.467451075091958 ], [ 2963177.131979173049331, 1909745.951394607778639 ], [ 2963226.888146025128663, 1909708.220622732071206 ], [ 2963279.518071369268, 1909685.535139817511663 ], [ 2963287.220523735508323, 1909679.973566583823413 ], [ 2963301.277880718000233, 1909686.164333936525509 ], [ 2963303.099677409045398, 1909676.112185439327732 ], [ 2963307.086748939007521, 1909667.70663398806937 ], [ 2963321.140200384892523, 1909663.175293976673856 ], [ 2963342.408159607090056, 1909653.244384020799771 ], [ 2963356.909756613895297, 1909647.379397230455652 ], [ 2963365.511627875268459, 1909634.629709519911557 ], [ 2963381.411545568145812, 1909615.520167507929727 ], [ 2963410.448538061231375, 1909586.866210729349405 ], [ 2963451.852812775410712, 1909572.738559054909274 ], [ 2963579.910472811199725, 1909563.156851329375058 ], [ 2963723.271424269769341, 1909561.269425882259384 ], [ 2963782.011529443785548, 1909550.964437752496451 ], [ 2963826.777515511028469, 1909545.504228501813486 ], [ 2963880.352947478182614, 1909542.178403339348733 ], [ 2963880.856430467218161, 1909542.134449643548578 ], [ 2963881.299119146540761, 1909542.07446709391661 ], [ 2963911.642984525300562, 1909537.277191172586754 ], [ 2963957.320475301705301, 1909531.511332524009049 ], [ 2963987.455056252889335, 1909529.064546373672783 ], [ 2964021.807125417981297, 1909542.813160143094137 ], [ 2964085.338842600118369, 1909532.753896199865267 ], [ 2964137.049756550230086, 1909532.853648090269417 ], [ 2964192.850500813685358, 1909524.851442352402955 ], [ 2964260.952348854392767, 1909513.972682668827474 ], [ 2964326.924574749078602, 1909498.117523987079039 ], [ 2964385.715661414898932, 1909483.550799220101908 ], [ 2964472.715465309098363, 1909473.3009065433871 ], [ 2964521.370081487111747, 1909462.562470761593431 ], [ 2964573.667723116464913, 1909445.142216264270246 ], [ 2964616.067995486781001, 1909441.554466538131237 ], [ 2964661.079746363218874, 1909437.498082173988223 ], [ 2964728.201155674643815, 1909454.054433721583337 ], [ 2964729.433264799416065, 1909454.422354456270114 ], [ 2964784.695117661263794, 1909474.706077110022306 ], [ 2964797.504672299139202, 1909480.790896904654801 ], [ 2964801.884661515243351, 1909482.865673874504864 ], [ 2964809.307852740399539, 1909493.368133911164477 ], [ 2964814.173867447301745, 1909500.25770738418214 ], [ 2964820.636154246516526, 1909515.253579375101253 ], [ 2964824.764995975419879, 1909524.836765868356451 ], [ 2964837.290269123390317, 1909562.415354807861149 ], [ 2964846.868273450993001, 1909588.343849236378446 ], [ 2964854.451774220913649, 1909597.221140164183453 ], [ 2964866.788963505998254, 1909603.907471104990691 ], [ 2964876.915763477794826, 1909606.73743894812651 ], [ 2964887.765758501365781, 1909609.747240836499259 ], [ 2964926.823828460648656, 1909615.94300022511743 ], [ 2964941.082687774673104, 1909618.199946568580344 ], [ 2964964.621696732006967, 1909626.10778101766482 ], [ 2964973.733852875884622, 1909629.179330285871401 ], [ 2964990.10718685016036, 1909633.095938057638705 ], [ 2964997.689418721944094, 1909632.263078692834824 ], [ 2965003.212920350953937, 1909630.73483691830188 ], [ 2965012.980774682015181, 1909627.577189057599753 ], [ 2965014.531251851469278, 1909628.132965854601935 ], [ 2965014.730396802071482, 1909628.167013169731945 ], [ 2965017.74936530739069, 1909628.727309709182009 ], [ 2965020.96942036645487, 1909629.330723084975034 ], [ 2965022.950161053799093, 1909629.692053948529065 ], [ 2965023.983825534582138, 1909632.184657235164195 ], [ 2965026.554508401080966, 1909635.122239066520706 ], [ 2965045.613314154557884, 1909635.709191341185942 ], [ 2965109.464300842955709, 1909644.833458193112165 ], [ 2965158.54372975975275, 1909652.481159376911819 ], [ 2965188.136877885088325, 1909659.593557898420841 ], [ 2965219.675590159371495, 1909669.632670406019315 ], [ 2965233.767590588890016, 1909671.006154616363347 ], [ 2965296.525426121428609, 1909669.940385598922148 ], [ 2965380.958085289224982, 1909670.326140725519508 ], [ 2965462.423677736893296, 1909670.624564066296443 ], [ 2965493.318617851473391, 1909670.179989248747006 ], [ 2965508.158434070181102, 1909673.869821346132085 ], [ 2965512.595495082437992, 1909674.945801978698 ], [ 2965525.728195143863559, 1909672.138540771091357 ], [ 2965540.382886605337262, 1909671.423401627922431 ], [ 2965548.427820940501988, 1909668.791340639349073 ], [ 2965584.142055741976947, 1909665.509179475251585 ], [ 2965607.743995395489037, 1909673.32520564342849 ], [ 2965629.102494394406676, 1909681.097580389352515 ], [ 2965653.850169700570405, 1909682.013983908807859 ], [ 2965686.312476199585944, 1909686.455620591063052 ], [ 2965709.891187166329473, 1909696.953693679766729 ], [ 2965762.315139042213559, 1909711.649819356156513 ], [ 2965828.244443043135107, 1909738.20457887975499 ], [ 2965869.747894568368793, 1909762.357351462356746 ], [ 2965870.888423022814095, 1909759.376638528658077 ], [ 2965873.863535159267485, 1909751.576027328614146 ], [ 2965873.917902532499284, 1909751.432000187691301 ], [ 2965874.718882639892399, 1909749.35045095323585 ], [ 2965874.956312327180058, 1909748.722763318801299 ], [ 2965874.976272482424974, 1909748.671184224775061 ], [ 2965875.445717515423894, 1909747.426501425215974 ], [ 2965875.6524258852005, 1909746.871563151013106 ], [ 2965878.057111798319966, 1909740.598147976445034 ], [ 2965879.554206622764468, 1909736.665399083634838 ], [ 2965879.583282635547221, 1909736.583527331240475 ], [ 2965879.729547047521919, 1909736.200946112861857 ], [ 2965880.10195328341797, 1909735.227131674066186 ], [ 2965880.098078385926783, 1909735.225092562614009 ], [ 2965871.325023963116109, 1909730.527782300952822 ], [ 2965859.098499926738441, 1909723.987160635180771 ], [ 2965829.85133702121675, 1909706.435493541415781 ], [ 2965820.725046632345766, 1909697.11344729270786 ], [ 2965807.515969095751643, 1909680.803359745303169 ], [ 2965783.014987089671195, 1909663.459962556371465 ], [ 2965746.252260886132717, 1909639.195181902265176 ], [ 2965741.54532398795709, 1909635.776845979737118 ], [ 2965731.178520154673606, 1909628.249749186681584 ], [ 2965680.295881701633334, 1909614.922534011071548 ], [ 2965622.000477214809507, 1909597.314379320247099 ], [ 2965568.13911244366318, 1909587.141998601378873 ], [ 2965559.279830164276063, 1909584.62301526684314 ], [ 2965489.240504248067737, 1909579.350106813013554 ], [ 2965323.896152412518859, 1909567.464540813583881 ], [ 2965256.879700755700469, 1909562.346225198358297 ], [ 2965185.146125775296241, 1909556.863372403429821 ], [ 2965163.677373657003045, 1909555.644660393940285 ], [ 2965137.284658193588257, 1909554.141956882551312 ], [ 2965114.676270154770464, 1909548.179241855395958 ], [ 2965075.625954473391175, 1909527.293470429023728 ], [ 2965070.632500004954636, 1909525.065928356023505 ], [ 2965070.628687414340675, 1909525.064283198909834 ], [ 2965046.632248728536069, 1909514.516466778703034 ], [ 2965022.490833641961217, 1909503.219901970587671 ], [ 2964991.46483321255073, 1909487.967657287372276 ], [ 2964954.65744021628052, 1909467.732603128766641 ], [ 2964907.038714149035513, 1909443.986972663551569 ], [ 2964867.246377189643681, 1909423.099838617490605 ], [ 2964825.045802501030266, 1909401.827658236958086 ], [ 2964794.027673007920384, 1909389.293497132370248 ], [ 2964773.365114536136389, 1909375.183592357905582 ], [ 2964758.051181560382247, 1909365.256787169259042 ], [ 2964742.848367993719876, 1909357.883470914093778 ], [ 2964729.292107337620109, 1909354.455103511689231 ], [ 2964726.285456792451441, 1909353.640167882665992 ], [ 2964718.788348469417542, 1909351.897347799269482 ], [ 2964716.40443835221231, 1909351.446030940627679 ], [ 2964708.231250249780715, 1909349.034334429074079 ], [ 2964708.187607326544821, 1909349.021505787735805 ], [ 2964707.55722269276157, 1909348.861179259140044 ], [ 2964706.916900015436113, 1909348.742634746711701 ], [ 2964706.269262471236289, 1909348.666414294624701 ], [ 2964705.865892281755805, 1909348.640650927787647 ], [ 2964693.300578644499183, 1909348.094011479523033 ], [ 2964693.051817046478391, 1909348.086385203758255 ], [ 2964692.398016903549433, 1909348.095724520040676 ], [ 2964691.745207941625267, 1909348.147923151263967 ], [ 2964691.367493286728859, 1909348.19775846414268 ], [ 2964677.103661973960698, 1909350.357296196743846 ], [ 2964647.445455688983202, 1909349.462194329593331 ], [ 2964642.297233773395419, 1909348.433182208565995 ], [ 2964630.718655360862613, 1909343.14234942686744 ], [ 2964628.238267553970218, 1909337.501259032636881 ], [ 2964648.445491601713002, 1909298.615255723008886 ], [ 2964675.088264329358935, 1909262.842456623446196 ], [ 2964683.438303401693702, 1909251.172689555911347 ], [ 2964691.62220935896039, 1909246.359015778871253 ], [ 2964709.367935018613935, 1909240.845005192561075 ], [ 2964709.426335118245333, 1909240.826630182564259 ], [ 2964710.046942288521677, 1909240.607351812068373 ], [ 2964710.652818300761282, 1909240.348185339709744 ], [ 2964711.241308558732271, 1909240.050315835746005 ], [ 2964711.809841587208211, 1909239.714812169084325 ], [ 2964712.356136731803417, 1909239.343298629624769 ], [ 2964712.877700368873775, 1909238.937336461385712 ], [ 2964713.372282983269542, 1909238.498746893368661 ], [ 2964713.492808911949396, 1909238.382849168032408 ], [ 2964722.199219476897269, 1909229.877857142360881 ], [ 2964730.793741790577769, 1909223.392188393976539 ], [ 2964741.94711762201041, 1909219.224341525696218 ], [ 2964750.22995538637042, 1909218.661401865072548 ], [ 2964750.674663973040879, 1909218.621219824068248 ], [ 2964751.323491170071065, 1909218.526497362181544 ], [ 2964751.965654741972685, 1909218.389629458775744 ], [ 2964752.59848980139941, 1909218.211094174068421 ], [ 2964752.918678680434823, 1909218.103631384903565 ], [ 2964769.05573950195685, 1909212.386597200296819 ], [ 2964785.906809785403311, 1909208.40514148096554 ], [ 2964828.60251722484827, 1909206.081926297862083 ], [ 2964829.182141343131661, 1909206.033542747376487 ], [ 2964829.830969394184649, 1909205.938821583520621 ], [ 2964830.473133851774037, 1909205.801954983733594 ], [ 2964831.10598539095372, 1909205.623519457411021 ], [ 2964831.726594161707908, 1909205.404243116965517 ], [ 2964832.236895337700844, 1909205.188957451144233 ], [ 2964838.212005511857569, 1909202.476426396984607 ], [ 2964838.307566433213651, 1909202.432449145009741 ], [ 2964838.418509805575013, 1909202.379839201690629 ], [ 2964849.048607329837978, 1909197.265313146868721 ], [ 2964884.79048054292798, 1909185.001690779346973 ], [ 2964884.980025536380708, 1909184.934575932566077 ], [ 2964915.75174898840487, 1909173.692584738600999 ], [ 2964948.221661818213761, 1909169.219352450920269 ], [ 2964948.44121107365936, 1909169.186652247561142 ], [ 2964989.026732967700809, 1909162.681054912041873 ], [ 2964989.211171885952353, 1909162.649691241793334 ], [ 2964989.630315911024809, 1909162.565289075253531 ], [ 2965049.236197780817747, 1909149.246910806279629 ], [ 2965068.532020189333707, 1909147.701517362613231 ], [ 2965084.446954840328544, 1909153.426744140917435 ], [ 2965135.448107932228595, 1909182.541289393557236 ], [ 2965140.252943256869912, 1909185.28924367739819 ], [ 2965140.574712194968015, 1909185.465241242898628 ], [ 2965141.15904744900763, 1909185.74644025741145 ], [ 2965141.416979558765888, 1909185.855713410070166 ], [ 2965160.174843722488731, 1909193.488371354294941 ], [ 2965160.519195049535483, 1909193.621028083842248 ], [ 2965161.136808748356998, 1909193.82253818330355 ], [ 2965161.767212593927979, 1909193.982970107346773 ], [ 2965162.245097406208515, 1909194.075572986155748 ], [ 2965172.795822907239199, 1909195.850970240542665 ], [ 2965187.897560088895261, 1909198.402996770571917 ], [ 2965188.066760051995516, 1909198.429961227346212 ], [ 2965188.432292278856039, 1909198.478314390173182 ], [ 2965217.395281452219933, 1909201.758770706830546 ], [ 2965253.416298588737845, 1909207.903340426506475 ], [ 2965253.600635386072099, 1909207.932956960750744 ], [ 2965253.604178025387228, 1909207.933536657365039 ], [ 2965300.05888349423185, 1909214.939803519519046 ], [ 2965300.702983812894672, 1909215.01545376307331 ], [ 2965301.324888849630952, 1909215.048301592236385 ], [ 2965367.629306623712182, 1909216.475948736770079 ], [ 2965406.17614979762584, 1909217.379866580478847 ], [ 2965430.965788774192333, 1909218.428581437096 ], [ 2965447.905987220816314, 1909219.148196563357487 ], [ 2965447.934079595375806, 1909219.149334695423022 ], [ 2965483.569850817322731, 1909220.562429535202682 ], [ 2965483.780227204784751, 1909220.568642764352262 ], [ 2965483.911100489553064, 1909220.570180161856115 ], [ 2965532.191307763569057, 1909220.828893427737057 ], [ 2965532.714242847636342, 1909220.818030304275453 ], [ 2965532.766906457021832, 1909220.815368785522878 ], [ 2965565.456011869944632, 1909219.104916696203873 ], [ 2965565.750691054388881, 1909219.085174078820273 ], [ 2965582.688362187705934, 1909217.697103195125237 ], [ 2965618.413505978882313, 1909224.909240562934428 ], [ 2965640.91977720707655, 1909222.88176502357237 ], [ 2965680.606509931385517, 1909219.11235821293667 ], [ 2965716.374082447495311, 1909228.772206308552995 ], [ 2965730.084151603281498, 1909226.313131646951661 ], [ 2965751.904539139941335, 1909215.701221657916903 ], [ 2965801.897322648204863, 1909226.158771506510675 ], [ 2965840.241554875858128, 1909239.375518464716151 ], [ 2965873.020695636980236, 1909242.873560906155035 ], [ 2965902.982552680186927, 1909245.537322374759242 ], [ 2965929.095190921798348, 1909253.580079443519935 ], [ 2965943.717667993158102, 1909255.837007033405825 ], [ 2965943.735651752911508, 1909255.871147644240409 ], [ 2965944.058500139974058, 1909256.433378451038152 ], [ 2965944.417896590195596, 1909256.972548222867772 ], [ 2965944.812236336991191, 1909257.486210681963712 ], [ 2965945.239763915073127, 1909257.972250354709104 ], [ 2965945.698822563514113, 1909258.428534092381597 ], [ 2965946.18727757781744, 1909258.853115697624162 ], [ 2965946.703139665536582, 1909259.244326706742868 ], [ 2965947.244274127297103, 1909259.600220948224887 ], [ 2965947.808130595833063, 1909259.919433106435463 ], [ 2965948.392470382153988, 1909260.200643227668479 ], [ 2965948.480207435786724, 1909260.23877903050743 ], [ 2965963.563161943573505, 1909266.711443459847942 ], [ 2965964.077697701752186, 1909266.915150612825528 ], [ 2965964.695316690020263, 1909267.116672536358237 ], [ 2965965.32572618406266, 1909267.277116599259898 ], [ 2965965.821754722855985, 1909267.372753637144342 ], [ 2965977.620827929116786, 1909269.335805783513933 ], [ 2965992.612164835445583, 1909275.334900920744985 ], [ 2966024.115464073605835, 1909293.794987703906372 ], [ 2966024.131458770483732, 1909293.991810025880113 ], [ 2966024.212155079469085, 1909294.639598133973777 ], [ 2966024.335095604415983, 1909295.279809552477673 ], [ 2966024.499958692118526, 1909295.909767856122926 ], [ 2966024.705685078166425, 1909296.52662513195537 ], [ 2966024.951573874801397, 1909297.127874256577343 ], [ 2966025.236498250626028, 1909297.710881950333714 ], [ 2966025.559346944559366, 1909298.273113426053897 ], [ 2966025.918728158343583, 1909298.812185457907617 ], [ 2966026.31306826043874, 1909299.325848707929254 ], [ 2966026.74059621617198, 1909299.811889240983874 ], [ 2966027.1996552599594, 1909300.268173884600401 ], [ 2966027.688110692426562, 1909300.692756464937702 ], [ 2966028.203973213210702, 1909301.083968492923304 ], [ 2966028.745108123868704, 1909301.439863798907027 ], [ 2966029.308965053409338, 1909301.759077053284273 ], [ 2966029.715862926095724, 1909301.959913779282942 ], [ 2966156.809664085507393, 1909361.043963734991848 ], [ 2966193.98398060631007, 1909378.328303317306563 ], [ 2966261.487404072191566, 1909411.73981640744023 ], [ 2966287.254382343031466, 1909424.490863976068795 ], [ 2966406.809744209051132, 1909476.68257695552893 ], [ 2966454.369777877815068, 1909498.665788577403873 ], [ 2966458.10656489059329, 1909499.633551692124456 ], [ 2966489.61373647255823, 1909517.419718343764544 ], [ 2966499.371429258026183, 1909514.33651330624707 ], [ 2966523.328069595154375, 1909518.837314823875204 ], [ 2966526.927876122761518, 1909518.771753850858659 ], [ 2966610.00947920884937, 1909534.682881424203515 ], [ 2966652.959066933020949, 1909543.05566796544008 ], [ 2966700.581652748398483, 1909551.26021348987706 ], [ 2966752.945383663289249, 1909563.973002790473402 ], [ 2966827.401881827972829, 1909584.780569313326851 ], [ 2966863.719805169850588, 1909593.672916292911395 ], [ 2966911.4455018886365, 1909602.529187351930887 ], [ 2966958.930401545017958, 1909614.10781927080825 ], [ 2966965.115183304995298, 1909615.008064175257459 ], [ 2967022.117220749147236, 1909631.578113863943145 ], [ 2967088.224496253300458, 1909650.534259415697306 ], [ 2967141.515266591217369, 1909669.109726184979081 ], [ 2967233.492843917571008, 1909711.558827499160543 ], [ 2967291.697804559953511, 1909727.243802898330614 ], [ 2967372.411374206654727, 1909728.175536656752229 ], [ 2967439.784139189403504, 1909732.428068889770657 ], [ 2967479.545658635906875, 1909729.15838808612898 ], [ 2967484.162921868264675, 1909728.780043547973037 ], [ 2967487.381677045486867, 1909737.70033103460446 ], [ 2967493.597595936153084, 1909760.029030279722065 ], [ 2967492.666843987535685, 1909779.620422108797356 ], [ 2967475.554170805960894, 1909786.038090557558462 ], [ 2967468.953517333604395, 1909807.985913560725749 ], [ 2967467.884753361344337, 1909830.951041767839342 ], [ 2967519.598036005161703, 1909831.055143475299701 ], [ 2967535.987899512052536, 1909832.804864626843482 ], [ 2967535.574018190614879, 1909842.926208799239248 ], [ 2967552.41083218017593, 1909843.256079558748752 ], [ 2967588.525054024998099, 1909838.119769485667348 ], [ 2967661.200429824646562, 1909826.427510401466861 ], [ 2967718.480734412558377, 1909823.524292937479913 ], [ 2967744.543462222442031, 1909813.766355632571504 ], [ 2967926.215109123848379, 1909788.888397744856775 ], [ 2967926.429748798254877, 1909789.067930971970782 ], [ 2967926.945604278706014, 1909789.459067517425865 ], [ 2967927.486649800557643, 1909789.815004706615582 ], [ 2967928.050615490879864, 1909790.134225531481206 ], [ 2967928.634966506622732, 1909790.415463038254529 ], [ 2967929.237266708165407, 1909790.657432573614642 ], [ 2967929.854898111894727, 1909790.858983336715028 ], [ 2967930.485320582054555, 1909791.019456901121885 ], [ 2967931.12566673476249, 1909791.138050985755399 ], [ 2967931.773328858893365, 1909791.214321791892871 ], [ 2967932.425501845311373, 1909791.247860929695889 ], [ 2967932.843525843694806, 1909791.246829266659915 ], [ 2967989.023962630424649, 1909789.934733701869845 ], [ 2968013.423471054062247, 1909789.363981052767485 ], [ 2968021.988076600246131, 1909789.171277190791443 ], [ 2968022.000102582387626, 1909789.170943638077006 ], [ 2968042.077731303870678, 1909788.694949342403561 ], [ 2968042.544634887482971, 1909788.686572419945151 ], [ 2968042.565990719012916, 1909788.686186229111627 ], [ 2968042.651699562557042, 1909788.68580541247502 ], [ 2968042.8254135963507, 1909788.68351814802736 ], [ 2968043.939933149144053, 1909788.658665438881144 ], [ 2968043.949938353151083, 1909788.658390433993191 ], [ 2968077.305818980559707, 1909787.881142695434391 ], [ 2968179.850947521626949, 1909785.486223181011155 ], [ 2968180.086735513061285, 1909785.477869989816099 ], [ 2968180.564013044815511, 1909785.443939297925681 ], [ 2968213.542754045687616, 1909782.311722281621769 ], [ 2968213.718315293546766, 1909782.293510153423995 ], [ 2968213.845034531317651, 1909782.278384524630383 ], [ 2968248.491402007639408, 1909777.925910673337057 ], [ 2968248.575617529451847, 1909777.910304870223626 ], [ 2968249.01353954244405, 1909777.846369170350954 ], [ 2968249.655733280815184, 1909777.709556344430894 ], [ 2968250.28861447237432, 1909777.531174015253782 ], [ 2968250.575160057283938, 1909777.43554577534087 ], [ 2968272.686475303024054, 1909769.691455686232075 ], [ 2968283.178748077247292, 1909766.017792432568967 ], [ 2968283.218553009908646, 1909766.003769749309868 ], [ 2968320.20217090845108, 1909752.883297289023176 ], [ 2968320.497415435500443, 1909752.773350900271907 ], [ 2968321.10332406219095, 1909752.514238915173337 ], [ 2968321.275187241379172, 1909752.43218599865213 ], [ 2968326.351824210956693, 1909749.948861127486452 ], [ 2968326.359840448480099, 1909749.944993565557525 ], [ 2968354.038369406014681, 1909736.375702039338648 ], [ 2968608.372185592539608, 1909614.139262141194195 ], [ 2968641.04837129637599, 1909598.433260273886845 ], [ 2968645.024077189154923, 1909596.554949912242591 ], [ 2968645.226213790010661, 1909596.463420817861333 ], [ 2968645.266653697937727, 1909596.44442415703088 ], [ 2968667.861873857676983, 1909585.787824526196346 ], [ 2968678.659621100407094, 1909583.085417362162843 ], [ 2968678.666650025174022, 1909583.083650880493224 ], [ 2968680.025518597569317, 1909582.742412357125431 ], [ 2968680.075380884110928, 1909582.729726203717291 ], [ 2968680.652371591422707, 1909582.581726336618885 ], [ 2968687.708073177374899, 1909580.813184486934915 ], [ 2968691.780954075977206, 1909579.794796035857871 ], [ 2968709.900714457035065, 1909576.543514883378521 ], [ 2968710.541335117071867, 1909576.406993147451431 ], [ 2968710.994066358078271, 1909576.283904064679518 ], [ 2968713.794325245544314, 1909575.452462320681661 ], [ 2968718.744097037240863, 1909573.991104150889441 ], [ 2968718.939584231004119, 1909573.931348887970671 ], [ 2968719.560229663737118, 1909573.712132931919768 ], [ 2968720.166144289076328, 1909573.453027738723904 ], [ 2968720.754673335235566, 1909573.155218081315979 ], [ 2968721.3233438776806, 1909572.819754909956828 ], [ 2968721.869594547897577, 1909572.448413825361058 ], [ 2968722.391196526121348, 1909572.042505769059062 ], [ 2968722.885900131892413, 1909571.603851747931913 ], [ 2968723.128561500459909, 1909571.366733369650319 ], [ 2968726.666255744639784, 1909567.794463592814282 ], [ 2968726.673945486545563, 1909567.786604174179956 ], [ 2968738.721711642108858, 1909555.594603042351082 ], [ 2968751.479367195162922, 1909542.68589105270803 ], [ 2968762.565572310239077, 1909531.466366067295894 ], [ 2968762.618797091767192, 1909531.416521512903273 ], [ 2968763.042090713046491, 1909530.992290946189314 ], [ 2968763.065632977057248, 1909530.967210242990404 ], [ 2968773.757307828404009, 1909520.15157544054091 ], [ 2968773.973837736062706, 1909519.925724510336295 ], [ 2968774.408469397109002, 1909519.427463968051597 ], [ 2968774.810352243483067, 1909518.902468155603856 ], [ 2968775.177496263757348, 1909518.352916574571282 ], [ 2968775.508482810109854, 1909517.781392581528053 ], [ 2968775.586862923577428, 1909517.632560460362583 ], [ 2968787.912235833704472, 1909493.750310239614919 ], [ 2968796.15411637397483, 1909483.414694253588095 ], [ 2968832.331442210357636, 1909438.031931072706357 ], [ 2968841.314096823334694, 1909426.76649583526887 ], [ 2968841.463831394910812, 1909426.573986862786114 ], [ 2968869.026183230802417, 1909390.278483860427514 ], [ 2968869.199432478286326, 1909390.043381142895669 ], [ 2968869.567026020027697, 1909389.493447243468836 ], [ 2968982.112550765275955, 1909208.747552014887333 ], [ 2969003.088978238403797, 1909175.062460072338581 ], [ 2969009.623806362971663, 1909164.576684449799359 ], [ 2969058.934936571400613, 1909122.431853382848203 ], [ 2969059.320025295484811, 1909122.085665213409811 ], [ 2969059.785720054060221, 1909121.616271681152284 ], [ 2969060.220443099737167, 1909121.117900158278644 ], [ 2969060.622235519811511, 1909120.592927070334554 ], [ 2969060.989403381943703, 1909120.043478778330609 ], [ 2969061.320481304079294, 1909119.471843229839578 ], [ 2969061.422908992506564, 1909119.276070419000462 ], [ 2969079.820686560124159, 1909083.174978298600763 ], [ 2969089.164824121631682, 1909074.359093619743362 ], [ 2969119.754359581973404, 1909056.953123267740011 ], [ 2969120.173894737847149, 1909056.700908857164904 ], [ 2969120.720238911453635, 1909056.329459342174232 ], [ 2969121.241867042612284, 1909055.923657370032743 ], [ 2969121.73658141028136, 1909055.48501081764698 ], [ 2969121.933431127108634, 1909055.293880345532671 ], [ 2969140.264864816330373, 1909037.014955223770812 ], [ 2969140.533696061931551, 1909036.736594950081781 ], [ 2969140.968436634168029, 1909036.238323251716793 ], [ 2969141.370132308453321, 1909035.713369144359604 ], [ 2969141.737302125897259, 1909035.163922087522224 ], [ 2969142.068298849277198, 1909034.592403879621997 ], [ 2969142.361771358177066, 1909034.001183217857033 ], [ 2969142.616399663500488, 1909033.392825749935582 ], [ 2969142.830978049896657, 1909032.769977898104116 ], [ 2969143.00479433638975, 1909032.135197618044913 ], [ 2969143.031959634274244, 1909032.018737423699349 ], [ 2969145.118952984921634, 1909022.820363948587328 ], [ 2969166.303377576638013, 1909010.013567105401307 ], [ 2969200.979701030068099, 1908983.033512788591906 ], [ 2969215.242858502082527, 1908967.080538635142148 ], [ 2969205.713664411567152, 1908930.239417645381764 ], [ 2969202.709031988400966, 1908921.771637027384713 ], [ 2969222.815538879483938, 1908896.063902905443683 ], [ 2969251.490990449674428, 1908867.184523567091674 ], [ 2969261.414039118681103, 1908842.928388443076983 ], [ 2969283.413799149449915, 1908817.418625314487144 ], [ 2969305.095360238105059, 1908804.956949885003269 ], [ 2969320.975714303553104, 1908777.997371571138501 ], [ 2969343.113725461065769, 1908731.161767789395526 ], [ 2969367.826053223572671, 1908700.609702195506543 ], [ 2969408.51921887230128, 1908656.476213432615623 ], [ 2969450.312545170076191, 1908610.80590960662812 ], [ 2969515.71584132919088, 1908548.847174084046856 ], [ 2969557.145675163716078, 1908506.537875683279708 ], [ 2969557.252912516240031, 1908506.470756746595725 ], [ 2969557.799169157631695, 1908506.099333346355706 ], [ 2969558.320793132763356, 1908505.693441199837252 ], [ 2969558.81553466245532, 1908505.254901241278276 ], [ 2969559.281227107625455, 1908504.785418239887804 ], [ 2969559.715880359522998, 1908504.287171614356339 ], [ 2969560.115607595071197, 1908503.76511105010286 ], [ 2969567.532588449306786, 1908493.409912685165182 ], [ 2969593.274389073252678, 1908463.159844316076487 ], [ 2969593.336281108204275, 1908463.086474677082151 ], [ 2969663.118103637360036, 1908379.521870699245483 ], [ 2969677.081944164354354, 1908371.89700843882747 ], [ 2969703.133156170137227, 1908349.812775210477412 ], [ 2969744.341903049498796, 1908308.936409512301907 ], [ 2969764.519476001150906, 1908275.178936956683174 ], [ 2969807.89306344743818, 1908235.254438849631697 ], [ 2969855.693769510835409, 1908223.33742011943832 ], [ 2969906.794366692192852, 1908206.810269405832514 ], [ 2969941.127651448827237, 1908181.902122968109325 ], [ 2969991.20130760781467, 1908146.135203481419012 ], [ 2970018.935273798648268, 1908130.447550371289253 ], [ 2970067.494790335185826, 1908106.338685133261606 ], [ 2970108.284343005158007, 1908101.037084786221385 ], [ 2970140.030868166126311, 1908123.478159412974492 ], [ 2970153.3926921794191, 1908148.544771661050618 ], [ 2970162.222014538943768, 1908157.678848571376875 ], [ 2970183.70320451259613, 1908136.414167335722595 ], [ 2970191.939799371175468, 1908128.643057010835037 ], [ 2970197.725879762321711, 1908123.184070293558761 ], [ 2970233.159356691408902, 1908096.739496209193021 ], [ 2970251.969941270537674, 1908090.636570939794183 ], [ 2970275.542008479125798, 1908075.901954469969496 ], [ 2970307.170625451020896, 1908062.373069165274501 ], [ 2970329.579687165096402, 1908056.141566294943914 ], [ 2970331.168930931016803, 1908055.867159398505464 ], [ 2970352.98770659044385, 1908052.12017027894035 ], [ 2970373.293256693519652, 1908048.9917273579631 ], [ 2970374.178876241669059, 1908048.814368929248303 ], [ 2970374.811778702307492, 1908048.63592699659057 ], [ 2970374.881142378319055, 1908048.613672946346924 ], [ 2970387.847311240620911, 1908044.399064522469416 ], [ 2970388.299869380891323, 1908044.240085228579119 ], [ 2970392.502080888487399, 1908042.651745758019388 ], [ 2970397.257744553498924, 1908040.853030285099521 ], [ 2970404.881286479067057, 1908037.973058852599934 ], [ 2970404.981870712246746, 1908037.934475779533386 ], [ 2970405.587818615604192, 1908037.675401841755956 ], [ 2970406.176382030360401, 1908037.377623236505315 ], [ 2970406.745103455614299, 1908037.042289223521948 ], [ 2970407.29139022808522, 1908036.670978343579918 ], [ 2970407.620118827093393, 1908036.421490227105096 ], [ 2970417.133572139777243, 1908028.897424102528021 ], [ 2970422.63825246412307, 1908025.727577778277919 ], [ 2970423.813571085222065, 1908026.203373435651883 ], [ 2970423.821378527209163, 1908026.206530849682167 ], [ 2970427.005849201232195, 1908027.492499264888465 ], [ 2970427.325488278642297, 1908027.615151161560789 ], [ 2970438.425023186020553, 1908019.092740703141317 ], [ 2970448.334499118849635, 1907997.759046361781657 ], [ 2970456.679617470130324, 1907981.661701254313812 ], [ 2970472.176512105390429, 1907957.409774980740622 ], [ 2970477.789266686886549, 1907952.951986770145595 ], [ 2970486.515078251250088, 1907946.025290164165199 ], [ 2970486.522191529162228, 1907946.019559860229492 ], [ 2970488.282799215056002, 1907944.619423057185486 ], [ 2970488.454074125736952, 1907944.480277240509167 ], [ 2970488.948816976509988, 1907944.041653539985418 ], [ 2970489.143755978904665, 1907943.852497073356062 ], [ 2970501.16943945735693, 1907931.868929879041389 ], [ 2970522.246170411817729, 1907910.875197384273633 ], [ 2970549.302862085867673, 1907886.162412509322166 ], [ 2970596.400040518958122, 1907848.142534609884024 ], [ 2970615.349998633377254, 1907832.842339410213754 ], [ 2970621.436201926320791, 1907828.65940820495598 ], [ 2970621.441423758398741, 1907828.655839605256915 ], [ 2970627.212469505146146, 1907824.684319264022633 ], [ 2970632.011667462065816, 1907821.379905542125925 ], [ 2970662.304158839862794, 1907800.548130323644727 ], [ 2970698.137293061241508, 1907776.070311252959073 ], [ 2970728.949013744480908, 1907771.4463440568652 ], [ 2970741.460288191214204, 1907757.147955482359976 ], [ 2970762.394795920699835, 1907723.92557969270274 ], [ 2970827.316436690744013, 1907680.140862470958382 ], [ 2970855.465591439977288, 1907654.332740761106834 ], [ 2970869.228703899309039, 1907634.10097064753063 ], [ 2970877.258997476194054, 1907622.296127441106364 ], [ 2970892.385129310656339, 1907594.803233981830999 ], [ 2970916.237369704991579, 1907575.793421258684248 ], [ 2970959.918821909464896, 1907550.550862714415416 ], [ 2970985.909892334602773, 1907537.599939623847604 ], [ 2970995.724755517207086, 1907522.633999128593132 ], [ 2971007.39258773624897, 1907507.557962358929217 ], [ 2971050.91310232039541, 1907458.893252513837069 ], [ 2971090.138250748626888, 1907416.499282741220668 ], [ 2971101.153345520608127, 1907394.43178057577461 ], [ 2971102.204837193712592, 1907384.156824803212658 ], [ 2971102.990248557180166, 1907376.481687854975462 ], [ 2971103.717444967478514, 1907369.374010341940448 ], [ 2971110.68596264347434, 1907349.113735480466858 ], [ 2971122.569493865594268, 1907331.117188721196726 ], [ 2971167.452506621368229, 1907253.148782442789525 ], [ 2971196.12178848311305, 1907210.235498462803662 ], [ 2971212.949740449432284, 1907194.360071987612173 ], [ 2971234.891972541809082, 1907175.157014862401411 ], [ 2971272.180099722929299, 1907130.699271948309615 ], [ 2971304.724704232998192, 1907091.914165623020381 ], [ 2971354.13993959268555, 1907032.42380586033687 ], [ 2971417.161108930595219, 1906982.551455651409924 ], [ 2971454.40705335419625, 1906942.924145242897794 ], [ 2971508.269554344005883, 1906911.571551043307409 ], [ 2971527.386437892913818, 1906901.246787460986525 ], [ 2971572.625563067384064, 1906860.713116155238822 ], [ 2971674.255101587623358, 1906783.071509235072881 ], [ 2971727.185973352286965, 1906777.504009581636637 ], [ 2971757.535294166766107, 1906780.90704709594138 ], [ 2971790.354931713081896, 1906799.942123716231436 ], [ 2971816.130419943481684, 1906789.697473867563531 ], [ 2971822.155336490366608, 1906771.739506005775183 ], [ 2971837.45928056165576, 1906751.315255950205028 ], [ 2971886.955789141822606, 1906726.403050122316927 ], [ 2971893.881205339450389, 1906710.663734813220799 ], [ 2971910.13463073503226, 1906686.050681870197877 ], [ 2971944.747774429153651, 1906646.055200951173902 ], [ 2971980.652518001850694, 1906554.598318348871544 ], [ 2972026.491880316287279, 1906412.831666609970853 ], [ 2972062.060363191179931, 1906326.889841801021248 ], [ 2972095.648893649689853, 1906243.714142630808055 ], [ 2972111.642396201845258, 1906217.251567348372191 ], [ 2972125.241895198822021, 1906194.749898153124377 ], [ 2972152.36933112796396, 1906169.253501324914396 ], [ 2972167.34562351135537, 1906141.654758092481643 ], [ 2972170.449339088983834, 1906100.108777072047815 ], [ 2972175.818755384534597, 1906067.801540593151003 ], [ 2972198.967453322373331, 1906034.991009479854256 ], [ 2972213.463219547178596, 1906009.015818470856175 ], [ 2972230.131302996538579, 1906004.020163333509117 ], [ 2972249.698049721773714, 1905953.63062459230423 ], [ 2972263.278581091202796, 1905929.095199223142117 ], [ 2972283.764827182516456, 1905910.020104496972635 ], [ 2972291.156599155627191, 1905897.309730681823567 ], [ 2972308.140196443535388, 1905868.815672482131049 ], [ 2972330.184101254679263, 1905808.605764949461445 ], [ 2972366.454779499210417, 1905749.195951730012894 ], [ 2972404.439581540413201, 1905704.883640549844131 ], [ 2972460.671899687498808, 1905661.32095360592939 ], [ 2972523.327402792870998, 1905628.66338857030496 ], [ 2972544.026755985803902, 1905585.438716852338985 ], [ 2972566.816516313701868, 1905563.941983854630962 ], [ 2972607.615875369869173, 1905533.190949329175055 ], [ 2972692.710157490335405, 1905506.560250086942688 ], [ 2972816.946843325160444, 1905476.936210630694404 ], [ 2972869.116413339972496, 1905462.901937099872157 ], [ 2973047.96131704095751, 1905426.175105881178752 ], [ 2973151.027055156417191, 1905407.042387207271531 ], [ 2973218.144239554181695, 1905398.368244089884683 ], [ 2973308.906738382764161, 1905382.109707519877702 ], [ 2973385.066377397626638, 1905358.42074535228312 ], [ 2973416.824275934603065, 1905342.685640109702945 ], [ 2973474.285549427382648, 1905332.392779592424631 ], [ 2973532.197836576960981, 1905307.954265574691817 ], [ 2973581.443890791386366, 1905305.16088628070429 ], [ 2973630.864044769667089, 1905294.969210682902485 ], [ 2973641.647760041058064, 1905294.363278446951881 ], [ 2973642.439869333989918, 1905294.221396276494488 ], [ 2973642.99358584266156, 1905294.106216466519982 ], [ 2973653.71204371098429, 1905291.561180382734165 ], [ 2973653.80130164604634, 1905291.539522253209725 ], [ 2973654.0044723181054, 1905291.48713207594119 ], [ 2973660.229986493475735, 1905289.811674102209508 ], [ 2973667.621697470545769, 1905287.827390057733282 ], [ 2973668.020893434993923, 1905287.71143526933156 ], [ 2973680.937582303769886, 1905283.670594637282193 ], [ 2973690.741849422454834, 1905281.464896392775699 ], [ 2973690.947845402639359, 1905281.416253122966737 ], [ 2973691.089435639791191, 1905281.380158642772585 ], [ 2973694.064526043832302, 1905280.599493425572291 ], [ 2973694.078076666221023, 1905280.595952445408329 ], [ 2973700.513781803660095, 1905278.897737654158846 ], [ 2973700.873059790581465, 1905278.806045515462756 ], [ 2973700.963747100904584, 1905278.782511391676962 ], [ 2973702.620074072852731, 1905278.343468201812357 ], [ 2973716.106555468402803, 1905278.549217039253563 ], [ 2973716.726165226660669, 1905278.539490098599344 ], [ 2973716.811755325645208, 1905278.535095069557428 ], [ 2973737.008147004060447, 1905277.416066884063184 ], [ 2973752.312484764494002, 1905277.330040059052408 ], [ 2973752.454112292267382, 1905277.360362980281934 ], [ 2973752.711445147171617, 1905277.411779873771593 ], [ 2973753.678544286172837, 1905277.623835211619735 ], [ 2973753.728780419565737, 1905277.634683255106211 ], [ 2973769.615639404859394, 1905281.030907879350707 ], [ 2973769.871824183501303, 1905281.082125490764156 ], [ 2973776.037402319256216, 1905282.230311100138351 ], [ 2973795.445005655288696, 1905274.196485148742795 ], [ 2973853.658871179446578, 1905277.164583453908563 ], [ 2973872.626954763196409, 1905282.473933628760278 ], [ 2973911.091155799105763, 1905290.259418805595487 ], [ 2973920.075439920183271, 1905287.593015806749463 ], [ 2973929.782736353110522, 1905284.7097317869775 ], [ 2973929.960186155047268, 1905284.655165958916768 ], [ 2973930.401830489747226, 1905284.503968322649598 ], [ 2973938.382262176834047, 1905281.565062162000686 ], [ 2973943.575249777175486, 1905281.676052612718195 ], [ 2973952.717901240102947, 1905282.422267970163375 ], [ 2973960.121783677488565, 1905279.527904707705602 ], [ 2974004.247284092009068, 1905278.322052183328196 ], [ 2974082.260247749276459, 1905266.358410906977952 ], [ 2974118.894305404275656, 1905264.485252426937222 ], [ 2974157.214193910360336, 1905256.282339394791052 ], [ 2974195.636898605152965, 1905248.730759380850941 ], [ 2974218.665161458775401, 1905237.238858355674893 ], [ 2974238.321909137070179, 1905238.406617229571566 ], [ 2974236.813351991120726, 1905253.041026461869478 ], [ 2974234.875444835983217, 1905271.84205127786845 ], [ 2974239.303944868035614, 1905287.123127734987065 ], [ 2974253.28966180421412, 1905290.645998652325943 ], [ 2974266.143428029958159, 1905287.004349478986114 ], [ 2974285.018746545538306, 1905268.91778436396271 ], [ 2974285.029256783425808, 1905268.918129584984854 ], [ 2974288.140798510517925, 1905268.981140146031976 ], [ 2974305.55444407556206, 1905269.334088683826849 ], [ 2974319.630125000141561, 1905269.61946826800704 ], [ 2974319.630125000141561, 1905084.293609802611172 ], [ 2974307.117890811525285, 1905084.450388775672764 ] ] ], [ [ [ 2959264.571433341130614, 1909182.2638109610416 ], [ 2959292.967718999832869, 1909144.47752459696494 ], [ 2959309.078653630800545, 1909100.323542796541005 ], [ 2959318.095604405738413, 1909082.628715805942193 ], [ 2959322.471192303113639, 1909028.792804536875337 ], [ 2959324.316001424565911, 1908996.309873091988266 ], [ 2959340.562940312549472, 1908966.599674754310399 ], [ 2959359.572555194608867, 1908938.894342973362654 ], [ 2959390.403908140026033, 1908907.09566236124374 ], [ 2959469.300129305571318, 1908833.477161789312959 ], [ 2959469.351458654738963, 1908833.428857992403209 ], [ 2959469.549410549923778, 1908833.236560105113313 ], [ 2959512.285901954397559, 1908790.588307884288952 ], [ 2959512.553549354895949, 1908790.311093077994883 ], [ 2959512.988096011336893, 1908789.812725556315854 ], [ 2959513.088353102095425, 1908789.688093788456172 ], [ 2959540.253569507040083, 1908755.369201679015532 ], [ 2959638.276578650809824, 1908654.925582156516612 ], [ 2959638.448149326257408, 1908654.745515594724566 ], [ 2959638.53837407566607, 1908654.647292956477031 ], [ 2959683.145928510464728, 1908605.419566679047421 ], [ 2959754.243773906491697, 1908538.504833122482523 ], [ 2959754.262667499482632, 1908538.48696037218906 ], [ 2959754.340434179641306, 1908538.412645445670933 ], [ 2959820.789667553734034, 1908474.231782698538154 ], [ 2959879.310122433118522, 1908419.64149313303642 ], [ 2959879.362346320413053, 1908419.592422093031928 ], [ 2959879.548374797217548, 1908419.411989761516452 ], [ 2959939.795305957552046, 1908359.488580333767459 ], [ 2959998.043716229498386, 1908318.499770745867863 ], [ 2959998.169641900807619, 1908318.409722771495581 ], [ 2960003.294181822799146, 1908314.687285465188324 ], [ 2960003.296909068711102, 1908314.685276908101514 ], [ 2960042.008451228030026, 1908286.545419580535963 ], [ 2960182.111528368666768, 1908211.600199573906139 ], [ 2960237.858427678234875, 1908182.937030455097556 ], [ 2960237.87578299921006, 1908182.928041686536744 ], [ 2960254.312648108694702, 1908174.437203100183979 ], [ 2960254.530984849669039, 1908174.321150121511891 ], [ 2960255.099581021815538, 1908173.985566593706608 ], [ 2960255.645758015569299, 1908173.61410936829634 ], [ 2960256.167287308722734, 1908173.208089870167896 ], [ 2960256.661919533275068, 1908172.769329570932314 ], [ 2960257.127420890145004, 1908172.299748426536098 ], [ 2960257.401906752958894, 1908171.992555594537407 ], [ 2960266.510310970712453, 1908161.379728943342343 ], [ 2960300.101392773445696, 1908142.714715807698667 ], [ 2960373.694515653885901, 1908107.287932770559564 ], [ 2960373.761344780214131, 1908107.255481229629368 ], [ 2960376.638926237821579, 1908105.844474178506061 ], [ 2960389.282350874040276, 1908099.663184229983017 ], [ 2960428.665961830876768, 1908084.950754925608635 ], [ 2960428.804376666434109, 1908084.897960084723309 ], [ 2960429.410219307523221, 1908084.638730732956901 ], [ 2960429.673821958713233, 1908084.511110678082332 ], [ 2960436.012908450327814, 1908081.329713126644492 ], [ 2960469.189294978044927, 1908064.684007655829191 ], [ 2960490.051304433029145, 1908054.767798161134124 ], [ 2960506.256601214408875, 1908054.066686673089862 ], [ 2960506.295491386204958, 1908054.064870319562033 ], [ 2960506.948285042308271, 1908054.012704730732366 ], [ 2960507.597063994966447, 1908053.917817497393116 ], [ 2960508.239194628316909, 1908053.780883877305314 ], [ 2960508.871996623463929, 1908053.602283744607121 ], [ 2960509.492571418173611, 1908053.382942426949739 ], [ 2960509.845244083553553, 1908053.237714688060805 ], [ 2960550.273004874587059, 1908035.695626022992656 ], [ 2960644.729521588422358, 1907997.128667526878417 ], [ 2960739.506894342601299, 1907964.132550346897915 ], [ 2960791.187030161730945, 1907954.506040474167094 ], [ 2960844.989126885309815, 1907950.974153875838965 ], [ 2960845.457824622746557, 1907950.932355132419616 ], [ 2960846.106623217463493, 1907950.837572086136788 ], [ 2960846.748758094385266, 1907950.700644192053005 ], [ 2960847.381564483977854, 1907950.522049759048969 ], [ 2960848.00214380864054, 1907950.302714108023793 ], [ 2960848.212345161475241, 1907950.217998436419293 ], [ 2960861.084209780208766, 1907944.863221270032227 ], [ 2960869.633735863957554, 1907945.03262997046113 ], [ 2960869.648004712536931, 1907945.033005496952683 ], [ 2960870.3016796419397, 1907945.023624452529475 ], [ 2960870.954461894929409, 1907944.971366505837068 ], [ 2960871.603260783478618, 1907944.876583885867149 ], [ 2960872.245395964942873, 1907944.739656422985718 ], [ 2960872.337536714971066, 1907944.716434642905369 ], [ 2960889.593507800716907, 1907940.274275622796267 ], [ 2960903.700677003711462, 1907944.437751055462286 ], [ 2960907.8808369403705, 1907945.909894431242719 ], [ 2960930.759924305602908, 1907953.967871565604582 ], [ 2960958.823765212669969, 1907954.82490368350409 ], [ 2960980.149930839892477, 1907981.004631849238649 ], [ 2960999.636932489462197, 1907988.759706700220704 ], [ 2961010.347672984004021, 1907991.829577596625313 ], [ 2961010.780580898746848, 1907991.6121323001571 ], [ 2961021.432408128865063, 1907988.442272552056238 ], [ 2961021.60857742279768, 1907988.38817200390622 ], [ 2961022.229158203583211, 1907988.168838999001309 ], [ 2961022.83500812202692, 1907987.909619180252776 ], [ 2961023.423457120545208, 1907987.61159937386401 ], [ 2961023.462303569540381, 1907987.590247504413128 ], [ 2961033.606734564062208, 1907981.979056669864804 ], [ 2961033.615877360105515, 1907981.97397269308567 ], [ 2961041.046325945761055, 1907977.854139655595645 ], [ 2961047.999582992866635, 1907974.753306015627459 ], [ 2961048.15815641451627, 1907974.680997157003731 ], [ 2961048.660222121980041, 1907974.429772920440882 ], [ 2961057.354445136152208, 1907969.777399414451793 ], [ 2961057.440828865393996, 1907969.730604296084493 ], [ 2961057.713539368472993, 1907969.575836120173335 ], [ 2961071.115111689083278, 1907961.69745057891123 ], [ 2961071.410925305448472, 1907961.516764161642641 ], [ 2961071.66200791625306, 1907961.352308648638427 ], [ 2961079.917577366810292, 1907955.77241541701369 ], [ 2961089.91172959189862, 1907950.65372665389441 ], [ 2961090.161597551777959, 1907950.521387403365225 ], [ 2961090.730122121050954, 1907950.185933247208595 ], [ 2961091.11807425878942, 1907949.927445052890107 ], [ 2961095.126306996215135, 1907947.123111324151978 ], [ 2961095.132966850884259, 1907947.118371755816042 ], [ 2961114.430462804622948, 1907933.594130094861612 ], [ 2961114.519731877371669, 1907933.530918872915208 ], [ 2961136.352294333279133, 1907917.881750574335456 ], [ 2961136.385001477785408, 1907917.85815906105563 ], [ 2961136.717745828907937, 1907917.617681463016197 ], [ 2961136.747429553419352, 1907917.596151553327218 ], [ 2961137.036392539739609, 1907917.377911407966167 ], [ 2961142.318575855344534, 1907913.240044381236658 ], [ 2961147.090496553108096, 1907909.938353609759361 ], [ 2961149.654275038279593, 1907908.846922714961693 ], [ 2961153.186488936655223, 1907907.644154804758728 ], [ 2961154.943851200863719, 1907907.794046290917322 ], [ 2961158.356690734624863, 1907908.331453213933855 ], [ 2961158.417655845172703, 1907908.340865076053888 ], [ 2961159.065270026214421, 1907908.417030971031636 ], [ 2961159.717393803410232, 1907908.45046432944946 ], [ 2961160.090064666699618, 1907908.450309384614229 ], [ 2961164.050858240574598, 1907908.375151884509251 ], [ 2961164.331963866949081, 1907908.365912834182382 ], [ 2961164.984749143011868, 1907908.313659728970379 ], [ 2961165.397824560757726, 1907908.258355231955647 ], [ 2961167.45840301271528, 1907907.938644353067502 ], [ 2961168.336268092505634, 1907907.76224851096049 ], [ 2961168.646566100418568, 1907907.680227116215974 ], [ 2961168.73479619435966, 1907907.65537895495072 ], [ 2961173.02888442017138, 1907906.61591484118253 ], [ 2961173.078622350934893, 1907906.60374735458754 ], [ 2961173.711432483047247, 1907906.425158269703388 ], [ 2961174.331916944123805, 1907906.205845627235249 ], [ 2961174.491055862512439, 1907906.142245884751901 ], [ 2961177.53327070735395, 1907904.89598604105413 ], [ 2961177.979999759234488, 1907904.700467102928087 ], [ 2961178.568451318889856, 1907904.402449940564111 ], [ 2961178.714788665063679, 1907904.320793859427795 ], [ 2961186.586332909762859, 1907899.842544330982491 ], [ 2961189.377748751081526, 1907898.629654069663957 ], [ 2961189.625895146746188, 1907898.517877395963296 ], [ 2961190.192679432220757, 1907898.231749160448089 ], [ 2961191.752694377675653, 1907897.382552867988124 ], [ 2961191.774377412162721, 1907897.370762607781217 ], [ 2961192.342903675045818, 1907897.035310144536197 ], [ 2961192.787289280444384, 1907896.737024347297847 ], [ 2961194.9750782456249, 1907895.184382454492152 ], [ 2961196.545374947600067, 1907894.431668065488338 ], [ 2961197.036939831450582, 1907894.179495677119121 ], [ 2961197.605466188397259, 1907893.844043303513899 ], [ 2961198.151739763095975, 1907893.472484480822459 ], [ 2961198.673282596282661, 1907893.066479118773714 ], [ 2961199.167943960055709, 1907892.627830919343978 ], [ 2961199.337745822034776, 1907892.463484169915318 ], [ 2961200.010757668875158, 1907891.797082830686122 ], [ 2961200.626034507527947, 1907891.600679606199265 ], [ 2961201.230971883516759, 1907891.386385711375624 ], [ 2961201.836824687197804, 1907891.127168986946344 ], [ 2961201.987742197699845, 1907891.055222392315045 ], [ 2961207.475008605979383, 1907888.385134364711121 ], [ 2961207.912543119862676, 1907888.159064267529175 ], [ 2961208.090158534236252, 1907888.059541634982452 ], [ 2961212.733368360437453, 1907885.396443101577461 ], [ 2961212.826797123998404, 1907885.342206919565797 ], [ 2961216.944950321223587, 1907882.922305288491771 ], [ 2961217.242432779632509, 1907882.740612018154934 ], [ 2961217.702600887976587, 1907882.431089085061103 ], [ 2961219.048187712207437, 1907881.472332437988371 ], [ 2961228.01204213919118, 1907879.761425311909989 ], [ 2961230.42422154545784, 1907879.328183748060837 ], [ 2961231.065176513046026, 1907879.191474814433604 ], [ 2961231.111262761987746, 1907879.179962824797258 ], [ 2961233.135713188908994, 1907878.668972406070679 ], [ 2961233.722453504335135, 1907878.501994813093916 ], [ 2961234.343037555925548, 1907878.282665492966771 ], [ 2961234.948890844359994, 1907878.023449320811778 ], [ 2961235.537343300879002, 1907877.725433120969683 ], [ 2961236.105771562084556, 1907877.389999092556536 ], [ 2961236.652061313856393, 1907877.018539352342486 ], [ 2961237.173604763112962, 1907876.612534583546221 ], [ 2961237.374293653294444, 1907876.44132805778645 ], [ 2961238.984106258489192, 1907875.03211989463307 ], [ 2961239.278063801582903, 1907874.76458034478128 ], [ 2961239.743678045459092, 1907874.294995129108429 ], [ 2961240.178254755213857, 1907873.796652149409056 ], [ 2961240.579970422200859, 1907873.271498913876712 ], [ 2961240.947178080677986, 1907872.721957558067515 ], [ 2961241.278116495348513, 1907872.150369454408064 ], [ 2961241.571533480659127, 1907871.559085880871862 ], [ 2961241.826010601129383, 1907870.95069048111327 ], [ 2961241.995400870218873, 1907870.470475370064378 ], [ 2961242.148651975207031, 1907870.426767760654911 ], [ 2961242.292511398904026, 1907870.384644498117268 ], [ 2961251.561155513860285, 1907867.592024723766372 ], [ 2961251.70416339719668, 1907867.547725270967931 ], [ 2961252.324747742153704, 1907867.328396267490461 ], [ 2961252.930601331405342, 1907867.069180408259854 ], [ 2961253.519069667905569, 1907866.77126298728399 ], [ 2961253.794472644105554, 1907866.614899510750547 ], [ 2961257.905456896405667, 1907864.196492817252874 ], [ 2961258.198679929133505, 1907864.017387178260833 ], [ 2961258.744871382601559, 1907863.645945527823642 ], [ 2961259.266415232792497, 1907863.239941120380536 ], [ 2961259.761062048375607, 1907862.801195370731875 ], [ 2961259.850459385663271, 1907862.715683590387926 ], [ 2961262.337936535477638, 1907860.30583375855349 ], [ 2961267.000706980004907, 1907857.847937456797808 ], [ 2961270.311880462802947, 1907856.664500726852566 ], [ 2961270.586735647171736, 1907856.5618041746784 ], [ 2961271.192589541897178, 1907856.302588642342016 ], [ 2961271.781042619608343, 1907856.00457306066528 ], [ 2961272.34957021381706, 1907855.669121938524768 ], [ 2961272.449820831418037, 1907855.604750370839611 ], [ 2961275.428392096422613, 1907853.667052386794239 ], [ 2961283.962653393857181, 1907849.660151244606823 ], [ 2961284.428566853515804, 1907849.42676108609885 ], [ 2961288.30882152589038, 1907847.358016052516177 ], [ 2961298.19801957719028, 1907845.351735792122781 ], [ 2961302.331575426273048, 1907844.611575987422839 ], [ 2961302.335523267276585, 1907844.610867439070717 ], [ 2961302.700315217021853, 1907844.538408233784139 ], [ 2961306.503962187096477, 1907843.710020449012518 ], [ 2961306.781310580205172, 1907843.645559417549521 ], [ 2961307.414122645743191, 1907843.46697264816612 ], [ 2961308.034609105437994, 1907843.247662304900587 ], [ 2961308.64046353334561, 1907842.988447395386174 ], [ 2961309.228932726196945, 1907842.690530906897038 ], [ 2961309.797460871748626, 1907842.35508037940599 ], [ 2961310.343736262992024, 1907841.983523366274312 ], [ 2961310.389669959433377, 1907841.949862146284431 ], [ 2961310.396116895601153, 1907841.945059576071799 ], [ 2961310.733243999071419, 1907842.049409958301112 ], [ 2961311.363622939679772, 1907842.20978406118229 ], [ 2961312.003924033604562, 1907842.328277001855895 ], [ 2961312.651539756916463, 1907842.404445400228724 ], [ 2961313.303665196057409, 1907842.437881297199056 ], [ 2961313.957443452440202, 1907842.428489870624617 ], [ 2961314.11219609156251, 1907842.419955352554098 ], [ 2961316.486814390402287, 1907842.27102488768287 ], [ 2961316.984848896972835, 1907842.227308878209442 ], [ 2961317.633652902208269, 1907842.132533721392974 ], [ 2961318.275793401058763, 1907841.995613719569519 ], [ 2961318.908621167298406, 1907841.817125602858141 ], [ 2961319.529206459410489, 1907841.597797737922519 ], [ 2961320.135061025619507, 1907841.338583011412993 ], [ 2961320.723514788784087, 1907841.040568229276687 ], [ 2961321.291944382246584, 1907840.705135597614571 ], [ 2961321.716616901103407, 1907840.420819973340258 ], [ 2961324.124277962371707, 1907838.720677675912157 ], [ 2961324.245896558277309, 1907838.633534936001524 ], [ 2961324.767441416159272, 1907838.227531533921137 ], [ 2961325.262089245952666, 1907837.788786756340414 ], [ 2961325.727720443625003, 1907837.319301247829571 ], [ 2961326.162381659727544, 1907836.820843270048499 ], [ 2961326.564114266075194, 1907836.295789632713422 ], [ 2961326.931224580388516, 1907835.746267049573362 ], [ 2961327.262247451581061, 1907835.174563753651455 ], [ 2961327.555567044764757, 1907834.583298810990527 ], [ 2961327.810144130140543, 1907833.974886531941593 ], [ 2961327.92197214346379, 1907833.666619911324233 ], [ 2961328.692957335617393, 1907831.429558781441301 ], [ 2961328.795659739058465, 1907831.114930194569752 ], [ 2961328.969431485049427, 1907830.48011016799137 ], [ 2961329.075141816865653, 1907829.983578709419817 ], [ 2961329.343640406150371, 1907828.547167457640171 ], [ 2961329.665405313484371, 1907827.520832293666899 ], [ 2961330.126648471225053, 1907827.044134647818282 ], [ 2961331.550644010305405, 1907825.764077222207561 ], [ 2961334.873742055147886, 1907823.661667126696557 ], [ 2961337.42688976880163, 1907822.280824712011963 ], [ 2961338.284631868358701, 1907822.126069993246347 ], [ 2961338.457140683196485, 1907822.177841014461592 ], [ 2961339.087504304945469, 1907822.338117078179494 ], [ 2961339.727805677801371, 1907822.456610459601507 ], [ 2961340.375421713106334, 1907822.532779321772978 ], [ 2961341.027547491714358, 1907822.566215682774782 ], [ 2961341.681326114572585, 1907822.556824733735994 ], [ 2961342.061606422998011, 1907822.531610374571756 ], [ 2961349.418351810891181, 1907821.903486089780927 ], [ 2961349.690843485295773, 1907821.876351967686787 ], [ 2961350.03146218881011, 1907821.832028752891347 ], [ 2961354.569505325518548, 1907821.161959981778637 ], [ 2961355.519847732968628, 1907820.974687765818089 ], [ 2961356.152676069177687, 1907820.796200306154788 ], [ 2961356.773261953145266, 1907820.576873096870258 ], [ 2961357.379117127973586, 1907820.317659014603123 ], [ 2961357.811228710226715, 1907820.10350085189566 ], [ 2961367.168167561292648, 1907815.189090494532138 ], [ 2961367.325632486958057, 1907815.104628110071644 ], [ 2961373.811612330377102, 1907811.551645369501784 ], [ 2961374.377897367812693, 1907811.217408796772361 ], [ 2961374.577422788366675, 1907811.087626334745437 ], [ 2961379.160898092202842, 1907808.029917074134573 ], [ 2961379.507649180479348, 1907807.788143614539877 ], [ 2961380.02919501112774, 1907807.382141096284613 ], [ 2961380.523859388194978, 1907806.943495650077239 ], [ 2961380.989475998561829, 1907806.47391249705106 ], [ 2961381.360682575963438, 1907806.052361521869898 ], [ 2961383.016926547978073, 1907804.065018902998418 ], [ 2961383.080397745128721, 1907803.988211174961179 ], [ 2961383.48213137127459, 1907803.463158318540081 ], [ 2961383.849242695607245, 1907802.913636474870145 ], [ 2961384.104917265009135, 1907802.47970750881359 ], [ 2961388.125170514453202, 1907801.130743502173573 ], [ 2961388.587870738003403, 1907800.963044080184773 ], [ 2961389.193726451601833, 1907800.703830561134964 ], [ 2961389.78219696180895, 1907800.405915438896045 ], [ 2961390.350809581577778, 1907800.070350078865886 ], [ 2961390.897003211546689, 1907799.698910555802286 ], [ 2961391.418549264781177, 1907799.292908233823255 ], [ 2961391.913198296912014, 1907798.854164500720799 ], [ 2961392.378830702509731, 1907798.384679998503998 ], [ 2961392.81349312607199, 1907797.886222990462556 ], [ 2961392.912828119471669, 1907797.762777034193277 ], [ 2961396.398104639723897, 1907793.361445980379358 ], [ 2961397.570092493668199, 1907792.112241677707061 ], [ 2961401.038482037372887, 1907790.702126220101491 ], [ 2961401.510184709914029, 1907790.496356442105025 ], [ 2961402.098639893345535, 1907790.19834307115525 ], [ 2961402.601443993858993, 1907789.904259128961712 ], [ 2961410.496780160814524, 1907784.980493878247216 ], [ 2961420.042471467982978, 1907779.934201766736805 ], [ 2961430.619124535936862, 1907775.316437465837225 ], [ 2961430.850851945579052, 1907775.211862623458728 ], [ 2961431.076076531782746, 1907775.103391690878198 ], [ 2961435.509851471055299, 1907772.901400474365801 ], [ 2961435.873082591686398, 1907772.711858574533835 ], [ 2961436.441612894646823, 1907772.376410181634128 ], [ 2961436.987906045746058, 1907772.004953721538186 ], [ 2961437.509452932979912, 1907771.598952140659094 ], [ 2961437.884225474670529, 1907771.2718484045472 ], [ 2961441.10575239546597, 1907768.320257334969938 ], [ 2961444.352636608760804, 1907766.161362787242979 ], [ 2961449.13160524982959, 1907763.622996734688058 ], [ 2961454.299784760456532, 1907761.377808026969433 ], [ 2961454.548691339790821, 1907761.265694577712566 ], [ 2961455.137162975035608, 1907760.967780584003776 ], [ 2961455.705693618394434, 1907760.63233252055943 ], [ 2961456.251971546560526, 1907760.260777907213196 ], [ 2961456.77351878490299, 1907759.854776641353965 ], [ 2961457.268184582702816, 1907759.41613241052255 ], [ 2961457.610395430587232, 1907759.07694927463308 ], [ 2961459.37943494040519, 1907757.239997064694762 ], [ 2961459.601577006280422, 1907757.147977944463491 ], [ 2961461.723883457481861, 1907756.931027191225439 ], [ 2961461.829767973627895, 1907756.91961856582202 ], [ 2961462.478475328534842, 1907756.824863654561341 ], [ 2961463.120617978274822, 1907756.687946207821369 ], [ 2961463.753447989933193, 1907756.509460645029321 ], [ 2961464.374035613145679, 1907756.290135320276022 ], [ 2961464.979892584029585, 1907756.030923116253689 ], [ 2961465.410322389565408, 1907755.817675973288715 ], [ 2961469.053443796932697, 1907753.905232588993385 ], [ 2961469.21147024165839, 1907753.820467460202053 ], [ 2961469.78009981289506, 1907753.485001913970336 ], [ 2961470.326294850558043, 1907753.113563715247437 ], [ 2961470.847842327319086, 1907752.707562672207132 ], [ 2961471.342492794618011, 1907752.268820181954652 ], [ 2961471.808126641437411, 1907751.79933688044548 ], [ 2961472.086821623146534, 1907751.487249111989513 ], [ 2961474.341869619674981, 1907748.856456757988781 ], [ 2961483.836033303756267, 1907743.95856934087351 ], [ 2961490.354831328615546, 1907740.87687628227286 ], [ 2961490.896238938905299, 1907740.600978971691802 ], [ 2961491.464671500958502, 1907740.265549225034192 ], [ 2961491.756184312514961, 1907740.073689938755706 ], [ 2961495.136316861957312, 1907737.765725411707535 ], [ 2961499.769520741887391, 1907735.760047794785351 ], [ 2961500.030396327376366, 1907735.642748731421307 ], [ 2961500.309527756180614, 1907735.507388814352453 ], [ 2961505.788499888498336, 1907732.746087245410308 ], [ 2961512.464854217134416, 1907729.62478066328913 ], [ 2961513.045856732875109, 1907729.330334856873378 ], [ 2961513.249983066227287, 1907729.21552474424243 ], [ 2961518.389351005200297, 1907726.247535570990294 ], [ 2961524.596971148625016, 1907722.935425881529227 ], [ 2961524.694031394086778, 1907722.882969280472025 ], [ 2961524.898718838579953, 1907722.767856017453596 ], [ 2961539.098489684984088, 1907714.566388429841027 ], [ 2961542.356060251127928, 1907712.987952821422368 ], [ 2961546.215571928303689, 1907711.191008797381073 ], [ 2961546.222564103081822, 1907711.187728647375479 ], [ 2961546.811037261039019, 1907710.889816221781075 ], [ 2961546.94786957744509, 1907710.813513344619423 ], [ 2961550.952989857643843, 1907708.540625800844282 ], [ 2961551.384689788334072, 1907708.281482203165069 ], [ 2961551.766881039831787, 1907708.026970877079293 ], [ 2961555.761222765780985, 1907705.236537553137168 ], [ 2961557.752475582063198, 1907703.888306153472513 ], [ 2961559.349860548041761, 1907703.174596444703639 ], [ 2961559.964057388715446, 1907703.150440540164709 ], [ 2961562.840398825705051, 1907703.257095229113474 ], [ 2961563.025942688807845, 1907703.262275807792321 ], [ 2961563.679708452429622, 1907703.252790164668113 ], [ 2961564.332514429464936, 1907703.200642397860065 ], [ 2961564.981321879662573, 1907703.105871557956561 ], [ 2961565.623465995304286, 1907702.968955890741199 ], [ 2961566.256281968671829, 1907702.79037365061231 ], [ 2961566.87687117792666, 1907702.571050109807402 ], [ 2961567.479036300443113, 1907702.313515171641484 ], [ 2961569.441988097503781, 1907701.398707539308816 ], [ 2961569.445681578945369, 1907701.397032032720745 ], [ 2961570.034139520954341, 1907701.09902152325958 ], [ 2961570.40481913741678, 1907700.885967848589644 ], [ 2961571.89902977924794, 1907699.985109595116228 ], [ 2961572.196026809047908, 1907699.874796486925334 ], [ 2961572.989905652124435, 1907699.630651207640767 ], [ 2961573.078703197650611, 1907699.602968232240528 ], [ 2961576.165270079858601, 1907698.622300724731758 ], [ 2961576.783241326920688, 1907698.40375100588426 ], [ 2961577.389100080821663, 1907698.14454073808156 ], [ 2961577.977573711425066, 1907697.846628830069676 ], [ 2961578.18569527566433, 1907697.729481933638453 ], [ 2961580.563631088007241, 1907696.354790020501241 ], [ 2961583.198570034001023, 1907694.885165288345888 ], [ 2961587.110370357055217, 1907693.000363199273124 ], [ 2961587.583452297374606, 1907692.757083906093612 ], [ 2961587.606984960846603, 1907692.74415188585408 ], [ 2961591.892091740854084, 1907690.383654847973958 ], [ 2961597.932413794100285, 1907688.100345197832212 ], [ 2961598.033264108933508, 1907688.061588022392243 ], [ 2961598.221562846563756, 1907687.985972580034286 ], [ 2961600.601654203608632, 1907687.002379332203418 ], [ 2961601.019214573316276, 1907686.818784896051511 ], [ 2961601.372269029729068, 1907686.645754614146426 ], [ 2961603.460800785571337, 1907685.571908621117473 ], [ 2961603.696220348589122, 1907685.44702740944922 ], [ 2961604.264753444585949, 1907685.11158181889914 ], [ 2961604.811033866833895, 1907684.740029629785568 ], [ 2961605.332583623938262, 1907684.334030715981498 ], [ 2961605.827251958660781, 1907683.895388764794916 ], [ 2961606.292872539721429, 1907683.425808976171538 ], [ 2961606.727455575950444, 1907682.927471204428002 ], [ 2961606.766800198238343, 1907682.879094670061022 ], [ 2961607.591366433538496, 1907682.405347209656611 ], [ 2961608.836223590187728, 1907681.794805354438722 ], [ 2961617.401896211318672, 1907678.224983917083591 ], [ 2961617.791254492476583, 1907678.053033198462799 ], [ 2961618.047160780057311, 1907677.929336029104888 ], [ 2961626.786627045366913, 1907673.552751416573301 ], [ 2961627.119179548695683, 1907673.378438974265009 ], [ 2961627.203741428442299, 1907673.331668715225533 ], [ 2961632.381263385061175, 1907670.433508471818641 ], [ 2961632.399253202602267, 1907670.423393985023722 ], [ 2961636.407803392969072, 1907668.168940004659817 ], [ 2961636.873785313218832, 1907667.890379680553451 ], [ 2961637.289869552478194, 1907667.612065736670047 ], [ 2961638.534710715059191, 1907666.735003095353022 ], [ 2961640.955420577898622, 1907665.711719087557867 ], [ 2961641.297205524053425, 1907665.559850540710613 ], [ 2961641.749185599852353, 1907665.335244909627363 ], [ 2961644.667978942394257, 1907663.794126724591479 ], [ 2961648.915518576744944, 1907661.9342409549281 ], [ 2961652.345620369538665, 1907660.670870119938627 ], [ 2961652.527638326399028, 1907660.601749155670404 ], [ 2961653.133399570826441, 1907660.342557900585234 ], [ 2961653.72187441913411, 1907660.04464727290906 ], [ 2961654.290408341214061, 1907659.709202514030039 ], [ 2961654.836689600721002, 1907659.337651137961075 ], [ 2961655.358240207657218, 1907658.931653019040823 ], [ 2961655.852909396402538, 1907658.493011833634228 ], [ 2961656.318530833348632, 1907658.023432789137587 ], [ 2961656.580768972169608, 1907657.730502614751458 ], [ 2961658.016017488203943, 1907656.064452875871211 ], [ 2961658.188363254070282, 1907655.859045989112929 ], [ 2961658.590086098760366, 1907655.333898402983323 ], [ 2961658.957300859037787, 1907654.784362370148301 ], [ 2961659.288246272597462, 1907654.212779261171818 ], [ 2961659.470037336461246, 1907653.857832949608564 ], [ 2961660.113317118026316, 1907652.539175949292257 ], [ 2961660.543505915440619, 1907652.251850213855505 ], [ 2961661.912500020582229, 1907651.650322517147288 ], [ 2961662.121906952932477, 1907651.555425985949114 ], [ 2961662.710381992626935, 1907651.257515522185713 ], [ 2961663.278916111215949, 1907650.922070931177586 ], [ 2961663.825197572354227, 1907650.550519721116871 ], [ 2961664.346748383250087, 1907650.144521758425981 ], [ 2961664.841417778749019, 1907649.705880725057796 ], [ 2961665.307039424777031, 1907649.23630183073692 ], [ 2961665.741623525507748, 1907648.737964909523726 ], [ 2961666.143460809253156, 1907648.212898196652532 ], [ 2961666.324489836581051, 1907647.951352141797543 ], [ 2961668.030668403021991, 1907645.404094015946612 ], [ 2961668.216740068979561, 1907645.11602341174148 ], [ 2961668.368647693656385, 1907644.864159271121025 ], [ 2961668.809837997891009, 1907644.717032848158851 ], [ 2961670.257849193643779, 1907644.258991497103125 ], [ 2961670.267599614337087, 1907644.255823935149238 ], [ 2961670.334252569824457, 1907644.234444498084486 ], [ 2961670.830355335958302, 1907644.073210102971643 ], [ 2961670.889403348322958, 1907644.05380307813175 ], [ 2961672.759637213312089, 1907643.433305797167122 ], [ 2961673.254527126438916, 1907643.254770563915372 ], [ 2961673.860387466382235, 1907642.99556198134087 ], [ 2961674.448862724006176, 1907642.697651726892218 ], [ 2961674.827039749361575, 1907642.480013449210674 ], [ 2961677.136787906289101, 1907641.084858931368217 ], [ 2961677.327145237475634, 1907640.967052836436778 ], [ 2961677.512630581855774, 1907640.846678147092462 ], [ 2961678.620407906826586, 1907640.965026107383892 ], [ 2961678.840534264221787, 1907640.986076306318864 ], [ 2961679.492648319341242, 1907641.019419860094786 ], [ 2961679.757766623049974, 1907641.020750269526616 ], [ 2961683.83775230916217, 1907640.98734919517301 ], [ 2961684.226416780613363, 1907640.976633632322773 ], [ 2961684.879208738915622, 1907640.924389468738809 ], [ 2961685.00164366979152, 1907640.909808793338016 ], [ 2961689.374569673091173, 1907640.361670266604051 ], [ 2961689.969311849214137, 1907640.391639763023704 ], [ 2961690.440588588826358, 1907640.655002127401531 ], [ 2961691.024872697889805, 1907640.935955997323617 ], [ 2961691.627135464921594, 1907641.177836150396615 ], [ 2961692.244743500836194, 1907641.379393709590659 ], [ 2961692.341979058459401, 1907641.407005393877625 ], [ 2961695.731840789318085, 1907642.352323188679293 ], [ 2961696.264987443108112, 1907642.485091520706192 ], [ 2961696.905292179901153, 1907642.603590573649853 ], [ 2961697.552911904174834, 1907642.679765255656093 ], [ 2961698.205041683744639, 1907642.713207578985021 ], [ 2961698.858824595808983, 1907642.703822686569765 ], [ 2961699.273245783522725, 1907642.675624410621822 ], [ 2961702.628317013848573, 1907642.377598532941192 ], [ 2961702.86668792553246, 1907642.353552907239646 ], [ 2961703.515497177373618, 1907642.258784440811723 ], [ 2961704.157643178943545, 1907642.121871163370088 ], [ 2961704.790461115073413, 1907641.943291310686618 ], [ 2961705.411052352748811, 1907641.723970136372373 ], [ 2961706.016913047526032, 1907641.464762054616585 ], [ 2961706.605388664640486, 1907641.166852296795696 ], [ 2961707.173923367634416, 1907640.831408390309662 ], [ 2961707.720205420162529, 1907640.459857844747603 ], [ 2961708.241756823845208, 1907640.053860532352701 ], [ 2961708.736328117549419, 1907639.615237839752808 ], [ 2961708.750007027294487, 1907639.602251577656716 ], [ 2961716.482592912390828, 1907632.262069429736584 ], [ 2961717.616287747398019, 1907631.718771717278287 ], [ 2961724.125116153620183, 1907630.653144441312179 ], [ 2961724.277296245098114, 1907630.627048642607406 ], [ 2961724.835388309322298, 1907630.510587442666292 ], [ 2961769.947451821528375, 1907619.757145260227844 ], [ 2961815.886817713268101, 1907608.853268656181172 ], [ 2961850.328930333722383, 1907604.291127594187856 ], [ 2961860.146771705709398, 1907603.518751949304715 ], [ 2961860.485599933192134, 1907603.486197981750593 ], [ 2961861.134411009959877, 1907603.391432162839919 ], [ 2961861.776558910030872, 1907603.254521531518549 ], [ 2961862.084524072706699, 1907603.173127997666597 ], [ 2961862.834166778251529, 1907602.962446744553745 ], [ 2961873.419398936443031, 1907601.326403136132285 ], [ 2961881.220663777552545, 1907600.469763769069687 ], [ 2961881.251290750689805, 1907600.466393970884383 ], [ 2961881.90010205283761, 1907600.371628498192877 ], [ 2961881.907306948676705, 1907600.370335505809635 ], [ 2961892.966320679523051, 1907598.377280241576955 ], [ 2961893.43164873495698, 1907598.282026038505137 ], [ 2961895.919632692821324, 1907597.711789504624903 ], [ 2961897.59790228260681, 1907597.504478603135794 ], [ 2961902.061837992630899, 1907597.343162512406707 ], [ 2961902.171737636439502, 1907597.33852816792205 ], [ 2961902.280250530689955, 1907597.332826273981482 ], [ 2961910.595093504525721, 1907596.850444608833641 ], [ 2961913.43249683175236, 1907597.198640700429678 ], [ 2961913.807280684355646, 1907597.237505979137495 ], [ 2961914.45939699979499, 1907597.270853353664279 ], [ 2961915.113182139582932, 1907597.26147202658467 ], [ 2961915.765992135740817, 1907597.209330165293068 ], [ 2961915.859654945321381, 1907597.198293510591611 ], [ 2961920.824935486540198, 1907596.590461501618847 ], [ 2961920.870725433342159, 1907596.584775661816821 ], [ 2961924.273457750678062, 1907596.152246505720541 ], [ 2961925.122120594605803, 1907596.361151756951585 ], [ 2961925.364801736548543, 1907596.41764836711809 ], [ 2961926.005108409561217, 1907596.53615101473406 ], [ 2961926.652730213943869, 1907596.612329362425953 ], [ 2961927.30486221332103, 1907596.645775412674993 ], [ 2961927.385937003884465, 1907596.646921598818153 ], [ 2961930.350628075189888, 1907596.677398001542315 ], [ 2961930.63595418818295, 1907596.676217679632828 ], [ 2961934.981653718277812, 1907596.596476921346039 ], [ 2961935.269038114696741, 1907596.587130009429529 ], [ 2961935.318577974103391, 1907596.584619228495285 ], [ 2961938.674661383964121, 1907596.40977263986133 ], [ 2961938.988674399908632, 1907596.388457345310599 ], [ 2961944.322862380184233, 1907595.942165627144277 ], [ 2961948.050010789185762, 1907596.009277731413022 ], [ 2961948.651648828294128, 1907596.001964292721823 ], [ 2961954.802392126992345, 1907595.741886946605518 ], [ 2961954.850680070929229, 1907595.73980338126421 ], [ 2961954.910588153637946, 1907595.736748382914811 ], [ 2961959.011132461484522, 1907595.518732068128884 ], [ 2961963.240296863950789, 1907595.602587471017614 ], [ 2961971.432867357507348, 1907596.343344790162519 ], [ 2961971.492867672350258, 1907596.348576843040064 ], [ 2961972.145000061020255, 1907596.382023610640317 ], [ 2961972.584944484755397, 1907596.38043721485883 ], [ 2961976.230748114176095, 1907596.286762494593859 ], [ 2961976.444604939315468, 1907596.279066991060972 ], [ 2961977.097399951890111, 1907596.226827652193606 ], [ 2961977.12501934543252, 1907596.223693886538967 ], [ 2961977.834194391034544, 1907596.141590452287346 ], [ 2961979.426398615352809, 1907596.775933645898476 ], [ 2961980.917943028733134, 1907597.421353890560567 ], [ 2961982.426075902767479, 1907598.352093178546056 ], [ 2961984.142393542453647, 1907599.642423409968615 ], [ 2961985.799132267013192, 1907601.124706446425989 ], [ 2961986.151264549233019, 1907601.42474432149902 ], [ 2961986.667189828585833, 1907601.815790125634521 ], [ 2961987.208220145199448, 1907602.171749215107411 ], [ 2961987.772054622881114, 1907602.490907979430631 ], [ 2961988.356371525675058, 1907602.77206286159344 ], [ 2961988.958620588295162, 1907603.013848783215508 ], [ 2961989.576230689883232, 1907603.215410734061152 ], [ 2961989.729927884880453, 1907603.258611548226327 ], [ 2961990.652491467539221, 1907603.509950900683179 ], [ 2961991.1291787289083, 1907603.627134606009349 ], [ 2961991.769485889934003, 1907603.745638263178989 ], [ 2961991.914459880441427, 1907603.76640518149361 ], [ 2962033.923860686831176, 1907609.479534898884594 ], [ 2962071.052416891790926, 1907614.529910669196397 ], [ 2962076.127002125605941, 1907617.146647956687957 ], [ 2962078.095692076720297, 1907620.589201879454777 ], [ 2962078.270372534636408, 1907620.882605190156028 ], [ 2962078.629755774978548, 1907621.421741099096835 ], [ 2962079.024080914445221, 1907621.935366545105353 ], [ 2962079.394281828776002, 1907622.356108692940325 ], [ 2962085.718717778101563, 1907621.221159066073596 ], [ 2962242.608110866509378, 1907581.679064691532403 ], [ 2962308.030034055933356, 1907566.589690337190405 ], [ 2962380.392491335049272, 1907552.934101672843099 ], [ 2962438.460532653145492, 1907546.532485452713445 ], [ 2962489.518154757097363, 1907546.747456407407299 ], [ 2962521.781450809910893, 1907546.986022284487262 ], [ 2962546.451600921340287, 1907545.908030620543286 ], [ 2962574.210718340240419, 1907554.877778522670269 ], [ 2962603.759946438483894, 1907564.425846185069531 ], [ 2962678.143237026408315, 1907593.275799929397181 ], [ 2962794.028944521211088, 1907646.82931237667799 ], [ 2962940.629478869494051, 1907716.305643556872383 ], [ 2963001.476181516889483, 1907740.217426351737231 ], [ 2963099.156348843127489, 1907763.548229966079816 ], [ 2963210.7525420980528, 1907785.722010536352172 ], [ 2963358.700207585468888, 1907812.760191937442869 ], [ 2963414.876344041898847, 1907824.11456788261421 ], [ 2963432.571324286516756, 1907825.628224563086405 ], [ 2963451.333012432325631, 1907816.90342059219256 ], [ 2963488.30256041046232, 1907825.675743462285027 ], [ 2963506.547375741414726, 1907826.420932884095237 ], [ 2963533.596273717004806, 1907816.577100873691961 ], [ 2963542.779702524188906, 1907816.346624390222132 ], [ 2963542.999116629362106, 1907816.338750866008922 ], [ 2963543.651924939826131, 1907816.286536541534588 ], [ 2963543.823608413338661, 1907816.265657669631764 ], [ 2963561.909657250158489, 1907813.908420167863369 ], [ 2963562.158975863363594, 1907813.872701149201021 ], [ 2963571.459164447151124, 1907812.423245193436742 ], [ 2963580.750591890886426, 1907811.601470476249233 ], [ 2963587.340834654867649, 1907811.284378083655611 ], [ 2963587.94007106916979, 1907811.237421822035685 ], [ 2963598.956155981868505, 1907810.042530211852863 ], [ 2963598.999557306524366, 1907810.037781301187351 ], [ 2963599.442647529300302, 1907809.977727340534329 ], [ 2963608.873928219079971, 1907808.486230486305431 ], [ 2963615.613994873128831, 1907809.022437587846071 ], [ 2963616.219036833383143, 1907809.052007365971804 ], [ 2963616.872836169786751, 1907809.042653184151277 ], [ 2963616.876368491910398, 1907809.042525752913207 ], [ 2963622.880974652711302, 1907808.757601596415043 ], [ 2963623.53026700951159, 1907808.705614481586963 ], [ 2963623.604020803235471, 1907808.697040183003992 ], [ 2963629.16681042406708, 1907808.027601853013039 ], [ 2963633.760382641106844, 1907807.521219064481556 ], [ 2963639.788046951871365, 1907807.091304511530325 ], [ 2963640.199524884112179, 1907807.053428493207321 ], [ 2963640.255144125316292, 1907807.046993902651593 ], [ 2963645.267034185584635, 1907806.452903378289193 ], [ 2963654.681040589231998, 1907806.054609823506325 ], [ 2963659.069916559383273, 1907806.654592097969726 ], [ 2963662.953309757634997, 1907807.191547798691317 ], [ 2963663.477312177419662, 1907807.249733299016953 ], [ 2963664.12070537917316, 1907807.283055775566027 ], [ 2963670.856163791380823, 1907807.413226536940783 ], [ 2963670.864932174794376, 1907807.413476114626974 ], [ 2963671.518732014112175, 1907807.404122819891199 ], [ 2963672.033779324032366, 1907807.366500471252948 ], [ 2963679.596763728186488, 1907806.618405640590936 ], [ 2963685.882193583063781, 1907806.89827918424271 ], [ 2963685.982396095059812, 1907806.902275726664811 ], [ 2963688.579674590379, 1907806.991619257023558 ], [ 2963688.738560098689049, 1907806.995719995582476 ], [ 2963689.392360102385283, 1907806.986366990488023 ], [ 2963690.045185417868197, 1907806.934253527550027 ], [ 2963690.69401278719306, 1907806.839516964741051 ], [ 2963691.169404388405383, 1907806.742378775496036 ], [ 2963692.397155574522913, 1907806.460640381323174 ], [ 2963692.773865374736488, 1907806.430116637144238 ], [ 2963693.088344286195934, 1907806.399517649784684 ], [ 2963693.704798189457506, 1907806.310589291388169 ], [ 2963695.298241509124637, 1907806.030075165908784 ], [ 2963696.898927164264023, 1907805.86856170813553 ], [ 2963697.14182189758867, 1907805.887867836281657 ], [ 2963698.056857359595597, 1907806.15700321784243 ], [ 2963698.794639986939728, 1907806.543405303964391 ], [ 2963698.8009352684021, 1907806.546630155062303 ], [ 2963699.385261857882142, 1907806.827808664180338 ], [ 2963699.987536989152431, 1907807.06971754389815 ], [ 2963700.605142789427191, 1907807.271206258796155 ], [ 2963701.235539227724075, 1907807.43161664204672 ], [ 2963701.434027147479355, 1907807.473066616337746 ], [ 2963702.9437888674438, 1907807.772003839723766 ], [ 2963703.385620763525367, 1907807.84908393281512 ], [ 2963703.448083898052573, 1907807.858332426287234 ], [ 2963705.620711431838572, 1907808.172517515253276 ], [ 2963705.922477989457548, 1907808.243841749848798 ], [ 2963706.562797831371427, 1907808.362371869152412 ], [ 2963707.210417878814042, 1907808.438479658681899 ], [ 2963707.862564267124981, 1907808.471953934291378 ], [ 2963707.946991375647485, 1907808.473110100254416 ], [ 2963714.9870211542584, 1907808.54337992053479 ], [ 2963715.556394268758595, 1907808.532871156930923 ], [ 2963715.605130110867321, 1907808.53040572302416 ], [ 2963720.060061101336032, 1907808.298823554767296 ], [ 2963724.819022908806801, 1907808.206816116347909 ], [ 2963725.095967668108642, 1907808.197533214697614 ], [ 2963725.151357807219028, 1907808.194785307394341 ], [ 2963728.554120815824717, 1907808.015674253227189 ], [ 2963730.186213755980134, 1907807.978346093092114 ], [ 2963733.663020607549697, 1907808.142395571339875 ], [ 2963739.390173799358308, 1907808.547247779089957 ], [ 2963743.567343052476645, 1907809.187146097887307 ], [ 2963746.476159054785967, 1907809.70493974769488 ], [ 2963748.737683429382741, 1907810.325902189128101 ], [ 2963749.233271839097142, 1907810.448323962744325 ], [ 2963749.873690711800009, 1907810.566837053280324 ], [ 2963750.280338848009706, 1907810.619749951642007 ], [ 2963754.317818243987858, 1907811.05980694340542 ], [ 2963759.531649824231863, 1907812.313795776106417 ], [ 2963759.723036469426006, 1907812.357836503535509 ], [ 2963760.363356715533882, 1907812.47636745730415 ], [ 2963761.01099275611341, 1907812.552574558416381 ], [ 2963761.307059109210968, 1907812.573075464228168 ], [ 2963769.394528178498149, 1907813.012278329115361 ], [ 2963783.496861068997532, 1907814.543029393535107 ], [ 2963783.734124556183815, 1907814.565877933287993 ], [ 2963794.751035682857037, 1907815.493461777688935 ], [ 2963794.768219084478915, 1907815.494935748632997 ], [ 2963810.151800128631294, 1907816.763223910937086 ], [ 2963814.013595642056316, 1907817.397231442620978 ], [ 2963814.137363517656922, 1907817.416746716480702 ], [ 2963814.45191391184926, 1907817.459146231878549 ], [ 2963822.54821569332853, 1907818.418379263486713 ], [ 2963832.064801431261003, 1907819.795593309681863 ], [ 2963832.440787358675152, 1907819.842666697688401 ], [ 2963841.179385194089264, 1907820.767276216996834 ], [ 2963846.982706836424768, 1907821.402218524133787 ], [ 2963847.227715482469648, 1907821.425905711716041 ], [ 2963847.879863019101322, 1907821.459382217843086 ], [ 2963848.533664378803223, 1907821.450031757820398 ], [ 2963848.967821686994284, 1907821.42013948969543 ], [ 2963851.067272781394422, 1907821.229705863632262 ], [ 2963852.921846267767251, 1907821.226997811114416 ], [ 2963858.539426617324352, 1907822.171408058376983 ], [ 2963858.700833412352949, 1907822.197233674582094 ], [ 2963859.173742949031293, 1907822.257094857050106 ], [ 2963867.23090981412679, 1907823.080477037699893 ], [ 2963876.974724400788546, 1907824.598094743909314 ], [ 2963877.018617470748723, 1907824.604801874840632 ], [ 2963877.66623885370791, 1907824.680912338662893 ], [ 2963878.194787341170013, 1907824.711349394638091 ], [ 2963885.320429735351354, 1907824.931451037991792 ], [ 2963891.867377842776477, 1907825.54417570005171 ], [ 2963897.223375538364053, 1907826.125711553730071 ], [ 2963905.864152350462973, 1907827.133908790536225 ], [ 2963906.179650290403515, 1907827.16560777137056 ], [ 2963906.383919452317059, 1907827.180705992737785 ], [ 2963915.846953014843166, 1907827.782561465166509 ], [ 2963921.463538585696369, 1907828.332235620589927 ], [ 2963921.596076316200197, 1907828.344304664293304 ], [ 2963922.18171847332269, 1907828.376347179757431 ], [ 2963925.975528902374208, 1907828.471796063240618 ], [ 2963929.667455366812646, 1907828.739442790625617 ], [ 2963930.203365941066295, 1907828.763800450833514 ], [ 2963930.857168002985418, 1907828.754451307933778 ], [ 2963931.509979877620935, 1907828.702243255684152 ], [ 2963931.812607142142951, 1907828.663443758850917 ], [ 2963932.819247872568667, 1907828.518796195043251 ], [ 2963933.859675904735923, 1907828.519170750165358 ], [ 2963934.332956146448851, 1907828.508183863945305 ], [ 2963934.985768053680658, 1907828.45597586221993 ], [ 2963935.223851133603603, 1907828.426224333466962 ], [ 2963938.346391554921865, 1907827.998073634924367 ], [ 2963938.53021675394848, 1907827.971170366508886 ], [ 2963941.063015978783369, 1907827.576216735411435 ], [ 2963945.404969959985465, 1907827.145494302269071 ], [ 2963945.539740614127368, 1907827.131239636335522 ], [ 2963945.619068647734821, 1907827.121969735948369 ], [ 2963946.503282538615167, 1907827.01508338120766 ], [ 2963961.024054732639343, 1907821.907502059591934 ], [ 2963989.852563670836389, 1907817.405125031946227 ], [ 2964004.524390876758844, 1907816.782212560763583 ], [ 2964032.972076173406094, 1907831.102810754207894 ], [ 2964059.596733895130455, 1907844.645911445841193 ], [ 2964062.173814789392054, 1907845.185269300127402 ], [ 2964062.720315958373249, 1907845.283675735117868 ], [ 2964063.367923216894269, 1907845.359690644079819 ], [ 2964064.020072504878044, 1907845.393170576309785 ], [ 2964064.67387567833066, 1907845.383823567070067 ], [ 2964065.326688699424267, 1907845.331617648946121 ], [ 2964065.790290599223226, 1907845.268395822495222 ], [ 2964071.706543959211558, 1907844.32042996562086 ], [ 2964072.533956400118768, 1907844.152144241146743 ], [ 2964073.166812328621745, 1907843.973700290312991 ], [ 2964073.626196625176817, 1907843.815744691994041 ], [ 2964074.760838912334293, 1907843.395082533359528 ], [ 2964081.190459298435599, 1907841.087821441702545 ], [ 2964081.19920751079917, 1907841.084733071969822 ], [ 2964085.17787258233875, 1907839.652907418785617 ], [ 2964085.43074572365731, 1907839.558125843759626 ], [ 2964085.480056060943753, 1907839.53874826990068 ], [ 2964108.475834005046636, 1907830.430487844627351 ], [ 2964108.5360590191558, 1907830.406316864071414 ], [ 2964135.520769661758095, 1907819.51890459866263 ], [ 2964181.473219469189644, 1907810.604972150642425 ], [ 2964216.459973732940853, 1907794.165058678714558 ], [ 2964377.990077693015337, 1907771.214465061668307 ], [ 2964542.237177988514304, 1907735.720843271818012 ], [ 2964621.303659678436816, 1907713.499358790693805 ], [ 2964677.244016140233725, 1907702.12487150519155 ], [ 2964730.608077252283692, 1907687.193625137442723 ], [ 2964761.601655365899205, 1907683.643311803461984 ], [ 2964818.985942913684994, 1907668.660903787706047 ], [ 2964882.988623102195561, 1907661.339069036534056 ], [ 2964911.934036657214165, 1907649.308620816329494 ], [ 2964967.19129210151732, 1907616.623440185561776 ], [ 2965037.155588590074331, 1907579.290991974063218 ], [ 2965094.748382404446602, 1907552.884985393378884 ], [ 2965137.59917379450053, 1907535.151758885476738 ], [ 2965171.550758048892021, 1907516.335642176214606 ], [ 2965199.282402698881924, 1907500.64465460088104 ], [ 2965257.076874576508999, 1907500.994788265787065 ], [ 2965290.303222075104713, 1907503.072579263709486 ], [ 2965314.936918949708343, 1907518.748125097481534 ], [ 2965321.639896089211106, 1907529.875976182054728 ], [ 2965327.680884336587042, 1907539.905198408523574 ], [ 2965343.551235905848444, 1907563.850546064786613 ], [ 2965358.457502747420222, 1907598.685553170042112 ], [ 2965381.993677956983447, 1907603.171324458206072 ], [ 2965427.247887471225113, 1907596.393823484424502 ], [ 2965486.085269514005631, 1907581.440897938329726 ], [ 2965505.740620890632272, 1907579.859141027089208 ], [ 2965506.060646437108517, 1907579.828272067941725 ], [ 2965506.554244382306933, 1907579.760195614304394 ], [ 2965529.033869030419737, 1907576.089679650496691 ], [ 2965529.103677679318935, 1907576.077968964818865 ], [ 2965531.524602214340121, 1907575.665223158895969 ], [ 2965532.252227102871984, 1907575.513452585088089 ], [ 2965532.885100296698511, 1907575.33503278112039 ], [ 2965533.505731971003115, 1907575.115772418212146 ], [ 2965533.795888775028288, 1907574.997404014226049 ], [ 2965581.30373945273459, 1907554.766719513339922 ], [ 2965624.827977045439184, 1907536.56871243705973 ], [ 2965636.833001282066107, 1907533.167194206267595 ], [ 2965649.986822712700814, 1907529.443997294642031 ], [ 2965649.992256684694439, 1907529.442415117518976 ], [ 2965655.749781050719321, 1907527.809294913429767 ], [ 2965656.049891650211066, 1907527.719217047793791 ], [ 2965656.670509492047131, 1907527.49986031325534 ], [ 2965656.833848907612264, 1907527.434515534201637 ], [ 2965736.194123839959502, 1907494.894825030816719 ], [ 2965736.197931874543428, 1907494.89323069783859 ], [ 2965751.710776616819203, 1907488.525201871525496 ], [ 2965752.149434979073703, 1907488.333013644441962 ], [ 2965752.574652853421867, 1907488.122578674461693 ], [ 2965850.297686343081295, 1907436.910416920669377 ], [ 2965850.340308267623186, 1907436.887887315824628 ], [ 2965863.789376203902066, 1907429.759063828270882 ], [ 2965888.065053948201239, 1907416.894358549034223 ], [ 2965902.196543951053172, 1907409.411172365769744 ], [ 2965903.761716553010046, 1907408.588715277146548 ], [ 2965907.490075257606804, 1907406.674531387863681 ], [ 2965920.731830874457955, 1907399.903609390603378 ], [ 2965985.543109708465636, 1907359.176401380449533 ], [ 2965996.951632766053081, 1907351.491516212234274 ], [ 2966042.283763686195016, 1907320.955336104379967 ], [ 2966118.209241061937064, 1907273.684820136753842 ], [ 2966172.65098757436499, 1907220.919154750881717 ], [ 2966236.587321204598993, 1907174.864258429501206 ], [ 2966276.109729327727109, 1907146.275344918482006 ], [ 2966346.901514149270952, 1907113.948423150926828 ], [ 2966408.156981230713427, 1907045.004132384201512 ], [ 2966435.455261192284524, 1906992.432765274308622 ], [ 2966453.066641923040152, 1906937.859249026980251 ], [ 2966471.774999551475048, 1906913.938080578576773 ], [ 2966506.598128490149975, 1906885.257536631543189 ], [ 2966532.021595406346023, 1906856.393076395615935 ], [ 2966588.139692119322717, 1906820.154558144509792 ], [ 2966632.986493591219187, 1906789.676598432008177 ], [ 2966645.267245287075639, 1906772.517212985316291 ], [ 2966681.145536709576845, 1906744.582434338284656 ], [ 2966716.823702028952539, 1906756.880879012402147 ], [ 2966763.489548461511731, 1906743.838485253509134 ], [ 2966780.133774088229984, 1906730.570881730411202 ], [ 2966798.214884791057557, 1906726.393668656004593 ], [ 2966808.915148355066776, 1906699.234801213489845 ], [ 2966835.291956938803196, 1906700.113882979610935 ], [ 2966886.128465991467237, 1906695.671932601369917 ], [ 2966952.266942326910794, 1906675.398835582425818 ], [ 2967006.173761803656816, 1906666.667279961053282 ], [ 2967065.211706245318055, 1906660.754972707014531 ], [ 2967136.621239125728607, 1906661.97255287389271 ], [ 2967184.391497925855219, 1906644.058654278283939 ], [ 2967209.618923551402986, 1906637.665444365469739 ], [ 2967219.831803810782731, 1906648.921657171100378 ], [ 2967244.722697636578232, 1906646.328140994999558 ], [ 2967272.975018722005188, 1906623.500761934556067 ], [ 2967304.970830283593386, 1906588.78442292753607 ], [ 2967429.482618412468582, 1906534.675141772022471 ], [ 2967506.560789787210524, 1906494.680121469078586 ], [ 2967514.365365294273943, 1906486.061373962555081 ], [ 2967587.9036312722601, 1906445.424078047974035 ], [ 2967604.066126881167293, 1906436.947538798674941 ], [ 2967745.904232740402222, 1906362.530186587711796 ], [ 2967776.085521759465337, 1906348.465677455067635 ], [ 2967776.111514732241631, 1906348.453524009557441 ], [ 2967781.459959995932877, 1906345.942098597297445 ], [ 2967871.081218547187746, 1906304.141911066602916 ], [ 2967966.919214004650712, 1906264.950736595550552 ], [ 2968060.275256316643208, 1906238.811186114093289 ], [ 2968060.607626167591661, 1906238.711905160686001 ], [ 2968061.102910744026303, 1906238.54068543529138 ], [ 2968123.81977704865858, 1906215.030921809840947 ], [ 2968188.648872933816165, 1906191.695484004449099 ], [ 2968188.73218640871346, 1906191.665156481321901 ], [ 2968263.199297614395618, 1906164.126117111183703 ], [ 2968263.366969749331474, 1906164.062439833302051 ], [ 2968263.972914502024651, 1906163.803338671801612 ], [ 2968264.561460128054023, 1906163.505435490980744 ], [ 2968265.076814843341708, 1906163.203642046777532 ], [ 2968320.133157658390701, 1906128.775672481860965 ], [ 2968320.186424463521689, 1906128.742124836193398 ], [ 2968320.732795026618987, 1906128.370675194077194 ], [ 2968321.243050906807184, 1906127.97430964699015 ], [ 2968340.438711027614772, 1906112.07233927003108 ], [ 2968340.450095483101904, 1906112.062805199762806 ], [ 2968340.558219357393682, 1906111.971730306744576 ], [ 2968379.02511371485889, 1906079.110003629233688 ], [ 2968379.411749840714037, 1906078.762533001368865 ], [ 2968379.789587358944118, 1906078.386363296536729 ], [ 2968406.256878514774144, 1906050.639301896095276 ], [ 2968406.34475321508944, 1906050.545984352007508 ], [ 2968406.779526385478675, 1906050.047717252047732 ], [ 2968407.181354233063757, 1906049.522750903852284 ], [ 2968407.382132139988244, 1906049.23178774677217 ], [ 2968431.048865984659642, 1906013.650073228869587 ], [ 2968431.19615195505321, 1906013.422063182340935 ], [ 2968431.333035170100629, 1906013.204018728807569 ], [ 2968431.352160076145083, 1906013.173452878603712 ], [ 2968431.683192290365696, 1906012.601942135952413 ], [ 2968431.901186096016318, 1906012.162991658085957 ], [ 2968431.29706412460655, 1906011.851067697629333 ], [ 2968427.145342193543911, 1906010.262945895316079 ], [ 2968427.140454359352589, 1906010.260278073139489 ], [ 2968421.551703344099224, 1906007.244824660941958 ], [ 2968418.368428940884769, 1906005.597513784421608 ], [ 2968413.26705224905163, 1906002.899016922106966 ], [ 2968409.301127811428159, 1906000.801166584948078 ], [ 2968401.723368948325515, 1905996.736102785915136 ], [ 2968397.86888060439378, 1905994.753760824911296 ], [ 2968394.341884875670075, 1905992.939934557303786 ], [ 2968391.425033618696034, 1905991.345110560767353 ], [ 2968388.442035878077149, 1905989.767207776429132 ], [ 2968388.357118343003094, 1905989.68269099551253 ], [ 2968385.242144347168505, 1905988.074476858368143 ], [ 2968381.984250382520258, 1905986.211903617950156 ], [ 2968376.028647683560848, 1905983.434665935114026 ], [ 2968372.249095098115504, 1905980.645732601406053 ], [ 2968333.614840966649354, 1905958.556514100870118 ], [ 2968319.567660700064152, 1905978.181938747176901 ], [ 2968311.355349712073803, 1905988.110601646127179 ], [ 2968297.748328017070889, 1906002.49293428263627 ], [ 2968287.250704099889845, 1906014.233330451883376 ], [ 2968277.382020086981356, 1906023.808563763508573 ], [ 2968271.89642084017396, 1906028.693590035429224 ], [ 2968265.469178232364357, 1906032.57738254358992 ], [ 2968250.815851816907525, 1906040.492886670166627 ], [ 2968244.146515696309507, 1906044.42737567727454 ], [ 2968226.637090756557882, 1906055.667079411679879 ], [ 2968221.22129731439054, 1906059.393148345639929 ], [ 2968218.276689951308072, 1906061.560626999707893 ], [ 2968077.593082840554416, 1906096.145262815291062 ], [ 2967971.962680316064507, 1906120.598820011131465 ], [ 2967924.529463839717209, 1906134.297976783243939 ], [ 2967843.603369832038879, 1906157.670400644652545 ], [ 2967752.341990776360035, 1906180.374258364085108 ], [ 2967749.379497232846916, 1906173.764697795268148 ], [ 2967746.788695638999343, 1906167.984844524646178 ], [ 2967737.058558653108776, 1906153.732614795677364 ], [ 2967724.967544186860323, 1906141.441998143680394 ], [ 2967710.883131974376738, 1906131.486373404040933 ], [ 2967695.233194054570049, 1906124.168447529664263 ], [ 2967678.492874674499035, 1906119.710456599015743 ], [ 2967661.171308252029121, 1906118.247838591691107 ], [ 2967643.794721099548042, 1906119.825073495972902 ], [ 2967626.877609066665173, 1906124.398926850641146 ], [ 2967613.59003871306777, 1906129.255651080980897 ], [ 2967599.498797776643187, 1906133.417033549863845 ], [ 2967581.334675812162459, 1906138.66823257599026 ], [ 2967576.378185445442796, 1906140.239688330097124 ], [ 2967563.039912218693644, 1906144.846806561807171 ], [ 2967549.786372336558998, 1906147.945062071317807 ], [ 2967530.200703156646341, 1906152.469252394745126 ], [ 2967524.305382806342095, 1906154.019384329672903 ], [ 2967507.128014139365405, 1906159.092084303963929 ], [ 2967470.772309169173241, 1906169.602757688146085 ], [ 2967451.594010681845248, 1906175.040321426000446 ], [ 2967430.923230144195259, 1906183.440209402004257 ], [ 2967409.787469455972314, 1906194.994274076540023 ], [ 2967374.957314047496766, 1906207.018654746003449 ], [ 2967359.791088932659477, 1906194.549235342536122 ], [ 2967354.183742340188473, 1906190.271419149124995 ], [ 2967339.328650634735823, 1906179.771309447707608 ], [ 2967330.0461190873757, 1906173.966671602567658 ], [ 2967310.637433200143278, 1906163.358535115141422 ], [ 2967292.976872525177896, 1906154.374161469750106 ], [ 2967274.150726830586791, 1906147.136006311979145 ], [ 2967254.045141638256609, 1906141.729696739464998 ], [ 2967235.033036430366337, 1906137.038060981314629 ], [ 2967225.615606832318008, 1906135.195513314800337 ], [ 2967206.914751096162945, 1906132.473272032337263 ], [ 2967200.534873143304139, 1906131.754944048356265 ], [ 2967176.038376294542104, 1906129.922438577283174 ], [ 2967156.661691257730126, 1906129.34648873587139 ], [ 2967135.993492435663939, 1906130.88048722082749 ], [ 2967117.23930770996958, 1906134.243319134926423 ], [ 2967100.243695870041847, 1906138.45015762373805 ], [ 2967094.389547093771398, 1906138.448163380613551 ], [ 2967069.785829090513289, 1906139.258182109333575 ], [ 2967050.720418992452323, 1906140.651664553908631 ], [ 2967045.511240856721997, 1906141.169332002056763 ], [ 2967029.200651555322111, 1906143.220489186467603 ], [ 2967007.825924840755761, 1906144.904841523617506 ], [ 2966989.903222299180925, 1906147.106053855502978 ], [ 2966979.23750436399132, 1906149.002622379455715 ], [ 2966960.639090785291046, 1906153.35020225471817 ], [ 2966955.558003907091916, 1906154.677673433441669 ], [ 2966921.196981182787567, 1906164.61221858067438 ], [ 2966905.155007842928171, 1906168.362198178190738 ], [ 2966899.516241625882685, 1906169.852659950731322 ], [ 2966882.339065609499812, 1906174.925732244271785 ], [ 2966869.241939823143184, 1906178.712405555648729 ], [ 2966860.849330321885645, 1906180.217310980893672 ], [ 2966860.291320072486997, 1906180.258132761577144 ], [ 2966847.310157078783959, 1906181.206978118047118 ], [ 2966831.813966396264732, 1906182.249766549095511 ], [ 2966817.718886377289891, 1906181.454786077141762 ], [ 2966798.395727535709739, 1906174.793951945379376 ], [ 2966770.284269551746547, 1906169.50355090922676 ], [ 2966751.894757964648306, 1906168.75079991412349 ], [ 2966724.945747755467892, 1906171.311951729469001 ], [ 2966706.347216088324785, 1906175.659688118146732 ], [ 2966696.309636192396283, 1906178.558777866419405 ], [ 2966678.022548774722964, 1906184.875775087624788 ], [ 2966660.063062630593777, 1906193.100501261884347 ], [ 2966639.152008373755962, 1906205.322151545900851 ], [ 2966626.400973984505981, 1906213.368926421971992 ], [ 2966614.877645860891789, 1906219.594435051316395 ], [ 2966597.04865369386971, 1906228.171979260165244 ], [ 2966561.408243225887418, 1906246.714245287934318 ], [ 2966555.692007011733949, 1906249.924277077894658 ], [ 2966539.014356328174472, 1906260.003142170375213 ], [ 2966531.232182654552162, 1906265.203805888770148 ], [ 2966516.71348317945376, 1906275.891932060476393 ], [ 2966502.096931234933436, 1906285.67959160450846 ], [ 2966484.733092338312417, 1906300.317938065622002 ], [ 2966470.80792449042201, 1906314.966152442386374 ], [ 2966469.365671503823251, 1906316.592299635522068 ], [ 2966466.075536921154708, 1906320.301716384245083 ], [ 2966456.196221780031919, 1906330.814186018193141 ], [ 2966448.549659455660731, 1906336.172722979215905 ], [ 2966436.96120863314718, 1906342.433475629426539 ], [ 2966436.689261503051966, 1906342.615095903398469 ], [ 2966435.838978094048798, 1906344.020969699835405 ], [ 2966433.08896576333791, 1906355.254763887729496 ], [ 2966426.20974322874099, 1906374.115121061448008 ], [ 2966416.344784198328853, 1906403.184581311885267 ], [ 2966391.491965391673148, 1906453.447377099888399 ], [ 2966365.095420950092375, 1906479.904562113806605 ], [ 2966326.309864614158869, 1906496.76714572054334 ], [ 2966296.030520217958838, 1906530.328554335981607 ], [ 2966247.329700307920575, 1906583.268340098438784 ], [ 2966209.383891591802239, 1906636.28890851768665 ], [ 2966185.254497863352299, 1906674.775421736063436 ], [ 2966171.297604966908693, 1906705.409747143276036 ], [ 2966146.620810724794865, 1906731.938318617409095 ], [ 2966108.404259288217872, 1906766.253507953602821 ], [ 2966076.78704100754112, 1906791.347684305626899 ], [ 2966043.143269042484462, 1906812.116874512750655 ], [ 2966002.245015000924468, 1906854.950730568962172 ], [ 2965991.382076513022184, 1906879.671825548401102 ], [ 2965969.251474260352552, 1906922.119038902455941 ], [ 2965961.407113353721797, 1906940.64045541617088 ], [ 2965939.578339815139771, 1906989.431454810546711 ], [ 2965936.308232323266566, 1907017.544273440726101 ], [ 2965924.778431533370167, 1907116.667330439900979 ], [ 2965919.988177189603448, 1907133.1668050379958 ], [ 2965906.520749727264047, 1907179.553610653616488 ], [ 2965903.567514405585825, 1907190.745239929296076 ], [ 2965895.455341248773038, 1907204.337783796247095 ], [ 2965895.2259291568771, 1907204.742860287893564 ], [ 2965894.932460451498628, 1907205.334100450621918 ], [ 2965894.92546009644866, 1907205.349532489199191 ], [ 2965875.107785981148481, 1907248.922052432550117 ], [ 2965841.08724367339164, 1907294.588012251304463 ], [ 2965837.409966241568327, 1907295.192439327249303 ], [ 2965829.12277832813561, 1907295.951576463645324 ], [ 2965822.914741988293827, 1907295.384650645079091 ], [ 2965822.846697249915451, 1907295.378627358470112 ], [ 2965822.194545625708997, 1907295.345217009540647 ], [ 2965821.540723407641053, 1907295.354534737067297 ], [ 2965820.887874714098871, 1907295.406612619990483 ], [ 2965820.239022912457585, 1907295.501313481247053 ], [ 2965819.59683299716562, 1907295.638159345136955 ], [ 2965818.96396996313706, 1907295.816672255052254 ], [ 2965818.343431357294321, 1907296.035909553756937 ], [ 2965817.737508240621537, 1907296.294954037060961 ], [ 2965817.149000753182918, 1907296.592898457776755 ], [ 2965816.580418240278959, 1907296.928280169609934 ], [ 2965816.034088202752173, 1907297.299770368030295 ], [ 2965815.512488852255046, 1907297.705709454836324 ], [ 2965815.017771162092686, 1907298.144294013269246 ], [ 2965814.552101669833064, 1907298.613819068297744 ], [ 2965814.117371677886695, 1907299.112122716382146 ], [ 2965813.715586761012673, 1907299.637123817810789 ], [ 2965813.704212373588234, 1907299.653137842658907 ], [ 2965810.824754977598786, 1907303.693050896981731 ], [ 2965802.525202814489603, 1907314.335279911058024 ], [ 2965788.868798960931599, 1907325.365326381055638 ], [ 2965755.351035716943443, 1907343.852135749300942 ], [ 2965714.503222418949008, 1907360.938219557050616 ], [ 2965698.77075372915715, 1907361.602602789876983 ], [ 2965647.746103633195162, 1907377.339369519148022 ], [ 2965611.528964936733246, 1907381.825849840883166 ], [ 2965547.409006421454251, 1907396.675369673408568 ], [ 2965510.644492040853947, 1907389.20364015060477 ], [ 2965467.386197271756828, 1907378.878103461815044 ], [ 2965405.847457681782544, 1907371.831302842590958 ], [ 2965344.032625466585159, 1907371.53216393943876 ], [ 2965278.535845265258104, 1907364.662150849122554 ], [ 2965230.809532329440117, 1907372.58128774468787 ], [ 2965230.679795830510557, 1907372.603646660456434 ], [ 2965230.460571866482496, 1907372.645499433856457 ], [ 2965213.109786944463849, 1907376.155291964299977 ], [ 2965162.225086282938719, 1907402.133359717437997 ], [ 2965121.297773409634829, 1907423.540266511496156 ], [ 2965082.432604661677033, 1907439.201159505639225 ], [ 2965055.664499503560364, 1907450.048699763836339 ], [ 2965014.018764820881188, 1907454.169933204073459 ], [ 2964971.168204350862652, 1907471.903242045780644 ], [ 2964926.152926512528211, 1907488.685313615016639 ], [ 2964870.006297128275037, 1907498.756849404424429 ], [ 2964839.319268803112209, 1907516.987774168141186 ], [ 2964797.362641546875238, 1907531.881680234568194 ], [ 2964767.606899615842849, 1907530.5213704763446 ], [ 2964754.034657909534872, 1907529.607020975090563 ], [ 2964666.960227992385626, 1907560.632209528936073 ], [ 2964637.031431913841516, 1907566.670870338799432 ], [ 2964548.618661700747907, 1907589.228931903140619 ], [ 2964474.775032810866833, 1907610.513796334387735 ], [ 2964390.796854281798005, 1907622.899991659680381 ], [ 2964340.310847314074636, 1907629.637021601200104 ], [ 2964327.171626566909254, 1907635.423538920236751 ], [ 2964304.912873327732086, 1907642.799966069636866 ], [ 2964234.283360718283802, 1907643.610846155323088 ], [ 2964144.501907153055072, 1907636.274784660199657 ], [ 2964055.210099690593779, 1907621.027066654525697 ], [ 2964055.306193044409156, 1907619.981003065826371 ], [ 2964033.213489469606429, 1907616.052460210165009 ], [ 2963950.590749312657863, 1907607.029761115089059 ], [ 2963950.37181907473132, 1907607.023368481779471 ], [ 2963949.86527808662504, 1907607.026853912044317 ], [ 2963940.475328888744116, 1907607.330421542283148 ], [ 2963940.328050806187093, 1907607.3361861477606 ], [ 2963939.675237383693457, 1907607.388393636094406 ], [ 2963939.599789613857865, 1907607.397169859381393 ], [ 2963930.698863848578185, 1907608.469889261061326 ], [ 2963921.791664071381092, 1907608.392181704752147 ], [ 2963911.371037490665913, 1907607.523040309315547 ], [ 2963911.174284452106804, 1907607.508618744090199 ], [ 2963895.195571618154645, 1907606.495194835821167 ], [ 2963894.749447800219059, 1907606.477006864966825 ], [ 2963894.467386995442212, 1907606.475763441063464 ], [ 2963882.128399098757654, 1907606.597149478038773 ], [ 2963867.894012188538909, 1907605.594330451451242 ], [ 2963867.775363923981786, 1907605.586655507562682 ], [ 2963859.774459868203849, 1907605.119237583130598 ], [ 2963851.756993625313044, 1907604.454597111558542 ], [ 2963844.38041244354099, 1907603.381724354811013 ], [ 2963843.787462061271071, 1907603.313729223329574 ], [ 2963843.135313478298485, 1907603.280252491356805 ], [ 2963843.059311687014997, 1907603.279103334760293 ], [ 2963834.162779435515404, 1907603.182794656138867 ], [ 2963823.430489704944193, 1907601.124166518216953 ], [ 2963823.255635045468807, 1907601.0922475613188 ], [ 2963813.833986811339855, 1907599.460436858935282 ], [ 2963813.624609305988997, 1907599.426509308861569 ], [ 2963812.976971962023526, 1907599.350301154423505 ], [ 2963812.488831477239728, 1907599.32122247829102 ], [ 2963802.563495786860585, 1907598.974472237285227 ], [ 2963796.453401349484921, 1907598.257764908950776 ], [ 2963796.13168559782207, 1907598.225258179474622 ], [ 2963795.47955296933651, 1907598.191880672238767 ], [ 2963795.031203033402562, 1907598.19363689632155 ], [ 2963787.070027872920036, 1907598.404450255911797 ], [ 2963779.160501530393958, 1907596.888083634199575 ], [ 2963778.77720454428345, 1907596.822373535484076 ], [ 2963778.129567475989461, 1907596.746165925869718 ], [ 2963777.70790702663362, 1907596.71964120795019 ], [ 2963765.633448370732367, 1907596.2170195505023 ], [ 2963757.602626909501851, 1907595.057597017847002 ], [ 2963757.020060864277184, 1907594.991081871790811 ], [ 2963756.367912992369384, 1907594.957606523996219 ], [ 2963755.895117464475334, 1907594.960103504825383 ], [ 2963750.049020088277757, 1907595.129375538323075 ], [ 2963741.076302519068122, 1907593.456432098522782 ], [ 2963740.742295469157398, 1907593.400106577202678 ], [ 2963740.094658698886633, 1907593.32389956782572 ], [ 2963739.442510965280235, 1907593.290424486389384 ], [ 2963739.209020094946027, 1907593.288873155601323 ], [ 2963732.830331658478826, 1907593.320593271171674 ], [ 2963732.410020868759602, 1907593.331496513681486 ], [ 2963732.238779962062836, 1907593.341054772958159 ], [ 2963722.611640944611281, 1907593.959829768631607 ], [ 2963722.389980263076723, 1907593.976611105725169 ], [ 2963716.85936198849231, 1907594.455453337170184 ], [ 2963716.77400337997824, 1907594.46317276218906 ], [ 2963716.492011194583029, 1907594.489968049805611 ], [ 2963711.390148429200053, 1907594.75579190463759 ], [ 2963705.622554091736674, 1907593.982816025847569 ], [ 2963698.902232258580625, 1907592.359437195817009 ], [ 2963698.701241199858487, 1907592.313069336814806 ], [ 2963698.060920726507902, 1907592.194539177697152 ], [ 2963697.784040655940771, 1907592.156723425257951 ], [ 2963690.428502575028688, 1907591.256706839194521 ], [ 2963690.255168128758669, 1907591.236971013247967 ], [ 2963681.487628489732742, 1907590.320621344028041 ], [ 2963674.74244027864188, 1907589.595449676737189 ], [ 2963674.515809867996722, 1907589.573731855489314 ], [ 2963673.863662681542337, 1907589.5402578166686 ], [ 2963673.209861557930708, 1907589.549610720016062 ], [ 2963672.557034960947931, 1907589.601724040694535 ], [ 2963672.365964146330953, 1907589.62516902317293 ], [ 2963669.18492246652022, 1907590.046012286329642 ], [ 2963661.523572230711579, 1907588.807665380183607 ], [ 2963661.42366763856262, 1907588.7920714719221 ], [ 2963660.77604706864804, 1907588.715964175062254 ], [ 2963660.123899999540299, 1907588.682490362320095 ], [ 2963659.923981927335262, 1907588.680789432488382 ], [ 2963652.424184777773917, 1907588.692910150857642 ], [ 2963643.176054291427135, 1907588.195844551548362 ], [ 2963642.965145777445287, 1907588.186900645494461 ], [ 2963637.665854169521481, 1907588.014753911178559 ], [ 2963627.12859937781468, 1907587.055530816549435 ], [ 2963619.068808848503977, 1907586.061430872185156 ], [ 2963618.885547927580774, 1907586.040539699140936 ], [ 2963608.158736653160304, 1907584.91979286656715 ], [ 2963607.961725344881415, 1907584.901166202267632 ], [ 2963607.702529801987112, 1907584.882759802276269 ], [ 2963601.621852015145123, 1907584.529907708521932 ], [ 2963601.593895106576383, 1907584.528341462370008 ], [ 2963600.952605507336557, 1907584.492920713266358 ], [ 2963593.675195269752294, 1907583.665890245931223 ], [ 2963582.110188670456409, 1907581.456790528260171 ], [ 2963581.733385574072599, 1907581.392347629647702 ], [ 2963581.085750062949955, 1907581.316143110860139 ], [ 2963580.637427124194801, 1907581.288530974881724 ], [ 2963566.667638039216399, 1907580.74446320370771 ], [ 2963556.616713061463088, 1907580.338288017082959 ], [ 2963556.398293003439903, 1907580.331907420419157 ], [ 2963556.006471970118582, 1907580.332334312610328 ], [ 2963548.881268087308854, 1907580.480907505378127 ], [ 2963538.69275080319494, 1907580.204027170548216 ], [ 2963538.605965529102832, 1907580.202079258160666 ], [ 2963538.453759850002825, 1907580.200426024850458 ], [ 2963528.849149418063462, 1907580.169965451350436 ], [ 2963528.718277814798057, 1907580.168433856684715 ], [ 2963528.674970803782344, 1907580.168001493439078 ], [ 2963527.932393087074161, 1907580.162804743042216 ], [ 2963527.80926114320755, 1907580.162719894666225 ], [ 2963525.216423123609275, 1907580.176585349952802 ], [ 2963525.194117637351155, 1907580.176739297341555 ], [ 2963518.214775483589619, 1907580.229682738427073 ], [ 2963512.936976100318134, 1907580.125391480978578 ], [ 2963507.74160535261035, 1907579.861304268939421 ], [ 2963504.622616150416434, 1907577.190321923932061 ], [ 2963498.161408095620573, 1907570.115303828381002 ], [ 2963497.691471218597144, 1907569.593359430553392 ], [ 2963497.548096359707415, 1907569.437620777636766 ], [ 2963497.15770267881453, 1907569.045805359724909 ], [ 2963496.926436133217067, 1907568.826547319767997 ], [ 2963491.222790239844471, 1907563.34294690634124 ], [ 2963489.430256722029299, 1907561.611661633243784 ], [ 2963488.215052754618227, 1907560.431253729853779 ], [ 2963488.061328721698374, 1907560.285169122274965 ], [ 2963487.572888055350631, 1907559.860617514234036 ], [ 2963487.056957315653563, 1907559.469554055249318 ], [ 2963486.515920534729958, 1907559.113576250849292 ], [ 2963485.952078617177904, 1907558.794397802557796 ], [ 2963485.367753332015127, 1907558.513222361216322 ], [ 2963484.76549497526139, 1907558.271415067603812 ], [ 2963484.147890279535204, 1907558.069929503835738 ], [ 2963483.517494844738394, 1907557.909522314555943 ], [ 2963483.196554546244442, 1907557.84467765991576 ], [ 2963483.070455287117511, 1907557.821328660240397 ], [ 2963477.242194745689631, 1907556.67032280494459 ], [ 2963469.773790303617716, 1907554.58182929828763 ], [ 2963469.233864277601242, 1907554.447315872414038 ], [ 2963468.593529898207635, 1907554.328690781258047 ], [ 2963467.946009475272149, 1907554.252568790689111 ], [ 2963467.293863902334124, 1907554.219098011963069 ], [ 2963466.640064441598952, 1907554.228454190772027 ], [ 2963465.987270687241107, 1907554.280767739517614 ], [ 2963465.795493915677071, 1907554.304239170625806 ], [ 2963459.812275432981551, 1907555.096213963348418 ], [ 2963459.778567181434482, 1907555.100641561904922 ], [ 2963453.965772848576307, 1907555.890090224333107 ], [ 2963451.162091612815857, 1907556.016115934820846 ], [ 2963445.375994401052594, 1907555.253790031885728 ], [ 2963444.914611607789993, 1907555.203915873542428 ], [ 2963444.262466239742935, 1907555.170445465715602 ], [ 2963443.608698128722608, 1907555.179998965468258 ], [ 2963442.955873461440206, 1907555.232115943450481 ], [ 2963442.307046633213758, 1907555.326855974039063 ], [ 2963441.664882533252239, 1907555.463740937411785 ], [ 2963441.032046051695943, 1907555.642292701872066 ], [ 2963440.630597892217338, 1907555.778924542712048 ], [ 2963433.920671198982745, 1907558.220426104962826 ], [ 2963433.70149368327111, 1907558.302989273099229 ], [ 2963433.095613897778094, 1907558.562170205870643 ], [ 2963432.507134562823921, 1907558.860151859465986 ], [ 2963431.938580464106053, 1907559.195569891715422 ], [ 2963431.392263422254473, 1907559.566996899899095 ], [ 2963430.870692651718855, 1907559.972970054252073 ], [ 2963430.692914635874331, 1907560.124153564451262 ], [ 2963425.081597283482552, 1907565.006535965716466 ], [ 2963424.764701732434332, 1907565.294068252667785 ], [ 2963424.650501729454845, 1907565.403769882861525 ], [ 2963418.135101592168212, 1907571.757482676999643 ], [ 2963412.96178026124835, 1907575.689819240942597 ], [ 2963410.877829276956618, 1907576.8912331413012 ], [ 2963408.282986341975629, 1907577.579368201084435 ], [ 2963404.833887499757111, 1907577.839019146282226 ], [ 2963397.706827364861965, 1907577.187373558524996 ], [ 2963390.252411385066807, 1907576.16835038177669 ], [ 2963386.880005616694689, 1907574.877888697432354 ], [ 2963386.72588759707287, 1907574.820479788584635 ], [ 2963386.108268017880619, 1907574.618897202890366 ], [ 2963385.956370809115469, 1907574.576177951414138 ], [ 2963379.907982998527586, 1907572.927079602144659 ], [ 2963369.748299855738878, 1907569.283360617933795 ], [ 2963359.281764125917107, 1907565.42827784596011 ], [ 2963349.314735135994852, 1907561.464235717896372 ], [ 2963349.041617755312473, 1907561.360331851057708 ], [ 2963348.999310683924705, 1907561.345037229824811 ], [ 2963337.582582312636077, 1907557.254582997178659 ], [ 2963332.931465605273843, 1907555.13252334157005 ], [ 2963322.426416647154838, 1907547.488536885473877 ], [ 2963322.317873963154852, 1907547.410597095033154 ], [ 2963321.776853496208787, 1907547.054719835752621 ], [ 2963321.212898151949048, 1907546.735462808283046 ], [ 2963320.628589359577745, 1907546.454388096928596 ], [ 2963320.480129410047084, 1907546.390394845977426 ], [ 2963315.420894594397396, 1907544.260045474860817 ], [ 2963314.967081656679511, 1907544.082135380012915 ], [ 2963314.841464118566364, 1907544.037435386329889 ], [ 2963307.491379799321294, 1907541.478746580891311 ], [ 2963306.999393801670521, 1907541.321963597787544 ], [ 2963306.425389552954584, 1907541.17412439128384 ], [ 2963300.617286127060652, 1907539.863584688631818 ], [ 2963295.900354365818202, 1907537.162775319302455 ], [ 2963289.513099380768836, 1907533.378512835130095 ], [ 2963289.062223352026194, 1907533.127369649941102 ], [ 2963288.477899179328233, 1907532.846196918515489 ], [ 2963288.467214772477746, 1907532.841531864134595 ], [ 2963280.413076521828771, 1907529.303383828606457 ], [ 2963280.275202338118106, 1907529.244073478737846 ], [ 2963269.391218393109739, 1907524.661003639223054 ], [ 2963268.937504361849278, 1907524.483076334465295 ], [ 2963268.451758123002946, 1907524.32082001096569 ], [ 2963263.178651939146221, 1907522.711062304675579 ], [ 2963256.615554231218994, 1907519.603194515919313 ], [ 2963256.37522085942328, 1907519.493510404136032 ], [ 2963255.772948333993554, 1907519.251607924699783 ], [ 2963255.745179955847561, 1907519.241603319533169 ], [ 2963249.562742209527642, 1907517.015482595888898 ], [ 2963248.972907418385148, 1907516.824005102040246 ], [ 2963248.90072225080803, 1907516.803337539546192 ], [ 2963239.306103168986738, 1907514.100258572259918 ], [ 2963238.747993271797895, 1907513.960504913702607 ], [ 2963238.527715775649995, 1907513.914764514192939 ], [ 2963229.686201248317957, 1907512.184882181696594 ], [ 2963220.188830451108515, 1907508.027040012413636 ], [ 2963212.488712854683399, 1907504.478549573337659 ], [ 2963212.340310680679977, 1907504.411711015040055 ], [ 2963211.738038419745862, 1907504.169809164246544 ], [ 2963211.120435489341617, 1907503.968327628914267 ], [ 2963210.804476072080433, 1907503.882339069852605 ], [ 2963202.651277782861143, 1907501.809932684293017 ], [ 2963189.941449180245399, 1907498.076997541822493 ], [ 2963181.793554651550949, 1907495.67281944048591 ], [ 2963181.749714842066169, 1907495.660027778707445 ], [ 2963181.119321461766958, 1907495.499625154305249 ], [ 2963180.954904358834028, 1907495.465026278514415 ], [ 2963170.28638900956139, 1907493.313824425218627 ], [ 2963160.448460433632135, 1907490.764695230871439 ], [ 2963160.09000978898257, 1907490.678938868688419 ], [ 2963159.627565114758909, 1907490.588956208666787 ], [ 2963152.494705541990697, 1907489.377300756750628 ], [ 2963152.316849182359874, 1907489.348860044963658 ], [ 2963151.814339708536863, 1907489.286014775047079 ], [ 2963141.933337494730949, 1907488.306389896431938 ], [ 2963133.216053154319525, 1907486.179669790668413 ], [ 2963132.99344452098012, 1907486.128171248361468 ], [ 2963132.811517300084233, 1907486.090031006373465 ], [ 2963125.323743658140302, 1907484.594123075483367 ], [ 2963116.853885571472347, 1907481.854727201862261 ], [ 2963109.181570105720311, 1907478.720900396816432 ], [ 2963108.824852918740362, 1907478.583189618773758 ], [ 2963108.600409985519946, 1907478.504679465666413 ], [ 2963098.903238268103451, 1907475.244662320706993 ], [ 2963090.316881408914924, 1907471.279127645073459 ], [ 2963090.20676554646343, 1907471.229115417925641 ], [ 2963079.58564713364467, 1907466.482785587199032 ], [ 2963075.186493063811213, 1907463.986647465731949 ], [ 2963068.781546187587082, 1907459.532503697788343 ], [ 2963068.30089608207345, 1907459.218859448563308 ], [ 2963067.736957688815892, 1907458.899704297538847 ], [ 2963067.332476844079792, 1907458.699984011473134 ], [ 2963062.519493944942951, 1907456.461181685561314 ], [ 2963062.339651898480952, 1907456.379732344066724 ], [ 2963062.153815041296184, 1907456.300168729387224 ], [ 2963058.886138231493533, 1907454.940211770357564 ], [ 2963058.469703745096922, 1907454.777875713072717 ], [ 2963058.38739604037255, 1907454.748392202891409 ], [ 2963049.678100782912225, 1907451.670617813710123 ], [ 2963042.409118379000574, 1907448.889737789519131 ], [ 2963042.255541087128222, 1907448.832537005422637 ], [ 2963041.637923656962812, 1907448.6309594954364 ], [ 2963041.543226576410234, 1907448.604002797510475 ], [ 2963037.970503162592649, 1907447.606517834356055 ], [ 2963031.669594680890441, 1907445.08230667677708 ], [ 2963031.373727621044964, 1907444.969322830438614 ], [ 2963031.181987810879946, 1907444.901856122771278 ], [ 2963025.309582483954728, 1907442.904588995501399 ], [ 2963024.883704956620932, 1907442.77047840738669 ], [ 2963024.611336808651686, 1907442.695707237813622 ], [ 2963017.739373726770282, 1907440.91545896907337 ], [ 2963011.134708532132208, 1907439.090592916822061 ], [ 2963010.624065390788019, 1907438.964097101707011 ], [ 2963010.509883212856948, 1907438.939725286560133 ], [ 2963003.665983788669109, 1907437.52253320789896 ], [ 2962998.98484246712178, 1907436.210127217927948 ], [ 2962990.382686687167734, 1907432.621006601722911 ], [ 2962990.335014551877975, 1907432.60130810411647 ], [ 2962981.536941858939826, 1907428.985066056717187 ], [ 2962976.267865194939077, 1907426.666900742333382 ], [ 2962975.671370258554816, 1907426.427510105073452 ], [ 2962975.101441905368119, 1907426.239958398044109 ], [ 2962968.692318467888981, 1907424.346090806880966 ], [ 2962968.644645378924906, 1907424.332164465682581 ], [ 2962968.405837797559798, 1907424.266156278317794 ], [ 2962963.216671186499298, 1907422.902230157982558 ], [ 2962962.825185495428741, 1907422.807821263791993 ], [ 2962962.184870195575058, 1907422.689302404643968 ], [ 2962961.54455811297521, 1907422.613819528603926 ], [ 2962955.605366241186857, 1907422.108598756138235 ], [ 2962955.598047266714275, 1907422.107886748854071 ], [ 2962955.297271810472012, 1907422.087122939992696 ], [ 2962945.782208471558988, 1907421.575034824432805 ], [ 2962945.557099903002381, 1907421.565503538353369 ], [ 2962940.253174704499543, 1907421.400461869314313 ], [ 2962940.12701569031924, 1907421.397276598960161 ], [ 2962939.576171332038939, 1907421.402345349080861 ], [ 2962934.240359490737319, 1907421.598659811075777 ], [ 2962929.252348749898374, 1907421.320937083102763 ], [ 2962926.35208435356617, 1907420.902729459572583 ], [ 2962923.491945914458483, 1907420.433374334592372 ], [ 2962922.323888622224331, 1907419.746988465776667 ], [ 2962920.679004451259971, 1907417.596236083190888 ], [ 2962920.522085019852966, 1907417.396551558747888 ], [ 2962916.922941396478564, 1907412.937704619253054 ], [ 2962914.295963702723384, 1907406.519468308892101 ], [ 2962914.189527948852628, 1907406.269309171941131 ], [ 2962909.425323940813541, 1907395.493852660991251 ], [ 2962909.404994997195899, 1907395.448084201663733 ], [ 2962909.119985355064273, 1907394.865117989480495 ], [ 2962909.010102720465511, 1907394.663778300164267 ], [ 2962903.220677960664034, 1907384.350042052567005 ], [ 2962903.007726184092462, 1907383.989176728995517 ], [ 2962902.786828573793173, 1907383.648673206102103 ], [ 2962898.487273978069425, 1907377.314658982679248 ], [ 2962895.006766599602997, 1907371.947874071076512 ], [ 2962894.755418248940259, 1907371.579114021267742 ], [ 2962894.370634356047958, 1907371.077035806840286 ], [ 2962891.117673797532916, 1907367.107855647802353 ], [ 2962889.704137362539768, 1907364.50659529841505 ], [ 2962889.426460700109601, 1907364.028436626773328 ], [ 2962889.067193377763033, 1907363.489376045996323 ], [ 2962888.672869126312435, 1907362.975744365248829 ], [ 2962888.245258908718824, 1907362.489755377173424 ], [ 2962888.056828809436411, 1907362.294914930360392 ], [ 2962887.578340009786189, 1907361.425460634985939 ], [ 2962887.325527147389948, 1907360.992864303989336 ], [ 2962887.294119063764811, 1907360.942501746118069 ], [ 2962885.563337393570691, 1907358.186121654231101 ], [ 2962884.043658696580678, 1907355.725624299608171 ], [ 2962884.037016660906374, 1907355.715069637168199 ], [ 2962883.677733833901584, 1907355.175910655409098 ], [ 2962883.283409642055631, 1907354.662279037293047 ], [ 2962882.855799480341375, 1907354.17629011743702 ], [ 2962882.688533507287502, 1907354.002967817476019 ], [ 2962879.30390493106097, 1907350.580637309700251 ], [ 2962875.736042527481914, 1907346.272127128439024 ], [ 2962874.536842862144113, 1907344.821837513474748 ], [ 2962874.12655820325017, 1907344.356840437510982 ], [ 2962873.667516238521785, 1907343.900591943413019 ], [ 2962873.425331845879555, 1907343.682891530916095 ], [ 2962865.786529029719532, 1907337.046204027021304 ], [ 2962860.366259201429784, 1907331.982314297929406 ], [ 2962860.348777136299759, 1907331.966110000619665 ], [ 2962860.342586227227002, 1907331.960335004143417 ], [ 2962853.166797611862421, 1907325.301024643005803 ], [ 2962852.893653128761798, 1907325.056981930276379 ], [ 2962845.535902409348637, 1907318.729755833512172 ], [ 2962845.326784477103502, 1907318.554930930957198 ], [ 2962844.810955586377531, 1907318.163857684703544 ], [ 2962844.729250059463084, 1907318.106723194476217 ], [ 2962836.988167434930801, 1907312.754275562940165 ], [ 2962835.208947511389852, 1907311.521272859536111 ], [ 2962834.741080837324262, 1907311.216577943181619 ], [ 2962834.714123997837305, 1907311.200149751966819 ], [ 2962826.221412346698344, 1907306.0490999922622 ], [ 2962825.684530907776207, 1907305.746358630247414 ], [ 2962825.51285610999912, 1907305.658786854473874 ], [ 2962818.767719292547554, 1907302.300729570444673 ], [ 2962818.746901365928352, 1907302.290389502421021 ], [ 2962816.16628805315122, 1907301.013341819634661 ], [ 2962806.263436857610941, 1907295.979022012092173 ], [ 2962806.064934126567096, 1907295.880973507650197 ], [ 2962796.702322648838162, 1907291.38635625410825 ], [ 2962796.415196675341576, 1907291.254186094272882 ], [ 2962796.354035621974617, 1907291.227490784367546 ], [ 2962789.215229935478419, 1907288.139360203407705 ], [ 2962783.599664471112192, 1907285.655045971274376 ], [ 2962783.587229697033763, 1907285.649581243982539 ], [ 2962783.143642752431333, 1907285.467007111757994 ], [ 2962777.152803926728666, 1907283.171241420088336 ], [ 2962769.902044724673033, 1907280.221780864521861 ], [ 2962763.342227445915341, 1907277.289908197708428 ], [ 2962756.041277431882918, 1907273.395057973451912 ], [ 2962751.13350737746805, 1907269.807373833609745 ], [ 2962751.051984406076372, 1907269.746257550781593 ], [ 2962745.606111288070679, 1907265.494343722937629 ], [ 2962737.804658911190927, 1907259.162908612051979 ], [ 2962731.154311133548617, 1907253.216097139986232 ], [ 2962727.95069663412869, 1907250.229942905716598 ], [ 2962724.594023460987955, 1907247.102549852104858 ], [ 2962719.577343297656626, 1907241.683133224723861 ], [ 2962717.848366152029485, 1907239.806813150877133 ], [ 2962708.680697971954942, 1907229.291618318995461 ], [ 2962703.465027741156518, 1907221.958609278779477 ], [ 2962703.447697704657912, 1907221.934378061443567 ], [ 2962703.053488834295422, 1907221.420829075854272 ], [ 2962703.0332862585783, 1907221.396404450526461 ], [ 2962694.555968440137804, 1907211.153782977024093 ], [ 2962692.061360876075923, 1907207.708169552264735 ], [ 2962691.797353783622384, 1907207.342796364799142 ], [ 2962687.830286808777601, 1907201.03167882701382 ], [ 2962687.504973376169801, 1907200.54688029573299 ], [ 2962687.110551699064672, 1907200.03326845751144 ], [ 2962686.831359386909753, 1907199.708593471441418 ], [ 2962678.645016019232571, 1907190.603496799711138 ], [ 2962670.158468753099442, 1907180.349981746869162 ], [ 2962665.062726659700274, 1907173.925149854039773 ], [ 2962664.95571075193584, 1907173.792661372339353 ], [ 2962664.52821626747027, 1907173.306755674537271 ], [ 2962660.992883837781847, 1907169.54937384207733 ], [ 2962660.619923541322351, 1907169.174083720194176 ], [ 2962657.505608667619526, 1907166.207050781464204 ], [ 2962655.012394062243402, 1907163.322386406594887 ], [ 2962654.738439658191055, 1907163.018644496565685 ], [ 2962654.321545990649611, 1907162.601720399456099 ], [ 2962649.07924927258864, 1907157.669669328490272 ], [ 2962642.986058191396296, 1907151.486095807980746 ], [ 2962638.189353250898421, 1907146.064890022855252 ], [ 2962637.989603873342276, 1907145.845956346951425 ], [ 2962637.888775326311588, 1907145.740407377714291 ], [ 2962629.787221791222692, 1907137.386056896997616 ], [ 2962625.56742801470682, 1907132.784036173252389 ], [ 2962624.194508541375399, 1907130.225219910265878 ], [ 2962621.397478863596916, 1907124.305459564784542 ], [ 2962621.194083517417312, 1907123.899743699468672 ], [ 2962620.871251142583787, 1907123.33754137577489 ], [ 2962620.511871410533786, 1907122.798402753658593 ], [ 2962620.436210135929286, 1907122.694109850097448 ], [ 2962614.051517950370908, 1907114.021366721717641 ], [ 2962613.732971140183508, 1907113.612111665541306 ], [ 2962613.547184783965349, 1907113.39290043967776 ], [ 2962606.653085821308196, 1907105.497111037606373 ], [ 2962602.062741186004132, 1907099.652870370540768 ], [ 2962601.927281170617789, 1907099.484272280475125 ], [ 2962601.499672956764698, 1907098.998286592774093 ], [ 2962601.449970312882215, 1907098.945840148953721 ], [ 2962595.209797695279121, 1907092.412257771939039 ], [ 2962594.800460268743336, 1907092.00845907186158 ], [ 2962594.312024224549532, 1907091.583918139338493 ], [ 2962593.93444259185344, 1907091.292391831753775 ], [ 2962584.516031310893595, 1907084.384430498350412 ], [ 2962584.37777015240863, 1907084.284788417629898 ], [ 2962583.836753954645246, 1907083.928920912789181 ], [ 2962583.272917188704014, 1907083.609754740493372 ], [ 2962583.014288664329797, 1907083.479358496144414 ], [ 2962573.779445566236973, 1907078.996096217771992 ], [ 2962573.453754098620266, 1907078.845329745206982 ], [ 2962573.266494947951287, 1907078.765112331369892 ], [ 2962563.4306531092152, 1907074.673330094199628 ], [ 2962563.342523862607777, 1907074.637196295661852 ], [ 2962558.179216410964727, 1907072.548201662953943 ], [ 2962557.852336353622377, 1907072.422660382464528 ], [ 2962557.234721667133272, 1907072.221089993836358 ], [ 2962556.604446120560169, 1907072.060777427628636 ], [ 2962555.964034156408161, 1907071.942282333271578 ], [ 2962555.316405011340976, 1907071.866093507967889 ], [ 2962554.664264957420528, 1907071.832636710023507 ], [ 2962554.473891359753907, 1907071.830950188916177 ], [ 2962551.811674735508859, 1907071.832822673022747 ], [ 2962549.90891394764185, 1907071.824693791102618 ], [ 2962549.396254760213196, 1907071.835674764355645 ], [ 2962548.743435308802873, 1907071.887805341044441 ], [ 2962548.094613591209054, 1907071.982558838790283 ], [ 2962547.45245447428897, 1907072.119457070250064 ], [ 2962546.819607263430953, 1907072.297923390520737 ], [ 2962546.199001790955663, 1907072.517229558434337 ], [ 2962545.593126391991973, 1907072.776422747410834 ], [ 2962545.00465123495087, 1907073.074416254879907 ], [ 2962544.974203331395984, 1907073.091119901742786 ], [ 2962543.299702828750014, 1907074.015163165982813 ], [ 2962541.805491585284472, 1907074.554159119958058 ], [ 2962541.52233171556145, 1907074.655093800509349 ], [ 2962541.468873383011669, 1907074.664281247649342 ], [ 2962539.952039670199156, 1907074.930485554039478 ], [ 2962537.388941366225481, 1907075.17026071017608 ], [ 2962535.610385472886264, 1907075.26338538620621 ], [ 2962535.595695243682712, 1907075.26419866643846 ], [ 2962535.250085335224867, 1907075.282773012761027 ], [ 2962533.744526103604585, 1907075.321747178677469 ], [ 2962533.532505411654711, 1907075.329514526063576 ], [ 2962533.261364459060133, 1907075.345966378925368 ], [ 2962531.725472108460963, 1907075.460153288440779 ], [ 2962531.343793790787458, 1907075.495832291664556 ], [ 2962530.958154642488807, 1907075.546905065653846 ], [ 2962529.155881153885275, 1907075.821292402921245 ], [ 2962528.93041729927063, 1907075.858306511072442 ], [ 2962527.559258037246764, 1907076.098979235393927 ], [ 2962526.879479347728193, 1907076.242527014343068 ], [ 2962526.521670097019523, 1907076.338022057665512 ], [ 2962524.537632281892002, 1907076.906585778109729 ], [ 2962524.262594580184668, 1907076.989557411288843 ], [ 2962523.641989388037473, 1907077.20886394684203 ], [ 2962523.17194061819464, 1907077.405914089875296 ], [ 2962521.34649570286274, 1907078.22520034853369 ], [ 2962521.210669366642833, 1907078.2873437742237 ], [ 2962520.622194529976696, 1907078.585337677970529 ], [ 2962520.053644705563784, 1907078.920767482835799 ], [ 2962519.507347263395786, 1907079.292304217349738 ], [ 2962518.985764702782035, 1907079.698189602931961 ], [ 2962518.967565737199038, 1907079.713404167443514 ], [ 2962517.148412397596985, 1907081.232499361038208 ], [ 2962516.671941258013248, 1907081.656010645907372 ], [ 2962516.514059299603105, 1907081.808488483773544 ], [ 2962514.769979392178357, 1907083.529598900815472 ], [ 2962514.462223392911255, 1907083.846686817705631 ], [ 2962514.349881605245173, 1907083.969424086622894 ], [ 2962514.070052393246442, 1907084.280184427276254 ], [ 2962514.033609399572015, 1907084.300697942031547 ], [ 2962513.364783632569015, 1907084.612401296384633 ], [ 2962512.288521035574377, 1907085.10759088746272 ], [ 2962509.847816066816449, 1907086.028470094082877 ], [ 2962509.741212518885732, 1907086.069370404584333 ], [ 2962509.400787111371756, 1907086.209339572116733 ], [ 2962507.860734740272164, 1907086.875039736973122 ], [ 2962504.634207054041326, 1907087.808627838967368 ], [ 2962503.310865735635161, 1907088.16172959562391 ], [ 2962503.190354556776583, 1907088.183354107895866 ], [ 2962502.864501626696438, 1907088.128512599738315 ], [ 2962502.2168885525316, 1907088.052423099288717 ], [ 2962501.564749039243907, 1907088.01896717492491 ], [ 2962500.910971187520772, 1907088.028436671243981 ], [ 2962500.512947484850883, 1907088.055100089637563 ], [ 2962498.682654560543597, 1907088.214521037181839 ], [ 2962496.909559847787023, 1907088.335122458636761 ], [ 2962496.46475728508085, 1907088.37534430087544 ], [ 2962496.070105672348291, 1907088.427832142915577 ], [ 2962493.613645195960999, 1907088.80411563301459 ], [ 2962492.17308862041682, 1907088.673863332020119 ], [ 2962492.144581555388868, 1907088.67138397670351 ], [ 2962490.711717233993113, 1907088.546130961505696 ], [ 2962490.680747997015715, 1907088.54348583961837 ], [ 2962490.028608586639166, 1907088.510030097560957 ], [ 2962489.374815275892615, 1907088.519401317695156 ], [ 2962488.721996499691159, 1907088.571532899979502 ], [ 2962488.073175488971174, 1907088.666287406347692 ], [ 2962487.431017109658569, 1907088.803186653181911 ], [ 2962487.218749645166099, 1907088.858186801429838 ], [ 2962485.962814974598587, 1907089.197877334896475 ], [ 2962485.67742505017668, 1907089.279567769961432 ], [ 2962484.751331281848252, 1907089.559362731641158 ], [ 2962484.61615780275315, 1907089.601237961323932 ], [ 2962484.233149643056095, 1907089.731228813063353 ], [ 2962483.191160320769995, 1907090.108070696005598 ], [ 2962481.835102269425988, 1907090.38198362570256 ], [ 2962478.032517017796636, 1907090.966603500302881 ], [ 2962477.783989013172686, 1907091.007959121372551 ], [ 2962477.598419543821365, 1907091.043080546194687 ], [ 2962475.075220313854516, 1907091.544856045627967 ], [ 2962474.618631548713893, 1907091.646634070435539 ], [ 2962474.586896940134466, 1907091.654556324938312 ], [ 2962470.657674987800419, 1907092.640014317585155 ], [ 2962467.910060207359493, 1907092.911284188739955 ], [ 2962467.770096813328564, 1907092.926070585846901 ], [ 2962467.121276038698852, 1907093.020825443090871 ], [ 2962467.099562326446176, 1907093.024721774505451 ], [ 2962464.095131479203701, 1907093.570624338695779 ], [ 2962463.715249199420214, 1907093.647195574129 ], [ 2962461.450991711579263, 1907094.14908797503449 ], [ 2962459.849241933785379, 1907094.436710264300928 ], [ 2962456.76019475935027, 1907094.756185177713633 ], [ 2962456.666587986517698, 1907094.766298782778904 ], [ 2962456.584071571007371, 1907094.775941250380129 ], [ 2962452.850269925780594, 1907095.228731695795432 ], [ 2962452.600595374591649, 1907095.262192246504128 ], [ 2962452.32423542952165, 1907095.302770304726437 ], [ 2962452.233743240125477, 1907095.294705383945256 ], [ 2962451.5816041957587, 1907095.261250258190557 ], [ 2962450.927811273373663, 1907095.270622113952413 ], [ 2962450.510474403388798, 1907095.299030209425837 ], [ 2962449.957292392849922, 1907095.348371635423973 ], [ 2962449.04531019506976, 1907095.150512469001114 ], [ 2962448.42781647387892, 1907095.037020353833213 ], [ 2962448.065507537219673, 1907094.989126092521474 ], [ 2962446.572358899749815, 1907094.819605594268069 ], [ 2962446.287055243737996, 1907094.791411231504753 ], [ 2962445.634916249662638, 1907094.757956210523844 ], [ 2962444.981123376637697, 1907094.767328154528514 ], [ 2962444.328320628032088, 1907094.819558940129355 ], [ 2962444.171848449856043, 1907094.83842168492265 ], [ 2962442.890335274860263, 1907095.003469284856692 ], [ 2962441.755813497118652, 1907095.216163336066529 ], [ 2962441.614054448902607, 1907095.252334620337933 ], [ 2962440.893409105017781, 1907095.441696986788884 ], [ 2962440.402337804436684, 1907095.584092264762148 ], [ 2962439.781718095764518, 1907095.803301712032408 ], [ 2962439.175942758098245, 1907096.062478923704475 ], [ 2962438.587468988262117, 1907096.360474137123674 ], [ 2962438.01892024371773, 1907096.6959052241873 ], [ 2962437.472623892128468, 1907097.067443205276504 ], [ 2962436.951057993806899, 1907097.473428266588598 ], [ 2962436.45638894289732, 1907097.91215524286963 ], [ 2962436.069992854259908, 1907098.29742939141579 ], [ 2962435.922037433832884, 1907098.452987011754885 ], [ 2962434.891354500781745, 1907099.310316660441458 ], [ 2962434.399911742657423, 1907099.746338242897764 ], [ 2962434.035045503638685, 1907100.109218059573323 ], [ 2962433.531828199047595, 1907100.290348653914407 ], [ 2962432.925954274833202, 1907100.549543687840924 ], [ 2962432.337465050630271, 1907100.847440535901114 ], [ 2962431.768916426226497, 1907101.182871739147231 ], [ 2962431.222620194777846, 1907101.55440982687287 ], [ 2962430.701153116766363, 1907101.960377278272063 ], [ 2962430.206468624062836, 1907102.399005894782022 ], [ 2962429.740831813775003, 1907102.868572803912684 ], [ 2962429.648155441507697, 1907102.968035449972376 ], [ 2962428.994572582188994, 1907102.934434773866087 ], [ 2962428.340779908932745, 1907102.943807003321126 ], [ 2962427.687961803283542, 1907102.995939603075385 ], [ 2962427.039141493849456, 1907103.090695132734254 ], [ 2962426.396983843296766, 1907103.2275953986682 ], [ 2962426.261463721748441, 1907103.26214091735892 ], [ 2962425.533629203215241, 1907103.452894941205159 ], [ 2962425.036319203674793, 1907103.59691624972038 ], [ 2962424.415715299081057, 1907103.81622443581 ], [ 2962423.80984150711447, 1907104.075419619679451 ], [ 2962423.256402963772416, 1907104.354268014198169 ], [ 2962422.8003043923527, 1907104.601675319252536 ], [ 2962422.564275021664798, 1907104.578917260048911 ], [ 2962421.912136281840503, 1907104.545462629524991 ], [ 2962421.258343681693077, 1907104.554834974231198 ], [ 2962420.605541220866144, 1907104.607066163094714 ], [ 2962420.007368944585323, 1907104.692834686487913 ], [ 2962419.217536633834243, 1907104.830412270268425 ], [ 2962419.16688868124038, 1907104.839399395743385 ], [ 2962418.687289345543832, 1907104.937510040355846 ], [ 2962417.734855280723423, 1907105.156617941567674 ], [ 2962417.572395759634674, 1907105.195389989996329 ], [ 2962416.939550173003227, 1907105.373858485603705 ], [ 2962416.318946370854974, 1907105.5931668037083 ], [ 2962415.868899055756629, 1907105.781262490898371 ], [ 2962415.586177210789174, 1907105.907435244414955 ], [ 2962415.306002490688115, 1907105.991937160491943 ], [ 2962414.980527500621974, 1907106.101276164175943 ], [ 2962414.683506542816758, 1907106.126727180089802 ], [ 2962414.224012418650091, 1907106.086855005705729 ], [ 2962413.545875286217779, 1907105.806124971713871 ], [ 2962412.401766180060804, 1907105.2711988883093 ], [ 2962412.204602985177189, 1907105.181620584102347 ], [ 2962411.602351053152233, 1907104.93982872646302 ], [ 2962410.984737400431186, 1907104.738260498503223 ], [ 2962410.354348728433251, 1907104.577869405969977 ], [ 2962409.714036705903709, 1907104.459358899854124 ], [ 2962409.066424467135221, 1907104.383270890451968 ], [ 2962408.414285842329264, 1907104.349816470174119 ], [ 2962408.323751012794673, 1907104.348543893313035 ], [ 2962406.035455290228128, 1907104.327277772361413 ], [ 2962405.472182092256844, 1907104.337824478046969 ], [ 2962404.8193797795102, 1907104.390055923024192 ], [ 2962404.801427230238914, 1907104.392062228871509 ], [ 2962399.961841701064259, 1907104.947185225551948 ], [ 2962396.619387392420322, 1907105.244392994791269 ], [ 2962393.594994500279427, 1907105.438655315432698 ], [ 2962390.985036856960505, 1907105.281192685011774 ], [ 2962389.748811115510762, 1907105.164504791842774 ], [ 2962389.264783662278205, 1907104.907169395126402 ], [ 2962389.204995012842119, 1907104.875671653077006 ], [ 2962388.907032158225775, 1907104.726310514379293 ], [ 2962388.083291719667614, 1907104.33095374237746 ], [ 2962387.796935635618865, 1907104.199154759757221 ], [ 2962387.248220326378942, 1907103.976920052664354 ], [ 2962386.562359826173633, 1907103.723094513639808 ], [ 2962386.508807788603008, 1907103.70343923731707 ], [ 2962385.891194302588701, 1907103.501871379092336 ], [ 2962385.260935643687844, 1907103.341659897239879 ], [ 2962384.620623813010752, 1907103.223149778787047 ], [ 2962384.609076728112996, 1907103.221373853972182 ], [ 2962383.60926892561838, 1907103.071477417601272 ], [ 2962382.973188413307071, 1907102.997067272663116 ], [ 2962382.321050008758903, 1907102.963613275205716 ], [ 2962381.667257758788764, 1907102.972986258100718 ], [ 2962381.014455660246313, 1907103.025218087714165 ], [ 2962380.365635806228966, 1907103.119974376168102 ], [ 2962380.318177368957549, 1907103.128591737709939 ], [ 2962378.841780913993716, 1907103.400812264997512 ], [ 2962378.247082181274891, 1907103.529095946345478 ], [ 2962377.614252548664808, 1907103.707663538865745 ], [ 2962377.153047486208379, 1907103.866269305115566 ], [ 2962376.953244036994874, 1907103.940399917773902 ], [ 2962376.549527331255376, 1907104.032489159144461 ], [ 2962376.370018902234733, 1907104.075130803510547 ], [ 2962376.040662316605449, 1907104.162483919877559 ], [ 2962375.462159283459187, 1907104.326442397898063 ], [ 2962375.182369459420443, 1907104.378066547913477 ], [ 2962374.589842137414962, 1907104.505960650742054 ], [ 2962374.128605516627431, 1907104.636117391521111 ], [ 2962373.390956734772772, 1907104.594008661108091 ], [ 2962373.007137306034565, 1907104.579543666215613 ], [ 2962372.790287835057825, 1907104.577950967941433 ], [ 2962362.539060281589627, 1907104.612062797881663 ], [ 2962352.895496639888734, 1907104.000242545036599 ], [ 2962343.599892159923911, 1907103.269784814212471 ], [ 2962343.365826081484556, 1907103.249814082402736 ], [ 2962343.299875506199896, 1907103.163930341368541 ], [ 2962342.872267709579319, 1907102.677947077201679 ], [ 2962342.41332689486444, 1907102.221686800941825 ], [ 2962341.924792884849012, 1907101.797166356351227 ], [ 2962341.408966552466154, 1907101.406099360669032 ], [ 2962340.867951379157603, 1907101.050234878435731 ], [ 2962340.304001541808248, 1907100.730991133488715 ], [ 2962339.719698443077505, 1907100.449930144008249 ], [ 2962339.155135964043438, 1907100.221831243950874 ], [ 2962338.86016883701086, 1907100.113247970817611 ], [ 2962338.822464264929295, 1907100.099457585019991 ], [ 2962338.204851095564663, 1907099.897890428081155 ], [ 2962337.574478511698544, 1907099.737598913023248 ], [ 2962336.934167039580643, 1907099.619089531013742 ], [ 2962336.286539813503623, 1907099.542904193280265 ], [ 2962335.634401797316968, 1907099.509450937854126 ], [ 2962334.980609950609505, 1907099.518824670929462 ], [ 2962334.327808269765228, 1907099.571057250490412 ], [ 2962333.679087542463094, 1907099.665796579094604 ], [ 2962333.651945459656417, 1907099.670667083468288 ], [ 2962332.970826902892441, 1907099.794814173830673 ], [ 2962332.355827817693353, 1907099.926943928468972 ], [ 2962331.722998621873558, 1907100.105512243229896 ], [ 2962331.102395656984299, 1907100.324821896152571 ], [ 2962330.496522814966738, 1907100.584018524736166 ], [ 2962329.908050251193345, 1907100.882015405688435 ], [ 2962329.339502722024918, 1907101.217448121635243 ], [ 2962328.793192020151764, 1907101.58888921351172 ], [ 2962328.271627335809171, 1907101.994875790318474 ], [ 2962327.776959494687617, 1907102.433604233898222 ], [ 2962327.311308186501265, 1907102.903073966503143 ], [ 2962327.196296473033726, 1907103.028822599211708 ], [ 2962326.522073032800108, 1907103.017458596732467 ], [ 2962326.107501687481999, 1907102.945223361253738 ], [ 2962324.812966919038445, 1907102.529036667197943 ], [ 2962324.543131656013429, 1907102.446524960687384 ], [ 2962323.912743609398603, 1907102.286135182715952 ], [ 2962323.350472389254719, 1907102.17974779708311 ], [ 2962320.452475908678025, 1907101.718039894476533 ], [ 2962320.374534470960498, 1907101.705900396220386 ], [ 2962320.282890160568058, 1907101.692473110742867 ], [ 2962317.615723236929625, 1907101.315010834950954 ], [ 2962317.059740485157818, 1907101.252253090729937 ], [ 2962316.654537484049797, 1907101.226436497410759 ], [ 2962313.700930151157081, 1907101.098646616796032 ], [ 2962313.454010888468474, 1907101.09110875451006 ], [ 2962312.800219253171235, 1907101.100482850102708 ], [ 2962312.404103078413755, 1907101.127008571987972 ], [ 2962309.558322858065367, 1907101.374388271244243 ], [ 2962309.301622014958411, 1907101.399997044121847 ], [ 2962308.660896117798984, 1907101.493302192538977 ], [ 2962305.654858873225749, 1907102.030291550327092 ], [ 2962305.646765600889921, 1907102.031743849162012 ], [ 2962305.458235695026815, 1907102.06739741563797 ], [ 2962303.299922334030271, 1907102.497227274812758 ], [ 2962301.97410086216405, 1907102.643295052228495 ], [ 2962301.558149413205683, 1907102.686240571551025 ], [ 2962301.462750722188503, 1907102.69657486397773 ], [ 2962300.813931639306247, 1907102.79133244138211 ], [ 2962300.171775249764323, 1907102.928234753664583 ], [ 2962299.651740427128971, 1907103.071677629603073 ], [ 2962298.347184826619923, 1907103.469110747566447 ], [ 2962297.926181468181312, 1907103.560353657929227 ], [ 2962297.24365540407598, 1907103.623591522453353 ], [ 2962297.043497574515641, 1907103.644117101095617 ], [ 2962296.394678542390466, 1907103.738874753471464 ], [ 2962295.752522204071283, 1907103.875777137698606 ], [ 2962295.534510062541813, 1907103.932315628277138 ], [ 2962295.168276158161461, 1907104.031653874088079 ], [ 2962294.866765227168798, 1907103.916346727404743 ], [ 2962294.249183495063335, 1907103.71497716056183 ], [ 2962293.618795672431588, 1907103.554587844060734 ], [ 2962292.978484555147588, 1907103.436079141916707 ], [ 2962292.330857708118856, 1907103.359894508495927 ], [ 2962291.883361532818526, 1907103.332351378165185 ], [ 2962291.243632153607905, 1907103.30740604759194 ], [ 2962290.677167343907058, 1907103.243187998887151 ], [ 2962290.025128440000117, 1907103.209717764984816 ], [ 2962289.371337028220296, 1907103.219092243583873 ], [ 2962288.718520235270262, 1907103.271227105287835 ], [ 2962288.06970128044486, 1907103.365984888281673 ], [ 2962287.427545024082065, 1907103.502887410810217 ], [ 2962286.836482279002666, 1907103.668291028123349 ], [ 2962286.374267343431711, 1907103.812801197404042 ], [ 2962286.332485818304121, 1907103.825868160929531 ], [ 2962285.711883362848312, 1907104.045178551692516 ], [ 2962285.219758471474051, 1907104.252167968545109 ], [ 2962285.169515043497086, 1907104.265639497898519 ], [ 2962284.679529461078346, 1907104.353261696873233 ], [ 2962284.674199747852981, 1907104.354218094144017 ], [ 2962284.381355642341077, 1907104.411223362898454 ], [ 2962283.393893839791417, 1907104.618696992751211 ], [ 2962282.593663410283625, 1907104.758548530749977 ], [ 2962281.918273150920868, 1907104.862428835127503 ], [ 2962281.280985302291811, 1907104.93061203090474 ], [ 2962281.066029022447765, 1907104.947413692018017 ], [ 2962280.974563052877784, 1907104.95501708635129 ], [ 2962280.434722309932113, 1907105.002068340079859 ], [ 2962280.21004624478519, 1907105.024158367887139 ], [ 2962279.397856193128973, 1907105.113398368004709 ], [ 2962279.114407579414546, 1907105.085378729971126 ], [ 2962278.770655211526901, 1907105.062408415833488 ], [ 2962278.186736281961203, 1907105.033524084137753 ], [ 2962277.878351159859449, 1907105.023042070912197 ], [ 2962277.224575434811413, 1907105.032515212427825 ], [ 2962276.571857467293739, 1907105.084632561076432 ], [ 2962275.923038644716144, 1907105.179390551056713 ], [ 2962275.918893311172724, 1907105.180134411668405 ], [ 2962275.756747422739863, 1907105.209332155995071 ], [ 2962275.67480129096657, 1907105.16479857522063 ], [ 2962274.609967949800193, 1907104.592664170544595 ], [ 2962274.595320788212121, 1907104.584761249367148 ], [ 2962273.857212455943227, 1907104.189837430603802 ], [ 2962273.436100534163415, 1907103.874632762046531 ], [ 2962273.078494511544704, 1907103.633700206875801 ], [ 2962272.833813223987818, 1907103.476601475151256 ], [ 2962272.650305669754744, 1907103.361688114702702 ], [ 2962272.086486003361642, 1907103.042624493129551 ], [ 2962271.751967526972294, 1907102.875824813963845 ], [ 2962271.157198131084442, 1907102.59340258478187 ], [ 2962270.907398325391114, 1907102.479043748695403 ], [ 2962270.305131700821221, 1907102.237155435839668 ], [ 2962269.687518999446183, 1907102.035589297767729 ], [ 2962269.057245617266744, 1907101.875281111570075 ], [ 2962268.416835987474769, 1907101.756790501996875 ], [ 2962267.769209335558116, 1907101.680606251349673 ], [ 2962267.117071924731135, 1907101.647154098609462 ], [ 2962266.859752415679395, 1907101.64573585963808 ], [ 2962266.252385231666267, 1907101.650222998810932 ], [ 2962265.855929097626358, 1907101.661114552523941 ], [ 2962265.203128081746399, 1907101.713348259683698 ], [ 2962264.554293777327985, 1907101.808007951825857 ], [ 2962263.912153310142457, 1907101.945009317016229 ], [ 2962263.735330273862928, 1907101.990511307958513 ], [ 2962263.713680184446275, 1907101.987105447566137 ], [ 2962263.426451877690852, 1907101.948017741087824 ], [ 2962262.568790483754128, 1907101.844006829662248 ], [ 2962262.208407749421895, 1907101.807008838979527 ], [ 2962261.556270386092365, 1907101.773556771688163 ], [ 2962260.902479225303978, 1907101.782931706635281 ], [ 2962260.300855367444456, 1907101.829526111017913 ], [ 2962259.28320425003767, 1907101.939130096696317 ], [ 2962259.232027140446007, 1907101.944769477471709 ], [ 2962258.849070089869201, 1907101.995465173618868 ], [ 2962258.473119340837002, 1907102.052599557908252 ], [ 2962258.225983446463943, 1907102.068087509833276 ], [ 2962257.771005487069488, 1907102.083101175259799 ], [ 2962257.540654577314854, 1907102.089197591645643 ], [ 2962257.335190259851515, 1907102.096701405709609 ], [ 2962257.27206102013588, 1907102.099928754149005 ], [ 2962256.244144364260137, 1907102.154870512895286 ], [ 2962256.015277623198926, 1907102.169712954433635 ], [ 2962254.172917355783284, 1907102.310552986105904 ], [ 2962253.865590724162757, 1907102.3388672596775 ], [ 2962249.967395287938416, 1907102.757788457442075 ], [ 2962248.819357712287456, 1907102.865069542312995 ], [ 2962248.626103610731661, 1907102.884964111028239 ], [ 2962247.977285043802112, 1907102.979722547810525 ], [ 2962247.919084151741117, 1907102.990369054023176 ], [ 2962247.392237013205886, 1907103.088150643045083 ], [ 2962246.788548638112843, 1907103.024739695247263 ], [ 2962246.630534667056054, 1907103.009450742043555 ], [ 2962245.996909244917333, 1907102.953133390052244 ], [ 2962245.952138549182564, 1907102.949218393536285 ], [ 2962245.300001334398985, 1907102.915766591206193 ], [ 2962244.917909862473607, 1907102.916080948431045 ], [ 2962244.679523346479982, 1907102.920784063404426 ], [ 2962244.321352342609316, 1907102.85989647731185 ], [ 2962244.244667900726199, 1907102.848645467311144 ], [ 2962243.520432439632714, 1907102.744995069690049 ], [ 2962242.949490437749773, 1907102.680062224157155 ], [ 2962242.297451945953071, 1907102.646592758595943 ], [ 2962241.643660963512957, 1907102.655968000879511 ], [ 2962241.290327640715986, 1907102.678968990687281 ], [ 2962240.70432717865333, 1907102.61187778878957 ], [ 2962240.653941272757947, 1907102.607755283825099 ], [ 2962240.27507027797401, 1907102.577720629051328 ], [ 2962239.580272792838514, 1907102.469597833929583 ], [ 2962239.536905063316226, 1907102.463000789517537 ], [ 2962238.889294220134616, 1907102.386915470706299 ], [ 2962238.237172630615532, 1907102.353562249802053 ], [ 2962237.583381684496999, 1907102.362937561934814 ], [ 2962237.442183682695031, 1907102.370554242981598 ], [ 2962235.200700367800891, 1907102.507981359027326 ], [ 2962234.088267438113689, 1907102.451410659356043 ], [ 2962233.766584697179496, 1907102.440277361543849 ], [ 2962233.553184781223536, 1907102.438674041768536 ], [ 2962230.260819714982063, 1907102.448538245866075 ], [ 2962228.472199657000601, 1907102.387438658857718 ], [ 2962222.645311065483838, 1907102.18408956984058 ], [ 2962218.59482320677489, 1907102.02297056466341 ], [ 2962211.938455221708864, 1907101.712176262168214 ], [ 2962210.087162894196808, 1907101.377270206576213 ], [ 2962209.805109777022153, 1907101.330469639506191 ], [ 2962209.157597873359919, 1907101.254367081681266 ], [ 2962208.505460970103741, 1907101.220915865851566 ], [ 2962207.851670285686851, 1907101.230291651329026 ], [ 2962207.712887804023921, 1907101.237778776790947 ], [ 2962202.467452501412481, 1907101.558121780632064 ], [ 2962200.648107761517167, 1907101.496562544256449 ], [ 2962200.629750522784889, 1907101.496008751215413 ], [ 2962193.116042424924672, 1907101.255929667968303 ], [ 2962192.981329064816236, 1907101.252560405759141 ], [ 2962192.907873954623938, 1907101.251463819760829 ], [ 2962189.042063279077411, 1907101.208797857630998 ], [ 2962182.961630546022207, 1907100.999005526071414 ], [ 2962182.801614980213344, 1907100.994809847557917 ], [ 2962182.270752971991897, 1907100.999138768063858 ], [ 2962176.435239859856665, 1907101.202191878575832 ], [ 2962176.312311425805092, 1907101.207239180570468 ], [ 2962176.233671387191862, 1907101.211224816739559 ], [ 2962170.126563600730151, 1907101.547266723588109 ], [ 2962169.656087380833924, 1907101.584302494768053 ], [ 2962163.972534296102822, 1907102.166252222843468 ], [ 2962158.883929260540754, 1907102.204188366187736 ], [ 2962158.863447371404618, 1907102.20431964402087 ], [ 2962157.460112625267357, 1907102.217674384592101 ], [ 2962157.272927759215236, 1907102.132787552429363 ], [ 2962156.670661839656532, 1907101.89090086449869 ], [ 2962156.053065472282469, 1907101.689434870146215 ], [ 2962155.834382412023842, 1907101.628731416771188 ], [ 2962154.897467884235084, 1907101.380367897450924 ], [ 2962154.485764129087329, 1907101.280684142373502 ], [ 2962154.482502111233771, 1907101.279953096527606 ], [ 2962150.134323403704911, 1907100.327226825291291 ], [ 2962149.497290977276862, 1907100.209549863589928 ], [ 2962148.849680868443102, 1907100.133465964347124 ], [ 2962148.684482670389116, 1907100.120884312083945 ], [ 2962147.865684778429568, 1907100.065596324391663 ], [ 2962147.444331962615252, 1907100.046122570056468 ], [ 2962143.738562072161585, 1907099.806848868494853 ], [ 2962143.280842601321638, 1907099.787825416540727 ], [ 2962143.057292916812003, 1907099.786221271846443 ], [ 2962138.277229284867644, 1907099.805449477862567 ], [ 2962137.847004462964833, 1907099.816528981318697 ], [ 2962137.194204642437398, 1907099.868764765793458 ], [ 2962136.764377233106643, 1907099.926657496485859 ], [ 2962134.279285770840943, 1907100.316305730957538 ], [ 2962133.418125379830599, 1907100.489979790290818 ], [ 2962132.785298227332532, 1907100.668551301350817 ], [ 2962132.769833428319544, 1907100.673452975461259 ], [ 2962129.537793250754476, 1907101.704973021754995 ], [ 2962129.086705084424466, 1907101.824198181275278 ], [ 2962129.05552641581744, 1907101.832426033215597 ], [ 2962126.422355767339468, 1907102.537347030825913 ], [ 2962125.976491422392428, 1907102.667786309029907 ], [ 2962125.355890627019107, 1907102.887099229265004 ], [ 2962124.750019983854145, 1907103.146299067419022 ], [ 2962124.714580453000963, 1907103.16288621746935 ], [ 2962121.41153874527663, 1907104.719232698669657 ], [ 2962120.858492414467037, 1907105.000547152943909 ], [ 2962120.377769066020846, 1907105.280933450907469 ], [ 2962118.007889784872532, 1907106.750529904616997 ], [ 2962115.422297209501266, 1907107.793636637274176 ], [ 2962114.465900563634932, 1907108.161003189627081 ], [ 2962112.754353717900813, 1907108.540544425370172 ], [ 2962112.683690506964922, 1907108.556465396191925 ], [ 2962108.562240529339761, 1907109.501423832727596 ], [ 2962107.579007951542735, 1907109.657309644855559 ], [ 2962106.477128524333239, 1907109.71692102891393 ], [ 2962104.937453914899379, 1907109.73844088264741 ], [ 2962104.606438948307186, 1907109.74852705700323 ], [ 2962103.95363950682804, 1907109.80076339840889 ], [ 2962103.396180433221161, 1907109.879534941166639 ], [ 2962100.823810124769807, 1907110.316745596239343 ], [ 2962096.833575073629618, 1907110.781971213407815 ], [ 2962096.738872540183365, 1907110.793497535167262 ], [ 2962096.173841209616512, 1907110.86481820885092 ], [ 2962095.656109572388232, 1907110.943852897267789 ], [ 2962095.625710555352271, 1907110.949308047071099 ], [ 2962095.345054533798248, 1907111.00058351806365 ], [ 2962093.923423158936203, 1907110.812167529016733 ], [ 2962093.453974955715239, 1907110.761326508130878 ], [ 2962093.104691372253001, 1907110.738034091889858 ], [ 2962089.264456734061241, 1907110.550236717332155 ], [ 2962089.219457285478711, 1907110.548084425972775 ], [ 2962087.666494941338897, 1907110.479131806176156 ], [ 2962087.286666967906058, 1907110.461016889195889 ], [ 2962087.238317079842091, 1907110.458858266472816 ], [ 2962080.949931602459401, 1907110.188783304998651 ], [ 2962080.919886929914355, 1907110.187491544522345 ], [ 2962075.555736522190273, 1907109.973225493216887 ], [ 2962073.102920571342111, 1907109.830622417619452 ], [ 2962072.708547625690699, 1907109.815522829303518 ], [ 2962072.574935422278941, 1907109.813981654355302 ], [ 2962068.699829403311014, 1907109.794666675850749 ], [ 2962068.401790350675583, 1907109.797620427794755 ], [ 2962065.733841859735548, 1907109.863947367528453 ], [ 2962061.429539850447327, 1907109.890464476076886 ], [ 2962058.945162056479603, 1907109.783196097472683 ], [ 2962058.698555322363973, 1907109.775705129373819 ], [ 2962058.04476604796946, 1907109.785083350958303 ], [ 2962057.391951478086412, 1907109.837221975205466 ], [ 2962057.052032941952348, 1907109.881512873806059 ], [ 2962056.020612549036741, 1907110.033693487523124 ], [ 2962054.074927354697138, 1907110.311258970294148 ], [ 2962053.718109021428972, 1907110.36870886432007 ], [ 2962053.221182988025248, 1907110.4708451051265 ], [ 2962050.592197593301535, 1907111.08023911062628 ], [ 2962050.461520115844905, 1907111.111385485157371 ], [ 2962047.852408856619149, 1907111.752756376052275 ], [ 2962045.693732112646103, 1907112.140440631657839 ], [ 2962045.268918621353805, 1907112.226193271111697 ], [ 2962044.513551024720073, 1907112.395567780360579 ], [ 2962044.129744759295136, 1907112.406216948293149 ], [ 2962044.039141869638115, 1907112.410931968828663 ], [ 2962042.439336448907852, 1907112.500863477354869 ], [ 2962041.877140498254448, 1907112.548385810572654 ], [ 2962041.233653710223734, 1907112.642191195162013 ], [ 2962040.322494395077229, 1907112.805195078952238 ], [ 2962040.317164701409638, 1907112.806151507655159 ], [ 2962039.928324349224567, 1907112.883828528691083 ], [ 2962038.988499856553972, 1907113.090861304895952 ], [ 2962038.896377536468208, 1907113.111645953264087 ], [ 2962037.520676665939391, 1907113.428188200574368 ], [ 2962036.586198335513473, 1907113.345460948301479 ], [ 2962036.544824906624854, 1907113.34184792265296 ], [ 2962036.301819667220116, 1907113.324394643306732 ], [ 2962033.106482993345708, 1907113.133883198956028 ], [ 2962032.697368470951915, 1907113.117986542405561 ], [ 2962032.607343167997897, 1907113.116724707419053 ], [ 2962028.335140517447144, 1907113.076626632595435 ], [ 2962027.771376834250987, 1907113.087267172290012 ], [ 2962027.665476092137396, 1907113.092803492443636 ], [ 2962024.246666575782001, 1907113.290232519851997 ], [ 2962023.699753083754331, 1907113.336835373425856 ], [ 2962023.050952352117747, 1907113.431695955106989 ], [ 2962023.045326568186283, 1907113.432705527869985 ], [ 2962021.474490650929511, 1907113.715508788824081 ], [ 2962020.837962933350354, 1907113.851406076224521 ], [ 2962020.205137053504586, 1907114.029979433165863 ], [ 2962019.919466639868915, 1907114.125293186167255 ], [ 2962017.283200335223228, 1907115.04879626375623 ], [ 2962016.948255615308881, 1907115.172698686830699 ], [ 2962016.342386243864894, 1907115.431900250958279 ], [ 2962016.110756511799991, 1907115.54354071826674 ], [ 2962015.235643994994462, 1907115.978852284839377 ], [ 2962014.830245044082403, 1907116.143751507159323 ], [ 2962014.573150468058884, 1907116.201533266576007 ], [ 2962014.427093021571636, 1907116.227845072979107 ], [ 2962013.164941775612533, 1907116.305385576561093 ], [ 2962012.988176858983934, 1907116.317866815021262 ], [ 2962008.717035226058215, 1907116.656201287172735 ], [ 2962006.487703280523419, 1907116.736273895017803 ], [ 2962006.375371954869479, 1907116.740939023438841 ], [ 2962005.722557919099927, 1907116.793078499380499 ], [ 2962005.073741821572185, 1907116.887840911280364 ], [ 2962004.431588508654386, 1907117.024748041993007 ], [ 2962004.249794912990183, 1907117.071548373904079 ], [ 2962002.089306887704879, 1907117.648718788521364 ], [ 2962001.715250537265092, 1907117.756349720293656 ], [ 2961999.984326866921037, 1907118.290659950813279 ], [ 2961999.907351152040064, 1907118.314802340464666 ], [ 2961999.286751819308847, 1907118.53411729936488 ], [ 2961998.889534341171384, 1907118.698763674590737 ], [ 2961998.697641724720597, 1907118.783122026827186 ], [ 2961997.197606194764376, 1907119.07205581641756 ], [ 2961995.587292776443064, 1907119.356172705302015 ], [ 2961995.558374277781695, 1907119.361362250521779 ], [ 2961994.949929392896593, 1907119.489992664428428 ], [ 2961993.822708978317678, 1907119.764882400864735 ], [ 2961993.789000665768981, 1907119.773159277625382 ], [ 2961993.156175116542727, 1907119.951733083231375 ], [ 2961992.535575872287154, 1907120.171048161573708 ], [ 2961991.972351510077715, 1907120.410445832880214 ], [ 2961990.885636915452778, 1907120.911375645548105 ], [ 2961989.657989669591188, 1907121.357396525330842 ], [ 2961989.028559179976583, 1907121.517640212550759 ], [ 2961988.760068546049297, 1907121.509115009335801 ], [ 2961988.106279974803329, 1907121.51849438296631 ], [ 2961987.453466143924743, 1907121.570634172763675 ], [ 2961987.135567917488515, 1907121.611682940740138 ], [ 2961985.821812286973, 1907121.802582964766771 ], [ 2961984.84875712543726, 1907121.993302845628932 ], [ 2961984.215916121378541, 1907122.171778338961303 ], [ 2961983.946604246273637, 1907122.261422696756199 ], [ 2961982.809328433126211, 1907122.657607104862109 ], [ 2961981.649922655429691, 1907122.999840695876628 ], [ 2961979.449933107942343, 1907123.567899287445471 ], [ 2961978.91677303891629, 1907123.721398286521435 ], [ 2961978.296158410608768, 1907123.94061512988992 ], [ 2961978.210095963906497, 1907123.974691757000983 ], [ 2961976.121026808395982, 1907124.81164619862102 ], [ 2961975.687413630075753, 1907124.997102261288092 ], [ 2961973.638653596863151, 1907125.929807230131701 ], [ 2961973.552460380364209, 1907125.969476778060198 ], [ 2961973.06077352212742, 1907126.215175660094246 ], [ 2961971.054040253162384, 1907127.285954466788098 ], [ 2961966.780799624510109, 1907128.881541717331856 ], [ 2961964.452745961025357, 1907129.673184232553467 ], [ 2961961.49002147372812, 1907130.242023857310414 ], [ 2961956.770385845564306, 1907131.130707636009902 ], [ 2961956.212853641249239, 1907131.2520249215886 ], [ 2961955.58002857863903, 1907131.430599361658096 ], [ 2961955.377895584329963, 1907131.497049467172474 ], [ 2961954.506848280318081, 1907131.793713549850509 ], [ 2961954.394464682787657, 1907131.832716239383444 ], [ 2961953.337780319154263, 1907132.206439365400001 ], [ 2961953.031682617031038, 1907132.320203826529905 ], [ 2961952.425814096350223, 1907132.57940643792972 ], [ 2961951.935431419871747, 1907132.824365307809785 ], [ 2961950.157218820415437, 1907133.772822314640507 ], [ 2961947.906217007897794, 1907134.682685027364641 ], [ 2961947.551117620430887, 1907134.778611116344109 ], [ 2961947.128615352790803, 1907134.902733784168959 ], [ 2961947.029629469849169, 1907134.934674120042473 ], [ 2961944.871968917548656, 1907135.643994853366166 ], [ 2961944.350340635515749, 1907135.831271926639602 ], [ 2961943.744472241960466, 1907136.090474687051028 ], [ 2961943.156004185788333, 1907136.388477579690516 ], [ 2961942.587461202405393, 1907136.723916160874069 ], [ 2961942.127180439885706, 1907137.03344566328451 ], [ 2961941.785570308100432, 1907137.134444518247619 ], [ 2961941.661868253722787, 1907137.171832956140861 ], [ 2961940.204786964692175, 1907137.622675740392879 ], [ 2961939.618345498107374, 1907137.757586041465402 ], [ 2961939.456858686171472, 1907137.796084481291473 ], [ 2961938.824033852666616, 1907137.974659202154726 ], [ 2961938.203435347415507, 1907138.193975196219981 ], [ 2961938.158609387930483, 1907138.211538162548095 ], [ 2961937.903274247888476, 1907138.312547678360716 ], [ 2961937.843793676700443, 1907138.336284693097696 ], [ 2961937.696552067063749, 1907138.362809332786128 ], [ 2961937.060716264881194, 1907138.498584040440619 ], [ 2961936.427875895984471, 1907138.677060335641727 ], [ 2961935.997567845508456, 1907138.824355400400236 ], [ 2961935.213841407559812, 1907139.112235612701625 ], [ 2961935.023566554300487, 1907139.184355052886531 ], [ 2961934.417698294855654, 1907139.443557970924303 ], [ 2961933.82921480666846, 1907139.741462546866387 ], [ 2961933.341558160725981, 1907140.026133754989132 ], [ 2961933.008008143864572, 1907140.233328401111066 ], [ 2961932.912737587932497, 1907140.289411375066265 ], [ 2961932.622394841164351, 1907140.466878239763901 ], [ 2961932.531159996520728, 1907140.525376125238836 ], [ 2961932.135522766970098, 1907140.782192496350035 ], [ 2961930.156995907891542, 1907141.767509662313387 ], [ 2961929.804380780551583, 1907141.951696158619598 ], [ 2961929.743335051927716, 1907141.985435276292264 ], [ 2961928.046989110764116, 1907142.929125845199451 ], [ 2961927.192217002622783, 1907143.159884662600234 ], [ 2961926.772894117049873, 1907143.282930722460151 ], [ 2961926.230179497972131, 1907143.324629836715758 ], [ 2961924.440924363676459, 1907143.511144969146699 ], [ 2961924.355504994280636, 1907143.52039825823158 ], [ 2961924.315226327627897, 1907143.524993692291901 ], [ 2961923.40099261701107, 1907143.63194663147442 ], [ 2961922.792456187307835, 1907143.722115001641214 ], [ 2961922.780316356569529, 1907143.724293573992327 ], [ 2961917.004161136224866, 1907144.768152874195948 ], [ 2961914.641393433324993, 1907145.189331736881286 ], [ 2961913.987792313098907, 1907145.328294986160472 ], [ 2961913.355050938669592, 1907145.506753960158676 ], [ 2961912.734452769160271, 1907145.726070369360968 ], [ 2961912.197562140412629, 1907145.953554057516158 ], [ 2961911.508116413839161, 1907146.268969827331603 ], [ 2961911.439170221798122, 1907146.300886367447674 ], [ 2961910.850687053985894, 1907146.598791317082942 ], [ 2961910.282144533470273, 1907146.934230414219201 ], [ 2961909.735854432918131, 1907147.305776168126613 ], [ 2961909.705011198297143, 1907147.328323317691684 ], [ 2961909.216532483231276, 1907147.686760348267853 ], [ 2961908.725800511427224, 1907148.070107297506183 ], [ 2961908.231137695722282, 1907148.508841484086588 ], [ 2961908.153031872585416, 1907148.583615674637258 ], [ 2961907.553375517949462, 1907148.753707129275426 ], [ 2961907.104267834685743, 1907148.907920494442806 ], [ 2961904.338073002174497, 1907149.930189960869029 ], [ 2961895.611544704064727, 1907164.03486905596219 ], [ 2961877.796808135695755, 1907183.84318506415002 ], [ 2961838.376090832054615, 1907209.672529690433294 ], [ 2961816.766974138095975, 1907236.056028882740065 ], [ 2961756.917301926296204, 1907302.52505730651319 ], [ 2961742.124319095164537, 1907334.65158116701059 ], [ 2961710.205248529091477, 1907377.353390300646424 ], [ 2961676.365111865568906, 1907401.109727286966518 ], [ 2961643.682811165694147, 1907401.616833389969543 ], [ 2961575.430474803783, 1907414.938022536225617 ], [ 2961525.429636994376779, 1907428.198763499036431 ], [ 2961509.905196554027498, 1907446.2105354485102 ], [ 2961515.464842299930751, 1907450.472150087822229 ], [ 2961526.272859195247293, 1907458.756671793758869 ], [ 2961527.057130674365908, 1907460.64087710599415 ], [ 2961535.176484747324139, 1907480.147087941644713 ], [ 2961521.817575177177787, 1907503.865754961967468 ], [ 2961501.283006472978741, 1907516.660522675607353 ], [ 2961482.396009017713368, 1907539.876701933331788 ], [ 2961458.151102792937309, 1907549.586612287443131 ], [ 2961416.949504942633212, 1907540.37024074466899 ], [ 2961375.691897940821946, 1907537.594078748952597 ], [ 2961332.126160014420748, 1907530.409552378114313 ], [ 2961309.531948906369507, 1907530.178082540165633 ], [ 2961285.013398982118815, 1907531.363668829901144 ], [ 2961255.23993637226522, 1907567.250853955047205 ], [ 2961223.517135907895863, 1907587.412493999116123 ], [ 2961168.922354538459331, 1907629.362550214864314 ], [ 2961126.6706905933097, 1907661.059470833279192 ], [ 2961064.02135898405686, 1907709.813751324079931 ], [ 2961004.146898114588112, 1907769.32315703551285 ], [ 2960950.705987873487175, 1907818.568402115954086 ], [ 2960887.621537220198661, 1907837.393644842784852 ], [ 2960866.595640800893307, 1907826.699718905379996 ], [ 2960824.955822547432035, 1907807.917393798008561 ], [ 2960816.880166585557163, 1907807.465471443487331 ], [ 2960801.920657913200557, 1907818.482349707046524 ], [ 2960763.820905863307416, 1907842.468452614266425 ], [ 2960725.502004047855735, 1907861.67125449469313 ], [ 2960685.891306014731526, 1907879.498514350270852 ], [ 2960621.789165752008557, 1907905.473075262503698 ], [ 2960581.162125347647816, 1907920.267668944085017 ], [ 2960554.718451326247305, 1907933.052401346154511 ], [ 2960525.994355277623981, 1907938.208562720799819 ], [ 2960501.310093677137047, 1907948.533868456957862 ], [ 2960475.031229658517987, 1907962.360661027254537 ], [ 2960450.347015495412052, 1907972.686100584454834 ], [ 2960412.606319052167237, 1907985.355238591786474 ], [ 2960370.659901598468423, 1908001.994704071432352 ], [ 2960331.106803361326456, 1908003.200608857674524 ], [ 2960315.136122429743409, 1908010.890245475573465 ], [ 2960299.467237786855549, 1908023.884108760394156 ], [ 2960286.050881583243608, 1908047.726720268838108 ], [ 2960268.513554277829826, 1908055.697609079536051 ], [ 2960174.889538018032908, 1908098.761487135896459 ], [ 2960142.343937571160495, 1908113.713517660740763 ], [ 2960096.05358502920717, 1908140.242580616148189 ], [ 2960048.471740483306348, 1908165.395987584255636 ], [ 2960023.868989682756364, 1908186.424265190260485 ], [ 2960008.448662616312504, 1908190.800126737682149 ], [ 2959986.512934610247612, 1908204.919373943470418 ], [ 2959950.695837649516761, 1908226.353306135395542 ], [ 2959901.375932845287025, 1908258.114483889890835 ], [ 2959904.102929662913084, 1908257.759719181573018 ], [ 2959874.470471784938127, 1908277.547699842602015 ], [ 2959817.568414162844419, 1908325.273145677288994 ], [ 2959774.575881124474108, 1908362.463649927871302 ], [ 2959720.17631949391216, 1908402.238170828670263 ], [ 2959660.223741009831429, 1908451.047617245232686 ], [ 2959654.852696201764047, 1908453.721822922118008 ], [ 2959658.986585734412074, 1908453.413193002576008 ], [ 2959638.314985180273652, 1908472.128521778155118 ], [ 2959530.504435830749571, 1908568.112391187576577 ], [ 2959463.568287489004433, 1908640.682156110880896 ], [ 2959437.206835933029652, 1908664.170347670093179 ], [ 2959389.953571279533207, 1908711.772103512426838 ], [ 2959339.870844157878309, 1908744.877983955200762 ], [ 2959263.166174999438226, 1908800.366953881224617 ], [ 2959263.166174999438226, 1909183.131750471657142 ], [ 2959264.571433341130614, 1909182.2638109610416 ] ] ], [ [ [ 2961420.130746616981924, 1910479.098283868050203 ], [ 2961420.178154118359089, 1910478.444404798559844 ], [ 2961420.182817931286991, 1910477.78979267552495 ], [ 2961420.144649500027299, 1910477.137096324469894 ], [ 2961420.125220206566155, 1910476.94493724941276 ], [ 2961419.325683595146984, 1910469.741578357759863 ], [ 2961419.308250983245671, 1910469.637770161963999 ], [ 2961419.264382090885192, 1910469.285946415970102 ], [ 2961419.141410685144365, 1910468.645737165119499 ], [ 2961418.976619130931795, 1910468.015768381999806 ], [ 2961418.770869407337159, 1910467.398923341650516 ], [ 2961418.524976771324873, 1910466.79778989800252 ], [ 2961418.239938293583691, 1910466.21482200990431 ], [ 2961417.917078271042556, 1910465.652617444517091 ], [ 2961417.557674281764776, 1910465.113478545332327 ], [ 2961417.163429815322161, 1910464.599833727348596 ], [ 2961416.73580426722765, 1910464.113851453410462 ], [ 2961416.401469708420336, 1910463.775580825051293 ], [ 2961409.765263269655406, 1910457.383286289172247 ], [ 2961409.640544061549008, 1910457.265317077748477 ], [ 2961409.152082499116659, 1910456.840684927301481 ], [ 2961408.636249080300331, 1910456.449624099535868 ], [ 2961408.095230443868786, 1910456.093767439713702 ], [ 2961407.531296349130571, 1910455.774631608976051 ], [ 2961406.946981487795711, 1910455.493483178783208 ], [ 2961406.344737431965768, 1910455.251704919384792 ], [ 2961405.727135270833969, 1910455.050151795847341 ], [ 2961405.171147446613759, 1910454.906400597421452 ], [ 2961396.517443008720875, 1910452.93710657232441 ], [ 2961396.443057238124311, 1910452.920483264606446 ], [ 2961395.802763854619116, 1910452.801990828244016 ], [ 2961395.155158118344843, 1910452.72582372603938 ], [ 2961394.503044905140996, 1910452.692389912437648 ], [ 2961393.849296636413783, 1910452.701882677618414 ], [ 2961393.196526052895933, 1910452.754136856412515 ], [ 2961392.547740668989718, 1910452.848916435614228 ], [ 2961391.905620770528913, 1910452.985841589746997 ], [ 2961391.272815498523414, 1910453.164335567504168 ], [ 2961390.652254499495029, 1910453.383669987088069 ], [ 2961390.046425922308117, 1910453.642891915049404 ], [ 2961389.813591951038688, 1910453.755164640722796 ], [ 2961383.91320121800527, 1910456.691805108217523 ], [ 2961377.057515036780387, 1910474.929398152744398 ], [ 2961372.722749781794846, 1910479.621724999509752 ], [ 2961420.05830559367314, 1910479.621724999509752 ], [ 2961420.130746616981924, 1910479.098283868050203 ] ] ] ] } }
]
}
