{
"type": "FeatureCollection",
"name": "Colera",
"crs": { "type": "name", "properties": { "name": "urn:ogc:def:crs:EPSG::3035" } },
"features": [
{ "type": "Feature", "properties": { "ENP_GRAL": 2.0, "ENP_GRAL_NAME": "Reservas Naturales", "color": "#FFD37F" }, "geometry": { "type": "Polygon", "coordinates": [ [ [ 3750050.847538828849792, 2171337.87121051363647 ], [ 3750072.685234819538891, 2171306.299744546879083 ], [ 3750088.523986557498574, 2171285.076085313688964 ], [ 3750102.165826639160514, 2171269.397487947717309 ], [ 3750109.195398272015154, 2171251.669547663535923 ], [ 3750109.405121505260468, 2171235.648851070553064 ], [ 3750107.220134357456118, 2171216.63480564719066 ], [ 3750096.835596018005162, 2171195.72931220009923 ], [ 3750090.787532877642661, 2171175.482002839911729 ], [ 3750088.073194161057472, 2171156.51735060242936 ], [ 3750087.903262756764889, 2171142.385578058194369 ], [ 3750091.378730034921318, 2171120.720333509147167 ], [ 3750095.475071971304715, 2171100.059350859839469 ], [ 3750102.330784580670297, 2171080.213501697871834 ], [ 3750119.780838206410408, 2171065.252267313189805 ], [ 3750128.937157502863556, 2171047.316251582000405 ], [ 3750134.310560043901205, 2171022.809061989653856 ], [ 3750137.326112575829029, 2170995.8462373171933 ], [ 3750136.212312309071422, 2170964.468620652332902 ], [ 3750135.731559196487069, 2170940.496648548636585 ], [ 3750133.711871894542128, 2170905.295854813419282 ], [ 3750128.986808832734823, 2170881.729098336305469 ], [ 3750119.374092127196491, 2170838.869189263787121 ], [ 3750112.130824663676322, 2170804.856230043806136 ], [ 3750103.782965836580843, 2170770.41509535908699 ], [ 3750096.945094683207572, 2170752.666044791694731 ], [ 3750085.60688529163599, 2170727.040079874452204 ], [ 3750075.854714238084853, 2170694.863932806067169 ], [ 3750072.591277482453734, 2170657.284145656041801 ], [ 3750076.711357192136347, 2170630.749518902506679 ], [ 3750083.189515044912696, 2170606.670618234202266 ], [ 3750093.139424878172576, 2170585.464460460003465 ], [ 3750108.01346550276503, 2170553.129114998970181 ], [ 3750113.182587014045566, 2170526.847496569622308 ], [ 3750113.517561477608979, 2170506.00586594408378 ], [ 3750121.61610208125785, 2170488.178431318607181 ], [ 3750129.853325782343745, 2170459.657364439219236 ], [ 3750132.915519149508327, 2170433.23134043905884 ], [ 3750128.835124674253166, 2170404.795363649260253 ], [ 3750124.948609203100204, 2170378.475451735313982 ], [ 3750116.72742665046826, 2170357.899546724744141 ], [ 3750104.277179937809706, 2170336.976177531294525 ], [ 3750076.768974586389959, 2170297.917073756456375 ], [ 3750060.219127670861781, 2170273.848530612885952 ], [ 3750044.647820516023785, 2170255.019295272883028 ], [ 3750031.306577763520181, 2170237.054482141043991 ], [ 3750018.471702966839075, 2170212.629949657712132 ], [ 3750010.734260159078985, 2170191.47807333432138 ], [ 3750006.699536615982652, 2170175.51210968894884 ], [ 3750003.148565694689751, 2170147.026761773042381 ], [ 3749995.296115563716739, 2170099.734791809227318 ], [ 3749992.090833385940641, 2170069.083250968251377 ], [ 3749989.286791163496673, 2170036.791166189592332 ], [ 3749988.037365220487118, 2170016.257345931604505 ], [ 3749987.929317176807672, 2169987.180962589103729 ], [ 3749987.724964139983058, 2169966.389638355467469 ], [ 3749991.337601375766098, 2169952.446800252888352 ], [ 3750000.255880940705538, 2169931.767699311487377 ], [ 3750008.332476329058409, 2169907.540001900400966 ], [ 3750015.310030751395971, 2169886.079732994548976 ], [ 3750017.041440862696618, 2169872.041636429727077 ], [ 3750015.14519848767668, 2169844.173783577047288 ], [ 3750018.183155885431916, 2169823.611563486047089 ], [ 3750019.411162954755127, 2169803.428264462389052 ], [ 3750019.601109268143773, 2169781.958986937534064 ], [ 3750017.772152380552143, 2169766.809623774606735 ], [ 3750016.477894879877567, 2169745.989455980248749 ], [ 3750021.845166057348251, 2169720.711536036338657 ], [ 3750025.295676247216761, 2169711.743473056238145 ], [ 3750029.254377642646432, 2169704.220979679375887 ], [ 3750038.701821038033813, 2169690.446167049463838 ], [ 3750044.055394447408617, 2169679.737803310155869 ], [ 3750047.687506293877959, 2169671.353944771457464 ], [ 3750052.177864372730255, 2169663.7759656496346 ], [ 3750056.603422794956714, 2169641.136721333023161 ], [ 3750056.30144896870479, 2169518.557186172343791 ], [ 3750042.972696160897613, 2169408.422600775491446 ], [ 3750028.60301520396024, 2169362.028371907770634 ], [ 3749976.354946431703866, 2169291.087242583744228 ], [ 3749926.353680324740708, 2169246.137584486976266 ], [ 3749869.84227499878034, 2169228.434901587665081 ], [ 3749869.84227499878034, 2173938.813124999869615 ], [ 3750329.5174066638574, 2173938.813124999869615 ], [ 3750329.888059008400887, 2173935.718099951278418 ], [ 3750330.310298479162157, 2173890.034479610156268 ], [ 3750341.605271732900292, 2173837.880841976031661 ], [ 3750342.013084962032735, 2173834.475248207338154 ], [ 3750343.414121108129621, 2173829.528387282043695 ], [ 3750360.429605655837804, 2173750.961020024493337 ], [ 3750391.59452050132677, 2173634.427028351463377 ], [ 3750397.277654154226184, 2173604.609121807385236 ], [ 3750405.188421247527003, 2173563.104082864709198 ], [ 3750421.54417938599363, 2173538.090362223796546 ], [ 3750426.544097839854658, 2173522.596407638862729 ], [ 3750586.572961570695043, 2173253.623164130374789 ], [ 3750610.97586107486859, 2173235.081938982475549 ], [ 3750621.669935251586139, 2173211.068027227651328 ], [ 3750707.227390131913126, 2173156.67356255883351 ], [ 3750845.527423285879195, 2173046.941082376055419 ], [ 3750845.538237298838794, 2173046.930737075395882 ], [ 3750923.530543461907655, 2172972.926887006964535 ], [ 3750925.326416452880949, 2172970.001788875088096 ], [ 3750958.620773847680539, 2172915.77110021840781 ], [ 3750971.864518406800926, 2172912.594822335988283 ], [ 3750985.541176858358085, 2172897.612908171489835 ], [ 3750998.709670572075993, 2172888.080351973883808 ], [ 3751000.225696595385671, 2172887.217781106010079 ], [ 3751051.939404190517962, 2172800.702149535529315 ], [ 3751071.009947537444532, 2172760.230504305101931 ], [ 3751078.551269886083901, 2172717.095275037921965 ], [ 3751079.182853955775499, 2172652.139437178149819 ], [ 3751071.954269045963883, 2172597.895188781432807 ], [ 3751015.888124723453075, 2172443.353806855157018 ], [ 3750905.356318579986691, 2172383.760080155916512 ], [ 3750890.048570419661701, 2172366.458947353065014 ], [ 3750884.744852264411747, 2172291.595596048980951 ], [ 3750906.015832731965929, 2172196.1120510334149 ], [ 3750910.148942406289279, 2172122.193558609113097 ], [ 3750902.637389592826366, 2172035.702835075557232 ], [ 3750872.858883753418922, 2171948.129371022805572 ], [ 3750862.700450678355992, 2171879.740091445855796 ], [ 3750861.998357349075377, 2171823.074761220719665 ], [ 3750878.229360023513436, 2171755.815105771180242 ], [ 3750878.224589509889483, 2171755.813775484450161 ], [ 3750837.289075053296983, 2171743.896772984415293 ], [ 3750814.827508118003607, 2171735.818608062807471 ], [ 3750799.051293808035553, 2171726.456589150708169 ], [ 3750781.129920430481434, 2171715.931656686589122 ], [ 3750761.190928698517382, 2171705.594586689956486 ], [ 3750740.950172925367951, 2171691.899173339828849 ], [ 3750727.025655662640929, 2171680.320709401275963 ], [ 3750716.234054782427847, 2171665.74525151681155 ], [ 3750707.197767208330333, 2171645.756144758313894 ], [ 3750698.529692513868213, 2171624.209689556155354 ], [ 3750693.519626608584076, 2171605.709303583949804 ], [ 3750684.11448850762099, 2171583.560197933577001 ], [ 3750672.536309202667326, 2171567.69533161399886 ], [ 3750662.211849111132324, 2171558.497009721584618 ], [ 3750651.743765322025865, 2171555.413879698142409 ], [ 3750636.337948149535805, 2171558.201145402155817 ], [ 3750619.652278067544103, 2171561.788991027045995 ], [ 3750595.592881847638637, 2171566.73476484278217 ], [ 3750566.517147549428046, 2171568.761135163716972 ], [ 3750535.578157472424209, 2171564.869192657526582 ], [ 3750507.655780039727688, 2171556.638307591434568 ], [ 3750485.98077129945159, 2171549.849671906325966 ], [ 3750470.378887806087732, 2171542.495511782355607 ], [ 3750459.19480249658227, 2171541.603245129343122 ], [ 3749981.916238195728511, 2171597.5154137769714 ], [ 3749979.457146111875772, 2171563.056674896739423 ], [ 3749981.931711243931204, 2171548.418073851149529 ], [ 3749987.097586105577648, 2171527.667431931942701 ], [ 3749991.723212774842978, 2171506.957002053037286 ], [ 3749995.989668267779052, 2171494.285699028521776 ], [ 3749999.199599218554795, 2171488.115255983546376 ], [ 3750010.973860987462103, 2171464.845332324970514 ], [ 3750012.643558907788247, 2171447.085497411899269 ], [ 3750013.76097849290818, 2171422.964516242034733 ], [ 3750021.824807124212384, 2171392.335175550542772 ], [ 3750035.513789760880172, 2171364.909289242234081 ], [ 3750050.847538828849792, 2171337.87121051363647 ] ] ] } },
{ "type": "Feature", "properties": { "ENP_GRAL": 6.0, "ENP_GRAL_NAME": "Otros Espacios Naturales Protegidos", "color": "#7F8F0D" }, "geometry": { "type": "Polygon", "coordinates": [ [ [ 3750329.888059008400887, 2173935.718099951278418 ], [ 3750330.310298479162157, 2173890.034479610156268 ], [ 3750341.605271732900292, 2173837.880841976031661 ], [ 3750342.013084962032735, 2173834.475248207338154 ], [ 3750343.414121108129621, 2173829.528387282043695 ], [ 3750360.429605655837804, 2173750.961020024493337 ], [ 3750391.59452050132677, 2173634.427028351463377 ], [ 3750397.277654154226184, 2173604.609121807385236 ], [ 3750405.188421247527003, 2173563.104082864709198 ], [ 3750421.54417938599363, 2173538.090362223796546 ], [ 3750426.544097839854658, 2173522.596407638862729 ], [ 3750586.572961570695043, 2173253.623164130374789 ], [ 3750610.97586107486859, 2173235.081938982475549 ], [ 3750621.669935251586139, 2173211.068027227651328 ], [ 3750707.227390131913126, 2173156.67356255883351 ], [ 3750845.527423285879195, 2173046.941082376055419 ], [ 3750845.538237298838794, 2173046.930737075395882 ], [ 3750923.530543461907655, 2172972.926887006964535 ], [ 3750925.326416452880949, 2172970.001788875088096 ], [ 3750958.620773847680539, 2172915.77110021840781 ], [ 3750971.864518406800926, 2172912.594822335988283 ], [ 3751004.408258898649365, 2172904.79147876566276 ], [ 3751029.680145210586488, 2172879.815733853727579 ], [ 3751069.134202503599226, 2172847.265206738375127 ], [ 3751083.417900457046926, 2172845.935039446689188 ], [ 3751097.362524266820401, 2172841.049530679825693 ], [ 3751170.762289272621274, 2172863.226325512863696 ], [ 3751176.937801245599985, 2172861.680242214351892 ], [ 3751192.321075450163335, 2172869.222609243355691 ], [ 3751214.195524610579014, 2172866.627776050008833 ], [ 3751246.147619175259024, 2172857.335448795929551 ], [ 3751266.985266916453838, 2172860.956913870759308 ], [ 3751331.259027697145939, 2172857.425203837454319 ], [ 3751372.819922876078635, 2172838.490042316261679 ], [ 3751420.090760661754757, 2172804.508799485396594 ], [ 3751475.430251551792026, 2172808.493895943276584 ], [ 3751506.189226333983243, 2172804.436203815974295 ], [ 3751578.977976200170815, 2172784.389045311138034 ], [ 3751634.47366090817377, 2172789.356108231469989 ], [ 3751670.793638658709824, 2172788.41324410866946 ], [ 3751704.514213303104043, 2172783.867967271246016 ], [ 3751743.113647397607565, 2172765.421197429299355 ], [ 3751766.081746957730502, 2172769.699635541066527 ], [ 3751798.815232914872468, 2172765.317072573583573 ], [ 3751866.199302934110165, 2172743.138152368366718 ], [ 3751905.949546348769218, 2172744.653112895786762 ], [ 3752027.635995552875102, 2172732.676287609618157 ], [ 3752066.604947816580534, 2172729.282300325110555 ], [ 3752126.269767415244132, 2172766.812969555146992 ], [ 3752177.404743626713753, 2172782.574312666896731 ], [ 3752205.521958308760077, 2172800.110725223086774 ], [ 3752250.00215219007805, 2172805.884879608638585 ], [ 3752367.555767445359379, 2172857.057404058985412 ], [ 3752402.32038614153862, 2172865.438848667312413 ], [ 3752402.321104973554611, 2172865.443364968523383 ], [ 3752410.553785162977874, 2172923.528662297874689 ], [ 3752410.554420910775661, 2172923.533293036743999 ], [ 3752410.606837105937302, 2172935.560394186060876 ], [ 3752414.342410063836724, 2172940.010367135051638 ], [ 3752424.786610268056393, 2172972.152784601785243 ], [ 3752427.970595649443567, 2173053.335452246014029 ], [ 3752452.136852086056024, 2173104.17108562681824 ], [ 3752458.480402397923172, 2173110.09494945500046 ], [ 3752490.552843282464892, 2173146.124153353273869 ], [ 3752490.555187731981277, 2173146.126789913978428 ], [ 3752524.054683040827513, 2173185.238115535583347 ], [ 3752635.658315879292786, 2173253.707322382368147 ], [ 3752642.78774243965745, 2173256.068692610599101 ], [ 3752710.136418648064137, 2173278.228377513587475 ], [ 3752719.646065226756036, 2173280.692712673451751 ], [ 3752724.063586251810193, 2173282.988008705433458 ], [ 3752728.637268046382815, 2173286.265025573782623 ], [ 3752735.185403703711927, 2173289.217019303236157 ], [ 3752739.915391847956926, 2173293.476035135332495 ], [ 3752745.632632770575583, 2173297.57238398399204 ], [ 3752751.349873593077064, 2173301.668732771184295 ], [ 3752759.666296301409602, 2173309.3687405847013 ], [ 3752763.252480872441083, 2173312.808161904104054 ], [ 3752766.683350670617074, 2173315.26481650210917 ], [ 3752766.684453730471432, 2173315.26856425544247 ], [ 3752767.647687286138535, 2173318.134675771929324 ], [ 3752770.53380986629054, 2173326.722617511637509 ], [ 3752774.119470460806042, 2173334.623391780070961 ], [ 3752810.593789399601519, 2173354.28319953661412 ], [ 3752820.181911956518888, 2173382.01659613661468 ], [ 3752833.345976963639259, 2173409.41707366425544 ], [ 3752836.120293483603746, 2173441.361680982168764 ], [ 3752865.53187270462513, 2173531.665657075121999 ], [ 3752883.216430910397321, 2173569.376352238934487 ], [ 3752888.931280491873622, 2173593.903310794383287 ], [ 3752904.357394930440933, 2173642.588315880857408 ], [ 3752904.974873860366642, 2173643.123097722418606 ], [ 3752908.057895513717085, 2173647.395580181386322 ], [ 3752908.874422030057758, 2173648.52659057173878 ], [ 3752914.590886575169861, 2173652.62305473536253 ], [ 3752920.464194346219301, 2173657.701027260627598 ], [ 3752927.324927430134267, 2173662.616804732009768 ], [ 3752934.030136427842081, 2173666.550453531555831 ], [ 3752939.902586865238845, 2173671.628768362570554 ], [ 3752946.920210039243102, 2173677.526348343584687 ], [ 3752964.228269347921014, 2173690.797249280381948 ], [ 3752969.896221688017249, 2173700.946720178704709 ], [ 3752980.030634961090982, 2173707.338598825968802 ], [ 3752984.916679783724248, 2173712.579140858724713 ], [ 3752990.47806072095409, 2173715.693705137819052 ], [ 3752996.194638800807297, 2173719.790249961428344 ], [ 3753002.067978031933308, 2173724.868416914250702 ], [ 3753010.747029866557568, 2173728.475826185196638 ], [ 3753017.451363836880773, 2173732.409718800336123 ], [ 3753021.869255145546049, 2173734.706050664186478 ], [ 3753026.442795529961586, 2173737.983381638303399 ], [ 3753038.501925881020725, 2173750.10323535092175 ], [ 3753046.662496900185943, 2173756.818832107353956 ], [ 3753053.67999560944736, 2173762.717538150027394 ], [ 3753062.428543163463473, 2173767.099482582882047 ], [ 3753179.648869093507528, 2173752.914848015643656 ], [ 3753278.301412664819509, 2173729.413808113429695 ], [ 3753314.828786118887365, 2173738.907926794141531 ], [ 3753336.328814756125212, 2173737.334472542628646 ], [ 3753350.823771667201072, 2173732.932634668424726 ], [ 3753354.616151289083064, 2173731.300742673687637 ], [ 3753386.056775126140565, 2173744.259720578789711 ], [ 3753453.923383776564151, 2173763.311714651528746 ], [ 3753461.458648168481886, 2173766.101169474888593 ], [ 3753468.68123433785513, 2173766.926950840745121 ], [ 3753477.203689052723348, 2173769.554056343622506 ], [ 3753489.830934774130583, 2173772.512592582497746 ], [ 3753503.289254606701434, 2173774.326756191905588 ], [ 3753511.49902892485261, 2173774.990191540680826 ], [ 3753518.721710361540318, 2173775.815961047075689 ], [ 3753526.931582210119814, 2173776.479381892364472 ], [ 3753535.297703713178635, 2173778.124402470421046 ], [ 3753541.533156557939947, 2173779.112932241521776 ], [ 3753547.768692119978368, 2173780.101348042488098 ], [ 3753557.278268468100578, 2173782.565718399826437 ], [ 3753566.944042414426804, 2173786.011998786125332 ], [ 3753576.609898621216416, 2173789.45816534711048 ], [ 3753582.014455848373473, 2173791.590939060319215 ], [ 3753589.862290060147643, 2173796.344088863115758 ], [ 3753614.49183966871351, 2173798.334078931249678 ], [ 3753621.196116871200502, 2173802.26789821125567 ], [ 3753637.615713599137962, 2173803.594579964410514 ], [ 3753661.364823082461953, 2173812.782343108206987 ], [ 3753685.994355671107769, 2173814.772354037500918 ], [ 3753711.511854241136461, 2173828.706777635030448 ], [ 3753715.773048567585647, 2173830.02019174117595 ], [ 3753715.774354024324566, 2173830.023301624692976 ], [ 3753719.843251750804484, 2173837.001860280055553 ], [ 3753753.10430711042136, 2173856.115056911949068 ], [ 3753754.337651432491839, 2173855.913186674006283 ], [ 3753765.839206482749432, 2173868.089568468742073 ], [ 3753784.597442167811096, 2173886.266831486485898 ], [ 3753800.87346831895411, 2173905.177330842707306 ], [ 3753812.81641575274989, 2173917.82025846419856 ], [ 3753835.587939313147217, 2173938.691153759136796 ], [ 3753835.800397506915033, 2173938.813124999869615 ], [ 3754024.113033819012344, 2173938.813124999869615 ], [ 3754024.544756275601685, 2173905.125664896331728 ], [ 3754029.153945803176612, 2173897.033901615068316 ], [ 3754029.05344367865473, 2173880.958918178454041 ], [ 3754032.22439003828913, 2173848.831674857996404 ], [ 3754052.726390330120921, 2173810.231850156094879 ], [ 3754069.972277955152094, 2173784.69015309587121 ], [ 3754180.327555955853313, 2173689.093234766274691 ], [ 3754255.797050680965185, 2173640.157855314202607 ], [ 3754329.474346426315606, 2173625.168024063110352 ], [ 3754372.706108629703522, 2173603.979618440382183 ], [ 3754410.218094110488892, 2173597.803793927654624 ], [ 3754465.811344263609499, 2173590.666523225605488 ], [ 3754519.537000564858317, 2173590.889260428026319 ], [ 3754530.363771000411361, 2173592.454205125570297 ], [ 3754616.172704807948321, 2173597.633586573880166 ], [ 3754693.645170772448182, 2173588.921309079043567 ], [ 3754768.190328483004123, 2173598.446559276431799 ], [ 3754826.464356555603445, 2173610.998941760975868 ], [ 3754841.525459883734584, 2173613.168206158094108 ], [ 3754849.276420953217894, 2173613.176807429641485 ], [ 3754884.813958087004721, 2173607.326353304553777 ], [ 3754915.522994140163064, 2173609.324788053520024 ], [ 3754933.664985720533878, 2173624.404185108374804 ], [ 3754953.934714927338064, 2173641.251563026569784 ], [ 3754996.638961383141577, 2173647.545919493772089 ], [ 3755070.481074356473982, 2173631.697551521006972 ], [ 3755111.446831786539406, 2173626.685072870925069 ], [ 3755148.973804080393165, 2173612.200622205156833 ], [ 3755202.173293826635927, 2173596.390328079462051 ], [ 3755243.526888763066381, 2173582.530146208591759 ], [ 3755273.453889651224017, 2173579.618692712858319 ], [ 3755305.980247502215207, 2173580.309325127862394 ], [ 3755346.306161659769714, 2173585.458706902805716 ], [ 3755351.661851989571005, 2173584.654205466620624 ], [ 3755397.230861502699554, 2173565.114615637809038 ], [ 3755428.726864957250655, 2173545.621929737739265 ], [ 3755447.06759034935385, 2173526.472263201139867 ], [ 3755458.085581989493221, 2173504.894665979314595 ], [ 3755499.211301909293979, 2173438.681576129049063 ], [ 3755522.114405646454543, 2173410.731302404776216 ], [ 3755538.838828548323363, 2173394.880481485277414 ], [ 3755549.434686728287488, 2173385.076296037063003 ], [ 3755603.884139394853264, 2173377.120820083189756 ], [ 3755648.149606815073639, 2173368.82696102373302 ], [ 3755723.485381487756968, 2173358.441214322112501 ], [ 3755772.793015983887017, 2173356.369870171882212 ], [ 3755801.526952459476888, 2173358.692723228596151 ], [ 3755816.30057901982218, 2173358.791514554992318 ], [ 3755859.75015985686332, 2173328.056521533057094 ], [ 3755867.914153710007668, 2173317.540000455453992 ], [ 3755910.552958325482905, 2173267.198747898451984 ], [ 3755934.2941395775415, 2173257.245962014421821 ], [ 3755953.468998356256634, 2173263.157281323336065 ], [ 3755959.906130373943597, 2173267.319060450419784 ], [ 3756003.373335615731776, 2173269.457167910411954 ], [ 3756025.510280622169375, 2173292.817114407662302 ], [ 3756077.994799408596009, 2173306.417273839004338 ], [ 3756097.514706315007061, 2173308.96515938360244 ], [ 3756117.201540811918676, 2173315.138293092139065 ], [ 3756231.495204116217792, 2173338.38850480504334 ], [ 3756241.034424108918756, 2173338.739675642922521 ], [ 3756249.524761881213635, 2173342.056026726029813 ], [ 3756263.205123398918658, 2173344.839064666535705 ], [ 3756390.166116880718619, 2173404.627597225829959 ], [ 3756437.124712592922151, 2173419.526751446072012 ], [ 3756506.148397140670568, 2173433.76623862516135 ], [ 3756590.466203798539937, 2173432.796402945183218 ], [ 3756651.890191263053566, 2173422.944819446653128 ], [ 3756700.701709100045264, 2173411.521129262633622 ], [ 3756847.077808696310967, 2173312.560769553296268 ], [ 3756902.597155854571611, 2173282.598788695875555 ], [ 3756930.346330109518021, 2173282.572689907625318 ], [ 3756978.968018671032041, 2173301.666148211341351 ], [ 3756993.195272585377097, 2173308.215172735974193 ], [ 3757065.201258351560682, 2173336.075925474520773 ], [ 3757088.142459607683122, 2173342.676444042939693 ], [ 3757240.37004928290844, 2173384.000009146984667 ], [ 3757307.178647309076041, 2173400.560537102166563 ], [ 3757366.91265790630132, 2173403.251029279083014 ], [ 3757408.907472049817443, 2173408.994043348357081 ], [ 3757492.751652390696108, 2173402.569080867804587 ], [ 3757576.087573831900954, 2173374.168909777421504 ], [ 3757634.938632508739829, 2173350.801242487039417 ], [ 3757684.880704162176698, 2173336.508098763413727 ], [ 3757782.469745062291622, 2173297.144193740561604 ], [ 3757886.254384438041598, 2173330.415796788875014 ], [ 3757938.827909275423735, 2173335.06524504814297 ], [ 3758037.314399893861264, 2173316.128001702018082 ], [ 3758094.377036321908236, 2173303.938568513840437 ], [ 3758094.541791383642703, 2173303.921025506220758 ], [ 3758103.884443684481084, 2173300.13286675978452 ], [ 3758230.899246960878372, 2173238.931210001930594 ], [ 3758309.884444217663258, 2173264.216713976114988 ], [ 3758347.345852443948388, 2173264.097333733458072 ], [ 3758394.757611535489559, 2173293.808675392530859 ], [ 3758395.503890122286975, 2173293.84252167167142 ], [ 3758396.637999134138227, 2173292.129611844196916 ], [ 3758396.738260693848133, 2173291.582089335191995 ], [ 3758397.358115051873028, 2173289.791105740703642 ], [ 3758398.226945896167308, 2173287.419563300441951 ], [ 3758398.880709511227906, 2173281.70576096046716 ], [ 3758400.042485122103244, 2173277.690121170133352 ], [ 3758400.939124186523259, 2173274.100035106297582 ], [ 3758401.284585698973387, 2173269.959920041263103 ], [ 3758401.270027481019497, 2173265.152081191074103 ], [ 3758402.877104872372001, 2173256.98715193849057 ], [ 3758403.505166712682694, 2173256.270565677899867 ], [ 3758405.075993882026523, 2173254.478233885020018 ], [ 3758407.886417888104916, 2173253.214924460276961 ], [ 3758410.519301472231746, 2173251.066477678250521 ], [ 3758413.149963612202555, 2173249.993740255013108 ], [ 3758414.020454342011362, 2173249.638825721107423 ], [ 3758417.225439293310046, 2173249.441037280950695 ], [ 3758423.019018264953047, 2173248.902289414778352 ], [ 3758423.785246540792286, 2173247.449899403378367 ], [ 3758424.575357987545431, 2173245.952173324301839 ], [ 3758424.282063639722764, 2173242.572820192668587 ], [ 3758424.286003587767482, 2173235.65920864418149 ], [ 3758422.020672470331192, 2173232.763757418841124 ], [ 3758420.131422665901482, 2173233.039699912071228 ], [ 3758419.365617020055652, 2173235.816100552212447 ], [ 3758417.400963290594518, 2173238.70395362842828 ], [ 3758414.776726045180112, 2173240.95192183367908 ], [ 3758413.152015322353691, 2173241.610076304525137 ], [ 3758411.566702856682241, 2173242.252277384512126 ], [ 3758410.05134770879522, 2173242.886592920869589 ], [ 3758407.874438695143908, 2173243.797918183263391 ], [ 3758405.311805734876543, 2173244.436939295381308 ], [ 3758403.544745722785592, 2173243.799677459988743 ], [ 3758400.158527839928865, 2173241.910352779086679 ], [ 3758394.985212304629385, 2173243.794119095429778 ], [ 3758391.267152358777821, 2173245.041471517644823 ], [ 3758387.788299257867038, 2173245.565406238660216 ], [ 3758384.821143599692732, 2173247.344125807285309 ], [ 3758381.532154689542949, 2173250.054599886760116 ], [ 3758379.285200537182391, 2173253.169144807383418 ], [ 3758378.402130021248013, 2173255.756104199681431 ], [ 3758377.136822312604636, 2173258.578944248147309 ], [ 3758375.94119343534112, 2173260.056161635089666 ], [ 3758375.061409724876285, 2173261.14320376329124 ], [ 3758374.681396397762001, 2173261.612646508030593 ], [ 3758374.254125516861677, 2173262.020654866471887 ], [ 3758372.821717735379934, 2173263.388743813149631 ], [ 3758371.111352893058211, 2173262.245282155461609 ], [ 3758371.420976033899933, 2173260.012208329513669 ], [ 3758372.946513295173645, 2173257.866562562994659 ], [ 3758375.391598084475845, 2173255.266251353546977 ], [ 3758375.527624285314232, 2173255.121663521975279 ], [ 3758375.87310288567096, 2173250.9816455678083 ], [ 3758375.248128068167716, 2173242.623488617129624 ], [ 3758374.693351808004081, 2173240.872071948833764 ], [ 3758373.860958492383361, 2173238.243826078251004 ], [ 3758373.254793394356966, 2173236.744264264125377 ], [ 3758372.963217131793499, 2173236.022863478399813 ], [ 3758372.230807073879987, 2173233.385719821322709 ], [ 3758372.767383066471666, 2173229.127615062519908 ], [ 3758374.172161340713501, 2173225.590517669450492 ], [ 3758374.109507678076625, 2173224.592177050653845 ], [ 3758373.909587001893669, 2173221.406802670098841 ], [ 3758373.293850816786289, 2173221.263926500454545 ], [ 3758370.210134776309133, 2173220.548460171557963 ], [ 3758366.982763909734786, 2173221.650083038490266 ], [ 3758365.111869965214282, 2173222.778425542637706 ], [ 3758363.251048228237778, 2173223.900677916128188 ], [ 3758360.366580036468804, 2173225.471454756334424 ], [ 3758357.373658688273281, 2173226.952081550378352 ], [ 3758354.494114297442138, 2173227.420208786148578 ], [ 3758351.845228765159845, 2173227.065378718078136 ], [ 3758349.983171152416617, 2173225.334757746197283 ], [ 3758350.609721697866917, 2173223.272677860222757 ], [ 3758353.129116486292332, 2173222.13664632383734 ], [ 3758357.220966641791165, 2173220.553856713697314 ], [ 3758360.987192398868501, 2173218.700861626304686 ], [ 3758362.525177143514156, 2173217.959860629402101 ], [ 3758364.08001896366477, 2173217.210846947040409 ], [ 3758367.443052869755775, 2173214.192907624412328 ], [ 3758367.127490021288395, 2173211.717467595823109 ], [ 3758366.698058922309428, 2173210.921030868310481 ], [ 3758366.047254426870495, 2173209.713820559438318 ], [ 3758367.515999241732061, 2173208.074393432121724 ], [ 3758370.795127186924219, 2173207.569122376386076 ], [ 3758374.048262442927808, 2173206.765594155993313 ], [ 3758377.740430668462068, 2173205.219969331286848 ], [ 3758381.35003963811323, 2173203.882468162104487 ], [ 3758384.291303811594844, 2173201.805477385409176 ], [ 3758387.697479398921132, 2173199.28456577565521 ], [ 3758390.221799097023904, 2173197.045888295397162 ], [ 3758392.880663193762302, 2173195.195602566003799 ], [ 3758395.851397948339581, 2173194.618780394550413 ], [ 3758399.912273825146258, 2173191.294694444630295 ], [ 3758400.270039026625454, 2173191.001791019923985 ], [ 3758399.963093514088541, 2173188.62567878048867 ], [ 3758396.797458233777434, 2173188.118530162610114 ], [ 3758393.62696536956355, 2173188.713818246498704 ], [ 3758392.935833856929094, 2173188.955195578746498 ], [ 3758389.717708786018193, 2173190.079270442947745 ], [ 3758386.338774719275534, 2173190.59391165478155 ], [ 3758384.620637097395957, 2173190.491911429911852 ], [ 3758383.707121148705482, 2173190.437731641344726 ], [ 3758381.206321014091372, 2173189.467967445962131 ], [ 3758378.421673344448209, 2173191.029466843232512 ], [ 3758376.157451876439154, 2173193.945159390568733 ], [ 3758373.529504656326026, 2173194.991054048296064 ], [ 3758368.743446229491383, 2173195.536272870376706 ], [ 3758367.901763198897243, 2173197.069586420431733 ], [ 3758367.526314035523683, 2173197.753567764535546 ], [ 3758365.532186526805162, 2173199.141254924703389 ], [ 3758364.972592070698738, 2173198.976244496181607 ], [ 3758362.948613499291241, 2173198.379549095407128 ], [ 3758360.181311586871743, 2173200.139784986618906 ], [ 3758357.700101303402334, 2173202.875293280929327 ], [ 3758354.641669187694788, 2173204.762825766112655 ], [ 3758352.373757167719305, 2173206.476544635370374 ], [ 3758349.428899981081486, 2173207.351545521058142 ], [ 3758346.054988191463053, 2173206.763523872476071 ], [ 3758347.246355956885964, 2173204.248133817687631 ], [ 3758348.91115224827081, 2173201.38816478010267 ], [ 3758350.524374036118388, 2173197.931714240927249 ], [ 3758351.455513485707343, 2173194.739130024332553 ], [ 3758351.935328872408718, 2173190.987438634037971 ], [ 3758351.672856078017503, 2173186.803707050159574 ], [ 3758351.3794662989676, 2173183.424367994535714 ], [ 3758351.902392059098929, 2173180.169505306519568 ], [ 3758354.075424160808325, 2173177.362510276958346 ], [ 3758355.423395621590316, 2173174.331532686948776 ], [ 3758355.603534220717847, 2173170.607599111273885 ], [ 3758355.541000840254128, 2173169.580728398635983 ], [ 3758355.366941457614303, 2173166.722043821122497 ], [ 3758355.989804731681943, 2173163.457989739719778 ], [ 3758359.955760641954839, 2173161.586336095351726 ], [ 3758360.269989419262856, 2173161.495335494168103 ], [ 3758368.108450357802212, 2173159.225176242180169 ], [ 3758371.483810120262206, 2173157.508641945198178 ], [ 3758372.666451058350503, 2173154.893847047351301 ], [ 3758373.354726867750287, 2173151.222904241643846 ], [ 3758373.514550574589521, 2173150.749198573641479 ], [ 3758374.716257348656654, 2173147.188704557251185 ], [ 3758376.4243796588853, 2173144.82563400035724 ], [ 3758380.120240487158298, 2173144.481989075429738 ], [ 3758383.23403756134212, 2173144.392902744933963 ], [ 3758387.016246430110186, 2173143.968053829856217 ], [ 3758388.419566245749593, 2173143.810462395660579 ], [ 3758390.42725294129923, 2173141.419554511085153 ], [ 3758390.88187295012176, 2173140.383944953326136 ], [ 3758391.940574929118156, 2173137.97249897569418 ], [ 3758393.20220185443759, 2173133.947690044529736 ], [ 3758394.198856853879988, 2173130.34820501646027 ], [ 3758395.360548343043774, 2173126.332588751800358 ], [ 3758396.193272978998721, 2173123.324852166697383 ], [ 3758396.357120924629271, 2173122.733218633569777 ], [ 3758396.441376345232129, 2173122.074289215262979 ], [ 3758396.837026224471629, 2173118.981418547220528 ], [ 3758397.564756517764181, 2173114.605528230313212 ], [ 3758399.277708884794265, 2173111.139828518033028 ], [ 3758401.138861891347915, 2173107.059280332177877 ], [ 3758403.086065937299281, 2173103.972616736777127 ], [ 3758407.141061856411397, 2173098.485628100112081 ], [ 3758408.707237664144486, 2173093.499980539549142 ], [ 3758409.507804091554135, 2173090.951490846928209 ], [ 3758409.488223781809211, 2173087.24622559780255 ], [ 3758408.412937340326607, 2173084.140029227361083 ], [ 3758405.524858626537025, 2173084.508705985732377 ], [ 3758403.026295286603272, 2173087.045468976255506 ], [ 3758401.235609769821167, 2173089.61665794160217 ], [ 3758400.702563799917698, 2173090.830996736418456 ], [ 3758400.226829584687948, 2173091.914709257427603 ], [ 3758398.353470243513584, 2173094.693939554970711 ], [ 3758397.484332592226565, 2173095.378162574023008 ], [ 3758393.735076933633536, 2173098.329483861569315 ], [ 3758389.646909663453698, 2173101.114235416054726 ], [ 3758383.621423588134348, 2173104.780551795382053 ], [ 3758376.743745626881719, 2173110.229236110113561 ], [ 3758373.415310714393854, 2173113.644749974366277 ], [ 3758370.386440414469689, 2173117.032426104880869 ], [ 3758366.94943870138377, 2173120.357708829920739 ], [ 3758360.553937024436891, 2173125.561327059287578 ], [ 3758357.867953840643167, 2173129.418060678988695 ], [ 3758355.655498755164444, 2173132.930200266651809 ], [ 3758354.081888265442103, 2173135.681466810870916 ], [ 3758353.905433279462159, 2173136.05958315031603 ], [ 3758352.468645519576967, 2173139.137815571390092 ], [ 3758349.980067151598632, 2173139.469467216171324 ], [ 3758346.97986116213724, 2173138.546121623367071 ], [ 3758346.151225124020129, 2173137.120244428049773 ], [ 3758346.202616803813726, 2173136.736011556349695 ], [ 3758346.395344325341284, 2173135.294079050887376 ], [ 3758345.454581548925489, 2173132.576173706445843 ], [ 3758343.21513154450804, 2173129.978896050713956 ], [ 3758340.123635961674154, 2173129.164265215396881 ], [ 3758339.221727546770126, 2173128.794759859796613 ], [ 3758337.900672833435237, 2173128.253552510868758 ], [ 3758336.037480514496565, 2173127.490261281840503 ], [ 3758335.738508991897106, 2173127.367792762815952 ], [ 3758333.781475443392992, 2173124.543909224681556 ], [ 3758333.724451662972569, 2173124.44529545865953 ], [ 3758332.241402366664261, 2173121.881811463274062 ], [ 3758331.677822174504399, 2173120.030495494604111 ], [ 3758329.559343034867197, 2173118.824736149050295 ], [ 3758326.574932910501957, 2173120.404701525811106 ], [ 3758323.516594296321273, 2173122.292215047869831 ], [ 3758320.144920852966607, 2173125.210727235302329 ], [ 3758317.798035579733551, 2173128.334560281597078 ], [ 3758315.390763672068715, 2173130.762618012726307 ], [ 3758312.766518264543265, 2173133.010587841272354 ], [ 3758309.65999960899353, 2173135.503646709956229 ], [ 3758307.65231189597398, 2173137.894560016226023 ], [ 3758307.576825672760606, 2173137.997551335021853 ], [ 3758305.761708605568856, 2173140.475048577412963 ], [ 3758302.990712849888951, 2173141.033308571204543 ], [ 3758302.495752926450223, 2173140.8683404866606 ], [ 3758299.465122992638499, 2173139.858225039206445 ], [ 3758295.040444669313729, 2173138.766723200678825 ], [ 3758291.59248835965991, 2173138.486166927032173 ], [ 3758286.968067110516131, 2173137.413230139762163 ], [ 3758283.373375387862325, 2173135.443060818128288 ], [ 3758279.01916370075196, 2173132.842198199592531 ], [ 3758271.268636369146407, 2173130.557049537077546 ], [ 3758259.336410271469504, 2173127.658844930585474 ], [ 3758255.973434245213866, 2173127.213390101678669 ], [ 3758254.446932069491595, 2173127.011348892003298 ], [ 3758251.925094165373594, 2173124.640873608645052 ], [ 3758251.852441558148712, 2173123.493766417726874 ], [ 3758251.653994500171393, 2173120.357713200617582 ], [ 3758251.60851576924324, 2173116.354163972660899 ], [ 3758250.575361705385149, 2173107.933818988502026 ], [ 3758248.640629764646292, 2173104.206214579753578 ], [ 3758247.896804015617818, 2173103.334879718255252 ], [ 3758244.044788031838834, 2173098.822360884863883 ], [ 3758241.405866783112288, 2173096.262309981510043 ], [ 3758239.633836336433887, 2173095.731949319597334 ], [ 3758237.063860294409096, 2173094.962767107412219 ], [ 3758232.695975905284286, 2173093.365048534236848 ], [ 3758228.436643189750612, 2173091.857464264146984 ], [ 3758225.349972204305232, 2173089.940201257355511 ], [ 3758226.301070843823254, 2173082.337270639836788 ], [ 3758225.064179600216448, 2173080.217453177087009 ], [ 3758224.799536282196641, 2173079.763931525871158 ], [ 3758224.526532849762589, 2173079.296069528907537 ], [ 3758222.410403416492045, 2173081.596933735534549 ], [ 3758219.863771055825055, 2173084.739337419625372 ], [ 3758216.478519312571734, 2173088.660985752008855 ], [ 3758215.59882131125778, 2173089.50673140399158 ], [ 3758213.132734594866633, 2173091.877780331298709 ], [ 3758210.031252163462341, 2173093.26827579503879 ], [ 3758207.013696944341063, 2173092.146198293194175 ], [ 3758206.436641199048609, 2173088.629778806585819 ], [ 3758205.944783094804734, 2173085.632780160754919 ], [ 3758204.113562182057649, 2173083.097878337837756 ], [ 3758198.399034819100052, 2173082.226498852949589 ], [ 3758195.466391341295093, 2173084.402921920642257 ], [ 3758192.628726499155164, 2173087.672608394641429 ], [ 3758190.281821538694203, 2173090.796352145262063 ], [ 3758188.801942666992545, 2173092.936803475487977 ], [ 3758188.134773960802704, 2173093.901613316498697 ], [ 3758182.937999484594911, 2173098.993724736850709 ], [ 3758180.136081579141319, 2173100.356383525766432 ], [ 3758176.440229032654315, 2173100.700137249659747 ], [ 3758172.119155691936612, 2173100.801328154280782 ], [ 3758165.379837149288505, 2173099.724634083919227 ], [ 3758161.289424553979188, 2173099.002866368740797 ], [ 3758157.324711738154292, 2173098.570000629406422 ], [ 3758153.790402848739177, 2173097.295610598754138 ], [ 3758152.853312198072672, 2173095.779581271577626 ], [ 3758155.790798882953823, 2173092.500615926925093 ], [ 3758157.438742435537279, 2173090.604011345654726 ], [ 3758158.537288428284228, 2173089.33972280845046 ], [ 3758160.367410628125072, 2173086.063465459272265 ], [ 3758158.510310701094568, 2173083.230387059040368 ], [ 3758157.008195824921131, 2173079.546535782516003 ], [ 3758156.975162125192583, 2173079.465634017717093 ], [ 3758156.673146146349609, 2173075.986863255500793 ], [ 3758156.506829425692558, 2173070.591968101914972 ], [ 3758158.462767264340073, 2173067.604695324786007 ], [ 3758158.37475539650768, 2173066.591485460288823 ], [ 3758158.272893890738487, 2173065.418054074980319 ], [ 3758154.816301537677646, 2173065.03807643475011 ], [ 3758151.566844674758613, 2173067.043589944019914 ], [ 3758148.837714108172804, 2173070.403315502684563 ], [ 3758146.25523466616869, 2173075.45277198869735 ], [ 3758144.442342557013035, 2173078.927683133631945 ], [ 3758142.464118051808327, 2173082.818776894360781 ], [ 3758140.797877956181765, 2173087.983419474679977 ], [ 3758138.627130954060704, 2173092.424728537909687 ], [ 3758138.489285270683467, 2173092.706830145791173 ], [ 3758138.12976645771414, 2173092.940987657755613 ], [ 3758135.439442650880665, 2173094.693601704202592 ], [ 3758132.234462725464255, 2173094.891496095340699 ], [ 3758130.553564865142107, 2173095.248206043150276 ], [ 3758130.130363827105612, 2173095.418292650021613 ], [ 3758128.607611043378711, 2173096.030356726143509 ], [ 3758124.568937162868679, 2173095.904845308978111 ], [ 3758124.282603091560304, 2173095.64983341936022 ], [ 3758121.513180685695261, 2173093.183189805131406 ], [ 3758117.398140839766711, 2173089.858713160268962 ], [ 3758113.074726874008775, 2173086.453376762568951 ], [ 3758104.84463148470968, 2173079.804325001314282 ], [ 3758100.304227815009654, 2173076.218802070710808 ], [ 3758096.289108748547733, 2173072.885034411214292 ], [ 3758088.276018528267741, 2173066.416266709566116 ], [ 3758083.73561478452757, 2173062.830743526108563 ], [ 3758072.401696017943323, 2173054.065662115812302 ], [ 3758067.692369353026152, 2173049.694324942305684 ], [ 3758064.632924529723823, 2173045.77068835310638 ], [ 3758059.874435073696077, 2173036.193811973556876 ], [ 3758056.754879621323198, 2173023.458777382038534 ], [ 3758055.562520815990865, 2173020.163093491457403 ], [ 3758054.266553625930101, 2173015.674720039591193 ], [ 3758052.032257005572319, 2173011.974949977360666 ], [ 3758047.786476540379226, 2173009.464141002390534 ], [ 3758044.269411312416196, 2173008.388502751942724 ], [ 3758041.272785877343267, 2173008.667159345932305 ], [ 3758037.681775626726449, 2173007.898972282651812 ], [ 3758035.390681877732277, 2173004.70542063890025 ], [ 3758033.929465163033456, 2173000.633114823605865 ], [ 3758032.568185337353498, 2172996.551616466604173 ], [ 3758031.840726869180799, 2172992.811909667681903 ], [ 3758030.270974761806428, 2172988.649567793123424 ], [ 3758027.132659651804715, 2172986.136034472379833 ], [ 3758022.799260333180428, 2172984.935823001898825 ], [ 3758020.882254155818373, 2172983.820421916432679 ], [ 3758019.087493965867907, 2172982.776177877560258 ], [ 3758015.82328171050176, 2172979.973774930462241 ], [ 3758013.780098713934422, 2172976.156013823579997 ], [ 3758013.613663173280656, 2172974.238832703791559 ], [ 3758013.521227506920695, 2172973.174264707602561 ], [ 3758013.353662160225213, 2172970.083898231387138 ], [ 3758013.008430112153292, 2172966.108211008366197 ], [ 3758013.921830933075398, 2172960.967719366308302 ], [ 3758014.293718184810132, 2172958.875006819609553 ], [ 3758015.906862056814134, 2172955.418558366596699 ], [ 3758017.077313296496868, 2172951.502426678780466 ], [ 3758018.590536801144481, 2172948.055269476491958 ], [ 3758020.0951609602198, 2172944.508884055074304 ], [ 3758021.100362231954932, 2172941.008821383584291 ], [ 3758022.574050483293831, 2172938.266733378171921 ], [ 3758027.255556121468544, 2172930.717732816934586 ], [ 3758028.401627164334059, 2172929.352938883937895 ], [ 3758028.404016155749559, 2172929.350127869285643 ], [ 3758030.54089025221765, 2172926.805268054828048 ], [ 3758031.258152388501912, 2172925.623068845830858 ], [ 3758034.857304761186242, 2172919.690919607877731 ], [ 3758037.694985989946872, 2172916.421229547820985 ], [ 3758038.191223698668182, 2172915.314190093427896 ], [ 3758038.96031742496416, 2172913.598381964489818 ], [ 3758036.128925749100745, 2172913.460868170019239 ], [ 3758031.68574602343142, 2172914.475248532835394 ], [ 3758027.924439860042185, 2172915.22569625498727 ], [ 3758023.76724896999076, 2172917.215368381235749 ], [ 3758021.212084645405412, 2172920.258436555042863 ], [ 3758019.56208823621273, 2172919.810651987791061 ], [ 3758020.801542576402426, 2172916.689626692794263 ], [ 3758021.31120641482994, 2172915.039984194561839 ], [ 3758021.980612691491842, 2172912.872824014164507 ], [ 3758022.377774052787572, 2172909.329163370653987 ], [ 3758022.799894046969712, 2172905.041024899110198 ], [ 3758022.805841592140496, 2172904.981009915005416 ], [ 3758022.748024557251483, 2172904.31473096460104 ], [ 3758022.46936067705974, 2172901.104831736534834 ], [ 3758022.506953779608011, 2172900.94259216543287 ], [ 3758023.121911717113107, 2172898.293263792991638 ], [ 3758023.348767873365432, 2172897.315885362681001 ], [ 3758025.487201415933669, 2172894.11119703669101 ], [ 3758027.604295331984758, 2172886.46447310782969 ], [ 3758028.476859243586659, 2172883.312955661211163 ], [ 3758028.899998424574733, 2172880.067456490825862 ], [ 3758028.737370965071023, 2172875.874440087936819 ], [ 3758027.918632043991238, 2172872.243450697511435 ], [ 3758025.660691997036338, 2172871.752048795111477 ], [ 3758024.920641979202628, 2172874.826651694253087 ], [ 3758023.94139479380101, 2172878.624773047398776 ], [ 3758021.481004389002919, 2172882.76113539468497 ], [ 3758019.134097060188651, 2172885.884979627095163 ], [ 3758016.35321143316105, 2172888.648450929205865 ], [ 3758013.828836522065103, 2172890.886943014338613 ], [ 3758012.231969763059169, 2172888.731057872064412 ], [ 3758011.658920791000128, 2172885.910623667296022 ], [ 3758011.35284539218992, 2172884.4042899729684 ], [ 3758010.38017952721566, 2172883.211458982899785 ], [ 3758007.859333594329655, 2172880.12029298581183 ], [ 3758006.093531394843012, 2172877.178495816886425 ], [ 3758005.500494936481118, 2172873.827002534642816 ], [ 3758004.950295109301805, 2172872.857915837317705 ], [ 3758003.769969035871327, 2172870.779058719053864 ], [ 3758003.12306509912014, 2172869.63960959808901 ], [ 3758000.284403086174279, 2172867.098119632340968 ], [ 3757996.53668762370944, 2172866.845534605439752 ], [ 3757992.661994540132582, 2172868.608484543394297 ], [ 3757989.295340120792389, 2172870.424439501948655 ], [ 3757985.906394473277032, 2172873.144214784726501 ], [ 3757983.316620133817196, 2172875.789698419161141 ], [ 3757979.03342714253813, 2172885.60608986299485 ], [ 3757977.678777906112373, 2172887.588922280818224 ], [ 3757975.817103139590472, 2172890.313760011456907 ], [ 3757973.192723633721471, 2172892.561660354956985 ], [ 3757970.743669693823904, 2172892.188250650651753 ], [ 3757971.440595416817814, 2172888.616715656593442 ], [ 3757971.364211343228817, 2172885.417551700957119 ], [ 3757968.072863481007516, 2172884.621506131254137 ], [ 3757967.680291962809861, 2172884.490766002330929 ], [ 3757964.547264571301639, 2172883.446424216032028 ], [ 3757961.691255897283554, 2172880.706199439242482 ], [ 3757957.406038045417517, 2172878.900439653545618 ], [ 3757953.245257115922868, 2172879.688118818216026 ], [ 3757949.487647525034845, 2172881.640649150591344 ], [ 3757945.216954168863595, 2172884.642748173791915 ], [ 3757942.409890971612185, 2172886.596316462382674 ], [ 3757941.228793921880424, 2172887.418322394602001 ], [ 3757938.883230704814196, 2172888.237522156909108 ], [ 3757935.596921195276082, 2172887.970262825023383 ], [ 3757935.435276652220637, 2172887.957069824449718 ], [ 3757934.768193688709289, 2172884.913040694780648 ], [ 3757934.605579612776637, 2172880.720116378739476 ], [ 3757935.941257835831493, 2172876.387716977391392 ], [ 3757936.329447918571532, 2172874.923183268401772 ], [ 3757937.003164184745401, 2172872.381448500324041 ], [ 3757936.792482240125537, 2172868.79415242606774 ], [ 3757935.917720908299088, 2172867.131254590116441 ], [ 3757934.98354059131816, 2172865.355327473022044 ], [ 3757931.314798368606716, 2172863.692624517716467 ], [ 3757927.971696048974991, 2172862.300226300489157 ], [ 3757923.734546277672052, 2172859.888839183375239 ], [ 3757920.252084157895297, 2172859.210784517694265 ], [ 3757916.373704487457871, 2172859.771759569644928 ], [ 3757912.486709579825401, 2172860.233408149797469 ], [ 3757908.552907940931618, 2172858.996147046796978 ], [ 3757907.16934554092586, 2172855.818466077093035 ], [ 3757904.852281735744327, 2172852.326750797219574 ], [ 3757901.271243884693831, 2172849.353334893472493 ], [ 3757897.554431380238384, 2172848.296260395087302 ], [ 3757896.022878902964294, 2172845.733497855719179 ], [ 3757895.495272197760642, 2172841.975206159986556 ], [ 3757895.550612480845302, 2172841.696607390418649 ], [ 3757896.266147467307746, 2172838.096216888166964 ], [ 3757898.252912475727499, 2172834.304458377882838 ], [ 3757899.59724164288491, 2172830.071581440512091 ], [ 3757901.492815625853837, 2172826.388523102272302 ], [ 3757903.50248265452683, 2172823.655348054133356 ], [ 3757904.735040049534291, 2172821.979124036617577 ], [ 3757896.229609591886401, 2172826.076353973709047 ], [ 3757892.774219604674727, 2172828.037481125444174 ], [ 3757890.951394953764975, 2172829.072083563078195 ], [ 3757889.405001231469214, 2172829.816990447230637 ], [ 3757885.413151800632477, 2172831.390584491193295 ], [ 3757881.794881920330226, 2172832.628675567917526 ], [ 3757879.93149445252493, 2172833.202801358886063 ], [ 3757878.233426513150334, 2172833.360645825043321 ], [ 3757875.324416109360754, 2172832.328703391365707 ], [ 3757873.080050664022565, 2172830.834172931499779 ], [ 3757872.327801745850593, 2172830.154327604919672 ], [ 3757870.566927142906934, 2172828.563003917690367 ], [ 3757867.268209451343864, 2172825.362996195908636 ], [ 3757866.666559099219739, 2172821.912171062082052 ], [ 3757866.946642382070422, 2172818.178928380832076 ], [ 3757865.580327370204031, 2172815.199998288415372 ], [ 3757865.30183366779238, 2172812.718046681955457 ], [ 3757865.135299395304173, 2172811.2336794459261 ], [ 3757867.110507586970925, 2172808.593317423947155 ], [ 3757867.390907825902104, 2172808.218443830963224 ], [ 3757870.219985638745129, 2172804.849418410100043 ], [ 3757869.444469488691539, 2172801.715335671789944 ], [ 3757866.271550852339715, 2172798.80421339860186 ], [ 3757862.516142724547535, 2172797.773235239088535 ], [ 3757862.454816246405244, 2172797.756428631953895 ], [ 3757859.611220088321716, 2172796.317592869978398 ], [ 3757859.652023653965443, 2172793.307985045015812 ], [ 3757859.650507572107017, 2172791.012064688373357 ], [ 3757859.649705572519451, 2172789.801448654849082 ], [ 3757859.669581664726138, 2172785.391107513569295 ], [ 3757859.393475401215255, 2172782.210603868123144 ], [ 3757857.662181676365435, 2172779.666405604686588 ], [ 3757856.682007254101336, 2172778.919697223231196 ], [ 3757854.966478484682739, 2172777.612666911911219 ], [ 3757855.258878061547875, 2172775.180831647478044 ], [ 3757858.864724257029593, 2172772.641253841575235 ], [ 3757861.605886834673584, 2172772.328880777582526 ], [ 3757863.650801382493228, 2172772.095925736241043 ], [ 3757866.132048368453979, 2172769.360402264166623 ], [ 3757869.395206893794239, 2172766.351736831944436 ], [ 3757873.864290218800306, 2172765.635628380812705 ], [ 3757877.451623931527138, 2172765.201838694512844 ], [ 3757878.423908181488514, 2172764.410772095434368 ], [ 3757883.847195186652243, 2172759.998181227128953 ], [ 3757886.99445534683764, 2172754.495520385913551 ], [ 3757890.091966959647834, 2172752.42303426656872 ], [ 3757892.038343581836671, 2172751.1208759797737 ], [ 3757895.027615397237241, 2172748.438262727577239 ], [ 3757894.393998210318387, 2172746.875615467783064 ], [ 3757893.618282870389521, 2172744.962389007676393 ], [ 3757889.801534126047045, 2172743.914502021390945 ], [ 3757887.173809047788382, 2172744.068270666524768 ], [ 3757886.89610740263015, 2172744.084552862681448 ], [ 3757883.021404406521469, 2172745.847503655590117 ], [ 3757879.289759605191648, 2172748.098190908785909 ], [ 3757875.262032413389534, 2172751.578731433488429 ], [ 3757872.450211000163108, 2172755.146602452266961 ], [ 3757869.927109215874225, 2172755.080658668652177 ], [ 3757869.885255562607199, 2172752.279192864429206 ], [ 3757870.039387038443238, 2172752.024936890695244 ], [ 3757871.558898271992803, 2172749.518505814950913 ], [ 3757873.816791136749089, 2172747.469844761304557 ], [ 3757874.265750904101878, 2172747.062497988343239 ], [ 3757874.183534583542496, 2172746.756567092612386 ], [ 3757873.373072140384465, 2172743.738955003209412 ], [ 3757871.84071602486074, 2172742.756703358143568 ], [ 3757869.960873999632895, 2172741.551464946940541 ], [ 3757866.982851605862379, 2172739.724316078703851 ], [ 3757865.566571311559528, 2172738.904302599374205 ], [ 3757862.211689524818212, 2172736.961760131642222 ], [ 3757860.469040868803859, 2172735.882139770314097 ], [ 3757858.274305114056915, 2172734.522497517522424 ], [ 3757854.075245333835483, 2172733.710705844685435 ], [ 3757850.02794149145484, 2172733.485862843692303 ], [ 3757847.253343407530338, 2172732.842130555771291 ], [ 3757847.51977090165019, 2172730.112135545350611 ], [ 3757847.242854798212647, 2172730.004775824956596 ], [ 3757845.43569511314854, 2172729.303992826957256 ], [ 3757841.531449029222131, 2172729.566886244341731 ], [ 3757840.214402085635811, 2172729.689328082371503 ], [ 3757838.03540413826704, 2172729.891960580367595 ], [ 3757834.542956992052495, 2172731.41913117421791 ], [ 3757833.466194870416075, 2172733.474104980006814 ], [ 3757832.55616646958515, 2172735.210791028570384 ], [ 3757830.691409274935722, 2172738.089470183476806 ], [ 3757827.90186394425109, 2172740.753425392322242 ], [ 3757824.800373011734337, 2172742.144026173744351 ], [ 3757822.363512855488807, 2172743.071941313333809 ], [ 3757818.879680886864662, 2172744.698440919630229 ], [ 3757815.786903566680849, 2172746.188353210221976 ], [ 3757812.428868925198913, 2172748.103739836253226 ], [ 3757809.852647476829588, 2172749.746000003069639 ], [ 3757806.938588274642825, 2172749.816630134824663 ], [ 3757807.764889120589942, 2172747.735876345075667 ], [ 3757807.978912571445107, 2172746.330932198558003 ], [ 3757808.21389683522284, 2172744.788447625935078 ], [ 3757807.610900616738945, 2172743.64227518485859 ], [ 3757804.913929354399443, 2172743.893075678497553 ], [ 3757801.452390250284225, 2172744.615755178034306 ], [ 3757798.225085942074656, 2172745.71737365424633 ], [ 3757794.389836200047284, 2172746.775377328507602 ], [ 3757791.553404712118208, 2172747.740539150778204 ], [ 3757788.851484236307442, 2172749.093898175749928 ], [ 3757785.619246575981379, 2172751.29817362409085 ], [ 3757780.70976746128872, 2172755.061045814305544 ], [ 3757771.459331511519849, 2172763.335560316685587 ], [ 3757771.35785840312019, 2172763.447765280026942 ], [ 3757768.886792353354394, 2172766.179807267151773 ], [ 3757768.300315521657467, 2172766.836965581402183 ], [ 3757765.766675327904522, 2172769.676121299155056 ], [ 3757760.473622290417552, 2172775.979635403491557 ], [ 3757758.169909295625985, 2172779.60031083971262 ], [ 3757756.422337654512376, 2172782.668557419907302 ], [ 3757754.652640197891742, 2172786.640398072078824 ], [ 3757754.493912697769701, 2172787.040181503631175 ], [ 3757753.330516443122178, 2172789.969577202107757 ], [ 3757751.305556790437549, 2172792.161760150454938 ], [ 3757748.63939348096028, 2172791.608086008578539 ], [ 3757745.270409538410604, 2172789.917513635009527 ], [ 3757742.239265252836049, 2172789.798573116771877 ], [ 3757739.764230614993721, 2172789.12700669746846 ], [ 3757737.368287259712815, 2172787.04539706138894 ], [ 3757736.253566452302039, 2172784.644236836582422 ], [ 3757736.163400755729526, 2172782.981574361678213 ], [ 3757736.085911597125232, 2172781.553878148086369 ], [ 3757736.591715697664768, 2172778.100224195513874 ], [ 3757736.012260070536286, 2172773.745587597601116 ], [ 3757735.327950994018465, 2172770.50289879925549 ], [ 3757735.05184384342283, 2172767.322389837354422 ], [ 3757734.736183062195778, 2172764.846853362862021 ], [ 3757732.738462556619197, 2172765.032654853072017 ], [ 3757730.834252020809799, 2172768.616299411281943 ], [ 3757727.731494719162583, 2172772.311451776884496 ], [ 3757724.082409315276891, 2172774.354031132534146 ], [ 3757720.619505033828318, 2172777.381277424283326 ], [ 3757717.607841722667217, 2172780.967747988179326 ], [ 3757714.101914446335286, 2172783.498049580492079 ], [ 3757711.09528232878074, 2172785.981847627088428 ], [ 3757710.307169091422111, 2172786.681962460279465 ], [ 3757708.197202388197184, 2172788.555780391208827 ], [ 3757704.808245176915079, 2172791.275577276013792 ], [ 3757702.223507708404213, 2172792.818503836169839 ], [ 3757697.368410320952535, 2172792.568642258178443 ], [ 3757695.711156746838242, 2172789.716973765287548 ], [ 3757693.979842755943537, 2172787.172675533685833 ], [ 3757692.861437967978418, 2172783.569529698230326 ], [ 3757693.914626406971365, 2172780.693628457374871 ], [ 3757694.000980718992651, 2172780.457778736483306 ], [ 3757695.157883769832551, 2172777.544862198643386 ], [ 3757696.905372890643775, 2172774.476725582499057 ], [ 3757698.39250585064292, 2172772.705708150751889 ], [ 3757699.460666528902948, 2172771.433719573542476 ], [ 3757701.807570062577724, 2172768.309756197500974 ], [ 3757703.763029257766902, 2172764.747697210405022 ], [ 3757703.894180365372449, 2172764.508807551115751 ], [ 3757705.099139073397964, 2172760.990164652466774 ], [ 3757704.745403389446437, 2172756.915122287347913 ], [ 3757704.523346602916718, 2172756.843767875339836 ], [ 3757704.208508480805904, 2172756.742548562120646 ], [ 3757703.295161967165768, 2172756.448873130604625 ], [ 3757701.418191452044994, 2172758.026137408800423 ], [ 3757701.237900223582983, 2172758.240774829871953 ], [ 3757699.410475106909871, 2172760.417074542026967 ], [ 3757696.460640588775277, 2172762.394651725422591 ], [ 3757693.11121927946806, 2172764.409376707859337 ], [ 3757689.976555128581822, 2172766.089951001573354 ], [ 3757688.58902811165899, 2172766.83380403323099 ], [ 3757685.105292832478881, 2172768.460300137288868 ], [ 3757682.186282768845558, 2172769.633496881462634 ], [ 3757678.645748172421008, 2172771.76621453370899 ], [ 3757675.63911465741694, 2172774.25001494307071 ], [ 3757671.873456965200603, 2172778.185133521910757 ], [ 3757670.376868894323707, 2172779.749065998475999 ], [ 3757667.535587059799582, 2172781.816780961118639 ], [ 3757665.215908140409738, 2172782.934266088530421 ], [ 3757662.641048928722739, 2172782.271976543590426 ], [ 3757660.922048319131136, 2172781.029088506940752 ], [ 3757661.509081105701625, 2172779.67206252226606 ], [ 3757662.929763671942055, 2172778.638147608377039 ], [ 3757666.139160089194775, 2172775.716184638440609 ], [ 3757670.578964683692902, 2172771.674152448773384 ], [ 3757671.141844191588461, 2172771.16151529783383 ], [ 3757672.72960898745805, 2172769.810866268817335 ], [ 3757681.456516794860363, 2172762.387232616078109 ], [ 3757684.137510537169874, 2172759.633128815330565 ], [ 3757682.666423780377954, 2172757.766028637066483 ], [ 3757682.514633122365922, 2172757.719278139062226 ], [ 3757679.666101934853941, 2172756.842707629315555 ], [ 3757675.584300606977195, 2172756.220372522715479 ], [ 3757671.046211406588554, 2172756.141389739234 ], [ 3757667.593200876843184, 2172756.963520649354905 ], [ 3757663.992281866259873, 2172758.400458287447691 ], [ 3757661.125023620203137, 2172760.170011094771326 ], [ 3757658.383563183713704, 2172762.228450861759484 ], [ 3757655.2771215881221, 2172764.721625342965126 ], [ 3757652.253241481259465, 2172767.006674965843558 ], [ 3757649.668387684971094, 2172768.549521828070283 ], [ 3757645.810956595465541, 2172770.511444973759353 ], [ 3757645.730029336176813, 2172770.516602705232799 ], [ 3757642.406098797917366, 2172770.727833912242204 ], [ 3757639.855850854422897, 2172772.668268396984786 ], [ 3757637.972785200923681, 2172775.321790272835642 ], [ 3757637.343678954057395, 2172776.208210017997772 ], [ 3757635.162095588631928, 2172778.915896215010434 ], [ 3757634.51715750945732, 2172779.381389930378646 ], [ 3757631.656067740172148, 2172781.446221954189241 ], [ 3757628.068628294859082, 2172781.880045121535659 ], [ 3757623.656335563398898, 2172782.089954380877316 ], [ 3757619.652161732316017, 2172782.36215747660026 ], [ 3757616.051258306950331, 2172783.799198953900486 ], [ 3757612.31949532404542, 2172786.04983310168609 ], [ 3757608.671785850543529, 2172785.787958648055792 ], [ 3757608.869208894204348, 2172782.262842711061239 ], [ 3757609.092493135947734, 2172779.035806585568935 ], [ 3757610.063214444555342, 2172775.138216794002801 ], [ 3757610.248340133577585, 2172770.311787912156433 ], [ 3757609.929108825046569, 2172766.634342949837446 ], [ 3757607.672424361109734, 2172763.838403075467795 ], [ 3757605.904630190692842, 2172763.745287380181253 ], [ 3757604.233156901784241, 2172763.657174488995224 ], [ 3757600.883749311324209, 2172765.672005766071379 ], [ 3757597.634148902725428, 2172767.677464438602328 ], [ 3757594.393277965020388, 2172769.7823326443322 ], [ 3757591.230257852002978, 2172771.586460290011019 ], [ 3757591.035239818971604, 2172771.69773982744664 ], [ 3757587.17779176030308, 2172773.659570591524243 ], [ 3757584.210710152052343, 2172775.438404974993318 ], [ 3757580.969823797233403, 2172777.543176687322557 ], [ 3757578.002659186255187, 2172779.322126205544919 ], [ 3757572.44209252577275, 2172782.54438901739195 ], [ 3757568.458846526686102, 2172784.217335503548384 ], [ 3757565.114469452295452, 2172785.129495106637478 ], [ 3757562.051051688846201, 2172788.119626596570015 ], [ 3757560.072995504830033, 2172792.010724306106567 ], [ 3757559.016030840575695, 2172794.914457171224058 ], [ 3757556.98970860010013, 2172799.411219302564859 ], [ 3757553.983189335092902, 2172801.895114295184612 ], [ 3757551.672124477569014, 2172803.111933944281191 ], [ 3757550.240300158038735, 2172802.591478399932384 ], [ 3757549.696578145958483, 2172802.393835617229342 ], [ 3757550.462507289834321, 2172799.617384772282094 ], [ 3757552.470139261335135, 2172797.226549532264471 ], [ 3757554.500130174681544, 2172793.931676372420043 ], [ 3757555.804924188647419, 2172790.40384405804798 ], [ 3757557.361283574718982, 2172787.453589453361928 ], [ 3757558.731590969953686, 2172783.518846729770303 ], [ 3757559.871133352164179, 2172780.407086703460664 ], [ 3757560.68018646305427, 2172778.127567910123616 ], [ 3757559.947689673863351, 2172775.490421238821 ], [ 3757557.450571876484901, 2172775.722750978544354 ], [ 3757553.763291637413204, 2172776.165755487978458 ], [ 3757550.34488462517038, 2172777.385483114048839 ], [ 3757547.443117933813483, 2172778.757442042697221 ], [ 3757544.119669760577381, 2172781.070343024097383 ], [ 3757542.782734968699515, 2172781.917601641267538 ], [ 3757540.970006227958947, 2172783.066614515613765 ], [ 3757537.603321284521371, 2172784.882503558881581 ], [ 3757533.871670836117119, 2172787.133227326907218 ], [ 3757530.68255325127393, 2172789.834458812139928 ], [ 3757528.192688985262066, 2172792.470684406347573 ], [ 3757526.119543852284551, 2172795.268432362936437 ], [ 3757523.187008619308472, 2172800.801495898514986 ], [ 3757521.706964036915451, 2172803.594121566042304 ], [ 3757517.26975482981652, 2172809.316985149402171 ], [ 3757514.814399521797895, 2172812.350816855207086 ], [ 3757514.72896633297205, 2172812.464513669721782 ], [ 3757513.137726011220366, 2172814.582615825347602 ], [ 3757512.467466832138598, 2172815.474603046197444 ], [ 3757510.229201084002852, 2172818.688605734612793 ], [ 3757508.207827290520072, 2172822.082811463158578 ], [ 3757506.048508450388908, 2172824.758537231944501 ], [ 3757505.934955481439829, 2172824.899227262008935 ], [ 3757503.875487776473165, 2172826.693824800662696 ], [ 3757500.615030664950609, 2172825.093296946026385 ], [ 3757492.454034146852791, 2172819.239534905180335 ], [ 3757488.464777124114335, 2172816.203945043496788 ], [ 3757484.11546942545101, 2172812.50043057044968 ], [ 3757479.075554821640253, 2172808.961446915753186 ], [ 3757476.992731372825801, 2172805.848761735949665 ], [ 3757479.982119921594858, 2172803.166188667528331 ], [ 3757480.952723668888211, 2172799.2685058536008 ], [ 3757482.323029616381973, 2172795.333756051957607 ], [ 3757483.925288475584239, 2172793.584682720247656 ], [ 3757484.530474252533168, 2172792.924137176480144 ], [ 3757485.082451167050749, 2172792.154577210079879 ], [ 3757487.225144205149263, 2172789.166860274039209 ], [ 3757489.263668158557266, 2172785.971423778682947 ], [ 3757490.602954551577568, 2172782.841092553455383 ], [ 3757492.147129800636321, 2172778.589599710889161 ], [ 3757492.869823329150677, 2172775.316133334301412 ], [ 3757492.225046862848103, 2172771.368361408822238 ], [ 3757492.031041960697621, 2172771.256223466712981 ], [ 3757489.813437959179282, 2172769.975102263968438 ], [ 3757488.938630872406065, 2172769.469767840113491 ], [ 3757485.668197411112487, 2172770.07447866955772 ], [ 3757481.810746490955353, 2172772.036319279111922 ], [ 3757478.764671065844595, 2172775.225194588769227 ], [ 3757476.934505763463676, 2172778.501392271835357 ], [ 3757474.601246194448322, 2172780.622025665361434 ], [ 3757471.472835869062692, 2172781.162462495267391 ], [ 3757470.831417859531939, 2172781.273260470945388 ], [ 3757467.895142175722867, 2172782.247621132060885 ], [ 3757465.062487904448062, 2172784.414777894504368 ], [ 3757464.003199573606253, 2172783.8119584787637 ], [ 3757465.402953502722085, 2172781.377293633297086 ], [ 3757469.000192497391254, 2172778.73834917973727 ], [ 3757472.323725419584662, 2172776.425327091943473 ], [ 3757475.747096908278763, 2172774.103128557559103 ], [ 3757477.253998447209597, 2172772.842042269185185 ], [ 3757478.845024527981877, 2172771.510593578685075 ], [ 3757481.674011242110282, 2172768.141548307146877 ], [ 3757482.545207475312054, 2172766.913854478858411 ], [ 3757484.186169447842985, 2172764.601493943948299 ], [ 3757487.497404366731644, 2172760.987158490344882 ], [ 3757489.7789117814973, 2172758.270170421805233 ], [ 3757490.457381919026375, 2172757.434861780144274 ], [ 3757492.487230383325368, 2172754.935996832791716 ], [ 3757492.507977980189025, 2172754.910418456885964 ], [ 3757492.931106072850525, 2172751.664794300682843 ], [ 3757492.927222153637558, 2172751.657575360499322 ], [ 3757491.733820730820298, 2172749.471755441743881 ], [ 3757488.032975194510072, 2172750.91799828549847 ], [ 3757485.751467238180339, 2172753.63498607231304 ], [ 3757483.722835323773324, 2172754.625295137986541 ], [ 3757481.982902507763356, 2172751.9816669607535 ], [ 3757478.879068441689014, 2172749.865639354567975 ], [ 3757475.584021878428757, 2172747.867619824595749 ], [ 3757475.394172485917807, 2172745.681060178205371 ], [ 3757477.505480592139065, 2172744.482706937007606 ], [ 3757481.132281620521098, 2172743.343933263793588 ], [ 3757482.564989292994142, 2172743.134748161304742 ], [ 3757484.910741494968534, 2172742.792127142194659 ], [ 3757488.563517562579364, 2172741.951516210101545 ], [ 3757491.45297344122082, 2172739.278141649905592 ], [ 3757493.417570615187287, 2172736.390259834937751 ], [ 3757494.865397463552654, 2172733.349967277143151 ], [ 3757494.107124421745539, 2172730.414624621160328 ], [ 3757494.38217955827713, 2172727.784038471989334 ], [ 3757496.243593994993716, 2172727.375045799184591 ], [ 3757496.753631478175521, 2172727.263000943232328 ], [ 3757500.154796277172863, 2172725.844519683625549 ], [ 3757502.305559953209013, 2172723.941209967713803 ], [ 3757501.421505395323038, 2172720.717078845016658 ], [ 3757499.004515202715993, 2172717.23464700486511 ], [ 3757497.269533237908036, 2172713.488456483930349 ], [ 3757496.717154223937541, 2172713.19058630336076 ], [ 3757494.41729678073898, 2172711.950201426632702 ], [ 3757491.447809959296137, 2172710.22259924095124 ], [ 3757489.039549467153847, 2172706.839576373342425 ], [ 3757486.525845789816231, 2172704.508155066985637 ], [ 3757486.192261544987559, 2172704.1987588647753 ], [ 3757482.080795670859516, 2172702.076281884219497 ], [ 3757478.48481784388423, 2172702.410668484866619 ], [ 3757474.480735884979367, 2172702.682860394008458 ], [ 3757470.602337304502726, 2172703.243857753928751 ], [ 3757467.888654193840921, 2172703.777996800839901 ], [ 3757466.741215480025858, 2172704.003804597072303 ], [ 3757463.279665721114725, 2172704.726504899561405 ], [ 3757459.661394527181983, 2172705.964719164650887 ], [ 3757457.045725633390248, 2172708.312058453913778 ], [ 3757454.030453432351351, 2172710.696448736358434 ], [ 3757450.256754031404853, 2172711.340559762902558 ], [ 3757448.348326064646244, 2172710.400052069686353 ], [ 3757309.660989278461784, 2172642.054441090207547 ], [ 3757292.353797368239611, 2172633.52535420563072 ], [ 3757292.25531447539106, 2172633.463484134059399 ], [ 3757288.46946785505861, 2172631.611217014025897 ], [ 3757285.143607895821333, 2172630.417682183440775 ], [ 3757280.910116991959512, 2172629.208295960444957 ], [ 3757276.993538166861981, 2172628.16980504989624 ], [ 3757272.334582300391048, 2172626.699389704037458 ], [ 3757267.956794484518468, 2172627.307018023449928 ], [ 3757264.93652757583186, 2172626.63018619408831 ], [ 3757263.849100738763809, 2172626.386520062107593 ], [ 3757259.047100943978876, 2172624.428464458324015 ], [ 3757258.190560697112232, 2172624.20341964950785 ], [ 3757254.822338243946433, 2172623.318488731049001 ], [ 3757251.708502429537475, 2172623.407608955632895 ], [ 3757248.112531385850161, 2172623.742103998549283 ], [ 3757244.625097029376775, 2172624.166635376401246 ], [ 3757243.326507681980729, 2172624.287359920330346 ], [ 3757239.205248462036252, 2172624.37010149564594 ], [ 3757231.220429143402725, 2172621.70615473203361 ], [ 3757227.334674051497132, 2172619.863278829492629 ], [ 3757223.57481546048075, 2172618.309274387545884 ], [ 3757219.063850219361484, 2172616.223936126567423 ], [ 3757213.028689595870674, 2172613.97980876499787 ], [ 3757207.394162227399647, 2172617.509657616727054 ], [ 3757204.752608153969049, 2172619.558832541108131 ], [ 3757201.346481751650572, 2172622.079896736890078 ], [ 3757198.644529463723302, 2172623.433189806528389 ], [ 3757198.26034661848098, 2172623.274977682158351 ], [ 3757191.839452665299177, 2172646.188013914041221 ], [ 3757155.927592421416193, 2172658.731882802210748 ], [ 3757142.89939087908715, 2172673.331379339564592 ], [ 3757170.602397356182337, 2172682.469213356729597 ], [ 3757196.060386413242668, 2172685.12200122885406 ], [ 3757216.544078525155783, 2172698.278204116038978 ], [ 3757253.968997089192271, 2172703.164956551976502 ], [ 3757255.667732515372336, 2172713.047985102515668 ], [ 3757253.700184050947428, 2172729.129089273512363 ], [ 3757237.429136174730957, 2172760.026822176761925 ], [ 3757248.958465706557035, 2172768.723375719040632 ], [ 3757255.636799407657236, 2172774.665190041065216 ], [ 3757263.066829438786954, 2172781.839025972411036 ], [ 3757267.369021750055254, 2172787.089786539319903 ], [ 3757270.970463239122182, 2172795.051078077405691 ], [ 3757273.716360836289823, 2172805.105418182909489 ], [ 3757275.672953491099179, 2172817.437957146205008 ], [ 3757277.711166982073337, 2172828.970846025273204 ], [ 3757279.549936320167035, 2172841.914960390888155 ], [ 3757280.539399702101946, 2172849.82858856394887 ], [ 3757281.929686551913619, 2172862.594247702509165 ], [ 3757282.629351399838924, 2172869.03189486823976 ], [ 3757282.299602375831455, 2172876.947443880140781 ], [ 3757281.563564585987478, 2172883.779143048916012 ], [ 3757280.039770763367414, 2172890.002628547139466 ], [ 3757276.892350951209664, 2172901.997967799659818 ], [ 3757273.956185499206185, 2172910.747375171631575 ], [ 3757269.709449984133244, 2172923.185581682715565 ], [ 3757266.658369560725987, 2172932.116106664761901 ], [ 3757262.991379839368165, 2172943.808995526749641 ], [ 3757260.571407542098314, 2172952.239928917959332 ], [ 3757256.550213158130646, 2172964.376671855337918 ], [ 3757253.196593611501157, 2172973.766327443532646 ], [ 3757249.184629249852151, 2172984.26856922917068 ], [ 3757246.31768295308575, 2172991.378449290059507 ], [ 3757242.221588806249201, 2173000.797017105855048 ], [ 3757236.645674699451774, 2173011.264901515562087 ], [ 3757233.051733559463173, 2173017.189777271822095 ], [ 3757227.19114954629913, 2173025.770298592746258 ], [ 3757221.964896354824305, 2173032.959395545069128 ], [ 3757218.29745587380603, 2173039.08184611517936 ], [ 3757212.879399252589792, 2173046.959982201457024 ], [ 3757209.197297512087971, 2173052.682872717734426 ], [ 3757207.114580603316426, 2173059.308770536445081 ], [ 3757208.291882974095643, 2173065.912438394967467 ], [ 3757209.715507498010993, 2173068.849014213774353 ], [ 3757207.593299494124949, 2173071.547182658687234 ], [ 3757205.924360941164196, 2173073.53474227944389 ], [ 3757204.499502309132367, 2173075.352672412991524 ], [ 3757200.768251904286444, 2173080.554135901853442 ], [ 3757199.282038170378655, 2173085.328783275093883 ], [ 3757197.68589599058032, 2173090.070848203264177 ], [ 3757195.594543585088104, 2173094.617767992429435 ], [ 3757193.108315887860954, 2173098.967939767986536 ], [ 3757190.380731588229537, 2173103.173873054794967 ], [ 3757187.448880778159946, 2173107.242661233525723 ], [ 3757184.397561798803508, 2173111.224019486457109 ], [ 3757181.239885116461664, 2173115.122036328073591 ], [ 3757177.991254389286041, 2173118.945661627221853 ], [ 3757174.663736878894269, 2173122.701976486481726 ], [ 3757171.193171559367329, 2173126.327089380472898 ], [ 3757167.614847738295794, 2173129.847330283373594 ], [ 3757163.824797260574996, 2173133.138363126665354 ], [ 3757159.698150054086, 2173135.996075636241585 ], [ 3757155.383233752567321, 2173138.567021643277258 ], [ 3757151.093267675023526, 2173141.178895496763289 ], [ 3757146.813070237636566, 2173143.805684675462544 ], [ 3757142.921254644170403, 2173146.970309868920594 ], [ 3757139.301552327349782, 2173150.447597647085786 ], [ 3757135.877211788669229, 2173154.11618768516928 ], [ 3757132.78489286173135, 2173158.058867651037872 ], [ 3757130.142343126237392, 2173162.318519212305546 ], [ 3757127.100002982653677, 2173166.301534526050091 ], [ 3757124.959478766657412, 2173168.681551405694336 ], [ 3757124.945407408755273, 2173168.67842704616487 ], [ 3757123.730217556003481, 2173170.019480613991618 ], [ 3757120.166486990172416, 2173173.553750996477902 ], [ 3757116.446935564745218, 2173176.925574723631144 ], [ 3757112.65418613050133, 2173180.215551007073373 ], [ 3757108.879697787109762, 2173183.526701637543738 ], [ 3757105.139058986213058, 2173186.875502033624798 ], [ 3757101.352854541968554, 2173190.172866053879261 ], [ 3757097.470261749345809, 2173193.357240490615368 ], [ 3757093.528497552033514, 2173196.46833950933069 ], [ 3757089.533216352574527, 2173199.50986680528149 ], [ 3757085.498661535792053, 2173202.500030355993658 ], [ 3757081.672339288517833, 2173205.750907665584236 ], [ 3757077.973264602012932, 2173209.144454556517303 ], [ 3757074.424153209663928, 2173212.693555464502424 ], [ 3757074.154119649901986, 2173213.00880556832999 ], [ 3757073.76941388566047, 2173212.68374581169337 ], [ 3757073.570312734693289, 2173212.361384307965636 ], [ 3757073.533367264084518, 2173212.28455079626292 ], [ 3757073.506941673345864, 2173212.21716869296506 ], [ 3757073.449936655815691, 2173212.021935118827969 ], [ 3757072.659083399455994, 2173209.871201612055302 ], [ 3757072.162962350063026, 2173208.564773289952427 ], [ 3757071.540251080878079, 2173206.959411113057286 ], [ 3757068.305479198694229, 2173198.583416108507663 ], [ 3757064.94013589527458, 2173189.738982041366398 ], [ 3757064.241314052604139, 2173187.839978550560772 ], [ 3757063.652493297122419, 2173186.161135483067483 ], [ 3757062.330365996807814, 2173182.06619192706421 ], [ 3757061.741608986631036, 2173179.576229670085013 ], [ 3757061.592821693979204, 2173178.908691466785967 ], [ 3757061.465262226760387, 2173178.249144539237022 ], [ 3757061.096112653613091, 2173175.969161259010434 ], [ 3757060.639195736031979, 2173173.606806081719697 ], [ 3757060.467257217038423, 2173172.901369297411293 ], [ 3757060.272415362298489, 2173172.167866238858551 ], [ 3757059.393942936789244, 2173169.353934059850872 ], [ 3757058.569005155004561, 2173166.69560883520171 ], [ 3757058.413017963524908, 2173166.058572857640684 ], [ 3757058.291621629614383, 2173165.468937019817531 ], [ 3757058.09931281581521, 2173163.723423293791711 ], [ 3757058.207558067515492, 2173162.070192681159824 ], [ 3757058.261836007703096, 2173161.534154567867517 ], [ 3757058.33436368778348, 2173160.976575492881238 ], [ 3757058.697736270260066, 2173158.668111780192703 ], [ 3757059.044105002190918, 2173156.391562436241657 ], [ 3757059.097168507985771, 2173155.845347387250513 ], [ 3757059.133902107365429, 2173155.341010320931673 ], [ 3757059.112594780512154, 2173153.820225606206805 ], [ 3757059.123087031766772, 2173152.316572837997228 ], [ 3757059.181493875104934, 2173151.830026907846332 ], [ 3757059.256490567699075, 2173151.301963204517961 ], [ 3757059.71088838391006, 2173149.1154326191172 ], [ 3757060.108904289081693, 2173146.85405862564221 ], [ 3757060.150176738854498, 2173146.289131300523877 ], [ 3757060.163608610164374, 2173145.747222713194788 ], [ 3757059.949186964891851, 2173143.973513013217598 ], [ 3757059.678102849517018, 2173142.12510675471276 ], [ 3757059.657172622159123, 2173141.535961896646768 ], [ 3757059.652572331484407, 2173140.904939061030746 ], [ 3757059.804032572545111, 2173138.355913432780653 ], [ 3757060.003585375845432, 2173135.902841973584145 ], [ 3757060.016052140388638, 2173135.350413191132247 ], [ 3757060.022299676202238, 2173134.839105025865138 ], [ 3757059.891469025053084, 2173133.448678737971932 ], [ 3757059.868258275557309, 2173131.907655457034707 ], [ 3757059.927355876658112, 2173131.310880300588906 ], [ 3757060.020322901196778, 2173130.641131481155753 ], [ 3757060.613235969096422, 2173127.610218203160912 ], [ 3757061.204784205183387, 2173124.569455102086067 ], [ 3757061.287195257376879, 2173123.890663865022361 ], [ 3757061.335128986276686, 2173123.284845601767302 ], [ 3757061.257787461858243, 2173121.699033910408616 ], [ 3757061.266459739767015, 2173120.175028323661536 ], [ 3757061.388990360777825, 2173119.612745975144207 ], [ 3757061.545986359007657, 2173118.986962797585875 ], [ 3757062.522489020600915, 2173116.200898319017142 ], [ 3757063.510995198506862, 2173113.553903186228126 ], [ 3757063.675964592956007, 2173113.01768090762198 ], [ 3757063.796933256089687, 2173112.555696745403111 ], [ 3757063.853863442316651, 2173111.588230085559189 ], [ 3757064.012158118654042, 2173110.511696067638695 ], [ 3757064.198618937283754, 2173109.993395606987178 ], [ 3757064.446708051953465, 2173109.369041637517512 ], [ 3757065.843679840210825, 2173106.323767569381744 ], [ 3757067.039928276091814, 2173102.705339709296823 ], [ 3757067.156919955275953, 2173101.732723092194647 ], [ 3757067.173911820631474, 2173100.768908218480647 ], [ 3757066.476473572663963, 2173097.377727176994085 ], [ 3757065.442723223473877, 2173094.628140267916024 ], [ 3757065.242668825667351, 2173094.065555219072849 ], [ 3757065.091366501525044, 2173093.598614190705121 ], [ 3757064.866087086498737, 2173092.628027996048331 ], [ 3757064.672348225489259, 2173091.553922398947179 ], [ 3757064.544560409151018, 2173091.014503079466522 ], [ 3757064.377867666073143, 2173090.368751883506775 ], [ 3757063.505470579490066, 2173087.163329145405442 ], [ 3757062.622055306099355, 2173083.949141511227936 ], [ 3757062.46547335665673, 2173083.302632972598076 ], [ 3757062.337271507363766, 2173082.75361017556861 ], [ 3757062.161522715352476, 2173081.657603465951979 ], [ 3757062.174316581804305, 2173081.225613702088594 ], [ 3757062.154604027979076, 2173081.117029784247279 ], [ 3757062.134690405335277, 2173080.998908074572682 ], [ 3757062.016390215605497, 2173080.568748094607145 ], [ 3757061.932684704661369, 2173079.254185920581222 ], [ 3757061.933755556121469, 2173078.57286454224959 ], [ 3757061.953704360872507, 2173077.759380263276398 ], [ 3757062.144671560730785, 2173073.693568218965083 ], [ 3757062.339975916780531, 2173069.677919394336641 ], [ 3757062.372223905287683, 2173068.893340042326599 ], [ 3757062.386186218354851, 2173068.240826109424233 ], [ 3757062.357680052053183, 2173067.101242480333894 ], [ 3757062.442000834271312, 2173066.331969642080367 ], [ 3757062.52829150762409, 2173065.933420828543603 ], [ 3757062.646583777386695, 2173065.441250663250685 ], [ 3757063.296587259508669, 2173062.956156584434211 ], [ 3757063.995722875464708, 2173060.336136824451387 ], [ 3757064.137229971587658, 2173059.7619668841362 ], [ 3757064.263002983760089, 2173059.239147682208568 ], [ 3757064.527752562426031, 2173057.88184393197298 ], [ 3757064.449460675474256, 2173055.935518556274474 ], [ 3757064.351762917358428, 2173055.042867507319897 ], [ 3757064.211019669193774, 2173054.003864625934511 ], [ 3757063.459730589296669, 2173048.944023250602186 ], [ 3757062.69229771476239, 2173044.045615023002028 ], [ 3757062.549334082752466, 2173043.097044747322798 ], [ 3757062.441852169577032, 2173042.32558979280293 ], [ 3757062.319049422629178, 2173041.024414422456175 ], [ 3757062.249978204257786, 2173039.878813466988504 ], [ 3757062.180266139097512, 2173039.193828710354865 ], [ 3757062.087797498330474, 2173038.360764846671373 ], [ 3757061.553468278609216, 2173034.062017396092415 ], [ 3757060.972903191577643, 2173029.697435804642737 ], [ 3757060.847219692543149, 2173028.82752523990348 ], [ 3757060.734312020242214, 2173028.106631226837635 ], [ 3757060.451112303417176, 2173026.700179478153586 ], [ 3757060.287510518915951, 2173026.324624754488468 ], [ 3757060.240730182267725, 2173026.24900695681572 ], [ 3757060.20564226526767, 2173026.192117742262781 ], [ 3757060.104424063581973, 2173026.071056592278183 ], [ 3757059.962116417940706, 2173025.823571674525738 ], [ 3757059.899255098775029, 2173025.679373015649617 ], [ 3757059.834619605913758, 2173025.515115632675588 ], [ 3757059.516427754424512, 2173024.632862704340369 ], [ 3757059.07103412039578, 2173023.562396083958447 ], [ 3757058.924384798388928, 2173023.26535341097042 ], [ 3757058.758629829157144, 2173022.980018629692495 ], [ 3757058.084389382973313, 2173021.940667891874909 ], [ 3757056.927689961157739, 2173021.026259164325893 ], [ 3757056.465884207747877, 2173020.80869045201689 ], [ 3757055.935280801728368, 2173020.617758111096919 ], [ 3757053.518224091269076, 2173020.030570484697819 ], [ 3757050.875551127362996, 2173019.74557875841856 ], [ 3757050.210118851624429, 2173019.7373256823048 ], [ 3757049.567345534916967, 2173019.756876855157316 ], [ 3757047.491134501993656, 2173020.080351973883808 ], [ 3757044.661654347553849, 2173020.664112497121096 ], [ 3757043.54005339788273, 2173020.848608918953687 ], [ 3757042.287519531324506, 2173021.035311515443027 ], [ 3757036.555095633491874, 2173021.818891054019332 ], [ 3757030.716303019784391, 2173022.642544968053699 ], [ 3757029.396258284337819, 2173022.865243409760296 ], [ 3757028.1962736598216, 2173023.077249068766832 ], [ 3757024.936815949622542, 2173023.811468449886888 ], [ 3757022.483461101073772, 2173024.430243968963623 ], [ 3757021.79027493763715, 2173024.564581372775137 ], [ 3757021.096196715719998, 2173024.689494717400521 ], [ 3757018.559609590098262, 2173025.045622296631336 ], [ 3757016.046468659304082, 2173025.559891054406762 ], [ 3757015.372139075305313, 2173025.792979490477592 ], [ 3757014.710798154119402, 2173026.065034677740186 ], [ 3757012.376648463308811, 2173027.364075536839664 ], [ 3757010.532012737356126, 2173028.617509196512401 ], [ 3757010.170650289393961, 2173028.861752407625318 ], [ 3757009.865655210800469, 2173029.0604497930035 ], [ 3757009.332123877480626, 2173029.410603928379714 ], [ 3757009.163913596887141, 2173029.446549909655005 ], [ 3757009.104723745025694, 2173029.461631192360073 ], [ 3757008.705431370995939, 2173029.498736565932631 ], [ 3757004.555315332487226, 2173029.133516527246684 ], [ 3757002.068520141765475, 2173028.903771054465324 ], [ 3756999.001725516282022, 2173028.608089124318212 ], [ 3756983.109467284753919, 2173027.070346271153539 ], [ 3756963.446977214887738, 2173025.833261019550264 ], [ 3756958.000671778805554, 2173025.728626978583634 ], [ 3756952.554151945747435, 2173025.744219024665654 ], [ 3756932.877029355615377, 2173026.652525930199772 ], [ 3756917.012912571895868, 2173027.987884894944727 ], [ 3756913.965239165816456, 2173028.261097382754087 ], [ 3756911.508823001757264, 2173028.499762295745313 ], [ 3756907.476331420242786, 2173029.025129861198366 ], [ 3756907.2738724546507, 2173029.244328929577023 ], [ 3756907.217375092208385, 2173029.289694834500551 ], [ 3756907.171024664305151, 2173029.333894422277808 ], [ 3756907.038856811355799, 2173029.436546797864139 ], [ 3756906.913894087076187, 2173029.508091624826193 ], [ 3756906.886120868381113, 2173029.530897814314812 ], [ 3756906.846757550723851, 2173029.544529465027153 ], [ 3756906.724078212864697, 2173029.636150001548231 ], [ 3756905.70699995290488, 2173030.682358034420758 ], [ 3756905.106906337663531, 2173031.309338646940887 ], [ 3756904.379069707822055, 2173032.088415128644556 ], [ 3756900.609316286165267, 2173036.10603453591466 ], [ 3756896.00129634141922, 2173040.672869266010821 ], [ 3756894.748462241608649, 2173041.781253409106284 ], [ 3756893.511050501838326, 2173042.838237296789885 ], [ 3756889.103014213964343, 2173046.113735241815448 ], [ 3756884.949396124109626, 2173048.954851918388158 ], [ 3756883.869130295235664, 2173049.736423212103546 ], [ 3756882.818408248014748, 2173050.505676793400198 ], [ 3756879.26313853263855, 2173053.281056746840477 ], [ 3756879.102820339147002, 2173053.398417132440954 ], [ 3756855.988909374922514, 2173020.829057949129492 ], [ 3756855.889020928647369, 2173021.008506094105542 ], [ 3756855.852172824088484, 2173021.392470864579082 ], [ 3756855.83947817934677, 2173021.59403826855123 ], [ 3756855.821061421185732, 2173021.846215478144586 ], [ 3756855.75807971181348, 2173023.094554230570793 ], [ 3756852.047292461618781, 2173025.584022393450141 ], [ 3756849.739909130614251, 2173026.610177600290626 ], [ 3756846.861686005722731, 2173027.789625629317015 ], [ 3756831.849269169382751, 2173033.253861710429192 ], [ 3756814.281447811052203, 2173039.787299671210349 ], [ 3756809.810028021689504, 2173041.635988223366439 ], [ 3756805.500204584561288, 2173043.489916438236833 ], [ 3756791.3247299361974, 2173050.35895079234615 ], [ 3756779.797706267796457, 2173056.651141395792365 ], [ 3756777.148494973313063, 2173058.149948945268989 ], [ 3756774.742272676900029, 2173059.546098980121315 ], [ 3756768.005837545264512, 2173063.719557338394225 ], [ 3756762.238171081990004, 2173067.802882064599544 ], [ 3756760.432139354292303, 2173069.153140428476036 ], [ 3756758.532467883080244, 2173070.582080003805459 ], [ 3756750.913305002264678, 2173076.540886731352657 ], [ 3756742.770472443662584, 2173083.420372352004051 ], [ 3756740.549376288428903, 2173085.440607497934252 ], [ 3756738.332393379881978, 2173087.510237056296319 ], [ 3756730.427402877714485, 2173095.389582931995392 ], [ 3756724.019672214053571, 2173102.077089324593544 ], [ 3756722.744952340610325, 2173103.398032953031361 ], [ 3756721.690842271782458, 2173104.478251064196229 ], [ 3756719.678669072221965, 2173106.468837151303887 ], [ 3756719.17922431230545, 2173106.865774285048246 ], [ 3756719.076407861895859, 2173106.955536886118352 ], [ 3756718.982815019320697, 2173107.034512665588409 ], [ 3756718.757551639340818, 2173107.225630861707032 ], [ 3756718.528029314242303, 2173107.597484594210982 ], [ 3756718.423682186752558, 2173107.787742214743048 ], [ 3756718.312809035181999, 2173108.018465964123607 ], [ 3756717.778420456685126, 2173109.170307878404856 ], [ 3756717.149453083053231, 2173110.621520434506238 ], [ 3756716.974897437728941, 2173111.048502911813557 ], [ 3756716.812211148440838, 2173111.494688628707081 ], [ 3756716.221096395980567, 2173113.152549114543945 ], [ 3756715.8842006707564, 2173114.95716549968347 ], [ 3756715.879298096522689, 2173115.478833506815135 ], [ 3756715.905950862914324, 2173116.017371330875903 ], [ 3756716.335889271926135, 2173118.071458538994193 ], [ 3756716.604362066369504, 2173119.769787391182035 ], [ 3756716.541172466240823, 2173120.086256710812449 ], [ 3756716.421190119348466, 2173120.327849277295172 ], [ 3756715.474945720285177, 2173120.676623800769448 ], [ 3756712.05201245797798, 2173122.197103943210095 ], [ 3756710.365767882671207, 2173123.185515041463077 ], [ 3756708.358742399141192, 2173124.424288630485535 ], [ 3756698.463890734128654, 2173130.955341523047537 ], [ 3756687.571375284343958, 2173138.641854832880199 ], [ 3756684.942853627726436, 2173140.609267225954682 ], [ 3756682.489032364450395, 2173142.500675307121128 ], [ 3756675.005018629133701, 2173148.737695026211441 ], [ 3756668.684177186805755, 2173154.10493861278519 ], [ 3756666.958305704873055, 2173155.447754301130772 ], [ 3756665.246097784955055, 2173156.719208786264062 ], [ 3756659.135180431418121, 2173160.794581227470189 ], [ 3756653.943626738153398, 2173163.972300555557013 ], [ 3756652.817598269321024, 2173164.688473060261458 ], [ 3756651.816028215922415, 2173165.332477401010692 ], [ 3756649.295843904372305, 2173167.039866756647825 ], [ 3756647.943681345321238, 2173167.816935194656253 ], [ 3756647.687407487072051, 2173167.880676030181348 ], [ 3756647.464245799928904, 2173167.861593133769929 ], [ 3756647.067649535834789, 2173167.237156290560961 ], [ 3756646.998443058691919, 2173166.321775577496737 ], [ 3756646.991849426645786, 2173166.132046027574688 ], [ 3756646.977215482853353, 2173165.963084033690393 ], [ 3756646.981723197735846, 2173165.551596585661173 ], [ 3756646.992803955450654, 2173165.33034580713138 ], [ 3756647.008407921995968, 2173165.278814456425607 ], [ 3756647.014129833318293, 2173165.22820439748466 ], [ 3756647.039335880894214, 2173165.055606674402952 ], [ 3756646.972826337907463, 2173164.059788961429149 ], [ 3756646.921952422242612, 2173163.473452959209681 ], [ 3756646.850904469843954, 2173162.76863434817642 ], [ 3756646.482476551085711, 2173159.105666262563318 ], [ 3756646.131131606176496, 2173155.290982501581311 ], [ 3756646.071262736804783, 2173154.485188908874989 ], [ 3756646.03101311950013, 2173153.78739079926163 ], [ 3756646.011694731190801, 2173152.175999308470637 ], [ 3756645.960904123727232, 2173150.547623619437218 ], [ 3756645.889627693686634, 2173149.842641203664243 ], [ 3756645.797860537655652, 2173149.0197320622392 ], [ 3756645.28021564334631, 2173145.140337734483182 ], [ 3756644.715036681853235, 2173140.954638232477009 ], [ 3756644.597260029520839, 2173139.943482667207718 ], [ 3756644.504393476061523, 2173138.990186472423375 ], [ 3756644.284112384542823, 2173136.105284824501723 ], [ 3756644.131232356186956, 2173133.764808286912739 ], [ 3756644.067436144687235, 2173133.14946853928268 ], [ 3756644.006976711563766, 2173132.564005179330707 ], [ 3756643.723505966365337, 2173130.576681998092681 ], [ 3756643.558227718807757, 2173128.327608786057681 ], [ 3756643.574720129370689, 2173127.584706354420632 ], [ 3756643.604320056736469, 2173126.770131127908826 ], [ 3756643.955720799043775, 2173123.390968293882906 ], [ 3756644.654570932500064, 2173119.729146384634078 ], [ 3756644.921272537205368, 2173118.742459373548627 ], [ 3756645.210695810150355, 2173117.783969345036894 ], [ 3756646.529288878198713, 2173114.414869346655905 ], [ 3756647.743239571806043, 2173111.346192607656121 ], [ 3756647.977088326588273, 2173110.562981581315398 ], [ 3756648.163845169357955, 2173109.814219471998513 ], [ 3756648.466197584755719, 2173107.381386779714376 ], [ 3756648.603462364058942, 2173105.365012431517243 ], [ 3756648.692454262636602, 2173104.885418006684631 ], [ 3756648.79433261975646, 2173104.435236367862672 ], [ 3756649.334936297964305, 2173103.122585133649409 ], [ 3756649.728691611904651, 2173101.74333106726408 ], [ 3756649.747206570580602, 2173101.260728320106864 ], [ 3756649.722281194292009, 2173100.741954350378364 ], [ 3756649.306681164074689, 2173098.506176146212965 ], [ 3756648.689146848861128, 2173096.149189732968807 ], [ 3756648.545769876334816, 2173095.541105307172984 ], [ 3756648.414723288733512, 2173094.962122189812362 ], [ 3756648.048581080511212, 2173093.062556630931795 ], [ 3756647.944206321146339, 2173091.048476721160114 ], [ 3756647.988078298047185, 2173090.392949402797967 ], [ 3756648.048311505932361, 2173089.695740113966167 ], [ 3756648.545031937770545, 2173086.83437688741833 ], [ 3756649.10887330584228, 2173084.166885444428772 ], [ 3756649.21946707367897, 2173083.585608214139938 ], [ 3756649.306270839646459, 2173083.076351532712579 ], [ 3756649.469762923195958, 2173081.828792703803629 ], [ 3756649.657096653711051, 2173080.739310767967254 ], [ 3756649.752220549155027, 2173080.32943157106638 ], [ 3756649.883284336421639, 2173079.866588177159429 ], [ 3756650.501599240582436, 2173077.825239570811391 ], [ 3756651.180686010979116, 2173075.788295324891806 ], [ 3756651.343372661620378, 2173075.34210919123143 ], [ 3756651.489350100979209, 2173074.937964536249638 ], [ 3756651.901619976852089, 2173073.887624800205231 ], [ 3756652.383294578641653, 2173072.590416203252971 ], [ 3756652.567468582652509, 2173072.042465265840292 ], [ 3756652.772610058542341, 2173071.392029085196555 ], [ 3756653.726720842532814, 2173068.347484450787306 ], [ 3756654.618825481273234, 2173065.398982036858797 ], [ 3756654.788992397021502, 2173064.812030420638621 ], [ 3756654.928392866160721, 2173064.328370901290327 ], [ 3756655.181073474232107, 2173063.412702077068388 ], [ 3756655.228463447652757, 2173062.566688211169094 ], [ 3756655.254756334703416, 2173061.592571350745857 ], [ 3756655.324036872945726, 2173058.910973655059934 ], [ 3756655.167692695744336, 2173055.719355726614594 ], [ 3756655.043536697514355, 2173054.869237153790891 ], [ 3756654.889422763139009, 2173054.021832974627614 ], [ 3756654.041286314371973, 2173051.094896090216935 ], [ 3756653.264477925840765, 2173048.181405992247164 ], [ 3756653.162026586942375, 2173047.349274886772037 ], [ 3756653.099711420945823, 2173046.513459400739521 ], [ 3756653.241126978304237, 2173043.384460722096264 ], [ 3756653.579510773997754, 2173040.787829766981304 ], [ 3756653.635220725554973, 2173040.271601581480354 ], [ 3756653.668961691204458, 2173039.847747256048024 ], [ 3756653.680573389865458, 2173039.055074159055948 ], [ 3756653.693943228572607, 2173038.512769826687872 ], [ 3756653.741399303544313, 2173038.247651570942253 ], [ 3756653.794639942701906, 2173037.932316030375659 ], [ 3756654.151187973096967, 2173036.356182681862265 ], [ 3756654.575184965506196, 2173034.513252450153232 ], [ 3756654.672675408888608, 2173034.013218662235886 ], [ 3756654.762271067593247, 2173033.534230659715831 ], [ 3756655.019114772323519, 2173031.8567348215729 ], [ 3756655.196682592388242, 2173030.537848714273423 ], [ 3756655.234220440499485, 2173030.274060699623078 ], [ 3756655.27595449751243, 2173030.059552467428148 ], [ 3756655.352233123965561, 2173029.661741864867508 ], [ 3756655.479895156808197, 2173028.928651350084692 ], [ 3756655.544600605033338, 2173028.511588764376938 ], [ 3756655.620402224827558, 2173027.99366572778672 ], [ 3756656.013359650038183, 2173025.331937157548964 ], [ 3756656.425703459884971, 2173022.658353660255671 ], [ 3756656.510926214978099, 2173022.129611349664629 ], [ 3756656.593486714176834, 2173021.69107262045145 ], [ 3756656.794303770177066, 2173020.870885210577399 ], [ 3756656.957794467918575, 2173020.665251359343529 ], [ 3756657.088530017994344, 2173020.552960652858019 ], [ 3756657.375489022117108, 2173020.375867284834385 ], [ 3756658.130276297684759, 2173019.444050080142915 ], [ 3756658.497658391017467, 2173018.918736735358834 ], [ 3756658.925512105226517, 2173018.278189945034683 ], [ 3756661.026785033289343, 2173014.996478161308914 ], [ 3756663.660093820653856, 2173010.994307577610016 ], [ 3756664.420654898509383, 2173009.901453809347004 ], [ 3756665.202605108730495, 2173008.816967772319913 ], [ 3756668.139347556512803, 2173004.946804692503065 ], [ 3756670.811607871204615, 2173001.512078293599188 ], [ 3756671.415287931915373, 2173000.694394238758832 ], [ 3756671.964229113422334, 2172999.942037118598819 ], [ 3756673.482998711522669, 2172997.716721426229924 ], [ 3756674.464582552667707, 2172995.92236015573144 ], [ 3756674.683964985888451, 2172995.430775996297598 ], [ 3756674.884910804219544, 2172994.961468961089849 ], [ 3756675.404343740083277, 2172993.289818868972361 ], [ 3756675.977017008699477, 2172991.53324149409309 ], [ 3756676.213351773098111, 2172991.010053650476038 ], [ 3756676.478161480743438, 2172990.464649204630405 ], [ 3756677.693118614610285, 2172988.337898550089449 ], [ 3756678.794245625846088, 2172986.291540304198861 ], [ 3756678.982762531377375, 2172985.793148315511644 ], [ 3756679.123563867993653, 2172985.329106205143034 ], [ 3756679.211653928272426, 2172983.908183181192726 ], [ 3756679.508895002305508, 2172982.45777272619307 ], [ 3756679.779722039122134, 2172981.982001483440399 ], [ 3756680.138653728179634, 2172981.477423119358718 ], [ 3756682.09955055359751, 2172979.361288009211421 ], [ 3756684.687507175374776, 2172976.695940174162388 ], [ 3756685.439286423847079, 2172975.84451193921268 ], [ 3756686.207624454516917, 2172974.951369383372366 ], [ 3756689.091586053371429, 2172971.286757938563824 ], [ 3756691.515800880733877, 2172967.083362308330834 ], [ 3756691.981578546110541, 2172965.837736673187464 ], [ 3756692.364880000241101, 2172964.569719176739454 ], [ 3756693.009722680784762, 2172959.700282278470695 ], [ 3756693.086989828851074, 2172955.605511259753257 ], [ 3756693.099360310472548, 2172954.822688519954681 ], [ 3756693.115066302008927, 2172954.190033819526434 ], [ 3756693.147841053083539, 2172953.175157846882939 ], [ 3756693.175137746147811, 2172953.142355310264975 ], [ 3756693.174364994745702, 2172953.132407828699797 ], [ 3756693.183505558408797, 2172953.121735448017716 ], [ 3756693.191759032197297, 2172953.101033662445843 ], [ 3756693.216201248113066, 2172952.336776396725327 ], [ 3756693.225442452821881, 2172951.865272199269384 ], [ 3756693.235311978496611, 2172951.283145498484373 ], [ 3756693.283949295058846, 2172948.252841184381396 ], [ 3756693.351693881675601, 2172945.200653267558664 ], [ 3756693.371559899765998, 2172944.617687286809087 ], [ 3756693.38996234536171, 2172944.13500361610204 ], [ 3756693.470798577647656, 2172943.32600181736052 ], [ 3756693.907884145155549, 2172942.213248894549906 ], [ 3756694.151633996050805, 2172941.539333300665021 ], [ 3756694.441112090367824, 2172940.700827345252037 ], [ 3756695.959356610663235, 2172936.381281191948801 ], [ 3756697.509645356796682, 2172931.969013331457973 ], [ 3756697.835675267037004, 2172931.087114582769573 ], [ 3756698.103795869275928, 2172930.350553498603404 ], [ 3756698.692369961179793, 2172928.893097947351635 ], [ 3756698.919871767982841, 2172928.381237979047 ], [ 3756698.995460519101471, 2172928.093657926190645 ], [ 3756699.060478650033474, 2172927.566529506351799 ], [ 3756699.354975059162825, 2172926.436846110969782 ], [ 3756699.530239142477512, 2172925.899733020924032 ], [ 3756699.757943265605718, 2172925.277119255624712 ], [ 3756700.914341830648482, 2172922.243921799119562 ], [ 3756702.08476320002228, 2172919.139707422349602 ], [ 3756702.309179029427469, 2172918.477336335927248 ], [ 3756702.500788988545537, 2172917.898443328216672 ], [ 3756702.83215022739023, 2172916.495008952915668 ], [ 3756703.107967231422663, 2172915.267049166373909 ], [ 3756703.268845271319151, 2172914.801214661914855 ], [ 3756703.465190445072949, 2172914.281990311574191 ], [ 3756704.439104812219739, 2172911.927031987346709 ], [ 3756705.915033728815615, 2172909.094521780963987 ], [ 3756706.417149345390499, 2172908.26625424483791 ], [ 3756706.958264805842191, 2172907.424616322852671 ], [ 3756709.278018900193274, 2172904.222916818223894 ], [ 3756711.515524447895586, 2172901.229397205635905 ], [ 3756712.007954283617437, 2172900.522310260683298 ], [ 3756712.444068348035216, 2172899.860458733513951 ], [ 3756713.603667716961354, 2172897.90905709285289 ], [ 3756714.634766404051334, 2172896.099902534857392 ], [ 3756714.998383784666657, 2172895.535013240296394 ], [ 3756715.400560625363141, 2172894.946348409168422 ], [ 3756717.145766801200807, 2172892.549980706069618 ], [ 3756718.834839124232531, 2172890.198717921972275 ], [ 3756719.198063082993031, 2172889.623718115966767 ], [ 3756719.513420835137367, 2172889.083395058754832 ], [ 3756720.294278171379119, 2172887.407711394131184 ], [ 3756721.330212507396936, 2172885.537918210029602 ], [ 3756721.816345055121928, 2172884.871461554430425 ], [ 3756722.37701208004728, 2172884.13803215418011 ], [ 3756725.111484216526151, 2172880.957944565452635 ], [ 3756727.775265167467296, 2172878.005190624389797 ], [ 3756728.298197405878454, 2172877.415289614349604 ], [ 3756728.71865429636091, 2172876.925572068430483 ], [ 3756729.461773043964058, 2172875.974523828364909 ], [ 3756729.771476176567376, 2172875.484598283655941 ], [ 3756729.926201292779297, 2172875.29007995640859 ], [ 3756730.1076152571477, 2172875.062758486252278 ], [ 3756730.993489813990891, 2172874.018296566326171 ], [ 3756732.240492725279182, 2172872.490053572226316 ], [ 3756732.637621639296412, 2172871.961962827481329 ], [ 3756733.061435800977051, 2172871.39149863133207 ], [ 3756734.813320147804916, 2172868.954340164083987 ], [ 3756736.415595209226012, 2172866.650914044119418 ], [ 3756736.745535563677549, 2172866.159572099335492 ], [ 3756737.021483257878572, 2172865.742702579591423 ], [ 3756737.611550373025239, 2172864.766270284540951 ], [ 3756738.270512816961855, 2172863.773360726423562 ], [ 3756738.585756517015398, 2172863.34307216713205 ], [ 3756738.964287640526891, 2172862.836882160510868 ], [ 3756740.813941205851734, 2172860.480651979334652 ], [ 3756742.695577775128186, 2172857.911015891470015 ], [ 3756743.094103211537004, 2172857.28285589069128 ], [ 3756743.435342671349645, 2172856.690016198903322 ], [ 3756744.232481168117374, 2172854.852475463412702 ], [ 3756745.121109548956156, 2172852.675775518175215 ], [ 3756745.524948333390057, 2172851.876681089866906 ], [ 3756746.000608619768173, 2172850.980836619157344 ], [ 3756748.285595692228526, 2172847.031082012224942 ], [ 3756750.629729317035526, 2172842.825368984602392 ], [ 3756751.141563767567277, 2172841.766003615222871 ], [ 3756751.588518467266113, 2172840.762350204400718 ], [ 3756752.718385354150087, 2172837.541404146701097 ], [ 3756753.693132056389004, 2172834.735273063182831 ], [ 3756754.042330747004598, 2172834.001489302143455 ], [ 3756754.433096730150282, 2172833.283834371715784 ], [ 3756756.121696028392762, 2172830.812464641407132 ], [ 3756757.737076006829739, 2172828.658206112682819 ], [ 3756758.074336428195238, 2172828.135839163791388 ], [ 3756758.374501085374504, 2172827.647081403527409 ], [ 3756759.029178115539253, 2172826.143489778973162 ], [ 3756759.784421638585627, 2172824.520081401802599 ], [ 3756760.138370997272432, 2172823.95618041139096 ], [ 3756760.558487048372626, 2172823.345926655456424 ], [ 3756762.596280897036195, 2172820.721880363300443 ], [ 3756765.005603715777397, 2172817.622114954516292 ], [ 3756765.6506432662718, 2172816.700207707937807 ], [ 3756766.293903761077672, 2172815.758847017306834 ], [ 3756768.54844075627625, 2172812.152415328659117 ], [ 3756770.347820848226547, 2172809.099642709828913 ], [ 3756770.698844367172569, 2172808.505898952949792 ], [ 3756770.988815426826477, 2172808.018013301771134 ], [ 3756771.490850010886788, 2172807.189863037783653 ], [ 3756771.586991893593222, 2172807.020602855831385 ], [ 3756771.620882485527545, 2172806.947121937759221 ], [ 3756771.644180794246495, 2172806.86500747082755 ], [ 3756771.76354308007285, 2172806.503026138525456 ], [ 3756771.89334350451827, 2172806.140435061883181 ], [ 3756771.926196490414441, 2172806.057251777034253 ], [ 3756771.961187188979238, 2172805.993865926750004 ], [ 3756772.086202562786639, 2172805.811894658952951 ], [ 3756772.23061983846128, 2172805.618166696745902 ], [ 3756772.284503243863583, 2172805.543007216881961 ], [ 3756772.33761393558234, 2172805.457900275476277 ], [ 3756772.554481528699398, 2172805.056800175458193 ], [ 3756772.887005661614239, 2172804.595056558959186 ], [ 3756773.007232608739287, 2172804.474018975626677 ], [ 3756773.137460930272937, 2172804.351536813657731 ], [ 3756773.7050989898853, 2172803.927966579794884 ], [ 3756775.804208010435104, 2172801.548517770133913 ], [ 3756776.895025807898492, 2172800.194787502288818 ], [ 3756778.201346072368324, 2172798.54022313375026 ], [ 3756784.773445094935596, 2172790.033655744511634 ], [ 3756791.385042872279882, 2172781.523210240527987 ], [ 3756792.721285624895245, 2172779.866341962013394 ], [ 3756793.841491780243814, 2172778.499313557520509 ], [ 3756796.108693874906749, 2172776.084444927051663 ], [ 3756796.626806145068258, 2172775.675575096160173 ], [ 3756796.637727499008179, 2172775.564064918085933 ], [ 3756796.598889152519405, 2172775.467695854604244 ], [ 3756795.997617109678686, 2172775.152890348341316 ], [ 3756793.288709193468094, 2172773.06032859813422 ], [ 3756791.923437923192978, 2172771.834686248097569 ], [ 3756790.292687716893852, 2172770.332968623843044 ], [ 3756782.169940104242414, 2172762.602270151022822 ], [ 3756774.196625378914177, 2172754.84748087124899 ], [ 3756772.654779073316604, 2172753.32770559983328 ], [ 3756771.398705618456006, 2172752.081673022825271 ], [ 3756769.302615859545767, 2172749.862157902680337 ], [ 3756769.444806464482099, 2172748.826960579492152 ], [ 3756769.603844876401126, 2172748.341281609609723 ], [ 3756769.815221411176026, 2172747.760548331774771 ], [ 3756771.007197236642241, 2172744.904364405665547 ], [ 3756772.205798356793821, 2172742.007698495872319 ], [ 3756772.413543741684407, 2172741.386962190270424 ], [ 3756772.569361483678222, 2172740.861313374247402 ], [ 3756772.682877, 2172739.618563277181238 ], [ 3756772.480877664871514, 2172738.334652110934258 ], [ 3756772.442521656863391, 2172737.777289423625916 ], [ 3756772.406667336821556, 2172737.129347094334662 ], [ 3756772.196168525144458, 2172730.997110608499497 ], [ 3756772.160116875078529, 2172730.349200796335936 ], [ 3756772.111748932860792, 2172729.792579241096973 ], [ 3756771.9023158531636, 2172728.539611797779799 ], [ 3756771.54963713651523, 2172727.029440328013152 ], [ 3756771.406988203991205, 2172726.311324648093432 ], [ 3756771.242671526968479, 2172725.464696760289371 ], [ 3756770.500624570064247, 2172721.325862544588745 ], [ 3756769.413601371459663, 2172716.807977338787168 ], [ 3756769.026390377432108, 2172715.711612483486533 ], [ 3756768.606191299855709, 2172714.698855998925865 ], [ 3756766.79549371637404, 2172711.590937135741115 ], [ 3756765.223253978881985, 2172709.252563117537647 ], [ 3756764.944295546039939, 2172708.707195116207004 ], [ 3756764.740477943792939, 2172708.21514677722007 ], [ 3756764.607028716709465, 2172706.794826819095761 ], [ 3756764.308818148449063, 2172705.91079533752054 ], [ 3756764.001915927510709, 2172705.739160691387951 ], [ 3756763.607837049290538, 2172705.605347696691751 ], [ 3756761.357314757071435, 2172705.433831003494561 ], [ 3756757.381809504237026, 2172704.992112685926259 ], [ 3756755.886384706012905, 2172704.7003498156555 ], [ 3756754.212442450225353, 2172704.325031337328255 ], [ 3756746.772730325348675, 2172702.371843560598791 ], [ 3756739.830423286184669, 2172700.46272454271093 ], [ 3756738.481042666360736, 2172700.11730605782941 ], [ 3756737.380999522283673, 2172699.858697869814932 ], [ 3756735.47536064311862, 2172699.59525930415839 ], [ 3756734.24013199377805, 2172700.210911856032908 ], [ 3756733.561257649213076, 2172700.514766423497349 ], [ 3756732.735815447755158, 2172700.861986173782498 ], [ 3756728.556197794154286, 2172702.593411969952285 ], [ 3756723.406522669829428, 2172704.86581863835454 ], [ 3756721.976527401711792, 2172705.559971124865115 ], [ 3756720.548933308571577, 2172706.283851647283882 ], [ 3756715.358571561053395, 2172709.131266093812883 ], [ 3756710.323068955913186, 2172711.904029991012067 ], [ 3756708.982294329442084, 2172712.579569744411856 ], [ 3756707.66854673717171, 2172713.223157580476254 ], [ 3756703.138322153594345, 2172715.207235323265195 ], [ 3756696.853236992843449, 2172718.086629327386618 ], [ 3756694.439655419439077, 2172719.282584302593023 ], [ 3756691.730378220789135, 2172720.666941611096263 ], [ 3756679.511997925117612, 2172727.113662118092179 ], [ 3756664.449696778319776, 2172734.556366392411292 ], [ 3756659.951992601621896, 2172736.567840792238712 ], [ 3756655.311040357220918, 2172738.552519141696393 ], [ 3756637.369235820136964, 2172745.531513317022473 ], [ 3756622.029237092472613, 2172751.166307975538075 ], [ 3756619.016133967321366, 2172752.298437749966979 ], [ 3756616.561018252745271, 2172753.248058776836842 ], [ 3756612.163844269700348, 2172755.140131670981646 ], [ 3756610.226341976318508, 2172756.482301250565797 ], [ 3756609.311251018196344, 2172757.078414231073111 ], [ 3756608.24432574911043, 2172757.779006186407059 ], [ 3756603.017294683028013, 2172761.130567180924118 ], [ 3756597.547663633245975, 2172764.475210895761847 ], [ 3756596.318535062484443, 2172765.160387824289501 ], [ 3756595.212050524074584, 2172765.754352842923254 ], [ 3756592.274372279644012, 2172767.059344310779124 ], [ 3756589.663785987533629, 2172768.074048626702279 ], [ 3756588.762428352143615, 2172768.478296882938594 ], [ 3756587.7954948018305, 2172768.938976336736232 ], [ 3756583.658904337324202, 2172771.047083622775972 ], [ 3756579.104236263781786, 2172773.565029180143028 ], [ 3756577.876700038090348, 2172774.27039640955627 ], [ 3756576.659937925636768, 2172774.984266557730734 ], [ 3756572.357352193910629, 2172777.618996675126255 ], [ 3756568.912339221686125, 2172780.043469393625855 ], [ 3756568.228582324460149, 2172780.62790475320071 ], [ 3756567.661154803819954, 2172781.171835450455546 ], [ 3756566.597266811877489, 2172782.833556262776256 ], [ 3756566.364524425938725, 2172783.977658314630389 ], [ 3756566.322560490109026, 2172784.19200246501714 ], [ 3756566.287273426074535, 2172784.36555349919945 ], [ 3756566.231645355001092, 2172784.651258831843734 ], [ 3756564.830716273747385, 2172785.913782939780504 ], [ 3756563.953871658071876, 2172786.716480491682887 ], [ 3756562.861079244874418, 2172787.700097953900695 ], [ 3756557.130984297953546, 2172792.912142596207559 ], [ 3756551.235735048539937, 2172798.660545415244997 ], [ 3756550.043775884434581, 2172800.003830161876976 ], [ 3756549.042323532514274, 2172801.229117605835199 ], [ 3756547.00229958537966, 2172804.75512791890651 ], [ 3756546.037207931745797, 2172807.209485287312418 ], [ 3756545.713476113043725, 2172807.771035141311586 ], [ 3756545.354463892523199, 2172808.275122800376266 ], [ 3756543.86058465950191, 2172809.626391592435539 ], [ 3756542.183254996314645, 2172810.834469229914248 ], [ 3756541.70401234831661, 2172811.229792695492506 ], [ 3756541.228239841293544, 2172811.664742988534272 ], [ 3756539.470944929867983, 2172813.46134692337364 ], [ 3756537.946741137653589, 2172815.276408011093736 ], [ 3756537.622719701379538, 2172815.71710963267833 ], [ 3756537.3359190877527, 2172816.124987232033163 ], [ 3756536.617825863882899, 2172817.363783653825521 ], [ 3756535.27214174810797, 2172819.031991976313293 ], [ 3756534.58496561832726, 2172819.696782911196351 ], [ 3756533.765272778458893, 2172820.464586578309536 ], [ 3756529.661147544160485, 2172823.992423688061535 ], [ 3756518.039904560428113, 2172828.500192211009562 ], [ 3756512.491139628458768, 2172829.888079083990306 ], [ 3756505.92034768126905, 2172831.330640173051506 ], [ 3756473.740534312557429, 2172837.03937431005761 ], [ 3756439.899313372094184, 2172842.631793428212404 ], [ 3756432.285751606337726, 2172844.011456882581115 ], [ 3756425.430680376011878, 2172845.310004728846252 ], [ 3756406.982403101865202, 2172849.36075748456642 ], [ 3756395.615912337787449, 2172852.281676703132689 ], [ 3756393.219941664487123, 2172852.865237511694431 ], [ 3756391.146873891819268, 2172853.348602294921875 ], [ 3756386.385648754425347, 2172854.292450791224837 ], [ 3756383.659938108175993, 2172854.676099963486195 ], [ 3756382.875965507235378, 2172854.809064983390272 ], [ 3756382.073836697265506, 2172854.964160339906812 ], [ 3756379.058353876229376, 2172855.605259452015162 ], [ 3756376.323561403434724, 2172856.581083929166198 ], [ 3756375.691073947586119, 2172856.950453680474311 ], [ 3756375.121018271893263, 2172857.344204638153315 ], [ 3756373.502895889803767, 2172859.117812619544566 ], [ 3756372.072414538823068, 2172861.314905801787972 ], [ 3756371.606538811698556, 2172861.979444799944758 ], [ 3756371.103452943265438, 2172862.677511531393975 ], [ 3756369.064900807570666, 2172865.41203223541379 ], [ 3756367.279995240271091, 2172867.932628062553704 ], [ 3756366.95572508405894, 2172868.483792063314468 ], [ 3756366.685352565720677, 2172868.970069512259215 ], [ 3756366.311095650773495, 2172870.226832472253591 ], [ 3756366.249721051659435, 2172871.375175128690898 ], [ 3756366.186202597338706, 2172871.801614629570395 ], [ 3756366.095848330296576, 2172872.270755024626851 ], [ 3756365.600992807652801, 2172874.340650521218777 ], [ 3756365.073330249637365, 2172876.614316998980939 ], [ 3756364.97360194567591, 2172877.204687915742397 ], [ 3756364.882931156083941, 2172877.78450079401955 ], [ 3756364.71992331976071, 2172879.733384318184108 ], [ 3756364.216250579804182, 2172882.515502337832004 ], [ 3756363.908997263293713, 2172883.615959947928786 ], [ 3756363.543980104848742, 2172884.862034498248249 ], [ 3756361.64127673022449, 2172890.549965640064329 ], [ 3756359.422563585452735, 2172896.427229090593755 ], [ 3756358.846616216935217, 2172897.793455362319946 ], [ 3756358.299973293673247, 2172899.03637971309945 ], [ 3756356.494065848644823, 2172902.591078492812812 ], [ 3756355.058735289145261, 2172905.079124792478979 ], [ 3756354.735616298392415, 2172905.650249358266592 ], [ 3756354.459786953870207, 2172906.18689235765487 ], [ 3756353.746084057725966, 2172907.705958086997271 ], [ 3756353.240019231569022, 2172908.835311157628894 ], [ 3756353.092577612958848, 2172909.109331392683089 ], [ 3756352.944394489284605, 2172909.373600451275706 ], [ 3756352.374171436298639, 2172910.228399123065174 ], [ 3756351.071901524905115, 2172911.581893213558942 ], [ 3756350.457450599875301, 2172912.160066041629761 ], [ 3756349.74016692629084, 2172912.827904015779495 ], [ 3756346.218645207118243, 2172915.991187297273427 ], [ 3756342.778303713537753, 2172919.04650782328099 ], [ 3756342.115431850776076, 2172919.648871043231338 ], [ 3756341.564269757829607, 2172920.140966039150953 ], [ 3756340.60705110244453, 2172921.061779635958374 ], [ 3756340.134285802021623, 2172921.997456633020192 ], [ 3756339.896274686791003, 2172922.500572828575969 ], [ 3756339.616892474703491, 2172923.107820296660066 ], [ 3756338.205106834881008, 2172926.214812683407217 ], [ 3756336.780823874752969, 2172929.413225140422583 ], [ 3756336.486381616443396, 2172930.081787921953946 ], [ 3756336.244261452928185, 2172930.655196902807802 ], [ 3756335.753634598106146, 2172931.963657179381698 ], [ 3756335.53093169350177, 2172932.415290720295161 ], [ 3756335.463732296600938, 2172932.45133669488132 ], [ 3756335.392797719221562, 2172932.448000806383789 ], [ 3756335.093903627246618, 2172932.135111615993083 ], [ 3756334.822520792949945, 2172931.328667148482054 ], [ 3756334.774968039244413, 2172931.012692475691438 ], [ 3756334.724707107525319, 2172930.666334894485772 ], [ 3756334.61985739832744, 2172929.113245500717312 ], [ 3756334.435704886447638, 2172927.917965963948518 ], [ 3756334.345483771990985, 2172927.806176596321166 ], [ 3756334.233033553231508, 2172927.786401352379471 ], [ 3756333.650693288538605, 2172928.502048354130238 ], [ 3756332.689284336287528, 2172929.142568067181855 ], [ 3756332.330011078156531, 2172929.06579449493438 ], [ 3756331.922510287258774, 2172928.893491503316909 ], [ 3756330.148300281725824, 2172927.365014395676553 ], [ 3756328.332968588918447, 2172924.778709644451737 ], [ 3756327.91745023149997, 2172923.93543999735266 ], [ 3756327.527252045925707, 2172923.039946353062987 ], [ 3756326.422104199416935, 2172919.355471123475581 ], [ 3756325.645777464844286, 2172915.980974277481437 ], [ 3756325.463858819101006, 2172915.276469790842384 ], [ 3756325.301096728537232, 2172914.680238675326109 ], [ 3756324.864317311439663, 2172913.358393001370132 ], [ 3756324.484495792537928, 2172912.231487763579935 ], [ 3756324.37247331161052, 2172911.751025778241456 ], [ 3756324.253151655197144, 2172911.190965918824077 ], [ 3756323.785812945570797, 2172908.589320804923773 ], [ 3756323.272532818838954, 2172906.042084891349077 ], [ 3756323.116872579324991, 2172905.52548414003104 ], [ 3756322.967903605662286, 2172905.088480574544519 ], [ 3756322.424954355694354, 2172904.1669493438676 ], [ 3756321.300357718952, 2172903.159607477951795 ], [ 3756320.794253269210458, 2172902.665627827867866 ], [ 3756320.198586163111031, 2172902.069724401924759 ], [ 3756317.348041839431971, 2172899.158637064043432 ], [ 3756314.456241631880403, 2172896.121353820897639 ], [ 3756313.844857050105929, 2172895.456607592757791 ], [ 3756313.310008825734258, 2172894.865402795840055 ], [ 3756312.041475843638182, 2172893.360385096631944 ], [ 3756311.096502671949565, 2172892.3359708157368 ], [ 3756310.760102442465723, 2172892.05665810406208 ], [ 3756310.392001202795655, 2172891.760197310708463 ], [ 3756308.818568851333112, 2172890.684274610131979 ], [ 3756307.403434370644391, 2172889.463012249208987 ], [ 3756307.138280306011438, 2172889.076968178618699 ], [ 3756306.931382536422461, 2172888.665518145542592 ], [ 3756306.636426757089794, 2172887.009523865301162 ], [ 3756306.441358453594148, 2172885.224352551158518 ], [ 3756306.298309233505279, 2172884.736706221476197 ], [ 3756306.11533675622195, 2172884.252810105681419 ], [ 3756305.116401279810816, 2172882.49215120729059 ], [ 3756304.026668511331081, 2172880.840131933335215 ], [ 3756303.777974636759609, 2172880.41238943208009 ], [ 3756303.561194827780128, 2172880.001860689837486 ], [ 3756302.987418290227652, 2172878.612294414080679 ], [ 3756302.063428089953959, 2172876.784694949630648 ], [ 3756301.62087731435895, 2172876.094275288749486 ], [ 3756301.110598446335644, 2172875.320099395234138 ], [ 3756298.594388918019831, 2172871.85679454356432 ], [ 3756295.917086541652679, 2172868.388873693998903 ], [ 3756295.296873167622834, 2172867.624732579570264 ], [ 3756294.891807157546282, 2172867.131652514450252 ], [ 3756292.642339142039418, 2172864.691961019299924 ], [ 3756289.991305579431355, 2172860.191187978722155 ], [ 3756287.958843010943383, 2172854.133711204864085 ], [ 3756286.63025316875428, 2172847.51125025190413 ], [ 3756284.004480869974941, 2172837.511264411266893 ], [ 3756282.177989944815636, 2172830.935191676951945 ], [ 3756281.41247835336253, 2172825.010011193342507 ], [ 3756280.354695190209895, 2172818.611771796364337 ], [ 3756279.59938588924706, 2172813.708000273443758 ], [ 3756279.480577082838863, 2172812.687139273621142 ], [ 3756279.257002814207226, 2172810.573892538435757 ], [ 3756279.177309415303171, 2172810.120247861836106 ], [ 3756279.093766617588699, 2172809.737256061751395 ], [ 3756278.762895483989269, 2172808.826255050022155 ], [ 3756278.471172254066914, 2172808.252257675863802 ], [ 3756278.415054971817881, 2172808.067052161321044 ], [ 3756278.378701905254275, 2172807.880004039034247 ], [ 3756278.331318755634129, 2172807.102982479147613 ], [ 3756278.300808983854949, 2172805.823477691505104 ], [ 3756278.266792447306216, 2172805.315668978262693 ], [ 3756278.225658713839948, 2172804.728131730109453 ], [ 3756277.97541915345937, 2172802.076246801763773 ], [ 3756277.791263564489782, 2172799.37812270084396 ], [ 3756277.779741373844445, 2172798.77805484784767 ], [ 3756277.793854884337634, 2172798.245499516837299 ], [ 3756278.023584667127579, 2172796.831682771909982 ], [ 3756278.277109945192933, 2172795.345239913091063 ], [ 3756278.307056575082242, 2172794.761316961143166 ], [ 3756278.330835600849241, 2172794.108087639324367 ], [ 3756278.263459577225149, 2172791.128497830592096 ], [ 3756278.309883468318731, 2172788.068318697623909 ], [ 3756278.400177502539009, 2172787.368376285769045 ], [ 3756278.5156618822366, 2172786.72614648193121 ], [ 3756279.195107289589942, 2172784.929419214837253 ], [ 3756280.025753697380424, 2172783.359673285391182 ], [ 3756280.233181310817599, 2172782.849602666683495 ], [ 3756280.438689199276268, 2172782.319194858428091 ], [ 3756281.106803864706308, 2172780.153381796553731 ], [ 3756281.773771647829562, 2172777.977179164998233 ], [ 3756281.989146085456014, 2172777.445751945022494 ], [ 3756282.197772610932589, 2172776.94576027803123 ], [ 3756283.056903040036559, 2172775.362762954551727 ], [ 3756283.878703901078552, 2172773.923933455720544 ], [ 3756284.073966111987829, 2172773.504825015552342 ], [ 3756284.268305042292923, 2172773.076096072793007 ], [ 3756284.833816296420991, 2172771.470500519499183 ], [ 3756285.451437031850219, 2172769.76968567352742 ], [ 3756285.671610527206212, 2172769.288144488818944 ], [ 3756285.910526250023395, 2172768.795156472828239 ], [ 3756286.968384366948158, 2172766.943399996031076 ], [ 3756288.023777334950864, 2172765.181815053336322 ], [ 3756288.266982854343951, 2172764.738696083426476 ], [ 3756288.492400689050555, 2172764.316840815357864 ], [ 3756289.128450504969805, 2172762.945055501069874 ], [ 3756289.491598326712847, 2172761.678938314784318 ], [ 3756289.550630509387702, 2172761.312778814230114 ], [ 3756289.589093134738505, 2172760.948493701405823 ], [ 3756289.570096900686622, 2172759.567556641995907 ], [ 3756289.584445857908577, 2172758.223646521568298 ], [ 3756289.644877937156707, 2172757.877103810198605 ], [ 3756289.726319944486022, 2172757.539091929327697 ], [ 3756290.233866966795176, 2172756.429847436025739 ], [ 3756290.878596726804972, 2172755.037491788621992 ], [ 3756291.045940184034407, 2172754.530795191880316 ], [ 3756291.208942072466016, 2172753.974540379829705 ], [ 3756291.789458388928324, 2172751.495718803722411 ], [ 3756292.367142516653985, 2172748.987643124070019 ], [ 3756292.538382427766919, 2172748.410588283557445 ], [ 3756292.713487336412072, 2172747.873095392249525 ], [ 3756293.356625218410045, 2172746.350433847866952 ], [ 3756294.047940033487976, 2172744.803320318460464 ], [ 3756294.241724720224738, 2172744.253987939096987 ], [ 3756294.45158685836941, 2172743.653550012037158 ], [ 3756295.232328384183347, 2172741.045862345024943 ], [ 3756295.942263857461512, 2172738.555311114061624 ], [ 3756296.098013785667717, 2172738.029869760852307 ], [ 3756296.249851698987186, 2172737.574688523542136 ], [ 3756296.64287359919399, 2172736.536380742676556 ], [ 3756296.918015601113439, 2172735.989676522556692 ], [ 3756296.985630858223885, 2172735.842942067421973 ], [ 3756297.044100509956479, 2172735.70748537266627 ], [ 3756297.2352189947851, 2172735.238786607980728 ], [ 3756297.632877100259066, 2172734.370280584320426 ], [ 3756297.820047355256975, 2172733.97225089604035 ], [ 3756298.04244072502479, 2172733.520568925887346 ], [ 3756299.171730620786548, 2172731.331543596461415 ], [ 3756300.271637824364007, 2172729.155212829820812 ], [ 3756300.484263475984335, 2172728.704534132964909 ], [ 3756300.662982773967087, 2172728.327238900586963 ], [ 3756300.997124552726746, 2172727.534471394959837 ], [ 3756301.269768688362092, 2172726.617530082352459 ], [ 3756301.402449045795947, 2172726.174367893021554 ], [ 3756301.577304978854954, 2172725.637218529358506 ], [ 3756302.434522882569581, 2172722.982388455886394 ], [ 3756303.320432771928608, 2172720.314977829810232 ], [ 3756303.514675146900117, 2172719.765973459463567 ], [ 3756303.67645787447691, 2172719.3102638265118 ], [ 3756304.077374968677759, 2172718.361027158796787 ], [ 3756304.289278265554458, 2172718.020382496528327 ], [ 3756304.333129252307117, 2172717.946470479015261 ], [ 3756304.37877494096756, 2172717.892110231332481 ], [ 3756304.487512393388897, 2172717.751704612281173 ], [ 3756305.012929257005453, 2172716.961608368437737 ], [ 3756305.314594139810652, 2172716.492446368560195 ], [ 3756305.677488625980914, 2172715.917899839580059 ], [ 3756307.552023869939148, 2172712.917810560204089 ], [ 3756309.626337319612503, 2172709.789231010247022 ], [ 3756310.122930931393057, 2172709.131827771663666 ], [ 3756310.565739598590881, 2172708.549568593502045 ], [ 3756311.889919066801667, 2172707.214034121949226 ], [ 3756313.668034886009991, 2172705.776080559007823 ], [ 3756314.40905035007745, 2172705.145948342513293 ], [ 3756315.251171880867332, 2172704.406387046910822 ], [ 3756319.215498806908727, 2172700.891774353571236 ], [ 3756323.367984010837972, 2172697.229125441983342 ], [ 3756324.342912695836276, 2172696.397283616475761 ], [ 3756325.24419844802469, 2172695.641839331947267 ], [ 3756327.833045438863337, 2172693.567519570700824 ], [ 3756330.44796777330339, 2172691.791350753977895 ], [ 3756331.363834153395146, 2172691.20517971040681 ], [ 3756332.347922183573246, 2172690.592567289248109 ], [ 3756336.610809304751456, 2172688.081925762817264 ], [ 3756340.519681083038449, 2172685.784702593460679 ], [ 3756341.294221960939467, 2172685.311759683769196 ], [ 3756341.933963678777218, 2172684.911578347440809 ], [ 3756343.126578688621521, 2172684.029400830157101 ], [ 3756343.65648650797084, 2172683.408829133026302 ], [ 3756343.877265516202897, 2172683.167874135077 ], [ 3756344.136224984191358, 2172682.903306557331234 ], [ 3756345.327234504744411, 2172681.660316460300237 ], [ 3756346.483596158213913, 2172680.480958618689328 ], [ 3756346.714277888182551, 2172680.238575272262096 ], [ 3756347.294168007560074, 2172679.613806999754161 ], [ 3756349.017670887988061, 2172678.702180588617921 ], [ 3756350.050199108198285, 2172678.185163965448737 ], [ 3756351.335501715540886, 2172677.564583969768137 ], [ 3756357.976064667105675, 2172674.371950424276292 ], [ 3756364.890403396449983, 2172670.853174017742276 ], [ 3756366.33928186353296, 2172670.026846147608012 ], [ 3756367.580730586778373, 2172669.250375573523343 ], [ 3756370.404581163544208, 2172666.983742675743997 ], [ 3756371.775058525148779, 2172664.792102140374482 ], [ 3756372.105564955621958, 2172664.070055004674941 ], [ 3756372.411243475042284, 2172663.300209653563797 ], [ 3756373.371090327389538, 2172660.094838771037757 ], [ 3756374.10543899377808, 2172657.0708520966582 ], [ 3756374.289292749483138, 2172656.4024613276124 ], [ 3756374.450024798512459, 2172655.816660174168646 ], [ 3756374.955737114418298, 2172654.336872914806008 ], [ 3756375.497393136378378, 2172652.923808242660016 ], [ 3756375.692492240574211, 2172652.384638312272727 ], [ 3756375.892146268859506, 2172651.784975827205926 ], [ 3756376.783109492156655, 2172649.05699807126075 ], [ 3756377.597876298241317, 2172646.496308685746044 ], [ 3756377.767093928530812, 2172646.009656365029514 ], [ 3756377.89308259030804, 2172645.607190362177789 ], [ 3756378.135390426963568, 2172644.913361644372344 ], [ 3756378.189440390095115, 2172644.837972734123468 ], [ 3756378.198201817460358, 2172644.827463491354138 ], [ 3756378.206424195319414, 2172644.806565294973552 ], [ 3756378.243157991673797, 2172644.763041514437646 ], [ 3756378.259436566382647, 2172644.721473979763687 ], [ 3756378.2551782252267, 2172644.671801444143057 ], [ 3756378.226715516764671, 2172644.574429554864764 ], [ 3756378.152733182068914, 2172643.839669290930033 ], [ 3756378.125773122068495, 2172643.411197536624968 ], [ 3756378.089834061916918, 2172642.883658299222589 ], [ 3756377.926901745609939, 2172640.19343422818929 ], [ 3756377.148718955926597, 2172636.79950634855777 ], [ 3756376.7317129150033, 2172635.825914974324405 ], [ 3756376.223526532296091, 2172634.841438909061253 ], [ 3756373.648636837489903, 2172631.163329613395035 ], [ 3756371.004368979949504, 2172627.962693855166435 ], [ 3756370.450160271022469, 2172627.262543988414109 ], [ 3756369.974625174421817, 2172626.655733245424926 ], [ 3756368.907574675045907, 2172625.151908054016531 ], [ 3756367.877370476257056, 2172623.724933012388647 ], [ 3756367.416126393713057, 2172623.166546511929482 ], [ 3756366.897908209357411, 2172622.533413703087717 ], [ 3756364.381167734507471, 2172619.641431855969131 ], [ 3756361.993881445843726, 2172616.847427538596094 ], [ 3756361.550773154012859, 2172616.26741792075336 ], [ 3756361.186322837136686, 2172615.780649254098535 ], [ 3756360.661863604094833, 2172614.727018967270851 ], [ 3756360.727210524957627, 2172614.320328654721379 ], [ 3756360.749424699228257, 2172614.228216762654483 ], [ 3756360.773350436240435, 2172614.155771032441407 ], [ 3756360.867620429489762, 2172613.966467039659619 ], [ 3756360.772834294475615, 2172613.454255195800215 ], [ 3756360.678964012302458, 2172613.182677484117448 ], [ 3756360.54870839510113, 2172612.844147687777877 ], [ 3756359.85456682741642, 2172611.115131657104939 ], [ 3756359.160640292335302, 2172609.265889298170805 ], [ 3756359.03428132366389, 2172608.857001374009997 ], [ 3756358.941532264463603, 2172608.484895302448422 ], [ 3756358.857883848715574, 2172607.5207136021927 ], [ 3756358.971677613444626, 2172606.62850967887789 ], [ 3756359.004860837943852, 2172606.315065131988376 ], [ 3756359.035450448747724, 2172605.97131968382746 ], [ 3756359.158344928640872, 2172604.487040159292519 ], [ 3756359.365687405690551, 2172603.045178987085819 ], [ 3756359.449583708308637, 2172602.736585513688624 ], [ 3756359.5362085592933, 2172602.457867739256471 ], [ 3756359.991220892407, 2172601.784239880740643 ], [ 3756360.548154153861105, 2172601.472242034971714 ], [ 3756360.716298491694033, 2172601.436507731676102 ], [ 3756360.886086920276284, 2172601.420652193017304 ], [ 3756361.539192289113998, 2172601.520092731807381 ], [ 3756362.11884752754122, 2172601.586386983282864 ], [ 3756362.246114056557417, 2172601.544585841707885 ], [ 3756362.351873551029712, 2172601.484764688648283 ], [ 3756362.61576834321022, 2172601.049425729550421 ], [ 3756362.769287591800094, 2172600.263620762620121 ], [ 3756362.814033288508654, 2172599.968724811449647 ], [ 3756362.857332327403128, 2172599.653917608782649 ], [ 3756363.009654811117798, 2172598.277530467603356 ], [ 3756363.347559713758528, 2172596.602612274698913 ], [ 3756363.496650086715817, 2172596.118063965812325 ], [ 3756363.674350633751601, 2172595.610873847268522 ], [ 3756364.553750492166728, 2172593.67526044882834 ], [ 3756365.396281650289893, 2172591.783596086315811 ], [ 3756365.566210109740496, 2172591.306498799473047 ], [ 3756365.707244322635233, 2172590.84261988196522 ], [ 3756365.961794145405293, 2172589.36639226321131 ], [ 3756366.024177575483918, 2172588.228163852356374 ], [ 3756366.043104220181704, 2172587.986178169958293 ], [ 3756366.055769280530512, 2172587.784413555637002 ], [ 3756366.124619675334543, 2172587.297254621982574 ], [ 3756366.636788701638579, 2172586.588126412592828 ], [ 3756366.928224416449666, 2172586.230363363400102 ], [ 3756367.283902687951922, 2172585.80651530623436 ], [ 3756369.146857784129679, 2172583.719599793665111 ], [ 3756371.281422610860318, 2172581.166255015879869 ], [ 3756371.824681175872684, 2172580.464704150799662 ], [ 3756372.34621967561543, 2172579.745067606680095 ], [ 3756374.015026381239295, 2172577.165115842595696 ], [ 3756375.306114098988473, 2172574.519786735530943 ], [ 3756375.582920647226274, 2172573.762653665151447 ], [ 3756375.819357189815491, 2172573.009646322578192 ], [ 3756376.401387827470899, 2172570.199734439142048 ], [ 3756376.980204530991614, 2172567.59113990701735 ], [ 3756377.22637707926333, 2172566.947049408685416 ], [ 3756377.496868265327066, 2172566.350740201305598 ], [ 3756378.785296123474836, 2172564.487543480005115 ], [ 3756380.091792574618012, 2172562.953031230717897 ], [ 3756380.378606636077166, 2172562.545857325196266 ], [ 3756380.637288465630263, 2172562.161145801655948 ], [ 3756381.288538718596101, 2172560.847919534426183 ], [ 3756381.862520334776491, 2172559.572395917959511 ], [ 3756382.062945659272373, 2172559.213089924305677 ], [ 3756382.292670762166381, 2172558.841204084455967 ], [ 3756383.27159259095788, 2172557.477472889237106 ], [ 3756384.058579048607498, 2172555.871401534415781 ], [ 3756384.165085548534989, 2172555.360515361186117 ], [ 3756384.218482862226665, 2172554.814444702118635 ], [ 3756384.025244334246963, 2172552.588112680241466 ], [ 3756383.620814162306488, 2172550.481570263393223 ], [ 3756383.540299125947058, 2172550.018290099687874 ], [ 3756383.484071453101933, 2172549.602594860363752 ], [ 3756383.388276820536703, 2172548.499065598472953 ], [ 3756383.086121062748134, 2172547.455291802529246 ], [ 3756382.891873319633305, 2172547.072387511841953 ], [ 3756382.644168404396623, 2172546.654658250045031 ], [ 3756381.35365110822022, 2172544.780999205075204 ], [ 3756379.838366284035146, 2172542.637560202740133 ], [ 3756379.454386887140572, 2172542.042076221201569 ], [ 3756379.080190896056592, 2172541.445687239058316 ], [ 3756377.837428878527135, 2172539.306861228775233 ], [ 3756377.058816079981625, 2172536.834436130709946 ], [ 3756376.959858584217727, 2172536.04202951816842 ], [ 3756376.926654289476573, 2172535.193666297011077 ], [ 3756377.248208718840033, 2172531.706892649643123 ], [ 3756377.45281056733802, 2172528.962628420908004 ], [ 3756377.349194359499961, 2172528.58143061818555 ], [ 3756377.179590572603047, 2172528.366747095715255 ], [ 3756375.951556114479899, 2172528.951903881970793 ], [ 3756374.433742218650877, 2172530.145208339672536 ], [ 3756374.06585045857355, 2172530.309628221206367 ], [ 3756373.720980525482446, 2172530.40165052190423 ], [ 3756372.693985325749964, 2172530.166685936972499 ], [ 3756368.641604057513177, 2172530.23310268856585 ], [ 3756366.392099482007325, 2172530.532717769034207 ], [ 3756363.647918676026165, 2172530.937828579451889 ], [ 3756349.683766696136445, 2172533.399254289921373 ], [ 3756329.144973421469331, 2172535.519840063527226 ], [ 3756322.263711092062294, 2172535.709319498855621 ], [ 3756314.854181946720928, 2172535.727028169669211 ], [ 3756283.794659646227956, 2172534.388233869336545 ], [ 3756254.939179236534983, 2172532.112838006578386 ], [ 3756248.91829279018566, 2172531.540619572158903 ], [ 3756243.756754232104868, 2172531.008609100244939 ], [ 3756232.260406298562884, 2172529.302907696459442 ], [ 3756223.733737706206739, 2172528.863643541932106 ], [ 3756220.44368497049436, 2172529.129607997834682 ], [ 3756216.75579743925482, 2172529.562806438654661 ], [ 3756200.084389063995332, 2172532.506224805954844 ], [ 3756184.471262236125767, 2172535.802272565662861 ], [ 3756181.456388095393777, 2172536.453641343861818 ], [ 3756178.995950896292925, 2172536.993102320469916 ], [ 3756174.815102276857942, 2172538.012989040464163 ], [ 3756174.310847384855151, 2172538.350471482612193 ], [ 3756174.169438149314374, 2172538.46381391165778 ], [ 3756174.028900311328471, 2172538.58708761446178 ], [ 3756173.531138041988015, 2172539.114316328894347 ], [ 3756171.859023327939212, 2172539.10955422418192 ], [ 3756170.975113593041897, 2172538.901012154761702 ], [ 3756169.91261801077053, 2172538.609127666801214 ], [ 3756164.569034516811371, 2172536.791934187058359 ], [ 3756159.121256675571203, 2172534.703854446299374 ], [ 3756157.993503934703767, 2172534.237436924129725 ], [ 3756157.030735668726265, 2172533.815999407321215 ], [ 3756154.937866571359336, 2172532.677872189786285 ], [ 3756153.582846064120531, 2172531.451750103849918 ], [ 3756153.087549302726984, 2172530.966468336991966 ], [ 3756152.537411080207676, 2172530.426843049470335 ], [ 3756150.097765658982098, 2172527.958202721551061 ], [ 3756147.259693459607661, 2172525.196681601926684 ], [ 3756146.451673595700413, 2172524.470100122038275 ], [ 3756145.634953347966075, 2172523.764596314635128 ], [ 3756142.597068345174193, 2172521.361778416205198 ], [ 3756139.408305714838207, 2172518.732731834985316 ], [ 3756138.488012904301286, 2172517.876732701435685 ], [ 3756137.553943314123899, 2172516.97172084916383 ], [ 3756134.041485639289021, 2172513.280681340955198 ], [ 3756130.829171763733029, 2172509.802183299325407 ], [ 3756130.079143718350679, 2172509.050441060215235 ], [ 3756129.376881629694253, 2172508.384330266155303 ], [ 3756127.367529187351465, 2172506.697792138438672 ], [ 3756126.006689669564366, 2172505.752099993638694 ], [ 3756125.717102064751089, 2172505.548600930254906 ], [ 3756125.470166395418346, 2172505.371227548457682 ], [ 3756124.926625108346343, 2172504.910610310267657 ], [ 3756124.505554026458412, 2172503.887917148880661 ], [ 3756124.33740125503391, 2172503.342443435452878 ], [ 3756124.159564460627735, 2172502.687741844914854 ], [ 3756123.308645766228437, 2172499.380331109277904 ], [ 3756122.489313924219459, 2172496.089986630249768 ], [ 3756122.165127751417458, 2172494.907782600261271 ], [ 3756121.819119947962463, 2172493.937918120995164 ], [ 3756121.355750801041722, 2172492.427921763155609 ], [ 3756121.138206616509706, 2172491.546626955736428 ], [ 3756120.87354136351496, 2172490.469175783917308 ], [ 3756119.585787627846003, 2172484.917791482061148 ], [ 3756118.320984661113471, 2172479.394768173806369 ], [ 3756118.077038436196744, 2172478.325291334651411 ], [ 3756117.871285602450371, 2172477.46270898822695 ], [ 3756117.523852958343923, 2172476.012213424313813 ], [ 3756117.452707257587463, 2172475.888519275467843 ], [ 3756117.42945742700249, 2172475.850636692717671 ], [ 3756117.41577797010541, 2172475.811783395707607 ], [ 3756117.333993080072105, 2172475.679161170497537 ], [ 3756116.984326316043735, 2172474.088591947220266 ], [ 3756116.800855462439358, 2172473.133684831205755 ], [ 3756116.578106843400747, 2172471.96188625600189 ], [ 3756114.291120902635157, 2172459.770712764468044 ], [ 3756114.068663784302771, 2172458.599470796529204 ], [ 3756113.89502851292491, 2172457.643347921781242 ], [ 3756113.577177648432553, 2172456.070008875802159 ], [ 3756113.469532659742981, 2172455.529184622690082 ], [ 3756113.413682270795107, 2172455.233617266174406 ], [ 3756113.362040461972356, 2172454.867741020862013 ], [ 3756113.079644910991192, 2172453.010504622012377 ], [ 3756112.758578850422055, 2172451.046494119334966 ], [ 3756112.669747898355126, 2172450.603521796874702 ], [ 3756112.595923694781959, 2172450.219837451353669 ], [ 3756112.336357676424086, 2172449.201793946325779 ], [ 3756112.09661234728992, 2172448.643118489533663 ], [ 3756112.037304668687284, 2172448.538431308697909 ], [ 3756111.979344892315567, 2172448.453671676572412 ], [ 3756111.788444565609097, 2172448.34132591355592 ], [ 3756111.265065866522491, 2172447.648391953203827 ], [ 3756110.994966671802104, 2172447.202612488996238 ], [ 3756110.664754462894052, 2172446.652177651412785 ], [ 3756109.053535405080765, 2172443.746153717860579 ], [ 3756107.494409641716629, 2172440.754988021682948 ], [ 3756107.200600623618811, 2172440.151311230380088 ], [ 3756106.96440836135298, 2172439.632148292846978 ], [ 3756106.6413056794554, 2172438.580233587883413 ], [ 3756106.584238291718066, 2172438.154802153352648 ], [ 3756106.523830574937165, 2172438.040019825100899 ], [ 3756106.443757282104343, 2172437.92706379853189 ], [ 3756106.007846841122955, 2172437.546959761530161 ], [ 3756103.980599496047944, 2172437.625129278283566 ], [ 3756102.89787059603259, 2172437.796182256191969 ], [ 3756101.590550232678652, 2172438.048025673255324 ], [ 3756094.999668331816792, 2172439.492585320025682 ], [ 3756088.546273038722575, 2172441.245370354503393 ], [ 3756087.325193014461547, 2172441.679476651363075 ], [ 3756086.355030740145594, 2172442.100191345438361 ], [ 3756084.879364036023617, 2172443.430434498935938 ], [ 3756084.986181897111237, 2172444.432010607793927 ], [ 3756085.015333142597228, 2172444.649561369791627 ], [ 3756085.040947020519525, 2172444.827697765082121 ], [ 3756085.106434426270425, 2172445.232198573183268 ], [ 3756085.065159807913005, 2172446.49863251298666 ], [ 3756085.017580003477633, 2172447.224488018080592 ], [ 3756084.952634776942432, 2172448.102206618990749 ], [ 3756084.600907084532082, 2172452.633670466486365 ], [ 3756084.244619557633996, 2172457.576328713446856 ], [ 3756084.172304857522249, 2172458.715187852270901 ], [ 3756084.122189027722925, 2172459.761836607940495 ], [ 3756084.074594802688807, 2172462.691940087359399 ], [ 3756084.311347384937108, 2172465.535447774920613 ], [ 3756084.457592066377401, 2172466.523784778546542 ], [ 3756084.621774443890899, 2172467.600647776387632 ], [ 3756085.474941132590175, 2172472.210550724994391 ], [ 3756086.197605009190738, 2172476.822186920791864 ], [ 3756086.280544533394277, 2172477.896503773052245 ], [ 3756086.31688567949459, 2172478.895071697887033 ], [ 3756086.004562027286738, 2172481.789963543880731 ], [ 3756085.556187405250967, 2172484.045742742717266 ], [ 3756085.497181445360184, 2172484.642507990822196 ], [ 3756085.467101095244288, 2172485.226251089945436 ], [ 3756085.591446450911462, 2172487.23866019025445 ], [ 3756085.729442943818867, 2172489.059317152947187 ], [ 3756085.70898201642558, 2172489.522091678809375 ], [ 3756085.65793580468744, 2172489.977911367546767 ], [ 3756085.271200079470873, 2172491.436408412177116 ], [ 3756084.779919621068984, 2172492.854787523858249 ], [ 3756084.665897583588958, 2172493.276442268397659 ], [ 3756084.562254821415991, 2172493.706664884928614 ], [ 3756084.240708756726235, 2172495.339907875284553 ], [ 3756084.16032349364832, 2172497.661658211611211 ], [ 3756084.20460911700502, 2172498.519182539079338 ], [ 3756084.277388602029532, 2172499.474275371991098 ], [ 3756084.755176812410355, 2172503.698041882365942 ], [ 3756085.236071757506579, 2172507.961696808226407 ], [ 3756085.300317227840424, 2172508.93763853982091 ], [ 3756085.3462471421808, 2172509.815041751600802 ], [ 3756085.277138948440552, 2172512.266209886409342 ], [ 3756085.127978396601975, 2172514.143701906315982 ], [ 3756085.112844833172858, 2172514.666048034094274 ], [ 3756085.118083474226296, 2172515.186552279628813 ], [ 3756085.24203737732023, 2172517.078734381124377 ], [ 3756085.659475846216083, 2172519.104057067073882 ], [ 3756085.843693966511637, 2172519.718014356680214 ], [ 3756086.068753794301301, 2172520.338447329122573 ], [ 3756087.115324118640274, 2172522.76576947979629 ], [ 3756088.02187940152362, 2172525.43677319213748 ], [ 3756088.149333834648132, 2172526.206458937376738 ], [ 3756088.21833417005837, 2172527.001583037897944 ], [ 3756088.026015662122518, 2172530.00507671199739 ], [ 3756087.644011842552572, 2172532.79628524929285 ], [ 3756087.599987137131393, 2172533.451537108980119 ], [ 3756087.58184415102005, 2172534.054271165747195 ], [ 3756087.727224823087454, 2172535.84429543511942 ], [ 3756087.635190204251558, 2172537.335994068533182 ], [ 3756087.470775730907917, 2172537.761812646873295 ], [ 3756087.236427803523839, 2172538.194406576920301 ], [ 3756085.894890798255801, 2172539.792023494839668 ], [ 3756084.418720323126763, 2172541.462173715233803 ], [ 3756084.107186667155474, 2172541.932356415782124 ], [ 3756083.837272374890745, 2172542.418357033282518 ], [ 3756083.217358730733395, 2172544.209214877337217 ], [ 3756082.97506806999445, 2172546.055289532989264 ], [ 3756082.949756607878953, 2172546.578605856746435 ], [ 3756082.934935207013041, 2172547.101001583971083 ], [ 3756083.029031016863883, 2172548.995882361661643 ], [ 3756082.773581962101161, 2172551.043803848326206 ], [ 3756082.544793025590479, 2172551.655820468440652 ], [ 3756082.246807114686817, 2172552.284968960564584 ], [ 3756080.597535124979913, 2172554.742640489246696 ], [ 3756078.848241086117923, 2172556.859525521285832 ], [ 3756078.502018123399466, 2172557.2823242736049 ], [ 3756078.200897109694779, 2172557.640978918410838 ], [ 3756077.585748247802258, 2172558.329382452648133 ], [ 3756077.269289907068014, 2172558.508914304431528 ], [ 3756077.160994037985802, 2172558.539433128200471 ], [ 3756077.042820997536182, 2172558.570267943665385 ], [ 3756076.534720615018159, 2172558.627703122794628 ], [ 3756074.545823220163584, 2172558.451626695692539 ], [ 3756073.488599959760904, 2172558.339918532874435 ], [ 3756072.217608453705907, 2172558.197506341151893 ], [ 3756065.789838115684688, 2172557.462672324385494 ], [ 3756057.216478140093386, 2172556.717390333302319 ], [ 3756054.585733922664076, 2172556.571195769123733 ], [ 3756051.846662499941885, 2172556.455323829315603 ], [ 3756041.003432153724134, 2172556.242022708524019 ], [ 3756031.105384874623269, 2172556.010571927763522 ], [ 3756028.949228814337403, 2172555.880261548794806 ], [ 3756027.052850618958473, 2172555.726033298764378 ], [ 3756022.309131629765034, 2172554.904834700282663 ], [ 3756017.089958905242383, 2172553.476710430812091 ], [ 3756014.888717473484576, 2172552.940253446809947 ], [ 3756012.359051922336221, 2172552.333732263185084 ], [ 3756000.514863798860461, 2172549.637951200827956 ], [ 3755988.540660117287189, 2172546.83431220240891 ], [ 3755985.935878835618496, 2172546.175273850560188 ], [ 3755983.645654610358179, 2172545.546268245670944 ], [ 3755977.947553867474198, 2172543.702002333942801 ], [ 3755973.924987355712801, 2172542.372820647899061 ], [ 3755972.690039520151913, 2172542.066706886515021 ], [ 3755971.407962779514492, 2172541.795451318845153 ], [ 3755966.331535674165934, 2172541.085435305256397 ], [ 3755961.552159536629915, 2172540.778580233920366 ], [ 3755958.697133780922741, 2172540.603112985845655 ], [ 3755955.806028757244349, 2172540.47146529937163 ], [ 3755952.583536670543253, 2172540.350436264183372 ], [ 3755938.109236142132431, 2172539.953606883995235 ], [ 3755924.191323408391327, 2172539.815500818192959 ], [ 3755921.315637963358313, 2172539.862863439135253 ], [ 3755918.865529383998364, 2172539.940220646560192 ], [ 3755913.548065711278468, 2172540.515119898598641 ], [ 3755911.154854845255613, 2172541.478958808351308 ], [ 3755910.557959679979831, 2172541.795121546369046 ], [ 3755909.97374271042645, 2172542.140026261564344 ], [ 3755908.115473242942244, 2172543.585543644148856 ], [ 3755906.727456676773727, 2172544.996779765468091 ], [ 3755906.443895904347301, 2172545.323832720983773 ], [ 3755906.217424316331744, 2172545.615596979856491 ], [ 3755905.796216081827879, 2172546.44627452455461 ], [ 3755905.312209919560701, 2172547.483242182061076 ], [ 3755905.047146736178547, 2172547.908703272230923 ], [ 3755904.726113666780293, 2172548.389216852840036 ], [ 3755903.086985053960234, 2172550.615928876213729 ], [ 3755901.47580973803997, 2172553.050113607663661 ], [ 3755901.165197484195232, 2172553.650212064385414 ], [ 3755900.913895191624761, 2172554.234705017879605 ], [ 3755900.489963170606643, 2172556.07753751706332 ], [ 3755900.343716559465975, 2172557.874664318282157 ], [ 3755900.260725531727076, 2172558.423192755784839 ], [ 3755900.169231575913727, 2172558.992766510229558 ], [ 3755899.659031630959362, 2172561.234956209547818 ], [ 3755898.964184441138059, 2172563.553680503275245 ], [ 3755898.746030050329864, 2172564.17523305118084 ], [ 3755898.516416860744357, 2172564.777615445200354 ], [ 3755897.602947464678437, 2172566.896373529452831 ], [ 3755896.325792334973812, 2172569.119422529824078 ], [ 3755895.871452855877578, 2172569.803022179286927 ], [ 3755895.36939857667312, 2172570.510796602349728 ], [ 3755893.161987904459238, 2172573.271011739969254 ], [ 3755891.046351824887097, 2172576.504142594989389 ], [ 3755890.598752985708416, 2172577.497439131140709 ], [ 3755890.204445489216596, 2172578.525789335370064 ], [ 3755889.283092761877924, 2172582.63953917240724 ], [ 3755888.914474344812334, 2172586.280578864738345 ], [ 3755888.868474059738219, 2172587.026529171969742 ], [ 3755888.852832211181521, 2172587.658977476414293 ], [ 3755888.98838570388034, 2172588.989403324667364 ], [ 3755889.216783256269991, 2172590.110104616731405 ], [ 3755889.24887361517176, 2172590.598183458205312 ], [ 3755889.268912517, 2172591.177306773141026 ], [ 3755889.256715693511069, 2172593.933853398542851 ], [ 3755889.210893309209496, 2172596.653520043008029 ], [ 3755889.208439369220287, 2172597.204610150307417 ], [ 3755889.209057404194027, 2172597.675704800058156 ], [ 3755889.284651628695428, 2172598.66056243609637 ], [ 3755889.342410652898252, 2172599.096057516522706 ], [ 3755889.343675220385194, 2172599.226216726005077 ], [ 3755889.324603784363717, 2172599.35780897224322 ], [ 3755889.2065046466887, 2172599.849955271929502 ], [ 3755888.423315566033125, 2172601.616114244796336 ], [ 3755888.000758787617087, 2172602.547158134169877 ], [ 3755887.483786378055811, 2172603.667229868471622 ], [ 3755884.834235441405326, 2172609.334050851408392 ], [ 3755882.236660183873028, 2172614.906077833846211 ], [ 3755881.735323956236243, 2172615.974814476445317 ], [ 3755881.336443928070366, 2172616.833755522035062 ], [ 3755880.694817299488932, 2172618.255834257695824 ], [ 3755880.712360515724868, 2172618.344425525516272 ], [ 3755880.7149748057127, 2172618.374219506513327 ], [ 3755880.727783017791808, 2172618.403141574468464 ], [ 3755880.768971120472997, 2172618.529550469946116 ], [ 3755880.811902082525194, 2172618.675822017714381 ], [ 3755880.818774807266891, 2172618.755288873333484 ], [ 3755880.820812153164297, 2172618.8953956970945 ], [ 3755880.873631498776376, 2172620.08277738885954 ], [ 3755880.914041376672685, 2172620.780351829249412 ], [ 3755880.967999294400215, 2172621.636892484035343 ], [ 3755881.24153092969209, 2172626.060228081420064 ], [ 3755881.486567117273808, 2172630.506287960801274 ], [ 3755881.521912869066, 2172631.374455754645169 ], [ 3755881.533827041275799, 2172632.09475441230461 ], [ 3755881.453506825957447, 2172633.374876246321946 ], [ 3755881.225013509392738, 2172634.217257629614323 ], [ 3755881.152264528442174, 2172634.655092122033238 ], [ 3755881.067313630133867, 2172635.184298167936504 ], [ 3755880.720101544633508, 2172637.801344806794077 ], [ 3755880.226133714430034, 2172640.572612362448126 ], [ 3755880.048957208171487, 2172641.200216104276478 ], [ 3755879.856503767427057, 2172641.769382071681321 ], [ 3755879.021147671621293, 2172643.279666843824089 ], [ 3755878.0551673383452, 2172644.912502000574023 ], [ 3755877.778379661031067, 2172645.549449225887656 ], [ 3755877.488108173944056, 2172646.267803516238928 ], [ 3755876.441442652605474, 2172649.521549669094384 ], [ 3755875.391343482304364, 2172652.735259949695319 ], [ 3755875.109460670500994, 2172653.432487071957439 ], [ 3755874.830058812629431, 2172654.039640432223678 ], [ 3755873.87929015327245, 2172655.50071625970304 ], [ 3755872.910056701861322, 2172656.633170122280717 ], [ 3755872.63235262548551, 2172657.029481486417353 ], [ 3755872.338219448924065, 2172657.46768788062036 ], [ 3755871.263205542694777, 2172659.351096882484853 ], [ 3755870.125001031905413, 2172661.320568550378084 ], [ 3755869.815362084191293, 2172661.81029061274603 ], [ 3755869.493687625508755, 2172662.281038184184581 ], [ 3755868.34405903192237, 2172663.770715782418847 ], [ 3755867.11175602581352, 2172665.348151828628033 ], [ 3755866.75369078014046, 2172665.862669711001217 ], [ 3755866.378775305114686, 2172666.418345987796783 ], [ 3755864.938102898653597, 2172668.726548234000802 ], [ 3755863.157612580806017, 2172672.458938616327941 ], [ 3755862.569227459840477, 2172673.916383501142263 ], [ 3755861.935735516250134, 2172675.548695639707148 ], [ 3755859.305369750130922, 2172682.947044298052788 ], [ 3755856.937696966342628, 2172689.890399447642267 ], [ 3755856.479869158938527, 2172691.225506952032447 ], [ 3755856.110884928144515, 2172692.311752481851727 ], [ 3755855.463385103270411, 2172694.135474583134055 ], [ 3755855.38750047981739, 2172694.302814374212176 ], [ 3755855.356161533854902, 2172694.405698039103299 ], [ 3755855.300928286276758, 2172694.581224621273577 ], [ 3755855.294790416955948, 2172694.742524561006576 ], [ 3755855.319980837404728, 2172694.800237361807376 ], [ 3755855.434999049175531, 2172694.849511722102761 ], [ 3755855.558073424734175, 2172694.878116474952549 ], [ 3755855.579270215705037, 2172694.885911259800196 ], [ 3755855.610131133813411, 2172694.893324306234717 ], [ 3755855.663323825225234, 2172694.928394119720906 ], [ 3755855.883241426199675, 2172695.48912630463019 ], [ 3755856.003518065903336, 2172695.828595344442874 ], [ 3755856.140321053098887, 2172696.246446102391928 ], [ 3755856.892922175582498, 2172698.421027783770114 ], [ 3755857.608855560421944, 2172700.869331693742424 ], [ 3755857.730774937663227, 2172701.459089991636574 ], [ 3755857.829049363266677, 2172702.011030647903681 ], [ 3755857.903390951920301, 2172703.67735228035599 ], [ 3755858.401800942141563, 2172706.636586758308113 ], [ 3755858.752595534548163, 2172708.006945668719709 ], [ 3755859.202869975473732, 2172709.598191250581294 ], [ 3755861.607360009104013, 2172717.349784502759576 ], [ 3755863.973352560773492, 2172725.576191686093807 ], [ 3755864.401344900950789, 2172727.490173156838864 ], [ 3755864.724088250659406, 2172729.23358396673575 ], [ 3755865.083787133917212, 2172734.190004643518478 ], [ 3755864.882950027473271, 2172737.444774569943547 ], [ 3755864.860945352818817, 2172738.118066989816725 ], [ 3755864.85038526635617, 2172738.690138325095177 ], [ 3755864.947176890447736, 2172739.923378163948655 ], [ 3755865.088020833209157, 2172740.501558809075505 ], [ 3755865.110907383263111, 2172740.649820090271533 ], [ 3755865.12384928856045, 2172740.798610033467412 ], [ 3755865.109439794905484, 2172741.331217385362834 ], [ 3755864.544224212877452, 2172742.936778022442013 ], [ 3755864.202929451595992, 2172743.760350837372243 ], [ 3755863.786346198059618, 2172744.760736515745521 ], [ 3755861.611719731241465, 2172749.752271599601954 ], [ 3755859.364993832539767, 2172754.379885650705546 ], [ 3755858.89903255738318, 2172755.154664341360331 ], [ 3755858.493993958458304, 2172755.713285179808736 ], [ 3755858.232377674430609, 2172754.187200096901506 ], [ 3755858.58537089265883, 2172749.206862119026482 ], [ 3755858.807438016403466, 2172744.221779701765627 ], [ 3755858.119671111926436, 2172739.289838781580329 ], [ 3755856.636363739147782, 2172734.536598066333681 ], [ 3755854.421963249333203, 2172730.081212548073381 ], [ 3755851.368392906151712, 2172726.149717162363231 ], [ 3755848.070177611894906, 2172722.414246210828424 ], [ 3755844.839772194623947, 2172718.620463759172708 ], [ 3755841.491288749501109, 2172714.930039706174284 ], [ 3755837.964532067067921, 2172711.408394192811102 ], [ 3755834.342758907936513, 2172707.982885756995529 ], [ 3755830.695759646128863, 2172704.584096950944513 ], [ 3755827.092248039785773, 2172701.139664376154542 ], [ 3755823.555077577009797, 2172697.627691764850169 ], [ 3755819.918897283263505, 2172694.217953910585493 ], [ 3755815.983209024183452, 2172691.156635052990168 ], [ 3755811.990710274782032, 2172688.166727766394615 ], [ 3755808.028213552199304, 2172685.138736090157181 ], [ 3755804.431075983680785, 2172681.690433023963124 ], [ 3755801.34813499590382, 2172677.786338476464152 ], [ 3755799.815187849104404, 2172673.080155924893916 ], [ 3755799.143261327408254, 2172668.140771008096635 ], [ 3755798.686406971421093, 2172663.173440895043314 ], [ 3755798.962553256656975, 2172658.208573519717902 ], [ 3755799.861207010224462, 2172653.292162526864558 ], [ 3755801.067870542872697, 2172648.44292878638953 ], [ 3755802.8240568311885, 2172643.756423876620829 ], [ 3755804.717028237413615, 2172639.121655986644328 ], [ 3755806.824493599124253, 2172634.57943218247965 ], [ 3755809.382043849676847, 2172630.27020483603701 ], [ 3755811.819575871806592, 2172625.892377210315317 ], [ 3755814.191123208031058, 2172621.478664264082909 ], [ 3755816.784335939679295, 2172617.188554394058883 ], [ 3755818.833480853587389, 2172612.633768736384809 ], [ 3755819.549740816932172, 2172607.692174820695072 ], [ 3755820.026430348400027, 2172602.7206996595487 ], [ 3755820.457556680776179, 2172597.745541482232511 ], [ 3755821.175157781224698, 2172592.80090707493946 ], [ 3755821.524823286570609, 2172587.821829296648502 ], [ 3755821.435410928912461, 2172582.834223305340856 ], [ 3755820.719353654887527, 2172577.902007253840566 ], [ 3755819.326339656952769, 2172573.121515647973865 ], [ 3755817.403450191020966, 2172568.527073564007878 ], [ 3755814.578011675737798, 2172564.449118916410953 ], [ 3755810.430993262678385, 2172561.691274804994464 ], [ 3755806.261953559238464, 2172558.958010826725513 ], [ 3755800.861255171708763, 2172554.785287534818053 ], [ 3755797.661464390810579, 2172550.966113026253879 ], [ 3755795.142150870058686, 2172546.694608205463737 ], [ 3755794.11313663283363, 2172541.835967553779483 ], [ 3755794.354925359599292, 2172536.855001135729253 ], [ 3755795.206069232430309, 2172531.931507882196456 ], [ 3755796.729835663922131, 2172527.170228890143335 ], [ 3755798.131538091693074, 2172522.371414129156619 ], [ 3755799.262203926220536, 2172517.500948825851083 ], [ 3755800.139699961990118, 2172512.581985748838633 ], [ 3755800.48140326095745, 2172507.60119945788756 ], [ 3755800.932545336894691, 2172502.62889692094177 ], [ 3755801.586608756799251, 2172497.675784925464541 ], [ 3755802.218116696923971, 2172492.720341015607119 ], [ 3755802.687778491526842, 2172487.747913031838834 ], [ 3755802.862497687339783, 2172482.759855547454208 ], [ 3755802.869177250191569, 2172477.768728989642113 ], [ 3755802.807417943608016, 2172472.778490474913269 ], [ 3755802.673349274322391, 2172467.790280786342919 ], [ 3755802.375828017480671, 2172462.81063887802884 ], [ 3755801.885973227676004, 2172457.847139312885702 ], [ 3755801.652542658615857, 2172452.864101928658783 ], [ 3755801.678824475966394, 2172447.873276769649237 ], [ 3755801.872653518803418, 2172442.88560244999826 ], [ 3755801.713292275089771, 2172437.904579841531813 ], [ 3755801.186883663758636, 2172432.944982372689992 ], [ 3755800.575023033190519, 2172427.995218688156456 ], [ 3755799.792337687686086, 2172421.627039382699877 ], [ 3755796.285878176335245, 2172416.382389043923467 ], [ 3755788.056913489475846, 2172416.356391817331314 ], [ 3755780.736258666496724, 2172414.612656265497208 ], [ 3755768.959863391704857, 2172409.917170803528279 ], [ 3755762.431520106270909, 2172405.93558825366199 ], [ 3755753.087647800333798, 2172399.911534409038723 ], [ 3755746.481482394505292, 2172396.889082809444517 ], [ 3755738.580593737307936, 2172392.524194276891649 ], [ 3755731.906732179690152, 2172390.810312664601952 ], [ 3755730.496966728009284, 2172390.713815800845623 ], [ 3755715.343644864857197, 2172189.878195974975824 ], [ 3755732.269069945439696, 2172172.885423045605421 ], [ 3755736.173234973102808, 2172142.464147279504687 ], [ 3755733.58441807422787, 2172112.64692197041586 ], [ 3755724.502698255237192, 2172083.433624073397368 ], [ 3755678.870550964493304, 2172027.56261944398284 ], [ 3755666.792381680104882, 2171998.628113535232842 ], [ 3755663.612705948762596, 2171938.80781775759533 ], [ 3755673.510018320288509, 2171907.828984347172081 ], [ 3755688.9990194872953, 2171894.865867333486676 ], [ 3755781.012637987267226, 2171910.85370011581108 ], [ 3755811.23798477742821, 2171911.04756288882345 ], [ 3755840.816257455851883, 2171903.787291663698852 ], [ 3755848.381787778809667, 2171894.777465766761452 ], [ 3755852.881470920518041, 2171898.120156161021441 ], [ 3755855.658099457621574, 2171900.542812291067094 ], [ 3755861.536938684526831, 2171904.719076627399772 ], [ 3755864.939167296513915, 2171907.685160121880472 ], [ 3755866.741527969017625, 2171904.09107790607959 ], [ 3755867.113736831117421, 2171903.274519653990865 ], [ 3755867.422945778816938, 2171902.544595517218113 ], [ 3755868.086072676815093, 2171900.559147496242076 ], [ 3755868.232648897450417, 2171899.112781244330108 ], [ 3755868.218896103557199, 2171898.723341297823936 ], [ 3755868.17595750046894, 2171898.346563122235239 ], [ 3755867.827584474813193, 2171896.996366667561233 ], [ 3755867.120957144070417, 2171895.589173612184823 ], [ 3755866.853688772767782, 2171895.173252718523145 ], [ 3755866.55294416565448, 2171894.730300265364349 ], [ 3755865.237443568650633, 2171893.029297388158739 ], [ 3755864.021873578894883, 2171891.208279843907803 ], [ 3755863.78573311958462, 2171890.68941068276763 ], [ 3755863.609265103936195, 2171890.164851010777056 ], [ 3755863.332007213961333, 2171888.246828012168407 ], [ 3755863.051400071941316, 2171886.05885122762993 ], [ 3755862.860898095648736, 2171885.374802028294653 ], [ 3755862.627673427574337, 2171884.655269169714302 ], [ 3755861.36875306814909, 2171881.756545269396156 ], [ 3755860.141381068155169, 2171878.985413256566972 ], [ 3755859.924847603775561, 2171878.344032948836684 ], [ 3755859.762770938687027, 2171877.757764867506921 ], [ 3755859.605439919512719, 2171876.05927752237767 ], [ 3755859.386763597372919, 2171874.236288980115205 ], [ 3755859.17652862239629, 2171873.554278583265841 ], [ 3755858.909600763581693, 2171872.79737462894991 ], [ 3755857.410263853147626, 2171869.450302918441594 ], [ 3755855.900135132484138, 2171865.623538647312671 ], [ 3755855.627098804339767, 2171864.566608767490834 ], [ 3755855.403982711024582, 2171863.505089725367725 ], [ 3755855.145388837903738, 2171859.711818458978087 ], [ 3755855.053414152003825, 2171855.75290003977716 ], [ 3755854.96307666040957, 2171854.598904445301741 ], [ 3755854.820433876477182, 2171853.419868031982332 ], [ 3755854.070661309175193, 2171848.960903706494719 ], [ 3755853.370603751391172, 2171844.837908070534468 ], [ 3755853.277646767906845, 2171843.884527446236461 ], [ 3755853.220892575569451, 2171842.998229836113751 ], [ 3755853.363883479498327, 2171840.470031611155719 ], [ 3755853.775726180523634, 2171838.718469267245382 ], [ 3755853.881859270855784, 2171838.317861769348383 ], [ 3755853.982565161772072, 2171837.967815628740937 ], [ 3755854.322564076632261, 2171837.014405770692974 ], [ 3755855.170733616687357, 2171834.721249602269381 ], [ 3755855.581083049997687, 2171833.530689430423081 ], [ 3755856.080260657705367, 2171832.091777321882546 ], [ 3755858.522870083339512, 2171824.850777112878859 ], [ 3755860.895510662347078, 2171817.616961743682623 ], [ 3755861.343358478043228, 2171816.162318995688111 ], [ 3755861.702553360722959, 2171814.966678457800299 ], [ 3755862.245036566630006, 2171812.63175174407661 ], [ 3755862.219764702953398, 2171811.992945772130042 ], [ 3755862.218569926917553, 2171811.862574720289558 ], [ 3755862.208229256328195, 2171811.743481353856623 ], [ 3755862.212512454017997, 2171811.442551320418715 ], [ 3755862.26152073405683, 2171811.197327751666307 ], [ 3755862.284509114921093, 2171811.115163351409137 ], [ 3755862.315850253216922, 2171811.01228087162599 ], [ 3755862.481080984696746, 2171810.596003137528896 ], [ 3755862.736082586925477, 2171809.820800052955747 ], [ 3755862.82922412129119, 2171809.501517887227237 ], [ 3755862.928762861527503, 2171809.141589401755482 ], [ 3755863.357557824347168, 2171807.468540768139064 ], [ 3755863.763449871912599, 2171805.767425657249987 ], [ 3755863.85167571157217, 2171805.388605301268399 ], [ 3755863.922013015020639, 2171805.041240386199206 ], [ 3755864.064909311942756, 2171804.13639036891982 ], [ 3755863.902159401215613, 2171802.839264255948365 ], [ 3755863.780500974971801, 2171802.249165308661759 ], [ 3755863.630132004152983, 2171801.562037489842623 ], [ 3755862.798021440859884, 2171798.242672556545585 ], [ 3755861.566089758649468, 2171794.720319053158164 ], [ 3755861.171187285799533, 2171793.885544614866376 ], [ 3755860.742693518754095, 2171793.123597464989871 ], [ 3755858.971677355468273, 2171790.93388663418591 ], [ 3755857.268698889296502, 2171789.409189531113952 ], [ 3755856.886938046198338, 2171789.073970544151962 ], [ 3755856.538620579056442, 2171788.775762456469238 ], [ 3755855.596203120891005, 2171788.01175586739555 ], [ 3755854.906046144198626, 2171787.484695452265441 ], [ 3755854.721543656196445, 2171787.331702363677323 ], [ 3755854.536403578706086, 2171787.168336561881006 ], [ 3755853.90100338216871, 2171786.576047509443015 ], [ 3755853.253468241542578, 2171785.845113320741802 ], [ 3755853.071042979601771, 2171785.601408602669835 ], [ 3755852.887202619574964, 2171785.337988954503089 ], [ 3755852.179516643285751, 2171784.261520304717124 ], [ 3755851.39597353618592, 2171783.352585497312248 ], [ 3755851.16046651173383, 2171783.194184554275125 ], [ 3755850.918479165993631, 2171783.076544337905943 ], [ 3755849.946773833595216, 2171783.016539802309126 ], [ 3755849.062168732751161, 2171782.918222434818745 ], [ 3755848.858575640711933, 2171782.777035527396947 ], [ 3755848.671526887454093, 2171782.594036014284939 ], [ 3755848.174737679772079, 2171781.507943398784846 ], [ 3755846.907112824264914, 2171779.552029912360013 ], [ 3755846.237810894381255, 2171778.802715349011123 ], [ 3755845.440357809420675, 2171777.964879810810089 ], [ 3755837.339101966004819, 2171770.482869452796876 ], [ 3755836.531371844932437, 2171769.646020065993071 ], [ 3755835.86116249486804, 2171768.88718312419951 ], [ 3755834.571362162940204, 2171766.902680266648531 ], [ 3755834.045837830286473, 2171765.488953624852002 ], [ 3755833.860834117047489, 2171765.095359228085726 ], [ 3755833.656542363576591, 2171764.713603507261723 ], [ 3755832.762007741257548, 2171763.343986183870584 ], [ 3755831.865844999440014, 2171761.954588226042688 ], [ 3755831.660682023502886, 2171761.562901224941015 ], [ 3755831.485721751116216, 2171761.168762067798525 ], [ 3755830.97579256631434, 2171759.7028006343171 ], [ 3755830.614040137734264, 2171757.7426702757366 ], [ 3755830.523018393199891, 2171757.039528627414256 ], [ 3755830.435743964277208, 2171756.266355786472559 ], [ 3755830.130713052116334, 2171752.868101033847779 ], [ 3755830.041611656546593, 2171749.409726089797914 ], [ 3755830.090964631177485, 2171748.583540667779744 ], [ 3755830.176275976933539, 2171747.824176236521453 ], [ 3755830.728263279423118, 2171745.598608365748078 ], [ 3755831.19505098182708, 2171743.671571428887546 ], [ 3755831.226654561236501, 2171743.10752842342481 ], [ 3755831.19646392064169, 2171742.529476427473128 ], [ 3755830.753461228683591, 2171740.326116997748613 ], [ 3755830.527406232431531, 2171737.491639322601259 ], [ 3755830.644804427400231, 2171736.518851554021239 ], [ 3755830.844567538239062, 2171735.458257768303156 ], [ 3755832.24634330580011, 2171730.959218685515225 ], [ 3755833.569303796626627, 2171725.435864431317896 ], [ 3755833.733914312906563, 2171723.737386216875166 ], [ 3755833.791600169613957, 2171721.968554062303156 ], [ 3755833.284300975501537, 2171714.962204854935408 ], [ 3755832.185390008147806, 2171708.451677092816681 ], [ 3755831.887883772142231, 2171706.996494281571358 ], [ 3755831.583499769680202, 2171705.692253630142659 ], [ 3755830.526264389976859, 2171702.213485258631408 ], [ 3755829.682212335523218, 2171700.148266255389899 ], [ 3755829.51432864787057, 2171699.722839296795428 ], [ 3755829.382501968648285, 2171699.364217082969844 ], [ 3755829.147998293861747, 2171698.634719915222377 ], [ 3755829.015390222892165, 2171698.035643439274281 ], [ 3755828.941387362778187, 2171697.762206317856908 ], [ 3755828.853788705077022, 2171697.449801445938647 ], [ 3755828.410388685297221, 2171695.937831297516823 ], [ 3755828.408109069801867, 2171694.635653805918992 ], [ 3755828.594115463085473, 2171694.458152155857533 ], [ 3755828.866939114406705, 2171694.352601128164679 ], [ 3755830.540239368099719, 2171694.60794076230377 ], [ 3755832.937215856742114, 2171695.306242315098643 ], [ 3755833.667140631005168, 2171695.479081677272916 ], [ 3755834.426188814453781, 2171695.638866668567061 ], [ 3755837.40843506436795, 2171696.12297058198601 ], [ 3755840.099460563622415, 2171696.614201565738767 ], [ 3755840.666686850599945, 2171696.77170595806092 ], [ 3755841.164555828552693, 2171696.93578940955922 ], [ 3755842.362250222358853, 2171697.625946945045143 ], [ 3755843.20059989951551, 2171698.349656095262617 ], [ 3755843.478529780171812, 2171698.534019340295345 ], [ 3755843.775813602842391, 2171698.716507000848651 ], [ 3755845.008614824619144, 2171699.343360336497426 ], [ 3755846.272194638382643, 2171700.097428352106363 ], [ 3755846.587986452504992, 2171700.368851569946855 ], [ 3755846.884987172670662, 2171700.661602568812668 ], [ 3755847.859910322353244, 2171701.913817306980491 ], [ 3755850.761397547088563, 2171703.206909177824855 ], [ 3755852.288618988357484, 2171703.515708824619651 ], [ 3755854.12712159845978, 2171703.815490416251123 ], [ 3755863.34975577192381, 2171704.730854131747037 ], [ 3755874.175253859255463, 2171705.667733045760542 ], [ 3755877.011572861578315, 2171705.97516768053174 ], [ 3755879.78024910390377, 2171706.318417976610363 ], [ 3755889.214582096319646, 2171707.705395790748298 ], [ 3755890.698742361273617, 2171707.977861300576478 ], [ 3755896.744075948838145, 2171709.068976759444922 ], [ 3755898.302276897244155, 2171709.38466732762754 ], [ 3755899.637017725966871, 2171709.681321427226067 ], [ 3755902.588650247082114, 2171710.509074504952878 ], [ 3755903.987542861141264, 2171711.080283106304705 ], [ 3755904.34112504683435, 2171711.207867085002363 ], [ 3755904.68390693096444, 2171711.326146465726197 ], [ 3755905.829553969204426, 2171711.650395550765097 ], [ 3755910.315181438811123, 2171713.327346762642264 ], [ 3755912.76607775175944, 2171714.301485129632056 ], [ 3755915.739912525285035, 2171715.497943347319961 ], [ 3755930.873986970633268, 2171721.644477646797895 ], [ 3755945.826397160533816, 2171727.778093791101128 ], [ 3755948.698222104460001, 2171728.963736590929329 ], [ 3755951.017820649780333, 2171729.930167029611766 ], [ 3755954.77614760491997, 2171731.584463092964143 ], [ 3755954.921498554293066, 2171731.751153552904725 ], [ 3755954.944976548664272, 2171731.789200072642416 ], [ 3755954.977366800419986, 2171731.816410394851118 ], [ 3755955.033484326675534, 2171731.881323974113911 ], [ 3755955.538572566118091, 2171732.595604805275798 ], [ 3755955.849098820239305, 2171733.037652326282114 ], [ 3755956.228517427574843, 2171733.583514743484557 ], [ 3755958.218067141715437, 2171736.434222514275461 ], [ 3755960.276147288270295, 2171739.378830821719021 ], [ 3755960.711995240300894, 2171739.989656232297421 ], [ 3755961.078689328860492, 2171740.506482188589871 ], [ 3755961.919050563126802, 2171741.600607011467218 ], [ 3755963.722611881792545, 2171744.04770747339353 ], [ 3755964.706608814187348, 2171745.409148462116718 ], [ 3755965.897301669232547, 2171747.061780997551978 ], [ 3755971.938301803544164, 2171755.517268555238843 ], [ 3755978.329594172071666, 2171764.300560713279992 ], [ 3755979.729859471786767, 2171766.164422302506864 ], [ 3755980.9778245203197, 2171767.781636288389564 ], [ 3755984.176702512893826, 2171771.571948987431824 ], [ 3755986.132744167465717, 2171773.804651466198266 ], [ 3755986.61183478217572, 2171774.451680898666382 ], [ 3755987.050923637114465, 2171775.101969160605222 ], [ 3755988.378842655569315, 2171777.523380034603179 ], [ 3755989.630190384574234, 2171779.871657766401768 ], [ 3755990.014836736023426, 2171780.477107564918697 ], [ 3755990.418112924788147, 2171781.060853183269501 ], [ 3755992.025049824733287, 2171782.985301593784243 ], [ 3755993.523289893753827, 2171784.589534277562052 ], [ 3755993.858599206898361, 2171784.968969248235226 ], [ 3755994.151075013447553, 2171785.322408912237734 ], [ 3755994.937803004402667, 2171786.381233538035303 ], [ 3755995.357767922338098, 2171787.504651264753193 ], [ 3755995.432638255879283, 2171787.908311123028398 ], [ 3755995.48170559713617, 2171788.354803511872888 ], [ 3755995.496450561564416, 2171790.266861157957464 ], [ 3755995.49683831166476, 2171792.701737819239497 ], [ 3755995.53305639186874, 2171793.469811895862222 ], [ 3755995.583938988856971, 2171794.286752428859472 ], [ 3755995.898362862411886, 2171797.563868302851915 ], [ 3755996.522917438298464, 2171800.812006450723857 ], [ 3755996.762566216755658, 2171801.601204537320882 ], [ 3755997.028818352147937, 2171802.348143587820232 ], [ 3755998.26633760612458, 2171804.657894910313189 ], [ 3755999.587282561697066, 2171806.649057295173407 ], [ 3755999.906868114601821, 2171807.200233326293528 ], [ 3756000.206803623121232, 2171807.753333661239594 ], [ 3756001.163752325344831, 2171809.728439716622233 ], [ 3756002.331984518095851, 2171811.934441101271659 ], [ 3756002.77516507729888, 2171812.6346306335181 ], [ 3756003.262247831560671, 2171813.370714214630425 ], [ 3756005.470832895021886, 2171816.31130551174283 ], [ 3756008.31355909537524, 2171819.59373576566577 ], [ 3756009.210537324659526, 2171820.532459906768054 ], [ 3756010.160381829366088, 2171821.495931123849005 ], [ 3756013.96471045864746, 2171825.069631293881685 ], [ 3756017.282856426201761, 2171828.027491728775203 ], [ 3756017.915314617101103, 2171828.589839394204319 ], [ 3756018.419031110592186, 2171829.053587862756103 ], [ 3756019.239736443385482, 2171829.809013878926635 ], [ 3756019.253202337771654, 2171829.847801465541124 ], [ 3756019.254089205991477, 2171829.857830889523029 ], [ 3756019.264743929728866, 2171829.866857207380235 ], [ 3756019.288388160988688, 2171829.904674857854843 ], [ 3756020.172369101084769, 2171830.57392564509064 ], [ 3756020.730442424770445, 2171830.973116030916572 ], [ 3756021.408039997797459, 2171831.470911419950426 ], [ 3756024.97649126406759, 2171834.064583414699882 ], [ 3756028.649990773759782, 2171836.828858626075089 ], [ 3756029.407873420976102, 2171837.439675956964493 ], [ 3756030.048093633260578, 2171837.971227421425283 ], [ 3756031.41448947135359, 2171839.326855921652168 ], [ 3756032.565486036241055, 2171840.522486767731607 ], [ 3756033.075547883752733, 2171840.945899781771004 ], [ 3756033.660604840610176, 2171841.422354532871395 ], [ 3756036.46944263856858, 2171843.505736636929214 ], [ 3756039.333739823661745, 2171845.644166684243828 ], [ 3756039.962272857315838, 2171846.156384100671858 ], [ 3756040.517615774646401, 2171846.635814992710948 ], [ 3756041.898970770183951, 2171848.050436762161553 ], [ 3756043.072558550164104, 2171849.274084601085633 ], [ 3756043.495688833296299, 2171849.625465111806989 ], [ 3756043.959567110985518, 2171849.982732616364956 ], [ 3756045.978840868920088, 2171851.31795528717339 ], [ 3756048.15280023869127, 2171852.929455312900245 ], [ 3756048.712270735763013, 2171853.458378582727164 ], [ 3756049.254983908496797, 2171854.029048633296043 ], [ 3756051.061886660754681, 2171856.395907583646476 ], [ 3756052.715823033824563, 2171858.746837175451219 ], [ 3756053.166996862739325, 2171859.306277945637703 ], [ 3756053.615002433769405, 2171859.825437848456204 ], [ 3756055.186728714499623, 2171861.34272093186155 ], [ 3756056.790803394280374, 2171862.886314490810037 ], [ 3756057.249624907039106, 2171863.414877142757177 ], [ 3756057.731747653335333, 2171863.981011654250324 ], [ 3756059.533434935845435, 2171866.408672971650958 ], [ 3756061.245247316546738, 2171868.844476617872715 ], [ 3756061.678155038971454, 2171869.425360184162855 ], [ 3756062.077127412892878, 2171869.95913845859468 ], [ 3756063.352766240015626, 2171871.54399113310501 ], [ 3756064.638898612465709, 2171873.137493647169322 ], [ 3756065.058304219506681, 2171873.679998576641083 ], [ 3756065.491819888819009, 2171874.260882823728025 ], [ 3756067.276755140163004, 2171876.729685476049781 ], [ 3756068.947381897829473, 2171879.039080596528947 ], [ 3756069.322793171741068, 2171879.53492677398026 ], [ 3756069.641262438613921, 2171879.956222716253251 ], [ 3756070.46189446374774, 2171880.942269104532897 ], [ 3756071.237587401643395, 2171882.102346149273217 ], [ 3756071.52626076946035, 2171882.646419200580567 ], [ 3756071.852681919932365, 2171883.27747014677152 ], [ 3756073.317031504586339, 2171886.337222095113248 ], [ 3756074.715426743496209, 2171889.343451854772866 ], [ 3756074.98911820538342, 2171889.939154874067754 ], [ 3756075.223515241872519, 2171890.438160644844174 ], [ 3756075.695134932175279, 2171891.346345082856715 ], [ 3756076.010033911094069, 2171892.419352707453072 ], [ 3756076.140573719982058, 2171892.998417839407921 ], [ 3756076.303506603930146, 2171893.714204166550189 ], [ 3756077.059629158582538, 2171897.32120726397261 ], [ 3756078.085125673096627, 2171901.363732004538178 ], [ 3756078.421322423964739, 2171902.334402228239924 ], [ 3756078.773093438707292, 2171903.253344983793795 ], [ 3756080.225311119109392, 2171906.064335799310356 ], [ 3756081.558932384010404, 2171907.623324576765299 ], [ 3756081.842585438862443, 2171907.757077700458467 ], [ 3756082.084605789277703, 2171907.764798214193434 ], [ 3756082.645203582011163, 2171906.680686263367534 ], [ 3756083.2967314501293, 2171904.906910262070596 ], [ 3756083.590924764983356, 2171904.468401696532965 ], [ 3756083.947513549588621, 2171904.054683828726411 ], [ 3756085.625639748293906, 2171902.736174957826734 ], [ 3756087.247313796076924, 2171901.463326588273048 ], [ 3756087.555709401611239, 2171901.073962105903774 ], [ 3756087.802726392634213, 2171900.670016458258033 ], [ 3756088.176694398280233, 2171899.062414383515716 ], [ 3756091.543054224457592, 2171898.288549972232431 ], [ 3756093.678483651950955, 2171898.410206027328968 ], [ 3756096.328500549308956, 2171898.664783572312444 ], [ 3756110.258425066713244, 2171900.795871478039771 ], [ 3756125.144872139208019, 2171903.158317522611469 ], [ 3756128.411691770888865, 2171903.555390574969351 ], [ 3756131.297970050014555, 2171903.858533219434321 ], [ 3756138.63204141240567, 2171904.017717421986163 ], [ 3756145.475458923261613, 2171903.511325081344694 ], [ 3756148.053056079894304, 2171903.391662435606122 ], [ 3756150.932886119931936, 2171903.274243788328022 ], [ 3756163.800404433626682, 2171902.908902147784829 ], [ 3756176.219243313185871, 2171902.715331569314003 ], [ 3756178.816170834936202, 2171902.704417950939387 ], [ 3756181.042083530221134, 2171902.707819238770753 ], [ 3756186.03243963746354, 2171902.894883245695382 ], [ 3756190.683284315280616, 2171902.53223817050457 ], [ 3756192.688179132994264, 2171902.19582816818729 ], [ 3756195.005674076266587, 2171901.749840476550162 ], [ 3756205.979906488209963, 2171899.296024235896766 ], [ 3756216.803962896578014, 2171896.275344751309603 ], [ 3756219.031525089405477, 2171895.487014047801495 ], [ 3756220.927616915665567, 2171894.709411502815783 ], [ 3756224.975547189824283, 2171892.038666115142405 ], [ 3756226.442817046307027, 2171889.227050952147692 ], [ 3756226.710202948190272, 2171888.360352064017206 ], [ 3756226.913066787645221, 2171887.449768400285393 ], [ 3756227.131002698093653, 2171883.812528035603464 ], [ 3756227.007293552625924, 2171880.647898736409843 ], [ 3756226.983878590166569, 2171880.029040317051113 ], [ 3756226.980291583109647, 2171879.528418540488929 ], [ 3756227.033561646007001, 2171878.631372661795467 ], [ 3756227.152231238316745, 2171878.490342484321445 ], [ 3756227.22694955393672, 2171878.423239641357213 ], [ 3756227.400948491413146, 2171878.337077321484685 ], [ 3756227.581543150823563, 2171878.329922685399652 ], [ 3756227.632857703603804, 2171878.34555580560118 ], [ 3756227.685557682532817, 2171878.370531799737364 ], [ 3756227.861852424684912, 2171878.54452119441703 ], [ 3756228.2394337374717, 2171878.950245027896017 ], [ 3756228.414955948013812, 2171879.114286946132779 ], [ 3756228.612658811733127, 2171879.306312717497349 ], [ 3756229.596227737143636, 2171880.196531705092639 ], [ 3756231.100400236435235, 2171880.126896853558719 ], [ 3756231.649090641178191, 2171879.715315448585898 ], [ 3756232.241526553407311, 2171879.119019838050008 ], [ 3756234.811933909542859, 2171875.553515948355198 ], [ 3756237.207925537601113, 2171871.60365828499198 ], [ 3756237.690169130451977, 2171870.77705808263272 ], [ 3756238.090736178681254, 2171870.058500587008893 ], [ 3756238.864268669858575, 2171868.413555411621928 ], [ 3756239.418467123061419, 2171866.909181347116828 ], [ 3756239.676571437157691, 2171866.283987814094871 ], [ 3756239.965491998940706, 2171865.555797415785491 ], [ 3756241.414643959607929, 2171862.18470105342567 ], [ 3756242.900769813917577, 2171858.419546728022397 ], [ 3756243.220034329686314, 2171857.458071923349053 ], [ 3756243.501578568480909, 2171856.530107207596302 ], [ 3756244.190341426525265, 2171853.440209557302296 ], [ 3756244.724207725375891, 2171850.545057851821184 ], [ 3756244.914951809681952, 2171849.72573070274666 ], [ 3756245.116433699149638, 2171848.915315463673323 ], [ 3756245.985637258738279, 2171845.938882188871503 ], [ 3756246.960002019070089, 2171842.662045598961413 ], [ 3756247.235972746275365, 2171841.664677694439888 ], [ 3756247.507457346655428, 2171840.617473597172648 ], [ 3756248.498125142417848, 2171836.487556750420481 ], [ 3756249.448962090536952, 2171832.591780818533152 ], [ 3756249.693508823402226, 2171831.697409186046571 ], [ 3756249.935013331472874, 2171830.883228384424001 ], [ 3756250.742404862772673, 2171828.584008692763746 ], [ 3756251.282942862715572, 2171826.459676660597324 ], [ 3756251.36233298573643, 2171825.750959483906627 ], [ 3756251.406636145431548, 2171824.985352741088718 ], [ 3756251.28125657280907, 2171821.800650945398957 ], [ 3756250.723211527336389, 2171818.155619382858276 ], [ 3756250.491595725528896, 2171817.115150602068752 ], [ 3756250.218003744725138, 2171816.0483438950032 ], [ 3756248.957597378641367, 2171812.087912500835955 ], [ 3756247.957973640412092, 2171808.223189241718501 ], [ 3756247.860595711506903, 2171807.220370629802346 ], [ 3756247.847815924324095, 2171806.259644027333707 ], [ 3756248.40321857528761, 2171803.031913672108203 ], [ 3756249.169980638660491, 2171800.26537160994485 ], [ 3756249.272014124784619, 2171799.584360876120627 ], [ 3756249.326590678654611, 2171798.93805958237499 ], [ 3756249.153208723291755, 2171796.940692261327058 ], [ 3756249.119970660191029, 2171795.049920877907425 ], [ 3756249.271475065499544, 2171794.474812990054488 ], [ 3756249.492171905934811, 2171793.88317969860509 ], [ 3756250.843003992922604, 2171791.583080356009305 ], [ 3756252.40423112269491, 2171789.384161020163447 ], [ 3756252.741505823098123, 2171788.861796997021884 ], [ 3756253.05164897069335, 2171788.37200629664585 ], [ 3756253.831606634892523, 2171786.917021312285215 ], [ 3756254.751287862192839, 2171785.218407657928765 ], [ 3756255.148041606880724, 2171784.570094813127071 ], [ 3756255.59989507496357, 2171783.856799920555204 ], [ 3756257.736292827874422, 2171780.632228929083794 ], [ 3756259.847723659593612, 2171777.580516799353063 ], [ 3756260.277345632668585, 2171776.959235069341958 ], [ 3756260.645647435449064, 2171776.444056023843586 ], [ 3756261.420809817500412, 2171775.40009845700115 ], [ 3756262.572396115399897, 2171774.401284039951861 ], [ 3756263.175071865785867, 2171773.914529100526124 ], [ 3756263.899988957680762, 2171773.335925225634128 ], [ 3756267.518220705911517, 2171770.474276409484446 ], [ 3756271.158715495839715, 2171767.520811598282307 ], [ 3756271.888744859956205, 2171766.882027291227132 ], [ 3756272.505401641130447, 2171766.333531603682786 ], [ 3756273.737225484102964, 2171764.976357201579958 ], [ 3756274.621656532399356, 2171763.681996605359018 ], [ 3756275.019984256941825, 2171763.163891350384802 ], [ 3756275.492568164132535, 2171762.578961150255054 ], [ 3756277.724979125894606, 2171759.876273126807064 ], [ 3756280.18932118313387, 2171756.832069640047848 ], [ 3756280.804767338559031, 2171756.033419903367758 ], [ 3756281.390125260688365, 2171755.237304031848907 ], [ 3756283.250448347534984, 2171752.539636732079089 ], [ 3756285.062235123012215, 2171749.394989035092294 ], [ 3756285.624972809106112, 2171748.340858237352222 ], [ 3756286.20002879248932, 2171747.195439336821437 ], [ 3756288.488579486031085, 2171742.353242221288383 ], [ 3756290.774460986256599, 2171737.601854157634079 ], [ 3756291.354216351173818, 2171736.506337428465486 ], [ 3756291.912252609618008, 2171735.512420863844454 ], [ 3756293.713239795994014, 2171732.70987186441198 ], [ 3756295.161768473684788, 2171730.721325400285423 ], [ 3756295.491692288313061, 2171730.229791692458093 ], [ 3756295.794203979894519, 2171729.770978128537536 ], [ 3756296.605817591771483, 2171728.332850052975118 ], [ 3756297.707617630716413, 2171726.757603545673192 ], [ 3756298.183278020471334, 2171726.202190214302391 ], [ 3756298.734968317206949, 2171725.600010827183723 ], [ 3756301.350033913273364, 2171723.012168908026069 ], [ 3756304.02509498829022, 2171720.53907635807991 ], [ 3756304.613879507407546, 2171720.013404045719653 ], [ 3756305.138698833994567, 2171719.563844227232039 ], [ 3756306.475205251947045, 2171718.487652593757957 ], [ 3756308.003934510052204, 2171717.654358764644712 ], [ 3756308.641350338701159, 2171717.34454040415585 ], [ 3756309.367641475051641, 2171717.006293406710029 ], [ 3756312.78241818677634, 2171715.516243538819253 ], [ 3756316.389579095877707, 2171713.798380762338638 ], [ 3756317.243042164482176, 2171713.30823538498953 ], [ 3756318.026690863538533, 2171712.824340781662613 ], [ 3756320.33853931678459, 2171711.036555808968842 ], [ 3756322.807693613227457, 2171708.973033310379833 ], [ 3756323.696349390316755, 2171708.309354669414461 ], [ 3756324.672811846248806, 2171707.607348760589957 ], [ 3756328.946454888675362, 2171704.755218527279794 ], [ 3756332.973039483651519, 2171702.076329444535077 ], [ 3756333.807385223452002, 2171701.477503025438637 ], [ 3756334.506617842242122, 2171700.9513861075975 ], [ 3756336.008695195429027, 2171699.579460431355983 ], [ 3756337.58535003149882, 2171698.019863151945174 ], [ 3756338.325361256022006, 2171697.380144111346453 ], [ 3756339.208230528980494, 2171696.646997125819325 ], [ 3756343.514469914138317, 2171693.240239437669516 ], [ 3756347.705368536524475, 2171690.015168818179518 ], [ 3756348.497882276307791, 2171689.400458804797381 ], [ 3756349.148869885131717, 2171688.899005938321352 ], [ 3756350.198126997798681, 2171688.110167159233242 ], [ 3756350.471911219879985, 2171687.784029487054795 ], [ 3756350.625428384169936, 2171687.579336795955896 ], [ 3756350.815171250142157, 2171687.331104229204357 ], [ 3756351.808767551090568, 2171686.016768203116953 ], [ 3756352.792273650877178, 2171684.70268237311393 ], [ 3756352.982115250080824, 2171684.454433595761657 ], [ 3756353.135533715132624, 2171684.249757175333798 ], [ 3756353.388500617351383, 2171683.91566123533994 ], [ 3756353.449288382660598, 2171683.92016468802467 ], [ 3756353.47998790582642, 2171683.927201909944415 ], [ 3756353.521685094106942, 2171683.943511253222823 ], [ 3756353.700974599923939, 2171684.037015835754573 ], [ 3756354.527970242779702, 2171684.861929304432124 ], [ 3756354.982333371881396, 2171685.340852536261082 ], [ 3756355.525981198064983, 2171685.921241862699389 ], [ 3756358.265612221322954, 2171688.942980704363436 ], [ 3756362.65986713161692, 2171694.555608674418181 ], [ 3756364.242972242645919, 2171696.782990019768476 ], [ 3756365.981502613052726, 2171699.296399252489209 ], [ 3756373.605309970211238, 2171710.79060343047604 ], [ 3756380.678788812365383, 2171721.865501611493528 ], [ 3756382.082767022773623, 2171724.119440331123769 ], [ 3756383.254172402899712, 2171726.014413590542972 ], [ 3756385.447811160236597, 2171729.93831942928955 ], [ 3756385.99724152777344, 2171732.211493948474526 ], [ 3756386.123246146831661, 2171733.081651523243636 ], [ 3756386.237212979234755, 2171734.042950139380991 ], [ 3756386.563907390460372, 2171738.390967471990734 ], [ 3756386.705251349601895, 2171742.91677872184664 ], [ 3756386.697903498541564, 2171743.989116564858705 ], [ 3756386.673894671257585, 2171744.993674332275987 ], [ 3756386.451099656522274, 2171747.989947544876486 ], [ 3756386.232481794431806, 2171750.925891967024654 ], [ 3756386.214627753943205, 2171751.879366294946522 ], [ 3756386.222750884480774, 2171752.900598721578717 ], [ 3756386.419570027850568, 2171757.140331008471549 ], [ 3756388.024546262342483, 2171761.940785935148597 ], [ 3756388.929582345299423, 2171763.319147643167526 ], [ 3756390.029063596390188, 2171764.730288575403392 ], [ 3756395.631207092665136, 2171769.990090093575418 ], [ 3756401.210366447456181, 2171774.521050965879112 ], [ 3756402.299703867640346, 2171775.471841232851148 ], [ 3756403.176360483281314, 2171776.291805354878306 ], [ 3756404.694811915047467, 2171778.124324825592339 ], [ 3756405.005700416862965, 2171779.037197192199528 ], [ 3756405.137119917199016, 2171779.275493204127997 ], [ 3756405.277747794054449, 2171779.50290440954268 ], [ 3756405.947174625005573, 2171780.252398713957518 ], [ 3756406.696136706508696, 2171780.994344738777727 ], [ 3756406.895778629928827, 2171781.206200616899878 ], [ 3756407.086477080360055, 2171781.428696202579886 ], [ 3756407.723296552430838, 2171782.27120556961745 ], [ 3756409.049392584245652, 2171783.280050022993237 ], [ 3756409.661384689155966, 2171783.603674140293151 ], [ 3756410.386253051925451, 2171783.947206825949252 ], [ 3756413.903634084388614, 2171785.373385145328939 ], [ 3756418.791154941543937, 2171787.393844588194042 ], [ 3756420.384719979017973, 2171788.117082832846791 ], [ 3756422.084223514422774, 2171788.900662251282483 ], [ 3756429.049592801369727, 2171792.350779410451651 ], [ 3756435.604509270749986, 2171796.05945958616212 ], [ 3756437.026203315705061, 2171797.009552831295878 ], [ 3756438.284676623996347, 2171797.934019126929343 ], [ 3756441.432450588792562, 2171801.018146364949644 ], [ 3756444.177719511091709, 2171803.297366498969495 ], [ 3756445.179616076871753, 2171803.70502020418644 ], [ 3756446.285744125954807, 2171804.03305799420923 ], [ 3756451.181748621631414, 2171804.409664453007281 ], [ 3756457.753759920597076, 2171804.599708409048617 ], [ 3756459.925861506257206, 2171804.798458682838827 ], [ 3756462.244826195761561, 2171805.063912100158632 ], [ 3756471.878705454058945, 2171806.542225166689605 ], [ 3756480.801621240563691, 2171808.297225340269506 ], [ 3756482.671234125737101, 2171808.724479951430112 ], [ 3756484.28777790395543, 2171809.135050802957267 ], [ 3756487.962862991727889, 2171810.406423047650605 ], [ 3756490.695106718223542, 2171811.604972654487938 ], [ 3756491.723704854026437, 2171811.970351980999112 ], [ 3756492.864836140535772, 2171812.355394180398434 ], [ 3756497.956723987590522, 2171813.825498069170862 ], [ 3756503.138598808087409, 2171815.517343586776406 ], [ 3756504.341649578418583, 2171816.036866412963718 ], [ 3756505.434666512534022, 2171816.56643798481673 ], [ 3756508.547628258354962, 2171818.671706914901733 ], [ 3756510.498743195552379, 2171820.964555456768721 ], [ 3756510.86892809253186, 2171821.63192376261577 ], [ 3756511.158171159215271, 2171822.296090478543192 ], [ 3756511.587117185816169, 2171824.801362304482609 ], [ 3756511.888906217645854, 2171827.117405188735574 ], [ 3756512.096973035484552, 2171827.65912610059604 ], [ 3756512.372702727094293, 2171828.164525232743472 ], [ 3756513.830817022360861, 2171829.652248206082731 ], [ 3756515.504533466883004, 2171831.069530505686998 ], [ 3756515.917298515327275, 2171831.532127682119608 ], [ 3756516.301780326291919, 2171832.017513677012175 ], [ 3756517.515280244871974, 2171834.048415248282254 ], [ 3756519.154193372, 2171836.340658360160887 ], [ 3756519.806570613756776, 2171837.011656463611871 ], [ 3756520.539634745568037, 2171837.684890648815781 ], [ 3756523.941172793973237, 2171840.213955843355507 ], [ 3756528.201887616887689, 2171842.432674814015627 ], [ 3756529.491462917998433, 2171842.903906050138175 ], [ 3756530.8265863917768, 2171843.320794667117298 ], [ 3756536.019264514092356, 2171844.330627715680748 ], [ 3756541.761213735677302, 2171845.27948459610343 ], [ 3756543.424834238830954, 2171845.655509915202856 ], [ 3756545.133254120126367, 2171846.078162210062146 ], [ 3756551.606071870774031, 2171848.030859088525176 ], [ 3756557.451285581104457, 2171849.941868687048554 ], [ 3756558.753821204416454, 2171850.331579751335084 ], [ 3756559.931619068607688, 2171850.673312030732632 ], [ 3756563.076030877418816, 2171851.402560050599277 ], [ 3756566.137615909799933, 2171852.219889990054071 ], [ 3756567.268666910938919, 2171852.605886131990701 ], [ 3756568.50761678814888, 2171853.071546245831996 ], [ 3756574.019820064306259, 2171855.324182779528201 ], [ 3756579.66097382735461, 2171856.743488110136241 ], [ 3756581.005468824878335, 2171856.68835319345817 ], [ 3756582.241317132487893, 2171856.422808958217502 ], [ 3756585.894694052636623, 2171853.848973335698247 ], [ 3756588.601743590086699, 2171850.701679601334035 ], [ 3756589.242470775265247, 2171850.081022324040532 ], [ 3756589.832305584102869, 2171849.56515390612185 ], [ 3756591.573192589450628, 2171848.621996393427253 ], [ 3756592.638749464415014, 2171848.141882285941392 ], [ 3756592.790637543424964, 2171847.917409913614392 ], [ 3756592.899002969264984, 2171847.656880254857242 ], [ 3756592.780292037408799, 2171846.405411139130592 ], [ 3756592.428422207944095, 2171845.135694060008973 ], [ 3756592.375304630026221, 2171844.870004854165018 ], [ 3756592.345270041376352, 2171844.642427014186978 ], [ 3756592.402638006489724, 2171844.146082905586809 ], [ 3756592.563635743688792, 2171843.910742044914514 ], [ 3756592.599104346241802, 2171843.857353092171252 ], [ 3756592.625018197111785, 2171843.805032840929925 ], [ 3756592.683625780511647, 2171843.669153661467135 ], [ 3756593.402809148654342, 2171842.209774126298726 ], [ 3756593.840659186709672, 2171841.337193332146853 ], [ 3756594.38022818043828, 2171840.245071971323341 ], [ 3756597.203129800967872, 2171834.602087921462953 ], [ 3756600.405690020881593, 2171828.573231598827988 ], [ 3756601.18579228548333, 2171827.238221837207675 ], [ 3756601.918880283366889, 2171826.057836159598082 ], [ 3756604.191265265457332, 2171823.001018861308694 ], [ 3756605.900093141477555, 2171820.878573822323233 ], [ 3756606.291023803409189, 2171820.280892112758011 ], [ 3756606.632476293481886, 2171819.68802841566503 ], [ 3756607.571935329120606, 2171817.516598930116743 ], [ 3756608.956345059908926, 2171815.02330458117649 ], [ 3756609.581541484687477, 2171814.223560187034309 ], [ 3756610.324268825352192, 2171813.383216560352594 ], [ 3756613.885221272241324, 2171809.975817490369081 ], [ 3756617.344871712848544, 2171806.908986852504313 ], [ 3756618.025424259249121, 2171806.284597777295858 ], [ 3756618.583460269495845, 2171805.751598158851266 ], [ 3756619.587766802404076, 2171804.676488609053195 ], [ 3756620.0636723972857, 2171804.011226538103074 ], [ 3756620.292648360598832, 2171803.749184172600508 ], [ 3756620.569273608736694, 2171803.453005666844547 ], [ 3756621.889588443096727, 2171802.077755179721862 ], [ 3756623.781726414803416, 2171799.396735559217632 ], [ 3756624.41862144228071, 2171798.26562912017107 ], [ 3756625.091434562578797, 2171796.970642942935228 ], [ 3756627.928906202316284, 2171790.915639413520694 ], [ 3756630.490285234991461, 2171784.92652442632243 ], [ 3756630.996089674998075, 2171783.676955810748041 ], [ 3756631.416465000715107, 2171782.606064099818468 ], [ 3756632.185407933779061, 2171780.209727283101529 ], [ 3756632.860414301045239, 2171777.662317492999136 ], [ 3756633.211570664774626, 2171776.487463742028922 ], [ 3756633.64599837269634, 2171775.114642948377877 ], [ 3756635.800099562853575, 2171768.491770769003779 ], [ 3756637.871070375666022, 2171761.726525708567351 ], [ 3756638.248873962089419, 2171760.278599317185581 ], [ 3756638.530645561404526, 2171759.00001262081787 ], [ 3756638.855080953799188, 2171755.893836020492017 ], [ 3756638.815284315031022, 2171754.043951119296253 ], [ 3756638.86375679448247, 2171753.55854201875627 ], [ 3756638.944158550351858, 2171753.090445345733315 ], [ 3756639.480363299138844, 2171751.497169023379683 ], [ 3756640.291616517584771, 2171749.939023466780782 ], [ 3756640.544405226130038, 2171749.484769826754928 ], [ 3756640.817585128359497, 2171749.038343190681189 ], [ 3756641.908187605440617, 2171747.334185872226954 ], [ 3756642.589489016216248, 2171745.557148813270032 ], [ 3756642.59650881960988, 2171745.055692374706268 ], [ 3756642.532432785257697, 2171744.550521967001259 ], [ 3756641.636789843905717, 2171742.700236892327666 ], [ 3756640.92120012268424, 2171740.722900210414082 ], [ 3756640.961241314187646, 2171740.138032675720751 ], [ 3756641.110117678530514, 2171739.533038035966456 ], [ 3756642.501119718886912, 2171737.229476548731327 ], [ 3756644.315161399543285, 2171734.926617018412799 ], [ 3756644.725459401495755, 2171734.317589471116662 ], [ 3756645.096673925872892, 2171733.722045965958387 ], [ 3756646.090590808074921, 2171731.715848553925753 ], [ 3756647.875912275165319, 2171729.315258019603789 ], [ 3756648.739365990273654, 2171728.473486032802612 ], [ 3756649.767397129908204, 2171727.556373097002506 ], [ 3756654.813745437189937, 2171723.630311297252774 ], [ 3756659.90507101174444, 2171719.990722862072289 ], [ 3756660.959734505042434, 2171719.261348886415362 ], [ 3756661.85294173611328, 2171718.647301837336272 ], [ 3756663.800724867265671, 2171717.424285954795778 ], [ 3756665.546866219490767, 2171716.891010411083698 ], [ 3756666.316491751465946, 2171716.709248187020421 ], [ 3756667.205986297223717, 2171716.516222164034843 ], [ 3756671.475210602860898, 2171715.698398660868406 ], [ 3756675.780754585750401, 2171714.957310377620161 ], [ 3756676.7054344099015, 2171714.82115776091814 ], [ 3756677.500922497361898, 2171714.707071713637561 ], [ 3756679.409816345199943, 2171714.539617276750505 ], [ 3756680.473940160125494, 2171714.620895026251674 ], [ 3756680.739930655807257, 2171714.666583724319935 ], [ 3756680.995747845154256, 2171714.71263692388311 ], [ 3756681.825979756191373, 2171714.996418583206832 ], [ 3756684.123205744661391, 2171715.824293048121035 ], [ 3756685.304999039974064, 2171716.215341010130942 ], [ 3756686.715259889140725, 2171716.685554656200111 ], [ 3756693.801353213377297, 2171718.971961998846382 ], [ 3756701.493514398112893, 2171721.512952306773514 ], [ 3756703.289764858782291, 2171722.13745642406866 ], [ 3756704.952748173847795, 2171722.734224413521588 ], [ 3756709.745123914442956, 2171724.58276936551556 ], [ 3756714.744487154763192, 2171725.680953212082386 ], [ 3756716.526482949499041, 2171725.795715622603893 ], [ 3756718.493116470519453, 2171725.833246526308358 ], [ 3756727.023764220066369, 2171725.270314805209637 ], [ 3756734.839364379644394, 2171723.781941327732056 ], [ 3756736.342971406877041, 2171723.241532832849771 ], [ 3756737.569244087673724, 2171722.636347357183695 ], [ 3756739.612987640313804, 2171719.96142159588635 ], [ 3756739.768134563229978, 2171716.760907438583672 ], [ 3756739.786960621830076, 2171715.817353679798543 ], [ 3756739.814782031346112, 2171714.862849571742117 ], [ 3756739.829476232640445, 2171711.204290604218841 ], [ 3756739.609407198149711, 2171707.277395280543715 ], [ 3756739.491122637409717, 2171706.146351695992053 ], [ 3756739.331042366102338, 2171704.999014865607023 ], [ 3756738.545310210436583, 2171700.703493286855519 ], [ 3756737.783631550613791, 2171696.916906752623618 ], [ 3756737.652103072497994, 2171696.097330174408853 ], [ 3756737.548962627537549, 2171695.375942674465477 ], [ 3756737.462915974203497, 2171693.570243577938527 ], [ 3756737.801571239717305, 2171692.136017774697393 ], [ 3756737.959948308765888, 2171691.640381639823318 ], [ 3756738.165418682619929, 2171691.110298155806959 ], [ 3756739.138036100193858, 2171688.855648587457836 ], [ 3756740.649169440381229, 2171686.080282867886126 ], [ 3756741.178608507383615, 2171685.219232267234474 ], [ 3756741.76533480361104, 2171684.322862771339715 ], [ 3756744.265791361685842, 2171680.763999699614942 ], [ 3756747.338061615824699, 2171677.182062294799834 ], [ 3756748.265678707975894, 2171676.264150202274323 ], [ 3756749.246191221754998, 2171675.38135756412521 ], [ 3756753.073210287839174, 2171672.490546210668981 ], [ 3756756.359880303964019, 2171670.331108621321619 ], [ 3756756.988137810956687, 2171669.912186602130532 ], [ 3756757.502479002811015, 2171669.573767824564129 ], [ 3756758.328418522141874, 2171668.995980228763074 ], [ 3756758.510257858783007, 2171668.077384144067764 ], [ 3756758.613716965541244, 2171667.526913590729237 ], [ 3756758.745696119964123, 2171666.843098276760429 ], [ 3756759.394552988931537, 2171663.296078871004283 ], [ 3756760.087874342687428, 2171659.684720768593252 ], [ 3756760.236543698702008, 2171658.959372124634683 ], [ 3756760.375373052433133, 2171658.355529360938817 ], [ 3756760.733687305822968, 2171657.14988411962986 ], [ 3756760.997427851893008, 2171656.24370174575597 ], [ 3756761.071764110587537, 2171655.825970038771629 ], [ 3756761.149475472979248, 2171655.327590639702976 ], [ 3756761.424530510790646, 2171652.927714323624969 ], [ 3756761.837252684403211, 2171650.374416088685393 ], [ 3756761.997900550719351, 2171649.78864307096228 ], [ 3756762.183544709347188, 2171649.260009537916631 ], [ 3756762.999831415712833, 2171647.761490528006107 ], [ 3756764.329671311192214, 2171646.375415969174355 ], [ 3756764.823692162521183, 2171645.91884310496971 ], [ 3756765.374232792295516, 2171645.416398745030165 ], [ 3756767.849829253274947, 2171643.312561440747231 ], [ 3756770.464338257908821, 2171641.0656757960096 ], [ 3756771.117761484347284, 2171640.47386526921764 ], [ 3756771.721379159018397, 2171639.886724851094186 ], [ 3756773.651813013479114, 2171637.883683975785971 ], [ 3756775.209995668847114, 2171635.995397700928152 ], [ 3756775.588279623072594, 2171635.479290086776018 ], [ 3756775.936226160731167, 2171634.966059264726937 ], [ 3756777.007586320396513, 2171633.153050457127392 ], [ 3756778.280530210584402, 2171631.000704657752067 ], [ 3756778.761109329760075, 2171630.275038076099008 ], [ 3756779.296762068290263, 2171629.483589044306427 ], [ 3756781.677252648863941, 2171626.165812695398927 ], [ 3756784.350368948187679, 2171622.390756394714117 ], [ 3756785.061982589308172, 2171621.312846999615431 ], [ 3756785.763341517653316, 2171620.225241015665233 ], [ 3756788.20324532315135, 2171616.201138434000313 ], [ 3756790.354377978481352, 2171612.794773500878364 ], [ 3756790.867664032615721, 2171612.095762003213167 ], [ 3756791.34968643123284, 2171611.500121626537293 ], [ 3756792.801331338472664, 2171610.242906115949154 ], [ 3756793.835631603375077, 2171609.74588286690414 ], [ 3756794.056542147882283, 2171609.625407334417105 ], [ 3756794.238945858553052, 2171609.518219980411232 ], [ 3756794.65415271371603, 2171609.199138564988971 ], [ 3756794.969501566141844, 2171608.538341904524714 ], [ 3756795.09133728267625, 2171608.206486896146089 ], [ 3756795.218602285254747, 2171607.813895977567881 ], [ 3756795.817303990013897, 2171605.894609889946878 ], [ 3756796.327187446411699, 2171603.883150423876941 ], [ 3756796.399352510459721, 2171603.435855386313051 ], [ 3756796.456242378335446, 2171603.049808342475444 ], [ 3756796.408429770730436, 2171602.03249652730301 ], [ 3756796.373320280574262, 2171601.745005861856043 ], [ 3756796.430406868923455, 2171601.819834297522902 ], [ 3756796.522185017354786, 2171601.951617141254246 ], [ 3756797.063375737052411, 2171602.963497771881521 ], [ 3756798.429968292359263, 2171604.20908080553636 ], [ 3756799.038011575117707, 2171604.483085698913783 ], [ 3756799.744680474046618, 2171604.737737462855875 ], [ 3756803.107097271364182, 2171605.426998660899699 ], [ 3756806.694951383862644, 2171605.92492115078494 ], [ 3756807.542865748051554, 2171606.06646490143612 ], [ 3756808.319634144660085, 2171606.194429611321539 ], [ 3756810.587429156526923, 2171606.685224910266697 ], [ 3756812.795237113256007, 2171607.411459585651755 ], [ 3756813.534721869509667, 2171607.693453258834779 ], [ 3756814.328383585438132, 2171608.020530717913061 ], [ 3756817.688193296547979, 2171609.491094757802784 ], [ 3756822.247737809084356, 2171611.09114539436996 ], [ 3756823.802663796581328, 2171611.487586945295334 ], [ 3756825.486584010533988, 2171611.861995040904731 ], [ 3756832.631042581982911, 2171613.080995871685445 ], [ 3756839.333477998152375, 2171614.080677951220423 ], [ 3756840.73502943245694, 2171614.331294562667608 ], [ 3756841.943905116990209, 2171614.569794203620404 ], [ 3756844.655303154140711, 2171615.29939537961036 ], [ 3756846.139069824945182, 2171616.032953076064587 ], [ 3756846.571686624549329, 2171616.263189532328397 ], [ 3756847.005585063714534, 2171616.503390307538211 ], [ 3756848.642224194481969, 2171617.493574349209666 ], [ 3756850.347138155251741, 2171617.996100754942745 ], [ 3756850.834914796985686, 2171617.930641037411988 ], [ 3756851.325703015550971, 2171617.784795099403709 ], [ 3756853.131240821443498, 2171616.545104902237654 ], [ 3756855.970647190697491, 2171614.106675707735121 ], [ 3756857.101185170933604, 2171613.209878448862582 ], [ 3756858.394573922269046, 2171612.217977367341518 ], [ 3756864.30715115275234, 2171607.830454308073968 ], [ 3756870.679542828816921, 2171602.589314374141395 ], [ 3756872.268365951254964, 2171601.058472500182688 ], [ 3756873.763856266625226, 2171599.496848570648581 ], [ 3756878.516225039027631, 2171593.574295441620052 ], [ 3756882.674780500587076, 2171588.117784789763391 ], [ 3756883.80378576554358, 2171586.860575249418616 ], [ 3756884.932030914817005, 2171585.703631127253175 ], [ 3756888.917102095670998, 2171582.427175051067024 ], [ 3756892.087437606882304, 2171580.319037712644786 ], [ 3756892.706128644291312, 2171579.91065982170403 ], [ 3756893.210044402163476, 2171579.5633813762106 ], [ 3756894.071323729585856, 2171578.932030096184462 ], [ 3756894.263940302655101, 2171578.713955439161509 ], [ 3756894.346700036898255, 2171578.626087667420506 ], [ 3756894.858303321991116, 2171578.137408335693181 ], [ 3756897.339354543946683, 2171577.837024476379156 ], [ 3756898.726566372904927, 2171577.807816649321467 ], [ 3756900.408605864737183, 2171577.81199752073735 ], [ 3756909.016237428877503, 2171578.023260002955794 ], [ 3756917.861514564137906, 2171578.653401932679117 ], [ 3756919.696581425145268, 2171578.913277253508568 ], [ 3756921.263887106440961, 2171579.218827150762081 ], [ 3756924.688840634189546, 2171580.623265552800149 ], [ 3756927.55929668713361, 2171581.909402881748974 ], [ 3756928.776508602313697, 2171582.127088801469654 ], [ 3756930.180022531654686, 2171582.28691594209522 ], [ 3756936.763752710074186, 2171582.385941903106868 ], [ 3756944.305533085949719, 2171582.496160615235567 ], [ 3756946.313711592927575, 2171582.659848984330893 ], [ 3756948.276781634427607, 2171582.888284093700349 ], [ 3756955.086798297706991, 2171584.198702900204808 ], [ 3756961.526154006831348, 2171586.224655279889703 ], [ 3756963.266490161418915, 2171586.904609733726829 ], [ 3756964.980633253231645, 2171587.62685520388186 ], [ 3756971.025930736679584, 2171590.681577840354294 ], [ 3756976.534489521291107, 2171593.706049188040197 ], [ 3756977.905554993543774, 2171594.420173848979175 ], [ 3756979.231470209080726, 2171595.07846078183502 ], [ 3756983.467157111503184, 2171597.008960992097855 ], [ 3756986.730293739587069, 2171598.408697286620736 ], [ 3756987.422470743767917, 2171598.72507364070043 ], [ 3756988.041986622847617, 2171599.018347905483097 ], [ 3756989.512363436631858, 2171599.833295986521989 ], [ 3756991.031016468536109, 2171600.623777694068849 ], [ 3756991.658640914596617, 2171600.896072435192764 ], [ 3756992.39102176995948, 2171601.208553017117083 ], [ 3756995.797720842529088, 2171602.525024183094501 ], [ 3757001.219169358257204, 2171605.006511607207358 ], [ 3757003.213271204382181, 2171606.053226128686219 ], [ 3757005.421037489548326, 2171607.240781096741557 ], [ 3757015.189509073272347, 2171612.824845331721008 ], [ 3757024.440700036939234, 2171618.707207846455276 ], [ 3757026.322500015143305, 2171620.085214354097843 ], [ 3757027.903400879353285, 2171621.361115797888488 ], [ 3757031.175541009288281, 2171625.064707706216723 ], [ 3757032.488346063066274, 2171628.128513494506478 ], [ 3757032.836750430986285, 2171629.007903255987912 ], [ 3757033.185615484602749, 2171629.8971909256652 ], [ 3757034.377295127604157, 2171633.182720224373043 ], [ 3757040.642261277884245, 2171634.944808869156986 ], [ 3757044.181012524291873, 2171634.876375799998641 ], [ 3757048.503089861012995, 2171634.554419241845608 ], [ 3757070.650628732517362, 2171631.362409869208932 ], [ 3757092.853659731801599, 2171627.644459792412817 ], [ 3757097.207251739222556, 2171626.988995184190571 ], [ 3757100.789441538974643, 2171626.495831950102001 ], [ 3757107.277584111783653, 2171626.072523660957813 ], [ 3757108.553531142883003, 2171626.615420591086149 ], [ 3757108.865006439387798, 2171626.726061411667615 ], [ 3757109.146037373226136, 2171626.830630179494619 ], [ 3757109.981926664244384, 2171627.063415193930268 ], [ 3757111.171471670735627, 2171627.543964446522295 ], [ 3757111.665958784520626, 2171627.788702778052539 ], [ 3757112.246655446477234, 2171628.095216004643589 ], [ 3757114.966285983566195, 2171629.615723730064929 ], [ 3757118.287781624589115, 2171631.220545209012926 ], [ 3757119.255470647942275, 2171631.581347868777812 ], [ 3757120.228852216154337, 2171631.891345311421901 ], [ 3757123.915863526985049, 2171632.720935114193708 ], [ 3757127.499015176668763, 2171633.399473477620631 ], [ 3757128.414813408628106, 2171633.625153695698828 ], [ 3757129.292352523189038, 2171633.873954016715288 ], [ 3757132.221660770010203, 2171634.904190465807915 ], [ 3757136.210519691929221, 2171635.965992325451225 ], [ 3757137.764853580389172, 2171636.242247365880758 ], [ 3757139.519328732043505, 2171636.499873561784625 ], [ 3757147.507204893045127, 2171637.340237380936742 ], [ 3757158.832999748177826, 2171638.591218365821987 ], [ 3757162.694825140759349, 2171639.113786882255226 ], [ 3757166.87558662192896, 2171639.716855169739574 ], [ 3757184.607851560227573, 2171642.496296751312912 ], [ 3757200.824180199764669, 2171645.216617757920176 ], [ 3757204.044295867905021, 2171645.768622251693159 ], [ 3757206.714094469789416, 2171646.251504942774773 ], [ 3757211.796291157603264, 2171647.261843567248434 ], [ 3757213.071519664488733, 2171647.684369387105107 ], [ 3757213.341620245948434, 2171647.779453645460308 ], [ 3757213.581679662689567, 2171647.877365712542087 ], [ 3757214.152228756807745, 2171648.185045319143683 ], [ 3757215.900224309880286, 2171648.834223873447627 ], [ 3757216.884571268688887, 2171649.153298006393015 ], [ 3757218.085515778977424, 2171649.53233612049371 ], [ 3757224.219601190648973, 2171651.406541721429676 ], [ 3757231.242721261456609, 2171653.779416772536933 ], [ 3757232.99592781253159, 2171654.488083779346198 ], [ 3757234.668976058717817, 2171655.204198844730854 ], [ 3757240.033478958532214, 2171657.96133067458868 ], [ 3757244.02346425736323, 2171660.886617845855653 ], [ 3757244.830077825579792, 2171661.713373327627778 ], [ 3757245.506464539095759, 2171662.542316166684031 ], [ 3757246.890232279431075, 2171665.609651114791632 ], [ 3757247.443000802770257, 2171668.263567160815001 ], [ 3757247.604477123823017, 2171668.849923224188387 ], [ 3757247.759316616225988, 2171669.356373055372387 ], [ 3757248.321758625097573, 2171670.616412171628326 ], [ 3757248.883007033728063, 2171671.626399058382958 ], [ 3757249.033608422614634, 2171671.973161496222019 ], [ 3757249.178373366128653, 2171672.360275343060493 ], [ 3757249.690913829952478, 2171673.975791361648589 ], [ 3757250.155619977042079, 2171675.616003068163991 ], [ 3757250.269995803944767, 2171676.006304211448878 ], [ 3757250.392646368592978, 2171676.375397093594074 ], [ 3757250.781654541380703, 2171677.491501574404538 ], [ 3757251.491309782490134, 2171678.707771590910852 ], [ 3757251.810560017824173, 2171679.139111769851297 ], [ 3757252.185466044582427, 2171679.625467559788376 ], [ 3757253.96591934422031, 2171681.693929045461118 ], [ 3757255.723943179938942, 2171683.73474994674325 ], [ 3757256.075091228354722, 2171684.183206372428685 ], [ 3757256.362692978233099, 2171684.597087019123137 ], [ 3757256.948522238060832, 2171685.664785174652934 ], [ 3757257.080583032686263, 2171687.185447963420302 ], [ 3757257.090586218051612, 2171687.876015469431877 ], [ 3757257.080149922985584, 2171688.688320882152766 ], [ 3757256.954762190114707, 2171692.577532610390335 ], [ 3757256.857538796961308, 2171696.564163844101131 ], [ 3757256.863063900731504, 2171697.43539753369987 ], [ 3757256.900214505381882, 2171698.213175128214061 ], [ 3757257.139133838471025, 2171700.155196597799659 ], [ 3757257.816739670932293, 2171702.857076453976333 ], [ 3757258.117182285990566, 2171704.111771160271019 ], [ 3757258.46633798442781, 2171705.582202829420567 ], [ 3757260.121592921204865, 2171712.702232599258423 ], [ 3757261.78488994948566, 2171719.801495612598956 ], [ 3757262.13172877766192, 2171721.242085373494774 ], [ 3757262.439279268030077, 2171722.465689503122121 ], [ 3757263.13592475047335, 2171725.036390599794686 ], [ 3757263.352425933349878, 2171726.488656050059944 ], [ 3757263.35728899249807, 2171727.009408854879439 ], [ 3757263.336368021089584, 2171727.582661087624729 ], [ 3757263.040342499967664, 2171730.085000506602228 ], [ 3757262.778816138394177, 2171732.643721451982856 ], [ 3757262.781078258063644, 2171733.244893254712224 ], [ 3757262.800064976327121, 2171733.814298579469323 ], [ 3757263.146335276309401, 2171735.485585680697113 ], [ 3757263.610985751263797, 2171737.00511536328122 ], [ 3757263.702175911981612, 2171737.477611011359841 ], [ 3757263.785241936333477, 2171737.970987915992737 ], [ 3757263.986941273324192, 2171739.945831973105669 ], [ 3757264.218562508933246, 2171741.918371581938118 ], [ 3757264.33172156335786, 2171742.408609908539802 ], [ 3757264.463508740067482, 2171742.887320341076702 ], [ 3757265.100441662594676, 2171744.421316232532263 ], [ 3757265.774057710077614, 2171746.031785252038389 ], [ 3757265.940538031514734, 2171746.557274487800896 ], [ 3757266.079440162982792, 2171747.115711774677038 ], [ 3757266.509369587060064, 2171749.39996254676953 ], [ 3757267.076266281772405, 2171752.102531515993178 ], [ 3757267.317665299866349, 2171752.911679122596979 ], [ 3757267.602487848140299, 2171753.756900410167873 ], [ 3757268.904809893108904, 2171757.04255226906389 ], [ 3757270.42140319943428, 2171761.640399325173348 ], [ 3757270.848740043118596, 2171763.313760494813323 ], [ 3757271.259907080326229, 2171765.14905925700441 ], [ 3757272.746564361266792, 2171773.226906558033079 ], [ 3757273.930035412777215, 2171780.941896202974021 ], [ 3757274.161426393780857, 2171782.563481028191745 ], [ 3757274.351900757290423, 2171783.948299973737448 ], [ 3757274.65366128552705, 2171787.076521895360202 ], [ 3757274.933352072257549, 2171788.904240399599075 ], [ 3757275.103104499634355, 2171789.469388263300061 ], [ 3757275.306414003949612, 2171790.071628924459219 ], [ 3757276.369546390138566, 2171792.457603671588004 ], [ 3757277.487703232094646, 2171794.66799340210855 ], [ 3757277.7323506064713, 2171795.166515585966408 ], [ 3757277.940993565600365, 2171795.597922921180725 ], [ 3757278.453144356608391, 2171796.742423399351537 ], [ 3757278.729437661357224, 2171797.488203302491456 ], [ 3757278.78661823971197, 2171797.683304808102548 ], [ 3757278.842943263240159, 2171797.868573414161801 ], [ 3757278.977258426137269, 2171798.487305549904704 ], [ 3757279.11050499137491, 2171799.096139097586274 ], [ 3757279.168049189727753, 2171799.290979281999171 ], [ 3757279.224145546555519, 2171799.476084031164646 ], [ 3757279.502113776281476, 2171800.241938668303192 ], [ 3757279.793693487066776, 2171801.166542873717844 ], [ 3757279.860555759631097, 2171801.470869948156178 ], [ 3757279.918997783679515, 2171801.796127039473504 ], [ 3757280.103914882987738, 2171803.111641826108098 ], [ 3757280.344486671034247, 2171804.612031814642251 ], [ 3757280.443688887171447, 2171805.053388866595924 ], [ 3757280.562369775958359, 2171805.493656198494136 ], [ 3757281.101057469844818, 2171807.176701056305319 ], [ 3757281.685147344600409, 2171808.685442054644227 ], [ 3757281.834287802688777, 2171809.012195401359349 ], [ 3757281.971606386359781, 2171809.320040042046458 ], [ 3757282.392988118808717, 2171810.112465652637184 ], [ 3757282.879985813051462, 2171810.618255697190762 ], [ 3757283.051035210490227, 2171810.732560770586133 ], [ 3757283.241190649103373, 2171810.835158531554043 ], [ 3757284.051606650464237, 2171811.120492166373879 ], [ 3757285.011935032438487, 2171811.281621240079403 ], [ 3757285.599824406206608, 2171811.327130803838372 ], [ 3757286.727953655645251, 2171811.332601023837924 ], [ 3757287.97059928951785, 2171811.607657767366618 ], [ 3757288.339057031087577, 2171811.793748261872679 ], [ 3757288.711886295117438, 2171812.02959229843691 ], [ 3757290.152137160301208, 2171813.308387810830027 ], [ 3757291.877889303024858, 2171814.861173447221518 ], [ 3757292.437909505795687, 2171815.280295553617179 ], [ 3757293.027825240511447, 2171815.696311539039016 ], [ 3757295.478490197565407, 2171817.131419493816793 ], [ 3757297.812877775169909, 2171818.387094663456082 ], [ 3757298.331666433252394, 2171818.679515488445759 ], [ 3757298.798694399185479, 2171818.956678251735866 ], [ 3757300.036995642818511, 2171819.763372479937971 ], [ 3757301.073780288919806, 2171820.45845810091123 ], [ 3757301.413478553760797, 2171820.657340712845325 ], [ 3757301.772925363387913, 2171820.854283242020756 ], [ 3757303.277223405428231, 2171821.595948753878474 ], [ 3757305.002178231719881, 2171822.327597910538316 ], [ 3757305.512405608780682, 2171822.520381020382047 ], [ 3757306.031623277813196, 2171822.702819213736802 ], [ 3757308.000233381055295, 2171823.341079461853951 ], [ 3757309.772207598201931, 2171823.917501614894718 ], [ 3757310.168207180220634, 2171824.07105299923569 ], [ 3757310.5235267248936, 2171824.218504038173705 ], [ 3757311.454854689072818, 2171824.742954439017922 ], [ 3757312.4295201622881, 2171825.413706922903657 ], [ 3757312.802526198793203, 2171825.650025589391589 ], [ 3757313.228546696715057, 2171825.920940401032567 ], [ 3757315.171487756073475, 2171827.072687155101448 ], [ 3757317.781190555077046, 2171828.833725676871836 ], [ 3757318.632570471614599, 2171829.475803916808218 ], [ 3757319.539864573162049, 2171830.183433352038264 ], [ 3757323.295361371245235, 2171833.310609448701143 ], [ 3757326.70239335205406, 2171836.250016917940229 ], [ 3757327.40847201552242, 2171836.845383709296584 ], [ 3757327.9953244891949, 2171837.342096198350191 ], [ 3757329.251639909576625, 2171838.357489776797593 ], [ 3757330.239963764324784, 2171839.187286243308336 ], [ 3757330.665815145708621, 2171839.568543866276741 ], [ 3757331.158635108731687, 2171840.023708777502179 ], [ 3757333.475083419121802, 2171842.232959054876119 ], [ 3757335.743929573334754, 2171844.476639055181295 ], [ 3757336.208305241074413, 2171844.954215653706342 ], [ 3757336.595908357296139, 2171845.359296789392829 ], [ 3757337.373827334493399, 2171846.318920142948627 ], [ 3757337.943194429855794, 2171847.077523495536298 ], [ 3757338.198919503949583, 2171847.354096340481192 ], [ 3757338.488019852899015, 2171847.667892625555396 ], [ 3757339.87693156208843, 2171849.051850604824722 ], [ 3757341.321439575403929, 2171850.380317446310073 ], [ 3757341.648078215308487, 2171850.660735588055104 ], [ 3757341.949993839487433, 2171850.892734299879521 ], [ 3757342.751027584541589, 2171851.419584775343537 ], [ 3757343.525024153292179, 2171852.099280734546483 ], [ 3757343.805724889971316, 2171852.433499894570559 ], [ 3757344.111541881226003, 2171852.826248943805695 ], [ 3757345.438843487761915, 2171854.776655174326152 ], [ 3757346.852794798091054, 2171856.799241175875068 ], [ 3757347.202170290984213, 2171857.227638680953532 ], [ 3757347.54806103464216, 2171857.61631191894412 ], [ 3757348.637485673185438, 2171858.567088135518134 ], [ 3757349.674886360764503, 2171859.492675908841193 ], [ 3757349.989045494236052, 2171859.864004081115127 ], [ 3757350.307410005945712, 2171860.285314599983394 ], [ 3757351.532207208685577, 2171862.215413935482502 ], [ 3757352.712959009222686, 2171864.099165289197117 ], [ 3757353.008764016442001, 2171864.49265515897423 ], [ 3757353.278675304260105, 2171864.818273123819381 ], [ 3757354.146839376538992, 2171865.53909138450399 ], [ 3757354.989570437930524, 2171866.20193561213091 ], [ 3757355.256277491338551, 2171866.487682390958071 ], [ 3757355.527733732946217, 2171866.833194967359304 ], [ 3757356.625882484484464, 2171868.464574284851551 ], [ 3757357.734880411997437, 2171870.215061433147639 ], [ 3757358.022415790706873, 2171870.629154269583523 ], [ 3757358.287308551371098, 2171871.01554090436548 ], [ 3757359.194281368516386, 2171872.183322149794549 ], [ 3757359.926290606614202, 2171873.187372551299632 ], [ 3757360.092680588364601, 2171873.482474356424063 ], [ 3757360.238435230217874, 2171873.769487000536174 ], [ 3757360.635768726002425, 2171874.864677094388753 ], [ 3757360.928528995718807, 2171876.380455556791276 ], [ 3757361.006759534589946, 2171876.934470243752003 ], [ 3757361.090942841488868, 2171877.557724127545953 ], [ 3757361.398100789636374, 2171880.284396798349917 ], [ 3757361.453700643032789, 2171883.014686111360788 ], [ 3757361.365747602656484, 2171883.623752212617546 ], [ 3757361.242557573597878, 2171884.176256096921861 ], [ 3757360.446946966461837, 2171885.683044351637363 ], [ 3757356.657889459747821, 2171885.183564579579979 ], [ 3757351.73967697378248, 2171882.2346261725761 ], [ 3757346.808986923657358, 2171875.779824277386069 ], [ 3757342.619147369638085, 2171867.071763426996768 ], [ 3757336.60988284740597, 2171856.769713529851288 ], [ 3757328.441694463137537, 2171848.051304844673723 ], [ 3757319.152896373998374, 2171840.689258552156389 ], [ 3757307.77559914952144, 2171836.296890957280993 ], [ 3757292.922152117360383, 2171830.604821034241468 ], [ 3757282.010406739078462, 2171825.888315771706402 ], [ 3757271.795201397966594, 2171818.291857946664095 ], [ 3757264.762997975572944, 2171808.275503142736852 ], [ 3757260.804276227019727, 2171796.890810607932508 ], [ 3757256.452888218685985, 2171780.753643703646958 ], [ 3757252.79570594523102, 2171766.696251471992582 ], [ 3757248.269822135567665, 2171755.274023865815252 ], [ 3757243.744217506609857, 2171746.637431626208127 ], [ 3757239.809065592009574, 2171737.615547624882311 ], [ 3757233.868111056275666, 2171727.176724535878748 ], [ 3757227.9060422279872, 2171715.798610486090183 ], [ 3757224.705616863910109, 2171702.359883974771947 ], [ 3757221.910782321356237, 2171690.466123030986637 ], [ 3757218.138454690109938, 2171685.055926431901753 ], [ 3757206.048463345970958, 2171682.433032895438373 ], [ 3757187.555603018961847, 2171683.531584984622896 ], [ 3757162.088483321480453, 2171683.054584905039519 ], [ 3757131.927011572755873, 2171678.725916088093072 ], [ 3757111.014937913045287, 2171674.107904887758195 ], [ 3757103.280837682075799, 2171672.713200743310153 ], [ 3757093.110275169368833, 2171670.853739319369197 ], [ 3757085.273102407343686, 2171671.512447059620172 ], [ 3757072.850673184264451, 2171677.466958936769515 ], [ 3757059.679887171834707, 2171688.490476987324655 ], [ 3757045.73861078498885, 2171694.927157520782202 ], [ 3757029.970194339286536, 2171693.88874651119113 ], [ 3757021.773298088461161, 2171694.581173160113394 ], [ 3757016.651928964070976, 2171697.181334065739065 ], [ 3757012.126515046693385, 2171701.41955799376592 ], [ 3757010.376068790443242, 2171706.662132893688977 ], [ 3757010.716413484420627, 2171712.321471013594419 ], [ 3757012.941304900683463, 2171718.927880479954183 ], [ 3757016.28249772824347, 2171723.546656981110573 ], [ 3757020.264444555621594, 2171724.989595524966717 ], [ 3757023.974887085612863, 2171724.584321612492204 ], [ 3757030.59739005798474, 2171722.455743219703436 ], [ 3757039.303571850061417, 2171714.522204793523997 ], [ 3757052.955230198800564, 2171701.850541836582124 ], [ 3757062.151185830589384, 2171693.18036887049675 ], [ 3757070.232701943255961, 2171686.978074445389211 ], [ 3757080.107664159033448, 2171682.302620846778154 ], [ 3757092.467496551573277, 2171683.978623028844595 ], [ 3757112.373192022554576, 2171695.673406045418233 ], [ 3757129.280581762082875, 2171708.559038314968348 ], [ 3757144.619119945447892, 2171717.983250992838293 ], [ 3757156.176690475549549, 2171720.044647641014308 ], [ 3757170.295908161904663, 2171721.456623135600239 ], [ 3757184.230298345908523, 2171728.62703971657902 ], [ 3757190.317371098324656, 2171739.933812925592065 ], [ 3757196.050725913606584, 2171757.495380011387169 ], [ 3757200.700736456550658, 2171772.43251109868288 ], [ 3757205.684903176035732, 2171792.037654568441212 ], [ 3757207.446452955715358, 2171810.469620980322361 ], [ 3757208.672446234617382, 2171827.72900461172685 ], [ 3757209.893155503086746, 2171843.876739205792546 ], [ 3757208.549783078953624, 2171858.559676866978407 ], [ 3757201.090426198206842, 2171870.995820154435933 ], [ 3757194.151108059100807, 2171882.231753634754568 ], [ 3757190.099851907230914, 2171890.313431275077164 ], [ 3757189.595147735904902, 2171897.954948849976063 ], [ 3757191.431703655514866, 2171902.873913459479809 ], [ 3757196.363588317297399, 2171906.90370193310082 ], [ 3757204.442398344632238, 2171910.420768719166517 ], [ 3757215.734974503517151, 2171916.624542360659689 ], [ 3757224.346027658320963, 2171925.572508338838816 ], [ 3757227.875098796095699, 2171943.028567301109433 ], [ 3757229.189759288914502, 2171957.934995980001986 ], [ 3757232.796805966645479, 2171979.421712718904018 ], [ 3757236.674639882519841, 2171991.495225316844881 ], [ 3757245.970859982073307, 2172004.166388550307602 ], [ 3757259.505517429672182, 2172012.295955495443195 ], [ 3757276.176775883417577, 2172017.588707843329757 ], [ 3757297.482612079009414, 2172020.937561607453972 ], [ 3757321.680072455666959, 2172023.376364092342556 ], [ 3757346.184699486941099, 2172025.646049936302006 ], [ 3757371.974043323658407, 2172026.353851290419698 ], [ 3757393.358685933984816, 2172027.481139885727316 ], [ 3757393.541083555202931, 2172027.494243281893432 ], [ 3757407.221381542272866, 2172028.60667940787971 ], [ 3757423.311621993314475, 2172028.132346843369305 ], [ 3757458.638183540198952, 2172024.335866277571768 ], [ 3757470.298433725256473, 2172024.213753471150994 ], [ 3757482.679609064012766, 2172031.35816790536046 ], [ 3757491.364664217457175, 2172042.323239608667791 ], [ 3757494.573638889938593, 2172045.531782659702003 ], [ 3757504.720067197456956, 2172049.317008203826845 ], [ 3757518.537718815263361, 2172043.543556982651353 ], [ 3757521.167922206223011, 2172041.595444122795016 ], [ 3757527.814620381221175, 2172035.456614370923489 ], [ 3757538.588543338701129, 2172023.854586193803698 ], [ 3757556.8257199479267, 2172003.222212781663984 ], [ 3757567.295167475007474, 2171993.792381366714835 ], [ 3757576.033468619920313, 2171987.619676957838237 ], [ 3757590.275936495978385, 2171982.44761740649119 ], [ 3757599.042557828593999, 2171983.445853649638593 ], [ 3757610.522522962652147, 2171987.398211301770061 ], [ 3757621.188757009804249, 2171990.444089592434466 ], [ 3757628.582149181049317, 2171991.169112831354141 ], [ 3757642.980701331049204, 2171989.068554921541363 ], [ 3757655.584696772042662, 2171986.714348687324673 ], [ 3757666.263083022553474, 2171982.825842476449907 ], [ 3757675.963801855221391, 2171977.645491135306656 ], [ 3757685.045708839315921, 2171972.302316418848932 ], [ 3757691.982382460962981, 2171967.529352760873735 ], [ 3757700.788976284209639, 2171964.235483447089791 ], [ 3757709.7153260409832, 2171966.26113073900342 ], [ 3757715.487447070423514, 2171970.814142422284931 ], [ 3757717.65190272545442, 2171979.389720770530403 ], [ 3757713.309895927086473, 2171988.530322586651891 ], [ 3757701.681354938074946, 2171992.146505264565349 ], [ 3757694.267230938654393, 2171993.156371235847473 ], [ 3757680.990818771533668, 2171995.423357671126723 ], [ 3757673.814362202771008, 2171998.354594182223082 ], [ 3757665.469540853053331, 2172002.797836745157838 ], [ 3757654.399857628159225, 2172010.299745175987482 ], [ 3757631.319825914222747, 2172018.527684723958373 ], [ 3757617.179528465028852, 2172018.960654146037996 ], [ 3757606.145364482421428, 2172017.822567869909108 ], [ 3757596.521981525234878, 2172019.599374369718134 ], [ 3757583.004394386895001, 2172031.266412564087659 ], [ 3757572.409272189252079, 2172052.119957530871034 ], [ 3757566.082853767089546, 2172070.30212718853727 ], [ 3757561.824802523013204, 2172089.804809017572552 ], [ 3757558.711491228546947, 2172112.287024945020676 ], [ 3757557.807499309070408, 2172122.520685845054686 ], [ 3757557.866070419084281, 2172134.678838276769966 ], [ 3757557.370258718729019, 2172145.435392097570002 ], [ 3757554.741988751571625, 2172157.502552223391831 ], [ 3757550.754067405126989, 2172167.702509808819741 ], [ 3757544.730379779357463, 2172177.189733329229057 ], [ 3757533.493818508461118, 2172190.888971931766719 ], [ 3757525.594067447818816, 2172199.759290131274611 ], [ 3757508.833675254136324, 2172213.972227551974356 ], [ 3757488.809052112977952, 2172228.859458390623331 ], [ 3757477.1317164064385, 2172237.830694142729044 ], [ 3757460.330967726651579, 2172248.099816505797207 ], [ 3757443.331931563094258, 2172259.329237021505833 ], [ 3757432.110070764087141, 2172269.95129780517891 ], [ 3757420.776141662616283, 2172283.920210404321551 ], [ 3757411.131668786518276, 2172296.239066869486123 ], [ 3757405.971368060912937, 2172302.680302874650806 ], [ 3757400.037901315838099, 2172309.844983706250787 ], [ 3757394.583399398252368, 2172316.724621936213225 ], [ 3757402.317822220269591, 2172315.969236007891595 ], [ 3757410.01988018816337, 2172316.018788160290569 ], [ 3757418.529654729180038, 2172316.504123960155994 ], [ 3757425.889014246873558, 2172315.564444487914443 ], [ 3757432.208588261157274, 2172314.465938268229365 ], [ 3757439.800623085815459, 2172313.24930676445365 ], [ 3757446.164169692434371, 2172312.65756537579 ], [ 3757452.483379196375608, 2172311.559323265217245 ], [ 3757459.566612507682294, 2172310.389955353923142 ], [ 3757479.420467109885067, 2172308.543646641075611 ], [ 3757484.592362868599594, 2172308.938151146285236 ], [ 3757486.759813826531172, 2172304.422732869163156 ], [ 3757489.139598224312067, 2172300.01432220172137 ], [ 3757491.905714484862983, 2172295.834294249303639 ], [ 3757495.035073826555163, 2172291.915160818956792 ], [ 3757498.594813724048436, 2172288.380266888998449 ], [ 3757502.345216394867748, 2172285.042184240184724 ], [ 3757506.016690393444151, 2172281.618059119675308 ], [ 3757509.893149435520172, 2172278.427275772672147 ], [ 3757514.507408191915601, 2172277.209457194432616 ], [ 3757518.829079738818109, 2172279.733786361292005 ], [ 3757523.340238046832383, 2172281.874629771802574 ], [ 3757528.275951436255127, 2172281.919333842117339 ], [ 3757532.807713353075087, 2172279.814537477213889 ], [ 3757536.375752627849579, 2172276.297424668446183 ], [ 3757539.488543918821961, 2172272.363293526694179 ], [ 3757542.327888654079288, 2172268.231569116003811 ], [ 3757545.058033802080899, 2172264.026641678530723 ], [ 3757547.722048048861325, 2172259.779807406011969 ], [ 3757550.495188901666552, 2172255.603167259134352 ], [ 3757553.585598464589566, 2172251.653782903682441 ], [ 3757557.206291534006596, 2172248.187449706718326 ], [ 3757561.494250485673547, 2172245.583092220127583 ], [ 3757566.065464860759676, 2172243.505962919443846 ], [ 3757570.818794961087406, 2172241.887677018996328 ], [ 3757575.543008977547288, 2172240.185729538556188 ], [ 3757580.164021125994623, 2172238.228655066806823 ], [ 3757584.176970710512251, 2172235.22718809871003 ], [ 3757588.013195909559727, 2172231.992364563513547 ], [ 3757592.093530193436891, 2172229.064234043937176 ], [ 3757596.466331955976784, 2172226.606003277003765 ], [ 3757601.298517856281251, 2172225.276373999658972 ], [ 3757606.196131544187665, 2172224.186025915201753 ], [ 3757610.780351414345205, 2172222.15371000720188 ], [ 3757615.0661187809892, 2172219.536221818532795 ], [ 3757619.237821617163718, 2172216.739844426512718 ], [ 3757623.215897132176906, 2172213.677732282783836 ], [ 3757626.797737574204803, 2172210.16521567851305 ], [ 3757630.052020404487848, 2172206.346139287576079 ], [ 3757633.204758813604712, 2172202.444036827422678 ], [ 3757636.13438770128414, 2172198.372929878998548 ], [ 3757639.456852101255208, 2172194.616279886569828 ], [ 3757643.097474096808583, 2172191.162499347701669 ], [ 3757647.234815320465714, 2172188.327152674086392 ], [ 3757651.811598872765899, 2172186.274206745903939 ], [ 3757656.713390470482409, 2172186.072045170236379 ], [ 3757661.572703843470663, 2172187.082983137108386 ], [ 3757666.548289497382939, 2172186.456534582655877 ], [ 3757671.258004855830222, 2172184.733514473773539 ], [ 3757675.80023862188682, 2172186.538813082501292 ], [ 3757678.702185011468828, 2172190.48646313464269 ], [ 3757679.3109145979397, 2172195.434077209793031 ], [ 3757680.092873952351511, 2172200.358826932497323 ], [ 3757681.870483442209661, 2172204.919355154968798 ], [ 3757686.616858548019081, 2172206.273475709371269 ], [ 3757690.190273202490062, 2172203.405705453827977 ], [ 3757691.670961573719978, 2172198.636520779691637 ], [ 3757695.045544272754341, 2172194.953406981192529 ], [ 3757698.946161649655551, 2172191.790311576332897 ], [ 3757703.202853575348854, 2172189.14417346008122 ], [ 3757708.094231117516756, 2172188.10060209967196 ], [ 3757713.060638282913715, 2172187.399303801357746 ], [ 3757717.999961197376251, 2172186.513164781499654 ], [ 3757722.896553881466389, 2172185.408794114366174 ], [ 3757727.704915130045265, 2172183.979133361019194 ], [ 3757731.885956057347357, 2172181.229995295871049 ], [ 3757736.743485195562243, 2172180.048839963041246 ], [ 3757741.75111726205796, 2172179.776579682715237 ], [ 3757746.623510296456516, 2172180.716965383384377 ], [ 3757750.59142463747412, 2172183.711056082509458 ], [ 3757753.592259246855974, 2172187.674770772457123 ], [ 3757755.842954550404102, 2172192.117047798354179 ], [ 3757757.961483172141016, 2172196.625703200232238 ], [ 3757759.994186911266297, 2172201.17366759153083 ], [ 3757761.825948843266815, 2172205.805876112543046 ], [ 3757763.005652862600982, 2172210.641796737909317 ], [ 3757764.343563097529113, 2172215.433650502003729 ], [ 3757766.502941542770714, 2172219.909994911868125 ], [ 3757770.992189685348421, 2172221.742652122862637 ], [ 3757775.608634508680552, 2172220.104500527493656 ], [ 3757779.616346517112106, 2172217.096262165810913 ], [ 3757784.188611070625484, 2172215.020697990898043 ], [ 3757788.738663526251912, 2172212.901036981027573 ], [ 3757793.19810728635639, 2172210.59328771289438 ], [ 3757798.07679040171206, 2172210.28542899293825 ], [ 3757802.625178783200681, 2172212.346514760982245 ], [ 3757807.098242940381169, 2172214.56446240702644 ], [ 3757810.661120762117207, 2172211.313494836911559 ], [ 3757813.926813589408994, 2172206.280914043076336 ], [ 3757818.395900256000459, 2172203.987297347281128 ], [ 3757818.734769675415009, 2172203.977272463496774 ], [ 3757821.699898899067193, 2172203.888896357733756 ], [ 3757823.381578651256859, 2172203.838740882929415 ], [ 3757826.838171040639281, 2172204.218647426459938 ], [ 3757828.230321256909519, 2172207.495752600952983 ], [ 3757834.317177170887589, 2172210.33630240522325 ], [ 3757837.39778205472976, 2172207.545006586238742 ], [ 3757840.400785713456571, 2172203.859282253775746 ], [ 3757843.498732710257173, 2172201.266722306143492 ], [ 3757846.379494910128415, 2172198.494007434230298 ], [ 3757850.016416253056377, 2172195.150064878165722 ], [ 3757852.630286486819386, 2172194.163130396511406 ], [ 3757856.353869032114744, 2172192.757243408821523 ], [ 3757859.858538844622672, 2172192.531527527142316 ], [ 3757860.170340671204031, 2172192.630226872395724 ], [ 3757862.550570550840348, 2172193.383403597399592 ], [ 3757863.534600814804435, 2172196.598209362942725 ], [ 3757863.795734385028481, 2172200.656923391856253 ], [ 3757863.822960640303791, 2172201.080100799910724 ], [ 3757863.625487006269395, 2172204.605183429084718 ], [ 3757863.014849429018795, 2172209.170633729547262 ], [ 3757863.065313434228301, 2172212.07161065004766 ], [ 3757863.487979876808822, 2172212.628282889258116 ], [ 3757864.770705733913928, 2172214.317636940162629 ], [ 3757867.533104495611042, 2172213.659972895402461 ], [ 3757869.232529108878225, 2172211.274980578571558 ], [ 3757869.597545841243118, 2172210.762777195312083 ], [ 3757870.068812797311693, 2172206.911666294094175 ], [ 3757868.804695011116564, 2172203.947057075798512 ], [ 3757868.425075944047421, 2172203.056790471076965 ], [ 3757869.107833983376622, 2172202.164984862785786 ], [ 3757870.324373878072947, 2172200.57574248034507 ], [ 3757872.102742600254714, 2172196.70327393617481 ], [ 3757873.616030203178525, 2172193.256144242361188 ], [ 3757875.702778064645827, 2172189.455133874900639 ], [ 3757878.113683733157814, 2172188.229087694082409 ], [ 3757880.532004104461521, 2172189.406878275796771 ], [ 3757882.259601284284145, 2172190.749104673042893 ], [ 3757883.501555572729558, 2172190.765869354829192 ], [ 3757885.038526680320501, 2172190.78667627600953 ], [ 3757885.082373912911862, 2172190.787218329496682 ], [ 3757888.04948077397421, 2172189.008442752994597 ], [ 3757890.87364976387471, 2172186.742014480754733 ], [ 3757893.255001890473068, 2172184.015720469877124 ], [ 3757895.340369327925146, 2172182.519352709874511 ], [ 3757897.043572019785643, 2172183.49757647048682 ], [ 3757897.142114215064794, 2172183.554098047316074 ], [ 3757897.054974197875708, 2172183.665352705400437 ], [ 3757895.873066240455955, 2172185.174948524683714 ], [ 3757893.482986251823604, 2172187.801834085024893 ], [ 3757891.358071025460958, 2172190.00326732872054 ], [ 3757889.090217941440642, 2172191.717047781683505 ], [ 3757887.191018272191286, 2172194.198077766224742 ], [ 3757885.278143119066954, 2172197.682348775677383 ], [ 3757885.617642666213214, 2172200.733119525481015 ], [ 3757886.035288130864501, 2172204.486312186345458 ], [ 3757886.194060618523508, 2172205.913112783804536 ], [ 3757888.836558801587671, 2172208.462109947577119 ], [ 3757888.941502580884844, 2172208.563315776642412 ], [ 3757892.419002136681229, 2172210.343951858580112 ], [ 3757896.495833568740636, 2172212.068882555235177 ], [ 3757899.4394521699287, 2172213.498530773911625 ], [ 3757902.677659452427179, 2172216.002795176114887 ], [ 3757906.449861799832433, 2172218.858129431959242 ], [ 3757910.239322766661644, 2172221.912312742788345 ], [ 3757913.534336138051003, 2172223.910361039917916 ], [ 3757915.685121485032141, 2172222.007103048730642 ], [ 3757915.749131878837943, 2172221.741587406955659 ], [ 3757916.499169218353927, 2172218.625068554189056 ], [ 3757916.579462236724794, 2172214.910429133567959 ], [ 3757915.686822840478271, 2172211.586894593201578 ], [ 3757915.910168830770999, 2172208.359990205615759 ], [ 3757917.900659661274403, 2172205.770247417502105 ], [ 3757917.259509773924947, 2172203.024500883184373 ], [ 3757916.193893757183105, 2172201.534557076636702 ], [ 3757915.311161023564637, 2172200.300127783790231 ], [ 3757915.291632742155343, 2172196.594762221444398 ], [ 3757917.23891060706228, 2172193.508110000751913 ], [ 3757919.239518895745277, 2172194.283861364703625 ], [ 3757919.739809976890683, 2172194.477877083234489 ], [ 3757920.763303901068866, 2172196.987730486318469 ], [ 3757921.907430904451758, 2172200.889052467420697 ], [ 3757922.131848885212094, 2172203.473173836246133 ], [ 3757921.917131742462516, 2172206.799502256792039 ], [ 3757923.240193482488394, 2172209.281519360374659 ], [ 3757925.372423888649791, 2172209.483938861172646 ], [ 3757930.659125219099224, 2172206.587737220805138 ], [ 3757930.653287961147726, 2172201.879230435471982 ], [ 3757931.107199202757329, 2172197.829291282687336 ], [ 3757928.838260962627828, 2172193.731947088614106 ], [ 3757925.830734512768686, 2172190.404727679211646 ], [ 3757917.383655313402414, 2172183.575540837831795 ], [ 3757915.934801123570651, 2172180.804637826047838 ], [ 3757913.760738343000412, 2172177.800668289884925 ], [ 3757912.151605158578604, 2172174.343377700075507 ], [ 3757911.775621856097132, 2172171.172179072163999 ], [ 3757912.166759098879993, 2172170.706352660432458 ], [ 3757914.057152037974447, 2172168.455161016434431 ], [ 3757917.375768203288317, 2172167.244871058501303 ], [ 3757917.602714329026639, 2172164.838840406853706 ], [ 3757917.690409911796451, 2172163.90925404895097 ], [ 3757917.0989397498779, 2172160.960696676280349 ], [ 3757916.980161586776376, 2172160.368324645794928 ], [ 3757919.764767745044082, 2172158.806866979692131 ], [ 3757923.421216036193073, 2172159.168299909681082 ], [ 3757926.574474664404988, 2172158.374091808218509 ], [ 3757927.632958008907735, 2172157.404041013680398 ], [ 3757929.372773111797869, 2172155.80949337920174 ], [ 3757932.427508807275444, 2172152.72003520745784 ], [ 3757935.533988381735981, 2172150.226927992887795 ], [ 3757937.25575227662921, 2172146.860651232302189 ], [ 3757935.694586956407875, 2172142.797655832022429 ], [ 3757935.024060627445579, 2172141.795479926280677 ], [ 3757934.306206936948001, 2172140.722511766944081 ], [ 3757932.400976441800594, 2172138.49506426602602 ], [ 3757932.393648154567927, 2172136.0911162244156 ], [ 3757934.36561575345695, 2172135.607249322347343 ], [ 3757937.419051982462406, 2172134.822316447738558 ], [ 3757937.798408914823085, 2172134.74588932050392 ], [ 3757940.189981661736965, 2172134.264101037289947 ], [ 3757941.170243301428854, 2172136.276945919729769 ], [ 3757941.355108338408172, 2172139.566129685379565 ], [ 3757942.013512262143195, 2172142.510723562445492 ], [ 3757943.22811827249825, 2172144.902589122299105 ], [ 3757945.121070910710841, 2172145.828736373689026 ], [ 3757946.880885964725167, 2172144.061952106654644 ], [ 3757948.49401658307761, 2172140.605656025465578 ], [ 3757950.704184053931385, 2172133.586947037838399 ], [ 3757951.500019024591893, 2172124.195034359581769 ], [ 3757950.438479606993496, 2172120.085690851788968 ], [ 3757950.992320407181978, 2172116.026466974522918 ], [ 3757951.988863257691264, 2172112.427027723751962 ], [ 3757952.343032922130078, 2172110.158434507902712 ], [ 3757952.83019289560616, 2172107.038636556360871 ], [ 3757953.823172159958631, 2172102.237208317965269 ], [ 3757955.610163739416748, 2172098.464079355821013 ], [ 3757958.122395113576204, 2172094.924214778002352 ], [ 3757960.842969011515379, 2172091.465016281697899 ], [ 3757965.249326255638152, 2172086.546599959954619 ], [ 3757966.85794287873432, 2172076.077287802007049 ], [ 3757967.888973887544125, 2172072.875352611299604 ], [ 3757968.269049745053053, 2172071.394040283281356 ], [ 3757968.942328636534512, 2172068.769701790064573 ], [ 3757968.888327782973647, 2172064.666842137929052 ], [ 3757967.604867644142359, 2172064.143514215946198 ], [ 3757966.487352834548801, 2172063.687780420295894 ], [ 3757964.84459926886484, 2172065.644037715625018 ], [ 3757963.761710886843503, 2172068.249541020020843 ], [ 3757962.370626347139478, 2172070.783455528318882 ], [ 3757958.817778182215989, 2172071.614797397051007 ], [ 3757956.159116176888347, 2172071.699577160645276 ], [ 3757953.897260368801653, 2172071.771751408930868 ], [ 3757950.461575926281512, 2172072.792555233929306 ], [ 3757948.054246304091066, 2172075.220679161604494 ], [ 3757947.790177620016038, 2172075.692493309732527 ], [ 3757946.397897680290043, 2172078.180062386207283 ], [ 3757945.323737828060985, 2172080.884975410997868 ], [ 3757943.221025566570461, 2172082.182601321022958 ], [ 3757940.631293075159192, 2172084.828023236244917 ], [ 3757940.403667377308011, 2172085.181914739310741 ], [ 3757939.12294683046639, 2172087.1724948505871 ], [ 3757936.815539629198611, 2172089.591331116855145 ], [ 3757934.283819930627942, 2172089.426032465416938 ], [ 3757932.221960952039808, 2172087.714072647504508 ], [ 3757931.989019534084946, 2172085.030512994620949 ], [ 3757931.313376758247614, 2172081.887168874032795 ], [ 3757931.771060586441308, 2172079.039191777352244 ], [ 3757933.10091916564852, 2172076.905428823083639 ], [ 3757933.361972271930426, 2172076.486598101444542 ], [ 3757933.900461903773248, 2172075.285276564769447 ], [ 3757934.627362274564803, 2172073.66377957817167 ], [ 3757934.31496271584183, 2172072.990939539857209 ], [ 3757933.512582525610924, 2172071.262640774250031 ], [ 3757930.221237088087946, 2172070.466559994965792 ], [ 3757928.850725720636547, 2172070.498751390725374 ], [ 3757925.900149066932499, 2172070.567796370014548 ], [ 3757921.10552147263661, 2172071.013622561469674 ], [ 3757918.064358696341515, 2172073.099852916318923 ], [ 3757916.008437642361969, 2172076.096477747429162 ], [ 3757914.321408684831113, 2172079.116421595215797 ], [ 3757914.178314555902034, 2172079.372584861703217 ], [ 3757912.983229388017207, 2172080.686080953571945 ], [ 3757910.156892299186438, 2172079.44597104145214 ], [ 3757907.235501161776483, 2172077.112617345526814 ], [ 3757908.09633681178093, 2172075.429487881250679 ], [ 3757908.111791192088276, 2172075.406292409170419 ], [ 3757909.522004597820342, 2172073.293054967653006 ], [ 3757909.314935090020299, 2172070.907669878099114 ], [ 3757907.56913401838392, 2172070.85342212067917 ], [ 3757905.276254525408149, 2172070.782206940930337 ], [ 3757901.959052443504333, 2172069.688050306402147 ], [ 3757899.728286575525999, 2172067.190278626978397 ], [ 3757897.162087020464242, 2172065.704465037211776 ], [ 3757894.957170995883644, 2172064.427784390281886 ], [ 3757890.572047556284815, 2172062.631273903418332 ], [ 3757886.090664578601718, 2172062.046027097851038 ], [ 3757885.530611041001976, 2172062.084387423470616 ], [ 3757881.98656167415902, 2172062.327454288490117 ], [ 3757877.601437678560615, 2172060.530944270081818 ], [ 3757873.059599429834634, 2172059.250037501100451 ], [ 3757869.438812570180744, 2172059.021054407581687 ], [ 3757869.212048670742661, 2172059.006687217392027 ], [ 3757861.483833909034729, 2172055.817748382221907 ], [ 3757857.762075717560947, 2172055.863284479826689 ], [ 3757856.716198799200356, 2172055.979976075235754 ], [ 3757852.376642388291657, 2172056.464260515291244 ], [ 3757849.715449532493949, 2172054.808005048893392 ], [ 3757850.60722292214632, 2172052.320482759736478 ], [ 3757853.595242279581726, 2172051.942438486032188 ], [ 3757856.286769011989236, 2172049.944968184456229 ], [ 3757856.527856856118888, 2172049.766069087199867 ], [ 3757858.258159552700818, 2172046.49923210311681 ], [ 3757858.891529339831322, 2172044.649626319762319 ], [ 3757859.463180202525109, 2172042.980634815990925 ], [ 3757860.941897640936077, 2172039.136026678606868 ], [ 3757861.9602812952362, 2172036.953980506397784 ], [ 3757862.081469174008816, 2172036.694470522925258 ], [ 3757862.555120346136391, 2172035.679614814929664 ], [ 3757863.733411202672869, 2172032.23875830322504 ], [ 3757863.760043223388493, 2172032.161034611985087 ], [ 3757863.727376662194729, 2172032.011768439784646 ], [ 3757863.093130423687398, 2172029.117096910253167 ], [ 3757862.117725057527423, 2172026.001619205344468 ], [ 3757860.767160356976092, 2172024.654269983526319 ], [ 3757860.464083221275359, 2172024.351941843517125 ], [ 3757857.897845671512187, 2172023.788945744745433 ], [ 3757855.452449011616409, 2172024.61748365405947 ], [ 3757855.289451875723898, 2172024.762578024528921 ], [ 3757851.80689885513857, 2172027.862084921449423 ], [ 3757848.245417194440961, 2172028.594007558654994 ], [ 3757844.945455858483911, 2172027.698602099437267 ], [ 3757844.455621790606529, 2172026.439717131201178 ], [ 3757843.779033084399998, 2172024.701094713062048 ], [ 3757843.134215774480253, 2172020.753275225870311 ], [ 3757842.293330970220268, 2172018.026091131381691 ], [ 3757841.305750115774572, 2172013.609295743983239 ], [ 3757840.895277118775994, 2172010.040497370995581 ], [ 3757841.209831455722451, 2172006.70489721884951 ], [ 3757841.064240159932524, 2172006.1286237584427 ], [ 3757840.606170563027263, 2172004.316265103407204 ], [ 3757840.442899478599429, 2172003.670264709740877 ], [ 3757838.889179606921971, 2172002.011297683697194 ], [ 3757837.586619846522808, 2172002.361034474335611 ], [ 3757836.035564816556871, 2172002.777552539017051 ], [ 3757834.146288372576237, 2172003.053476680535823 ], [ 3757833.057416258379817, 2172002.5231140749529 ], [ 3757831.728053005412221, 2172001.875567393377423 ], [ 3757831.369338331744075, 2171998.903217693790793 ], [ 3757832.439941385760903, 2171994.996310205198824 ], [ 3757833.128214191179723, 2171991.325393357314169 ], [ 3757833.990345611702651, 2171987.337640671990812 ], [ 3757833.715702772140503, 2171981.852612429764122 ], [ 3757833.375539761036634, 2171976.77448979858309 ], [ 3757833.004522216040641, 2171972.500643658917397 ], [ 3757832.73344246763736, 2171968.217606431804597 ], [ 3757831.14050680026412, 2171959.147944628726691 ], [ 3757829.639937603846192, 2171955.780787489842623 ], [ 3757827.913555652834475, 2171952.134049990214407 ], [ 3757827.360037380829453, 2171948.07751745916903 ], [ 3757827.297514482401311, 2171947.908683482557535 ], [ 3757826.176377399358898, 2171944.881259273737669 ], [ 3757824.341544350609183, 2171941.14437031140551 ], [ 3757825.14698539301753, 2171937.662916535045952 ], [ 3757827.857552528381348, 2171936.408929488621652 ], [ 3757831.510330756660551, 2171935.568297338671982 ], [ 3757833.852248308714479, 2171933.547061320394278 ], [ 3757835.79964594822377, 2171930.460400897078216 ], [ 3757837.269745199941099, 2171926.516372411511838 ], [ 3757836.928277385886759, 2171923.742775046732277 ], [ 3757834.98865323420614, 2171921.117708767298609 ], [ 3757832.730611934326589, 2171920.626298923976719 ], [ 3757827.935991624835879, 2171921.072219512891024 ], [ 3757827.361327889375389, 2171920.891448013484478 ], [ 3757825.969086899422109, 2171920.453517514280975 ], [ 3757824.863040082156658, 2171918.151785141322762 ], [ 3757823.727365627884865, 2171914.349919861648232 ], [ 3757821.71500188158825, 2171909.727794526610523 ], [ 3757819.311777304392308, 2171905.242218242026865 ], [ 3757817.542369955219328, 2171901.09844018612057 ], [ 3757817.343690510839224, 2171897.277993964031339 ], [ 3757817.241669684182853, 2171895.315271346829832 ], [ 3757817.513105117715895, 2171891.482649394311011 ], [ 3757817.819138481281698, 2171888.047610997222364 ], [ 3757816.518318911083043, 2171884.661891480907798 ], [ 3757814.127284038346261, 2171881.477729470003396 ], [ 3757813.44300883449614, 2171878.234861244447529 ], [ 3757813.966045381035656, 2171874.980109693948179 ], [ 3757814.27141147153452, 2171872.797524441499263 ], [ 3757814.463113322388381, 2171871.427199356257915 ], [ 3757813.405234608799219, 2171868.519729091320187 ], [ 3757811.374220668338239, 2171866.003392016980797 ], [ 3757809.691154034808278, 2171862.853547615464777 ], [ 3757809.177113515324891, 2171858.092066657729447 ], [ 3757805.446064503863454, 2171844.111494105774909 ], [ 3757804.184702517464757, 2171840.020726806484163 ], [ 3757801.422763977199793, 2171832.562703867442906 ], [ 3757801.220579544547945, 2171829.074786129873246 ], [ 3757800.901429560501128, 2171825.397374481428415 ], [ 3757800.882208814844489, 2171813.576374739408493 ], [ 3757801.847950126975775, 2171810.781410045921803 ], [ 3757803.126944154500961, 2171806.955371694639325 ], [ 3757803.858442687429488, 2171803.781369934324175 ], [ 3757803.896975939627737, 2171797.265289169736207 ], [ 3757803.734348548576236, 2171793.072308802977204 ], [ 3757803.484182012733072, 2171790.189998918678612 ], [ 3757803.290712452493608, 2171786.801392345689237 ], [ 3757802.928356552962214, 2171782.627072416245937 ], [ 3757802.700405257754028, 2171778.840964742004871 ], [ 3757799.863407200668007, 2171765.879390923772007 ], [ 3757797.368885853327811, 2171761.50242909649387 ], [ 3757795.802889905869961, 2171758.54206208139658 ], [ 3757795.979404894635081, 2171753.616282342933118 ], [ 3757795.686114792712033, 2171750.236949116922915 ], [ 3757796.18327602557838, 2171746.683927753008902 ], [ 3757796.358654776588082, 2171744.319736792240292 ], [ 3757796.415283683221787, 2171743.556455038487911 ], [ 3757801.410976213868707, 2171740.78746291808784 ], [ 3757802.128856575116515, 2171740.400252459570765 ], [ 3757804.10440940503031, 2171739.334717898629606 ], [ 3757804.622481998521835, 2171737.182518759742379 ], [ 3757801.27929662168026, 2171735.790094640571624 ], [ 3757797.596987577155232, 2171735.130568572320044 ], [ 3757794.388320194557309, 2171734.126438675448298 ], [ 3757794.771973538212478, 2171731.585928953252733 ], [ 3757795.117491566576064, 2171727.445945497602224 ], [ 3757794.572522445116192, 2171723.488857223652303 ], [ 3757796.019119896460325, 2171722.753253097645938 ], [ 3757799.819913284853101, 2171721.297720643691719 ], [ 3757804.171857261098921, 2171720.392125880345702 ], [ 3757807.938153160735965, 2171718.538995056413114 ], [ 3757814.475490441080183, 2171716.127646254841238 ], [ 3757818.128177928738296, 2171715.287043478805572 ], [ 3757819.134650753811002, 2171714.519088066183031 ], [ 3757820.267129417508841, 2171713.654942199122161 ], [ 3757821.716944611631334, 2171712.548678819090128 ], [ 3757822.420678014401346, 2171709.506994082592428 ], [ 3757823.327864868566394, 2171705.585789771750569 ], [ 3757822.200820425059646, 2171701.883253336884081 ], [ 3757819.728093997575343, 2171700.457709580659866 ], [ 3757819.656830116175115, 2171700.416646244935691 ], [ 3757815.718063056934625, 2171700.281877072528005 ], [ 3757811.557251319289207, 2171701.069581469520926 ], [ 3757810.467888647690415, 2171701.518420700915158 ], [ 3757807.47403090307489, 2171702.751712662167847 ], [ 3757802.930870648473501, 2171703.775308119133115 ], [ 3757799.126423551701009, 2171704.028866712935269 ], [ 3757797.03994980128482, 2171704.22288620704785 ], [ 3757794.231873361859471, 2171704.484062138013542 ], [ 3757788.190490985289216, 2171705.646994839888066 ], [ 3757784.472263296600431, 2171706.894405631348491 ], [ 3757782.539856289513409, 2171706.673298445995897 ], [ 3757782.306935890577734, 2171703.989739960525185 ], [ 3757783.741252726409584, 2171701.952738969121128 ], [ 3757786.403760503046215, 2171701.304482496343553 ], [ 3757791.537612052634358, 2171700.12566167768091 ], [ 3757796.636898757424206, 2171698.549454834312201 ], [ 3757797.327293532900512, 2171697.950673142448068 ], [ 3757799.35255018947646, 2171696.192914392799139 ], [ 3757801.999108694493771, 2171693.041192148346454 ], [ 3757804.124054200481623, 2171690.839778095018119 ], [ 3757803.799841254483908, 2171688.264934015460312 ], [ 3757800.998758132103831, 2171686.075787025503814 ], [ 3757800.018918008543551, 2171685.310076164547354 ], [ 3757796.050644356291741, 2171683.675258414819837 ], [ 3757792.208062750753015, 2171682.329342908691615 ], [ 3757790.446399567183107, 2171683.356356285046786 ], [ 3757789.141005211509764, 2171684.117383963894099 ], [ 3757788.04095055302605, 2171686.524116279557347 ], [ 3757785.729847583919764, 2171687.740871084854007 ], [ 3757784.828532143495977, 2171684.318028513342142 ], [ 3757783.514023693278432, 2171681.935449310112745 ], [ 3757780.966364759020507, 2171679.266771776136011 ], [ 3757779.417614127043635, 2171676.505154937505722 ], [ 3757779.95790651999414, 2171673.449158875271678 ], [ 3757779.404428018722683, 2171669.392728630453348 ], [ 3757778.97664197999984, 2171665.625200640875846 ], [ 3757778.423435026779771, 2171663.151202308014035 ], [ 3757778.318265886977315, 2171662.680607451125979 ], [ 3757777.434291504789144, 2171659.456499225459993 ], [ 3757777.197722174227238, 2171655.570969112683088 ], [ 3757776.912968614138663, 2171652.291077804751694 ], [ 3757775.269289590418339, 2171648.436300065368414 ], [ 3757773.390027858316898, 2171646.506906653754413 ], [ 3757771.188798437826335, 2171645.509275614283979 ], [ 3757769.209645923227072, 2171643.589367461856455 ], [ 3757768.833697892259806, 2171640.418173102196306 ], [ 3757769.418412025086582, 2171635.554484756663442 ], [ 3757770.141212122049183, 2171632.281177354976535 ], [ 3757770.738206238485873, 2171628.718885990791023 ], [ 3757772.603045315481722, 2171625.840260593220592 ], [ 3757775.149703527800739, 2171622.697927636094391 ], [ 3757777.500251716002822, 2171620.776030423119664 ], [ 3757780.815243285149336, 2171618.363792391493917 ], [ 3757784.364461199380457, 2171616.330494274385273 ], [ 3757788.247843023389578, 2171614.666945348959416 ], [ 3757796.774295724928379, 2171611.970420654397458 ], [ 3757802.495438940823078, 2171609.805209837853909 ], [ 3757803.793798992410302, 2171609.313823006581515 ], [ 3757807.839846672024578, 2171608.018121825531125 ], [ 3757808.202544806990772, 2171607.901925012469292 ], [ 3757812.077298430725932, 2171606.138954596593976 ], [ 3757815.526693066116422, 2171604.114932750817388 ], [ 3757819.204524395987391, 2171600.243471964728087 ], [ 3757819.494068737607449, 2171599.9387325970456 ], [ 3757821.458733005914837, 2171597.050839879084378 ], [ 3757823.380190190859139, 2171593.666038820520043 ], [ 3757823.368611592333764, 2171591.480305846780539 ], [ 3757823.360613088589162, 2171589.960702191106975 ], [ 3757820.830216038040817, 2171587.490871453657746 ], [ 3757818.363817369565368, 2171586.918686743825674 ], [ 3757815.046602113172412, 2171585.824414327740669 ], [ 3757812.302853289525956, 2171584.376267235726118 ], [ 3757811.522342311218381, 2171582.34476141538471 ], [ 3757812.14522481802851, 2171579.08074744977057 ], [ 3757811.796875540167093, 2171578.43467718269676 ], [ 3757811.245143106672913, 2171577.411241604480892 ], [ 3757811.065046669915318, 2171577.077091680839658 ], [ 3757809.154874186962843, 2171575.952281896024942 ], [ 3757807.974872786086053, 2171573.957898600026965 ], [ 3757808.675360324326903, 2171571.588408497627825 ], [ 3757809.137373917270452, 2171571.345153490547091 ], [ 3757810.9864516640082, 2171570.371562182437629 ], [ 3757812.927179559133947, 2171570.191052291542292 ], [ 3757813.883271148893982, 2171570.102138357236981 ], [ 3757816.376867624465376, 2171568.667980872094631 ], [ 3757818.007287750020623, 2171565.410455195698887 ], [ 3757818.135342982597649, 2171565.107505227904767 ], [ 3757819.594584291800857, 2171561.65590682765469 ], [ 3757820.899469545576721, 2171558.128057143650949 ], [ 3757821.286088705062866, 2171556.781981463544071 ], [ 3757821.904786410741508, 2171554.628041367046535 ], [ 3757822.601709580048919, 2171551.056467686314136 ], [ 3757824.045977363362908, 2171546.814284454099834 ], [ 3757825.776321302633733, 2171543.547471831087023 ], [ 3757827.840797430370003, 2171540.650212057400495 ], [ 3757830.339374566916376, 2171538.113511013332754 ], [ 3757831.673777864314616, 2171536.08580782590434 ], [ 3757830.684911685995758, 2171533.973537615500391 ], [ 3757828.7044173842296, 2171534.358045451808721 ], [ 3757826.706584304571152, 2171534.543819385115057 ], [ 3757820.947507792152464, 2171535.480048565194011 ], [ 3757819.187662648037076, 2171537.246814487036318 ], [ 3757817.774241322651505, 2171540.684625913389027 ], [ 3757816.560648774262518, 2171544.103762053884566 ], [ 3757815.629385136533529, 2171547.296314537990838 ], [ 3757815.063230997882783, 2171550.054228034801781 ], [ 3757814.738027882762253, 2171550.830066269263625 ], [ 3757814.145559266675264, 2171552.243560557253659 ], [ 3757812.225428907200694, 2171553.323842974379659 ], [ 3757811.70557330083102, 2171552.316116946749389 ], [ 3757810.893671720288694, 2171550.742415551561862 ], [ 3757810.611657462082803, 2171550.43047565408051 ], [ 3757809.55696661490947, 2171549.263730842620134 ], [ 3757808.433681565802544, 2171546.763150177896023 ], [ 3757808.423677708022296, 2171546.727017557248473 ], [ 3757807.701259578578174, 2171544.126022888347507 ], [ 3757805.865141717717052, 2171542.693749195896089 ], [ 3757803.350639742799103, 2171542.727086847648025 ], [ 3757801.766086231451482, 2171541.872486677486449 ], [ 3757800.776773880235851, 2171539.96177554409951 ], [ 3757800.677198486402631, 2171539.769520913250744 ], [ 3757801.004163735546172, 2171537.735312155913562 ], [ 3757801.173129206988961, 2171537.534131110180169 ], [ 3757803.011940686963499, 2171535.344346214551479 ], [ 3757805.680659593082964, 2171532.473791807424277 ], [ 3757805.866885773837566, 2171532.273498181719333 ], [ 3757809.837917715776712, 2171529.299274094868451 ], [ 3757812.940572764724493, 2171526.580062808003277 ], [ 3757813.674630820285529, 2171525.93672444857657 ], [ 3757815.682424035854638, 2171523.545858179219067 ], [ 3757815.709608321543783, 2171521.539418147411197 ], [ 3757814.472727482672781, 2171520.05146076483652 ], [ 3757813.898056093603373, 2171520.104915415868163 ], [ 3757811.476068121846765, 2171520.330056426580995 ], [ 3757809.091003740672022, 2171521.85424914304167 ], [ 3757806.358116696588695, 2171524.012125926092267 ], [ 3757806.239547117613256, 2171524.113036126829684 ], [ 3757803.451419620774686, 2171526.486526120454073 ], [ 3757800.632202646695077, 2171527.650472022593021 ], [ 3757797.896581926383078, 2171526.175095170736313 ], [ 3757797.779904740862548, 2171526.112187901511788 ], [ 3757794.710636925883591, 2171524.393812830559909 ], [ 3757791.927314608357847, 2171523.650628189556301 ], [ 3757789.414159582927823, 2171521.379546567332 ], [ 3757787.240230784751475, 2171518.375552929006517 ], [ 3757785.048947769217193, 2171515.172726971097291 ], [ 3757784.073689555749297, 2171512.057333741337061 ], [ 3757783.454783556051552, 2171508.407696964219213 ], [ 3757783.426600882783532, 2171504.603034493047744 ], [ 3757783.649998164735734, 2171501.376143870409578 ], [ 3757785.971037728246301, 2171497.954108466859907 ], [ 3757786.33891739603132, 2171497.779434645548463 ], [ 3757789.646052667871118, 2171496.209705355577171 ], [ 3757790.563628680072725, 2171494.020389657001942 ], [ 3757788.572191555518657, 2171490.798986229114234 ], [ 3757786.289714694954455, 2171487.70485670119524 ], [ 3757784.076228617690504, 2171485.405924626160413 ], [ 3757782.227837023325264, 2171482.672255366109312 ], [ 3757782.798976252321154, 2171478.811796006280929 ], [ 3757782.032062446698546, 2171475.777069894596934 ], [ 3757779.353658788837492, 2171473.922147133387625 ], [ 3757777.152431862428784, 2171472.924511398654431 ], [ 3757775.156030227895826, 2171470.805752088315785 ], [ 3757774.172032739967108, 2171467.590852815657854 ], [ 3757774.152579873334616, 2171463.885599018074572 ], [ 3757774.267430258914828, 2171460.568573501892388 ], [ 3757775.437906833831221, 2171456.652415194548666 ], [ 3757777.185497966594994, 2171453.584353790152818 ], [ 3757778.633421615697443, 2171450.544142269529402 ], [ 3757779.486991751007736, 2171446.457084131892771 ], [ 3757780.209791017696261, 2171443.183686343487352 ], [ 3757781.537006620317698, 2171438.75202753720805 ], [ 3757782.133996804710478, 2171437.697343204636127 ], [ 3757783.632340143900365, 2171435.050398689694703 ], [ 3757787.565256103873253, 2171430.476710177026689 ], [ 3757790.280810804571956, 2171428.120103599503636 ], [ 3757793.613054992631078, 2171425.906630725599825 ], [ 3757796.328724240884185, 2171423.550106861162931 ], [ 3757799.329619050957263, 2171422.212009499780834 ], [ 3757800.303395116701722, 2171421.777762498706579 ], [ 3757804.168210159055889, 2171422.219994190149009 ], [ 3757807.98127515707165, 2171422.065779318567365 ], [ 3757810.371310921385884, 2171419.43894809903577 ], [ 3757811.58489820221439, 2171416.019719156436622 ], [ 3757812.190637138672173, 2171412.556846686638892 ], [ 3757811.797368000727147, 2171409.18692490644753 ], [ 3757811.569448827300221, 2171405.400827836245298 ], [ 3757813.108670712448657, 2171402.251908452250063 ], [ 3757814.170717678498477, 2171398.245702468324453 ], [ 3757814.003046565223485, 2171395.155296447686851 ], [ 3757813.91815711883828, 2171391.856835716869682 ], [ 3757815.780491984449327, 2171389.142549707088619 ], [ 3757815.97414712049067, 2171388.860339455772191 ], [ 3757819.64915169402957, 2171387.115848653949797 ], [ 3757824.157731663901359, 2171385.694697900675237 ], [ 3757828.144691032823175, 2171385.223850026726723 ], [ 3757832.648386002052575, 2171384.905228523071855 ], [ 3757834.0280517982319, 2171383.765488028060645 ], [ 3757835.654998862184584, 2171382.421453594230115 ], [ 3757835.370365118607879, 2171379.141554810106754 ], [ 3757834.451720118056983, 2171375.519886419177055 ], [ 3757833.002910200506449, 2171372.748981548007578 ], [ 3757831.970846490934491, 2171370.13980376906693 ], [ 3757831.803276313468814, 2171367.049382952973247 ], [ 3757834.324187296908349, 2171363.608882039319724 ], [ 3757837.343056748621166, 2171362.426402895711362 ], [ 3757840.878693070262671, 2171361.396346644964069 ], [ 3757844.428024048451334, 2171359.363056268543005 ], [ 3757847.9685302185826, 2171357.230374793987721 ], [ 3757851.595461172517389, 2171356.091607288457453 ], [ 3757854.035893039312214, 2171356.365643203724176 ], [ 3757855.407184666953981, 2171358.241911363787949 ], [ 3757857.703247332945466, 2171360.332823541946709 ], [ 3757860.403982745017856, 2171361.284038580488414 ], [ 3757863.948230281006545, 2171360.353309983853251 ], [ 3757865.463010088540614, 2171358.297952711116523 ], [ 3757865.930068195797503, 2171357.664298021700233 ], [ 3757866.356850317213684, 2171355.620725408196449 ], [ 3757868.464560355525464, 2171353.220485073048621 ], [ 3757873.581186200957745, 2171351.842954257503152 ], [ 3757876.93920143507421, 2171349.927684330381453 ], [ 3757881.973258482757956, 2171348.758274739142507 ], [ 3757885.073385414667428, 2171349.672386613674462 ], [ 3757887.782731712330133, 2171350.722928662318736 ], [ 3757890.488336463458836, 2171350.571519789751619 ], [ 3757891.116864934563637, 2171348.832644726615399 ], [ 3757891.462721249554306, 2171347.8759037675336 ], [ 3757891.078085752669722, 2171344.605411009397358 ], [ 3757889.446772585622966, 2171342.051817252766341 ], [ 3757887.476245664525777, 2171340.23122989712283 ], [ 3757884.236536232754588, 2171340.031481859274209 ], [ 3757881.131341390777379, 2171340.220027303788811 ], [ 3757878.034773836843669, 2171340.507996924687177 ], [ 3757874.560939052142203, 2171339.929293731227517 ], [ 3757871.751753472723067, 2171338.887925539165735 ], [ 3757869.659080091863871, 2171337.980420056264848 ], [ 3757867.240773777477443, 2171336.802605532109737 ], [ 3757867.048093190416694, 2171336.30913660209626 ], [ 3757866.334600064903498, 2171334.482298106886446 ], [ 3757868.754134552087635, 2171333.355519869830459 ], [ 3757870.992707339115441, 2171333.28276885394007 ], [ 3757872.067702763248235, 2171333.247837841510773 ], [ 3757874.900538136251271, 2171331.080787708982825 ], [ 3757878.172327973879874, 2171328.171573901548982 ], [ 3757879.452702406328171, 2171327.58241334464401 ], [ 3757881.17395880818367, 2171326.790349976625293 ], [ 3757882.993834012653679, 2171326.453838560730219 ], [ 3757884.444504425860941, 2171326.185631017200649 ], [ 3757887.719936524983495, 2171324.47838551690802 ], [ 3757890.909157900605351, 2171321.77729338593781 ], [ 3757893.481789454352111, 2171318.933050457388163 ], [ 3757898.472627683077008, 2171317.2666399134323 ], [ 3757901.288125910796225, 2171314.900859427638352 ], [ 3757903.53512523882091, 2171311.786308649927378 ], [ 3757902.845937898382545, 2171309.646191769745201 ], [ 3757898.789924417622387, 2171309.322046470828354 ], [ 3757897.244839261285961, 2171307.762397643644363 ], [ 3757898.135341716464609, 2171305.96440164046362 ], [ 3757898.701401173137128, 2171304.821625582873821 ], [ 3757900.468166218139231, 2171301.7549620969221 ], [ 3757900.714162315241992, 2171301.328037644736469 ], [ 3757899.482358361128718, 2171298.737421881407499 ], [ 3757896.630084553267807, 2171297.199226249940693 ], [ 3757893.016750043258071, 2171297.334769445005804 ], [ 3757890.505904181394726, 2171298.570158527232707 ], [ 3757887.972833502106369, 2171300.709340872708708 ], [ 3757885.613543556537479, 2171302.53180594695732 ], [ 3757885.683958049397916, 2171301.022377233020961 ], [ 3757888.113465268164873, 2171297.690516124479473 ], [ 3757887.946015299297869, 2171294.600181424990296 ], [ 3757888.837720497045666, 2171292.112605222035199 ], [ 3757891.613740982022136, 2171290.451770533807576 ], [ 3757895.50939017161727, 2171290.089547842275351 ], [ 3757898.958802107255906, 2171288.065555701032281 ], [ 3757900.232858738861978, 2171285.342094377614558 ], [ 3757898.479318405967206, 2171283.701695745345205 ], [ 3757895.99069728795439, 2171284.033291013445705 ], [ 3757894.284001423511654, 2171284.091765965335071 ], [ 3757892.547715461347252, 2171282.650215225759894 ], [ 3757891.432958994992077, 2171280.248978981282562 ], [ 3757889.86701056919992, 2171277.288711776956916 ], [ 3757888.765966797247529, 2171273.884340642951429 ], [ 3757889.470700212754309, 2171271.512152937240899 ], [ 3757889.623081321828067, 2171270.999183842446655 ], [ 3757891.034237088635564, 2171269.31882110517472 ], [ 3757892.17849357612431, 2171267.956292503047734 ], [ 3757894.959486372768879, 2171265.192818898707628 ], [ 3757897.019027255475521, 2171263.398318837396801 ], [ 3757904.361781417392194, 2171257.505536093376577 ], [ 3757907.890238550491631, 2171254.07154341135174 ], [ 3757918.472992360126227, 2171240.262948848307133 ], [ 3757921.420587847009301, 2171234.778815207537264 ], [ 3757922.088148277252913, 2171229.707204069942236 ], [ 3757921.369361423887312, 2171226.066965545527637 ], [ 3757918.220947053283453, 2171225.758498317562044 ], [ 3757915.272158089559525, 2171226.702761986292899 ], [ 3757914.693934745155275, 2171226.887964006513357 ], [ 3757910.915445395745337, 2171227.439642876386642 ], [ 3757909.918965452816337, 2171227.186222488991916 ], [ 3757906.59071585489437, 2171226.338955279905349 ], [ 3757902.951530308462679, 2171226.176418435294181 ], [ 3757899.29010262619704, 2171226.917575937695801 ], [ 3757896.722451890818775, 2171228.659270512871444 ], [ 3757893.625866955146194, 2171228.94713541585952 ], [ 3757890.651430444326252, 2171228.321919993497431 ], [ 3757887.816412216052413, 2171226.982570118270814 ], [ 3757886.01112634409219, 2171224.745725398417562 ], [ 3757885.178916282951832, 2171222.117973529733717 ], [ 3757883.395773943047971, 2171218.977450665086508 ], [ 3757879.913312090560794, 2171218.299317237921059 ], [ 3757872.195966845843941, 2171218.716310481075197 ], [ 3757868.704778799787164, 2171217.93876988068223 ], [ 3757868.262257491238415, 2171217.40621791081503 ], [ 3757867.46799073042348, 2171216.450696001760662 ], [ 3757869.010783407371491, 2171214.503870888147503 ], [ 3757869.0141427712515, 2171214.496971361804754 ], [ 3757870.293456473387778, 2171211.879736488685012 ], [ 3757870.851037247572094, 2171209.022608885075897 ], [ 3757871.420771615579724, 2171208.077994870487601 ], [ 3757872.259498486761004, 2171206.687360377516598 ], [ 3757875.783049957361072, 2171205.364230716601014 ], [ 3757876.160138595849276, 2171205.222599536646158 ], [ 3757883.449822415597737, 2171201.037982597015798 ], [ 3757886.220200299285352, 2171199.798783008009195 ], [ 3757886.842437437269837, 2171199.520304962527007 ], [ 3757893.331606841646135, 2171197.71456784941256 ], [ 3757896.029936741571873, 2171195.159234724473208 ], [ 3757897.334320894442499, 2171193.131855824030936 ], [ 3757897.538336555939168, 2171192.814798495732248 ], [ 3757898.560824318788946, 2171189.513570132199675 ], [ 3757898.692935641855001, 2171186.395308764185756 ], [ 3757898.490902487188578, 2171182.90739599103108 ], [ 3757897.846160095185041, 2171178.959597705863416 ], [ 3757893.210848558694124, 2171174.280859213322401 ], [ 3757889.775030008517206, 2171175.301627900451422 ], [ 3757886.942299656104296, 2171177.468749099876732 ], [ 3757886.563744236249477, 2171177.823994091246277 ], [ 3757884.335164903663099, 2171179.915386262349784 ], [ 3757881.149586592800915, 2171183.818532749544829 ], [ 3757878.633747389540076, 2171186.156458872370422 ], [ 3757875.70136958733201, 2171188.251827461645007 ], [ 3757875.410038742702454, 2171188.460043153725564 ], [ 3757872.051931049674749, 2171190.375416614115238 ], [ 3757865.857423928566277, 2171193.255751960910857 ], [ 3757862.981574648991227, 2171194.925854752771556 ], [ 3757861.381879658903927, 2171197.379005182534456 ], [ 3757859.883282505441457, 2171199.29800664819777 ], [ 3757858.935125065036118, 2171200.51211254298687 ], [ 3757856.667124729603529, 2171202.225862387102097 ], [ 3757853.947901728097349, 2171203.380384942982346 ], [ 3757852.471804096829146, 2171202.615930147003382 ], [ 3757851.760295546613634, 2171201.379621905274689 ], [ 3757851.442654980812222, 2171196.29290119651705 ], [ 3757851.244037670083344, 2171193.111688560806215 ], [ 3757853.997836784459651, 2171192.354649527929723 ], [ 3757856.994485621340573, 2171192.075974152423441 ], [ 3757859.63112393533811, 2171191.129473859909922 ], [ 3757861.113559916615486, 2171188.486878192052245 ], [ 3757861.393685698043555, 2171184.7537079481408 ], [ 3757860.196364047937095, 2171182.56059091584757 ], [ 3757859.121207555755973, 2171179.454491477459669 ], [ 3757856.833763239439577, 2171177.462901582941413 ], [ 3757854.795465161558241, 2171177.582180899567902 ], [ 3757853.928310642018914, 2171177.632880541495979 ], [ 3757850.749055364634842, 2171178.128881120122969 ], [ 3757848.229592754971236, 2171179.264941131696105 ], [ 3757846.014755695126951, 2171179.270414665341377 ], [ 3757844.235351901501417, 2171177.331841062288731 ], [ 3757844.219464117661119, 2171174.828582540154457 ], [ 3757844.698911860119551, 2171174.334535885602236 ], [ 3757847.639365102630109, 2171171.304355895146728 ], [ 3757847.640716081485152, 2171168.99984731990844 ], [ 3757843.108863808214664, 2171165.513803169131279 ], [ 3757840.904004727490246, 2171163.31419162498787 ], [ 3757836.332769626285881, 2171160.533075968269259 ], [ 3757833.701020302716643, 2171160.377049891743809 ], [ 3757830.690754139330238, 2171161.658843552228063 ], [ 3757828.028248930349946, 2171162.307170413900167 ], [ 3757825.079675999004394, 2171161.980128505267203 ], [ 3757822.983365824911743, 2171159.870652843732387 ], [ 3757821.599914855789393, 2171156.692976397462189 ], [ 3757820.664131857920438, 2171152.872446592897177 ], [ 3757819.549411716405302, 2171150.471405562013388 ], [ 3757816.962299118284136, 2171148.507663260214031 ], [ 3757813.979249173775315, 2171147.783121729269624 ], [ 3757813.659740136936307, 2171149.110490038990974 ], [ 3757813.535203271079808, 2171149.627843631897122 ], [ 3757810.256039555650204, 2171150.133231383282691 ], [ 3757805.942347991280258, 2171148.504750412888825 ], [ 3757805.571181693580002, 2171148.364637422375381 ], [ 3757804.651524022687227, 2171148.93212205125019 ], [ 3757803.850867023225874, 2171149.426230240613222 ], [ 3757802.407909881323576, 2171151.363882752135396 ], [ 3757799.99697911599651, 2171152.589982064440846 ], [ 3757797.794695843942463, 2171150.918442636728287 ], [ 3757797.409782739821821, 2171150.62635446479544 ], [ 3757798.063636217266321, 2171146.557871653232723 ], [ 3757795.293932381551713, 2171144.811553649604321 ], [ 3757787.803640118800104, 2171143.203636493999511 ], [ 3757784.12994178570807, 2171142.643405866809189 ], [ 3757779.965388567652553, 2171142.229220017790794 ], [ 3757776.148778319358826, 2171141.181436062790453 ], [ 3757768.327862928621471, 2171140.4057543175295 ], [ 3757760.837454373016953, 2171138.797757445834577 ], [ 3757756.655744979158044, 2171138.184708493761718 ], [ 3757749.301102072466165, 2171134.660510909743607 ], [ 3757748.220503309275955, 2171133.136058554053307 ], [ 3757747.235630047507584, 2171131.746567007619888 ], [ 3757749.272126878611743, 2171129.22335640899837 ], [ 3757749.50862481398508, 2171128.93026992958039 ], [ 3757752.2450753278099, 2171127.974396373145282 ], [ 3757755.286298213526607, 2171125.888213302008808 ], [ 3757756.169401988387108, 2171123.301309858914465 ], [ 3757753.703003040514886, 2171122.729111392982304 ], [ 3757749.647080895956606, 2171122.404947713948786 ], [ 3757745.995609194971621, 2171120.94092422304675 ], [ 3757738.204209354706109, 2171121.665483656339347 ], [ 3757734.568737381603569, 2171122.70480420300737 ], [ 3757733.651633458212018, 2171122.877058823592961 ], [ 3757731.398104568943381, 2171123.300233112182468 ], [ 3757730.552280762698501, 2171121.675597694702446 ], [ 3757732.837426228448749, 2171120.160609886050224 ], [ 3757735.418717369902879, 2171117.415888167917728 ], [ 3757737.489380294457078, 2171114.854012441355735 ], [ 3757737.78289441857487, 2171114.490796846337616 ], [ 3757738.524807550013065, 2171113.400184377096593 ], [ 3757739.747496444731951, 2171111.602940334007144 ], [ 3757739.874970979988575, 2171111.512151419185102 ], [ 3757742.497663395479321, 2171109.643931248690933 ], [ 3757745.816327712498605, 2171108.433694113977253 ], [ 3757747.582213427871466, 2171106.831471867859364 ], [ 3757748.523277101572603, 2171105.977679957635701 ], [ 3757750.457040004897863, 2171103.894292429089546 ], [ 3757751.540959725622088, 2171102.549146559089422 ], [ 3757752.638725690543652, 2171101.186611169483513 ], [ 3757753.504577230662107, 2171098.400860410183668 ], [ 3757752.415806612931192, 2171096.297877656295896 ], [ 3757749.663356507662684, 2171094.750407060142606 ], [ 3757746.649449317716062, 2171094.830235398840159 ], [ 3757742.751059142872691, 2171098.058129139710218 ], [ 3757739.735030354000628, 2171100.55542734451592 ], [ 3757739.697527055162936, 2171100.586481438949704 ], [ 3757735.857939152047038, 2171102.864771679975092 ], [ 3757735.292488689068705, 2171103.200296530034393 ], [ 3757733.92822718527168, 2171103.84990135487169 ], [ 3757728.233469848521054, 2171106.561882314737886 ], [ 3757724.597913912963122, 2171107.601317050866783 ], [ 3757720.211451252922416, 2171108.109274237416685 ], [ 3757716.189921092707664, 2171108.18272611591965 ], [ 3757712.039049322716892, 2171106.765209756791592 ], [ 3757708.456659347750247, 2171106.096367055550218 ], [ 3757705.222031187266111, 2171104.794056089129299 ], [ 3757702.631847473792732, 2171106.645042033866048 ], [ 3757701.998313835822046, 2171107.097650275565684 ], [ 3757698.991695310454816, 2171109.581516724545509 ], [ 3757695.094583816826344, 2171112.248270901385695 ], [ 3757691.502229412086308, 2171113.784616525750607 ], [ 3757687.649672657717019, 2171114.643766509369016 ], [ 3757686.878807498607785, 2171114.733025485184044 ], [ 3757678.876594305969775, 2171115.660015269648284 ], [ 3757674.863757255487144, 2171115.83268198557198 ], [ 3757670.673417387530208, 2171115.12021263083443 ], [ 3757667.034222742076963, 2171114.95768321538344 ], [ 3757663.773727734573185, 2171113.357199691236019 ], [ 3757661.482658485881984, 2171110.163738790899515 ], [ 3757658.835101765580475, 2171107.504339073784649 ], [ 3757655.257699666079134, 2171105.732953917700797 ], [ 3757651.327447044663131, 2171105.69759943569079 ], [ 3757649.437097146175802, 2171105.106077894102782 ], [ 3757648.118796509690583, 2171104.693546612281352 ], [ 3757644.033253437373787, 2171102.869162675458938 ], [ 3757643.037410880438983, 2171102.24349441472441 ], [ 3757640.838203805498779, 2171100.861890711821616 ], [ 3757637.791055604349822, 2171098.239627748727798 ], [ 3757631.101173027418554, 2171094.252850478049368 ], [ 3757628.357429238967597, 2171092.80469218082726 ], [ 3757624.735486814752221, 2171092.84101235261187 ], [ 3757621.790544958785176, 2171093.715946068055928 ], [ 3757618.60131745878607, 2171096.417145610786974 ], [ 3757616.750237219966948, 2171098.292502750642598 ], [ 3757613.182393016293645, 2171102.43154422333464 ], [ 3757612.235210307873785, 2171103.120826023630798 ], [ 3757611.563505118712783, 2171103.143801703117788 ], [ 3757610.528508661314845, 2171103.179304336197674 ], [ 3757608.435832245275378, 2171102.271798192057759 ], [ 3757607.21618262398988, 2171100.982489239424467 ], [ 3757608.333408743608743, 2171098.890389706473798 ], [ 3757608.342236119322479, 2171098.873926561325788 ], [ 3757609.142771278508008, 2171096.495136476121843 ], [ 3757605.031361450906843, 2171094.372579161077738 ], [ 3757598.871746908407658, 2171089.535022538620979 ], [ 3757596.432661038357764, 2171086.956470091827214 ], [ 3757595.782945927698165, 2171084.111302513629198 ], [ 3757597.217280516400933, 2171082.074217135086656 ], [ 3757598.906386516056955, 2171080.647724303416908 ], [ 3757599.750368176028132, 2171079.935025293380022 ], [ 3757601.643015868030488, 2171079.059452057816088 ], [ 3757602.460973861627281, 2171078.681068879086524 ], [ 3757603.695577985141426, 2171076.662642635405064 ], [ 3757601.781757616437972, 2171074.335757178720087 ], [ 3757597.453379216603935, 2171072.033107373397797 ], [ 3757593.019989081658423, 2171070.842308022081852 ], [ 3757591.084577947854996, 2171070.1343879615888 ], [ 3757588.652128017973155, 2171069.244605520740151 ], [ 3757584.71436177007854, 2171069.685391157865524 ], [ 3757583.366667996626347, 2171069.836215359624475 ], [ 3757582.882256182841957, 2171070.517455836758018 ], [ 3757581.84102145023644, 2171071.981915449723601 ], [ 3757579.304311979562044, 2171072.919235991779715 ], [ 3757577.109962179791182, 2171072.553732660599053 ], [ 3757575.830451256129891, 2171072.34043578710407 ], [ 3757572.794227616395801, 2171073.324182259850204 ], [ 3757572.198833156377077, 2171073.457508396357298 ], [ 3757569.732123165857047, 2171074.00965620437637 ], [ 3757569.059411223046482, 2171073.646851306781173 ], [ 3757567.830565668642521, 2171072.984165390953422 ], [ 3757564.907865878660232, 2171072.955403775908053 ], [ 3757558.908482604660094, 2171076.191320042591542 ], [ 3757558.847848101519048, 2171076.22406469238922 ], [ 3757552.157455464359373, 2171080.352927513420582 ], [ 3757549.295195852871984, 2171081.019826271105558 ], [ 3757546.763460301794112, 2171080.854504165705293 ], [ 3757544.593088321853429, 2171079.052490829955786 ], [ 3757544.694363830145448, 2171076.738684590905905 ], [ 3757547.482059971895069, 2171073.764446460641921 ], [ 3757549.118099864572287, 2171072.019066737964749 ], [ 3757552.508430346846581, 2171066.994784434325993 ], [ 3757552.714505134150386, 2171063.569061926566064 ], [ 3757551.63072271971032, 2171060.363529689144343 ], [ 3757551.197993105277419, 2171057.698550804518163 ], [ 3757551.304244739003479, 2171054.282100633252412 ], [ 3757550.842029838822782, 2171050.117074685636908 ], [ 3757548.33396056573838, 2171046.74332371680066 ], [ 3757545.607370311394334, 2171045.494030607864261 ], [ 3757543.140966444741935, 2171044.921836220659316 ], [ 3757539.154102509375662, 2171045.392764379270375 ], [ 3757534.862381234299392, 2171046.994120920076966 ], [ 3757533.879449419677258, 2171049.590306083671749 ], [ 3757533.512995418161154, 2171052.329560148529708 ], [ 3757534.07379522267729, 2171058.789914753288031 ], [ 3757533.7626021085307, 2171060.584677617996931 ], [ 3757533.738295957446098, 2171060.724780751392245 ], [ 3757533.593543798197061, 2171060.655410834122449 ], [ 3757531.111612013541162, 2171059.466101886238903 ], [ 3757528.124933033250272, 2171057.539694591425359 ], [ 3757525.112373294774443, 2171055.315014367923141 ], [ 3757522.065222832839936, 2171052.692751285620034 ], [ 3757518.952756063546985, 2171050.477457597851753 ], [ 3757516.722027298994362, 2171047.979670014232397 ], [ 3757514.205246943980455, 2171044.506608734838665 ], [ 3757513.07325674733147, 2171041.906615234445781 ], [ 3757511.994564414490014, 2171037.598518690560013 ], [ 3757509.638048438820988, 2171034.811844531446695 ], [ 3757507.450438833795488, 2171032.811080113984644 ], [ 3757504.446407440118492, 2171030.685840047895908 ], [ 3757502.532685206737369, 2171028.358937363605946 ], [ 3757500.544905317015946, 2171026.339497865643352 ], [ 3757497.696162222884595, 2171026.00329035660252 ], [ 3757495.896807283628732, 2171028.475001307204366 ], [ 3757492.951876053586602, 2171029.350037821568549 ], [ 3757489.457153990399092, 2171027.370615686289966 ], [ 3757486.010510274209082, 2171024.785473468247801 ], [ 3757480.367645405232906, 2171020.100240531377494 ], [ 3757477.303256833925843, 2171017.279226405080408 ], [ 3757475.671867022290826, 2171014.725740067660809 ], [ 3757475.412243461236358, 2171011.734681759960949 ], [ 3757475.180153833702207, 2171009.060564218554646 ], [ 3757475.646434100810438, 2171006.312036315910518 ], [ 3757479.542449339292943, 2171001.488239355850965 ], [ 3757480.283529813401401, 2171000.570634265430272 ], [ 3757482.810710419435054, 2170993.722976852208376 ], [ 3757487.911863922141492, 2170975.646612234413624 ], [ 3757488.124326071236283, 2170974.89365875069052 ], [ 3757488.71187080303207, 2170974.242394982371479 ], [ 3757490.788299944717437, 2170971.940788185223937 ], [ 3757490.563948046881706, 2170969.356672366615385 ], [ 3757488.171601176261902, 2170968.47701405826956 ], [ 3757485.361066223587841, 2170969.740260399412364 ], [ 3757483.201697924174368, 2170971.544142638798803 ], [ 3757481.408590899314731, 2170970.608803153503686 ], [ 3757481.084414972458035, 2170968.033959127962589 ], [ 3757479.482526630628854, 2170966.980618579313159 ], [ 3757477.367603008169681, 2170966.976809934712946 ], [ 3757475.249060670845211, 2170965.77112826006487 ], [ 3757473.947662579361349, 2170965.743071950040758 ], [ 3757472.626026634592563, 2170965.714517332147807 ], [ 3757470.396374216303229, 2170967.392450357787311 ], [ 3757468.37262205267325, 2170968.91541197989136 ], [ 3757466.001146901398897, 2170969.436476212926209 ], [ 3757463.707265562843531, 2170970.852065116167068 ], [ 3757460.490819531027228, 2170975.559713120572269 ], [ 3757458.743289217352867, 2170978.627757720183581 ], [ 3757458.48536514211446, 2170981.457051254808903 ], [ 3757457.67259337939322, 2170982.534645511768758 ], [ 3757456.144778253510594, 2170981.645719974301755 ], [ 3757455.445500791072845, 2170981.238828585483134 ], [ 3757453.683332865126431, 2170979.49900275375694 ], [ 3757454.018835430033505, 2170977.564135581254959 ], [ 3757455.609836005605757, 2170975.011658607050776 ], [ 3757456.967669332865626, 2170972.473973071668297 ], [ 3757458.035838908981532, 2170970.477791020646691 ], [ 3757458.572705964557827, 2170967.585877637378871 ], [ 3757458.584692073520273, 2170967.521142546087503 ], [ 3757460.215161393862218, 2170964.263620152138174 ], [ 3757464.319269109051675, 2170959.895802464801818 ], [ 3757464.547716023866087, 2170959.652698416728526 ], [ 3757463.91025172220543, 2170958.108825576025993 ], [ 3757461.504201896954328, 2170958.232404820621014 ], [ 3757458.385385434143245, 2170959.424175116233528 ], [ 3757455.845020217821002, 2170959.159427576232702 ], [ 3757455.555320236366242, 2170956.98208386125043 ], [ 3757456.147390984464437, 2170954.522442968562245 ], [ 3757455.697428402025253, 2170951.658711843192577 ], [ 3757453.534326096996665, 2170952.260639782994986 ], [ 3757453.027980637270957, 2170953.319750051945448 ], [ 3757452.682168331928551, 2170954.043165358714759 ], [ 3757450.882808528840542, 2170956.514875929802656 ], [ 3757450.530011396855116, 2170956.65130275208503 ], [ 3757448.154858542606235, 2170957.570101408753544 ], [ 3757444.724111299030483, 2170957.488325442187488 ], [ 3757440.724897619802505, 2170956.657973246648908 ], [ 3757436.803360563702881, 2170956.722031609155238 ], [ 3757432.812757684383541, 2170955.991005993913859 ], [ 3757425.772304330952466, 2170957.246853537391871 ], [ 3757424.983203357085586, 2170955.116016820073128 ], [ 3757426.305377435870469, 2170951.786917099263519 ], [ 3757425.321522555314004, 2170948.57209335686639 ], [ 3757419.134683639742434, 2170945.74087796267122 ], [ 3757418.627169307786971, 2170943.969603115692735 ], [ 3757418.267890865914524, 2170942.715532456059009 ], [ 3757419.916611494496465, 2170940.312530462164432 ], [ 3757422.379716279450804, 2170936.722363012842834 ], [ 3757424.11862325668335, 2170933.554893428925425 ], [ 3757424.650339731946588, 2170930.399477467872202 ], [ 3757423.11877713445574, 2170927.836717866361141 ], [ 3757421.117410346865654, 2170926.820596499368548 ], [ 3757418.472128150053322, 2170927.667685147374868 ], [ 3757417.50502691604197, 2170929.841974033974111 ], [ 3757417.12408769922331, 2170930.698609326966107 ], [ 3757415.235704628285021, 2170936.785525947809219 ], [ 3757413.12806280888617, 2170939.185761082451791 ], [ 3757410.06604935368523, 2170939.871221423149109 ], [ 3757406.777072400320321, 2170940.257745918352157 ], [ 3757405.979156573303044, 2170940.351457088254392 ], [ 3757403.108180027455091, 2170940.919047288130969 ], [ 3757400.163326967507601, 2170941.793970528058708 ], [ 3757397.762367024086416, 2170940.814987475052476 ], [ 3757395.183791997842491, 2170938.950783928856254 ], [ 3757393.521546852309257, 2170937.201669176109135 ], [ 3757392.715208492707461, 2170934.872081245295703 ], [ 3757393.099048367701471, 2170933.988472692668438 ], [ 3757393.790553227998316, 2170932.396993230562657 ], [ 3757394.393760079517961, 2170931.008834888692945 ], [ 3757393.547839195467532, 2170929.384211825672537 ], [ 3757392.90146332141012, 2170929.270341533701867 ], [ 3757390.111373156309128, 2170928.778808693401515 ], [ 3757384.242278181016445, 2170927.744754276238382 ], [ 3757379.903809637296945, 2170927.647217772435397 ], [ 3757371.640281681902707, 2170926.411851493176073 ], [ 3757368.192293916363269, 2170926.131327401380986 ], [ 3757365.682783832773566, 2170925.062208713963628 ], [ 3757363.477920859120786, 2170922.862594117410481 ], [ 3757362.376807300839573, 2170919.458322538528591 ], [ 3757362.183912995271385, 2170917.711138984654099 ], [ 3757361.435125960968435, 2170910.929309009574354 ], [ 3757361.441479375585914, 2170907.522239283658564 ], [ 3757363.071938044391572, 2170904.264614245388657 ], [ 3757364.332416038960218, 2170902.544356883969158 ], [ 3757371.562986225821078, 2170895.359524700790644 ], [ 3757374.597102701663971, 2170891.746325906831771 ], [ 3757374.665915062651038, 2170891.664382706396282 ], [ 3757378.474462115671486, 2170884.497186791617423 ], [ 3757379.722681876271963, 2170881.475534168072045 ], [ 3757378.673299986869097, 2170878.667613640427589 ], [ 3757376.615096148569137, 2170878.157607779372483 ], [ 3757366.638863943517208, 2170879.000794710591435 ], [ 3757364.449933827854693, 2170879.835156111046672 ], [ 3757364.244034242350608, 2170879.946203772909939 ], [ 3757357.596508980728686, 2170883.531658686231822 ], [ 3757354.257751837838441, 2170886.391456740908325 ], [ 3757347.799934388604015, 2170894.639825897756964 ], [ 3757343.375334758777171, 2170902.699328103102744 ], [ 3757340.362429387867451, 2170915.216147068422288 ], [ 3757340.505762162618339, 2170923.405750983860344 ], [ 3757343.139329434372485, 2171041.677885216660798 ], [ 3757312.617282029241323, 2171074.033247774932534 ], [ 3757335.720970982685685, 2171129.064330137800425 ], [ 3757340.442044847179204, 2171137.051379141863436 ], [ 3757341.825296245981008, 2171144.748050713911653 ], [ 3757343.111426169984043, 2171152.142454885412008 ], [ 3757344.210776939522475, 2171159.935507943388075 ], [ 3757343.853272194042802, 2171167.763769573066384 ], [ 3757343.092883836012334, 2171177.102079066447914 ], [ 3757342.631418038159609, 2171187.214479481801391 ], [ 3757341.28080378100276, 2171200.655673483852297 ], [ 3757338.905238296836615, 2171207.278857089579105 ], [ 3757332.991199995856732, 2171204.803029280621558 ], [ 3757323.108382718637586, 2171203.127029022201896 ], [ 3757301.612984125036746, 2171197.481326430104673 ], [ 3757282.630612646229565, 2171192.944656801410019 ], [ 3757256.031300978735089, 2171189.166073318105191 ], [ 3757229.775858397129923, 2171185.175265905912966 ], [ 3757224.390163729898632, 2171189.253024503588676 ], [ 3757221.180476829409599, 2171192.066337811760604 ], [ 3757207.926318193785846, 2171204.099605007562786 ], [ 3757170.240808441769332, 2171248.582924461457878 ], [ 3757158.883290442638099, 2171257.644301330205053 ], [ 3757145.974866637028754, 2171260.898721842560917 ], [ 3757137.758523227646947, 2171261.602632934227586 ], [ 3757123.961207670159638, 2171267.264323196839541 ], [ 3757095.60537478979677, 2171280.140923075377941 ], [ 3757082.826946970075369, 2171285.477408612146974 ], [ 3757076.673063711263239, 2171287.201895146165043 ], [ 3757070.617750045377761, 2171286.462585987988859 ], [ 3757066.143571229185909, 2171283.872854147106409 ], [ 3757065.017168921884149, 2171282.983769869431853 ], [ 3757062.866735070943832, 2171287.487778771203011 ], [ 3757060.455454276874661, 2171291.864453612361103 ], [ 3757057.571126037277281, 2171295.966869342140853 ], [ 3757054.740374227520078, 2171300.105502281803638 ], [ 3757052.258339965250343, 2171304.457050186116248 ], [ 3757049.992699789814651, 2171308.92521500447765 ], [ 3757047.485856883693486, 2171313.262813358101994 ], [ 3757044.728228674735874, 2171317.450366599485278 ], [ 3757042.160661934409291, 2171321.753933386877179 ], [ 3757039.745295229367912, 2171326.144382680766284 ], [ 3757033.000980339478701, 2171332.123849206138402 ], [ 3757032.214404158759862, 2171331.493671545293182 ], [ 3757024.754456118680537, 2171318.751637570559978 ], [ 3757015.582336734980345, 2171298.464027775917202 ], [ 3757007.422513409517705, 2171278.703566525131464 ], [ 3757003.406668881885707, 2171260.631513086613268 ], [ 3757002.024899809621274, 2171247.033668425865471 ], [ 3756999.965964701958001, 2171232.596834265161306 ], [ 3756998.041810149792582, 2171218.548657743260264 ], [ 3756991.498059488832951, 2171202.324859739281237 ], [ 3756984.360901488922536, 2171190.865173704456538 ], [ 3756975.992834481876343, 2171182.626226853113621 ], [ 3756967.185695476364344, 2171175.129376899451017 ], [ 3756956.219176365062594, 2171169.436354058329016 ], [ 3756941.078199459705502, 2171165.534299256745726 ], [ 3756931.169417433440685, 2171162.748685820028186 ], [ 3756925.217106006108224, 2171160.296702324412763 ], [ 3756920.733362067490816, 2171156.204835591372102 ], [ 3756918.187043413519859, 2171151.231606877874583 ], [ 3756915.48708206648007, 2171142.164836794137955 ], [ 3756913.507442285306752, 2171118.202590633183718 ], [ 3756911.547249253839254, 2171106.061182082630694 ], [ 3756909.487250586040318, 2171093.929145568050444 ], [ 3756907.961104163900018, 2171082.147904073819518 ], [ 3756906.243788597173989, 2171070.484962021932006 ], [ 3756903.785113547928631, 2171064.201542203314602 ], [ 3756900.244923362508416, 2171058.218389315530658 ], [ 3756896.730776527430862, 2171052.533888307865709 ], [ 3756892.642827256582677, 2171047.203121736180037 ], [ 3756882.836829305626452, 2171039.798897862900048 ], [ 3756868.961405510082841, 2171033.073970465455204 ], [ 3756860.747066441457719, 2171028.92844118271023 ], [ 3756852.541634574066848, 2171024.882190424017608 ], [ 3756840.345690785907209, 2171020.105032245162874 ], [ 3756827.727659673430026, 2171016.269068458117545 ], [ 3756818.218874377664179, 2171013.446339817717671 ], [ 3756808.661652403883636, 2171011.228994932491332 ], [ 3756798.864914950914681, 2171009.735922229010612 ], [ 3756789.077234831172973, 2171008.341802084818482 ], [ 3756782.229414881207049, 2171007.175178756006062 ], [ 3756775.364225815981627, 2171005.809623349457979 ], [ 3756765.321227550506592, 2171002.635760862845927 ], [ 3756754.776488814037293, 2170996.001588856335729 ], [ 3756748.951144160702825, 2170991.534175792708993 ], [ 3756743.316826504655182, 2170986.948185030370951 ], [ 3756734.966086252592504, 2170978.907865521498024 ], [ 3756733.206649849656969, 2170972.559245099313557 ], [ 3756733.342816066928208, 2170962.527294918894768 ], [ 3756734.953860365319997, 2170955.564417376182973 ], [ 3756736.573091172613204, 2170948.700736422091722 ], [ 3756736.502991072833538, 2170942.094586516730487 ], [ 3756735.92263408144936, 2170940.044435007497668 ], [ 3756735.193714694585651, 2170938.609594292007387 ], [ 3756732.043290867470205, 2170934.794689700938761 ], [ 3756731.066436115652323, 2170933.983452138956636 ], [ 3756729.564488970674574, 2170932.921025257557631 ], [ 3756723.377702816855162, 2170930.089832975063473 ], [ 3756715.210310749243945, 2170927.6432856307365 ], [ 3756708.631187511608005, 2170927.253108670003712 ], [ 3756702.003819524776191, 2170927.468888801522553 ], [ 3756692.497490550391376, 2170928.152563969604671 ], [ 3756682.907701779622585, 2170929.044511362444609 ], [ 3756655.955261528491974, 2170931.751624099910259 ], [ 3756634.378995846491307, 2170933.758246557321399 ], [ 3756625.454272855538875, 2170934.187555900774896 ], [ 3756616.543248705100268, 2170933.613616199232638 ], [ 3756603.572390467394143, 2170931.513422478921711 ], [ 3756600.398594826925546, 2170930.906940570101142 ], [ 3756584.353399585001171, 2170928.191255608107895 ], [ 3756567.19239704310894, 2170925.37891241395846 ], [ 3756555.387977305799723, 2170926.276655333116651 ], [ 3756546.744745329022408, 2170928.783348121214658 ], [ 3756538.573249218985438, 2170933.250881026033312 ], [ 3756530.636129474733025, 2170938.097031748853624 ], [ 3756515.5611492106691, 2170947.714839915279299 ], [ 3756505.187173709273338, 2170953.488789040595293 ], [ 3756498.286222443450242, 2170954.030186541378498 ], [ 3756497.270288668572903, 2170953.924547670409083 ], [ 3756496.045340162701905, 2170953.737850026227534 ], [ 3756492.528537464793772, 2170952.542446953244507 ], [ 3756489.355427980422974, 2170957.867095928639174 ], [ 3756480.563632739707828, 2170960.989119742531329 ], [ 3756472.364100111182779, 2170961.65142459096387 ], [ 3756464.20905171148479, 2170960.506304764654487 ], [ 3756455.242347587831318, 2170958.134091150015593 ], [ 3756448.68931960593909, 2170958.042385185137391 ], [ 3756441.953469821251929, 2170958.167948034591973 ], [ 3756435.383305943571031, 2170957.87686855904758 ], [ 3756428.704206603579223, 2170957.496422624681145 ], [ 3756421.291709347162396, 2170956.783110218122602 ], [ 3756413.787717748899013, 2170956.178547115530819 ], [ 3756408.092479404062033, 2170959.012863624840975 ], [ 3756404.958561616018414, 2170963.512322742026299 ], [ 3756398.997062034904957, 2170969.076413271948695 ], [ 3756388.013244206085801, 2170971.300263058859855 ], [ 3756381.711366218980402, 2170971.78621247690171 ], [ 3756375.526551782153547, 2170972.461642136797309 ], [ 3756368.702188349328935, 2170976.20240042777732 ], [ 3756359.411278196144849, 2170979.370919653680176 ], [ 3756349.207570613827556, 2170983.626375931315124 ], [ 3756344.296730008441955, 2170989.693885049782693 ], [ 3756338.314253993332386, 2170993.857260098680854 ], [ 3756332.557492053601891, 2170998.300235419068485 ], [ 3756329.215332114137709, 2171002.719026013743132 ], [ 3756324.646320918109268, 2171003.444504879880697 ], [ 3756317.719213986769319, 2171003.687897332012653 ], [ 3756310.344907381106168, 2171004.574594449717551 ], [ 3756306.381131234113127, 2171009.95261841500178 ], [ 3756301.836755919270217, 2171013.280923140235245 ], [ 3756301.303695297800004, 2171018.740870827808976 ], [ 3756296.055066750850528, 2171023.236746581271291 ], [ 3756287.902500815689564, 2171025.598178638145328 ], [ 3756280.202363250777125, 2171026.214001565705985 ], [ 3756272.410747162997723, 2171026.93867299053818 ], [ 3756264.947292353026569, 2171028.854854341596365 ], [ 3756270.018677551764995, 2171025.724825866520405 ], [ 3756188.924729273654521, 2171021.222875055857003 ], [ 3756125.570920111611485, 2171035.145432404708117 ], [ 3756114.25413367850706, 2171044.228284453507513 ], [ 3756054.411227102857083, 2171005.629649310838431 ], [ 3756043.693292512558401, 2170882.161945658735931 ], [ 3756027.336041996255517, 2170879.668173515237868 ], [ 3756028.427246540319175, 2170799.266880720853806 ], [ 3756008.747877637855709, 2170773.961000429466367 ], [ 3755914.872630859725177, 2170653.244683729950339 ], [ 3755906.229293641634285, 2170553.673639877699316 ], [ 3755820.149271020200104, 2170445.246453667990863 ], [ 3755751.409349550493062, 2170443.610751954838634 ], [ 3755729.520793763455003, 2170377.391955886036158 ], [ 3755622.173802271019667, 2170628.276679569389671 ], [ 3755545.920464870985597, 2170679.535251971334219 ], [ 3755380.182668682653457, 2170490.188310325145721 ], [ 3755358.639689777046442, 2170427.952354651410133 ], [ 3755357.748531823512167, 2170464.170263354666531 ], [ 3755327.454294365830719, 2170487.063497302588075 ], [ 3755248.780796283856034, 2170510.442446762695909 ], [ 3755241.666081870906055, 2170474.969228995963931 ], [ 3755224.617438195738941, 2170464.510476734489202 ], [ 3755200.401079380884767, 2170510.92802931368351 ], [ 3755057.974206713028252, 2170636.598340669181198 ], [ 3755087.177699537016451, 2170694.106753217987716 ], [ 3755132.937615137547255, 2170709.92431086441502 ], [ 3755160.757808724883944, 2170751.501213147304952 ], [ 3755230.880239262245595, 2170769.067980918567628 ], [ 3755252.078123254701495, 2170827.320612722542137 ], [ 3755288.249442830681801, 2170872.135977078229189 ], [ 3755166.875003611668944, 2171007.892834119964391 ], [ 3755042.694357157684863, 2170878.920557619538158 ], [ 3755037.454971169587225, 2170911.527914388570935 ], [ 3755042.987209644168615, 2170975.253758721984923 ], [ 3755042.787656015250832, 2171019.437384598888457 ], [ 3754955.763188297394663, 2171039.578837786335498 ], [ 3754875.906294725835323, 2171002.843407615087926 ], [ 3754814.281761430203915, 2171036.68224689271301 ], [ 3754809.733770566061139, 2171077.255369692109525 ], [ 3754761.354252550750971, 2171077.74149421742186 ], [ 3754778.549310291185975, 2171136.367227950133383 ], [ 3754759.027833886444569, 2171190.378772269003093 ], [ 3754766.289375665597618, 2171274.01886653713882 ], [ 3754745.384233320131898, 2171312.099138552322984 ], [ 3754736.288891851436347, 2171393.246114053297788 ], [ 3754693.295728052966297, 2171409.291389098390937 ], [ 3754472.848200969863683, 2171333.442537136375904 ], [ 3754480.707016339991242, 2171284.530685300938785 ], [ 3754633.850748471450061, 2171282.326344736386091 ], [ 3754705.754890860058367, 2171227.455778772477061 ], [ 3754724.983028442133218, 2171077.110492992214859 ], [ 3754714.756582180969417, 2171005.792117156554013 ], [ 3754598.675118526443839, 2171016.592857217416167 ], [ 3754379.453062179964036, 2171233.727105151861906 ], [ 3754358.401691786013544, 2171223.640658302232623 ], [ 3754235.85553359799087, 2170974.067070716992021 ], [ 3754294.022032762877643, 2170900.398825889453292 ], [ 3754279.446584944613278, 2170825.469724729657173 ], [ 3754309.74033609777689, 2170802.57574122492224 ], [ 3754327.333810462150723, 2170772.833489154465497 ], [ 3754216.691202140878886, 2170706.843442473560572 ], [ 3754175.426345556043088, 2170742.803313250187784 ], [ 3754111.38141705095768, 2170748.762875966727734 ], [ 3754090.675842586439103, 2170742.65965443989262 ], [ 3754018.771799172274768, 2170797.530641299206764 ], [ 3753989.767756498418748, 2170695.839165430516005 ], [ 3753983.889463434927166, 2170628.130859675817192 ], [ 3753988.059895530808717, 2170560.014699019957334 ], [ 3754023.527613584883511, 2170462.490217550192028 ], [ 3754029.390042018145323, 2170455.722127204760909 ], [ 3754045.990832125768065, 2170449.29788724007085 ], [ 3754064.230733212549239, 2170447.600673426408321 ], [ 3754080.831339098047465, 2170441.17657976783812 ], [ 3754094.584694124758244, 2170430.138185136485845 ], [ 3754112.499436558689922, 2170424.813886541407555 ], [ 3754127.471243753097951, 2170413.662013682536781 ], [ 3754138.472322210669518, 2170399.222529129590839 ], [ 3754146.62613117415458, 2170380.168548607733101 ], [ 3754148.290752005763352, 2170378.432924933731556 ], [ 3754149.032569715753198, 2170378.790592411532998 ], [ 3754153.743952891323715, 2170380.458596573211253 ], [ 3754156.507649755105376, 2170380.39583888463676 ], [ 3754157.658486843109131, 2170378.564237707760185 ], [ 3754160.312882509082556, 2170374.313250790350139 ], [ 3754163.419644858222455, 2170370.375186216086149 ], [ 3754166.177953198552132, 2170366.195353112649173 ], [ 3754168.450011836364865, 2170361.730944664217532 ], [ 3754170.664687467738986, 2170357.237596434075385 ], [ 3754172.839738169685006, 2170352.72568436479196 ], [ 3754175.106648072600365, 2170348.258196094073355 ], [ 3754177.444323929492384, 2170343.826715068891644 ], [ 3754180.046015110332519, 2170339.543705902528018 ], [ 3754182.964848395902663, 2170335.466112251859158 ], [ 3754185.994767183903605, 2170331.468465229030699 ], [ 3754188.979647011961788, 2170327.437328140251338 ], [ 3754192.020782362669706, 2170323.448414985556155 ], [ 3754194.78769026696682, 2170319.270398027729243 ], [ 3754197.01469792984426, 2170314.784497016109526 ], [ 3754198.863343177363276, 2170310.13307895604521 ], [ 3754200.37425372749567, 2170305.36456601973623 ], [ 3754201.769228505901992, 2170296.446299935225397 ], [ 3754203.741031293291599, 2170291.843726981431246 ], [ 3754205.724542719312012, 2170287.245977665297687 ], [ 3754207.512801168020815, 2170282.571557112038136 ], [ 3754208.607391390018165, 2170277.703922990709543 ], [ 3754209.34601861005649, 2170272.763802533037961 ], [ 3754210.682713334914297, 2170267.95021957764402 ], [ 3754212.39016249589622, 2170263.248600544407964 ], [ 3754215.237451574765146, 2170259.160628329962492 ], [ 3754219.079489963129163, 2170255.930013732053339 ], [ 3754223.211453875526786, 2170253.12852096138522 ], [ 3754228.149503304623067, 2170252.285677437204868 ], [ 3754233.158969190903008, 2170252.102461786009371 ], [ 3754238.153549092821777, 2170252.428657862823457 ], [ 3754243.069386839866638, 2170253.366556132677943 ], [ 3754247.899265055079013, 2170254.661949477158487 ], [ 3754252.554733755066991, 2170256.476486453320831 ], [ 3754257.111633137799799, 2170258.524054870009422 ], [ 3754261.568208137061447, 2170260.776431995444 ], [ 3754265.87756900396198, 2170263.292917734477669 ], [ 3754269.925572827458382, 2170266.206747093703598 ], [ 3754273.782544266432524, 2170269.366508344188333 ], [ 3754277.413460335228592, 2170272.781290302518755 ], [ 3754280.976322293747216, 2170276.267519693821669 ], [ 3754284.559701399877667, 2170279.732439203653485 ], [ 3754288.126012357883155, 2170283.214876893442124 ], [ 3754291.680490971542895, 2170286.709538150113076 ], [ 3754295.211299214046448, 2170290.22733783069998 ], [ 3754298.578241406008601, 2170293.900761428754777 ], [ 3754301.833523740060627, 2170297.673361667897552 ], [ 3754305.033099930267781, 2170301.492507402785122 ], [ 3754308.171084406785667, 2170305.362592706922442 ], [ 3754311.568019184749573, 2170309.007404106203467 ], [ 3754315.140251985285431, 2170312.483123986981809 ], [ 3754318.957791116088629, 2170315.688564992509782 ], [ 3754323.300116141326725, 2170318.130814081057906 ], [ 3754327.998604618944228, 2170319.833090082742274 ], [ 3754332.844135405495763, 2170321.06707099173218 ], [ 3754337.821904013399035, 2170321.134193074889481 ], [ 3754342.507929804269224, 2170319.37019084719941 ], [ 3754346.855931286234409, 2170316.861384097952396 ], [ 3754350.759700165130198, 2170313.725295055191964 ], [ 3754353.846213823184371, 2170309.774571328423917 ], [ 3754356.635712909046561, 2170305.60867272131145 ], [ 3754359.256287504918873, 2170301.335474509745836 ], [ 3754361.721214009448886, 2170296.972840341739357 ], [ 3754363.933761187363416, 2170292.47946587158367 ], [ 3754365.844187051989138, 2170287.852153219282627 ], [ 3754367.56020812690258, 2170283.150951121933758 ], [ 3754369.232656325213611, 2170278.433748975396156 ], [ 3754370.607284464873374, 2170273.626833911985159 ], [ 3754371.427162549924105, 2170268.698845342732966 ], [ 3754371.926951001398265, 2170263.729641350451857 ], [ 3754372.291194507852197, 2170258.749599964823574 ], [ 3754372.299038899596781, 2170253.759908671025187 ], [ 3754372.000486118718982, 2170248.780043534468859 ], [ 3754371.558300362434238, 2170243.811728153843433 ], [ 3754371.007793319411576, 2170238.854691978543997 ], [ 3754370.321584460325539, 2170233.915758467279375 ], [ 3754369.614520372822881, 2170228.979451529681683 ], [ 3754368.828238053712994, 2170224.055880278814584 ], [ 3754368.424463183619082, 2170219.086382374633104 ], [ 3754368.392268088646233, 2170214.1009656265378 ], [ 3754369.969283824786544, 2170209.397057651542127 ], [ 3754372.963469793088734, 2170205.380439966451377 ], [ 3754376.239919791929424, 2170201.580519780982286 ], [ 3754379.821252647787333, 2170198.063694576732814 ], [ 3754383.297546683810651, 2170194.443159983027726 ], [ 3754386.460733090061694, 2170190.554687884170562 ], [ 3754389.309694170951843, 2170186.428182596340775 ], [ 3754392.006999806966633, 2170182.202315337955952 ], [ 3754394.474429116584361, 2170177.842608424834907 ], [ 3754396.671825141645968, 2170173.341163211036474 ], [ 3754398.911164954770356, 2170168.860118058044463 ], [ 3754401.104503299109638, 2170164.356722500640899 ], [ 3754403.15140335727483, 2170159.786755762062967 ], [ 3754405.004494241438806, 2170155.136454139836133 ], [ 3754406.71855071792379, 2170150.434280798770487 ], [ 3754408.355407754890621, 2170145.705320495180786 ], [ 3754409.932489714585245, 2170140.956578766927123 ], [ 3754411.457820251118392, 2170136.191369454842061 ], [ 3754412.811969934497029, 2170131.377261723857373 ], [ 3754413.788744921796024, 2170126.475148817524314 ], [ 3754414.685820047277957, 2170121.558548476547003 ], [ 3754415.546438809018582, 2170116.635657335631549 ], [ 3754416.392503489740193, 2170111.7104267841205 ], [ 3754417.531029243022203, 2170105.180623644962907 ], [ 3754413.737019428517669, 2170105.702671908773482 ], [ 3754408.773263307288289, 2170106.437383499462157 ], [ 3754403.805933862924576, 2170107.145179738290608 ], [ 3754398.833739658817649, 2170107.817306674551219 ], [ 3754393.854096041060984, 2170108.398678036406636 ], [ 3754388.841896929778159, 2170108.33035036502406 ], [ 3754383.840137950610369, 2170108.026470894925296 ], [ 3754378.845303594134748, 2170107.638134283944964 ], [ 3754373.861385145224631, 2170107.135668465867639 ], [ 3754368.890376964583993, 2170106.516327255871147 ], [ 3754363.975866769440472, 2170105.567614452447742 ], [ 3754359.269687199033797, 2170103.89207958849147 ], [ 3754354.690086157992482, 2170101.894680400379002 ], [ 3754350.196683859452605, 2170099.713839687407017 ], [ 3754345.742688277270645, 2170097.454680825583637 ], [ 3754341.254971378482878, 2170095.261822315398604 ], [ 3754336.757851055823267, 2170093.089451902545989 ], [ 3754332.370245218276978, 2170090.70572407450527 ], [ 3754328.048377749510109, 2170088.206702354829758 ], [ 3754323.805836833547801, 2170085.578463749028742 ], [ 3754319.673385815694928, 2170082.782597939483821 ], [ 3754315.615239215549082, 2170079.880707607604563 ], [ 3754311.572543894872069, 2170076.958139799069613 ], [ 3754307.546172086149454, 2170074.012736027594656 ], [ 3754303.533984469715506, 2170071.048878258094192 ], [ 3754299.528527797199786, 2170068.075752151664346 ], [ 3754295.567182060796767, 2170065.045597198419273 ], [ 3754291.537813535425812, 2170062.104917847085744 ], [ 3754287.364218857139349, 2170059.368816157802939 ], [ 3754283.13358529470861, 2170056.721188368741423 ], [ 3754278.802660243120044, 2170054.238466993905604 ], [ 3754274.310985170770437, 2170052.055125782266259 ], [ 3754269.675192738883197, 2170050.188476096373051 ], [ 3754265.000814709346741, 2170048.418043362908065 ], [ 3754260.301361203193665, 2170046.713495654985309 ], [ 3754255.574627260677516, 2170045.085169848520309 ], [ 3754250.848505428526551, 2170043.454325489699841 ], [ 3754246.111772329546511, 2170041.852933125570416 ], [ 3754241.342055535875261, 2170040.349858252331614 ], [ 3754236.507817876059562, 2170039.065243838820606 ], [ 3754231.584239232353866, 2170038.163362936116755 ], [ 3754226.627275412902236, 2170037.452150207944214 ], [ 3754221.670586274005473, 2170036.739482074044645 ], [ 3754216.742177766282111, 2170035.863281365483999 ], [ 3754211.846549694892019, 2170034.823814932256937 ], [ 3754206.959481909871101, 2170033.744555148761719 ], [ 3754202.047470235731453, 2170032.784857214894146 ], [ 3754197.098698185756803, 2170032.022629366256297 ], [ 3754192.184047449845821, 2170031.082004471216351 ], [ 3754187.378181262873113, 2170029.696206755004823 ], [ 3754182.646215711720288, 2170028.080229467246681 ], [ 3754177.937206563539803, 2170026.402242188341916 ], [ 3754173.227548046037555, 2170024.725268613547087 ], [ 3754168.538084299769253, 2170022.994396347552538 ], [ 3754163.842644718941301, 2170021.278813801240176 ], [ 3754159.092899299226701, 2170019.716640707571059 ], [ 3754154.359496716409922, 2170018.111378351226449 ], [ 3754149.817148176021874, 2170016.032996022608131 ], [ 3754145.273628618568182, 2170013.949164621997625 ], [ 3754140.42818115837872, 2170012.736115646082908 ], [ 3754135.467206013388932, 2170012.05448154732585 ], [ 3754130.475423301104456, 2170011.629383482970297 ], [ 3754125.472469023428857, 2170011.349286388605833 ], [ 3754120.467011432629079, 2170011.105669187381864 ], [ 3754115.475940059870481, 2170011.59876755066216 ], [ 3754110.505924160592258, 2170012.289795108605176 ], [ 3754105.529619040898979, 2170012.926648665219545 ], [ 3754100.537048230879009, 2170013.412237661425024 ], [ 3754095.539752674289048, 2170013.845208585262299 ], [ 3754090.549604376312345, 2170014.351758254691958 ], [ 3754087.392195536755025, 2170014.70205223467201 ], [ 3754082.760722591541708, 2170015.263113749679178 ], [ 3754077.77925323182717, 2170015.856692497152835 ], [ 3754072.798070459160954, 2170016.453347735572606 ], [ 3754067.818424466531724, 2170017.062847688328475 ], [ 3754062.841289911884815, 2170017.69450222235173 ], [ 3754057.868260626215488, 2170018.3602394759655 ], [ 3754052.902491171844304, 2170019.077977069653571 ], [ 3754047.942220910917968, 2170019.834101617336273 ], [ 3754042.983659262303263, 2170020.604150860570371 ], [ 3754038.023904727306217, 2170021.365430416539311 ], [ 3754033.059676544740796, 2170022.095409030094743 ], [ 3754028.092041851487011, 2170022.800157419871539 ], [ 3754023.123761573806405, 2170023.501486391760409 ], [ 3754011.62278524087742, 2170013.570310652721673 ], [ 3753994.883081456180662, 2169999.114969551563263 ], [ 3753990.696977815590799, 2169996.439766495954245 ], [ 3753987.128243055660278, 2169992.966890074312687 ], [ 3753984.039305000565946, 2169989.056083687581122 ], [ 3753980.198585365898907, 2169985.902306816540658 ], [ 3753975.496887227520347, 2169984.253145563881844 ], [ 3753971.028101747389883, 2169982.032293202355504 ], [ 3753966.624960693065077, 2169979.677724849432707 ], [ 3753962.090439775492996, 2169977.583651974797249 ], [ 3753957.385773239657283, 2169975.899919425603002 ], [ 3753952.753769624978304, 2169974.046356383245438 ], [ 3753948.771896191406995, 2169971.057260526809841 ], [ 3753945.576758448500186, 2169967.246847355272621 ], [ 3753943.047010205686092, 2169962.955868829041719 ], [ 3753940.342452460899949, 2169958.774662018287927 ], [ 3753937.257382472977042, 2169954.869061442557722 ], [ 3753933.460555755533278, 2169951.642876286059618 ], [ 3753929.449571727309376, 2169948.677108665928245 ], [ 3753925.600138370878994, 2169945.508041168563068 ], [ 3753921.963788871187717, 2169942.101098658051342 ], [ 3753918.903913306072354, 2169938.174929266795516 ], [ 3753916.16734487330541, 2169934.012188278138638 ], [ 3753913.076065141241997, 2169930.1184899546206 ], [ 3753908.80248468182981, 2169927.568404835648835 ], [ 3753904.216256491374224, 2169925.58550339192152 ], [ 3753899.642230002209544, 2169923.575507652014494 ], [ 3753896.198191459756345, 2169920.416488330811262 ], [ 3753897.944481718353927, 2169915.825038517359644 ], [ 3753902.260427556931973, 2169913.307396030984819 ], [ 3753906.508913542144001, 2169910.691747307311743 ], [ 3753909.048809480853379, 2169906.454281727783382 ], [ 3753909.861318223644048, 2169901.521746913902462 ], [ 3753910.787273238413036, 2169896.610135084483773 ], [ 3753911.878493591211736, 2169891.733787472359836 ], [ 3753913.331441506743431, 2169886.946408387739211 ], [ 3753915.039519629906863, 2169882.243377451784909 ], [ 3753917.268115259241313, 2169877.760145966429263 ], [ 3753919.870424495544285, 2169873.476244104094803 ], [ 3753922.444379551336169, 2169869.175852515734732 ], [ 3753924.328501889947802, 2169864.575829664245248 ], [ 3753924.706922749523073, 2169859.598680899944156 ], [ 3753925.550204816740006, 2169854.672974396497011 ], [ 3753926.419660993851721, 2169849.751322601921856 ], [ 3753927.232229026500136, 2169844.820395667105913 ], [ 3753928.050129064824432, 2169839.890505819115788 ], [ 3753928.93897955166176, 2169834.972312728408724 ], [ 3753929.801792055368423, 2169830.049640407320112 ], [ 3753930.875596531666815, 2169825.168206917122006 ], [ 3753932.444830034393817, 2169820.418921304866672 ], [ 3753934.402468351647258, 2169815.81103574950248 ], [ 3753936.484396670013666, 2169811.25593850389123 ], [ 3753938.483006634749472, 2169806.664885940030217 ], [ 3753940.519521825946867, 2169802.089860725216568 ], [ 3753942.452701345551759, 2169797.471495396457613 ], [ 3753944.014673553407192, 2169792.720486617647111 ], [ 3753945.064818207640201, 2169787.83358173025772 ], [ 3753946.110749162267894, 2169782.945658083539456 ], [ 3753947.620518550276756, 2169778.177249550819397 ], [ 3753949.429069572594017, 2169773.509681115858257 ], [ 3753951.373716177418828, 2169768.895879776217043 ], [ 3753953.478183167986572, 2169764.351888922043145 ], [ 3753955.695820500142872, 2169759.860199375543743 ], [ 3753957.733780539128929, 2169755.285949751734734 ], [ 3753959.719628486316651, 2169750.689146364107728 ], [ 3753961.489909976255149, 2169746.008334882557392 ], [ 3753962.738282425329089, 2169741.170920195523649 ], [ 3753963.367551402188838, 2169736.215465700253844 ], [ 3753964.002354824449867, 2169731.260410462040454 ], [ 3753964.699253403581679, 2169726.312968387734145 ], [ 3753965.074178280774504, 2169721.335400043055415 ], [ 3753964.870886240620166, 2169716.352246574126184 ], [ 3753963.940900962799788, 2169711.459877351298928 ], [ 3753962.025076316669583, 2169706.868988430127501 ], [ 3753959.635472795926034, 2169702.498529714532197 ], [ 3753957.559700849466026, 2169697.974565738812089 ], [ 3753956.01472164131701, 2169693.238318429328501 ], [ 3753954.749842932913452, 2169688.417991161812097 ], [ 3753953.732254921458662, 2169683.53913319343701 ], [ 3753952.987248918507248, 2169678.609168148599565 ], [ 3753952.280250187031925, 2169673.672948127612472 ], [ 3753951.625053743831813, 2169668.729311032220721 ], [ 3753948.969713826198131, 2169664.587961601093411 ], [ 3753947.519055312499404, 2169655.996109536848962 ], [ 3753946.778069582767785, 2169647.228121942374855 ], [ 3753946.083602861501276, 2169635.399938774760813 ], [ 3753948.349220588803291, 2169622.294335010461509 ], [ 3753957.342198914382607, 2169610.005639891605824 ], [ 3753966.510901416186243, 2169599.974689522758126 ], [ 3753977.701090563088655, 2169590.727436224464327 ], [ 3753989.492274703923613, 2169582.717186821158975 ], [ 3754001.186117304023355, 2169571.038542507216334 ], [ 3754007.192474584560841, 2169562.744980583898723 ], [ 3754008.271166739985347, 2169554.749687021132559 ], [ 3754007.426572000142187, 2169548.616074980702251 ], [ 3754005.519105127081275, 2169539.405573025345802 ], [ 3754005.440380763728172, 2169527.7104168869555 ], [ 3754005.923645730130374, 2169516.223201211541891 ], [ 3754004.3075319416821, 2169504.450914016459137 ], [ 3754000.699640497099608, 2169490.499232332222164 ], [ 3753995.122507974971086, 2169476.941050331108272 ], [ 3753990.263144318945706, 2169465.390201569534838 ], [ 3753983.453179887030274, 2169449.81293670181185 ], [ 3753981.126257441006601, 2169444.383189263753593 ], [ 3753981.035952317994088, 2169480.316056336741894 ], [ 3753972.636420179158449, 2169511.155112627428025 ], [ 3753943.482365744654089, 2169534.908290014136583 ], [ 3753913.256763842888176, 2169534.715057580266148 ], [ 3753864.755971265025437, 2169521.193440361414105 ], [ 3753788.299220280256122, 2169487.228982704691589 ], [ 3753757.901076657231897, 2169485.047937143594027 ], [ 3753728.365663293749094, 2169492.806005094666034 ], [ 3753698.269528784789145, 2169494.103963349945843 ], [ 3753678.779752863571048, 2169478.3836356298998 ], [ 3753665.11039887368679, 2169460.118111836723983 ], [ 3753647.631910523399711, 2169421.166562070604414 ], [ 3753629.147438195999712, 2169393.830926584079862 ], [ 3753596.333717920817435, 2169363.820729291532189 ], [ 3753564.468621383886784, 2169344.743681557942182 ], [ 3753533.59590902691707, 2169337.096529739908874 ], [ 3753504.491948919836432, 2169349.824137032497674 ], [ 3753480.392012943979353, 2169420.197639774531126 ], [ 3753468.330731130205095, 2169437.85180165246129 ], [ 3753397.782289660070091, 2169512.548085966613144 ], [ 3753368.635194924194366, 2169524.779048812575638 ], [ 3753247.2152089914307, 2169518.043591893278062 ], [ 3753157.487687811255455, 2169528.397995883133262 ], [ 3753128.038672589231282, 2169537.150504097808152 ], [ 3753093.021493220701814, 2169562.95286805042997 ], [ 3753066.142536651808769, 2169595.51206285553053 ], [ 3753066.166659301146865, 2169602.633740863762796 ], [ 3753057.096276372205466, 2169607.184879877604544 ], [ 3753050.541842010337859, 2169609.398119622841477 ], [ 3753043.835610555950552, 2169611.023994742892683 ], [ 3753037.677249894943088, 2169611.997920665889978 ], [ 3753031.432183314114809, 2169611.977926266845316 ], [ 3753024.275966668501496, 2169610.740338287781924 ], [ 3753017.21969248726964, 2169609.493554885964841 ], [ 3753007.549094220157713, 2169608.289088462013751 ], [ 3752998.0214325604029, 2169607.573001094162464 ], [ 3752988.922898807562888, 2169608.319578710012138 ], [ 3752972.551063760183752, 2169607.638993266969919 ], [ 3752964.816529722884297, 2169607.857915442436934 ], [ 3752957.099163913168013, 2169608.27581269107759 ], [ 3752945.66346277622506, 2169609.940848334226757 ], [ 3752938.892015295103192, 2169611.973817171528935 ], [ 3752932.229136587120593, 2169614.097020895220339 ], [ 3752924.83226205362007, 2169615.887566982768476 ], [ 3752917.427041803952307, 2169617.578537645284086 ], [ 3752906.999149828217924, 2169619.250789267942309 ], [ 3752897.476505841128528, 2169617.431596938986331 ], [ 3752893.450203813612461, 2169610.492498376406729 ], [ 3752889.870845108292997, 2169605.214630749076605 ], [ 3752885.999951092991978, 2169600.064239249564707 ], [ 3752877.600893049035221, 2169592.630145124159753 ], [ 3752870.659440424758941, 2169588.066154732368886 ], [ 3752863.809289155993611, 2169583.393439988140017 ], [ 3752857.98026021849364, 2169577.723993125837296 ], [ 3752852.24243432469666, 2169571.94583796011284 ], [ 3752846.651253613177687, 2169567.857385938055813 ], [ 3752840.712367343716323, 2169564.40234786644578 ], [ 3752833.709389604162425, 2169561.447269045747817 ], [ 3752826.706000960431993, 2169558.492157289758325 ], [ 3752820.324404357001185, 2169554.577327652368695 ], [ 3752813.5863928780891, 2169551.196596792899072 ], [ 3752807.189806496258825, 2169550.58980899117887 ], [ 3752800.779950729571283, 2169550.985945658758283 ], [ 3752791.772518566343933, 2169551.623953229282051 ], [ 3752782.773893447592854, 2169552.361261659767479 ], [ 3752775.182271655183285, 2169553.067877552006394 ], [ 3752767.582091003656387, 2169553.674851948395371 ], [ 3752759.256747167091817, 2169554.049270247574896 ], [ 3752751.040075586177409, 2169554.51330188754946 ], [ 3752744.03919411636889, 2169555.064757314510643 ], [ 3752737.13822423806414, 2169555.606820891611278 ], [ 3752730.936549795325845, 2169556.083855583332479 ], [ 3752724.734807564411312, 2169556.561103616841137 ], [ 3752714.335399572737515, 2169553.922067544423044 ], [ 3752708.517044356092811, 2169551.858286812901497 ], [ 3752702.673414032906294, 2169549.49682196136564 ], [ 3752697.159764432813972, 2169546.30265508685261 ], [ 3752691.737530734855682, 2169542.999845384154469 ], [ 3752684.195472513325512, 2169540.796636113431305 ], [ 3752676.653403147589415, 2169538.592723801732063 ], [ 3752669.729387710802257, 2169534.227566230576485 ], [ 3752662.722186910919845, 2169530.070546739269048 ], [ 3752656.604357867967337, 2169528.034701098222286 ], [ 3752650.595341984182596, 2169526.089351400267333 ], [ 3752639.319163457956165, 2169522.630363518837839 ], [ 3752632.949670533183962, 2169520.016838031820953 ], [ 3752626.571681346744299, 2169517.304062658920884 ], [ 3752619.711502384860069, 2169514.836589130107313 ], [ 3752612.934425110928714, 2169512.161092080175877 ], [ 3752605.97050119843334, 2169508.500897924415767 ], [ 3752599.289238434284925, 2169504.614139242563397 ], [ 3752592.616585643962026, 2169500.826712659560144 ], [ 3752585.544450190383941, 2169497.076629130169749 ], [ 3752577.650783896911889, 2169494.304335077758878 ], [ 3752569.708080747164786, 2169494.442700640764087 ], [ 3752562.180546184070408, 2169497.046778111252934 ], [ 3752554.670195712707937, 2169499.849930374417454 ], [ 3752546.808535085525364, 2169502.084550923667848 ], [ 3752539.163586685433984, 2169504.499508953187615 ], [ 3752533.794526695273817, 2169507.603872097097337 ], [ 3752528.451027768198401, 2169511.007083207368851 ], [ 3752524.932330255862325, 2169512.236296060495079 ], [ 3752517.312417990062386, 2169517.25382816651836 ], [ 3752512.45127543527633, 2169520.411510856356472 ], [ 3752392.17919455235824, 2169457.458605117164552 ], [ 3752305.197456222958863, 2169415.786374455317855 ], [ 3752217.263310469221324, 2169363.143221241421998 ], [ 3752123.56163489818573, 2169308.130925124976784 ], [ 3752140.329736910294741, 2169291.340625233482569 ], [ 3752149.294373984448612, 2169282.089960195124149 ], [ 3752160.870684126392007, 2169269.289899183437228 ], [ 3752174.892744907177985, 2169255.660899695008993 ], [ 3752180.460814108140767, 2169254.842013198882341 ], [ 3752195.824304508045316, 2169241.588967280462384 ], [ 3752199.430248871445656, 2169239.049244869034737 ], [ 3752217.314274527598172, 2169230.471201784908772 ], [ 3752233.142522296868265, 2169224.890028753317893 ], [ 3752245.176143646240234, 2169217.357593983411789 ], [ 3752263.617803209926933, 2169214.037892084568739 ], [ 3752291.997392886318266, 2169206.887599762529135 ], [ 3752311.750780538190156, 2169202.444156114943326 ], [ 3752317.544463763013482, 2169201.904908793512732 ], [ 3752322.248024502769113, 2169201.567057423759252 ], [ 3752333.145425924099982, 2169198.34846994606778 ], [ 3752347.07593565993011, 2169192.943898346275091 ], [ 3752357.714962655678391, 2169186.743553237523884 ], [ 3752365.950680122710764, 2169176.057990800123662 ], [ 3752368.445346067193896, 2169172.318822585046291 ], [ 3752381.61896824836731, 2169161.674456981010735 ], [ 3752395.313922034576535, 2169150.080064332578331 ], [ 3752399.824008631054312, 2169146.353935508523136 ], [ 3752403.064795598853379, 2169144.248829133808613 ], [ 3752410.827121979556978, 2169133.907791484612972 ], [ 3752421.037563779391348, 2169118.12887426931411 ], [ 3752428.325720701832324, 2169108.132576766423881 ], [ 3752443.777511793188751, 2169093.569333946332335 ], [ 3752451.35289344470948, 2169090.358975280541927 ], [ 3752471.535614784806967, 2169079.2629369283095 ], [ 3752492.483376749791205, 2169067.694920941255987 ], [ 3752511.133536406327039, 2169056.340262780431658 ], [ 3752558.805352875962853, 2169026.093401091638952 ], [ 3752601.190066256560385, 2169034.462432274594903 ], [ 3752690.887781200464815, 2169025.272380523383617 ], [ 3752843.525677853729576, 2169043.628863882273436 ], [ 3752936.532010932918638, 2169071.042491524945945 ], [ 3752983.262565264012665, 2169074.83888624003157 ], [ 3752994.488132330588996, 2169031.082046814262867 ], [ 3753021.212609703652561, 2169002.544843389652669 ], [ 3753080.671739339828491, 2168991.500744459219277 ], [ 3753109.430712295230478, 2168974.797533394768834 ], [ 3753126.159945954568684, 2168958.712591521441936 ], [ 3753147.045788370072842, 2168926.711330173537135 ], [ 3753166.342199071310461, 2168864.800203377846628 ], [ 3753187.166416994296014, 2168826.291828665882349 ], [ 3753215.364660383667797, 2168803.12827042164281 ], [ 3753273.184782538563013, 2168773.200359635986388 ], [ 3753302.461478562094271, 2168762.460689097642899 ], [ 3753333.118550703395158, 2168767.622993585187942 ], [ 3753362.034715495072305, 2168816.531124115921557 ], [ 3753389.186785452067852, 2168874.119800820946693 ], [ 3753404.267781022470444, 2168891.251951975747943 ], [ 3753435.701312525197864, 2168905.359746769070625 ], [ 3753496.756566449999809, 2168912.702922321390361 ], [ 3753511.234202712774277, 2168922.877834228798747 ], [ 3753516.818935778923333, 2168952.416004382073879 ], [ 3753521.08754814369604, 2169042.191717117093503 ], [ 3753529.66894305171445, 2169071.451030781492591 ], [ 3753541.259491414297372, 2169076.093004753813148 ], [ 3753549.441061238292605, 2169061.305142837576568 ], [ 3753551.024949333164841, 2169056.348146634176373 ], [ 3753557.44165477110073, 2169044.429467704612762 ], [ 3753566.915865161456168, 2169032.927533781621605 ], [ 3753583.354298450052738, 2169030.896822076290846 ], [ 3753592.699818712193519, 2169023.714856443926692 ], [ 3753612.592866031453013, 2169018.557655680458993 ], [ 3753623.97361191175878, 2169032.617650367319584 ], [ 3753671.511706816963851, 2169058.251916470937431 ], [ 3753691.051634224131703, 2169062.945954073220491 ], [ 3753751.589296681806445, 2169064.326235768385231 ], [ 3753783.411083048209548, 2169082.906690749339759 ], [ 3753800.551347063388675, 2169106.359688267111778 ], [ 3753831.108842980116606, 2169133.573961480055004 ], [ 3753894.575218026991934, 2169162.314994447398931 ], [ 3753998.183048403821886, 2169121.033696744590998 ], [ 3754047.278892601374537, 2169083.402138123288751 ], [ 3754054.407136894762516, 2169072.719627813436091 ], [ 3754083.511380223557353, 2169059.99240372562781 ], [ 3754114.772487268317491, 2169072.112749747931957 ], [ 3754146.66918933019042, 2169074.154325005598366 ], [ 3754174.318012454546988, 2169062.06350645981729 ], [ 3754202.516333077568561, 2169038.900457293726504 ], [ 3754268.554224954452366, 2169026.263710038270801 ], [ 3754278.34197860956192, 2169001.788142837118357 ], [ 3754281.68915652949363, 2168967.611576323397458 ], [ 3754269.578909311909229, 2168912.430440216790885 ], [ 3754258.000796021427959, 2168883.450262768194079 ], [ 3754256.411436427850276, 2168853.540451338980347 ], [ 3754262.813709253445268, 2168822.887406856287271 ], [ 3754287.105327940080315, 2168760.51219456223771 ], [ 3754297.798019055277109, 2168744.488596803043038 ], [ 3754326.341456654015929, 2168725.301026646513492 ], [ 3754356.135952604934573, 2168720.52518676687032 ], [ 3754386.879376024007797, 2168726.682365248911083 ], [ 3754405.474973329342902, 2168749.49927659612149 ], [ 3754434.124861723743379, 2168806.948814381845295 ], [ 3754474.761972579173744, 2168863.283053824678063 ], [ 3754490.798671916592866, 2168879.825688266661018 ], [ 3754539.223990216851234, 2168901.75093 ], [ 3754579.535097748041153, 2168858.044079001061618 ], [ 3754602.530578559730202, 2168821.338429593946785 ], [ 3754634.206944124773145, 2168791.840671136975288 ], [ 3754663.526989089790732, 2168781.59852582635358 ], [ 3754693.882214792538434, 2168783.283121266402304 ], [ 3754720.40085453633219, 2168810.372616853564978 ], [ 3754729.456490504555404, 2168845.098333924077451 ], [ 3754732.130589965265244, 2168875.90881229005754 ], [ 3754729.663110746536404, 2168899.683654479682446 ], [ 3754707.369420461822301, 2168961.872707915492356 ], [ 3754686.991206242702901, 2169051.937312953174114 ], [ 3754653.382953488733619, 2169117.182793356943876 ], [ 3754658.967662147246301, 2169146.720866217743605 ], [ 3754677.038551869802177, 2169175.097281801514328 ], [ 3754705.098671868443489, 2169202.544297977816314 ], [ 3754790.186646295245737, 2169254.743457067757845 ], [ 3754826.237760917283595, 2169281.446931193582714 ], [ 3754851.301068144850433, 2169309.172985822893679 ], [ 3754832.049424114637077, 2169331.002614137716591 ], [ 3754803.031398239545524, 2169344.723191869445145 ], [ 3754799.901687245815992, 2169345.001050794497132 ], [ 3754801.800442649051547, 2169345.388477354310453 ], [ 3754826.408092148136348, 2169348.25934272678569 ], [ 3754861.101952875033021, 2169350.973091325722635 ], [ 3754891.006329774390906, 2169350.01448831660673 ], [ 3754902.048953610472381, 2169348.696565513964742 ], [ 3754908.856187640223652, 2169348.233666595537215 ], [ 3754915.324842165224254, 2169349.78607988730073 ], [ 3754923.296341627370566, 2169353.342649488244206 ], [ 3754933.47116521326825, 2169359.078959960490465 ], [ 3754945.402028343640268, 2169363.699994266964495 ], [ 3754952.552572809159756, 2169365.339173001237214 ], [ 3754964.773487698286772, 2169363.440807141363621 ], [ 3754974.098307818174362, 2169357.523856570478529 ], [ 3754985.675300215836614, 2169344.493936614599079 ], [ 3754994.951128424610943, 2169334.072480444796383 ], [ 3755006.713615629822016, 2169318.891469319816679 ], [ 3755014.568069510161877, 2169310.886659449897707 ], [ 3755020.944579597562551, 2169304.883052756078541 ], [ 3755022.812722272239625, 2169303.43702609045431 ], [ 3755027.28543480951339, 2169299.97477237554267 ], [ 3755036.072257386054844, 2169296.10143698239699 ], [ 3755045.123671290930361, 2169293.766564172692597 ], [ 3755053.570952163077891, 2169293.171031021047384 ], [ 3755062.433032704982907, 2169295.502694131340832 ], [ 3755089.404445488005877, 2169309.365156685002148 ], [ 3755098.997034360654652, 2169312.801170706283301 ], [ 3755147.506833766121417, 2169323.988519296050072 ], [ 3755185.992368016391993, 2169337.320734659209847 ], [ 3755204.224473098292947, 2169341.916815556120127 ], [ 3755213.956098213791847, 2169345.911053762771189 ], [ 3755223.772966216783971, 2169351.119344638194889 ], [ 3755239.593569090589881, 2169362.502480080351233 ], [ 3755266.436911253724247, 2169386.606081688776612 ], [ 3755279.79184829024598, 2169399.861579366959631 ], [ 3755287.952728668227792, 2169406.877105259336531 ], [ 3755336.946867842227221, 2169433.850072680506855 ], [ 3755349.053376459516585, 2169440.148045892827213 ], [ 3755355.804119099397212, 2169443.327435174491256 ], [ 3755364.463725738227367, 2169446.920302513986826 ], [ 3755377.026339639909565, 2169448.146491805557162 ], [ 3755383.979304945096374, 2169447.158852550201118 ], [ 3755416.069633961189538, 2169440.757182869128883 ], [ 3755436.792146200314164, 2169435.643666825257242 ], [ 3755448.167980872560292, 2169431.900181049015373 ], [ 3755459.376581876538694, 2169429.244451474398375 ], [ 3755465.746647229418159, 2169427.690041267778724 ], [ 3755476.122466336935759, 2169426.925106635317206 ], [ 3755485.525028152856976, 2169427.012534195557237 ], [ 3755506.006573794409633, 2169427.01087991707027 ], [ 3755518.473781675565988, 2169424.238232490606606 ], [ 3755538.132914922200143, 2169418.241518327966332 ], [ 3755555.073500754777342, 2169411.786242355592549 ], [ 3755576.462567397858948, 2169404.25617283815518 ], [ 3755599.947771922219545, 2169398.023946559987962 ], [ 3755619.424376957584172, 2169395.260470004752278 ], [ 3755669.667676096316427, 2169393.241882471833378 ], [ 3755687.878672466613352, 2169395.154877348337322 ], [ 3755696.250993652734905, 2169396.249845853075385 ], [ 3755698.985531921032816, 2169396.5466163973324 ], [ 3755705.618104188703001, 2169399.526553542818874 ], [ 3755714.369559700600803, 2169405.916305381804705 ], [ 3755720.24359440151602, 2169418.485250925645232 ], [ 3755734.939931599888951, 2169457.985991847701371 ], [ 3755737.072224702686071, 2169466.775046017020941 ], [ 3755739.866403322666883, 2169473.328182768076658 ], [ 3755744.094167252071202, 2169478.064961411990225 ], [ 3755749.38828516099602, 2169480.938816695474088 ], [ 3755757.086005000397563, 2169480.873995756730437 ], [ 3755778.002042022533715, 2169476.133143004029989 ], [ 3755810.986304930411279, 2169467.27403770480305 ], [ 3755842.631812582258135, 2169460.503331992775202 ], [ 3755889.246581201441586, 2169448.232397156767547 ], [ 3755941.617823205888271, 2169436.618299431167543 ], [ 3755951.373433441855013, 2169434.27800844470039 ], [ 3755958.750495549291372, 2169430.285897077992558 ], [ 3755963.563934636767954, 2169427.854002033825964 ], [ 3755978.044455035589635, 2169427.509565711952746 ], [ 3755988.363916263915598, 2169430.847708016168326 ], [ 3756000.519394692033529, 2169435.277546754572541 ], [ 3756015.530209900811315, 2169441.736624776851386 ], [ 3756036.154863278381526, 2169449.416652788408101 ], [ 3756052.591027310118079, 2169461.163368419744074 ], [ 3756058.132446819916368, 2169464.795944854151458 ], [ 3756062.865935906767845, 2169470.257069565821439 ], [ 3756067.876706192269921, 2169470.068006652407348 ], [ 3756072.881218897178769, 2169469.753641360905021 ], [ 3756077.812336077447981, 2169468.844171496108174 ], [ 3756082.695659685414284, 2169467.706221632193774 ], [ 3756087.667202491313219, 2169468.023907057475299 ], [ 3756092.267691359389573, 2169469.911378972232342 ], [ 3756096.369785436429083, 2169472.750270973425359 ], [ 3756100.512878350913525, 2169475.531038008164614 ], [ 3756104.668150624725968, 2169478.295394747983664 ], [ 3756109.093562160618603, 2169480.592785820364952 ], [ 3756113.771324088796973, 2169482.36105788545683 ], [ 3756118.75504082813859, 2169482.357283772435039 ], [ 3756123.751427689101547, 2169482.654763908591121 ], [ 3756128.633149681147188, 2169483.755297826603055 ], [ 3756133.463980609085411, 2169485.054912657476962 ], [ 3756138.254231031052768, 2169486.49106287304312 ], [ 3756142.95946703851223, 2169488.171601315028965 ], [ 3756147.394497721455991, 2169490.461970226373523 ], [ 3756151.569685561582446, 2169493.19615198019892 ], [ 3756156.01901455456391, 2169495.450318556278944 ], [ 3756160.687333511188626, 2169497.235659962520003 ], [ 3756165.33569464366883, 2169499.071936852298677 ], [ 3756169.963806239422411, 2169500.956678622402251 ], [ 3756174.51837398391217, 2169503.010176992509514 ], [ 3756179.02714280039072, 2169505.159764370881021 ], [ 3756183.472075041849166, 2169507.430874339770526 ], [ 3756187.594982700422406, 2169510.240148688200861 ], [ 3756191.607134526129812, 2169513.203951977659017 ], [ 3756195.50328119052574, 2169516.317304770927876 ], [ 3756199.588388913311064, 2169519.179341848939657 ], [ 3756203.86915648682043, 2169521.743022099137306 ], [ 3756208.204074685461819, 2169524.217903202399611 ], [ 3756212.408094950951636, 2169526.906640620902181 ], [ 3756216.594721652567387, 2169529.620403407141566 ], [ 3756221.049141641706228, 2169531.860736757982522 ], [ 3756225.797008980531245, 2169533.428481401875615 ], [ 3756230.622230222448707, 2169534.748263087123632 ], [ 3756235.558259839657694, 2169535.573800883255899 ], [ 3756240.457027142867446, 2169536.597486632410437 ], [ 3756245.335822584107518, 2169537.711500883102417 ], [ 3756250.214887145906687, 2169538.822750986553729 ], [ 3756255.152702181600034, 2169539.644872888922691 ], [ 3756260.136985461693257, 2169540.129314363468438 ], [ 3756265.093547276221216, 2169540.798647763673216 ], [ 3756269.939967661630362, 2169542.038378129713237 ], [ 3756274.737998856697232, 2169543.450886338483542 ], [ 3756279.509986721910536, 2169544.944849054794759 ], [ 3756284.132974027656019, 2169546.840711801312864 ], [ 3756288.682391444221139, 2169548.904529175721109 ], [ 3756293.179836192633957, 2169551.077842604368925 ], [ 3756297.590580567717552, 2169553.417442759498954 ], [ 3756302.003873515408486, 2169555.748866388574243 ], [ 3756306.598235573153943, 2169557.712504518218338 ], [ 3756311.281043843831867, 2169559.459700908977538 ], [ 3756316.133897802326828, 2169560.65837893076241 ], [ 3756321.01879087369889, 2169561.741975508630276 ], [ 3756325.852078259456903, 2169563.031620595604181 ], [ 3756330.661567769479007, 2169564.405372990760952 ], [ 3756335.396306357346475, 2169566.0103395357728 ], [ 3756340.075022622011602, 2169567.769392450340092 ], [ 3756344.735375070944428, 2169569.575390957761556 ], [ 3756349.392768141813576, 2169571.389532945584506 ], [ 3756354.064127125311643, 2169573.167930441908538 ], [ 3756358.767119022086263, 2169574.862442953512073 ], [ 3756363.425606852862984, 2169576.673282065894455 ], [ 3756367.9083820162341, 2169578.867748461663723 ], [ 3756372.126553902868181, 2169581.533405517693609 ], [ 3756376.192990679293871, 2169584.423297914210707 ], [ 3756380.03574786754325, 2169587.598425507545471 ], [ 3756383.842832424677908, 2169590.815488399937749 ], [ 3756387.912166967988014, 2169593.700672680977732 ], [ 3756392.059276364278048, 2169596.475541056133807 ], [ 3756396.280901766382158, 2169599.136801490560174 ], [ 3756400.599019168876112, 2169601.641749892849475 ], [ 3756405.016235632821918, 2169603.969204260502011 ], [ 3756409.595245183445513, 2169605.966902338899672 ], [ 3756414.226172138005495, 2169607.845845402218401 ], [ 3756418.725044116377831, 2169610.010966572910547 ], [ 3756423.122630805242807, 2169612.375500509515405 ], [ 3756427.755564340855926, 2169614.242225930094719 ], [ 3756432.434479523915797, 2169616.000642861239612 ], [ 3756437.096936633810401, 2169617.802065009716898 ], [ 3756441.676594155840576, 2169619.798750264104456 ], [ 3756446.158605652395636, 2169622.001805182546377 ], [ 3756450.545364032033831, 2169624.386153976432979 ], [ 3756454.835124595090747, 2169626.938281862065196 ], [ 3756459.02964901458472, 2169629.641880807001144 ], [ 3756463.16489963978529, 2169632.433912524487823 ], [ 3756467.253620753996074, 2169635.293239701539278 ], [ 3756471.177436891477555, 2169638.364058793522418 ], [ 3756475.190815167035908, 2169641.317787053529173 ], [ 3756479.58027803665027, 2169643.679023644886911 ], [ 3756484.401258300989866, 2169644.997695817612112 ], [ 3756489.322614339180291, 2169645.913201322779059 ], [ 3756494.236432468984276, 2169646.867927409242839 ], [ 3756499.16965165361762, 2169647.719826764427125 ], [ 3756504.132151495199651, 2169648.390910697635263 ], [ 3756509.109197897836566, 2169648.954123578965664 ], [ 3756514.09011977724731, 2169649.481842028908432 ], [ 3756519.070041547529399, 2169650.019195161294192 ], [ 3756524.072607225272804, 2169650.302174368873239 ], [ 3756529.084523152559996, 2169650.305161872413009 ], [ 3756534.094373978674412, 2169650.079299236647785 ], [ 3756539.105746584944427, 2169650.022837809752673 ], [ 3756544.094488069415092, 2169650.469180958345532 ], [ 3756549.003419617656618, 2169651.424411713611335 ], [ 3756553.755724915768951, 2169652.972393875941634 ], [ 3756558.302296685986221, 2169655.041317797731608 ], [ 3756562.861750186420977, 2169657.080418027937412 ], [ 3756567.622065753675997, 2169658.607437688857317 ], [ 3756572.402035649865866, 2169660.078434453811496 ], [ 3756577.295678404159844, 2169661.0980378347449 ], [ 3756582.26407524663955, 2169661.729168046265841 ], [ 3756587.245134169235826, 2169662.257774566765875 ], [ 3756592.226601590402424, 2169662.780672554858029 ], [ 3756597.215742690488696, 2169663.23400461114943 ], [ 3756602.209549350198358, 2169663.635794932022691 ], [ 3756607.202386554330587, 2169664.045502266380936 ], [ 3756612.129894022364169, 2169664.876183593180031 ], [ 3756616.877345112152398, 2169666.446525529958308 ], [ 3756621.496480607427657, 2169668.347562149632722 ], [ 3756625.932316056918353, 2169670.641834405716509 ], [ 3756630.496149710379541, 2169672.673465833067894 ], [ 3756635.196403909474611, 2169674.373774524312466 ], [ 3756639.995974899735302, 2169675.776972468011081 ], [ 3756644.911013251170516, 2169676.718408020213246 ], [ 3756649.871349594555795, 2169677.405873252078891 ], [ 3756654.854504036717117, 2169677.899281308986247 ], [ 3756659.862046953290701, 2169678.100250379182398 ], [ 3756664.871989372652024, 2169678.24753206782043 ], [ 3756669.882247526198626, 2169678.374512864276767 ], [ 3756674.892488319892436, 2169678.51348527148366 ], [ 3756679.903228760696948, 2169678.621850761119276 ], [ 3756684.911263879854232, 2169678.804909147787839 ], [ 3756689.88091569300741, 2169679.410854356829077 ], [ 3756694.752323574386537, 2169680.545442190021276 ], [ 3756699.392619407735765, 2169682.398672795388848 ], [ 3756704.177111006341875, 2169683.84273741254583 ], [ 3756708.977991561871022, 2169685.240181898232549 ], [ 3756713.326188477687538, 2169687.666844762396067 ], [ 3756717.6756850220263, 2169690.113140131812543 ], [ 3756722.115509673953056, 2169692.399403697345406 ], [ 3756729.06993940891698, 2169695.86770809488371 ], [ 3756733.926469142083079, 2169697.068615762982517 ], [ 3756738.677380251698196, 2169698.62126589845866 ], [ 3756743.362558893393725, 2169700.363750781863928 ], [ 3756747.973865573760122, 2169702.28693231055513 ], [ 3756752.313720318488777, 2169704.742672232445329 ], [ 3756756.379563095513731, 2169707.633369025308639 ], [ 3756760.701135267037898, 2169710.112366220448166 ], [ 3756765.159738033078611, 2169712.353027225006372 ], [ 3756769.635937938466668, 2169714.555936072021723 ], [ 3756774.298873654566705, 2169716.355373832862824 ], [ 3756779.023126755841076, 2169717.98816917091608 ], [ 3756783.781578880734742, 2169719.518826469779015 ], [ 3756787.951528456062078, 2169722.198565908242017 ], [ 3756791.475323230959475, 2169725.72356308111921 ], [ 3756794.856844590045512, 2169729.383893197868019 ], [ 3756798.432935221120715, 2169732.855556371621788 ], [ 3756802.075096569024026, 2169736.259227925445884 ], [ 3756805.489373264834285, 2169739.886665919329971 ], [ 3756808.575077414512634, 2169743.797755651175976 ], [ 3756811.651961470022798, 2169747.716441761702299 ], [ 3756814.768870122730732, 2169751.603356983978301 ], [ 3756817.783200595527887, 2169755.570113257039338 ], [ 3756820.792092405259609, 2169759.540887297596782 ], [ 3756823.907791316509247, 2169763.429109516087919 ], [ 3756826.968847670592368, 2169767.358458798844367 ], [ 3756830.292904328089207, 2169771.05362980440259 ], [ 3756834.469895447138697, 2169773.754070880357176 ], [ 3756839.083910490386188, 2169775.673280448187143 ], [ 3756843.66450278647244, 2169777.668307416141033 ], [ 3756848.149443654809147, 2169779.865042650606483 ], [ 3756852.574922415893525, 2169782.178952714428306 ], [ 3756857.153006224893034, 2169784.179228200111538 ], [ 3756861.560743399895728, 2169786.51852292008698 ], [ 3756865.809053312055767, 2169789.138120693620294 ], [ 3756870.048767709173262, 2169791.76991211483255 ], [ 3756874.686549236997962, 2169793.61056159902364 ], [ 3756879.53993610246107, 2169794.817226437386125 ], [ 3756884.523588281590492, 2169795.294742607045919 ], [ 3756889.452071386855096, 2169796.097264612093568 ], [ 3756894.273567900061607, 2169797.397024436853826 ], [ 3756899.242886249907315, 2169796.880858038552105 ], [ 3756904.133220913819969, 2169795.749758739955723 ], [ 3756908.976563562173396, 2169794.430245729163289 ], [ 3756913.9591093971394, 2169794.064730955753475 ], [ 3756918.9081254103221, 2169794.800207371357828 ], [ 3756923.721637350972742, 2169796.143392845056951 ], [ 3756928.410256030969322, 2169797.876348059158772 ], [ 3756933.279591890983284, 2169798.982066785916686 ], [ 3756938.281979132443666, 2169799.260257478337735 ], [ 3756943.267591414041817, 2169799.7170040756464 ], [ 3756948.22685019671917, 2169800.411809377372265 ], [ 3756953.225171865895391, 2169800.752324311528355 ], [ 3756958.165200936142355, 2169801.551036424934864 ], [ 3756962.827667649369687, 2169803.285172470379621 ], [ 3756967.241035141050816, 2169805.598760362248868 ], [ 3756972.101739840582013, 2169806.571913330815732 ], [ 3756977.005147274117917, 2169805.536389230750501 ], [ 3756981.805628189817071, 2169804.071007069200277 ], [ 3756986.56680398248136, 2169802.475082512944937 ], [ 3756991.297271450050175, 2169800.791830098256469 ], [ 3756996.065024178475142, 2169799.227062288671732 ], [ 3757000.940180787816644, 2169798.037519761361182 ], [ 3757005.925061476416886, 2169797.504597158171237 ], [ 3757010.936889327596873, 2169797.435895055532455 ], [ 3757015.927167222835124, 2169797.834758199751377 ], [ 3757020.858446937985718, 2169798.695661528035998 ], [ 3757025.730283029843122, 2169799.836233815643936 ], [ 3757030.674405558500439, 2169800.626318361610174 ], [ 3757035.658825365826488, 2169801.105531377252191 ], [ 3757040.664894164539874, 2169800.898754364345223 ], [ 3757045.64461818896234, 2169800.295861395541579 ], [ 3757050.596725236158818, 2169799.486255948897451 ], [ 3757055.558213257230818, 2169798.736258196644485 ], [ 3757060.558167509734631, 2169798.450298078358173 ], [ 3757070.122212604619563, 2169798.819092065095901 ], [ 3757075.764639102388173, 2169801.289921851828694 ], [ 3757079.911804577335715, 2169802.898089502006769 ], [ 3757085.02299680095166, 2169804.707200809381902 ], [ 3757090.478749914094806, 2169805.031602287199348 ], [ 3757094.218377334531397, 2169804.613496872596443 ], [ 3757097.39991136174649, 2169804.257593126036227 ], [ 3757099.596071128267795, 2169803.572285651694983 ], [ 3757101.441680503077805, 2169802.098316651768982 ], [ 3757103.837683621328324, 2169806.465698983520269 ], [ 3757106.193882868625224, 2169810.854136842768639 ], [ 3757108.338722081854939, 2169815.349882842507213 ], [ 3757110.729016781318933, 2169819.720219106879085 ], [ 3757112.598986193072051, 2169824.336039207410067 ], [ 3757113.740359179209918, 2169829.177610973827541 ], [ 3757113.648022359237075, 2169834.163223538082093 ], [ 3757113.547315867617726, 2169839.149709722027183 ], [ 3757114.097775765229017, 2169844.10633288975805 ], [ 3757114.172581484541297, 2169849.094468514434993 ], [ 3757114.067290069069713, 2169854.085235875565559 ], [ 3757114.0673658689484, 2169859.076096472796053 ], [ 3757113.825677917338908, 2169864.06210460793227 ], [ 3757113.016189627349377, 2169868.984976734034717 ], [ 3757110.424893040210009, 2169873.208387047052383 ], [ 3757106.234603654593229, 2169875.970566818490624 ], [ 3757101.891950476914644, 2169878.493265647441149 ], [ 3757097.745470006484538, 2169881.314326175954193 ], [ 3757094.023958500474691, 2169884.677378283813596 ], [ 3757091.95979721378535, 2169889.168678022455424 ], [ 3757090.771502113435417, 2169894.01928557921201 ], [ 3757088.55326072871685, 2169898.482543143443763 ], [ 3757084.378942139446735, 2169901.252778932452202 ], [ 3757081.061050965450704, 2169905.00387744884938 ], [ 3757077.194692326709628, 2169908.184243015013635 ], [ 3757073.31861462071538, 2169911.371648454107344 ], [ 3757069.127246487885714, 2169914.133409150876105 ], [ 3757064.607723118271679, 2169916.318613926880062 ], [ 3757059.910338730085641, 2169918.093240768648684 ], [ 3757055.023804707452655, 2169919.211219715885818 ], [ 3757050.216805570758879, 2169920.639396143145859 ], [ 3757045.518168282229453, 2169922.412518356926739 ], [ 3757040.697253793943673, 2169923.804804058745503 ], [ 3757035.758647091686726, 2169924.689066994469613 ], [ 3757030.759930573869497, 2169925.071951994206756 ], [ 3757025.750705917365849, 2169925.29709092201665 ], [ 3757020.750349420588464, 2169925.687500074505806 ], [ 3757015.755141630303115, 2169926.144660796970129 ], [ 3757010.779409454669803, 2169926.775823805946857 ], [ 3757005.937695657834411, 2169928.086407865397632 ], [ 3757001.330901574809104, 2169930.086005123797804 ], [ 3756996.494815279729664, 2169931.381661292165518 ], [ 3756991.538307547569275, 2169932.165512214414775 ], [ 3756986.578498075716197, 2169932.925426419358701 ], [ 3756981.971827335190028, 2169934.568578574806452 ], [ 3756979.777679542545229, 2169939.103041266091168 ], [ 3756977.78429252281785, 2169943.697257672436535 ], [ 3756975.164913324639201, 2169947.933873072266579 ], [ 3756971.94344848068431, 2169951.781048545148224 ], [ 3756968.916501139290631, 2169955.779270379804075 ], [ 3756965.545967042446136, 2169959.489180854987353 ], [ 3756962.299378864467144, 2169963.294956380035728 ], [ 3756959.942043797578663, 2169967.714830131269991 ], [ 3756957.438787314109504, 2169972.045881113037467 ], [ 3756954.148793702479452, 2169975.833513834513724 ], [ 3756950.479398018680513, 2169979.215318139176816 ], [ 3756946.015808019787073, 2169981.515252609271556 ], [ 3756941.386823328211904, 2169983.462600111495703 ], [ 3756936.643211816437542, 2169985.105222200043499 ], [ 3756931.704769283067435, 2169985.971440066583455 ], [ 3756926.713901151437312, 2169986.471823271829635 ], [ 3756921.703692500479519, 2169986.66661251662299 ], [ 3756916.691388606093824, 2169986.790924748405814 ], [ 3756911.678682496771216, 2169986.892334209289402 ], [ 3756906.666974370367825, 2169987.045865367632359 ], [ 3756901.657007701694965, 2169987.253007799386978 ], [ 3756896.646818940993398, 2169987.465123577043414 ], [ 3756891.636833001859486, 2169987.678516059182584 ], [ 3756886.62663523806259, 2169987.879753924440593 ], [ 3756881.615801584441215, 2169988.058530445210636 ], [ 3756876.603335266932845, 2169988.150634936522692 ], [ 3756871.590384286362678, 2169988.138449990656227 ], [ 3756869.962721479590982, 2169991.922881520353258 ], [ 3756867.878711935598403, 2169997.478201193735003 ], [ 3756866.514809500891715, 2170002.455754661001265 ], [ 3756866.919475388713181, 2170010.07756735663861 ], [ 3756866.473126328550279, 2170016.757018207572401 ], [ 3756867.038077132310718, 2170020.177675140090287 ], [ 3756866.323811174370348, 2170027.376210472080857 ], [ 3756866.231997880619019, 2170028.301830924581736 ], [ 3756874.547404546756297, 2170028.785032950807363 ], [ 3756885.461263413075358, 2170029.419173637870699 ], [ 3756888.964817544445395, 2170029.499974489677697 ], [ 3756892.214801620692015, 2170029.574945166707039 ], [ 3756893.230411551427096, 2170029.598350015934557 ], [ 3756897.343206658493727, 2170029.416312997695059 ], [ 3756902.380764339119196, 2170029.448827696498483 ], [ 3756915.342919267248362, 2170031.449524963740259 ], [ 3756919.042478793300688, 2170032.307748197577894 ], [ 3756923.27594362385571, 2170033.517164657823741 ], [ 3756927.978040187153965, 2170035.484433064237237 ], [ 3756931.303976432420313, 2170036.67804887983948 ], [ 3756935.420267191715539, 2170037.697904609143734 ], [ 3756943.232619279995561, 2170038.374094140250236 ], [ 3756947.336771873291582, 2170038.092537483200431 ], [ 3756951.645702190697193, 2170036.689972299616784 ], [ 3756953.571828737854958, 2170034.882274241186678 ], [ 3756954.252712437883019, 2170034.243262734264135 ], [ 3756955.974556921981275, 2170030.877037236001343 ], [ 3756955.661759408656508, 2170023.79259138694033 ], [ 3756956.401810344308615, 2170020.33725353050977 ], [ 3756956.450004644691944, 2170020.112324266228825 ], [ 3756958.697031857445836, 2170016.997884832322598 ], [ 3756961.304240761324763, 2170014.551144559402019 ], [ 3756964.69682147866115, 2170013.033388874959201 ], [ 3756968.266985779628158, 2170012.400756519287825 ], [ 3756971.871649370528758, 2170012.165822029579431 ], [ 3756977.937697850633413, 2170013.60554804559797 ], [ 3756979.143692181445658, 2170015.897989058867097 ], [ 3756979.459195347037166, 2170018.373411240056157 ], [ 3756980.302240811754018, 2170019.017979560885578 ], [ 3756982.2633615299128, 2170020.517248309683055 ], [ 3756984.965495125856251, 2170019.163867167197168 ], [ 3756985.866122023202479, 2170018.508447888307273 ], [ 3756988.280399566050619, 2170016.751604465767741 ], [ 3756993.994139209389687, 2170011.811739536002278 ], [ 3756996.439105590805411, 2170009.191419696900994 ], [ 3756996.758019449189305, 2170008.849616114981472 ], [ 3756997.906281254254282, 2170005.837279967963696 ], [ 3756999.471373446285725, 2170002.986560240853578 ], [ 3757001.370606255717576, 2170000.505495138932019 ], [ 3757001.385207668878138, 2170000.492212579585612 ], [ 3757004.451378095429391, 2169997.714178874157369 ], [ 3757004.81398916663602, 2169996.300940958783031 ], [ 3757004.978062722831964, 2169995.661430969834328 ], [ 3757003.758528988342732, 2169994.372096164152026 ], [ 3757001.739818532019854, 2169993.157127989456058 ], [ 3756999.678030984010547, 2169991.445332622155547 ], [ 3756997.907275507692248, 2169989.606168114580214 ], [ 3756997.700208345428109, 2169987.220801773481071 ], [ 3756999.360210581682622, 2169985.463341697119176 ], [ 3757001.698827661573887, 2169984.812611279077828 ], [ 3757002.604859149549156, 2169984.560483336914331 ], [ 3757005.901209397241473, 2169984.253876695409417 ], [ 3757007.922468885779381, 2169983.435137728229165 ], [ 3757009.111291319597512, 2169982.95353414863348 ], [ 3757011.153655954636633, 2169980.960190323647112 ], [ 3757013.187143327202648, 2169978.538539421744645 ], [ 3757013.343937816098332, 2169978.351856346707791 ], [ 3757015.524303573649377, 2169977.948696692474186 ], [ 3757018.076902333181351, 2169979.514760931953788 ], [ 3757021.785979802720249, 2169986.283402640372515 ], [ 3757026.011827333830297, 2169993.204471130855381 ], [ 3757026.561788695398718, 2169993.795409643556923 ], [ 3757027.89964119810611, 2169995.233114714268595 ], [ 3757030.410552399232984, 2169993.997737372294068 ], [ 3757033.517182962037623, 2169991.504599030129611 ], [ 3757035.133993438910693, 2169989.250231894664466 ], [ 3757032.78615873772651, 2169986.563062919769436 ], [ 3757030.290277069434524, 2169984.490703999064863 ], [ 3757028.884536567144096, 2169982.216822646558285 ], [ 3757029.003099908586591, 2169980.10176954511553 ], [ 3757031.491746883839369, 2169979.770090210717171 ], [ 3757040.502683815546334, 2169980.334928835742176 ], [ 3757043.287393546663225, 2169978.773433857131749 ], [ 3757047.313885187264532, 2169977.597478976473212 ], [ 3757051.366235312074423, 2169976.719699133187532 ], [ 3757058.232762726023793, 2169975.780570101924241 ], [ 3757062.727899642661214, 2169975.3625662131235 ], [ 3757066.406511870212853, 2169974.820095952600241 ], [ 3757069.959440524689853, 2169973.988722677808255 ], [ 3757074.583869584836066, 2169975.061592367477715 ], [ 3757077.727186412550509, 2169976.472541277762502 ], [ 3757080.215832440182567, 2169976.140864362474531 ], [ 3757080.528719280846417, 2169974.942936622537673 ], [ 3757080.647272759117186, 2169974.489130551926792 ], [ 3757081.047289490699768, 2169972.957614726852626 ], [ 3757082.161086596082896, 2169969.547785200178623 ], [ 3757084.265085523016751, 2169965.945624232292175 ], [ 3757086.872311823070049, 2169963.498995477333665 ], [ 3757088.825806531123817, 2169963.923893161118031 ], [ 3757089.130236174911261, 2169963.990264577325433 ], [ 3757089.366901823319495, 2169964.746285353787243 ], [ 3757090.105519853532314, 2169967.105747062712908 ], [ 3757090.381535518914461, 2169970.286209008190781 ], [ 3757089.857067207340151, 2169975.845533515326679 ], [ 3757089.742211017757654, 2169979.162537126336247 ], [ 3757090.015907786320895, 2169980.590059164445847 ], [ 3757090.041710339486599, 2169980.724234085064381 ], [ 3757090.478149637579918, 2169983.001540755853057 ], [ 3757091.962482766248286, 2169985.615995812229812 ], [ 3757092.855564512778074, 2169987.188934954348952 ], [ 3757095.633851489052176, 2169989.034501708578318 ], [ 3757098.652791662141681, 2169987.852050138171762 ], [ 3757100.009527264162898, 2169984.920570979360491 ], [ 3757100.792867678683251, 2169983.575023741926998 ], [ 3757101.674544392619282, 2169982.060572043061256 ], [ 3757104.393812496215105, 2169980.905967280268669 ], [ 3757107.166401064489037, 2169982.220954756252468 ], [ 3757108.279488787986338, 2169982.748862049542367 ], [ 3757110.464777373708785, 2169983.567405453883111 ], [ 3757111.922324081417173, 2169984.113390900660306 ], [ 3757114.719250536523759, 2169983.853195301722735 ], [ 3757115.571879969909787, 2169983.06927160685882 ], [ 3757117.143877387046814, 2169981.623991064261645 ], [ 3757117.9293003519997, 2169980.274978850502521 ], [ 3757118.808894705958664, 2169978.763993537519127 ], [ 3757120.26544027030468, 2169975.823146857786924 ], [ 3757121.180017877370119, 2169972.983456860296428 ], [ 3757121.296646133996546, 2169972.621341286227107 ], [ 3757123.226754484698176, 2169969.335916466079652 ], [ 3757125.556693210266531, 2169966.2669896222651 ], [ 3757127.564340310171247, 2169963.622425019275397 ], [ 3757129.935828204266727, 2169963.101288191974163 ], [ 3757132.329581575933844, 2169961.676455900538713 ], [ 3757132.912985771894455, 2169959.117420555092394 ], [ 3757132.020393534563482, 2169955.793902136851102 ], [ 3757130.00309497397393, 2169952.274419469293207 ], [ 3757129.863813810050488, 2169952.101894641295075 ], [ 3757127.746548629831523, 2169949.478440615348518 ], [ 3757124.978281415533274, 2169945.427686288952827 ], [ 3757120.196308813989162, 2169939.059318772051483 ], [ 3757119.789398492779583, 2169936.69253202714026 ], [ 3757119.596075783018023, 2169933.304034730885178 ], [ 3757119.910684464965016, 2169929.968475688248873 ], [ 3757121.3587233601138, 2169926.928289173170924 ], [ 3757122.849854111671448, 2169924.385027165524662 ], [ 3757126.887675639707595, 2169918.699402600992471 ], [ 3757128.795620714779943, 2169916.317660378292203 ], [ 3757131.29421844612807, 2169913.781015838030726 ], [ 3757136.725544644054025, 2169909.067882554139942 ], [ 3757141.726514076814055, 2169905.196334432810545 ], [ 3757144.707268634811044, 2169902.414341707248241 ], [ 3757146.844443418551236, 2169901.514282698743045 ], [ 3757149.062996065244079, 2169902.710680568125099 ], [ 3757150.503197084181011, 2169905.382060654927045 ], [ 3757152.12591337133199, 2169907.836132579948753 ], [ 3757153.809068911708891, 2169910.985960364807397 ], [ 3757153.707734672352672, 2169913.299757745116949 ], [ 3757151.590104856994003, 2169917.905126310884953 ], [ 3757148.499408964067698, 2169922.901591327041388 ], [ 3757147.399150756653398, 2169925.308311028406024 ], [ 3757146.176801504101604, 2169928.62799702771008 ], [ 3757145.762284405529499, 2169931.972939954604954 ], [ 3757146.918896253220737, 2169934.773888864088804 ], [ 3757147.037221278995275, 2169935.060476555489004 ], [ 3757149.002801730763167, 2169937.983610692434013 ], [ 3757151.324688920285553, 2169940.372720340266824 ], [ 3757154.003163273911923, 2169942.227658620569855 ], [ 3757157.832103326916695, 2169944.576752038206905 ], [ 3757160.081432704813778, 2169944.968796105124056 ], [ 3757161.13869782583788, 2169944.056307498831302 ], [ 3757162.423454425763339, 2169942.947520274203271 ], [ 3757163.356604796368629, 2169940.597710781730711 ], [ 3757163.663020506501198, 2169939.826486594043672 ], [ 3757165.525591188110411, 2169933.441458990331739 ], [ 3757165.540528216399252, 2169930.133747997693717 ], [ 3757165.130110369529575, 2169926.56497944984585 ], [ 3757165.422469272278249, 2169924.133216238580644 ], [ 3757167.747258619870991, 2169921.913191954605281 ], [ 3757169.85136028798297, 2169918.311025534756482 ], [ 3757169.575349593069404, 2169915.130568301770836 ], [ 3757169.790135325863957, 2169911.80428365431726 ], [ 3757171.718052888289094, 2169905.012390206567943 ], [ 3757171.605015527456999, 2169897.909317573532462 ], [ 3757172.379646621644497, 2169895.232287768274546 ], [ 3757174.434245233424008, 2169894.540349382907152 ], [ 3757177.848548346199095, 2169900.234303320758045 ], [ 3757178.984172804746777, 2169904.036152564454824 ], [ 3757178.994992807041854, 2169907.642052316572517 ], [ 3757177.47800320154056, 2169909.887136022560298 ], [ 3757175.995579278562218, 2169912.529703482985497 ], [ 3757175.828902506735176, 2169915.250368968583643 ], [ 3757177.208679991774261, 2169917.226091044954956 ], [ 3757183.011836772784591, 2169922.597842108923942 ], [ 3757186.900443475693464, 2169922.920764302369207 ], [ 3757189.876761283259839, 2169923.168017040006816 ], [ 3757193.256084092892706, 2169923.448599851690233 ], [ 3757194.442442169878632, 2169922.035844698082656 ], [ 3757193.627526558935642, 2169919.606834460515529 ], [ 3757191.379509825725108, 2169916.91029585711658 ], [ 3757190.523045081179589, 2169915.48345457110554 ], [ 3757189.61377909546718, 2169913.968587826006114 ], [ 3757188.481843951158226, 2169911.368590929079801 ], [ 3757187.932417498901486, 2169908.861145267263055 ], [ 3757187.814862795639783, 2169908.324691035784781 ], [ 3757188.324303526896983, 2169906.073104832321405 ], [ 3757190.253120136447251, 2169905.092280024662614 ], [ 3757191.696142920292914, 2169903.154642033390701 ], [ 3757191.044200990349054, 2169896.803017376922071 ], [ 3757190.494279089383781, 2169893.948596750386059 ], [ 3757190.452584344893694, 2169891.147066433448344 ], [ 3757191.609479733742774, 2169888.234172120690346 ], [ 3757191.350704820360988, 2169885.252466347534209 ], [ 3757189.645315879024565, 2169883.006529844366014 ], [ 3757187.748787266202271, 2169880.878477102145553 ], [ 3757186.651434747502208, 2169878.676061856094748 ], [ 3757186.601033399812877, 2169875.775222118012607 ], [ 3757187.740681027527899, 2169872.663480206392705 ], [ 3757189.44387683365494, 2169871.402942594140768 ], [ 3757189.790261228103191, 2169873.074085443746299 ], [ 3757191.463830894324929, 2169875.186232773121446 ], [ 3757191.712631522677839, 2169875.500213905703276 ], [ 3757194.868271435145289, 2169878.212543867528439 ], [ 3757196.72538472013548, 2169878.039884243626148 ], [ 3757197.165709586348385, 2169877.99897282011807 ], [ 3757199.776530424598604, 2169876.754226351622492 ], [ 3757201.441555090714246, 2169873.894239983987063 ], [ 3757200.857168382499367, 2169870.642320504412055 ], [ 3757200.353822242002934, 2169869.578989172820002 ], [ 3757200.106532156933099, 2169869.056726978160441 ], [ 3757199.131024702917784, 2169866.995553927030414 ], [ 3757190.660741715226322, 2169855.25918539147824 ], [ 3757188.757019602227956, 2169850.727298717014492 ], [ 3757190.347980017773807, 2169848.174773623701185 ], [ 3757192.273177775554359, 2169845.991887194104493 ], [ 3757194.332781113218516, 2169844.197311664000154 ], [ 3757195.982765268068761, 2169844.645049748476595 ], [ 3757196.415412876289338, 2169847.309924790635705 ], [ 3757196.248830516822636, 2169850.030571506824344 ], [ 3757196.390446212608367, 2169852.822813639417291 ], [ 3757196.814485534094274, 2169855.388362996280193 ], [ 3757197.275156303774565, 2169856.446424842812121 ], [ 3757197.422801389824599, 2169856.785510728135705 ], [ 3757197.820620636921376, 2169857.69937465665862 ], [ 3757203.242821084335446, 2169861.002503041177988 ], [ 3757206.24320010561496, 2169861.925709296017885 ], [ 3757208.566495825070888, 2169862.010313029866666 ], [ 3757210.677813278045505, 2169860.812085149344057 ], [ 3757213.136995858512819, 2169858.980280078016222 ], [ 3757212.995395607315004, 2169856.188136685173959 ], [ 3757211.823879849165678, 2169854.29319879738614 ], [ 3757210.609372252132744, 2169851.901321249082685 ], [ 3757209.053417768329382, 2169846.735874329693615 ], [ 3757210.375583149027079, 2169843.406827732920647 ], [ 3757211.957935240585357, 2169840.754978638142347 ], [ 3757213.574836713727564, 2169838.500514767132699 ], [ 3757216.166137747466564, 2169833.550566230900586 ], [ 3757218.204904010519385, 2169830.355277975089848 ], [ 3757222.599129430018365, 2169824.135541916824877 ], [ 3757226.480420419946313, 2169818.965506630018353 ], [ 3757229.626546056009829, 2169815.767356521449983 ], [ 3757233.225398784503341, 2169810.82391718076542 ], [ 3757234.847223739139736, 2169807.466931477189064 ], [ 3757235.88706738082692, 2169804.364564592950046 ], [ 3757236.062261630315334, 2169801.743246515281498 ], [ 3757235.803493177052587, 2169798.761544372420758 ], [ 3757235.171100447885692, 2169796.115228910930455 ], [ 3757233.904783388134092, 2169793.127021113876253 ], [ 3757233.380824492312968, 2169790.570760731585324 ], [ 3757233.664583041332662, 2169788.039678062312305 ], [ 3757237.632141382433474, 2169783.863379638642073 ], [ 3757240.087641549762338, 2169780.829730732366443 ], [ 3757241.270401857793331, 2169778.215017642825842 ], [ 3757241.728135966695845, 2169775.367090415209532 ], [ 3757241.512459007557482, 2169772.88231195602566 ], [ 3757240.88006787141785, 2169770.23599697323516 ], [ 3757239.87392220646143, 2169767.924888237379491 ], [ 3757238.08584868721664, 2169765.886987420730293 ], [ 3757235.446983909234405, 2169763.32708379952237 ], [ 3757232.343163611367345, 2169761.21108083659783 ], [ 3757229.894003987312317, 2169760.837700441479683 ], [ 3757228.221766259986907, 2169761.293750630691648 ], [ 3757226.787345055025071, 2169763.330706893466413 ], [ 3757225.12743276450783, 2169765.088129248004407 ], [ 3757223.155439632944763, 2169765.572138442657888 ], [ 3757220.906111543998122, 2169765.180086647160351 ], [ 3757219.677879674360156, 2169763.791440383996814 ], [ 3757218.632262478582561, 2169762.185470825061202 ], [ 3757218.112006276380271, 2169760.831158549524844 ], [ 3757218.890150113496929, 2169759.356116576585919 ], [ 3757220.36766108777374, 2169757.816083049401641 ], [ 3757222.504922080319375, 2169756.915919288061559 ], [ 3757223.956477597821504, 2169755.077728833071887 ], [ 3757227.511778134852648, 2169752.07328895945102 ], [ 3757230.617374318186194, 2169749.448788583278656 ], [ 3757230.809498751536012, 2169749.098936362192035 ], [ 3757232.182583138346672, 2169746.598081281408668 ], [ 3757234.827013719826937, 2169739.939886910840869 ], [ 3757235.758314662147313, 2169736.747385769616812 ], [ 3757235.916280445642769, 2169733.927319815382361 ], [ 3757235.355564957018942, 2169727.467011718079448 ], [ 3757234.215048136655241, 2169724.767788955010474 ], [ 3757233.542107668239623, 2169723.480807645712048 ], [ 3757231.317406377289444, 2169719.226085589267313 ], [ 3757232.457066015806049, 2169716.114353454206139 ], [ 3757232.537590954452753, 2169715.513175719417632 ], [ 3757232.82350456295535, 2169713.375138209667057 ], [ 3757232.399473842233419, 2169710.809592060744762 ], [ 3757231.002374451141804, 2169708.635136038530618 ], [ 3757229.400503338780254, 2169707.581777099519968 ], [ 3757227.202903962694108, 2169707.786168047692627 ], [ 3757225.233270697295666, 2169711.776512124575675 ], [ 3757223.540099756792188, 2169710.831863894127309 ], [ 3757222.173978412523866, 2169707.853024848736823 ], [ 3757221.255451082717627, 2169704.231355916708708 ], [ 3757220.35801236750558, 2169702.372424805536866 ], [ 3757218.431779604405165, 2169698.382208200637251 ], [ 3757217.788393006660044, 2169692.130034441128373 ], [ 3757217.911979842931032, 2169688.912355386186391 ], [ 3757218.335156302433461, 2169685.666946917772293 ], [ 3757218.465092013124377, 2169679.042240985669196 ], [ 3757219.396381937898695, 2169675.849643065128475 ], [ 3757220.11933062132448, 2169672.576375012286007 ], [ 3757222.672473441809416, 2169666.026896408293396 ], [ 3757226.379794385284185, 2169661.173623945564032 ], [ 3757228.518384067807347, 2169657.968977937009186 ], [ 3757236.081148112658411, 2169647.64741942519322 ], [ 3757244.317213163711131, 2169636.962636455427855 ], [ 3757246.924345035105944, 2169634.515958824194968 ], [ 3757249.030645179562271, 2169634.420281630009413 ], [ 3757250.776530696544796, 2169636.224854573607445 ], [ 3757253.566134734079242, 2169639.108325575944036 ], [ 3757256.414775878656656, 2169639.444499098695815 ], [ 3757258.288190155290067, 2169636.6653953762725 ], [ 3757258.737310028634965, 2169633.718049586750567 ], [ 3757258.285157413221896, 2169627.347885131370276 ], [ 3757256.975763596594334, 2169623.862756362184882 ], [ 3757256.469046620186418, 2169621.505248110275716 ], [ 3757264.061273706145585, 2169612.683840112760663 ], [ 3757270.372136442922056, 2169604.181942652445287 ], [ 3757275.343567640520632, 2169598.810230606235564 ], [ 3757278.393499808385968, 2169596.823432184755802 ], [ 3757281.109181412495673, 2169594.466896988451481 ], [ 3757283.681737544946373, 2169591.622644674964249 ], [ 3757285.589733167551458, 2169589.241125725209713 ], [ 3757287.237530913669616, 2169586.182312428019941 ], [ 3757288.607831624802202, 2169582.247668271884322 ], [ 3757289.651273953728378, 2169580.347177448216826 ], [ 3757290.708351090084761, 2169577.443474560510367 ], [ 3757291.005757486913353, 2169573.909187620505691 ], [ 3757291.623748473823071, 2169571.747653772123158 ], [ 3757291.018556603230536, 2169567.095032902434468 ], [ 3757289.016341051086783, 2169560.267743512988091 ], [ 3757287.758663807064295, 2169557.378961774986237 ], [ 3757286.046098813414574, 2169552.729100819677114 ], [ 3757284.692094570025802, 2169551.051566569600254 ], [ 3757285.172103283461183, 2169547.299860114231706 ], [ 3757286.132855199277401, 2169545.60740570910275 ], [ 3757286.454786871094257, 2169544.67577450722456 ], [ 3757286.478461714461446, 2169541.46738956309855 ], [ 3757286.214699503500015, 2169539.588330342434347 ], [ 3757284.318088652566075, 2169537.460289727430791 ], [ 3757285.070484158582985, 2169535.687066578306258 ], [ 3757284.915253950282931, 2169533.898046496789902 ], [ 3757282.76217187428847, 2169532.294852378312498 ], [ 3757280.426572562661022, 2169530.908963810186833 ], [ 3757278.771578722633421, 2169531.563852631952614 ], [ 3757276.050865332596004, 2169535.022921650670469 ], [ 3757274.638806004077196, 2169536.156159911770374 ], [ 3757270.782500894740224, 2169535.813388956245035 ], [ 3757267.65643068170175, 2169534.60116668837145 ], [ 3757261.393320369534194, 2169528.570968792308122 ], [ 3757258.649614810477942, 2169527.122868083883077 ], [ 3757256.778957697562873, 2169525.292983838357031 ], [ 3757256.265054369345307, 2169520.531553868670017 ], [ 3757261.180521634407341, 2169521.477197137661278 ], [ 3757263.178275359328836, 2169521.291387005709112 ], [ 3757264.898730242624879, 2169520.229713296983391 ], [ 3757266.233224651310593, 2169518.201956836506724 ], [ 3757264.614042841363698, 2169516.949959680438042 ], [ 3757261.462117546703666, 2169515.439564095810056 ], [ 3757258.07586582750082, 2169513.550144837237895 ], [ 3757254.749963517300785, 2169512.356593033764511 ], [ 3757248.816076580435038, 2169507.798669266980141 ], [ 3757246.163572615012527, 2169506.241874386090785 ], [ 3757244.418694839812815, 2169504.700876327697188 ], [ 3757245.019359023775905, 2169502.34060939354822 ], [ 3757246.762074577156454, 2169500.375146961770952 ], [ 3757247.388692791573703, 2169498.31303682923317 ], [ 3757246.230827839579433, 2169495.414886011742055 ], [ 3757243.829897454474121, 2169494.435961902141571 ], [ 3757241.384317086543888, 2169495.264434911310673 ], [ 3757239.173078599385917, 2169496.472030024509877 ], [ 3757236.506922610569745, 2169495.918349190615118 ], [ 3757234.662219788879156, 2169494.386621157638729 ], [ 3757230.158467883244157, 2169494.705250028055161 ], [ 3757227.431894886307418, 2169493.455914412159473 ], [ 3757225.87824119720608, 2169491.796919781249017 ], [ 3757222.869242392480373, 2169490.774274491705 ], [ 3757219.881168766412884, 2169491.152324035298079 ], [ 3757217.249490892048925, 2169490.996240302920341 ], [ 3757214.240590543486178, 2169489.973579036071897 ], [ 3757208.571798059623688, 2169484.990231703035533 ], [ 3757206.093171827029437, 2169483.116609243676066 ], [ 3757202.016288405749947, 2169481.391684548929334 ], [ 3757199.115935107693076, 2169480.459160719066858 ], [ 3757197.555720110423863, 2169482.207221085671335 ], [ 3757197.597487365361303, 2169485.008725838270038 ], [ 3757198.173139745835215, 2169488.161329509690404 ], [ 3757199.59618396544829, 2169490.633943587075919 ], [ 3757202.126505197957158, 2169493.103813592810184 ], [ 3757204.071132594719529, 2169494.626255 ], [ 3757206.475773607380688, 2169496.807222157716751 ], [ 3757208.489441496320069, 2169499.124742490239441 ], [ 3757210.089975307695568, 2169502.482588871382177 ], [ 3757208.123005018569529, 2169501.864051109179854 ], [ 3757204.394007728435099, 2169499.505651751067489 ], [ 3757199.77952921576798, 2169496.227584972977638 ], [ 3757194.689238639548421, 2169489.787742258049548 ], [ 3757187.024107192642987, 2169482.685607713181525 ], [ 3757183.338196247816086, 2169480.824130477383733 ], [ 3757178.341482171788812, 2169477.782122357282788 ], [ 3757169.21104586077854, 2169473.521399352699518 ], [ 3757165.051468598656356, 2169472.004511489532888 ], [ 3757161.231170215643942, 2169469.754822266753763 ], [ 3757158.058317467570305, 2169466.843732035718858 ], [ 3757153.17147001484409, 2169461.587277645245194 ], [ 3757152.812897941563278, 2169458.614849045872688 ], [ 3757152.487866605632007, 2169450.228985741734505 ], [ 3757150.834205678198487, 2169448.579391492530704 ], [ 3757148.99309642566368, 2169448.249625954777002 ], [ 3757147.234580993186682, 2169447.711840872187167 ], [ 3757144.816287351306528, 2169446.533988300710917 ], [ 3757143.205795693211257, 2169445.38120212033391 ], [ 3757141.85190656548366, 2169443.703748432453722 ], [ 3757139.733285989612341, 2169442.498052707873285 ], [ 3757138.135011935606599, 2169442.646653136704117 ], [ 3757136.20260198879987, 2169442.425598016474396 ], [ 3757135.473882742226124, 2169440.990434760227799 ], [ 3757136.653070979751647, 2169437.173765998799354 ], [ 3757139.465095077641308, 2169433.605979816522449 ], [ 3757139.748858334496617, 2169431.074803712312132 ], [ 3757138.260551813989878, 2169429.008941280189902 ], [ 3757135.828636338934302, 2169428.834399939980358 ], [ 3757129.518231896217912, 2169429.220765123609453 ], [ 3757126.070240058004856, 2169428.940274426713586 ], [ 3757116.764585450291634, 2169427.300864825490862 ], [ 3757113.564442540984601, 2169426.396103087812662 ], [ 3757105.145573712419719, 2169423.371679703239352 ], [ 3757096.51321870367974, 2169421.369043748825788 ], [ 3757092.014489197172225, 2169420.585138607304543 ], [ 3757087.767400157172233, 2169420.37889289483428 ], [ 3757083.733599061146379, 2169419.150892719160765 ], [ 3757079.882414545863867, 2169417.705570095218718 ], [ 3757076.418511381372809, 2169414.92174628470093 ], [ 3757072.584557936061174, 2169413.675173286814243 ], [ 3757070.733403423801064, 2169415.550586997997016 ], [ 3757069.059737369883806, 2169418.311234562192112 ], [ 3757067.256698774639517, 2169419.581031542271376 ], [ 3757062.039292227011174, 2169415.156785593368113 ], [ 3757055.901957378257066, 2169409.415470621548593 ], [ 3757053.879665819462389, 2169406.998524821829051 ], [ 3757054.359684546478093, 2169403.246808411553502 ], [ 3757055.156608294695616, 2169399.665998329874128 ], [ 3757053.707710684277117, 2169396.895208430942148 ], [ 3757051.351283734664321, 2169394.108606740366668 ], [ 3757048.003114467021078, 2169393.818848046008497 ], [ 3757044.493251450359821, 2169395.147109705489129 ], [ 3757038.212403234560043, 2169397.033701295033097 ], [ 3757034.757205843925476, 2169394.349186882376671 ], [ 3757031.722347474656999, 2169393.028370780870318 ], [ 3757029.882574211340398, 2169390.394118142779917 ], [ 3757030.362495405133814, 2169386.642416997812688 ], [ 3757029.244239510968328, 2169383.039301796816289 ], [ 3757029.801823816262186, 2169380.182105117943138 ], [ 3757030.94160733371973, 2169377.070357711054385 ], [ 3757030.899860575795174, 2169374.26894631003961 ], [ 3757029.607611998915672, 2169370.982577831484377 ], [ 3757026.135184333194047, 2169368.099313115235418 ], [ 3757023.477563257329166, 2169367.645173369906843 ], [ 3757020.875425669364631, 2169368.989214413799345 ], [ 3757017.778812537435442, 2169369.277229934930801 ], [ 3757013.732907376252115, 2169366.747923935763538 ], [ 3757009.967892249114811, 2169366.296448029112071 ], [ 3757006.871278777718544, 2169366.584464026615024 ], [ 3757003.50226844381541, 2169364.893893742468208 ], [ 3757001.063148590736091, 2169362.315327615011483 ], [ 3757000.678643147461116, 2169359.044835500884801 ], [ 3757000.858893098775297, 2169355.320977067574859 ], [ 3757000.526081437245011, 2169352.646734041161835 ], [ 3756998.221462717279792, 2169350.456462365575135 ], [ 3756995.663749432191253, 2169349.99293824378401 ], [ 3756995.039903285913169, 2169347.446060670074075 ], [ 3756995.454578881151974, 2169344.101210385095328 ], [ 3756995.161261149682105, 2169340.721925997640938 ], [ 3756993.678002096712589, 2169337.553619370795786 ], [ 3756990.947734136600047, 2169335.102336348034441 ], [ 3756987.413452056702226, 2169333.827919688075781 ], [ 3756981.09082088759169, 2169332.912902945186943 ], [ 3756977.661509671248496, 2169330.526757291983813 ], [ 3756974.569894838612527, 2169329.712036013137549 ], [ 3756971.872778952121735, 2169329.962938274256885 ], [ 3756969.23616121802479, 2169330.90938309347257 ], [ 3756966.421973130200058, 2169330.970708130858839 ], [ 3756965.524406819604337, 2169328.749830850400031 ], [ 3756965.448070394806564, 2169325.550738153979182 ], [ 3756964.490073697641492, 2169322.634105869103223 ], [ 3756960.852290554903448, 2169320.167109412606806 ], [ 3756957.249052419327199, 2169318.097497987560928 ], [ 3756946.25155338877812, 2169313.208953172899783 ], [ 3756942.465713056735694, 2169311.35676301503554 ], [ 3756936.032411598600447, 2169306.845335159450769 ], [ 3756933.384919387754053, 2169304.185901029035449 ], [ 3756931.085135153494775, 2169300.893119797110558 ], [ 3756922.490743475966156, 2169286.563504389021546 ], [ 3756919.529839130118489, 2169284.93514534085989 ], [ 3756917.27333807060495, 2169282.139254819136113 ], [ 3756915.207864920143038, 2169279.225399557035416 ], [ 3756913.981082630809397, 2169275.532242025248706 ], [ 3756912.38055634079501, 2169272.174388407263905 ], [ 3756910.406483380123973, 2169269.151806176174432 ], [ 3756907.011534747667611, 2169267.163175546564162 ], [ 3756903.797844653017819, 2169267.261614641640335 ], [ 3756901.049002419225872, 2169266.916071783751249 ], [ 3756898.07088266313076, 2169265.0890609389171 ], [ 3756894.74146385025233, 2169262.693431616295129 ], [ 3756892.219667566474527, 2169260.322998335584998 ], [ 3756889.546239075250924, 2169257.36550394911319 ], [ 3756888.13693874841556, 2169253.889652504585683 ], [ 3756887.47861908795312, 2169250.945174952037632 ], [ 3756884.722596118226647, 2169248.195700595155358 ], [ 3756881.970163239166141, 2169246.648191949352622 ], [ 3756879.173218229785562, 2169246.90836542006582 ], [ 3756876.20605043368414, 2169248.687121402006596 ], [ 3756873.135285075288266, 2169249.273312787525356 ], [ 3756871.302778420504183, 2169249.042874937411398 ], [ 3756868.698288416024297, 2169246.880478004924953 ], [ 3756867.092844077385962, 2169244.625247199553996 ], [ 3756866.911767972167581, 2169242.538046072237194 ], [ 3756867.403913392685354, 2169240.087729658465832 ], [ 3756866.762923670932651, 2169237.341985194943845 ], [ 3756865.590080632828176, 2169237.751533595379442 ], [ 3756863.899170697201043, 2169240.31343721691519 ], [ 3756861.853174500633031, 2169241.104788838885725 ], [ 3756855.893442563712597, 2169236.248784727416933 ], [ 3756852.572547699790448, 2169233.952595491427928 ], [ 3756849.217175778932869, 2169231.258808235172182 ], [ 3756847.086370486300439, 2169228.751918328460306 ], [ 3756846.402182263322175, 2169225.509167538490146 ], [ 3756846.148381562437862, 2169221.424934507347643 ], [ 3756845.452238449361175, 2169221.44335446273908 ], [ 3756841.627475503832102, 2169221.544808244332671 ], [ 3756841.198254747316241, 2169221.119973651133478 ], [ 3756839.314135514199734, 2169219.255126968491822 ], [ 3756836.701136827468872, 2169216.993387524969876 ], [ 3756832.472611374687403, 2169214.681403204798698 ], [ 3756830.321671637706459, 2169216.58468252280727 ], [ 3756830.427429833915085, 2169221.283821473829448 ], [ 3756828.54681999143213, 2169221.659100667573512 ], [ 3756827.28905388712883, 2169218.770325180608779 ], [ 3756823.976880431640893, 2169216.573543737642467 ], [ 3756820.954329693224281, 2169216.554101797752082 ], [ 3756817.036246567033231, 2169217.820174323860556 ], [ 3756813.52781357942149, 2169216.843933188356459 ], [ 3756810.115715283900499, 2169214.656438647769392 ], [ 3756807.667988947592676, 2169211.978544010780752 ], [ 3756805.17482022754848, 2169205.29718309501186 ], [ 3756806.107589210383594, 2169199.800067837815732 ], [ 3756805.444237546995282, 2169197.958130781538785 ], [ 3756801.949461414478719, 2169195.978770592715591 ], [ 3756797.872566820122302, 2169194.253847989719361 ], [ 3756795.140967778861523, 2169194.107154650148004 ], [ 3756794.380033309571445, 2169195.780948268715292 ], [ 3756796.402322283014655, 2169198.197897742502391 ], [ 3756798.806865233927965, 2169200.378884731791914 ], [ 3756798.579915520735085, 2169202.403761220630258 ], [ 3756796.303295327816159, 2169204.018138476181775 ], [ 3756792.581470334902406, 2169204.063671736046672 ], [ 3756789.512031817808747, 2169202.34527378808707 ], [ 3756785.355347675271332, 2169196.219466664362699 ], [ 3756782.594305464997888, 2169194.572632627561688 ], [ 3756778.789884768426418, 2169194.826186725869775 ], [ 3756772.008672522380948, 2169190.94813815690577 ], [ 3756769.16997024230659, 2169188.406797816511244 ], [ 3756765.423735469579697, 2169185.849646988324821 ], [ 3756764.009319761302322, 2169183.476449777372181 ], [ 3756762.877529992721975, 2169180.876527886837721 ], [ 3756759.082963761407882, 2169178.924930171109736 ], [ 3756755.73129372857511, 2169177.433191885240376 ], [ 3756746.023764487821609, 2169172.324464877136052 ], [ 3756742.992588027380407, 2169172.205600585788488 ], [ 3756739.9650002354756, 2169173.288704165257514 ], [ 3756734.912231999449432, 2169176.563881009817123 ], [ 3756732.415040034335107, 2169176.796100218780339 ], [ 3756729.640354982577264, 2169176.152484432794154 ], [ 3756727.643918814137578, 2169174.033708764705807 ], [ 3756725.92992683313787, 2169171.688338818028569 ], [ 3756725.240622841753066, 2169169.548242340330034 ], [ 3756722.436479661148041, 2169167.404385974630713 ], [ 3756719.014326362870634, 2169167.422077629249543 ], [ 3756714.080173052847385, 2169168.582306114956737 ], [ 3756712.018387705553323, 2169166.870399489067495 ], [ 3756710.395697082392871, 2169164.416318379342556 ], [ 3756710.245412464719266, 2169161.524760388303548 ], [ 3756710.940999205224216, 2169160.257833500858396 ], [ 3756713.339796539861709, 2169157.730274357832968 ], [ 3756713.39798444788903, 2169154.919567291159183 ], [ 3756712.801804830785841, 2169154.194687809795141 ], [ 3756712.447033815085888, 2169153.76344769494608 ], [ 3756711.484143997076899, 2169152.59277060162276 ], [ 3756709.226197109557688, 2169152.101389090064913 ], [ 3756707.290897618047893, 2169152.84995096642524 ], [ 3756706.498266986571252, 2169153.156551559921354 ], [ 3756704.0045793694444, 2169154.590853731147945 ], [ 3756702.789536704774946, 2169154.765061977319419 ], [ 3756702.015418944880366, 2169154.87599803134799 ], [ 3756701.178170883096755, 2169153.350791075266898 ], [ 3756702.035443247761577, 2169150.465739910490811 ], [ 3756702.21939390571788, 2169147.943821982014924 ], [ 3756700.813684746157378, 2169145.669933578930795 ], [ 3756698.404121735133231, 2169144.591588255949318 ], [ 3756696.659143297467381, 2169143.050603702664375 ], [ 3756693.450480193831027, 2169142.046503888443112 ], [ 3756691.039454714395106, 2169143.272572957444936 ], [ 3756690.304509597364813, 2169144.756324764341116 ], [ 3756689.582749096676707, 2169146.213427182752639 ], [ 3756688.79954747390002, 2169148.791017669718713 ], [ 3756687.511059927754104, 2169150.455397778190672 ], [ 3756686.626436256803572, 2169151.59808095311746 ], [ 3756686.200983323622495, 2169151.337037444580346 ], [ 3756687.24581032153219, 2169147.132133581209928 ], [ 3756687.178204965312034, 2169144.032439738512039 ], [ 3756685.668998580891639, 2169140.565967656672001 ], [ 3756685.101885341107845, 2169137.512789748609066 ], [ 3756683.196751045063138, 2169135.285302531439811 ], [ 3756680.47385479323566, 2169135.237921483349055 ], [ 3756679.418786966241896, 2169137.206221212632954 ], [ 3756679.173898106906563, 2169137.66317955031991 ], [ 3756678.568097927607596, 2169141.126121420413256 ], [ 3756676.317326786927879, 2169143.03867777902633 ], [ 3756675.180481134913862, 2169142.641607738099992 ], [ 3756673.825152213685215, 2169142.168255642522126 ], [ 3756670.604194005951285, 2169139.862878106534481 ], [ 3756666.561771495267749, 2169138.535556843969971 ], [ 3756662.383615419268608, 2169139.124519092962146 ], [ 3756660.549658329226077, 2169141.198597494512796 ], [ 3756660.448179550468922, 2169141.383431403897703 ], [ 3756658.810622436460108, 2169144.366130333393812 ], [ 3756658.048197058495134, 2169145.123721346259117 ], [ 3756657.141954976134002, 2169146.024151050951332 ], [ 3756654.818657692521811, 2169145.939640443306416 ], [ 3756652.722311802208424, 2169143.830249374732375 ], [ 3756650.214253743179142, 2169140.456579833757132 ], [ 3756647.449506125412881, 2169137.607695771381259 ], [ 3756642.159485972952098, 2169131.186489721760154 ], [ 3756638.720099242869765, 2169131.005433645565063 ], [ 3756635.294354741461575, 2169129.821158837061375 ], [ 3756633.936763854697347, 2169126.941649594344199 ], [ 3756632.744462697766721, 2169123.646082080900669 ], [ 3756632.54247283982113, 2169120.158172306604683 ], [ 3756632.855790459550917, 2169119.12710914760828 ], [ 3756635.442391714546829, 2169115.567171384114772 ], [ 3756637.848716366104782, 2169112.255201432853937 ], [ 3756641.131417623255402, 2169107.737228827551007 ], [ 3756643.957753451075405, 2169101.61184326838702 ], [ 3756645.618770042434335, 2169098.011766741517931 ], [ 3756645.623453808017075, 2169098.001727898139507 ], [ 3756645.615670221392065, 2169097.912038286216557 ], [ 3756645.536442849785089, 2169097.000662807840854 ], [ 3756645.078102927654982, 2169091.718400025274605 ], [ 3756643.14785011857748, 2169069.477081227116287 ], [ 3756636.538512030150741, 2169071.201734196860343 ], [ 3756633.005804878659546, 2169072.123539387248456 ], [ 3756633.409456357825547, 2169101.14138916041702 ], [ 3756623.816086604259908, 2169102.300394390709698 ], [ 3756615.290579062886536, 2169103.330461568664759 ], [ 3756610.565848933067173, 2169103.901250679511577 ], [ 3756608.197464568540454, 2169104.187333458568901 ], [ 3756604.363267298787832, 2169089.014301426708698 ], [ 3756599.655971289612353, 2169089.452063031960279 ], [ 3756598.270015785004944, 2169089.580949505325407 ], [ 3756600.650634856894612, 2169117.012277746573091 ], [ 3756598.54288564901799, 2169119.4125746646896 ], [ 3756590.505796247161925, 2169124.267768668010831 ], [ 3756586.379344156011939, 2169125.453085628803819 ], [ 3756582.700693690683693, 2169125.995536581613123 ], [ 3756573.124756530858576, 2169125.884146811440587 ], [ 3756569.347627466078848, 2169124.131369116250426 ], [ 3756565.969916325993836, 2169122.341590462252498 ], [ 3756563.465444724075496, 2169120.169890221208334 ], [ 3756558.092825056519359, 2169113.956703881733119 ], [ 3756555.479722741059959, 2169111.694980529136956 ], [ 3756552.784108035732061, 2169109.641164061613381 ], [ 3756550.636053841561079, 2169106.935422640759498 ], [ 3756549.655796638689935, 2169104.9225755459629 ], [ 3756549.008884279057384, 2169097.468396861571819 ], [ 3756549.01895503886044, 2169095.263304469175637 ], [ 3756550.813289348501712, 2169093.894086012616754 ], [ 3756552.213173556141555, 2169091.459535093512386 ], [ 3756550.09823165088892, 2169091.455794981215149 ], [ 3756547.36527637206018, 2169093.613608555402607 ], [ 3756544.280840356368572, 2169095.202933427877724 ], [ 3756540.984458662103862, 2169095.509519401006401 ], [ 3756538.507972098886967, 2169096.560998432338238 ], [ 3756538.265146195422858, 2169096.664113770239055 ], [ 3756536.980292852967978, 2169095.781739526428282 ], [ 3756536.768649123609066, 2169093.343133972026408 ], [ 3756536.540291599929333, 2169090.712845573667437 ], [ 3756537.215047292411327, 2169088.045095223467797 ], [ 3756540.462536014616489, 2169082.533240143209696 ], [ 3756543.026531754992902, 2169079.589629391673952 ], [ 3756552.076192808803171, 2169073.638196205720305 ], [ 3756556.025080841965973, 2169071.567756781354547 ], [ 3756559.066335598006845, 2169069.481525112409145 ], [ 3756562.732877353206277, 2169067.637665388640016 ], [ 3756565.503881170880049, 2169067.079325574450195 ], [ 3756567.410465050954372, 2169067.002298397477716 ], [ 3756569.680608986876905, 2169068.794974424876273 ], [ 3756572.355487750843167, 2169069.447957370895892 ], [ 3756574.682472854852676, 2169070.734421236440539 ], [ 3756577.191962666809559, 2169071.803478968329728 ], [ 3756581.886779906228185, 2169071.366863373667002 ], [ 3756585.127784801647067, 2169069.262076396495104 ], [ 3756587.462590791750699, 2169064.836883612442762 ], [ 3756588.180447324644774, 2169062.666160128545016 ], [ 3756589.306495578493923, 2169060.557533611543477 ], [ 3756592.318310973234475, 2169056.971161325927824 ], [ 3756594.446896255947649, 2169055.971685130149126 ], [ 3756594.365553415380418, 2169053.875224222429097 ], [ 3756590.869421654380858, 2169054.200362372677773 ], [ 3756588.566938709933311, 2169055.516570799052715 ], [ 3756586.848811151925474, 2169060.084808451123536 ], [ 3756585.211028872989118, 2169060.938459179364145 ], [ 3756583.05659049982205, 2169061.639761305879802 ], [ 3756581.887344624847174, 2169063.251381048001349 ], [ 3756581.703488810453564, 2169065.773285891395062 ], [ 3756579.252961884718388, 2169067.70440243370831 ], [ 3756578.476028467528522, 2169066.874869882129133 ], [ 3756577.513019260484725, 2169065.06087188096717 ], [ 3756575.142950986046344, 2169063.277482554782182 ], [ 3756573.871628024149686, 2169061.391806359402835 ], [ 3756573.256398382596672, 2169058.944245601072907 ], [ 3756571.246318989433348, 2169057.828687578439713 ], [ 3756565.359988271258771, 2169060.780718509107828 ], [ 3756562.606198902241886, 2169061.537710360251367 ], [ 3756559.580052621196955, 2169060.316304116975516 ], [ 3756553.432674079667777, 2169056.780265370383859 ], [ 3756553.360135538503528, 2169054.783096854109317 ], [ 3756555.702115924097598, 2169052.761841710656881 ], [ 3756558.652054407633841, 2169050.784224261529744 ], [ 3756560.672108412720263, 2169049.69470730656758 ], [ 3756561.099011911544949, 2169047.65123546263203 ], [ 3756559.783155587036163, 2169047.573149222880602 ], [ 3756556.894996302202344, 2169047.942024792078882 ], [ 3756554.275492711924016, 2169049.087246869690716 ], [ 3756551.883157476782799, 2169048.207652651704848 ], [ 3756548.822436382062733, 2169046.588663270696998 ], [ 3756545.81710631493479, 2169046.767977566458285 ], [ 3756539.987500653136522, 2169049.213716587983072 ], [ 3756537.624703254550695, 2169049.834251747000962 ], [ 3756534.519448234699667, 2169050.022853711619973 ], [ 3756534.341964210383594, 2169049.137615824118257 ], [ 3756535.984685190953314, 2169047.181433671154082 ], [ 3756539.721516772639006, 2169043.828173927497119 ], [ 3756541.312531914096326, 2169041.275642534252256 ], [ 3756541.865197852719575, 2169039.520959946326911 ], [ 3756543.744538561441004, 2169037.898999354336411 ], [ 3756544.207179235294461, 2169037.499704802408814 ], [ 3756545.814088334329426, 2169037.450522200670093 ], [ 3756548.092854815069586, 2169039.342622986063361 ], [ 3756549.942680796608329, 2169039.771693888586015 ], [ 3756549.914593912661076, 2169035.967049648053944 ], [ 3756551.078804103191942, 2169035.457974941469729 ], [ 3756553.097407719586045, 2169036.67297371616587 ], [ 3756554.662133748177439, 2169037.151467816904187 ], [ 3756554.855931765399873, 2169037.21075598988682 ], [ 3756556.359330068342388, 2169035.968890680465847 ], [ 3756555.84034165320918, 2169032.310089245438576 ], [ 3756551.080727195367217, 2169025.037991917692125 ], [ 3756549.766228599939495, 2169024.231618065852672 ], [ 3756548.953493095934391, 2169023.732969847507775 ], [ 3756550.331098683178425, 2169022.202118590008467 ], [ 3756553.13669394236058, 2169022.041461322456598 ], [ 3756554.12679116986692, 2169021.500687376130372 ], [ 3756555.347959963604808, 2169020.833849104121327 ], [ 3756554.410789359826595, 2169019.317927410360426 ], [ 3756549.761857485864311, 2169015.642452293075621 ], [ 3756547.455703856889158, 2169015.756805917713791 ], [ 3756542.987923556473106, 2169014.168423880822957 ], [ 3756541.541267504915595, 2169014.904093116521835 ], [ 3756540.503789837472141, 2169015.000531146302819 ], [ 3756540.042905726470053, 2169015.043412752449512 ], [ 3756539.40044903755188, 2169014.577195689547807 ], [ 3756535.636905663181096, 2169011.846289398148656 ], [ 3756534.81336952233687, 2169011.514736044220626 ], [ 3756532.40230258833617, 2169010.544129658956081 ], [ 3756531.038325448986143, 2169011.071663616690785 ], [ 3756532.001250284258276, 2169012.885776626877487 ], [ 3756534.097609943244606, 2169014.995267726480961 ], [ 3756539.30647932132706, 2169019.319984161294997 ], [ 3756540.685466807335615, 2169021.5507205366157 ], [ 3756541.532087959349155, 2169022.920251225121319 ], [ 3756541.864035092759877, 2169025.776384569704533 ], [ 3756542.327032898552716, 2169029.759519739542156 ], [ 3756541.326745039783418, 2169032.156937445513904 ], [ 3756540.909526189323515, 2169032.339316089637578 ], [ 3756538.707354908343405, 2169033.302241622470319 ], [ 3756535.832823371514678, 2169032.667799787595868 ], [ 3756533.259220844134688, 2169029.701029983349144 ], [ 3756529.669551444239914, 2169026.628411612473428 ], [ 3756526.364545054268092, 2169026.835570382885635 ], [ 3756525.138653305824846, 2169028.953371468465775 ], [ 3756523.404629449360073, 2169031.018264767713845 ], [ 3756518.623543702065945, 2169030.46104737278074 ], [ 3756511.299713308457285, 2169026.132492755074054 ], [ 3756507.405444881878793, 2169024.190347230993211 ], [ 3756502.923919593449682, 2169023.605204009450972 ], [ 3756498.589185295626521, 2169024.709638111293316 ], [ 3756495.756300410721451, 2169026.876738683786243 ], [ 3756492.858049859292805, 2169029.450611646287143 ], [ 3756485.891632166691124, 2169030.399073302280158 ], [ 3756482.486699824687093, 2169030.615521790459752 ], [ 3756479.317543466109782, 2169028.906478040851653 ], [ 3756477.321007814723998, 2169026.787716531194746 ], [ 3756476.046113954856992, 2169023.700166266411543 ], [ 3756473.241983372718096, 2169021.556407433003187 ], [ 3756470.945870921481401, 2169019.465474259108305 ], [ 3756470.656170533969998, 2169017.288241486530751 ], [ 3756474.155209367163479, 2169012.354061958380044 ], [ 3756473.865509362425655, 2169010.176829372532666 ], [ 3756472.811281738802791, 2169008.4714270173572 ], [ 3756469.41138583375141, 2169007.585328300017864 ], [ 3756466.900426771957427, 2169008.820691196247935 ], [ 3756463.17725053941831, 2169011.170833805110306 ], [ 3756453.648963172454387, 2169018.569401671178639 ], [ 3756452.820323208346963, 2169017.143518419470638 ], [ 3756449.68194178910926, 2169014.630021056160331 ], [ 3756449.015022355131805, 2169011.586205011233687 ], [ 3756450.502529387362301, 2169007.840984485112131 ], [ 3756451.017036410048604, 2169004.486744383815676 ], [ 3756447.237589753232896, 2168999.227605951484293 ], [ 3756445.141228328458965, 2168997.118114759214222 ], [ 3756444.009343354962766, 2168994.518202733248472 ], [ 3756444.072477598674595, 2168990.604956582188606 ], [ 3756445.980485413223505, 2168988.223212899174541 ], [ 3756448.37921416759491, 2168985.695757099427283 ], [ 3756449.484368565957993, 2168982.186518366914243 ], [ 3756449.022323239594698, 2168978.021483832038939 ], [ 3756446.838245501741767, 2168977.222675033845007 ], [ 3756443.472907538991421, 2168976.734061182010919 ], [ 3756440.803177969530225, 2168974.978614199906588 ], [ 3756441.348609759006649, 2168973.605120096821338 ], [ 3756441.629472125321627, 2168972.897942129056901 ], [ 3756444.218074264004827, 2168972.556990519631654 ], [ 3756447.154374134726822, 2168971.582589711528271 ], [ 3756449.022786430548877, 2168969.90590881742537 ], [ 3756452.5926803345792, 2168965.268749223090708 ], [ 3756454.090583898127079, 2168963.322993227280676 ], [ 3756456.372159540187567, 2168960.606075760908425 ], [ 3756457.329353443812579, 2168957.7116320556961 ], [ 3756455.475941680371761, 2168956.080590303055942 ], [ 3756449.070711395703256, 2168955.373804872855544 ], [ 3756445.496916616801172, 2168954.804437431972474 ], [ 3756442.170993648003787, 2168953.610891591291875 ], [ 3756439.291436715982854, 2168954.079095211811364 ], [ 3756439.264633867889643, 2168954.178706298582256 ], [ 3756438.68202375434339, 2168956.339976159390062 ], [ 3756437.426617429126054, 2168956.954622732941061 ], [ 3756435.397926437668502, 2168957.947842297144234 ], [ 3756431.502187104895711, 2168958.310116530396044 ], [ 3756427.561911303084344, 2168960.479983724653721 ], [ 3756425.7443225113675, 2168962.508659197948873 ], [ 3756424.624157010577619, 2168963.758903957903385 ], [ 3756422.533725161105394, 2168966.357940149027854 ], [ 3756422.497811946086586, 2168968.264957546256483 ], [ 3756431.48517050081864, 2168972.037951104808599 ], [ 3756433.804453612305224, 2168973.546005829703063 ], [ 3756434.046466974075884, 2168973.703342457301915 ], [ 3756435.457097661681473, 2168974.874605752527714 ], [ 3756434.110478839837015, 2168975.601072646677494 ], [ 3756430.788124471902847, 2168975.60940155107528 ], [ 3756426.992310274858028, 2168975.962390257045627 ], [ 3756423.348126374650747, 2168976.902442763093859 ], [ 3756419.843281925655901, 2168977.128277233801782 ], [ 3756412.370161663275212, 2168975.719217171426862 ], [ 3756407.349707411602139, 2168975.88552552415058 ], [ 3756400.548557449132204, 2168976.417834400199354 ], [ 3756397.348410324193537, 2168975.513179450295866 ], [ 3756394.074388463050127, 2168974.915954521857202 ], [ 3756390.569527472369373, 2168975.141692511737347 ], [ 3756386.995730732101947, 2168974.572329031303525 ], [ 3756384.251911772880703, 2168973.124247240833938 ], [ 3756379.020866879727691, 2168969.703312435187399 ], [ 3756377.845899259205908, 2168966.606472717598081 ], [ 3756377.847253546584398, 2168964.301968448795378 ], [ 3756376.923727221786976, 2168961.782823548652232 ], [ 3756374.901453131809831, 2168959.365967586636543 ], [ 3756375.219713723752648, 2168957.232369332574308 ], [ 3756376.718078149482608, 2168957.093046655878425 ], [ 3756377.839208424091339, 2168956.087042686529458 ], [ 3756377.597630835138261, 2168953.304186407011002 ], [ 3756376.217776173725724, 2168951.328468719031662 ], [ 3756374.941529677249491, 2168950.545420156326145 ], [ 3756371.944816255476326, 2168950.824163496959955 ], [ 3756370.742543227504939, 2168949.733668740838766 ], [ 3756371.286506774369627, 2168947.879671871196479 ], [ 3756373.032727727200836, 2168947.116071696393192 ], [ 3756374.644563978537917, 2168945.96425690036267 ], [ 3756375.540007721167058, 2168944.678749983198941 ], [ 3756375.284868317656219, 2168942.899000883568078 ], [ 3756373.035537102725357, 2168942.507047340273857 ], [ 3756370.529612293001264, 2168942.639864997472614 ], [ 3756369.666529300622642, 2168940.816577332094312 ], [ 3756370.830643826629966, 2168940.307516068220139 ], [ 3756372.399496580008417, 2168938.658758892677724 ], [ 3756371.835975491441786, 2168936.807544502429664 ], [ 3756370.213287805207074, 2168934.353458201512694 ], [ 3756368.211813075002283, 2168933.337226974777877 ], [ 3756365.115174223668873, 2168933.625256862491369 ], [ 3756361.813844251446426, 2168935.034376508556306 ], [ 3756358.372992347925901, 2168937.157846034504473 ], [ 3756357.846372570842505, 2168939.210675989277661 ], [ 3756359.229697137139738, 2168942.388284603133798 ], [ 3756365.066006420180202, 2168950.461963779293001 ], [ 3756367.86509985756129, 2168953.708271143957973 ], [ 3756369.069701748434454, 2168958.305226634256542 ], [ 3756369.311196667142212, 2168961.088197762146592 ], [ 3756366.479743245989084, 2168960.950685841962695 ], [ 3756363.07625921163708, 2168958.862616723868996 ], [ 3756360.211617141030729, 2168956.023212771397084 ], [ 3756356.325935771223158, 2168954.180297463200986 ], [ 3756352.109718612395227, 2168953.169796372298151 ], [ 3756346.916717407759279, 2168951.348336440045387 ], [ 3756342.852114642038941, 2168950.924801519140601 ], [ 3756338.331182725261897, 2168951.044694575015455 ], [ 3756333.75844644010067, 2168950.568253064528108 ], [ 3756325.291420260444283, 2168948.149570941925049 ], [ 3756323.507039815187454, 2168947.313615752849728 ], [ 3756320.029482318088412, 2168945.53300991980359 ], [ 3756315.792334804777056, 2168943.121703849639744 ], [ 3756310.869570798240602, 2168939.772250964771956 ], [ 3756306.854458133690059, 2168936.438687147572637 ], [ 3756294.028767975047231, 2168924.406259452924132 ], [ 3756289.345253397710621, 2168920.333201263099909 ], [ 3756280.247123640961945, 2168912.963694811332971 ], [ 3756275.889236710034311, 2168909.160950658842921 ], [ 3756270.866645983420312, 2168905.820768152363598 ], [ 3756266.164446379058063, 2168903.853481800295413 ], [ 3756260.818569318857044, 2168903.749548370949924 ], [ 3756251.337581146508455, 2168904.731422330252826 ], [ 3756245.33184085926041, 2168903.987535210326314 ], [ 3756240.721056694164872, 2168901.911620003171265 ], [ 3756236.68365843128413, 2168899.481756306253374 ], [ 3756232.720332621596754, 2168896.744429511483759 ], [ 3756229.860811111051589, 2168892.802360291127115 ], [ 3756224.541255935560912, 2168884.881007072981447 ], [ 3756221.621324363164604, 2168880.243275460321456 ], [ 3756219.001054040156305, 2168875.577600221615285 ], [ 3756211.948154252953827, 2168861.605619203299284 ], [ 3756210.07022998528555, 2168857.371794783975929 ], [ 3756207.73734962195158, 2168851.376988928765059 ], [ 3756206.611851006280631, 2168845.369915865361691 ], [ 3756204.368051636498421, 2168835.759915414266288 ], [ 3756202.90339430142194, 2168830.485833353362978 ], [ 3756202.329129440709949, 2168825.028692880645394 ], [ 3756200.807383769191802, 2168806.334419209510088 ], [ 3756200.775714594870806, 2168801.327688974328339 ], [ 3756201.554512467700988, 2168791.737218840513378 ], [ 3756201.790771744213998, 2168781.696029286831617 ], [ 3756202.110501347109675, 2168777.257904923520982 ], [ 3756202.729809494223446, 2168772.791952074505389 ], [ 3756205.272268049418926, 2168762.636602595448494 ], [ 3756207.866317977197468, 2168753.077524379827082 ], [ 3756208.94205957558006, 2168748.068129349965602 ], [ 3756210.8569225971587, 2168734.163949103094637 ], [ 3756212.552062894683331, 2168724.688491181470454 ], [ 3756216.609185847453773, 2168708.781611984129995 ], [ 3756220.981853726319969, 2168695.350148537196219 ], [ 3756222.496690773405135, 2168689.598482331261039 ], [ 3756224.331810830626637, 2168671.293310417793691 ], [ 3756225.250791690777987, 2168666.799421758390963 ], [ 3756228.196341464295983, 2168657.808849139139056 ], [ 3756229.51492598420009, 2168653.277830480132252 ], [ 3756231.661388697102666, 2168644.361604085192084 ], [ 3756232.72852136939764, 2168639.252793074119836 ], [ 3756234.602723031304777, 2168633.637048644013703 ], [ 3756235.765297248028219, 2168630.153628306463361 ], [ 3756240.100775860715657, 2168620.933589946478605 ], [ 3756244.918358099646866, 2168611.468418198637664 ], [ 3756244.95198294846341, 2168606.054943411611021 ], [ 3756245.388885010965168, 2168601.806293558795005 ], [ 3756247.515286712441593, 2168597.300344984047115 ], [ 3756250.241027341224253, 2168592.738611189182848 ], [ 3756253.722779850941151, 2168587.60560939880088 ], [ 3756257.612658550031483, 2168582.534918926656246 ], [ 3756260.915479385759681, 2168578.821295998990536 ], [ 3756265.608107161242515, 2168574.87812148919329 ], [ 3756273.819178537931293, 2168569.706120001152158 ], [ 3756277.103397815022618, 2168568.098249773494899 ], [ 3756283.610032570548356, 2168566.221164198592305 ], [ 3756288.89192808046937, 2168564.697487335652113 ], [ 3756292.932044543791562, 2168562.518269271124154 ], [ 3756295.843161391094327, 2168553.130220782477409 ], [ 3756298.97565684793517, 2168550.935306293424219 ], [ 3756306.621946911793202, 2168546.216585642192513 ], [ 3756313.660261482931674, 2168541.454129321500659 ], [ 3756316.3439951823093, 2168540.6832902925089 ], [ 3756321.91303730616346, 2168539.083567563444376 ], [ 3756325.152703950181603, 2168539.283292313572019 ], [ 3756329.265436936635524, 2168539.101231216453016 ], [ 3756332.899641433730721, 2168540.366273581050336 ], [ 3756336.495717417448759, 2168540.031862212345004 ], [ 3756337.107817839365453, 2168539.849964969791472 ], [ 3756342.226551392115653, 2168538.32906159106642 ], [ 3756343.367276412434876, 2168537.99008186114952 ], [ 3756344.413096997886896, 2168538.13012832403183 ], [ 3756346.016309250146151, 2168538.344901804346591 ], [ 3756348.649277438409626, 2168536.19640841986984 ], [ 3756348.867781916167587, 2168535.288841977249831 ], [ 3756349.315461318939924, 2168533.429339860100299 ], [ 3756350.481042718980461, 2168530.615675597917289 ], [ 3756354.09078900096938, 2168529.27814574399963 ], [ 3756359.087488505989313, 2168532.320077479816973 ], [ 3756362.375280805397779, 2168531.914185066707432 ], [ 3756367.775811868254095, 2168528.005481931380928 ], [ 3756370.85155895492062, 2168526.316770342178643 ], [ 3756376.857295225840062, 2168527.060701807960868 ], [ 3756379.897109996061772, 2168527.279002607334405 ], [ 3756381.759231396019459, 2168529.009458740241826 ], [ 3756382.402465915307403, 2168535.261560118291527 ], [ 3756383.835479497909546, 2168535.529116898309439 ], [ 3756384.236344182863832, 2168533.187409873120487 ], [ 3756385.476016595028341, 2168530.066385160665959 ], [ 3756387.344465479254723, 2168528.389817837625742 ], [ 3756389.334625938907266, 2168526.85239973012358 ], [ 3756389.703705406282097, 2168526.567329194862396 ], [ 3756390.660846428014338, 2168523.673012520652264 ], [ 3756390.371252281125635, 2168521.495669483207166 ], [ 3756389.0655059190467, 2168519.212586864829063 ], [ 3756387.059004171285778, 2168519.298987673129886 ], [ 3756383.330743036232889, 2168522.751644154079258 ], [ 3756381.854651670902967, 2168521.987162322737277 ], [ 3756381.925055673345923, 2168520.477749585174024 ], [ 3756384.831851475872099, 2168518.00324284657836 ], [ 3756386.4230000609532, 2168515.450708916876465 ], [ 3756386.815342810470611, 2168513.009562053252012 ], [ 3756389.165878662373871, 2168511.087764374446124 ], [ 3756393.014980479609221, 2168509.026623278390616 ], [ 3756395.322423276491463, 2168506.607803404331207 ], [ 3756396.197065870277584, 2168503.921491851564497 ], [ 3756398.096300842240453, 2168501.440475279465318 ], [ 3756400.555482808034867, 2168499.608800686895847 ], [ 3756404.998873238451779, 2168498.594421737361699 ], [ 3756413.559929966460913, 2168496.295365844853222 ], [ 3756417.543412919621915, 2168494.622442327439785 ], [ 3756420.367611318361014, 2168492.35596048925072 ], [ 3756422.466795927844942, 2168489.856357567477971 ], [ 3756425.399541418999434, 2168487.680014391895384 ], [ 3756428.313580486457795, 2168487.609431217890233 ], [ 3756431.157297152560204, 2168489.048144854139537 ], [ 3756436.123106299899518, 2168492.894548122771084 ], [ 3756439.717800463084131, 2168494.864639480598271 ], [ 3756442.487456924282014, 2168496.610911706462502 ], [ 3756445.643043484073132, 2168499.323173978831619 ], [ 3756448.45220548287034, 2168500.364403748419136 ], [ 3756451.492101561278105, 2168500.582594739738852 ], [ 3756454.754042513668537, 2168499.878535552415997 ], [ 3756458.332872262690216, 2168499.345286282710731 ], [ 3756461.972038281150162, 2168499.507907830178738 ], [ 3756469.028408063109964, 2168500.755287156440318 ], [ 3756470.71295409463346, 2168501.600524111185223 ], [ 3756473.382684644311666, 2168503.35608284175396 ], [ 3756474.288941090460867, 2168505.676374508999288 ], [ 3756474.902664775960147, 2168510.428440873511136 ], [ 3756476.06185004953295, 2168511.022016225848347 ], [ 3756478.646773842629045, 2168509.479038157965988 ], [ 3756480.370840950403363, 2168509.619331135880202 ], [ 3756481.769283169414848, 2168509.489308450371027 ], [ 3756484.193992267362773, 2168507.26004112418741 ], [ 3756486.660284960176796, 2168507.832107932772487 ], [ 3756488.896056598983705, 2168509.227278782520443 ], [ 3756491.86051220446825, 2168512.057521209586412 ], [ 3756493.913661466911435, 2168513.670014206320047 ], [ 3756495.785765028558671, 2168513.195305307395756 ], [ 3756504.491310686804354, 2168509.079491964541376 ], [ 3756506.880069951526821, 2168508.757135653402656 ], [ 3756509.316956519149244, 2168507.829161735251546 ], [ 3756510.920199918560684, 2168506.578042389359325 ], [ 3756511.689867693930864, 2168505.003564946353436 ], [ 3756510.205172541551292, 2168504.139755339361727 ], [ 3756499.000128346029669, 2168504.981328107882291 ], [ 3756496.377063079271466, 2168504.924756918102503 ], [ 3756494.458294806536287, 2168503.700477526523173 ], [ 3756493.977489967830479, 2168501.641232195310295 ], [ 3756494.955531112384051, 2168500.147622378543019 ], [ 3756497.232172450516373, 2168498.533162262290716 ], [ 3756500.02043497748673, 2168498.173694243654609 ], [ 3756507.048761536367238, 2168495.61644708737731 ], [ 3756509.416623230092227, 2168493.893392291851342 ], [ 3756510.368815232533962, 2168492.101609382312745 ], [ 3756510.261747763492167, 2168489.706964555196464 ], [ 3756509.129793192725629, 2168487.107071889564395 ], [ 3756507.088837797287852, 2168486.795967730693519 ], [ 3756505.091058157384396, 2168486.981771191582084 ], [ 3756504.179851303808391, 2168485.76400549011305 ], [ 3756504.015951672103256, 2168483.875668566673994 ], [ 3756505.367631475906819, 2168482.046675899531692 ], [ 3756507.422259254381061, 2168481.354662793688476 ], [ 3756509.258428101427853, 2168482.786962456535548 ], [ 3756514.28382650250569, 2168481.518079170025885 ], [ 3756516.60365975368768, 2168480.400626823771745 ], [ 3756519.001040915027261, 2168480.17769621219486 ], [ 3756521.445069859270006, 2168481.653654512017965 ], [ 3756525.613248365931213, 2168483.269793270621449 ], [ 3756526.469086618162692, 2168482.689262430183589 ], [ 3756525.14106649113819, 2168481.309972885064781 ], [ 3756521.847517167218029, 2168477.007432396057993 ], [ 3756522.1744244559668, 2168474.973274586722255 ], [ 3756521.876228205394, 2168472.696610216982663 ], [ 3756519.809309453703463, 2168472.087249494623393 ], [ 3756517.25169857731089, 2168471.623792232945561 ], [ 3756516.0148677197285, 2168470.135710650123656 ], [ 3756517.249509744811803, 2168468.117337178438902 ], [ 3756520.377054027281702, 2168467.02497229212895 ], [ 3756521.901254838798195, 2168467.183741258457303 ], [ 3756525.070509532466531, 2168468.89288817346096 ], [ 3756526.889351341873407, 2168470.12645462481305 ], [ 3756529.222743200138211, 2168468.005804679822177 ], [ 3756528.691707289312035, 2168463.045609107241035 ], [ 3756526.729765108786523, 2168461.324421131983399 ], [ 3756525.541078389622271, 2168459.230820389930159 ], [ 3756525.881643930450082, 2168456.193448080681264 ], [ 3756524.532712498214096, 2168453.413361744955182 ], [ 3756522.879151782952249, 2168451.763641583733261 ], [ 3756521.864352181553841, 2168449.35321316961199 ], [ 3756523.212479242123663, 2168446.322356053628027 ], [ 3756525.545888145454228, 2168444.201805294491351 ], [ 3756529.412103854119778, 2168442.339350327849388 ], [ 3756532.782575541175902, 2168441.725339412223548 ], [ 3756535.987766238860786, 2168441.527481993194669 ], [ 3756539.788625993300229, 2168440.071895490400493 ], [ 3756542.459834856446832, 2168439.522952353581786 ], [ 3756546.472720203455538, 2168439.350084788631648 ], [ 3756549.613839712925255, 2168437.254623527172953 ], [ 3756551.528235799167305, 2168435.605166417080909 ], [ 3756552.611942205112427, 2168434.67142706271261 ], [ 3756553.20581925753504, 2168434.072439601644874 ], [ 3756555.019411978777498, 2168432.24332141969353 ], [ 3756556.801596783101559, 2168429.572839568369091 ], [ 3756557.68613657541573, 2168424.681394212879241 ], [ 3756559.940516410395503, 2168423.970830199308693 ], [ 3756561.409465599339455, 2168422.331388290971518 ], [ 3756560.463691990356892, 2168420.716041299514472 ], [ 3756558.149008505512029, 2168420.730932282749563 ], [ 3756556.261045908555388, 2168418.702300262637436 ], [ 3756552.876199729274958, 2168414.508468870073557 ], [ 3756553.742144291289151, 2168411.722860014997423 ], [ 3756556.461482339538634, 2168410.568302240222692 ], [ 3756559.449579819105566, 2168410.190171603579074 ], [ 3756562.530381892807782, 2168407.398942439816892 ], [ 3756565.315076121129096, 2168405.837518487125635 ], [ 3756571.73534975387156, 2168403.236666417680681 ], [ 3756579.450670622289181, 2168399.313104183413088 ], [ 3756586.343137278221548, 2168398.672171452548355 ], [ 3756592.61902330769226, 2168397.888172072824091 ], [ 3756594.856160400435328, 2168396.978763170074672 ], [ 3756594.161935546435416, 2168395.941191721707582 ], [ 3756591.838532370980829, 2168395.85667288582772 ], [ 3756584.338107035495341, 2168396.453960950486362 ], [ 3756581.849422273226082, 2168396.785595043562353 ], [ 3756579.822127163410187, 2168395.471272462047637 ], [ 3756579.341312688775361, 2168393.41193201392889 ], [ 3756580.26262283930555, 2168392.424619199242443 ], [ 3756583.216265694238245, 2168391.648991708643734 ], [ 3756589.112649912480265, 2168386.491880984045565 ], [ 3756587.610714877955616, 2168385.42922089388594 ], [ 3756585.387236574664712, 2168385.335416195448488 ], [ 3756584.389684328809381, 2168383.123837032355368 ], [ 3756584.105054160580039, 2168379.843978627119213 ], [ 3756585.18441212316975, 2168376.036604245193303 ], [ 3756587.953350926749408, 2168371.971834156662226 ], [ 3756591.555765843018889, 2168368.230441261082888 ], [ 3756594.376500968821347, 2168364.762002825271338 ], [ 3756596.893249174579978, 2168361.25290552014485 ], [ 3756597.610300492495298, 2168360.253257900010794 ], [ 3756600.766262901946902, 2168358.477838111110032 ], [ 3756601.450686466880143, 2168358.092740939930081 ], [ 3756605.819998984690756, 2168357.385849937796593 ], [ 3756611.253607193939388, 2168356.179187125526369 ], [ 3756615.579844090156257, 2168354.97537449374795 ], [ 3756619.871611281763762, 2168353.373965404927731 ], [ 3756624.628238083329052, 2168351.328580636996776 ], [ 3756632.855261499062181, 2168348.659912040457129 ], [ 3756642.771781618241221, 2168345.733966271393001 ], [ 3756646.858643536921591, 2168345.253669362980872 ], [ 3756649.915777815040201, 2168345.670724281575531 ], [ 3756650.470466556493193, 2168345.99342092173174 ], [ 3756652.885273446794599, 2168347.398433710448444 ], [ 3756660.4367914958857, 2168355.512915768194944 ], [ 3756662.638101285323501, 2168356.510594356805086 ], [ 3756664.344809158705175, 2168356.451966789551079 ], [ 3756664.780253734905273, 2168354.507856919430196 ], [ 3756665.055471229366958, 2168351.877361147664487 ], [ 3756666.05084334127605, 2168350.582495246082544 ], [ 3756668.274320265743881, 2168350.676303991116583 ], [ 3756670.982159503735602, 2168354.031313552055508 ], [ 3756672.608476548455656, 2168357.687344453297555 ], [ 3756673.549191842786968, 2168360.405227860901505 ], [ 3756675.979652207810432, 2168362.884387624915689 ], [ 3756677.925733947660774, 2168362.102248535491526 ], [ 3756678.361277037765831, 2168360.158122813329101 ], [ 3756678.180141798220575, 2168358.070944774430245 ], [ 3756679.50599419279024, 2168355.94389079650864 ], [ 3756683.141572338528931, 2168354.904474114067852 ], [ 3756684.140510840341449, 2168354.811569639015943 ], [ 3756685.412990898825228, 2168353.934830493293703 ], [ 3756686.325852623209357, 2168353.305837748106569 ], [ 3756685.173115851823241, 2168349.305239418521523 ], [ 3756682.799407654441893, 2168346.319888060446829 ], [ 3756680.608307117596269, 2168343.117118298541754 ], [ 3756678.773535717278719, 2168339.380333157256246 ], [ 3756677.694778177887201, 2168335.072292577940971 ], [ 3756677.418774304911494, 2168331.891863279044628 ], [ 3756678.462178532965481, 2168329.991399617865682 ], [ 3756681.320951310917735, 2168328.122529917396605 ], [ 3756684.64824847644195, 2168327.011629820335656 ], [ 3756687.64496573060751, 2168326.732934149447829 ], [ 3756692.233626712113619, 2168329.712656132876873 ], [ 3756694.896114987321198, 2168329.064318774733692 ], [ 3756696.065391096752137, 2168327.452727140393108 ], [ 3756693.669402236584574, 2168325.371163161005825 ], [ 3756692.515178166795522, 2168323.675062663387507 ], [ 3756693.215930315665901, 2168321.305501850321889 ], [ 3756694.030223845969886, 2168320.382240705192089 ], [ 3756695.141121849417686, 2168319.122671874240041 ], [ 3756696.816957163624465, 2168319.868606482166797 ], [ 3756699.187097745481879, 2168321.651997825596482 ], [ 3756702.252836166881025, 2168322.168381585739553 ], [ 3756705.24094748403877, 2168321.79036164470017 ], [ 3756707.376768659800291, 2168323.194727486930788 ], [ 3756709.977563939988613, 2168324.15520060248673 ], [ 3756712.254226164426655, 2168322.540860831737518 ], [ 3756713.293003251310438, 2168321.199165303260088 ], [ 3756714.427397939376533, 2168319.733846732415259 ], [ 3756714.867785891517997, 2168316.687121358234435 ], [ 3756714.026998983696103, 2168313.959953993093222 ], [ 3756711.996044798754156, 2168311.443684250116348 ], [ 3756709.491625153459609, 2168309.272063520271331 ], [ 3756708.459609667770565, 2168306.662890455685556 ], [ 3756708.660737661644816, 2168304.339757807087153 ], [ 3756710.880649020895362, 2168303.23160978872329 ], [ 3756715.930773721542209, 2168302.583794337697327 ], [ 3756716.557195579633117, 2168302.503412767779082 ], [ 3756717.821252507623285, 2168303.506077010184526 ], [ 3756719.044388054870069, 2168304.476284663192928 ], [ 3756722.118845774792135, 2168305.092077391222119 ], [ 3756722.740481321699917, 2168304.132610767148435 ], [ 3756722.042185065336525, 2168303.662378469947726 ], [ 3756721.563975616823882, 2168303.34029739536345 ], [ 3756720.552851007319987, 2168302.131817081943154 ], [ 3756721.265691800042987, 2168301.063657760154456 ], [ 3756723.198112740181386, 2168301.284733538050205 ], [ 3756725.170141933485866, 2168300.800755205564201 ], [ 3756724.732423655688763, 2168299.23843896901235 ], [ 3756725.124796721618623, 2168296.797411045059562 ], [ 3756727.656554711982608, 2168296.962709395214915 ], [ 3756730.131576357875019, 2168297.634296682663262 ], [ 3756733.119671881198883, 2168297.256181340664625 ], [ 3756735.946148360613734, 2168298.496159796137363 ], [ 3756737.852695467416197, 2168297.981347975321114 ], [ 3756738.209149514324963, 2168297.885033219121397 ], [ 3756738.666880190838128, 2168295.037140754051507 ], [ 3756738.28233401523903, 2168291.766576803755015 ], [ 3756735.984101760201156, 2168286.169288612436503 ], [ 3756737.349452155642211, 2168283.33710473170504 ], [ 3756752.687407779973, 2168277.903268480207771 ], [ 3756757.63020706595853, 2168276.842446529772133 ], [ 3756768.718173064291477, 2168275.81138896709308 ], [ 3756774.355192251503468, 2168275.788139683194458 ], [ 3756785.15072260890156, 2168277.188923293724656 ], [ 3756790.191952382214367, 2168278.423312147147954 ], [ 3756796.526853378862143, 2168280.639577218797058 ], [ 3756805.383411815855652, 2168285.226311515085399 ], [ 3756813.742826857138425, 2168293.36595496442169 ], [ 3756817.184387115761638, 2168297.053498127032071 ], [ 3756823.781623886432499, 2168303.45339453779161 ], [ 3756826.176214687991887, 2168307.839435642119497 ], [ 3756828.982493873685598, 2168313.489749641157687 ], [ 3756830.044018568005413, 2168317.599033581092954 ], [ 3756828.859688194468617, 2168322.51830385858193 ], [ 3756824.26191580016166, 2168327.554622211959213 ], [ 3756823.182567495852709, 2168331.362073879223317 ], [ 3756822.820455440785736, 2168334.883100406266749 ], [ 3756822.745630629360676, 2168335.610669866204262 ], [ 3756822.000412587542087, 2168339.78778019035235 ], [ 3756822.74503703834489, 2168343.726155553478748 ], [ 3756824.853533507790416, 2168347.136941148899496 ], [ 3756827.597325502894819, 2168348.585052621085197 ], [ 3756828.81837647780776, 2168348.471529807429761 ], [ 3756832.891589264385402, 2168348.092720827553421 ], [ 3756835.430574431549758, 2168350.66192113654688 ], [ 3756836.040722321718931, 2168354.212099966593087 ], [ 3756836.020805293694139, 2168356.905159421265125 ], [ 3756836.017049319576472, 2168357.420362011995167 ], [ 3756837.209307217504829, 2168360.716015059966594 ], [ 3756839.300561938434839, 2168363.927953345701098 ], [ 3756840.232668689452112, 2168366.546507003717124 ], [ 3756840.022807442583144, 2168368.770130370743573 ], [ 3756840.125022777821869, 2168372.267361554317176 ], [ 3756842.872381152585149, 2168374.91743064019829 ], [ 3756845.481763336341828, 2168375.9771330030635 ], [ 3756847.757047032006085, 2168376.667373671196401 ], [ 3756847.994916904252023, 2168378.248258731327951 ], [ 3756847.889483375009149, 2168378.386592643335462 ], [ 3756846.186783074401319, 2168380.620561180170625 ], [ 3756839.57668117666617, 2168381.034887346904725 ], [ 3756837.143461782485247, 2168383.164779279846698 ], [ 3756837.016730092000216, 2168384.003542890772223 ], [ 3756836.75971419736743, 2168385.705227919388562 ], [ 3756839.22105769161135, 2168387.379926844034344 ], [ 3756842.569240880198777, 2168387.66972535662353 ], [ 3756845.929611916653812, 2168389.260905649978667 ], [ 3756852.71442006342113, 2168394.340861746110022 ], [ 3756855.583985325880349, 2168396.077859369106591 ], [ 3756857.654349165968597, 2168397.889106582384557 ], [ 3756858.343615626916289, 2168400.029195080511272 ], [ 3756856.344353525899351, 2168402.519475651904941 ], [ 3756856.329305110964924, 2168405.82716142013669 ], [ 3756857.573246964253485, 2168409.719060581177473 ], [ 3756860.658516744617373, 2168413.940810701809824 ], [ 3756866.751184366643429, 2168421.489646237809211 ], [ 3756872.340873885434121, 2168427.88301548641175 ], [ 3756875.3225376624614, 2168430.912010486237705 ], [ 3756879.237797179725021, 2168434.255066080484539 ], [ 3756882.224415875505656, 2168436.181542733218521 ], [ 3756885.784620532765985, 2168437.754053595941514 ], [ 3756888.152166513260454, 2168439.121810823213309 ], [ 3756889.071013507898897, 2168439.652674454264343 ], [ 3756890.248791318386793, 2168438.140429550781846 ], [ 3756889.898805795703083, 2168435.267448876518756 ], [ 3756889.748571339994669, 2168432.375913960859179 ], [ 3756890.965971664059907, 2168430.158714446704835 ], [ 3756896.721520410384983, 2168428.020450982730836 ], [ 3756897.018409324809909, 2168427.778290290385485 ], [ 3756901.987651681527495, 2168423.723530367016792 ], [ 3756904.884551092982292, 2168423.454208862036467 ], [ 3756905.990546796005219, 2168425.755936766974628 ], [ 3756906.871751350350678, 2168433.589052602648735 ], [ 3756909.009766122326255, 2168438.499949453398585 ], [ 3756910.83087858883664, 2168443.239937039557844 ], [ 3756913.247660385910422, 2168446.722206251695752 ], [ 3756915.469760502688587, 2168449.120593812782317 ], [ 3756917.99645964987576, 2168450.388427794910967 ], [ 3756919.785876150708646, 2168450.121869429945946 ], [ 3756920.784831947181374, 2168449.761598016135395 ], [ 3756922.031627767253667, 2168449.311898569576442 ], [ 3756922.592941116541624, 2168447.656666925176978 ], [ 3756922.486393818631768, 2168446.428230657242239 ], [ 3756922.377350074239075, 2168445.171997615601867 ], [ 3756922.742283154278994, 2168444.737309980206192 ], [ 3756926.429729758761823, 2168444.294119601603597 ], [ 3756930.339140268974006, 2168442.928802865091711 ], [ 3756934.317557788453996, 2168442.358464794699103 ], [ 3756937.023212282918394, 2168442.207039691507816 ], [ 3756939.293425018433481, 2168443.99971619527787 ], [ 3756939.427766594104469, 2168444.044407985173166 ], [ 3756941.885495258495212, 2168444.860784713178873 ], [ 3756942.515732776373625, 2168444.000646426342428 ], [ 3756939.865272956900299, 2168440.80383483460173 ], [ 3756939.81650375155732, 2168440.744965503457934 ], [ 3756940.1175667187199, 2168438.412652109283954 ], [ 3756943.129014673177153, 2168437.127355262171477 ], [ 3756943.419004688970745, 2168437.003592127468437 ], [ 3756948.580352273304015, 2168433.818463641684502 ], [ 3756951.377045000903308, 2168431.913478211499751 ], [ 3756952.668687844648957, 2168431.033694091718644 ], [ 3756957.082547375466675, 2168428.519257971551269 ], [ 3756961.430951815098524, 2168426.411702908109874 ], [ 3756964.436380137689412, 2168426.232424448709935 ], [ 3756966.498136443085968, 2168427.944346614181995 ], [ 3756969.796797733288258, 2168431.144234971143305 ], [ 3756972.253499502316117, 2168432.651561456266791 ], [ 3756973.20025601843372, 2168433.232435955200344 ], [ 3756980.351560474839061, 2168435.573103343136609 ], [ 3756984.069485235027969, 2168436.229123326949775 ], [ 3756984.442089858464897, 2168436.294863733462989 ], [ 3756987.984964871313423, 2168437.668645907193422 ], [ 3756992.091348668560386, 2168440.89372545061633 ], [ 3756992.379458654206246, 2168444.913236675318331 ], [ 3756992.569285987410694, 2168447.562017153017223 ], [ 3756991.97716909321025, 2168450.021590962074697 ], [ 3756992.509677628055215, 2168452.677265460137278 ], [ 3756993.999417607672513, 2168452.438548618461937 ], [ 3756996.054038583301008, 2168451.746558642480522 ], [ 3756997.271437659859657, 2168449.529364255256951 ], [ 3756998.695805747061968, 2168449.697413368150592 ], [ 3757003.014113752171397, 2168454.205219657160342 ], [ 3757006.105707109905779, 2168455.019880536012352 ], [ 3757009.024868512526155, 2168453.846680837217718 ], [ 3757009.226173790637404, 2168453.813062289729714 ], [ 3757013.094503349624574, 2168453.167753989808261 ], [ 3757016.329096524510533, 2168454.470050328411162 ], [ 3757020.034477081149817, 2168460.036627135239542 ], [ 3757022.548438338562846, 2168468.118749101646245 ], [ 3757023.318452872801572, 2168470.912354570813477 ], [ 3757026.075691739097238, 2168480.91567885549739 ], [ 3757027.378682361915708, 2168487.807892520911992 ], [ 3757026.585249735973775, 2168492.590622385498136 ], [ 3757025.038760561961681, 2168493.335528341587633 ], [ 3757021.420424635056406, 2168494.573676281608641 ], [ 3757017.848847698885947, 2168497.510782698169351 ], [ 3757014.819757129065692, 2168500.898318562656641 ], [ 3757010.822633230127394, 2168503.574394989293069 ], [ 3757007.164790382608771, 2168505.517580657731742 ], [ 3757004.778225716203451, 2168509.346343770157546 ], [ 3757001.444522966630757, 2168513.864336216822267 ], [ 3757001.117430415004492, 2168515.287816232070327 ], [ 3756999.427840647287667, 2168522.641291580628604 ], [ 3756999.397958702407777, 2168522.771226642187685 ], [ 3756998.886962593533099, 2168527.327274642884731 ], [ 3756996.419184687547386, 2168529.059583862777799 ], [ 3756993.670357808470726, 2168528.714105687569827 ], [ 3756991.462748616933823, 2168531.123612144496292 ], [ 3756991.287463966291398, 2168533.744812305085361 ], [ 3756992.093788046855479, 2168536.074378320015967 ], [ 3756994.228239934891462, 2168539.783315462991595 ], [ 3756997.405986996367574, 2168541.591813443694264 ], [ 3757000.66791247902438, 2168540.887787564657629 ], [ 3757006.397650447674096, 2168541.392173813655972 ], [ 3757006.756310160737485, 2168541.423739534337074 ], [ 3757010.235296504572034, 2168540.899794206023216 ], [ 3757013.175168813671917, 2168541.127409431152046 ], [ 3757015.385078651830554, 2168542.224415673874319 ], [ 3757017.433278542011976, 2168544.93952773977071 ], [ 3757017.183918885886669, 2168547.868184186518192 ], [ 3757015.518813356757164, 2168550.728216695133597 ], [ 3757014.69606722984463, 2168554.010806123260409 ], [ 3757014.246858982369304, 2168556.958033428993076 ], [ 3757013.246558309067041, 2168559.355507102794945 ], [ 3757010.487728655803949, 2168561.215079915709794 ], [ 3757010.568945375736803, 2168563.311536185909063 ], [ 3757013.225087141618133, 2168566.070196057204157 ], [ 3757017.227981569245458, 2168568.102599733509123 ], [ 3757020.727682095486671, 2168568.979473070707172 ], [ 3757024.184388880617917, 2168569.359311691019684 ], [ 3757030.87718587834388, 2168568.737051286268979 ], [ 3757033.952917396090925, 2168567.048388652037829 ], [ 3757035.673965168651193, 2168565.234918059781194 ], [ 3757036.351652767043561, 2168564.5209059137851 ], [ 3757037.3347412571311, 2168561.924782993737608 ], [ 3757036.028991100378335, 2168559.641611395403743 ], [ 3757032.609586978331208, 2168555.050208332482725 ], [ 3757030.565071587916464, 2168553.537134689278901 ], [ 3757027.939824796747416, 2168551.149760318454355 ], [ 3757027.936628525145352, 2168551.146860919427127 ], [ 3757027.066639514174312, 2168550.355705196969211 ], [ 3757027.074963307008147, 2168550.018264414276928 ], [ 3757027.103459323756397, 2168548.862511746119708 ], [ 3757027.133476057089865, 2168547.644351827912033 ], [ 3757029.714850206393749, 2168544.899648977909237 ], [ 3757032.611629915423691, 2168544.630246465560049 ], [ 3757036.402580783702433, 2168545.379826511722058 ], [ 3757040.262358203530312, 2168546.924514960031956 ], [ 3757043.300771570298821, 2168549.447318511083722 ], [ 3757046.199852743186057, 2168552.684426716528833 ], [ 3757049.377697017975152, 2168554.492909271735698 ], [ 3757052.524656516034156, 2168557.105850853957236 ], [ 3757053.239677694626153, 2168559.544124068692327 ], [ 3757054.814300989732146, 2168562.603800760582089 ], [ 3757057.945399528834969, 2168562.713423409499228 ], [ 3757061.411381166893989, 2168561.43072379892692 ], [ 3757064.092008271254599, 2168560.438603363465518 ], [ 3757063.311533220577985, 2168558.407210563309491 ], [ 3757061.492602339014411, 2168557.173656141385436 ], [ 3757057.889309803955257, 2168555.104126051999629 ], [ 3757054.78911155462265, 2168554.190142231527716 ], [ 3757051.750599690247327, 2168551.667354926466942 ], [ 3757048.30009648995474, 2168546.745399663224816 ], [ 3757047.728292554616928, 2168545.929772743023932 ], [ 3757048.769917163532227, 2168545.48430808307603 ], [ 3757051.320760972332209, 2168544.393353573046625 ], [ 3757052.567543893586844, 2168542.030387861188501 ], [ 3757052.87733636284247, 2168541.443283993285149 ], [ 3757053.266117247752845, 2168541.064916941337287 ], [ 3757056.405848326161504, 2168538.009355853777379 ], [ 3757056.138441789895296, 2168534.928264467045665 ], [ 3757056.216099101584405, 2168534.51403769152239 ], [ 3757056.482675389852375, 2168533.092857502866536 ], [ 3757057.908870670944452, 2168532.469286510720849 ], [ 3757058.811119645833969, 2168532.074856514576823 ], [ 3757061.205713907722384, 2168529.539798601064831 ], [ 3757061.301160232163966, 2168529.438669401220977 ], [ 3757064.177158298902214, 2168527.768663693219423 ], [ 3757065.930618616752326, 2168529.409000514540821 ], [ 3757066.945411878637969, 2168531.81941783381626 ], [ 3757069.888950931839645, 2168533.248975116759539 ], [ 3757073.254353235475719, 2168533.737526451703161 ], [ 3757075.651820939034224, 2168533.514601638074964 ], [ 3757075.668272298760712, 2168533.349904233124107 ], [ 3757075.668717982247472, 2168533.345700555015355 ], [ 3757075.813432873692364, 2168531.89651387790218 ], [ 3757075.115640867035836, 2168529.656989837065339 ], [ 3757074.187114471569657, 2168528.240494474302977 ], [ 3757075.065327305346727, 2168526.756175790447742 ], [ 3757077.667774211615324, 2168525.618352825753391 ], [ 3757077.684726314619184, 2168525.610930120572448 ], [ 3757078.034304907545447, 2168525.422360496595502 ], [ 3757079.70477525703609, 2168524.521362575702369 ], [ 3757080.874041794333607, 2168522.909782013855875 ], [ 3757077.015536651946604, 2168519.060538205318153 ], [ 3757071.894474686589092, 2168513.425124938599765 ], [ 3757069.806771047413349, 2168511.415048235561699 ], [ 3757067.21103602880612, 2168509.352039264049381 ], [ 3757065.705455367453396, 2168507.087536274455488 ], [ 3757065.967075954657048, 2168505.460049189627171 ], [ 3757066.73170656291768, 2168504.988222622312605 ], [ 3757069.53728162497282, 2168504.827516001649201 ], [ 3757072.728699090890586, 2168505.63290851842612 ], [ 3757074.938591306097806, 2168506.729818671010435 ], [ 3757077.803115379065275, 2168509.569447251036763 ], [ 3757080.450866448227316, 2168511.46462854091078 ], [ 3757081.02414757758379, 2168511.874933854211122 ], [ 3757083.463207755237818, 2168514.453416571486741 ], [ 3757083.572655687574297, 2168514.648579705972224 ], [ 3757085.011978662572801, 2168517.214921076316386 ], [ 3757085.685492035001516, 2168518.03376322472468 ], [ 3757086.925681676249951, 2168519.541739338077605 ], [ 3757091.673758876509964, 2168517.396951886825264 ], [ 3757094.939251569565386, 2168517.894888244569302 ], [ 3757097.465962601359934, 2168519.162822352722287 ], [ 3757100.240734247956425, 2168519.80646031582728 ], [ 3757102.595026922412217, 2168519.086633764207363 ], [ 3757103.228632937185466, 2168518.069997042417526 ], [ 3757103.390444028191268, 2168517.810365881770849 ], [ 3757103.266154430340976, 2168515.216993577778339 ], [ 3757102.898712640628219, 2168514.088899119757116 ], [ 3757102.442590423859656, 2168512.688583858776838 ], [ 3757101.944451470393687, 2168510.430523053742945 ], [ 3757102.393663672730327, 2168507.483301904052496 ], [ 3757104.913237034808844, 2168506.347327631898224 ], [ 3757108.960571309551597, 2168506.572089426219463 ], [ 3757112.894420971162617, 2168507.809326272457838 ], [ 3757116.788763290271163, 2168509.751597887836397 ], [ 3757123.504536643624306, 2168514.036480462178588 ], [ 3757130.073626236058772, 2168516.631692523136735 ], [ 3757133.733763244003057, 2168518.195021699182689 ], [ 3757136.708201146684587, 2168518.820221747271717 ], [ 3757138.446629309095442, 2168518.658565137069672 ], [ 3757138.706068352330476, 2168518.634423825889826 ], [ 3757140.956768393050879, 2168516.72194660641253 ], [ 3757139.786786939017475, 2168512.522519449703395 ], [ 3757137.403077546041459, 2168511.742218690924346 ], [ 3757129.569834348745644, 2168509.665239579044282 ], [ 3757125.527454995084554, 2168508.33796202391386 ], [ 3757124.647141691297293, 2168506.31574115389958 ], [ 3757127.283767716493458, 2168505.369247714057565 ], [ 3757127.350608140230179, 2168502.657899762503803 ], [ 3757126.997053771279752, 2168498.582973312586546 ], [ 3757126.478120524901897, 2168494.924211277626455 ], [ 3757126.753317751921713, 2168492.293634897563607 ], [ 3757126.792825260199606, 2168491.588600467890501 ], [ 3757127.45534978248179, 2168487.619638192467391 ], [ 3757127.162198109086603, 2168484.240363458171487 ], [ 3757126.677720172330737, 2168480.979097987059504 ], [ 3757125.819704331457615, 2168478.053192900493741 ], [ 3757125.126870671287179, 2168474.711156072095037 ], [ 3757122.930639623198658, 2168472.611038486007601 ], [ 3757119.318730997852981, 2168470.442080199718475 ], [ 3757115.966989482287318, 2168468.950317841954529 ], [ 3757112.870613012462854, 2168468.03741264436394 ], [ 3757112.350042484235018, 2168467.883988497313112 ], [ 3757112.241947716102004, 2168467.526007479056716 ], [ 3757111.64354972075671, 2168465.545157025568187 ], [ 3757114.085480784066021, 2168463.514687718823552 ], [ 3757121.71957975346595, 2168458.662347511388361 ], [ 3757122.579041065182537, 2168458.116090839263052 ], [ 3757126.741446706932038, 2168455.023882524576038 ], [ 3757132.04719060100615, 2168450.022042222786695 ], [ 3757134.470412527676672, 2168445.948612275533378 ], [ 3757134.507738088257611, 2168445.885856096632779 ], [ 3757134.065731794573367, 2168437.310492823831737 ], [ 3757134.485321744345129, 2168432.863085673190653 ], [ 3757134.205751751549542, 2168428.480721862986684 ], [ 3757132.865457533393055, 2168425.800071538425982 ], [ 3757131.78174809133634, 2168422.594565688632429 ], [ 3757130.994033548049629, 2168418.159186671487987 ], [ 3757130.614540328737348, 2168413.78610787447542 ], [ 3757130.779037432279438, 2168407.5590740153566 ], [ 3757132.808916032314301, 2168405.542192982509732 ], [ 3757133.003978681284934, 2168405.348316412419081 ], [ 3757135.075825383886695, 2168404.855082467198372 ], [ 3757136.48654628219083, 2168406.026438436470926 ], [ 3757137.098067756742239, 2168407.272040063515306 ], [ 3757138.840151183307171, 2168413.422084851190448 ], [ 3757141.900247167795897, 2168423.156561635434628 ], [ 3757144.503207813482732, 2168427.623463032767177 ], [ 3757147.879405605141073, 2168431.717865472193807 ], [ 3757152.302682905457914, 2168435.113857942633331 ], [ 3757155.02418517600745, 2168437.465755901299417 ], [ 3757157.364803013391793, 2168437.749042240902781 ], [ 3757157.101085687521845, 2168435.869992034044117 ], [ 3757155.752154754009098, 2168433.089820919558406 ], [ 3757154.942173613235354, 2168429.558322849217802 ], [ 3757153.646427913568914, 2168425.070011432282627 ], [ 3757152.801978177856654, 2168421.140919290948659 ], [ 3757152.561059827916324, 2168418.365155175793916 ], [ 3757151.982691137585789, 2168411.699097415432334 ], [ 3757150.05087045673281, 2168403.362564014736563 ], [ 3757149.237310441676527, 2168398.629015471786261 ], [ 3757147.548514359164983, 2168390.770815544761717 ], [ 3757148.054372407495975, 2168387.317331207916141 ], [ 3757149.383870019577444, 2168386.39214015007019 ], [ 3757152.375533849932253, 2168387.216094231698662 ], [ 3757152.403660162817687, 2168387.257908889092505 ], [ 3757155.035340967588127, 2168391.176791901234537 ], [ 3757158.482646845746785, 2168399.572800766211003 ], [ 3757161.881222821772099, 2168402.763406038284302 ], [ 3757166.378475675359368, 2168405.851960573345423 ], [ 3757170.364116257987916, 2168407.685530901886523 ], [ 3757172.725837138015777, 2168407.465876243077219 ], [ 3757173.36081957956776, 2168407.406857591122389 ], [ 3757174.586842000950128, 2168405.289097636006773 ], [ 3757173.594339651986957, 2168401.974901828449219 ], [ 3757171.787699589505792, 2168402.042702235747129 ], [ 3757170.125434608198702, 2168400.293573579750955 ], [ 3757169.424002041108906, 2168396.85221497528255 ], [ 3757169.065402273088694, 2168393.879822962451726 ], [ 3757169.332000554073602, 2168391.149926272686571 ], [ 3757167.418206835631281, 2168388.823123205453157 ], [ 3757160.576673333067447, 2168384.249343594536185 ], [ 3757158.401337059214711, 2168383.549908182583749 ], [ 3757158.271999809890985, 2168382.05906972149387 ], [ 3757159.437608438078314, 2168379.245561229996383 ], [ 3757162.230914186686277, 2168377.783604164607823 ], [ 3757165.119171303231269, 2168377.414777282625437 ], [ 3757168.667094924952835, 2168377.686039879918098 ], [ 3757172.001606134232134, 2168378.979059776291251 ], [ 3757173.163377929944545, 2168379.015122230164707 ], [ 3757174.424921816214919, 2168379.05431620683521 ], [ 3757177.421625575516373, 2168378.775644524022937 ], [ 3757180.163220122922212, 2168376.717248890548944 ], [ 3757183.244113699998707, 2168373.926064839586616 ], [ 3757187.175688839051872, 2168371.656912698410451 ], [ 3757187.379346948582679, 2168371.448929441627115 ], [ 3757189.765663923695683, 2168369.011461304035038 ], [ 3757193.053437072318047, 2168368.605628568213433 ], [ 3757194.841555752791464, 2168370.643529339693487 ], [ 3757197.411335382610559, 2168372.408388514071703 ], [ 3757200.046685240231454, 2168373.766451287083328 ], [ 3757202.012172600254416, 2168376.689595855772495 ], [ 3757203.774246333166957, 2168378.42935826163739 ], [ 3757206.362843061797321, 2168378.088469307869673 ], [ 3757207.217083079274744, 2168377.522121041547507 ], [ 3757208.648101517930627, 2168376.573483057785779 ], [ 3757210.369970872998238, 2168373.207286373712122 ], [ 3757211.9710264489986, 2168368.449692014139146 ], [ 3757212.655831140931696, 2168363.576862722635269 ], [ 3757212.750006137415767, 2168358.859115275554359 ], [ 3757211.681965441443026, 2168344.230509992223233 ], [ 3757212.556522712577134, 2168341.54426671564579 ], [ 3757214.039118710439652, 2168338.901559300720692 ], [ 3757217.009990507736802, 2168338.324819310568273 ], [ 3757219.545300200581551, 2168339.692086144350469 ], [ 3757220.060671030078083, 2168342.148987811524421 ], [ 3757221.056177041493356, 2168343.055497085209936 ], [ 3757222.356720112264156, 2168344.239839740097523 ], [ 3757225.448306048288941, 2168345.054513692390174 ], [ 3757228.252500200178474, 2168347.198382219299674 ], [ 3757229.666766298469156, 2168349.57159176049754 ], [ 3757229.60863495990634, 2168352.382338396273553 ], [ 3757229.233488099649549, 2168355.022092816885561 ], [ 3757230.148344802670181, 2168357.441790597978979 ], [ 3757232.437167678028345, 2168357.128757373895496 ], [ 3757235.275139023084193, 2168353.859230495989323 ], [ 3757238.311351761221886, 2168352.875531110912561 ], [ 3757240.838154479395598, 2168354.143456996884197 ], [ 3757243.763063191436231, 2168357.678738968446851 ], [ 3757244.998483712319285, 2168361.471280939877033 ], [ 3757244.070656606927514, 2168365.865774360019714 ], [ 3757242.743427958805114, 2168370.29735742835328 ], [ 3757242.571711055468768, 2168374.120591374579817 ], [ 3757243.913393567316234, 2168374.49677757313475 ], [ 3757245.061760758515447, 2168371.484429020434618 ], [ 3757246.82166311936453, 2168369.717779425438493 ], [ 3757247.574516234453768, 2168368.636906372383237 ], [ 3757249.060184697154909, 2168366.503943818621337 ], [ 3757249.948501847684383, 2168362.814482949208468 ], [ 3757249.972179929725826, 2168359.606241763103753 ], [ 3757249.500553545542061, 2168353.138022024184465 ], [ 3757249.442455064971, 2168352.341556135565042 ], [ 3757248.975329586770386, 2168349.279127956368029 ], [ 3757248.191188693977892, 2168346.045707446988672 ], [ 3757250.319885580334812, 2168345.046278005000204 ], [ 3757253.680240730755031, 2168346.637472599744797 ], [ 3757256.837266337126493, 2168347.045171717181802 ], [ 3757259.254089777357876, 2168346.523607075214386 ], [ 3757260.099190827459097, 2168346.341173849999905 ], [ 3757260.29181442130357, 2168343.918721346650273 ], [ 3757259.765655663330108, 2168337.855987464543432 ], [ 3757260.679723930545151, 2168334.464715273119509 ], [ 3757260.65814854297787, 2168327.253049070481211 ], [ 3757259.717446785420179, 2168324.535181747283787 ], [ 3757258.063822851516306, 2168322.885573191568255 ], [ 3757258.062991146463901, 2168322.86505825445056 ], [ 3757257.973999008070678, 2168320.689705648925155 ], [ 3757258.765220437198877, 2168319.630327112041414 ], [ 3757261.672853148542345, 2168315.737048260867596 ], [ 3757265.922811758238822, 2168311.334244958125055 ], [ 3757268.552316680550575, 2168307.983870536088943 ], [ 3757269.022101274691522, 2168307.2142069558613 ], [ 3757270.756375342141837, 2168304.372447490692139 ], [ 3757273.215539551805705, 2168302.540746021550149 ], [ 3757275.230648897588253, 2168302.553805770352483 ], [ 3757276.849720857106149, 2168303.805935936048627 ], [ 3757278.32439738791436, 2168306.874892059713602 ], [ 3757278.808745635673404, 2168310.136065773665905 ], [ 3757278.624855210073292, 2168312.658021503128111 ], [ 3757277.367938158567995, 2168315.580226866528392 ], [ 3757276.593303518835455, 2168318.25718117877841 ], [ 3757276.874339618720114, 2168320.334958317223936 ], [ 3757277.985282646957785, 2168321.534169185906649 ], [ 3757278.981158723589033, 2168321.720124045852572 ], [ 3757279.418283767066896, 2168321.801747897639871 ], [ 3757281.908435476478189, 2168319.165575520601124 ], [ 3757282.513821837026626, 2168319.52808865532279 ], [ 3757283.501660565380007, 2168320.119535201694816 ], [ 3757283.791234480217099, 2168322.296849390491843 ], [ 3757284.312316672876477, 2168329.462008885573596 ], [ 3757284.762229566462338, 2168332.325785991270095 ], [ 3757286.137081908527762, 2168335.404010118916631 ], [ 3757287.685738810803741, 2168338.165527640841901 ], [ 3757289.813327587209642, 2168338.943742310628295 ], [ 3757289.86969282804057, 2168338.964390422683209 ], [ 3757292.749243606813252, 2168338.496263891458511 ], [ 3757292.719833381939679, 2168336.996144368313253 ], [ 3757291.409041179344058, 2168335.815502364654094 ], [ 3757289.775256366003305, 2168333.172858432866633 ], [ 3757289.768982194364071, 2168333.162708329968154 ], [ 3757289.462181584443897, 2168330.786646710243076 ], [ 3757290.553315208293498, 2168330.077974458225071 ], [ 3757291.082634796388447, 2168329.734219013247639 ], [ 3757293.7897779783234, 2168327.278340269811451 ], [ 3757296.900083323009312, 2168325.987289810553193 ], [ 3757296.921282360330224, 2168325.986824916675687 ], [ 3757299.814200970344245, 2168325.916741083841771 ], [ 3757303.13284623529762, 2168324.706365160644054 ], [ 3757306.447960156016052, 2168322.294237064197659 ], [ 3757308.846807904541492, 2168319.766773995477706 ], [ 3757312.235885200090706, 2168317.047110389918089 ], [ 3757314.934408067259938, 2168314.491811433807015 ], [ 3757315.669013963546604, 2168313.273914556019008 ], [ 3757316.342845025472343, 2168312.156680822838098 ], [ 3757315.77239335142076, 2168304.695109785534441 ], [ 3757315.59755206014961, 2168302.4073515846394 ], [ 3757315.786502411589026, 2168298.782871996052563 ], [ 3757318.21229019574821, 2168294.208978611975908 ], [ 3757318.469297860749066, 2168293.724353227764368 ], [ 3757321.754890869371593, 2168289.812028544489294 ], [ 3757323.218340436927974, 2168289.757067466620356 ], [ 3757323.561529580969363, 2168289.74423605017364 ], [ 3757324.244242922402918, 2168295.291410889010876 ], [ 3757325.024100420996547, 2168305.438315020874143 ], [ 3757325.159258730243891, 2168311.637487363535911 ], [ 3757325.673031348269433, 2168316.39887582603842 ], [ 3757326.951535105705261, 2168320.688429742585868 ], [ 3757328.79490519547835, 2168324.524619395378977 ], [ 3757336.549877219833434, 2168333.822563246823847 ], [ 3757338.845922578591853, 2168335.913415961898863 ], [ 3757338.873314281925559, 2168335.871636399067938 ], [ 3757339.824066700413823, 2168334.419827993493527 ], [ 3757341.137636225204915, 2168330.991456802468747 ], [ 3757341.634978872723877, 2168327.438547752797604 ], [ 3757341.889300941489637, 2168323.407306291628629 ], [ 3757342.295325002633035, 2168319.963006383739412 ], [ 3757342.446259853430092, 2168314.739085156470537 ], [ 3757342.807730440050364, 2168313.102439833804965 ], [ 3757344.104075673036277, 2168309.475322628393769 ], [ 3757344.125337807461619, 2168309.285456093028188 ], [ 3757344.359932488761842, 2168307.194389505311847 ], [ 3757344.360746352933347, 2168307.187405314296484 ], [ 3757344.501495649572462, 2168305.931698786094785 ], [ 3757343.808663443662226, 2168302.58957553980872 ], [ 3757340.477055560331792, 2168296.687616206239909 ], [ 3757338.876609951257706, 2168293.329775795806199 ], [ 3757336.985110526904464, 2168290.099194472655654 ], [ 3757335.036858259700239, 2168287.374798343516886 ], [ 3757333.770539955701679, 2168284.386615960393101 ], [ 3757333.238062296528369, 2168281.731053052935749 ], [ 3757332.768766066990793, 2168275.162126572802663 ], [ 3757333.329503810033202, 2168274.966228474862874 ], [ 3757335.505304487422109, 2168274.206274330150336 ], [ 3757336.413466537371278, 2168273.826094045303762 ], [ 3757339.197719303425401, 2168272.660711991135031 ], [ 3757344.121109045110643, 2168267.894797331653535 ], [ 3757349.283860141877085, 2168262.405285334214568 ], [ 3757350.02759195305407, 2168260.532691762782633 ], [ 3757348.339504618663341, 2168258.485489682294428 ], [ 3757345.533916933462024, 2168258.646073253359646 ], [ 3757343.39661358576268, 2168259.546169718727469 ], [ 3757341.930173945613205, 2168259.205914752092212 ], [ 3757341.855182429309934, 2168259.188531890977174 ], [ 3757341.906633702106774, 2168258.924793483223766 ], [ 3757342.412746249232441, 2168256.331404249183834 ], [ 3757342.644887547940016, 2168253.203926792368293 ], [ 3757342.051983713638037, 2168249.852520184591413 ], [ 3757340.36389661533758, 2168247.805317969061434 ], [ 3757339.622951416764408, 2168245.068901350721717 ], [ 3757339.010565322358161, 2168238.012360447086394 ], [ 3757339.097063016612083, 2168235.235338805243373 ], [ 3757339.116936923004687, 2168234.595997592434287 ], [ 3757340.723124419339001, 2168233.174897031858563 ], [ 3757341.267922536469996, 2168232.692799970973283 ], [ 3757344.20065273437649, 2168230.516451178118587 ], [ 3757346.273901899345219, 2168227.718777077738196 ], [ 3757349.321625689975917, 2168222.225489753298461 ], [ 3757348.632473553996533, 2168220.085397043265402 ], [ 3757346.196980209089816, 2168218.708758099935949 ], [ 3757344.350729973986745, 2168219.481594216544181 ], [ 3757340.779136762488633, 2168222.41864459309727 ], [ 3757339.194534852169454, 2168221.564105242490768 ], [ 3757338.579346474260092, 2168219.116476438939571 ], [ 3757337.622046020813286, 2168208.084354947786778 ], [ 3757336.130053008906543, 2168204.816669472958893 ], [ 3757335.905860030092299, 2168202.232596209738404 ], [ 3757334.951484838034958, 2168200.517833615653217 ], [ 3757331.348230574745685, 2168198.448380018118769 ], [ 3757327.300786569248885, 2168198.223503097891808 ], [ 3757327.090928603895009, 2168200.447202354669571 ], [ 3757327.308034481946379, 2168200.918010981753469 ], [ 3757328.951530314516276, 2168204.482237082906067 ], [ 3757329.479056483600289, 2168208.240405662450939 ], [ 3757327.827692302409559, 2168210.097182355355471 ], [ 3757326.201421552803367, 2168211.556341324001551 ], [ 3757325.211746891960502, 2168212.4443603833206 ], [ 3757324.103357461746782, 2168213.702482027933002 ], [ 3757321.270057757385075, 2168216.918633657507598 ], [ 3757320.621612314600497, 2168216.840136826038361 ], [ 3757318.929442803375423, 2168216.6353340591304 ], [ 3757318.320718602277339, 2168210.780723718926311 ], [ 3757317.154329308308661, 2168207.783257125876844 ], [ 3757315.423057027161121, 2168205.239055329468101 ], [ 3757313.178708523511887, 2168203.744540091603994 ], [ 3757310.66925056418404, 2168202.675437346100807 ], [ 3757308.185623208992183, 2168201.90440640412271 ], [ 3757306.349380551837385, 2168200.47211171220988 ], [ 3757306.416241890750825, 2168197.7607785994187 ], [ 3757305.792449268512428, 2168195.213824584614486 ], [ 3757300.222217678558081, 2168192.525699684862047 ], [ 3757296.774221376981586, 2168192.245135866571218 ], [ 3757295.045120038557798, 2168193.2074362966232 ], [ 3757293.393656157422811, 2168195.064230566378683 ], [ 3757291.078985481988639, 2168195.079084931872785 ], [ 3757290.589568609371781, 2168192.920340904500335 ], [ 3757289.657397158443928, 2168190.3019143268466 ], [ 3757287.478506143670529, 2168188.400522240903229 ], [ 3757283.861552423331887, 2168187.334073776379228 ], [ 3757280.938827455043793, 2168187.305292321834713 ], [ 3757278.970462415367365, 2168188.991176063660532 ], [ 3757279.144803253933787, 2168190.769472123123705 ], [ 3757279.846564472652972, 2168197.926863290369511 ], [ 3757277.629422753117979, 2168198.746001608669758 ], [ 3757277.309757283888757, 2168198.864064758643508 ], [ 3757273.718649387359619, 2168198.09578731842339 ], [ 3757271.104220076464117, 2168198.138593282084912 ], [ 3757268.376267221290618, 2168199.19367198087275 ], [ 3757266.733424097299576, 2168201.149890763685107 ], [ 3757266.392848913092166, 2168204.187314097303897 ], [ 3757267.04324333043769, 2168212.843303921166807 ], [ 3757266.399335330352187, 2168214.706631702370942 ], [ 3757264.653091660235077, 2168215.470072470605373 ], [ 3757262.00419523473829, 2168215.115286606829613 ], [ 3757260.641514868941158, 2168213.338335510808975 ], [ 3757259.092864354141057, 2168210.57681728200987 ], [ 3757257.026694340631366, 2168201.851993255317211 ], [ 3757255.552023977041245, 2168198.783036808017641 ], [ 3757254.520025598816574, 2168196.17387727368623 ], [ 3757252.454625738784671, 2168193.260016323067248 ], [ 3757250.773755967617035, 2168193.616694193333387 ], [ 3757248.550289690960199, 2168193.522859401535243 ], [ 3757246.118989320471883, 2168185.232748475857079 ], [ 3757243.435625467915088, 2168184.480369200929999 ], [ 3757241.754656722769141, 2168184.837063354440033 ], [ 3757239.770552335307002, 2168184.01962899370119 ], [ 3757239.723822704516351, 2168182.320778900291771 ], [ 3757240.029932351317257, 2168178.885761832352728 ], [ 3757239.788415335118771, 2168176.102954329457134 ], [ 3757237.840166441164911, 2168173.378556229174137 ], [ 3757233.710133920423687, 2168173.361797280609608 ], [ 3757229.423438014928252, 2168173.860606618691236 ], [ 3757227.637581223621964, 2168175.329095000866801 ], [ 3757228.969254295807332, 2168177.910418635234237 ], [ 3757230.840633413288742, 2168185.551286966539919 ], [ 3757232.597737576812506, 2168188.393561894074082 ], [ 3757232.053753202781081, 2168190.247606190852821 ], [ 3757230.343363201245666, 2168189.104083495214581 ], [ 3757228.663896511308849, 2168187.156303036492318 ], [ 3757227.03256325609982, 2168184.602914051152766 ], [ 3757224.371371704153717, 2168182.946674671024084 ], [ 3757218.669013793580234, 2168183.376734474208206 ], [ 3757216.963586449623108, 2168181.130701704882085 ], [ 3757214.211189337540418, 2168179.583153245970607 ], [ 3757210.888878033962101, 2168179.591593766584992 ], [ 3757207.409970984794199, 2168180.115390165708959 ], [ 3757202.966595592908561, 2168181.129672226961702 ], [ 3757198.743854384869337, 2168183.526083222590387 ], [ 3757191.860704974271357, 2168190.07732268422842 ], [ 3757188.623233186081052, 2168193.384045186452568 ], [ 3757185.30090570403263, 2168193.39238966582343 ], [ 3757181.895993481390178, 2168193.608848187606782 ], [ 3757179.951301545836031, 2168192.08639958454296 ], [ 3757178.080687927082181, 2168190.256496165879071 ], [ 3757175.844941234216094, 2168188.861307196319103 ], [ 3757175.338313018903136, 2168186.503910835832357 ], [ 3757175.213945041876286, 2168183.910563881974667 ], [ 3757175.828448608517647, 2168180.547112849541008 ], [ 3757176.32354783359915, 2168173.487804515752941 ], [ 3757177.463210339192301, 2168170.376053386367857 ], [ 3757179.302263045217842, 2168167.199426786508411 ], [ 3757180.664062885101885, 2168163.165328294038773 ], [ 3757180.904829752165824, 2168160.137267835903913 ], [ 3757180.385925163514912, 2168156.478515723720193 ], [ 3757178.462117057293653, 2168156.35674738464877 ], [ 3757174.587182519026101, 2168158.119713367894292 ], [ 3757174.301886979490519, 2168158.469164922833443 ], [ 3757171.401400027796626, 2168162.022776094265282 ], [ 3757167.496075303759426, 2168165.863370259292424 ], [ 3757166.112973402254283, 2168167.223501868546009 ], [ 3757163.424545852001756, 2168167.573651709128171 ], [ 3757163.126274323090911, 2168165.297027534805238 ], [ 3757162.89119191840291, 2168159.107032985892147 ], [ 3757162.284640313126147, 2168156.758920904248953 ], [ 3757160.882545668166131, 2168155.686984536238015 ], [ 3757159.532203982584178, 2168156.602802320383489 ], [ 3757159.170766016934067, 2168156.848021011333913 ], [ 3757157.514351920224726, 2168159.807430580258369 ], [ 3757154.876979139633477, 2168168.869353401474655 ], [ 3757154.138491285964847, 2168169.966699560638517 ], [ 3757152.647061208728701, 2168172.182608070317656 ], [ 3757151.675359824672341, 2168170.269112029112875 ], [ 3757150.886381065938622, 2168168.138283397536725 ], [ 3757150.536318117752671, 2168165.265334001276642 ], [ 3757148.092215484008193, 2168163.789372586179525 ], [ 3757145.183153343852609, 2168162.757393909618258 ], [ 3757128.692413280718029, 2168164.190503686666489 ], [ 3757125.835043113678694, 2168163.754866923205554 ], [ 3757122.483307990711182, 2168162.26309194136411 ], [ 3757120.321638999506831, 2168160.560448103584349 ], [ 3757118.798834170214832, 2168158.097097968216985 ], [ 3757116.331677289213985, 2168151.713943332433701 ], [ 3757113.5116654667072, 2168147.066860977560282 ], [ 3757113.139315754175186, 2168145.097690583672374 ], [ 3757115.119962498545647, 2168144.713156384881586 ], [ 3757117.426131039392203, 2168144.598956031724811 ], [ 3757118.993510308675468, 2168145.254746193997562 ], [ 3757121.251430700533092, 2168145.746073404327035 ], [ 3757121.741836196277291, 2168146.744836588390172 ], [ 3757121.86304430803284, 2168146.991658801678568 ], [ 3757122.135370499454439, 2168148.970129607245326 ], [ 3757122.800750135909766, 2168149.124517952091992 ], [ 3757124.910057219676673, 2168149.613897052593529 ], [ 3757130.095867558382452, 2168149.031456261873245 ], [ 3757131.933418721426278, 2168148.159304935950786 ], [ 3757133.048657368402928, 2168142.445017922669649 ], [ 3757132.950220692437142, 2168140.149726312607527 ], [ 3757131.839196523651481, 2168138.950628406368196 ], [ 3757126.171283675823361, 2168139.778188854455948 ], [ 3757120.906430809292942, 2168141.770595598034561 ], [ 3757118.297043756116182, 2168140.710780121851712 ], [ 3757117.031676062848419, 2168139.416383810341358 ], [ 3757116.860481944866478, 2168139.241250270977616 ], [ 3757120.979901565704495, 2168136.0028190552257 ], [ 3757123.270473289303482, 2168134.202073869295418 ], [ 3757123.364841928705573, 2168134.127920120954514 ], [ 3757124.99201830662787, 2168132.734288344159722 ], [ 3757125.98940007481724, 2168131.880055327899754 ], [ 3757126.595203697215766, 2168128.417294620536268 ], [ 3757126.262467130552977, 2168125.743076390586793 ], [ 3757124.75688965478912, 2168123.478473845869303 ], [ 3757122.395387896336615, 2168121.794496033340693 ], [ 3757120.7022380749695, 2168120.849819124676287 ], [ 3757119.952675922773778, 2168118.013974200934172 ], [ 3757115.939803992398083, 2168118.186781246680766 ], [ 3757115.037120277993381, 2168117.068357319105417 ], [ 3757115.272826951462775, 2168115.142822280526161 ], [ 3757116.784857563208789, 2168114.000337677076459 ], [ 3757121.77945603011176, 2168113.535988880321383 ], [ 3757123.847652340307832, 2168111.840831130277365 ], [ 3757123.875003505498171, 2168109.834524129517376 ], [ 3757121.8563322564587, 2168108.61951311212033 ], [ 3757119.572451691143215, 2168107.829932225402445 ], [ 3757117.01119932346046, 2168106.164506501052529 ], [ 3757111.088086607400328, 2168105.212358709890395 ], [ 3757108.695774817373604, 2168104.332721339538693 ], [ 3757104.69150710478425, 2168104.604853043332696 ], [ 3757097.099698597099632, 2168105.310760150197893 ], [ 3757093.577616211026907, 2168105.337657572701573 ], [ 3757090.625383014790714, 2168103.808776325546205 ], [ 3757088.659126381855458, 2168101.811257358640432 ], [ 3757088.637619970366359, 2168101.789408472366631 ], [ 3757089.10408576996997, 2168099.040946978610009 ], [ 3757091.520077683031559, 2168096.712243547663093 ], [ 3757097.141365420073271, 2168094.185814622789621 ], [ 3757101.832617963664234, 2168092.547269995324314 ], [ 3757107.001107247546315, 2168091.766100496985018 ], [ 3757107.27357611944899, 2168091.538538809400052 ], [ 3757109.160624726675451, 2168089.962333814240992 ], [ 3757106.306152164936066, 2168084.917657394427806 ], [ 3757103.606951989699155, 2168081.661971768829972 ], [ 3757098.956506479065865, 2168080.290939523372799 ], [ 3757098.298266436904669, 2168077.346485322806984 ], [ 3757097.092366357333958, 2168075.054045579396188 ], [ 3757091.287810746580362, 2168071.986898414324969 ], [ 3757089.008993498980999, 2168070.094789681024849 ], [ 3757087.778656391892582, 2168065.199717415496707 ], [ 3757085.338110912591219, 2168064.925704947672784 ], [ 3757083.231790489051491, 2168065.02133503369987 ], [ 3757081.994996739551425, 2168063.53335020923987 ], [ 3757080.845836628694087, 2168060.73462566267699 ], [ 3757076.176017516292632, 2168055.658433081116527 ], [ 3757072.421125614084303, 2168053.001825675368309 ], [ 3757069.004030636977404, 2168051.91690960014239 ], [ 3757064.996105318423361, 2168050.987106199376285 ], [ 3757060.214922430925071, 2168050.429699475876987 ], [ 3757056.467256949283183, 2168050.17707591643557 ], [ 3757054.845094901509583, 2168049.610586168244481 ], [ 3757053.975019443780184, 2168049.306722623296082 ], [ 3757053.611293700058013, 2168047.436974713113159 ], [ 3757054.945865346118808, 2168045.409261907916516 ], [ 3757057.470406364183873, 2168043.170697542838752 ], [ 3757058.622353576589376, 2168041.360301451291889 ], [ 3757057.611255455762148, 2168040.151918448507786 ], [ 3757057.295748341362923, 2168037.676446880213916 ], [ 3757058.899086499586701, 2168036.42525509186089 ], [ 3757062.09050194080919, 2168037.230667573865503 ], [ 3757065.211498406715691, 2168037.824523988179862 ], [ 3757065.981277264188975, 2168037.971008177381009 ], [ 3757068.543923472054303, 2168037.331874773371965 ], [ 3757068.57127761375159, 2168035.325567256659269 ], [ 3757068.06464019138366, 2168032.968071379698813 ], [ 3757066.097675729542971, 2168032.349498907104135 ], [ 3757064.717397432308644, 2168032.798776295501739 ], [ 3757064.71411910187453, 2168032.799819252919406 ], [ 3757063.943219398614019, 2168033.050737905781716 ], [ 3757061.505228371825069, 2168032.066691019106656 ], [ 3757060.916907449718565, 2168031.829309889581054 ], [ 3757060.362134869210422, 2168030.077423168346286 ], [ 3757058.791215487290174, 2168028.219779235776514 ], [ 3757054.015096822753549, 2168026.559843585826457 ], [ 3757052.626672223210335, 2168024.484703186899424 ], [ 3757051.585975949186832, 2168021.776231158990413 ], [ 3757047.856195981614292, 2168013.606918389908969 ], [ 3757045.499744617845863, 2168010.820313051342964 ], [ 3757040.225609463173896, 2168006.902303612325341 ], [ 3757037.080834721215069, 2168007.795858146622777 ], [ 3757036.25794711150229, 2168011.078440933953971 ], [ 3757034.272280354984105, 2168014.102083944715559 ], [ 3757033.945429500192404, 2168014.599810403771698 ], [ 3757033.448923899792135, 2168014.61297831684351 ], [ 3757032.438345479778945, 2168014.639685326255858 ], [ 3757029.486211048904806, 2168013.110786302015185 ], [ 3757023.040642083622515, 2168007.297930188477039 ], [ 3757021.230440736748278, 2168006.163772732019424 ], [ 3757019.533636695705354, 2168004.017160075716674 ], [ 3757018.684615329839289, 2168002.223411224316806 ], [ 3757018.670583771541715, 2168002.193784657865763 ], [ 3757018.91301266849041, 2168000.795828186906874 ], [ 3757019.006121289450675, 2168000.258980481885374 ], [ 3757020.805558535270393, 2167997.787301029078662 ], [ 3757020.572768857702613, 2167995.103894970845431 ], [ 3757017.50702386861667, 2167994.587385021150112 ], [ 3757014.053967263549566, 2167995.409452265128493 ], [ 3757011.213917354587466, 2167995.172544755041599 ], [ 3757009.121166059747338, 2167994.264987978152931 ], [ 3757007.15064564300701, 2167992.444464597385377 ], [ 3757005.075233621522784, 2167991.735737571492791 ], [ 3757003.641122006811202, 2167992.077112787868828 ], [ 3757003.003376539796591, 2167992.228961918503046 ], [ 3757001.620666353031993, 2167994.862285278271884 ], [ 3756999.082436134107411, 2167998.103956625796854 ], [ 3756997.499975081533194, 2168000.755832957103848 ], [ 3756994.721083779353648, 2168007.025652616750449 ], [ 3756992.635557227302343, 2168008.522081775590777 ], [ 3756990.920116626191884, 2168008.481185272801667 ], [ 3756990.326997649855912, 2168001.645602542907 ], [ 3756989.833440787158906, 2167995.958301097154617 ], [ 3756988.790870583616197, 2167993.490905155893415 ], [ 3756988.692902968265116, 2167993.258997595869005 ], [ 3756987.952065270394087, 2167990.522556658834219 ], [ 3756987.693217237479985, 2167987.540912910364568 ], [ 3756989.344693491701037, 2167985.684109848923981 ], [ 3756991.061546150129288, 2167983.420543173328042 ], [ 3756990.847153804730624, 2167979.078948053531349 ], [ 3756990.795589239802212, 2167978.034996818751097 ], [ 3756989.915296304039657, 2167976.012775019742548 ], [ 3756989.074435929302126, 2167973.285634867846966 ], [ 3756988.22000397881493, 2167971.561682059429586 ], [ 3756986.428429040126503, 2167970.483494210056961 ], [ 3756986.201347881462425, 2167970.346768163144588 ], [ 3756983.93965729419142, 2167968.653422298841178 ], [ 3756982.868150487542152, 2167966.74929023347795 ], [ 3756983.546633276157081, 2167965.283534990623593 ], [ 3756987.595391361042857, 2167963.203858924563974 ], [ 3756994.048819041345268, 2167963.3050656770356 ], [ 3756999.588165067601949, 2167966.797645724378526 ], [ 3757009.083633610978723, 2167970.623607105109841 ], [ 3757010.372874166350812, 2167970.264960716944188 ], [ 3757011.246811372693628, 2167970.021774729713798 ], [ 3757011.925195327494293, 2167968.556036628317088 ], [ 3757011.153349664062262, 2167966.623970145359635 ], [ 3757008.583477680105716, 2167964.859119472559541 ], [ 3757006.23423474188894, 2167964.476399010512978 ], [ 3757004.871362014207989, 2167963.866350726224482 ], [ 3757001.414945906959474, 2167962.319559946656227 ], [ 3756998.540346983354539, 2167961.685172234196216 ], [ 3756997.338118822313845, 2167960.59476394020021 ], [ 3756998.493624130729586, 2167959.986318799201399 ], [ 3757004.416743685957044, 2167960.938469552434981 ], [ 3757004.943703692406416, 2167960.515518286731094 ], [ 3757005.828839651774615, 2167959.805171357467771 ], [ 3757004.423191966954619, 2167957.531282404903322 ], [ 3757002.053086959756911, 2167955.747977466788143 ], [ 3756998.944271469023079, 2167954.734548053238541 ], [ 3756996.525998993776739, 2167953.556656328495592 ], [ 3756986.725802959874272, 2167950.861157214269042 ], [ 3756981.245452390052378, 2167950.368788528256118 ], [ 3756976.932797017972916, 2167950.569447344634682 ], [ 3756973.887943878769875, 2167951.45371857797727 ], [ 3756972.207999352831393, 2167952.49014112027362 ], [ 3756971.020535413641483, 2167953.223120170179754 ], [ 3756969.004035694990307, 2167955.514719849452376 ], [ 3756968.443879475817084, 2167956.392635060474277 ], [ 3756966.965213975869119, 2167958.709904233925045 ], [ 3756964.983263083733618, 2167961.398984004743397 ], [ 3756962.849598246160895, 2167963.501022813376039 ], [ 3756962.49457839736715, 2167961.730582214891911 ], [ 3756961.826211640611291, 2167960.991182346362621 ], [ 3756959.500677455682307, 2167961.694472126662731 ], [ 3756954.172679268289357, 2167963.305889021139592 ], [ 3756954.042850269936025, 2167963.289568063337356 ], [ 3756952.340087819844484, 2167963.075528842397034 ], [ 3756951.017138935625553, 2167960.593606954440475 ], [ 3756950.524091177619994, 2167957.233018896076828 ], [ 3756947.934752922039479, 2167951.763020497281104 ], [ 3756947.18519799830392, 2167948.927171951625496 ], [ 3756946.572943906765431, 2167941.870589477010071 ], [ 3756946.522553260903805, 2167938.969701126217842 ], [ 3756947.49706106306985, 2167936.274172875098884 ], [ 3756949.525010883342475, 2167929.473067197483033 ], [ 3756951.024875287897885, 2167927.029206863138825 ], [ 3756953.714711284730583, 2167924.374495043884963 ], [ 3756956.876731214113533, 2167923.679785725194961 ], [ 3756957.007587181869894, 2167923.610207893885672 ], [ 3756962.304979128297418, 2167920.796156357508153 ], [ 3756962.36354950023815, 2167920.765064361039549 ], [ 3756962.690568999852985, 2167918.730820618569851 ], [ 3756962.335550895426422, 2167916.960380418691784 ], [ 3756962.068201595451683, 2167913.879395994823426 ], [ 3756962.668954360298812, 2167911.51916123740375 ], [ 3756963.438645362854004, 2167909.944715529680252 ], [ 3756965.236673066392541, 2167909.777499869931489 ], [ 3756966.10844215657562, 2167911.700282687786967 ], [ 3756966.170906220097095, 2167912.091759773902595 ], [ 3756966.549697805196047, 2167914.464543779846281 ], [ 3756967.118877227418125, 2167921.024204292334616 ], [ 3756967.651339598931372, 2167923.679774451535195 ], [ 3756969.348141519352794, 2167925.826388130895793 ], [ 3756971.439379481598735, 2167929.03842545626685 ], [ 3756971.870617102831602, 2167934.007825252600014 ], [ 3756973.567320638336241, 2167936.154455057345331 ], [ 3756976.133639211766422, 2167936.717354639898986 ], [ 3756979.341011317446828, 2167937.653020054101944 ], [ 3756982.266874001827091, 2167938.506547721102834 ], [ 3756983.972698360215873, 2167939.004171928390861 ], [ 3756988.634445767384022, 2167940.364079940132797 ], [ 3756990.261872476898134, 2167940.716538612730801 ], [ 3756992.842124950606376, 2167941.275333194527775 ], [ 3756996.147221288178116, 2167941.068145271390676 ], [ 3756999.100868142209947, 2167940.292567025404423 ], [ 3757001.959557867608964, 2167938.423761597834527 ], [ 3757003.012029837351292, 2167937.049010484945029 ], [ 3757003.858924192376435, 2167935.942799730226398 ], [ 3757004.993651763536036, 2167933.933656871318817 ], [ 3757004.156446197535843, 2167932.408452025149018 ], [ 3757002.776644638273865, 2167930.432733643334359 ], [ 3757003.628936472348869, 2167928.650273251347244 ], [ 3757005.406185421161354, 2167927.082359957974404 ], [ 3757006.589050029870123, 2167924.467608174309134 ], [ 3757006.859229723457247, 2167922.939666762948036 ], [ 3757004.354720226954669, 2167920.767953442409635 ], [ 3757004.030614481307566, 2167918.193157125264406 ], [ 3757003.155292839743197, 2167915.068424294702709 ], [ 3757002.762174484785646, 2167911.698555253911763 ], [ 3757001.688517957925797, 2167906.287912700325251 ], [ 3757000.231100095435977, 2167903.417796631809324 ], [ 3756999.216337522491813, 2167901.007380198221654 ], [ 3756997.502411488443613, 2167898.662002508994192 ], [ 3756996.009013904258609, 2167897.698770907241851 ], [ 3756994.055705351755023, 2167896.076895565260202 ], [ 3756991.632495971862227, 2167896.001710054464638 ], [ 3756989.334941954351962, 2167896.215329184662551 ], [ 3756988.701139872893691, 2167895.873506431933492 ], [ 3756988.745625731535256, 2167894.065962692257017 ], [ 3756987.756806797347963, 2167891.953700499143451 ], [ 3756986.159931805450469, 2167889.797802414745092 ], [ 3756986.056993324309587, 2167889.253108591772616 ], [ 3756985.787690520752221, 2167887.828615244477987 ], [ 3756987.013642443809658, 2167885.710880398750305 ], [ 3756987.748570205643773, 2167885.608930855058134 ], [ 3756989.202651519328356, 2167885.407122801523656 ], [ 3756990.514939278829843, 2167884.283192460890859 ], [ 3756989.91700356034562, 2167882.034403152763844 ], [ 3756988.580272797960788, 2167880.555602731648833 ], [ 3756986.175705070141703, 2167878.374702629633248 ], [ 3756983.814190817065537, 2167876.690622703637928 ], [ 3756979.966595898848027, 2167876.447277921251953 ], [ 3756977.460685479920357, 2167876.580124148633331 ], [ 3756977.696402159985155, 2167874.654589070938528 ], [ 3756977.329130945727229, 2167871.582890377379954 ], [ 3756976.011141285300255, 2167867.998359232209623 ], [ 3756976.286375659517944, 2167865.367792041506618 ], [ 3756978.368258269503713, 2167862.669434047304094 ], [ 3756979.807734685018659, 2167859.529928616248071 ], [ 3756979.705676642246544, 2167856.0328005310148 ], [ 3756978.995661361608654, 2167852.492020136211067 ], [ 3756974.677995160222054, 2167839.868777682539076 ], [ 3756973.885280265938491, 2167836.536029180046171 ], [ 3756972.76846446050331, 2167830.628484665881842 ], [ 3756971.519489337690175, 2167827.839026380330324 ], [ 3756969.61433572601527, 2167825.611639042384923 ], [ 3756967.566188521217555, 2167822.896617477759719 ], [ 3756966.420689322985709, 2167821.299825340043753 ], [ 3756964.334428999107331, 2167816.985276016406715 ], [ 3756964.378917959053069, 2167815.177732782438397 ], [ 3756965.305295866448432, 2167813.087819264736027 ], [ 3756966.069921037182212, 2167812.615903459023684 ], [ 3756968.205739533528686, 2167814.02038225159049 ], [ 3756969.893818187527359, 2167816.06759025156498 ], [ 3756969.942791528534144, 2167816.174882033839822 ], [ 3756971.385794466827065, 2167819.335284198168665 ], [ 3756973.759477829094976, 2167822.320738466456532 ], [ 3756985.143910421989858, 2167821.262098058126867 ], [ 3756985.846378929913044, 2167821.196818700991571 ], [ 3756987.494214387144893, 2167818.138088640756905 ], [ 3756988.707999911159277, 2167814.718983639031649 ], [ 3756988.722980560734868, 2167811.411238843109459 ], [ 3756989.598451173398644, 2167808.530529681127518 ], [ 3756989.81971606053412, 2167807.802654448896646 ], [ 3756990.410220665857196, 2167806.948663049843162 ], [ 3756991.96698066405952, 2167804.697537638247013 ], [ 3756993.606197489891201, 2167801.539385994896293 ], [ 3756994.802744658663869, 2167797.921436463017017 ], [ 3756995.017592508345842, 2167794.595222575590014 ], [ 3756994.482896473724395, 2167788.433163579087704 ], [ 3756993.824657764285803, 2167785.488611492328346 ], [ 3756991.172105187084526, 2167783.931886113714427 ], [ 3756988.592112572398037, 2167784.372182589489967 ], [ 3756987.968221234157681, 2167785.216252097859979 ], [ 3756987.24038614006713, 2167786.201027212198824 ], [ 3756985.954053594265133, 2167787.623207177035511 ], [ 3756984.140040653757751, 2167784.825549197383225 ], [ 3756981.420035059098154, 2167780.630658368580043 ], [ 3756980.570581792388111, 2167777.80419500824064 ], [ 3756980.277382919564843, 2167774.424945646431297 ], [ 3756980.335564354900271, 2167771.6142996577546 ], [ 3756980.124968349002302, 2167768.027035077102482 ], [ 3756980.422503847163171, 2167764.492691537830979 ], [ 3756981.031968045979738, 2167762.231770382262766 ], [ 3756981.381207208149135, 2167759.293866133317351 ], [ 3756979.679440159350634, 2167758.249761377461255 ], [ 3756681.980777812190354, 2167631.338354355655611 ], [ 3756683.243409377057105, 2167633.124514888040721 ], [ 3756683.407188072800636, 2167635.012950545176864 ], [ 3756683.913893528748304, 2167637.370338540989906 ], [ 3756685.777406631968915, 2167636.796341047156602 ], [ 3756687.518682061228901, 2167637.135312173515558 ], [ 3756687.417344985995442, 2167639.449162895325571 ], [ 3756686.169098416343331, 2167642.470785452052951 ], [ 3756684.695142054930329, 2167645.212707265280187 ], [ 3756681.459750381298363, 2167652.025962009094656 ], [ 3756679.603529646527022, 2167655.00383598357439 ], [ 3756677.699185102246702, 2167658.587419607210904 ], [ 3756678.58807374117896, 2167660.708970966748893 ], [ 3756680.238142281770706, 2167661.156632695347071 ], [ 3756681.075343827717006, 2167662.681840981822461 ], [ 3756679.527421317063272, 2167665.731301894411445 ], [ 3756675.537517157383263, 2167670.8112204358913 ], [ 3756672.57017869874835, 2167672.590010471642017 ], [ 3756670.111071767751127, 2167674.421703866217285 ], [ 3756666.658693264238536, 2167681.054670142009854 ], [ 3756666.400674202479422, 2167683.883995146490633 ], [ 3756666.633564136456698, 2167686.567491033580154 ], [ 3756666.327406261116266, 2167690.002427656203508 ], [ 3756662.627154681831598, 2167697.259658626746386 ], [ 3756657.26536886068061, 2167708.578748667147011 ], [ 3756655.009549208916724, 2167711.593749283347279 ], [ 3756652.694777438882738, 2167711.608725187368691 ], [ 3756651.583740242756903, 2167710.40952564869076 ], [ 3756648.535322501789778, 2167710.091849421150982 ], [ 3756645.924406364560127, 2167711.336519963108003 ], [ 3756643.625534359365702, 2167713.85469963401556 ], [ 3756641.452317638322711, 2167716.661684961989522 ], [ 3756638.867344363126904, 2167718.204511849209666 ], [ 3756634.671934804413468, 2167718.594726112205535 ], [ 3756634.317625596188009, 2167722.635179481003433 ], [ 3756634.88759243581444, 2167735.005745804868639 ], [ 3756635.698254322633147, 2167744.348252643831074 ], [ 3756635.669583707582206, 2167748.659123198129237 ], [ 3756634.798638819716871, 2167752.547317808959633 ], [ 3756634.783445524983108, 2167755.855013768188655 ], [ 3756635.185277302749455, 2167759.324303674511611 ], [ 3756636.229418884497136, 2167763.234756940044463 ], [ 3756639.213299302849919, 2167769.770276526454836 ], [ 3756643.556093708612025, 2167776.88073163991794 ], [ 3756646.138225260190666, 2167779.946846620645374 ], [ 3756648.780665794853121, 2167783.70872868783772 ], [ 3756651.602083048783243, 2167786.051353168673813 ], [ 3756654.850449823774397, 2167786.350440630223602 ], [ 3756659.254228977486491, 2167786.041093585081398 ], [ 3756665.098202825989574, 2167788.403121416922659 ], [ 3756667.686822215560824, 2167788.062231981195509 ], [ 3756668.94734329264611, 2167786.342062615789473 ], [ 3756671.639324728399515, 2167787.193762502633035 ], [ 3756673.070915061980486, 2167789.765811717137694 ], [ 3756675.12048824923113, 2167790.176364579237998 ], [ 3756677.17146492889151, 2167788.282347877975553 ], [ 3756679.244750740006566, 2167785.484645920805633 ], [ 3756681.095991173759103, 2167783.609280776698142 ], [ 3756683.06438145507127, 2167781.92337970295921 ], [ 3756685.661521853879094, 2167781.681930960621685 ], [ 3756685.994327208958566, 2167784.35604515299201 ], [ 3756685.119735489599407, 2167787.042298482730985 ], [ 3756682.929315645247698, 2167789.650634367018938 ], [ 3756682.294092800933868, 2167791.613283704034984 ], [ 3756684.450693472288549, 2167794.418462984729558 ], [ 3756683.558862353209406, 2167796.905870135873556 ], [ 3756684.235849345102906, 2167797.744694180320948 ], [ 3756689.371223890222609, 2167794.261459493078291 ], [ 3756692.724469406995922, 2167793.448649977799505 ], [ 3756693.96127769863233, 2167794.936736021656543 ], [ 3756693.573944832663983, 2167796.275220349896699 ], [ 3756690.623837825842202, 2167798.252765074837953 ], [ 3756686.49460720969364, 2167804.046999333426356 ], [ 3756685.68032590765506, 2167807.429020234849304 ], [ 3756686.025304477661848, 2167811.404513705987483 ], [ 3756686.761266068555415, 2167815.243461742065847 ], [ 3756688.470226478297263, 2167818.691358656622469 ], [ 3756691.731496353633702, 2167826.10282199177891 ], [ 3756692.567285692319274, 2167829.932501652743667 ], [ 3756693.114153516944498, 2167837.395869694184512 ], [ 3756693.515891850925982, 2167840.865174836013466 ], [ 3756694.725440249312669, 2167844.359560517594218 ], [ 3756697.159527224022895, 2167848.040669047739357 ], [ 3756698.908006509765983, 2167850.783530361950397 ], [ 3756704.254703014157712, 2167856.698472090996802 ], [ 3756707.427587056998163, 2167859.609584961086512 ], [ 3756715.674751216545701, 2167866.457177015952766 ], [ 3756719.221278571058065, 2167869.032913690432906 ], [ 3756723.75447513256222, 2167870.214392034336925 ], [ 3756737.092602149583399, 2167875.38618350122124 ], [ 3756742.051260892301798, 2167876.828810126055032 ], [ 3756747.114781763870269, 2167877.159440481103957 ], [ 3756752.581556603312492, 2167878.65488778334111 ], [ 3756756.932240279857069, 2167880.053766914177686 ], [ 3756761.591205408796668, 2167881.524133756756783 ], [ 3756764.943046655040234, 2167883.015892177354544 ], [ 3756767.655918556265533, 2167885.268376661930233 ], [ 3756770.29480888415128, 2167887.828301054891199 ], [ 3756772.851014390122145, 2167890.596356479916722 ], [ 3756776.137379737105221, 2167892.494896123185754 ], [ 3756785.26052462682128, 2167894.351668427698314 ], [ 3756790.002189049031585, 2167895.614003088790923 ], [ 3756795.634263895452023, 2167896.693402520846575 ], [ 3756806.569108708761632, 2167897.379750311374664 ], [ 3756817.856848352123052, 2167896.330218971241266 ], [ 3756824.566879093181342, 2167895.906559491995722 ], [ 3756826.013416383881122, 2167895.877045186702162 ], [ 3756824.839276537299156, 2167901.838378185406327 ], [ 3756821.652349139563739, 2167918.019081131089479 ], [ 3756820.995417419355363, 2167926.696729263290763 ], [ 3756820.497916872613132, 2167930.249476853292435 ], [ 3756819.923177206423134, 2167932.907661473378539 ], [ 3756816.624828511383384, 2167943.63427735446021 ], [ 3756807.800071261823177, 2167971.906755077652633 ], [ 3756803.062214207835495, 2167985.773214010987431 ], [ 3756800.425989472307265, 2167992.530548109672964 ], [ 3756798.433978816960007, 2167997.424493483267725 ], [ 3756795.796820061746985, 2168006.486726490780711 ], [ 3756793.548779104836285, 2168017.716558727435768 ], [ 3756790.534280616790056, 2168025.911937584169209 ], [ 3756790.389647849369794, 2168027.72861002292484 ], [ 3756785.782482896931469, 2168040.781062566209584 ], [ 3756781.441886652261019, 2168051.103923418559134 ], [ 3756778.321001440752298, 2168062.715598822571337 ], [ 3756771.74476009234786, 2168071.642657680436969 ], [ 3756769.56369873508811, 2168080.161133215762675 ], [ 3756770.190319009125233, 2168081.635453594848514 ], [ 3756769.527219584211707, 2168090.183683509472758 ], [ 3756769.932535141240805, 2168094.854947237763554 ], [ 3756770.932470277883112, 2168100.573214993346483 ], [ 3756771.788837173953652, 2168105.803437479771674 ], [ 3756772.349430494010448, 2168112.263701267540455 ], [ 3756772.749785924330354, 2168118.037482751533389 ], [ 3756772.219958949368447, 2168121.460769658442587 ], [ 3756747.462165103293955, 2168128.103602253831923 ], [ 3756637.71578890318051, 2168221.096291061956435 ], [ 3756602.863067767582834, 2168238.253930686973035 ], [ 3756546.755607611034065, 2168258.690321347676218 ], [ 3756471.99011519504711, 2168264.170208244584501 ], [ 3756432.803972147405148, 2168254.599315196741372 ], [ 3756310.696952299680561, 2168213.505333850160241 ], [ 3756229.188855681568384, 2168226.225017366930842 ], [ 3756151.940209809690714, 2168266.682550006080419 ], [ 3756072.543661570642143, 2168271.010704016312957 ], [ 3755997.374185116961598, 2168271.138724678196013 ], [ 3755906.066107268910855, 2168252.969909630250186 ], [ 3755850.746179108973593, 2168233.931914793327451 ], [ 3755848.755703698378056, 2168234.014074607286602 ], [ 3755839.700854890048504, 2168231.900802281685174 ], [ 3755812.97930424939841, 2168225.559132085181773 ], [ 3755791.157853315584362, 2168220.795988272875547 ], [ 3755774.952544457744807, 2168217.163231730461121 ], [ 3755766.379395584575832, 2168212.480159512721002 ], [ 3755761.667162295430899, 2168209.121237219311297 ], [ 3755755.726565202698112, 2168204.834475041367114 ], [ 3755749.247605765238404, 2168201.419355137739331 ], [ 3755735.202834254130721, 2168193.908991877920926 ], [ 3755724.009508343413472, 2168188.267344867810607 ], [ 3755713.315323080867529, 2168184.32259334763512 ], [ 3755710.629780174233019, 2168183.430080159101635 ], [ 3755709.588677513878793, 2168184.659158378839493 ], [ 3755700.391642362810671, 2168184.410458504222333 ], [ 3755695.379060671664774, 2168184.424045122694224 ], [ 3755690.401756145525724, 2168184.975334802642465 ], [ 3755685.581831431481987, 2168186.377899033948779 ], [ 3755680.840904024429619, 2168188.019827587995678 ], [ 3755675.8921342282556, 2168187.640397844370455 ], [ 3755670.979899694211781, 2168186.684351232368499 ], [ 3755666.060856719501317, 2168185.760655188001692 ], [ 3755661.229051055386662, 2168184.468295142054558 ], [ 3755656.460286293644458, 2168182.962768772616982 ], [ 3755651.700861007906497, 2168181.428706978447735 ], [ 3755646.901923724915832, 2168180.020727399736643 ], [ 3755642.076713397167623, 2168178.699780166614801 ], [ 3755637.278793046716601, 2168177.288006855174899 ], [ 3755632.585379083640873, 2168175.574744375422597 ], [ 3755628.40134562458843, 2168172.878952908795327 ], [ 3755624.792638779617846, 2168169.442647085059434 ], [ 3755621.430029371287674, 2168165.765173723455518 ], [ 3755618.1661555939354, 2168162.000231193378568 ], [ 3755615.036364106927067, 2168158.123568347189575 ], [ 3755612.027280253358185, 2168154.153000706806779 ], [ 3755609.199156951159239, 2168150.052724584005773 ], [ 3755606.368722043931484, 2168145.953836135566235 ], [ 3755603.302926753181964, 2168142.027959161438048 ], [ 3755599.984997733030468, 2168138.310393088497221 ], [ 3755596.592509568203241, 2168134.659695973619819 ], [ 3755593.169934188947082, 2168131.03701881878078 ], [ 3755589.596773818135262, 2168127.562424913980067 ], [ 3755585.921235545538366, 2168124.194435925688595 ], [ 3755581.936202769167721, 2168120.418078815564513 ], [ 3755578.013749907724559, 2168117.344080029986799 ], [ 3755573.845224353950471, 2168114.603121972177178 ], [ 3755569.418163312599063, 2168112.299005239270627 ], [ 3755564.7898582755588, 2168110.416158990003169 ], [ 3755560.084145286120474, 2168108.729399795178324 ], [ 3755555.350524617359042, 2168107.118759440723807 ], [ 3755550.632708415389061, 2168105.464818980544806 ], [ 3755542.986202160827816, 2168104.14239956298843 ], [ 3755538.045532827731222, 2168103.333080443553627 ], [ 3755533.111990738194436, 2168102.48067999817431 ], [ 3755528.200152881443501, 2168101.517619412858039 ], [ 3755523.328233754727989, 2168100.377534772269428 ], [ 3755518.527973188087344, 2168098.975919601507485 ], [ 3755513.817751456517726, 2168097.301589733920991 ], [ 3755509.18633346259594, 2168095.42530159978196 ], [ 3755504.614381516352296, 2168093.41017859056592 ], [ 3755500.505324168596417, 2168090.622766882181168 ], [ 3755496.387869901955128, 2168087.815681367181242 ], [ 3755492.104118261951953, 2168085.25406345911324 ], [ 3755487.801762812305242, 2168082.722606088966131 ], [ 3755483.528096749447286, 2168080.143512256443501 ], [ 3755479.335219291504472, 2168077.437992786057293 ], [ 3755475.223017698153853, 2168074.611707805655897 ], [ 3755471.119817491620779, 2168071.773867593146861 ], [ 3755467.013313700444996, 2168068.940096861217171 ], [ 3755462.916948560159653, 2168066.092367444187403 ], [ 3755458.797823382075876, 2168063.276691250503063 ], [ 3755454.625169986858964, 2168060.539737102109939 ], [ 3755450.377632649149746, 2168057.91856585489586 ], [ 3755446.077473222278059, 2168055.383724797517061 ], [ 3755441.754918911959976, 2168052.886417786590755 ], [ 3755437.436363555956632, 2168050.382408295292407 ], [ 3755433.118711649440229, 2168047.87643679138273 ], [ 3755428.784237867221236, 2168045.399728236719966 ], [ 3755424.415019434411079, 2168042.983540055342019 ], [ 3755419.9923453819938, 2168040.665001719258726 ], [ 3755415.501764738932252, 2168038.478728464338928 ], [ 3755410.977927300147712, 2168036.359782859683037 ], [ 3755406.460077202413231, 2168034.228166080079973 ], [ 3755401.988809440284967, 2168032.003455554135144 ], [ 3755397.587832360528409, 2168029.644274362828583 ], [ 3755393.219641465693712, 2168027.226909867487848 ], [ 3755388.831143834628165, 2168024.844922531861812 ], [ 3755384.377184293232858, 2168022.585731266997755 ], [ 3755379.875754137523472, 2168020.421694106422365 ], [ 3755375.380165771581233, 2168018.24470748193562 ], [ 3755370.951294642407447, 2168015.938170012552291 ], [ 3755366.544806566089392, 2168013.589566995855421 ], [ 3755362.031125803478062, 2168011.452328251674771 ], [ 3755357.408763205166906, 2168009.553395713679492 ], [ 3755352.732523072045296, 2168007.787039655260742 ], [ 3755348.039813147392124, 2168006.064899455755949 ], [ 3755343.329299240838736, 2168004.391325070988387 ], [ 3755338.541692467872053, 2168002.947031700517982 ], [ 3755333.666827508248389, 2168001.820330800954252 ], [ 3755328.751820418983698, 2168000.873713822104037 ], [ 3755323.823005082085729, 2167999.995053268969059 ], [ 3755318.900322935543954, 2167999.086168428417295 ], [ 3755313.949856055900455, 2167998.343346101231873 ], [ 3755308.956375998444855, 2167997.942168267443776 ], [ 3755303.954634345136583, 2167997.637451391201466 ], [ 3755298.951652135699987, 2167997.357419511303306 ], [ 3755293.951525612734258, 2167997.032288968097419 ], [ 3755288.958878095261753, 2167996.619792970828712 ], [ 3755283.968156668823212, 2167996.183104291092604 ], [ 3755275.325838893651962, 2167996.565800580661744 ], [ 3755270.316216876264662, 2167996.789873307570815 ], [ 3755265.306730667129159, 2167997.017349380068481 ], [ 3755260.296993892174214, 2167997.241341088432819 ], [ 3755255.288557083811611, 2167997.488793969154358 ], [ 3755250.282592037227005, 2167997.78873075125739 ], [ 3755245.278883100952953, 2167998.131515581626445 ], [ 3755240.279081959277391, 2167998.533902319148183 ], [ 3755235.29100670106709, 2167999.06542715895921 ], [ 3755230.314385641366243, 2167999.701452753506601 ], [ 3755225.327201600186527, 2168000.244316630065441 ], [ 3755220.31928314967081, 2168000.492493229452521 ], [ 3755215.307699815370142, 2168000.410634075757116 ], [ 3755210.307823857758194, 2168000.084561767522246 ], [ 3755205.341336681507528, 2167999.451875085476786 ], [ 3755200.445798550732434, 2167998.411796493921429 ], [ 3755195.612844941671938, 2167997.120645135641098 ], [ 3755190.815990020520985, 2167995.704879307188094 ], [ 3755186.02089465316385, 2167994.282981038559228 ], [ 3755181.230382828507572, 2167992.845318068750203 ], [ 3755176.485375614836812, 2167991.268295709975064 ], [ 3755171.797642116434872, 2167989.533556461334229 ], [ 3755167.159516267944127, 2167987.671879335306585 ], [ 3755162.563471486791968, 2167985.711098820436746 ], [ 3755158.078857400454581, 2167983.513372372835875 ], [ 3755153.715148660819978, 2167981.087316180113703 ], [ 3755149.421132082119584, 2167978.541494879871607 ], [ 3755145.152678814716637, 2167975.954494991339743 ], [ 3755140.908287952654064, 2167973.328981276601553 ], [ 3755136.757795988582075, 2167970.559470396023244 ], [ 3755132.773964417167008, 2167967.558232283219695 ], [ 3755128.920310022775084, 2167964.393327174242586 ], [ 3755125.090570148546249, 2167961.199805364012718 ], [ 3755121.219073407817632, 2167958.056473166681826 ], [ 3755117.354370593093336, 2167954.904265917371958 ], [ 3755113.577810225542635, 2167951.648298393934965 ], [ 3755110.065093779936433, 2167948.113686214201152 ], [ 3755106.302025738172233, 2167944.851469005458057 ], [ 3755102.098793680313975, 2167942.156722429674119 ], [ 3755097.679410349112004, 2167939.832207468338311 ], [ 3755093.049061595462263, 2167937.955751501023769 ], [ 3755088.282328700646758, 2167936.444060068577528 ], [ 3755083.481491917744279, 2167935.038320085499436 ], [ 3755078.625506617128849, 2167933.831051065586507 ], [ 3755073.968317163176835, 2167932.040613617748022 ], [ 3755069.945363420061767, 2167929.094672203995287 ], [ 3755066.312411633320153, 2167925.676051176618785 ], [ 3755062.498794877901673, 2167922.466074278578162 ], [ 3755058.242977164685726, 2167919.862991957459599 ], [ 3755053.862454624846578, 2167917.466902724932879 ], [ 3755049.443957744166255, 2167915.14032809715718 ], [ 3755045.032523596193641, 2167912.800200054422021 ], [ 3755040.61909531801939, 2167910.464732087217271 ], [ 3755036.253576413728297, 2167908.042600497137755 ], [ 3755032.020417368039489, 2167905.399824880994856 ], [ 3755027.891436299309134, 2167902.598062597215176 ], [ 3755023.787479779683053, 2167899.760650424752384 ], [ 3755019.637967166025192, 2167896.98966825986281 ], [ 3755015.429176597855985, 2167894.30711942538619 ], [ 3755011.180087707936764, 2167891.689027407206595 ], [ 3755006.865433641709387, 2167889.17843621224165 ], [ 3755002.513187938835472, 2167886.730849103070796 ], [ 3754998.00440691318363, 2167884.587571669369936 ], [ 3754993.252696404233575, 2167883.035328987985849 ], [ 3754988.409699998795986, 2167881.781093624420464 ], [ 3754983.533587940502912, 2167880.65622123517096 ], [ 3754978.653676582034677, 2167879.547589370515198 ], [ 3754973.799327573738992, 2167878.336627908516675 ], [ 3754968.994748809374869, 2167876.945609790738672 ], [ 3754964.219995033461601, 2167875.459317953325808 ], [ 3754959.463276599068195, 2167873.916362702846527 ], [ 3754954.717985518276691, 2167872.340800720266998 ], [ 3754949.975933772977442, 2167870.755034543573856 ], [ 3754945.229821814224124, 2167869.181320508942008 ], [ 3754940.465408645104617, 2167867.662601285614073 ], [ 3754935.66766002215445, 2167866.248296873178333 ], [ 3754930.908449261914939, 2167864.716431278735399 ], [ 3754926.282071020454168, 2167862.828041389584541 ], [ 3754921.7542524645105, 2167860.717314641922712 ], [ 3754917.210501343011856, 2167858.639533083420247 ], [ 3754912.521502234041691, 2167856.911554070189595 ], [ 3754907.687917529605329, 2167855.619706653058529 ], [ 3754902.962491213344038, 2167853.996449804864824 ], [ 3754898.32534098951146, 2167852.12887325650081 ], [ 3754893.583677193615586, 2167850.545563252177089 ], [ 3754888.732356865424663, 2167849.327557862736285 ], [ 3754883.749571793712676, 2167848.876583748497069 ], [ 3754878.734996370971203, 2167849.018074527382851 ], [ 3754873.750399165321141, 2167849.573525221087039 ], [ 3754868.782968988642097, 2167850.281498524360359 ], [ 3754863.815330613404512, 2167850.98880137084052 ], [ 3754858.848118685651571, 2167851.698150174692273 ], [ 3754853.881343269720674, 2167852.40833433996886 ], [ 3754848.913969291374087, 2167853.115393688902259 ], [ 3754843.945944876410067, 2167853.81963898614049 ], [ 3754838.978081459645182, 2167854.524261259939522 ], [ 3754834.009025610983372, 2167855.220114037394524 ], [ 3754829.040599714498967, 2167855.921203074976802 ], [ 3754824.081272931303829, 2167856.683961818926036 ], [ 3754819.129051635973155, 2167857.495218630880117 ], [ 3754814.177438622806221, 2167858.308390750549734 ], [ 3754809.220188581384718, 2167859.086122367996722 ], [ 3754804.259534909855574, 2167859.844366495963186 ], [ 3754799.291503360960633, 2167860.547307780012488 ], [ 3754794.308541350066662, 2167861.127078657969832 ], [ 3754789.31562280934304, 2167861.607945914845914 ], [ 3754784.310260039754212, 2167861.917581856250763 ], [ 3754779.29061190597713, 2167862.030398231931031 ], [ 3754774.447744991630316, 2167860.984691117890179 ], [ 3754771.385232779197395, 2167857.051508485339582 ], [ 3754767.408553135115653, 2167854.024613779038191 ], [ 3754763.503490026108921, 2167850.921258491929621 ], [ 3754760.069645717740059, 2167847.313824621960521 ], [ 3754756.701793133281171, 2167843.63851211592555 ], [ 3754752.692656103521585, 2167840.715182544197887 ], [ 3754748.192343257833272, 2167838.530321220867336 ], [ 3754743.894491367973387, 2167835.995511437766254 ], [ 3754739.688411902170628, 2167833.309699009172618 ], [ 3754735.290018007624894, 2167830.951009509153664 ], [ 3754730.708703371230513, 2167828.955575625412166 ], [ 3754726.044779157266021, 2167827.159202864859253 ], [ 3754721.318698232062161, 2167825.528706000186503 ], [ 3754716.515286437235773, 2167824.134281498380005 ], [ 3754711.684324718080461, 2167822.834152669180185 ], [ 3754706.827155401930213, 2167821.634848520159721 ], [ 3754701.966539326123893, 2167820.448906114324927 ], [ 3754697.165275771636516, 2167819.046976007986814 ], [ 3754692.385525375138968, 2167817.575217045843601 ], [ 3754687.602026522159576, 2167816.115559763740748 ], [ 3754682.823412978556007, 2167814.641397681087255 ], [ 3754678.055633985437453, 2167813.132812120486051 ], [ 3754673.305683411192149, 2167811.570719958283007 ], [ 3754668.581541805993766, 2167809.933961606584489 ], [ 3754663.887768345419317, 2167808.211712535470724 ], [ 3754659.294249069876969, 2167806.249115795362741 ], [ 3754655.05848172865808, 2167803.619970881380141 ], [ 3754650.970784426201135, 2167800.75812554359436 ], [ 3754646.682354913558811, 2167798.204236859455705 ], [ 3754642.307872281875461, 2167795.797186254989356 ], [ 3754637.896905424073339, 2167793.456282553263009 ], [ 3754633.448572429828346, 2167791.186808798462152 ], [ 3754628.949075365439057, 2167789.017933823168278 ], [ 3754624.456884828861803, 2167786.833853332791477 ], [ 3754620.041830671485513, 2167784.502286214847118 ], [ 3754615.612582539208233, 2167782.196124821901321 ], [ 3754612.633499474730343, 2167780.816771804355085 ], [ 3754612.885348017327487, 2167725.390580094885081 ], [ 3754616.715446001384407, 2167625.646666268352419 ], [ 3754649.297620192635804, 2167473.534538118168712 ], [ 3754722.30572203733027, 2167259.685998900793493 ], [ 3754832.265800428576767, 2167087.953271021135151 ], [ 3754875.037857700139284, 2167005.293125269468874 ], [ 3754927.493856650777161, 2166938.296766086481512 ], [ 3754958.592783074826002, 2166865.004956742748618 ], [ 3754948.255310983397067, 2166745.874257550109178 ], [ 3754921.402808298356831, 2166628.279382965061814 ], [ 3754895.115061966702342, 2166469.221710632555187 ], [ 3754893.332715652417392, 2166448.681793476454914 ], [ 3754860.361260497476906, 2166356.503424085211009 ], [ 3754823.618083639070392, 2166268.816622079815716 ], [ 3754800.478283236268908, 2166182.436082563363016 ], [ 3754770.639959361404181, 2166186.714210898149759 ], [ 3754739.80993457743898, 2166179.563032414298505 ], [ 3754645.897117723710835, 2166141.710694297216833 ], [ 3754615.196472344920039, 2166136.049991471227258 ], [ 3754525.811016515828669, 2166150.376285969745368 ], [ 3754467.169446777086705, 2166170.859564667567611 ], [ 3754407.665566509589553, 2166181.404616657178849 ], [ 3754377.008052779361606, 2166176.241241345647722 ], [ 3754344.022004460450262, 2166144.243356036022305 ], [ 3754312.459075878374279, 2166128.644430956803262 ], [ 3754282.318945726845413, 2166129.444433522410691 ], [ 3754253.041348102036864, 2166140.183057631365955 ], [ 3754224.281144970096648, 2166156.885579928290099 ], [ 3754167.450775255914778, 2166198.240348897874355 ], [ 3754138.302527649328113, 2166210.470359220169485 ], [ 3754108.378030700609088, 2166213.754993067588657 ], [ 3754076.056851275265217, 2166195.221222624182701 ], [ 3754042.492335559800267, 2166150.753439993597567 ], [ 3754010.066947830840945, 2166125.215930560603738 ], [ 3753979.538815065287054, 2166121.543650642037392 ], [ 3753949.873044178355485, 2166127.810161101166159 ], [ 3753862.644213632680476, 2166166.984224111773074 ], [ 3753832.504017607308924, 2166167.784771346021444 ], [ 3753819.654650966636837, 2166158.961196814663708 ], [ 3753755.953645606525242, 2166074.716621103696525 ], [ 3753736.312945788260549, 2166058.790374999400228 ], [ 3749869.84227499878034, 2166058.790374999400228 ], [ 3749869.84227499878034, 2173938.813124999869615 ], [ 3750329.5174066638574, 2173938.813124999869615 ], [ 3750329.888059008400887, 2173935.718099951278418 ] ] ] } }
]
}
