{
"type": "FeatureCollection",
"name": "Palafrugell",
"crs": { "type": "name", "properties": { "name": "urn:ogc:def:crs:EPSG::3035" } },
"features": [
{ "type": "Feature", "properties": { "ENP_GRAL": 6.0, "ENP_GRAL_NAME": "Otros Espacios Naturales Protegidos", "color": "#7F8F0D" }, "geometry": { "type": "MultiPolygon", "coordinates": [ [ [ [ 3752885.053803782444447, 2112106.763037287630141 ], [ 3752888.817272416781634, 2112104.410855272319168 ], [ 3752892.580605573020875, 2112102.059098714031279 ], [ 3752896.34384584845975, 2112099.706753863953054 ], [ 3752900.150064131710678, 2112097.851280266419053 ], [ 3752903.913699594326317, 2112095.498871929012239 ], [ 3752907.70815786998719, 2112093.144041182473302 ], [ 3752911.5768854287453, 2112091.282776551321149 ], [ 3752915.433707755059004, 2112088.921876037493348 ], [ 3752919.333835197146982, 2112087.057994459755719 ], [ 3752923.265155259985477, 2112085.190824519842863 ], [ 3752927.290124827064574, 2112083.314884219318628 ], [ 3752931.420118388719857, 2112081.93029931653291 ], [ 3752940.016035267151892, 2112080.131308755837381 ], [ 3752944.313681745436043, 2112079.231764466036111 ], [ 3752948.475210372358561, 2112077.844138610642403 ], [ 3752952.574229781050235, 2112076.46230582613498 ], [ 3752956.599032525904477, 2112074.58659776346758 ], [ 3752960.592725942842662, 2112072.714064819738269 ], [ 3752964.691714249551296, 2112071.332037273328751 ], [ 3752968.821889298968017, 2112069.947326394729316 ], [ 3752972.983090348541737, 2112068.559555761516094 ], [ 3752977.17569116037339, 2112067.169167656917125 ], [ 3752981.442721373401582, 2112066.272721479646862 ], [ 3752985.66640037484467, 2112064.878963531926274 ], [ 3752989.933035323861986, 2112063.982582895550877 ], [ 3752994.156973679084331, 2112062.589186224155128 ], [ 3752998.392177623230964, 2112061.695228190161288 ], [ 3753002.616146815009415, 2112060.302028808742762 ], [ 3753006.820324512198567, 2112059.411131932400167 ], [ 3753011.013153243344277, 2112058.020911773666739 ], [ 3753015.069277844391763, 2112056.142102386802435 ], [ 3753019.031539982184768, 2112054.271998407319188 ], [ 3753022.993993853218853, 2112052.40246768668294 ], [ 3753026.956256004050374, 2112050.532364790793508 ], [ 3753031.191900853998959, 2112049.638640412129462 ], [ 3753035.606738516595215, 2112049.729851369746029 ], [ 3753039.939306256826967, 2112050.329353065229952 ], [ 3753043.718135509639978, 2112049.978692186065018 ], [ 3753047.984904615208507, 2112049.081892983056605 ], [ 3753050.91307907178998, 2112045.805880278348923 ], [ 3753052.220916838385165, 2112044.182502383366227 ], [ 3753052.81199482223019, 2112034.613374111242592 ], [ 3753050.612638322636485, 2112024.802265205420554 ], [ 3753048.709680811502039, 2112012.96082391962409 ], [ 3753046.205624790862203, 2112002.176446576602757 ], [ 3753043.935969443060458, 2111989.367546983994544 ], [ 3753041.827093904837966, 2111974.040153854060918 ], [ 3753038.754199963063002, 2111956.29826924065128 ], [ 3753038.473997668828815, 2111952.318048886954784 ], [ 3753038.150767566636205, 2111947.841270047239959 ], [ 3753037.827667664736509, 2111943.364671469666064 ], [ 3753037.547201212495565, 2111939.38469618326053 ], [ 3753037.224169937893748, 2111934.907885401509702 ], [ 3753036.900957074016333, 2111930.431205199565738 ], [ 3753036.609014739748091, 2111925.951727105304599 ], [ 3753036.328617618884891, 2111921.971539809368551 ], [ 3753036.036712929140776, 2111917.491653236094862 ], [ 3753035.776193032972515, 2111913.009050775319338 ], [ 3753035.714443657081574, 2111909.009015669114888 ], [ 3753035.797117058653384, 2111904.494554637465626 ], [ 3753036.379666909109801, 2111899.933787818998098 ], [ 3753037.391329309903085, 2111896.33470418676734 ], [ 3753038.878545187413692, 2111895.696134345140308 ], [ 3753039.772812670562416, 2111895.112445832695812 ], [ 3753044.422175709623843, 2111893.178624612279236 ], [ 3753049.145555499475449, 2111891.738711017649621 ], [ 3753053.721161211375147, 2111889.311344556510448 ], [ 3753058.015148368664086, 2111886.909896128810942 ], [ 3753061.568200424313545, 2111883.575810101814568 ], [ 3753064.192036794964224, 2111879.326183622702956 ], [ 3753066.179944498930126, 2111874.63517483882606 ], [ 3753067.761595352552831, 2111869.981505419593304 ], [ 3753069.081962272059172, 2111864.851666647940874 ], [ 3753070.413738260045648, 2111860.221543393097818 ], [ 3753071.047363264020532, 2111855.155078045092523 ], [ 3753070.805906702764332, 2111850.169998127967119 ], [ 3753071.376986932009459, 2111845.109734260477126 ], [ 3753074.449769040104002, 2111841.319085272029042 ], [ 3753078.420002641156316, 2111838.446857097093016 ], [ 3753082.734151198063046, 2111835.542854732833803 ], [ 3753087.258788839913905, 2111833.621184593066573 ], [ 3753091.845645157620311, 2111831.69316641241312 ], [ 3753096.588836386799812, 2111829.751061129383743 ], [ 3753101.406179066747427, 2111828.302438089624047 ], [ 3753106.222845780663192, 2111826.8540268978104 ], [ 3753111.009229972958565, 2111825.408252748660743 ], [ 3753115.658854733686894, 2111823.474806112237275 ], [ 3753120.151780476793647, 2111821.555708737578243 ], [ 3753124.465830655768514, 2111818.65172918792814 ], [ 3753128.760117433033884, 2111816.250246597453952 ], [ 3753132.85535476077348, 2111813.366344583686441 ], [ 3753136.720282383263111, 2111810.003524260595441 ], [ 3753140.242199935019016, 2111806.672431843355298 ], [ 3753143.178361757658422, 2111802.393695988692343 ], [ 3753145.166133504826576, 2111797.70242303237319 ], [ 3753146.435621609445661, 2111793.078169070184231 ], [ 3753147.287460980471224, 2111787.991637136321515 ], [ 3753148.014594419393688, 2111782.916739328764379 ], [ 3753148.971689376048744, 2111778.321119895670563 ], [ 3753150.35446354188025, 2111773.185421501286328 ], [ 3753152.728602228220552, 2111768.959129540249705 ], [ 3753156.562726446427405, 2111765.59883641730994 ], [ 3753158.537591553293169, 2111764.414189938921481 ], [ 3753160.099385646171868, 2111764.269240944646299 ], [ 3753177.935143482405692, 2111760.110777720343322 ], [ 3753195.699993974529207, 2111760.966317025478929 ], [ 3753209.9591418444179, 2111763.14860476506874 ], [ 3753210.739053892437369, 2111767.08222814463079 ], [ 3753211.115965237375349, 2111776.561366247944534 ], [ 3753209.52700590249151, 2111799.743624771013856 ], [ 3753209.746796100400388, 2111813.243172719143331 ], [ 3753210.647247340064496, 2111819.669412618502975 ], [ 3753214.219310618471354, 2111819.838765526656061 ], [ 3753218.582814993802458, 2111820.435348100028932 ], [ 3753222.935322135221213, 2111820.532250761985779 ], [ 3753227.299548487178981, 2111821.128917108289897 ], [ 3753231.65197199722752, 2111821.225934677757323 ], [ 3753236.015953967347741, 2111821.822339439764619 ], [ 3753240.368226066231728, 2111821.91968435049057 ], [ 3753244.763462219387293, 2111822.513193678110838 ], [ 3753249.115739767439663, 2111822.609934183768928 ], [ 3753253.436991106253117, 2111822.70973497396335 ], [ 3753257.789543302264065, 2111822.806934537366033 ], [ 3753262.173204628750682, 2111822.900960178114474 ], [ 3753270.917020368855447, 2111822.089698799420148 ], [ 3753275.215076305903494, 2111821.190237374510616 ], [ 3753279.51278935559094, 2111820.290530437603593 ], [ 3753283.705408680718392, 2111818.900289293844253 ], [ 3753287.8984230090864, 2111817.509984065778553 ], [ 3753292.059793478343636, 2111816.122034874744713 ], [ 3753296.158633502200246, 2111814.74038494611159 ], [ 3753300.257655509281904, 2111813.358605069573969 ], [ 3753304.313833573833108, 2111811.480139020830393 ], [ 3753308.38132015010342, 2111810.101402688305825 ], [ 3753312.406394701451063, 2111808.225506921764463 ], [ 3753315.25602513179183, 2111806.959436942823231 ], [ 3753314.115192531608045, 2111813.074520530644804 ], [ 3753312.094584549311548, 2111825.780694488901645 ], [ 3753310.566468568984419, 2111835.436935932375491 ], [ 3753310.876647915225476, 2111847.425709879025817 ], [ 3753313.231628514360636, 2111861.228582779876888 ], [ 3753316.089319029822946, 2111880.492491769604385 ], [ 3753316.833063742611557, 2111890.939161762595177 ], [ 3753316.234438189305365, 2111897.504519090987742 ], [ 3753312.98447193717584, 2111909.824181478470564 ], [ 3753304.007344769313931, 2111926.180067056789994 ], [ 3753293.406936482060701, 2111938.680547630414367 ], [ 3753285.672302160877734, 2111947.910830434411764 ], [ 3753280.170316652394831, 2111958.937281751073897 ], [ 3753273.65591842867434, 2111977.568620359525084 ], [ 3753375.275385449174792, 2111960.128841024823487 ], [ 3753371.272530584596097, 2111884.887286986224353 ], [ 3753404.184539346955717, 2111876.325389043428004 ], [ 3753408.158749950584024, 2111874.95526409894228 ], [ 3753412.612759697251022, 2111874.041281841695309 ], [ 3753417.086319778114557, 2111872.624740195926279 ], [ 3753421.727924055885524, 2111871.69317112583667 ], [ 3753426.357787413522601, 2111870.262347414158285 ], [ 3753431.092905106954277, 2111869.322434642352164 ], [ 3753435.859375917352736, 2111868.379610381089151 ], [ 3753440.594431354664266, 2111867.439306126907468 ], [ 3753445.224362056236714, 2111866.008272314444184 ], [ 3753449.896793995983899, 2111865.073678936809301 ], [ 3753454.444893394131213, 2111864.15116154961288 ], [ 3753458.855875820852816, 2111862.740629144012928 ], [ 3753463.142417326103896, 2111861.341485719196498 ], [ 3753467.303826560266316, 2111859.953844284173101 ], [ 3753471.496406947262585, 2111858.563421790488064 ], [ 3753475.657634024042636, 2111857.175911820027977 ], [ 3753479.620337295345962, 2111855.306099150329828 ], [ 3753483.332692916039377, 2111853.459404131397605 ], [ 3753485.987172446679324, 2111853.213105299510062 ], [ 3753489.355412396602333, 2111855.404390023089945 ], [ 3753491.150653779506683, 2111857.240872140042484 ], [ 3753492.341063217259943, 2111858.632697124034166 ], [ 3753495.026055095717311, 2111862.389495532028377 ], [ 3753497.461239842697978, 2111866.169624645262957 ], [ 3753499.564230598974973, 2111870.481287520378828 ], [ 3753501.405944852158427, 2111874.316176787950099 ], [ 3753503.290284630842507, 2111878.648290663957596 ], [ 3753505.288432507775724, 2111882.469077014364302 ], [ 3753507.723556413315237, 2111886.248813243117183 ], [ 3753510.709140573628247, 2111889.477332206442952 ], [ 3753514.233372339513153, 2111891.654283605981618 ], [ 3753518.206907391548157, 2111894.289947655983269 ], [ 3753522.281573766842484, 2111895.914880698546767 ], [ 3753526.337198917753994, 2111898.042390319053084 ], [ 3753530.424010628368706, 2111900.167216588743031 ], [ 3753534.529869064223021, 2111901.788861472159624 ], [ 3753538.698739777319133, 2111903.4053371893242 ], [ 3753542.960932163055986, 2111905.012895664665848 ], [ 3753547.274240965489298, 2111906.115049168933183 ], [ 3753551.60704764071852, 2111906.714954539667815 ], [ 3753556.03352453187108, 2111907.305583792738616 ], [ 3753560.522213836666197, 2111907.890470094047487 ], [ 3753564.968469210900366, 2111907.97870506066829 ], [ 3753569.477035771589726, 2111908.061181009747088 ], [ 3753573.95405140100047, 2111908.146601583342999 ], [ 3753578.462633081246167, 2111908.22917636949569 ], [ 3753581.605461058206856, 2111907.436785835772753 ], [ 3753581.748124921694398, 2111907.413759449496865 ], [ 3753582.791861322708428, 2111907.244899745099247 ], [ 3753597.553803731221706, 2111904.857707196380943 ], [ 3753598.723413730040193, 2111904.668567058630288 ], [ 3753618.482109246775508, 2111901.473374628461897 ], [ 3753625.145403371192515, 2111900.395879007875919 ], [ 3753625.165051891468465, 2111900.39327016286552 ], [ 3753652.011395001783967, 2111898.876222508959472 ], [ 3753968.575665336567909, 2112053.297717085108161 ], [ 3754667.368893446400762, 2112706.270182191394269 ], [ 3755427.395436555612832, 2113092.021950304508209 ], [ 3755427.930827626492828, 2113098.218112415168434 ], [ 3755445.071068509481847, 2113101.628182409331203 ], [ 3755445.112809589598328, 2113101.762304034084082 ], [ 3755446.173666229471564, 2113106.419992291368544 ], [ 3755446.258453977294266, 2113106.792121212929487 ], [ 3755447.965607190970331, 2113114.286999843083322 ], [ 3755452.283858682028949, 2113120.907036614138633 ], [ 3755462.503513460513204, 2113129.61364417988807 ], [ 3755471.263819855637848, 2113135.882088422775269 ], [ 3755479.295614963863045, 2113140.945556982420385 ], [ 3755497.027798704337329, 2113147.763678405433893 ], [ 3755510.231247556395829, 2113153.690019315574318 ], [ 3755520.714273889549077, 2113157.274857206270099 ], [ 3755536.624496958218515, 2113156.630774370394647 ], [ 3755549.264726080000401, 2113154.977694657631218 ], [ 3755565.814561640843749, 2113154.274142525158823 ], [ 3755579.369886942673475, 2113156.342035453766584 ], [ 3755593.015894103329629, 2113159.693420698866248 ], [ 3755608.172575461678207, 2113166.079538125079125 ], [ 3755622.104015953838825, 2113173.210243809968233 ], [ 3755634.995843324810266, 2113183.581950228661299 ], [ 3755647.801162441261113, 2113192.719721442554146 ], [ 3755658.24178506154567, 2113204.5708530517295 ], [ 3755669.023407879285514, 2113220.847112105228007 ], [ 3755674.746123556047678, 2113229.269546370021999 ], [ 3755674.013979413546622, 2113245.191247989423573 ], [ 3755628.504087487235665, 2113375.299967962317169 ], [ 3755634.003702883608639, 2113386.507746483199298 ], [ 3755633.71353619499132, 2113407.43593596899882 ], [ 3755609.953766779974103, 2113460.835994670167565 ], [ 3755648.47913416242227, 2113534.719116752035916 ], [ 3755652.722435353789479, 2113546.193332354538143 ], [ 3755654.660843538120389, 2113568.667593073099852 ], [ 3755653.983679192140698, 2113575.300032041035593 ], [ 3755667.58306609839201, 2113607.659609332215041 ], [ 3755679.103532901965082, 2113634.012376366648823 ], [ 3755696.590942709706724, 2113671.979762205854058 ], [ 3755709.736789505463094, 2113694.406164183281362 ], [ 3755722.817754845134914, 2113707.324016795959324 ], [ 3755777.349874107167125, 2113728.306186254601926 ], [ 3755800.395726358052343, 2113737.866544304881245 ], [ 3755815.066870748065412, 2113755.093776480760425 ], [ 3755810.664477566257119, 2113842.442532625980675 ], [ 3755809.733863244764507, 2113872.994562649168074 ], [ 3755807.666277978569269, 2113905.544895902276039 ], [ 3755810.30544942477718, 2113932.641134795732796 ], [ 3755814.711284941527992, 2113957.680722233839333 ], [ 3755820.809606480412185, 2113971.156309489160776 ], [ 3755832.839920961298048, 2113978.433482523076236 ], [ 3755852.926466905977577, 2113982.529508043080568 ], [ 3755878.304268249310553, 2113980.476329047232866 ], [ 3755900.555749931372702, 2113979.304549316875637 ], [ 3755922.275114212650806, 2113979.443509275093675 ], [ 3755945.566059899050742, 2113975.030243901535869 ], [ 3755961.828229014296085, 2113970.527972060721368 ], [ 3755969.842615264933556, 2113966.105908311903477 ], [ 3755970.854604757390916, 2113965.547595494426787 ], [ 3755971.026593648362905, 2113966.109436279628426 ], [ 3755971.335838899947703, 2113967.943531370256096 ], [ 3755971.716792120598257, 2113969.790969675406814 ], [ 3755972.32955036778003, 2113970.355138576123863 ], [ 3755972.893210410606116, 2113970.583324681501836 ], [ 3755974.951593302190304, 2113971.6743418360129 ], [ 3755975.415028831921518, 2113972.492670375853777 ], [ 3755975.510931830853224, 2113972.904359953012317 ], [ 3755975.611225820146501, 2113974.417334616184235 ], [ 3755975.662143440917134, 2113977.226838687900454 ], [ 3755975.504307794384658, 2113979.484842580743134 ], [ 3755975.09672383684665, 2113981.415510430932045 ], [ 3755974.699865256436169, 2113981.953077594749629 ], [ 3755974.227288752794266, 2113982.197170964442194 ], [ 3755972.329504602123052, 2113983.434814291074872 ], [ 3755971.823360797949135, 2113984.222813514061272 ], [ 3755970.709049125667661, 2113986.369214283302426 ], [ 3755968.59923325991258, 2113990.170316838659346 ], [ 3755967.201491935644299, 2113992.533205797895789 ], [ 3755966.028079766780138, 2113993.994100627489388 ], [ 3755965.086460193153471, 2113995.573645984288305 ], [ 3755963.338663227856159, 2113998.199456310365349 ], [ 3755961.350379306357354, 2114000.957614921499044 ], [ 3755959.791578944772482, 2114002.854834819212556 ], [ 3755959.273602074943483, 2114003.273374327458441 ], [ 3755957.969201314263046, 2114004.616251605562866 ], [ 3755956.722037443425506, 2114006.274149293079972 ], [ 3755955.791591477114707, 2114007.982848416082561 ], [ 3755955.747974623925984, 2114008.878248303197324 ], [ 3755955.924318350385875, 2114010.804851352702826 ], [ 3755956.28345532156527, 2114012.28375801211223 ], [ 3755956.719512554816902, 2114013.134652222506702 ], [ 3755958.296328122727573, 2114015.882816175930202 ], [ 3755959.772207853849977, 2114018.279814356006682 ], [ 3755960.769896746613085, 2114019.569337611552328 ], [ 3755963.388249561656266, 2114022.83179461909458 ], [ 3755964.637385685462505, 2114024.11805690266192 ], [ 3755968.165758552029729, 2114027.887015048414469 ], [ 3755969.941771069075912, 2114030.025731478817761 ], [ 3755973.715635155327618, 2114034.422938783187419 ], [ 3755974.528516109567136, 2114035.088686820585281 ], [ 3755977.669631502591074, 2114037.52146434225142 ], [ 3755979.992385959252715, 2114039.108776409644634 ], [ 3755981.740619034506381, 2114040.108451843261719 ], [ 3755986.658236012794077, 2114042.81715096347034 ], [ 3755988.984933246858418, 2114043.983494395390153 ], [ 3755990.944196183700114, 2114044.743182912003249 ], [ 3755994.447328036185354, 2114046.000667072832584 ], [ 3755996.771184979937971, 2114046.666509319096804 ], [ 3755999.028780207969248, 2114047.148176205344498 ], [ 3756000.634731794707477, 2114047.407788499258459 ], [ 3756000.49004044663161, 2114047.677802694961429 ], [ 3755988.902318637818098, 2114069.299098270945251 ], [ 3755970.682626685127616, 2114090.46791363414377 ], [ 3755945.735330651514232, 2114107.092597648501396 ], [ 3755920.167685083579272, 2114123.765287409070879 ], [ 3755903.594734157435596, 2114132.72324577299878 ], [ 3755924.309716136194766, 2114136.751319558359683 ], [ 3756027.963769674766809, 2114148.691601330414414 ], [ 3756073.537456870079041, 2114160.880164597183466 ], [ 3756110.216806454584002, 2114164.88998269662261 ], [ 3756146.354591337963939, 2114170.211688610725105 ], [ 3756161.015638438053429, 2114178.556564045138657 ], [ 3756161.688069743104279, 2114196.28111308068037 ], [ 3756150.36232612747699, 2114224.50217619817704 ], [ 3756142.117331149056554, 2114268.351596198510379 ], [ 3756131.695446311496198, 2114317.440122379921377 ], [ 3756127.174857223406434, 2114368.615537800360471 ], [ 3756129.69206374604255, 2114402.703879446722567 ], [ 3756140.583580275066197, 2114429.124947593547404 ], [ 3756165.395647263154387, 2114462.668206714093685 ], [ 3756183.712699663359672, 2114485.956966039724648 ], [ 3756193.101607284508646, 2114509.322752216365188 ], [ 3756193.431915565859526, 2114539.77778980601579 ], [ 3756184.293265625834465, 2114571.632004257291555 ], [ 3756175.530606160406023, 2114582.499700106214732 ], [ 3756149.356552112847567, 2114599.849173550494015 ], [ 3756106.796608070842922, 2114619.800319718196988 ], [ 3756081.882684292271733, 2114628.169606355950236 ], [ 3756048.583245904650539, 2114635.31368572358042 ], [ 3756010.598810188937932, 2114639.647352697327733 ], [ 3755983.52076449431479, 2114653.285448265727609 ], [ 3755964.029969447292387, 2114674.541943642310798 ], [ 3755952.073377864435315, 2114702.801715319976211 ], [ 3755943.698139070067555, 2114727.624374937731773 ], [ 3755938.956309638451785, 2114758.480171720031649 ], [ 3755934.845432401634753, 2114789.297239706851542 ], [ 3755931.683247321750969, 2114815.579614867456257 ], [ 3755931.197622471489012, 2114838.208865442313254 ], [ 3755909.85202412866056, 2114822.431562076788396 ], [ 3755897.732611380517483, 2114813.890845648013055 ], [ 3755884.884181927889585, 2114804.135771359317005 ], [ 3755864.777105250395834, 2114791.158234281931072 ], [ 3755843.797723523341119, 2114775.076696699485183 ], [ 3755829.21499930229038, 2114759.11283921636641 ], [ 3755816.819628795608878, 2114746.782440816052258 ], [ 3755801.030565100256354, 2114740.424776607193053 ], [ 3755790.071525607723743, 2114747.670423585921526 ], [ 3755782.668554555624723, 2114759.703683404717594 ], [ 3755774.945424603298306, 2114776.204120611771941 ], [ 3755765.441869637928903, 2114803.00449604075402 ], [ 3755757.507048938423395, 2114825.222831103950739 ], [ 3755751.463648657780141, 2114838.422133013606071 ], [ 3755739.796469741966575, 2114853.335266532376409 ], [ 3755714.49433062504977, 2114868.53119262540713 ], [ 3755711.349845748394728, 2114868.512135262135416 ], [ 3755684.965358243323863, 2114869.056441871449351 ], [ 3755667.550474914722145, 2114872.574207689613104 ], [ 3755604.057236071210355, 2114904.06161489430815 ], [ 3755592.325424697715789, 2114907.954004338011146 ], [ 3755577.008985051419586, 2114910.225756799336523 ], [ 3755583.82531167473644, 2114919.298446297179908 ], [ 3755598.640835438389331, 2114938.425092209130526 ], [ 3755657.050357596948743, 2114977.504862828180194 ], [ 3755697.782979014795274, 2115010.402567725628614 ], [ 3755709.980323139112443, 2115011.324584837071598 ], [ 3755807.662579730618745, 2114942.715586049482226 ], [ 3755831.399360604584217, 2115004.660978458821774 ], [ 3755886.637318182736635, 2115087.190482478123158 ], [ 3755828.929891909472644, 2115126.783721091225743 ], [ 3755762.700075040571392, 2115059.755752911325544 ], [ 3755644.890059896744788, 2115123.902228751219809 ], [ 3755647.563718520570546, 2115125.587173694279045 ], [ 3755651.58384616067633, 2115136.691459814086556 ], [ 3755659.439416372217238, 2115148.121514057740569 ], [ 3755665.448954802937806, 2115160.333403807599097 ], [ 3755662.884990170132369, 2115168.793593117035925 ], [ 3755658.786184932570904, 2115182.463907713070512 ], [ 3755657.823474438861012, 2115195.24238971946761 ], [ 3755667.113595641218126, 2115217.345429562963545 ], [ 3755680.16085004247725, 2115238.509129757061601 ], [ 3755676.238697602413595, 2115245.823431491851807 ], [ 3755668.084924439433962, 2115247.751226921100169 ], [ 3755658.208210712764412, 2115252.36298637278378 ], [ 3755646.430600240826607, 2115257.121119774878025 ], [ 3755633.790145818144083, 2115258.773791281506419 ], [ 3755613.792926817201078, 2115255.94148672837764 ], [ 3755611.053600263316184, 2115244.738064267672598 ], [ 3755610.237859611399472, 2115225.123991772532463 ], [ 3755607.101435917429626, 2115199.976408343762159 ], [ 3755603.788275377359241, 2115172.311677508987486 ], [ 3755598.463094527367502, 2115160.677204173989594 ], [ 3755589.701214398723096, 2115154.389317976310849 ], [ 3755575.417602008208632, 2115151.117107330821455 ], [ 3755551.609450192190707, 2115148.598049926571548 ], [ 3755535.025815123692155, 2115148.673826734069735 ], [ 3755512.951763169374317, 2115152.363940266426653 ], [ 3755496.501216039061546, 2115154.330150983296335 ], [ 3755477.652711408678442, 2115158.391620018519461 ], [ 3755455.864991302601993, 2115165.870890907477587 ], [ 3755440.242676748894155, 2115170.314180160872638 ], [ 3755423.261993233114481, 2115182.484929447062314 ], [ 3755418.134014332201332, 2115199.405613696668297 ], [ 3755410.355509703513235, 2115206.386350883636624 ], [ 3755397.929979401640594, 2115212.626482123509049 ], [ 3755428.598047743551433, 2115289.29243746586144 ], [ 3755397.181148124858737, 2115304.595168888103217 ], [ 3755385.360280897002667, 2115308.73635140247643 ], [ 3755372.080704437568784, 2115310.448619726113975 ], [ 3755358.258504958357662, 2115313.463222385849804 ], [ 3755349.564222684595734, 2115316.713302278891206 ], [ 3755344.182728334330022, 2115321.588894537184387 ], [ 3755340.72431328240782, 2115335.210176979191601 ], [ 3755340.294806222431362, 2115341.909938503988087 ], [ 3755340.358187225181609, 2115356.18543083127588 ], [ 3755341.054399962071329, 2115365.655509632546455 ], [ 3755349.758993360213935, 2115388.443878203164786 ], [ 3755354.055520079098642, 2115403.33848445257172 ], [ 3755352.541920868679881, 2115417.430021643638611 ], [ 3755355.44800330279395, 2115422.278236608020961 ], [ 3755356.010269913822412, 2115429.847356067970395 ], [ 3755352.530178803484887, 2115434.577099025249481 ], [ 3755347.381420645397156, 2115442.616040432825685 ], [ 3755336.254856235347688, 2115456.207334006670862 ], [ 3755325.316936050541699, 2115472.334500419907272 ], [ 3755321.946520358324051, 2115487.209384177345783 ], [ 3755325.481002231128514, 2115509.14510836917907 ], [ 3755328.695592971984297, 2115526.673967834562063 ], [ 3755345.06117410492152, 2115612.458205858245492 ], [ 3755284.970102746970952, 2115670.882083110511303 ], [ 3755252.849275290966034, 2115689.114424255210906 ], [ 3755174.886059354059398, 2115686.210865734145045 ], [ 3755161.266847039572895, 2115689.236720526590943 ], [ 3755146.160448091104627, 2115709.236197074409574 ], [ 3755144.473497484344989, 2115776.314233331009746 ], [ 3755104.548181151039898, 2115790.253177215345204 ], [ 3755115.97067950014025, 2115814.301822409965098 ], [ 3755160.714592925272882, 2115846.1758569679223 ], [ 3755165.987524800002575, 2115864.325304798781872 ], [ 3755167.907538794446737, 2115873.040646029170603 ], [ 3755168.649553996976465, 2115883.1573296636343 ], [ 3755168.90311632771045, 2115895.20209122961387 ], [ 3755163.590921378694475, 2115910.918164751958102 ], [ 3755152.328884688671678, 2115930.410667623858899 ], [ 3755150.061930295079947, 2115945.233087795320898 ], [ 3755154.436404837295413, 2115958.808515450917184 ], [ 3755160.622570947743952, 2115978.555607772432268 ], [ 3755163.141364192590117, 2115992.924171327613294 ], [ 3755165.55308651085943, 2116006.050941774621606 ], [ 3755164.805841113906354, 2116011.978889056481421 ], [ 3755162.776958394795656, 2116018.93741647945717 ], [ 3755158.582390076480806, 2116028.931092460639775 ], [ 3755146.471628345549107, 2116051.657282680273056 ], [ 3755139.758276390843093, 2116055.4547094036825 ], [ 3755126.905295241158456, 2116054.754206393845379 ], [ 3755120.287999514956027, 2116052.192964445799589 ], [ 3755110.058446963783354, 2116044.889637070707977 ], [ 3755099.78387587890029, 2116036.949117676354945 ], [ 3755085.530090470332652, 2116027.48467538645491 ], [ 3755077.426043454091996, 2116022.518021511379629 ], [ 3755069.952378365211189, 2116017.502725132741034 ], [ 3755062.120874170213938, 2116015.695342425722629 ], [ 3755053.929911926854402, 2116017.07600326417014 ], [ 3755046.112098006065935, 2116022.898863039910793 ], [ 3755043.066144937183708, 2116032.074932830408216 ], [ 3755043.198467750102282, 2116040.966224816162139 ], [ 3755043.396094925235957, 2116058.083905882202089 ], [ 3755045.178245018702, 2116071.268781178630888 ], [ 3755050.539327193517238, 2116081.568206345662475 ], [ 3755059.468706227838993, 2116095.983024409972131 ], [ 3755066.846315152943134, 2116107.356896881014109 ], [ 3755072.629984491039068, 2116115.082872770261019 ], [ 3755077.728976388461888, 2116122.231482109054923 ], [ 3755082.787360605783761, 2116136.374562666751444 ], [ 3755085.803681853692979, 2116144.367338221520185 ], [ 3755088.754556763917208, 2116153.587844778783619 ], [ 3755090.786848975345492, 2116162.313242862001061 ], [ 3755093.772316822782159, 2116174.735470588319004 ], [ 3755097.190822393167764, 2116184.583747626282275 ], [ 3755100.380234576761723, 2116191.89942631078884 ], [ 3755109.060089314356446, 2116196.181895552203059 ], [ 3755119.688687235116959, 2116193.283426178619266 ], [ 3755132.488703506067395, 2116193.367639274336398 ], [ 3755152.175791835412383, 2116199.14321299828589 ], [ 3755164.685480706393719, 2116210.69218166731298 ], [ 3755170.002632586751133, 2116220.364400143735111 ], [ 3755171.121506891213357, 2116225.979471398517489 ], [ 3755172.382214462384582, 2116240.474616353400052 ], [ 3755169.402982532978058, 2116257.897092144470662 ], [ 3755160.728671055752784, 2116275.857565940823406 ], [ 3755155.719961425289512, 2116284.584700626786798 ], [ 3755150.830085971392691, 2116294.572855531238019 ], [ 3755146.623669544700533, 2116305.128711905796081 ], [ 3755145.009741171263158, 2116316.074614726938307 ], [ 3755147.517060939688236, 2116322.833045301493257 ], [ 3755151.772402640432119, 2116335.147438816260546 ], [ 3755160.387961810920388, 2116353.397265024948865 ], [ 3755166.206415381282568, 2116376.353345551528037 ], [ 3755169.280816364102066, 2116397.039905529469252 ], [ 3755177.727804548107088, 2116435.636279408354312 ], [ 3755181.159013072028756, 2116453.105223391205072 ], [ 3755182.822183098644018, 2116465.029431281145662 ], [ 3755185.078789837192744, 2116476.23748318431899 ], [ 3755187.000323854386806, 2116483.680820266716182 ], [ 3755191.896229561883956, 2116495.946016762405634 ], [ 3755192.579823095351458, 2116496.513289521913975 ], [ 3755212.423014683183283, 2116518.80963817704469 ], [ 3755221.156252838671207, 2116523.708378923125565 ], [ 3755237.101819626521319, 2116530.48151341592893 ], [ 3755258.00357311218977, 2116535.513250497635454 ], [ 3755276.204777218401432, 2116538.89287621807307 ], [ 3755294.266847991850227, 2116548.013621759600937 ], [ 3755301.209932444617152, 2116554.350631053559482 ], [ 3755313.883359178900719, 2116567.797304514795542 ], [ 3755323.169652313925326, 2116578.994069107342511 ], [ 3755329.605663388501853, 2116594.281266368925571 ], [ 3755334.826036259531975, 2116610.302227495703846 ], [ 3755339.254283199086785, 2116624.503684384282678 ], [ 3755341.937916058115661, 2116640.779914472717792 ], [ 3755339.934688107576221, 2116672.784154497087002 ], [ 3755376.221959661692381, 2116662.798177231568843 ], [ 3755410.672526570037007, 2116657.208960932213813 ], [ 3755453.876700049266219, 2116648.123966034501791 ], [ 3755478.682978095021099, 2116646.453772273380309 ], [ 3755539.760826050303876, 2116642.671310999430716 ], [ 3755559.267561203800142, 2116661.18292184220627 ], [ 3755565.10446570860222, 2116669.52529607154429 ], [ 3755572.764692685566843, 2116684.057972312904894 ], [ 3755576.349515466485173, 2116703.425233783200383 ], [ 3755579.151219799183309, 2116720.952393361367285 ], [ 3755582.13598741684109, 2116733.364949628710747 ], [ 3755582.758285867515951, 2116747.929472710937262 ], [ 3755581.796571705024689, 2116766.436593108810484 ], [ 3755575.088785831816494, 2116792.477587631903589 ], [ 3755573.538695354945958, 2116848.526766085065901 ], [ 3755571.635241991840303, 2116870.947068920359015 ], [ 3755569.251561985351145, 2116887.683277268894017 ], [ 3755567.935248907655478, 2116901.23464563023299 ], [ 3755566.200154719408602, 2116919.093778090551496 ], [ 3755567.618211990222335, 2116957.711363114416599 ], [ 3755570.088922709226608, 2116993.697345702908933 ], [ 3755565.148175057023764, 2117025.272972820326686 ], [ 3755562.574033966287971, 2117054.746494761202484 ], [ 3755558.6216014563106, 2117083.065759169403464 ], [ 3755557.774339543655515, 2117125.07853776961565 ], [ 3755551.348113318905234, 2117154.268046762794256 ], [ 3755547.100793418008834, 2117171.818028204608709 ], [ 3755538.548242920543998, 2117198.661268999800086 ], [ 3755530.027159739285707, 2117218.510804783552885 ], [ 3755525.735671597067267, 2117235.43404848407954 ], [ 3755522.019061400089413, 2117251.662896670401096 ], [ 3755520.591951338108629, 2117272.126308605074883 ], [ 3755516.639320069923997, 2117300.446019406430423 ], [ 3755516.648903213907033, 2117344.91292860917747 ], [ 3755517.011092423461378, 2117363.938415900804102 ], [ 3755514.562569094356149, 2117380.039800780825317 ], [ 3755514.459375230595469, 2117401.021549577824771 ], [ 3755514.278221959248185, 2117413.747602095361799 ], [ 3755549.254831193946302, 2117396.51182044390589 ], [ 3755583.245803900063038, 2117390.154022840783 ], [ 3755616.217417728621513, 2117379.453997723758221 ], [ 3755647.61739547085017, 2117372.71565510565415 ], [ 3755680.7321314541623, 2117370.916135217063129 ], [ 3755710.083677801303566, 2117370.086519424803555 ], [ 3755754.14133679587394, 2117369.144589317496866 ], [ 3755786.769104955717921, 2117369.283055445179343 ], [ 3755828.507338130380958, 2117371.110651798546314 ], [ 3755859.182404111139476, 2117370.798872275277972 ], [ 3755895.432571569923311, 2117375.679209751542658 ], [ 3755930.596854128409177, 2117375.562710088212043 ], [ 3755959.115255677141249, 2117379.908255725633353 ], [ 3755995.378246509470046, 2117392.409061252139509 ], [ 3756002.158589589875191, 2117396.858123569749296 ], [ 3756051.961196314543486, 2117420.121587838511914 ], [ 3756052.328315840568393, 2117419.356269388925284 ], [ 3756052.59139183582738, 2117366.721516595222056 ], [ 3756057.844378656707704, 2117315.997907088138163 ], [ 3756100.861298803705722, 2117256.994087242987007 ], [ 3756113.609871908091009, 2117181.658675858285278 ], [ 3756108.221228754147887, 2117120.604873135685921 ], [ 3756108.773557483684272, 2117098.990561933256686 ], [ 3756119.148891549557447, 2117082.064030573703349 ], [ 3756143.859671775717288, 2117072.981896318495274 ], [ 3756153.49684551358223, 2117058.357156537938863 ], [ 3756157.284739008639008, 2117042.372029307764024 ], [ 3756152.433432870544493, 2117019.767055386677384 ], [ 3756121.427232793532312, 2116951.564296623226255 ], [ 3756113.543137677945197, 2116927.317456058226526 ], [ 3756110.036711456719786, 2116904.943560949526727 ], [ 3756109.24049714859575, 2116899.864323846064508 ], [ 3756109.760880700312555, 2116883.480976682156324 ], [ 3756115.06804722873494, 2116833.032816409133375 ], [ 3756153.208581804297864, 2116663.683348237536848 ], [ 3756140.901315080933273, 2116611.403588259126991 ], [ 3756141.591565196402371, 2116589.746935482136905 ], [ 3756142.874198800884187, 2116552.781572963111103 ], [ 3756145.55837367195636, 2116524.580465824343264 ], [ 3756143.437609119340777, 2116499.99967339169234 ], [ 3756139.896621875464916, 2116481.258699690923095 ], [ 3756130.683725330047309, 2116456.084051330573857 ], [ 3756113.964558194391429, 2116432.866724916733801 ], [ 3756098.495412957388908, 2116424.146013489924371 ], [ 3756074.533398615196347, 2116420.659609233494848 ], [ 3756057.069757717195898, 2116418.47329555824399 ], [ 3756041.750978272873908, 2116404.020288518164307 ], [ 3756030.488406775519252, 2116384.743793078698218 ], [ 3756020.549020132981241, 2116365.975670350715518 ], [ 3756011.24908831436187, 2116347.148366393055767 ], [ 3756000.226216100156307, 2116338.005189839750528 ], [ 3755988.998574734665453, 2116333.958762375172228 ], [ 3755978.737411970738322, 2116333.648533554747701 ], [ 3755969.32335259206593, 2116335.79335431009531 ], [ 3755964.84510075673461, 2116343.199431317858398 ], [ 3755961.085242158733308, 2116358.811369233764708 ], [ 3755957.63996192580089, 2116378.189821371808648 ], [ 3755948.543809165246785, 2116398.733456959947944 ], [ 3755939.781693196389824, 2116408.439506141468883 ], [ 3755916.485771280713379, 2116420.144857882987708 ], [ 3755905.770997928921133, 2116429.400705926120281 ], [ 3755897.811597211286426, 2116440.935612495057285 ], [ 3755884.377222070470452, 2116463.153378 ], [ 3755877.438629764597863, 2116479.049902588129044 ], [ 3755869.479691765271127, 2116490.594723360612988 ], [ 3755857.658188897650689, 2116501.84657855797559 ], [ 3755840.676506607793272, 2116519.956557953730226 ], [ 3755809.235342224128544, 2116533.689286206848919 ], [ 3755797.814432948827744, 2116534.758646143600345 ], [ 3755783.060927857644856, 2116534.213823711033911 ], [ 3755766.834999150130898, 2116538.903863037005067 ], [ 3755749.86113257938996, 2116542.390896394848824 ], [ 3755732.724997237324715, 2116544.000721911899745 ], [ 3755711.204257405363023, 2116546.627550900913775 ], [ 3755689.414627945050597, 2116546.134502480737865 ], [ 3755668.425088392570615, 2116547.450495417229831 ], [ 3755653.826550310011953, 2116548.814421453047544 ], [ 3755637.903830229304731, 2116549.660483873449266 ], [ 3755623.61710591102019, 2116547.170023981481791 ], [ 3755613.030532176606357, 2116543.084050382487476 ], [ 3755603.028903406113386, 2116538.303251694887877 ], [ 3755595.391331407241523, 2116531.390076388604939 ], [ 3755595.639989512972534, 2116526.9202845338732 ], [ 3755594.95582686457783, 2116526.342331585474312 ], [ 3755594.661098321899772, 2116515.573469835333526 ], [ 3755595.002009293064475, 2116506.328032162040472 ], [ 3755599.809421685524285, 2116497.489102107472718 ], [ 3755617.649766562972218, 2116485.478392472490668 ], [ 3755628.364411522634327, 2116476.222253872081637 ], [ 3755654.66518588969484, 2116462.335405613295734 ], [ 3755719.486937728244811, 2116472.176979833748192 ], [ 3755737.947286879178137, 2116471.085842588916421 ], [ 3755755.986396499443799, 2116472.587451566476375 ], [ 3755773.697894959710538, 2116470.293965743854642 ], [ 3755788.340906356461346, 2116469.556796833872795 ], [ 3755798.385608994401991, 2116467.363034227862954 ], [ 3755813.1792136952281, 2116460.903375774621964 ], [ 3755823.67612784402445, 2116449.123241675551981 ], [ 3755833.488895430695266, 2116436.765863604843616 ], [ 3755840.862943617627025, 2116425.916761748492718 ], [ 3755849.570136114954948, 2116415.574305551126599 ], [ 3755858.53964957781136, 2116408.392974434420466 ], [ 3755859.428435388486832, 2116403.863715677522123 ], [ 3755854.546251384541392, 2116399.228777476586401 ], [ 3755841.311607939191163, 2116394.106665983330458 ], [ 3755820.137513774912804, 2116385.925025220029056 ], [ 3755805.633799158036709, 2116380.92068084795028 ], [ 3755767.76065850770101, 2116364.933542558923364 ], [ 3755762.702052768319845, 2116368.297057275660336 ], [ 3755732.966294801793993, 2116386.618660678621382 ], [ 3755713.849865915253758, 2116388.391762943938375 ], [ 3755682.279872130602598, 2116385.340999795123935 ], [ 3755650.596455514431, 2116381.088561912067235 ], [ 3755623.013945950660855, 2116382.455246775411069 ], [ 3755609.934461227618158, 2116370.488331823609769 ], [ 3755598.537476342637092, 2116350.002649790607393 ], [ 3755576.888740367256105, 2116336.437200248241425 ], [ 3755580.970490533858538, 2116305.291656890884042 ], [ 3755574.15474709123373, 2116285.602687982842326 ], [ 3755566.91661689337343, 2116268.487016759347171 ], [ 3755558.613629263825715, 2116246.392623621970415 ], [ 3755551.883352036587894, 2116220.336279137991369 ], [ 3755552.408920647576451, 2116196.771890106145293 ], [ 3755550.91816277988255, 2116172.142486052587628 ], [ 3755549.396601222455502, 2116154.506708635948598 ], [ 3755552.09264374896884, 2116133.915702132508159 ], [ 3755558.034097076393664, 2116121.286310220137239 ], [ 3755561.969133083242923, 2116107.591184973716736 ], [ 3755567.444989077746868, 2116096.917745309881866 ], [ 3755578.213773159310222, 2116088.28733117505908 ], [ 3755584.270578521303833, 2116083.769470816943794 ], [ 3755596.208559304475784, 2116078.535950860474259 ], [ 3755614.722543419804424, 2116053.78389448300004 ], [ 3755673.051480442751199, 2116029.344780047889799 ], [ 3755699.488662817515433, 2116008.865590355359018 ], [ 3755735.816456600558013, 2115945.405233331955969 ], [ 3755754.673204937949777, 2115924.627581550739706 ], [ 3755783.323436911217868, 2115906.446616252884269 ], [ 3755843.495359899941832, 2115903.369573288597167 ], [ 3755872.40284359594807, 2115888.169801465235651 ], [ 3755889.061553979758173, 2115871.101243483833969 ], [ 3755928.374767707660794, 2115836.408438108395785 ], [ 3755982.790348081849515, 2115811.672017592936754 ], [ 3756021.112709071487188, 2115810.331111310049891 ], [ 3756042.546360061038285, 2115806.691005492582917 ], [ 3756111.889657414983958, 2115790.59528539981693 ], [ 3756125.505940187722445, 2115748.070121078751981 ], [ 3756136.000839791726321, 2115690.841697833500803 ], [ 3756143.816470079589635, 2115642.374464486725628 ], [ 3756125.735479936003685, 2115611.662580678239465 ], [ 3756099.451678038109094, 2115585.116211255080998 ], [ 3756078.607761783991009, 2115581.931439141742885 ], [ 3756068.391420875210315, 2115542.087306194473058 ], [ 3756076.402431085705757, 2115512.230315339751542 ], [ 3756082.408973969519138, 2115500.355950350873172 ], [ 3756086.557067305780947, 2115494.262907085940242 ], [ 3756091.835106251761317, 2115484.218912318348885 ], [ 3756101.369314487092197, 2115466.880135887302458 ], [ 3756124.730543429963291, 2115439.114543837495148 ], [ 3756127.976383147761226, 2115429.4496257789433 ], [ 3756130.30349023733288, 2115418.477645340375602 ], [ 3756130.097514118999243, 2115394.720755347050726 ], [ 3756124.770878763869405, 2115383.537097604013979 ], [ 3756119.408732837531716, 2115377.424347899388522 ], [ 3756078.113387135788798, 2115346.521534645929933 ], [ 3756071.707578556612134, 2115336.139064723625779 ], [ 3756071.70841436740011, 2115324.822034366428852 ], [ 3756075.608901502564549, 2115317.489388704765588 ], [ 3756115.955164428334683, 2115273.517435325309634 ], [ 3756132.070743904914707, 2115268.367251213639975 ], [ 3756143.942936168983579, 2115261.317054036073387 ], [ 3756152.713209987618029, 2115251.820854296907783 ], [ 3756158.691199872177094, 2115237.976655527018011 ], [ 3756163.293595714960247, 2115225.241064500529319 ], [ 3756163.860350772272795, 2115210.556379288434982 ], [ 3756160.723153756465763, 2115204.087124977726489 ], [ 3756155.469656728208065, 2115198.535199391655624 ], [ 3756110.222251705825329, 2115164.323096880223602 ], [ 3756102.586858274880797, 2115157.199590441770852 ], [ 3756100.004158123396337, 2115152.48185373749584 ], [ 3756099.086854432243854, 2115143.132431350182742 ], [ 3756101.929669449105859, 2115132.18267584964633 ], [ 3756118.61196480691433, 2115112.347861938178539 ], [ 3756129.861440213397145, 2115102.401162517257035 ], [ 3756133.935856556985527, 2115098.137964065186679 ], [ 3756134.305422995239496, 2115092.144505985081196 ], [ 3756132.840520694851875, 2115085.440038358792663 ], [ 3756119.695860067848116, 2115061.040355914272368 ], [ 3756107.503090224694461, 2115047.559022592380643 ], [ 3756104.695365509949625, 2115040.348062430508435 ], [ 3756104.265274235978723, 2115031.394376402255148 ], [ 3756103.589669045992196, 2115002.192936209961772 ], [ 3756100.666511634830385, 2114989.674719322007149 ], [ 3756122.587746855802834, 2114963.315026147291064 ], [ 3756133.073349748272449, 2114949.763901071622968 ], [ 3756140.531412709504366, 2114938.366127602756023 ], [ 3756148.8407426122576, 2114921.19072654703632 ], [ 3756158.55292385071516, 2114905.798165051266551 ], [ 3756166.332446301355958, 2114898.827775350771844 ], [ 3756170.309551740065217, 2114892.149267089553177 ], [ 3756184.459272440057248, 2114872.118154504802078 ], [ 3756184.487216009758413, 2114872.114189059473574 ], [ 3756185.471457140054554, 2114871.974986124783754 ], [ 3756188.254716167226434, 2114871.776979798451066 ], [ 3756190.711891753599048, 2114871.469501925632358 ], [ 3756190.717058317735791, 2114871.468858414329588 ], [ 3756191.343928271438926, 2114871.390309989452362 ], [ 3756196.858766061719507, 2114870.628532528411597 ], [ 3756199.917776570655406, 2114870.05189123051241 ], [ 3756200.099885634146631, 2114870.017581227235496 ], [ 3756202.632125987671316, 2114869.712628460489213 ], [ 3756209.635813598521054, 2114868.812796020880342 ], [ 3756216.016705115325749, 2114868.019237415865064 ], [ 3756216.920983405783772, 2114867.906803169287741 ], [ 3756220.548695846926421, 2114867.34005789924413 ], [ 3756224.533355652820319, 2114866.590002804994583 ], [ 3756228.140532674733549, 2114865.784790038131177 ], [ 3756235.349735744297504, 2114864.114801558665931 ], [ 3756239.833234744612128, 2114862.957887845113873 ], [ 3756242.738818387500942, 2114862.077527636662126 ], [ 3756245.610780813731253, 2114861.040072253905237 ], [ 3756247.918873269576579, 2114860.00471793487668 ], [ 3756254.471347991842777, 2114857.143794408999383 ], [ 3756256.442283935844898, 2114856.520373223815113 ], [ 3756258.065252913162112, 2114856.194873867090791 ], [ 3756258.392942753154784, 2114856.129106636159122 ], [ 3756260.199893717654049, 2114855.941551608964801 ], [ 3756260.947101764846593, 2114855.962326070293784 ], [ 3756261.60727312322706, 2114856.141502542421222 ], [ 3756262.189752027392387, 2114856.588297635316849 ], [ 3756262.445320487953722, 2114857.21550417970866 ], [ 3756262.356591315940022, 2114857.70450396835804 ], [ 3756261.902840764727443, 2114858.167215579655021 ], [ 3756261.284170831087977, 2114858.58511290512979 ], [ 3756259.38783154450357, 2114860.072929739952087 ], [ 3756257.70875060884282, 2114861.160064371302724 ], [ 3756255.387913713231683, 2114862.747299099341035 ], [ 3756254.812865058891475, 2114863.321462141815573 ], [ 3756254.101992272771895, 2114863.83809965942055 ], [ 3756251.025079394690692, 2114865.886038425378501 ], [ 3756250.237858755979687, 2114866.219444814603776 ], [ 3756248.926820744294673, 2114866.551322137471288 ], [ 3756247.862741200253367, 2114866.680222330614924 ], [ 3756247.162300138734281, 2114866.765062177553773 ], [ 3756246.006369610317051, 2114866.917942581698298 ], [ 3756240.06124553270638, 2114867.703967212699354 ], [ 3756240.045325581450015, 2114867.705161049030721 ], [ 3756237.519630681723356, 2114867.899505088105798 ], [ 3756235.299775468185544, 2114867.855067406781018 ], [ 3756232.091354939620942, 2114867.912180973682553 ], [ 3756230.935300291050225, 2114868.064276602119207 ], [ 3756230.029659208375961, 2114868.183477486018091 ], [ 3756228.370055490173399, 2114868.677964880131185 ], [ 3756227.13205077778548, 2114869.273453022819012 ], [ 3756226.862001936882734, 2114869.879390564747155 ], [ 3756226.898571046069264, 2114870.536972771398723 ], [ 3756227.081573713105172, 2114871.140909662470222 ], [ 3756227.639776040799916, 2114871.539825791958719 ], [ 3756228.299089184962213, 2114871.709074513986707 ], [ 3756229.881899048574269, 2114871.842683980707079 ], [ 3756231.85085032414645, 2114871.780255942605436 ], [ 3756236.933428236283362, 2114871.729574293363839 ], [ 3756239.025351244024932, 2114871.926214823033661 ], [ 3756240.798745720181614, 2114872.282566527836025 ], [ 3756241.671599845401943, 2114872.592174669727683 ], [ 3756242.962674647569656, 2114873.313723140396178 ], [ 3756243.577682916540653, 2114873.787516067735851 ], [ 3756243.974866905249655, 2114874.421667515300214 ], [ 3756244.093436139635742, 2114874.861365536227822 ], [ 3756244.23886370845139, 2114876.430294440127909 ], [ 3756244.25176820717752, 2114878.682442743331194 ], [ 3756244.030596455559134, 2114880.555763681419194 ], [ 3756244.118051907978952, 2114882.270187208428979 ], [ 3756244.455350258853287, 2114883.961574970278889 ], [ 3756244.738629970699549, 2114884.676369686145335 ], [ 3756245.625822887290269, 2114886.436905449721962 ], [ 3756246.573741564992815, 2114887.851249837316573 ], [ 3756247.165137912146747, 2114888.517471872270107 ], [ 3756248.564271606504917, 2114889.78987283911556 ], [ 3756251.641679781954736, 2114892.418901504948735 ], [ 3756253.099653451703489, 2114893.906089656054974 ], [ 3756253.422554564196616, 2114894.497116549871862 ], [ 3756253.551868235692382, 2114894.945830032229424 ], [ 3756253.606163872871548, 2114895.691928127780557 ], [ 3756253.524010621476918, 2114896.490743529051542 ], [ 3756253.686752127949148, 2114897.326933051459491 ], [ 3756254.385735915973783, 2114898.073319153860211 ], [ 3756255.518442107830197, 2114898.709415940567851 ], [ 3756255.619049645960331, 2114898.713300813920796 ], [ 3756256.508843370247632, 2114898.747807473875582 ], [ 3756258.303310650866479, 2114897.479712696745992 ], [ 3756258.615749240852892, 2114897.362274952698499 ], [ 3756258.869174124207348, 2114897.266971400473267 ], [ 3756259.526203939691186, 2114897.176041468046606 ], [ 3756260.239399572368711, 2114897.270132920704782 ], [ 3756260.697324896231294, 2114897.55819112341851 ], [ 3756261.082281609065831, 2114898.283642488531768 ], [ 3756261.13944490486756, 2114898.829125730320811 ], [ 3756261.044405756052583, 2114900.530503234826028 ], [ 3756261.081354551948607, 2114902.710360039025545 ], [ 3756261.306969925761223, 2114903.340350625570863 ], [ 3756261.696427996270359, 2114903.885156121104956 ], [ 3756262.237236560788006, 2114904.315710134338588 ], [ 3756262.76429418893531, 2114904.58732890104875 ], [ 3756263.538702439051121, 2114904.806015643291175 ], [ 3756265.257434553466737, 2114904.997134565375745 ], [ 3756267.588132096454501, 2114905.391924194525927 ], [ 3756268.358466233126819, 2114905.681046341080219 ], [ 3756269.015754493419081, 2114906.060739059001207 ], [ 3756269.609061262570322, 2114906.516435079742223 ], [ 3756270.071959419175982, 2114907.094535899348557 ], [ 3756270.261513084638864, 2114907.657835332211107 ], [ 3756270.320199959911406, 2114908.453553751576692 ], [ 3756270.29021262563765, 2114909.157357074320316 ], [ 3756270.115816499572247, 2114909.704361732117832 ], [ 3756269.752592780161649, 2114910.399029787629843 ], [ 3756268.90015272051096, 2114912.310843739658594 ], [ 3756269.081438818480819, 2114912.894925816915929 ], [ 3756271.45570153882727, 2114916.129937972407788 ], [ 3756271.466625325847417, 2114916.840038677677512 ], [ 3756271.233414136338979, 2114917.522708744741976 ], [ 3756270.892168776132166, 2114918.004978782497346 ], [ 3756270.17964524589479, 2114919.202765459660441 ], [ 3756270.654770968016237, 2114919.689566242974252 ], [ 3756271.210690058767796, 2114919.828303561080247 ], [ 3756271.785387269221246, 2114919.835103628225625 ], [ 3756274.511237505823374, 2114920.022918193601072 ], [ 3756275.223048618528992, 2114920.217308890074492 ], [ 3756275.737546260468662, 2114920.460073668975383 ], [ 3756277.95172143029049, 2114921.425123974680901 ], [ 3756278.333286920562387, 2114921.591466465033591 ], [ 3756278.913427035324275, 2114921.427433766424656 ], [ 3756279.431376486551017, 2114921.008790358901024 ], [ 3756279.850448860786855, 2114920.379087908193469 ], [ 3756281.061534492298961, 2114919.00493630208075 ], [ 3756281.349568396806717, 2114918.90810106229037 ], [ 3756281.678277772385627, 2114918.797466294839978 ], [ 3756282.368596160784364, 2114918.743477865122259 ], [ 3756283.24004076840356, 2114918.802932724356651 ], [ 3756284.13769754441455, 2114919.050192920025438 ], [ 3756284.62739223241806, 2114919.355305613949895 ], [ 3756285.129880663007498, 2114919.809442354366183 ], [ 3756285.797598700970411, 2114920.282770621590316 ], [ 3756286.041854709852487, 2114920.455961772240698 ], [ 3756286.634570263326168, 2114920.32088128477335 ], [ 3756287.10368911549449, 2114920.036975350230932 ], [ 3756287.644724522717297, 2114919.536129583138973 ], [ 3756288.070664647966623, 2114918.985845824703574 ], [ 3756289.572156960144639, 2114917.200762009713799 ], [ 3756289.59637704398483, 2114917.171934205573052 ], [ 3756290.226554227527231, 2114917.00334375584498 ], [ 3756290.906346566043794, 2114917.060411906801164 ], [ 3756291.621606917586178, 2114917.294610187411308 ], [ 3756292.148648920934647, 2114917.566130880266428 ], [ 3756292.679472812917084, 2114917.997612892650068 ], [ 3756293.068930855486542, 2114918.542418313212693 ], [ 3756293.256767628248781, 2114919.085863009095192 ], [ 3756294.6317771198228, 2114922.764058982022107 ], [ 3756294.986973670311272, 2114923.261913636699319 ], [ 3756295.507188333664089, 2114923.804566363804042 ], [ 3756296.109636641573161, 2114924.249505212530494 ], [ 3756296.863201557658613, 2114924.460022605024278 ], [ 3756296.961343671195209, 2114924.460484936833382 ], [ 3756297.377132763620466, 2114924.462463492527604 ], [ 3756298.070651119574904, 2114924.328014402650297 ], [ 3756298.805175084620714, 2114923.96949833072722 ], [ 3756299.160931021906435, 2114923.656107253395021 ], [ 3756301.318101895973086, 2114921.959520029835403 ], [ 3756301.528628820087761, 2114921.794012246187776 ], [ 3756302.160756617318839, 2114921.765446584671736 ], [ 3756303.463898592628539, 2114921.92505650781095 ], [ 3756304.1234295447357, 2114922.214377351105213 ], [ 3756304.699025414418429, 2114922.581655555404723 ], [ 3756307.159449099563062, 2114924.246414164081216 ], [ 3756307.7625469006598, 2114924.93156269332394 ], [ 3756310.12245127838105, 2114927.416764752473682 ], [ 3756312.127700590994209, 2114929.29398372862488 ], [ 3756312.801856457255781, 2114929.752265180461109 ], [ 3756313.533968976698816, 2114930.064954058267176 ], [ 3756313.86398964188993, 2114930.154452123213559 ], [ 3756314.819466382265091, 2114930.273861419409513 ], [ 3756315.014688836876303, 2114930.298216114751995 ], [ 3756315.742453085724264, 2114930.210619814693928 ], [ 3756316.268279060721397, 2114930.001607023179531 ], [ 3756317.013510873075575, 2114929.531904350966215 ], [ 3756318.34335889108479, 2114928.367071374319494 ], [ 3756319.244401913601905, 2114927.251921284478158 ], [ 3756321.093713160604239, 2114925.208406602032483 ], [ 3756321.331961065530777, 2114924.945139031391591 ], [ 3756321.915024391841143, 2114924.931140796281397 ], [ 3756322.44518307549879, 2114925.122315117157996 ], [ 3756322.807554889936, 2114925.469289792701602 ], [ 3756323.050912025384605, 2114926.187894146889448 ], [ 3756323.509150145109743, 2114932.434867618605494 ], [ 3756323.426997386850417, 2114933.23368232883513 ], [ 3756323.107519210781902, 2114934.435051370412111 ], [ 3756322.708139620255679, 2114935.293391996528953 ], [ 3756322.234212210401893, 2114935.988241809420288 ], [ 3756321.689217342995107, 2114936.559604494832456 ], [ 3756318.759098764974624, 2114939.725718531757593 ], [ 3756318.414226531516761, 2114940.398659352213144 ], [ 3756316.971673021558672, 2114942.825786622241139 ], [ 3756316.493727738503367, 2114943.941720649600029 ], [ 3756316.675014033913612, 2114944.525802498683333 ], [ 3756317.162465831730515, 2114944.921287145465612 ], [ 3756317.33971137739718, 2114944.940225288271904 ], [ 3756317.863959511276335, 2114944.996452094521374 ], [ 3756318.51979769859463, 2114944.775441189296544 ], [ 3756319.395687067881227, 2114944.303601814899594 ], [ 3756323.71836307970807, 2114942.100073109380901 ], [ 3756324.692187817301601, 2114941.829479869455099 ], [ 3756326.622931428719312, 2114941.446201146114618 ], [ 3756327.059172270819545, 2114941.359562054742128 ], [ 3756329.076868379954249, 2114941.162512315437198 ], [ 3756331.943154806271195, 2114940.781392566394061 ], [ 3756333.060355951543897, 2114940.632832090370357 ], [ 3756340.390652123373002, 2114939.081779302097857 ], [ 3756341.194932589307427, 2114938.596581785008311 ], [ 3756341.558623387478292, 2114938.142254625447094 ], [ 3756341.758212948683649, 2114937.302490123547614 ], [ 3756341.69512340426445, 2114936.687401897273958 ], [ 3756341.394523446913809, 2114932.619174187071621 ], [ 3756341.378985869232565, 2114929.986597915645689 ], [ 3756341.653860754799098, 2114928.268600599374622 ], [ 3756341.88225356163457, 2114927.646521455608308 ], [ 3756342.752403696998954, 2114925.823128150776029 ], [ 3756343.216564965434372, 2114925.249278681352735 ], [ 3756343.814172418788075, 2114924.703140570782125 ], [ 3756344.429739878512919, 2114924.365688402205706 ], [ 3756344.769351676106453, 2114924.288810177240521 ], [ 3756345.328740186057985, 2114924.162099746055901 ], [ 3756346.26157480571419, 2114924.115672218613327 ], [ 3756346.971335950307548, 2114924.170055117458105 ], [ 3756347.724042004905641, 2114924.370645705610514 ], [ 3756348.126019419636577, 2114924.593754672445357 ], [ 3756348.687987649347633, 2114925.152533979155123 ], [ 3756348.862698038574308, 2114925.426800669170916 ], [ 3756349.15200253110379, 2114926.211184083949775 ], [ 3756349.234827265609056, 2114926.704246280714869 ], [ 3756349.303656004369259, 2114928.670889056287706 ], [ 3756349.197021559812129, 2114931.404890621546656 ], [ 3756349.304487619549036, 2114933.468006467912346 ], [ 3756349.552995537407696, 2114934.246174502186477 ], [ 3756349.90360742341727, 2114934.924788998439908 ], [ 3756350.472692766226828, 2114935.683254843577743 ], [ 3756350.957454632036388, 2114936.04887568205595 ], [ 3756351.60194868594408, 2114936.279544725082815 ], [ 3756352.154417960438877, 2114936.378475154750049 ], [ 3756354.264689302071929, 2114936.55339080421254 ], [ 3756356.034607474692166, 2114936.519484320655465 ], [ 3756359.218413840048015, 2114936.294341805856675 ], [ 3756362.546644315589219, 2114936.226096291095018 ], [ 3756364.790247339289635, 2114936.428641675505787 ], [ 3756365.847229158505797, 2114936.771265335381031 ], [ 3756370.068176004104316, 2114938.993822290562093 ], [ 3756371.10463782818988, 2114939.098076356109232 ], [ 3756372.372357941232622, 2114939.025680799037218 ], [ 3756372.788540223613381, 2114939.001922868192196 ], [ 3756374.613605531398207, 2114938.672472665086389 ], [ 3756376.515405563637614, 2114938.065493129659444 ], [ 3756377.868170315865427, 2114937.399292282294482 ], [ 3756378.338340612128377, 2114936.894934402313083 ], [ 3756378.569641241338104, 2114936.422791375778615 ], [ 3756378.599747951608151, 2114935.839077066164464 ], [ 3756378.437799640931189, 2114934.311813817825168 ], [ 3756378.4894661558792, 2114932.57444182690233 ], [ 3756378.909713729284704, 2114932.07472388446331 ], [ 3756379.534074542112648, 2114931.606263143010437 ], [ 3756379.872919781599194, 2114931.439203340560198 ], [ 3756379.959196219686419, 2114931.396603558212519 ], [ 3756380.711861703544855, 2114931.24664427805692 ], [ 3756381.35258916625753, 2114931.317450618371367 ], [ 3756382.085460842121392, 2114931.640083469916135 ], [ 3756382.395001710392535, 2114931.841762379743159 ], [ 3756383.26071962621063, 2114932.652801226824522 ], [ 3756385.610695756040514, 2114934.788365028332919 ], [ 3756386.548305333126336, 2114935.032012497074902 ], [ 3756389.330140383448452, 2114935.635331084020436 ], [ 3756390.471364616416395, 2114935.669699721969664 ], [ 3756394.168500897474587, 2114935.907695481553674 ], [ 3756396.54827524535358, 2114936.288019540254027 ], [ 3756398.59229880431667, 2114936.412960840854794 ], [ 3756398.826763737946749, 2114936.427274321205914 ], [ 3756399.630970016587526, 2114936.292546164244413 ], [ 3756400.356798516586423, 2114936.0650246553123 ], [ 3756401.263598427642137, 2114935.600314557552338 ], [ 3756401.87711609294638, 2114935.12285484559834 ], [ 3756403.837724259588867, 2114933.328643609769642 ], [ 3756404.23285188851878, 2114932.771218183450401 ], [ 3756404.493441223166883, 2114932.055984145961702 ], [ 3756404.887996041215956, 2114930.206667190417647 ], [ 3756405.183471626602113, 2114929.428141370415688 ], [ 3756406.452351992949843, 2114926.506202745251358 ], [ 3756407.518421777524054, 2114924.384384233504534 ], [ 3756408.218508535996079, 2114923.508183503523469 ], [ 3756408.478513505775481, 2114923.253742124419659 ], [ 3756408.899650077335536, 2114923.015638993121684 ], [ 3756409.198942084796727, 2114922.846389152109623 ], [ 3756409.506959406193346, 2114922.79783345060423 ], [ 3756410.300129181239754, 2114922.884486423805356 ], [ 3756410.732174223288894, 2114923.104893715120852 ], [ 3756411.224677293095738, 2114923.559958602301776 ], [ 3756411.641537686344236, 2114924.422649797983468 ], [ 3756413.036267779767513, 2114929.73149984749034 ], [ 3756413.436359275598079, 2114930.515586313791573 ], [ 3756414.533633301500231, 2114932.026318487711251 ], [ 3756415.181794499512762, 2114932.416867091320455 ], [ 3756415.492719672154635, 2114932.518246972002089 ], [ 3756417.300138766877353, 2114932.801382553763688 ], [ 3756418.608623510226607, 2114932.790178325027227 ], [ 3756420.382376476190984, 2114932.58681180793792 ], [ 3756420.892763523384929, 2114932.528319699689746 ], [ 3756424.193241179920733, 2114932.021940279752016 ], [ 3756425.948607422877103, 2114931.468607917893678 ], [ 3756427.06098808022216, 2114930.934742471668869 ], [ 3756427.663428977131844, 2114930.328114147298038 ], [ 3756429.722078921739012, 2114926.752103313803673 ], [ 3756430.529986466281116, 2114926.07623712066561 ], [ 3756432.378949036821723, 2114924.272397241555154 ], [ 3756434.575617954134941, 2114922.296022225171328 ], [ 3756436.312651758082211, 2114921.063301530666649 ], [ 3756437.22461669659242, 2114920.539556803181767 ], [ 3756437.310811373405159, 2114920.490023842547089 ], [ 3756438.084220878779888, 2114920.348251267336309 ], [ 3756438.816624661441892, 2114920.430545091163367 ], [ 3756439.511274530552328, 2114920.776744919829071 ], [ 3756439.872787288855761, 2114921.113792411051691 ], [ 3756440.293915058486164, 2114921.675668271724135 ], [ 3756441.569058462046087, 2114923.029656557366252 ], [ 3756442.155029000714421, 2114923.165595115162432 ], [ 3756442.940802712924778, 2114923.214395300485194 ], [ 3756442.995545911137015, 2114923.217826811596751 ], [ 3756443.80330007802695, 2114923.122890727594495 ], [ 3756444.099600340705365, 2114923.055310465395451 ], [ 3756444.820277948398143, 2114922.768226100597531 ], [ 3756445.557767632883042, 2114922.209082402288914 ], [ 3756445.843517190776765, 2114921.902106712106615 ], [ 3756447.446295897476375, 2114919.930828439071774 ], [ 3756449.116265384480357, 2114918.153440267778933 ], [ 3756450.279402710497379, 2114917.274411714635789 ], [ 3756450.991480267606676, 2114916.887956467457116 ], [ 3756452.061814753804356, 2114916.568361512385309 ], [ 3756453.73777186870575, 2114916.262793918605894 ], [ 3756455.990115698426962, 2114915.929823863320053 ], [ 3756457.01011106511578, 2114915.779039898887277 ], [ 3756458.875679772347212, 2114915.686205096542835 ], [ 3756460.908300121314824, 2114915.778078851755708 ], [ 3756463.501047447323799, 2114916.0584422275424 ], [ 3756467.093751253094524, 2114916.486482681240886 ], [ 3756468.543016501702368, 2114916.822749322280288 ], [ 3756471.66206035669893, 2114917.364789261482656 ], [ 3756476.0670838621445, 2114918.218250329606235 ], [ 3756477.966021076776087, 2114918.863456644117832 ], [ 3756479.859056896530092, 2114919.78950907709077 ], [ 3756486.395287105813622, 2114922.929079511202872 ], [ 3756488.294655338861048, 2114923.694423353299499 ], [ 3756490.016623923555017, 2114924.155636849813163 ], [ 3756490.113746957853436, 2114924.150930265896022 ], [ 3756490.929389485623688, 2114924.111083856318146 ], [ 3756491.262292758096009, 2114924.000066787004471 ], [ 3756492.010625233408064, 2114923.449923422187567 ], [ 3756492.260937904939055, 2114922.966014771722257 ], [ 3756492.29435948189348, 2114922.301923103630543 ], [ 3756492.59429660718888, 2114920.992204227950424 ], [ 3756493.060814906843007, 2114920.328067719005048 ], [ 3756494.16917078057304, 2114919.1637207204476 ], [ 3756495.251557440962642, 2114918.282091855071485 ], [ 3756497.131922526285052, 2114917.076174217276275 ], [ 3756498.726771737914532, 2114916.297401512041688 ], [ 3756501.485114912036806, 2114915.110206949524581 ], [ 3756504.040659883059561, 2114914.153500529471785 ], [ 3756504.18797794310376, 2114914.098402551375329 ], [ 3756505.26638600602746, 2114913.988406123127788 ], [ 3756506.841564214322716, 2114914.032659995369613 ], [ 3756507.502576919272542, 2114914.221667244564742 ], [ 3756508.253173632081598, 2114914.632816990837455 ], [ 3756508.54360333411023, 2114914.846279409714043 ], [ 3756509.644893924705684, 2114915.935928613413125 ], [ 3756510.222577653825283, 2114916.793765172827989 ], [ 3756510.407604493200779, 2114917.187257204204798 ], [ 3756511.219994464889169, 2114919.36524436622858 ], [ 3756512.401887692976743, 2114922.089990573935211 ], [ 3756513.503581318538636, 2114925.052359923254699 ], [ 3756513.558110133744776, 2114925.918625008780509 ], [ 3756513.449119966477156, 2114926.63987459987402 ], [ 3756513.167548554949462, 2114926.996404085773975 ], [ 3756512.556815618183464, 2114927.273361903615296 ], [ 3756510.631128477863967, 2114928.303257568273693 ], [ 3756510.564845495391637, 2114928.82019754871726 ], [ 3756510.720235736109316, 2114929.336528795771301 ], [ 3756511.191926152445376, 2114929.783620562404394 ], [ 3756511.739908691961318, 2114930.063295654952526 ], [ 3756512.555855821818113, 2114930.298045439645648 ], [ 3756514.478253950364888, 2114930.630540021695197 ], [ 3756517.202728895004839, 2114930.918762127868831 ], [ 3756518.964376883115619, 2114930.905643474310637 ], [ 3756521.36263724276796, 2114930.683218387886882 ], [ 3756526.749296491965652, 2114930.101094571873546 ], [ 3756527.240879973396659, 2114930.047993795014918 ], [ 3756529.804465740919113, 2114929.640070019289851 ], [ 3756532.893215673044324, 2114929.013176743872464 ], [ 3756535.100439731031656, 2114928.32776943128556 ], [ 3756537.14906189031899, 2114927.436740826815367 ], [ 3756539.067979835905135, 2114926.327412129379809 ], [ 3756540.819830779451877, 2114925.03327695466578 ], [ 3756544.675645298324525, 2114922.322191059123725 ], [ 3756546.863792991731316, 2114920.94755140459165 ], [ 3756548.543434994295239, 2114920.100751171819866 ], [ 3756550.336673183832318, 2114919.403606247156858 ], [ 3756552.546586808282882, 2114918.748064015060663 ], [ 3756556.76103809569031, 2114917.596610041335225 ], [ 3756557.15224369848147, 2114917.489751896820962 ], [ 3756557.531968118157238, 2114917.454539981670678 ], [ 3756560.833340754266828, 2114917.308646809309721 ], [ 3756562.488825613632798, 2114917.465615856461227 ], [ 3756564.120500840712339, 2114917.815045386087149 ], [ 3756565.865360380150378, 2114918.424438266549259 ], [ 3756567.619911982212216, 2114919.263298884499818 ], [ 3756569.114612515084445, 2114919.775670947972685 ], [ 3756569.723396338522434, 2114919.81485493760556 ], [ 3756570.198404264636338, 2114919.845408962108195 ], [ 3756570.762023286428303, 2114919.723043140955269 ], [ 3756571.838440240360796, 2114919.122474892996252 ], [ 3756572.334604140371084, 2114918.685853588394821 ], [ 3756574.428459810093045, 2114916.919397947844118 ], [ 3756575.374671017285436, 2114916.561206626705825 ], [ 3756575.942302747629583, 2114916.443721944466233 ], [ 3756576.601853223517537, 2114916.307179694995284 ], [ 3756577.886074839159846, 2114916.248198993969709 ], [ 3756578.775243126321584, 2114916.396173824556172 ], [ 3756579.087026196531951, 2114916.507481664884835 ], [ 3756580.19630990177393, 2114917.105630036443472 ], [ 3756581.467118553351611, 2114918.059433151036501 ], [ 3756583.646254892926663, 2114919.850329620297998 ], [ 3756583.974071563687176, 2114920.380749416537583 ], [ 3756584.643178686965257, 2114921.83101727347821 ], [ 3756584.679415017832071, 2114922.368442869745195 ], [ 3756584.624307208694518, 2114923.014534830581397 ], [ 3756584.493923290632665, 2114923.487389162182808 ], [ 3756584.219567419029772, 2114924.043587567750365 ], [ 3756583.823581404983997, 2114924.591082782484591 ], [ 3756583.078648814931512, 2114925.881949225440621 ], [ 3756583.158937456551939, 2114926.695777101442218 ], [ 3756583.331721124239266, 2114927.180470258928835 ], [ 3756583.63808552455157, 2114927.81306089181453 ], [ 3756588.294030731543899, 2114933.911213684827089 ], [ 3756593.574333569500595, 2114937.788132257759571 ], [ 3756594.128182830754668, 2114938.487978043500334 ], [ 3756594.347028177697212, 2114939.038532345555723 ], [ 3756594.398107593879104, 2114939.864989237394184 ], [ 3756594.315329414792359, 2114940.77404242195189 ], [ 3756594.010727811604738, 2114941.563420256134123 ], [ 3756593.811488884035498, 2114941.822219824418426 ], [ 3756593.316085018217564, 2114942.268784481566399 ], [ 3756591.599121434148401, 2114943.49962609494105 ], [ 3756589.048352420330048, 2114945.108233881182969 ], [ 3756587.633365501184016, 2114946.220833878032863 ], [ 3756586.685502589680254, 2114947.260170816909522 ], [ 3756585.490994877181947, 2114948.943294182419777 ], [ 3756584.203426253050566, 2114950.715229531750083 ], [ 3756583.471048201434314, 2114950.983385271392763 ], [ 3756582.477997597306967, 2114951.083450295031071 ], [ 3756578.4879464879632, 2114951.48552176868543 ], [ 3756578.421682423911989, 2114951.535520448349416 ], [ 3756578.033964072819799, 2114951.82806001836434 ], [ 3756577.818146882578731, 2114952.479088135063648 ], [ 3756577.901869874447584, 2114953.332625322975218 ], [ 3756578.009633261244744, 2114956.216904075816274 ], [ 3756577.844444017857313, 2114957.454148454125971 ], [ 3756577.31070350157097, 2114960.958790207281709 ], [ 3756576.966065392829478, 2114961.751896490808576 ], [ 3756575.425074926111847, 2114965.139652296435088 ], [ 3756574.460092861205339, 2114966.681346540804952 ], [ 3756573.407686321530491, 2114967.910641175694764 ], [ 3756571.89736260054633, 2114969.903442474082112 ], [ 3756570.333116139285266, 2114971.620851506479084 ], [ 3756569.303620282560587, 2114972.297209423501045 ], [ 3756565.842743773944676, 2114974.681253087706864 ], [ 3756563.844969893805683, 2114976.278570027090609 ], [ 3756561.864996137097478, 2114977.613935629837215 ], [ 3756557.126415765844285, 2114980.717342432122678 ], [ 3756555.935529539361596, 2114981.158231860026717 ], [ 3756552.953316954895854, 2114982.08574308315292 ], [ 3756549.499494676943868, 2114983.267261630855501 ], [ 3756547.202020579017699, 2114984.191434032283723 ], [ 3756546.390332711860538, 2114984.707337618339807 ], [ 3756545.859283447731286, 2114985.207251744344831 ], [ 3756542.550938023254275, 2114989.359810104593635 ], [ 3756542.019637311808765, 2114990.44066965021193 ], [ 3756540.592997996136546, 2114992.9364621527493 ], [ 3756537.959900222253054, 2114997.67740082507953 ], [ 3756538.051658012904227, 2114998.389986563008279 ], [ 3756538.481952705420554, 2114999.291556335985661 ], [ 3756538.833699292968959, 2114999.749603188596666 ], [ 3756539.488118613604456, 2115000.329910784494132 ], [ 3756540.58114287443459, 2115001.440341878682375 ], [ 3756541.152843634597957, 2115002.579138463363051 ], [ 3756541.392126785591245, 2115003.368176546879113 ], [ 3756541.502370654605329, 2115004.179221461992711 ], [ 3756541.366513909772038, 2115004.822712633293122 ], [ 3756540.848898841068149, 2115005.361506433226168 ], [ 3756540.149398240726441, 2115005.776913348585367 ], [ 3756539.538333503529429, 2115005.933718171902001 ], [ 3756538.686737462878227, 2115006.017902730032802 ], [ 3756537.890381681732833, 2115006.096477307379246 ], [ 3756537.520401066634804, 2115006.181844426319003 ], [ 3756536.873088448308408, 2115006.331085951067507 ], [ 3756536.292642597109079, 2115006.725414036773145 ], [ 3756536.013137056492269, 2115007.222050138749182 ], [ 3756536.127673389855772, 2115008.082731570582837 ], [ 3756536.571452637203038, 2115009.724083389155567 ], [ 3756537.182825086638331, 2115011.440015488304198 ], [ 3756537.794439040124416, 2115012.224648932926357 ], [ 3756538.129957989789546, 2115012.493963020853698 ], [ 3756539.118997188750654, 2115012.983107863459736 ], [ 3756540.579452665522695, 2115013.448625021614134 ], [ 3756542.02446531644091, 2115014.085804229602218 ], [ 3756543.665114598348737, 2115015.005305077880621 ], [ 3756545.668353574350476, 2115016.391852076631039 ], [ 3756547.701035833451897, 2115017.885939590632915 ], [ 3756549.24950797483325, 2115019.254631169606 ], [ 3756551.303292457014322, 2115021.227509167511016 ], [ 3756552.574461232870817, 2115022.651915634050965 ], [ 3756553.258333785925061, 2115023.690116815268993 ], [ 3756553.659866383299232, 2115024.724551173858345 ], [ 3756554.891671885270625, 2115027.444558963179588 ], [ 3756559.150940720457584, 2115030.695102659054101 ], [ 3756559.861000366043299, 2115031.570657257921994 ], [ 3756560.086064883507788, 2115031.960421219933778 ], [ 3756560.7236403292045, 2115033.513804647605866 ], [ 3756560.902183583006263, 2115034.64893439039588 ], [ 3756560.891430725343525, 2115036.39260023040697 ], [ 3756560.601674617733806, 2115037.471011432353407 ], [ 3756560.364683053456247, 2115037.99371751723811 ], [ 3756559.515949171967804, 2115039.36438399553299 ], [ 3756558.645788704045117, 2115041.18767288280651 ], [ 3756558.570421903394163, 2115042.066017735749483 ], [ 3756558.61588459322229, 2115042.592572620138526 ], [ 3756559.013951290864497, 2115044.288314782083035 ], [ 3756559.353894250933081, 2115046.710480066016316 ], [ 3756559.175492261536419, 2115048.028918267693371 ], [ 3756558.94165850803256, 2115048.82182768592611 ], [ 3756558.20995549345389, 2115050.381858780048788 ], [ 3756557.153950280509889, 2115052.152278318069875 ], [ 3756555.725338430143893, 2115054.157596890814602 ], [ 3756554.306045678444207, 2115055.921680546365678 ], [ 3756552.497111045755446, 2115058.422906085848808 ], [ 3756551.280355300754309, 2115059.847712840884924 ], [ 3756550.21452423138544, 2115059.98666298110038 ], [ 3756550.145623412448913, 2115059.984036448411644 ], [ 3756549.062542466446757, 2115059.94317982159555 ], [ 3756546.421435895375907, 2115060.037894784007221 ], [ 3756543.079502835869789, 2115060.297750779893249 ], [ 3756542.626235170289874, 2115060.40871812030673 ], [ 3756542.290319543797523, 2115060.491032103076577 ], [ 3756540.068182095885277, 2115061.237880274187773 ], [ 3756539.724711641669273, 2115061.810617867857218 ], [ 3756538.990766483359039, 2115063.461021731607616 ], [ 3756538.162861028686166, 2115064.839760997332633 ], [ 3756537.161653902381659, 2115066.895600042305887 ], [ 3756537.407239217776805, 2115067.523733317386359 ], [ 3756537.96793292555958, 2115067.952545620501041 ], [ 3756538.563887499272823, 2115068.087555814534426 ], [ 3756538.81391140865162, 2115068.064390221610665 ], [ 3756539.463217947632074, 2115068.004122158512473 ], [ 3756541.204854207113385, 2115067.642306647263467 ], [ 3756543.532101984601468, 2115066.945824350696057 ], [ 3756544.837922957725823, 2115066.705411853268743 ], [ 3756545.505213724914938, 2115066.582602421753109 ], [ 3756547.654617742169648, 2115066.393315649591386 ], [ 3756549.555620678234845, 2115066.477412797510624 ], [ 3756550.584889900870621, 2115066.732449263334274 ], [ 3756553.329924698919058, 2115067.609586165286601 ], [ 3756555.611800750717521, 2115068.139215290546417 ], [ 3756558.329124473966658, 2115068.928764507174492 ], [ 3756560.397469877731055, 2115069.668387633748353 ], [ 3756561.697766842786223, 2115070.379065463785082 ], [ 3756563.929105772636831, 2115071.373930222820491 ], [ 3756566.93131802463904, 2115072.547790074720979 ], [ 3756569.845703694503754, 2115073.869911596179008 ], [ 3756573.460098144132644, 2115075.36751471972093 ], [ 3756574.918877567630261, 2115076.163726216182113 ], [ 3756575.61270982818678, 2115076.850547887384892 ], [ 3756575.867088310420513, 2115077.347672174684703 ], [ 3756576.045840926468372, 2115078.252520345617086 ], [ 3756576.080169372260571, 2115079.000471842475235 ], [ 3756575.923194575123489, 2115079.866287722252309 ], [ 3756575.682009884621948, 2115080.339341381564736 ], [ 3756575.147220979444683, 2115081.029844864737242 ], [ 3756574.904512160923332, 2115081.252664172556251 ], [ 3756572.830675060860813, 2115083.3678212845698 ], [ 3756570.580153526738286, 2115087.522485048510134 ], [ 3756570.029662338551134, 2115087.914029716979712 ], [ 3756569.216025133617222, 2115088.289910295978189 ], [ 3756566.781175022479147, 2115089.607343330979347 ], [ 3756564.834859073162079, 2115090.398791439831257 ], [ 3756563.884107919409871, 2115090.587081828620285 ], [ 3756563.464862996246666, 2115090.608118650037795 ], [ 3756562.008558264933527, 2115090.680846305564046 ], [ 3756559.984193108044565, 2115090.568093903362751 ], [ 3756558.138238289393485, 2115090.188469573389739 ], [ 3756557.617732282262295, 2115089.876213336363435 ], [ 3756557.286271407734603, 2115089.536366170737892 ], [ 3756555.623659893404692, 2115088.128148493357003 ], [ 3756554.870762469712645, 2115088.157937381882221 ], [ 3756554.40708835888654, 2115088.271009263582528 ], [ 3756554.352215602062643, 2115088.300117576960474 ], [ 3756553.742376058828086, 2115088.623141525313258 ], [ 3756553.252749271690845, 2115089.019029812887311 ], [ 3756551.791486253030598, 2115089.945703160949051 ], [ 3756550.857077329885215, 2115090.322808600030839 ], [ 3756549.029774480033666, 2115090.742628764361143 ], [ 3756548.280094338580966, 2115090.815887406468391 ], [ 3756547.031954563222826, 2115090.937835267279297 ], [ 3756544.689077918883413, 2115090.984891562722623 ], [ 3756541.52778294403106, 2115090.887407369911671 ], [ 3756539.349882561713457, 2115090.628712416160852 ], [ 3756537.45289659127593, 2115090.123533275909722 ], [ 3756531.611395595595241, 2115088.031271024141461 ], [ 3756530.687720970716327, 2115087.365825078915805 ], [ 3756529.959626593627036, 2115086.632052823901176 ], [ 3756529.492217122577131, 2115085.884244613349438 ], [ 3756528.720017761923373, 2115084.173166416119784 ], [ 3756527.457614895887673, 2115081.566086122766137 ], [ 3756526.862591692246497, 2115081.090535662136972 ], [ 3756526.200470807030797, 2115080.771334509365261 ], [ 3756525.185145447961986, 2115080.444853451102972 ], [ 3756524.349780536722392, 2115080.452186404727399 ], [ 3756522.667718601878732, 2115080.688281451351941 ], [ 3756522.641762231010944, 2115080.695848261937499 ], [ 3756521.154539998155087, 2115081.12902145460248 ], [ 3756516.751894788816571, 2115082.28841284615919 ], [ 3756516.033278304617852, 2115082.33897371776402 ], [ 3756515.860831801313907, 2115082.351064547896385 ], [ 3756515.125040089711547, 2115082.487895043101162 ], [ 3756513.927657992579043, 2115082.710576330311596 ], [ 3756512.545469647739083, 2115083.269333994016051 ], [ 3756512.031581157818437, 2115083.617442306131124 ], [ 3756510.876409030053765, 2115084.705988522619009 ], [ 3756509.976229806430638, 2115085.831063222140074 ], [ 3756509.729602725245059, 2115086.474950118921697 ], [ 3756509.672239487059414, 2115087.211317599751055 ], [ 3756509.801330013200641, 2115088.59142797999084 ], [ 3756509.883057437837124, 2115090.707076043821871 ], [ 3756509.618495743256062, 2115091.492729068733752 ], [ 3756509.373877211473882, 2115091.926074409391731 ], [ 3756507.902347924187779, 2115094.135641514323652 ], [ 3756506.563406228087842, 2115096.362992841750383 ], [ 3756506.364111010916531, 2115096.972359968349338 ], [ 3756505.311650782823563, 2115099.834044241346419 ], [ 3756504.79482277110219, 2115100.733235137537122 ], [ 3756503.783648710697889, 2115102.088888988830149 ], [ 3756502.504312949255109, 2115103.489501373376697 ], [ 3756501.489288993179798, 2115103.984192561358213 ], [ 3756501.113872843328863, 2115104.06914069224149 ], [ 3756498.492001133970916, 2115104.502512271516025 ], [ 3756495.478412307798862, 2115105.182567215524614 ], [ 3756494.966142226941884, 2115105.550546772778034 ], [ 3756494.68726225104183, 2115105.936941683292389 ], [ 3756494.47774847317487, 2115106.427067155018449 ], [ 3756494.360920699778944, 2115107.058890727814287 ], [ 3756494.444412880577147, 2115107.792259962297976 ], [ 3756494.624841992743313, 2115108.366413774434477 ], [ 3756494.991891665384173, 2115110.285296378657222 ], [ 3756494.866255366709083, 2115111.048030831851065 ], [ 3756494.650966349989176, 2115111.588835117407143 ], [ 3756494.125069716479629, 2115112.148315544240177 ], [ 3756493.668278987519443, 2115112.340904779732227 ], [ 3756492.956510846037418, 2115112.497063914313912 ], [ 3756492.162599762436002, 2115112.584704503417015 ], [ 3756490.691485757939517, 2115112.747143005952239 ], [ 3756490.492450386751443, 2115112.808987211436033 ], [ 3756489.955788991414011, 2115112.975675385445356 ], [ 3756488.575552185997367, 2115113.674459142610431 ], [ 3756486.567013409920037, 2115114.912319639697671 ], [ 3756485.577749390155077, 2115115.35457485774532 ], [ 3756484.612720793113112, 2115115.494158691726625 ], [ 3756484.487779559567571, 2115115.491434035822749 ], [ 3756483.129121314268559, 2115115.461413139943033 ], [ 3756481.362713343929499, 2115115.184561768081039 ], [ 3756479.328362283296883, 2115115.072740840259939 ], [ 3756478.260814, 2115115.191838880069554 ], [ 3756478.045074408873916, 2115115.25440117996186 ], [ 3756477.651565421838313, 2115115.368484187871218 ], [ 3756477.115892318077385, 2115115.698610882274806 ], [ 3756475.334676927421242, 2115116.534747916273773 ], [ 3756474.548162944614887, 2115116.527449009008706 ], [ 3756472.832650273572654, 2115116.255967256613076 ], [ 3756471.745658386964351, 2115116.266694961115718 ], [ 3756471.132634636946023, 2115116.42905752081424 ], [ 3756471.105498910881579, 2115116.43621317576617 ], [ 3756470.122244318015873, 2115116.947959921322763 ], [ 3756468.743547386024147, 2115117.897077506873757 ], [ 3756466.317557835020125, 2115119.784511617384851 ], [ 3756465.799403285607696, 2115120.433436546009034 ], [ 3756464.703364205081016, 2115122.207590724341571 ], [ 3756463.788451408967376, 2115124.095188152976334 ], [ 3756462.372153565753251, 2115126.710315518081188 ], [ 3756461.294658059254289, 2115128.232363014481962 ], [ 3756460.834985088091344, 2115128.625469151884317 ], [ 3756460.196875671390444, 2115128.934996078722179 ], [ 3756458.945750641170889, 2115129.261305708438158 ], [ 3756453.931806876324117, 2115130.457344256341457 ], [ 3756451.831939806230366, 2115131.10275787115097 ], [ 3756450.153686391655356, 2115131.849270191043615 ], [ 3756446.726954746525735, 2115133.228637219406664 ], [ 3756444.863147003576159, 2115133.691884040366858 ], [ 3756443.875258865766227, 2115133.817588591948152 ], [ 3756443.119559143204242, 2115133.913680466357619 ], [ 3756442.49241624539718, 2115134.014221214223653 ], [ 3756439.41350450925529, 2115134.507737042848021 ], [ 3756438.603826620616019, 2115134.813103708438575 ], [ 3756437.759626905899495, 2115135.30211253464222 ], [ 3756437.046402264386415, 2115135.909040462225676 ], [ 3756435.434731696732342, 2115136.959784464910626 ], [ 3756434.875421258620918, 2115137.131888759322464 ], [ 3756434.348000252619386, 2115137.441135562490672 ], [ 3756433.926881519146264, 2115137.930829437449574 ], [ 3756433.636534568388015, 2115138.418468663468957 ], [ 3756431.425488150212914, 2115142.329098967835307 ], [ 3756430.520795178599656, 2115144.335940575227141 ], [ 3756429.656289579812437, 2115145.758123193867505 ], [ 3756429.069294488988817, 2115146.193092045839876 ], [ 3756428.337292524054646, 2115146.931957542430609 ], [ 3756428.114069594535977, 2115147.613699451554567 ], [ 3756428.196839777287096, 2115148.457328435964882 ], [ 3756428.20982875674963, 2115150.359006812795997 ], [ 3756427.834465608932078, 2115151.1448605787009 ], [ 3756427.386218804866076, 2115151.787388829514384 ], [ 3756425.873853962868452, 2115153.640197608619928 ], [ 3756424.221108074299991, 2115155.96669371239841 ], [ 3756422.575843485072255, 2115157.91201152279973 ], [ 3756421.874086378607899, 2115158.417696721851826 ], [ 3756421.56458701658994, 2115158.566569033078849 ], [ 3756420.707145736087114, 2115158.786318746395409 ], [ 3756419.857945512514561, 2115158.876055584289134 ], [ 3756419.159913328941911, 2115158.949831265024841 ], [ 3756419.082741502206773, 2115159.004533961880952 ], [ 3756415.182900991290808, 2115161.772288196254522 ], [ 3756414.652130373287946, 2115162.742927530314773 ], [ 3756414.812924569472671, 2115163.439091864041984 ], [ 3756415.450478504411876, 2115163.940809615887702 ], [ 3756416.526129978708923, 2115165.082975310273468 ], [ 3756416.825089475605637, 2115165.746276785153896 ], [ 3756416.867588751483709, 2115166.473464104346931 ], [ 3756416.768337576184422, 2115167.073520641773939 ], [ 3756416.503678702749312, 2115167.85919224191457 ], [ 3756415.637499110773206, 2115169.612072000745684 ], [ 3756414.680558019783348, 2115171.012825936079025 ], [ 3756413.696500048041344, 2115172.916768526658416 ], [ 3756413.544913109857589, 2115173.962321991100907 ], [ 3756412.993093270808458, 2115175.856290191411972 ], [ 3756412.60345350112766, 2115176.593435996212065 ], [ 3756409.880127174779773, 2115181.57317024981603 ], [ 3756408.736509217415005, 2115183.26158095151186 ], [ 3756406.673406716436148, 2115186.086887960322201 ], [ 3756406.045309027191252, 2115186.745941093191504 ], [ 3756405.336174302734435, 2115187.282533318735659 ], [ 3756402.123097171075642, 2115189.853820725344121 ], [ 3756401.750517948996276, 2115190.439174945931882 ], [ 3756401.237197912763804, 2115191.027610175777227 ], [ 3756400.48510202858597, 2115191.417896691709757 ], [ 3756399.9532531038858, 2115191.557321697007865 ], [ 3756399.245444343890995, 2115191.642965846695006 ], [ 3756399.137255568057299, 2115191.637904724106193 ], [ 3756397.526091339997947, 2115191.562093454413116 ], [ 3756394.201825522817671, 2115191.559833124279976 ], [ 3756391.711775748990476, 2115191.770706092007458 ], [ 3756384.987328321672976, 2115192.404309085570276 ], [ 3756381.23569989670068, 2115192.702083374373615 ], [ 3756380.168442100286484, 2115192.590787961147726 ], [ 3756376.76134819118306, 2115192.095465914346278 ], [ 3756374.450331833213568, 2115191.92922299541533 ], [ 3756370.191821565851569, 2115191.723241779953241 ], [ 3756368.503931237384677, 2115191.889723458327353 ], [ 3756367.909672894049436, 2115192.00411753822118 ], [ 3756366.195241937413812, 2115192.334210727363825 ], [ 3756363.947636129334569, 2115192.903113244567066 ], [ 3756361.999587551224977, 2115193.674621935002506 ], [ 3756361.085438532289118, 2115193.819480508565903 ], [ 3756360.901391568593681, 2115193.820985171478242 ], [ 3756360.612320424057543, 2115193.82335462141782 ], [ 3756359.542471345514059, 2115193.68217945471406 ], [ 3756357.687152254860848, 2115193.193248246330768 ], [ 3756356.966348910238594, 2115193.478244561236352 ], [ 3756355.933840810786933, 2115193.886600552592427 ], [ 3756354.85899501061067, 2115195.087967564351857 ], [ 3756353.727646465413272, 2115198.788321712519974 ], [ 3756354.85986913787201, 2115202.689356082119048 ], [ 3756355.530286390800029, 2115203.338225409388542 ], [ 3756357.089042250998318, 2115204.475588507950306 ], [ 3756357.89855500170961, 2115204.751052967272699 ], [ 3756359.483427414204925, 2115205.024764645379037 ], [ 3756361.852967489976436, 2115205.285737822763622 ], [ 3756362.50765490764752, 2115205.267877415753901 ], [ 3756363.078900546301156, 2115205.252184965647757 ], [ 3756364.073648555204272, 2115204.989643031731248 ], [ 3756366.590124765876681, 2115204.406572339124978 ], [ 3756367.243670466355979, 2115204.25509871635586 ], [ 3756368.157392873894423, 2115204.220450676977634 ], [ 3756369.622960390057415, 2115204.394973977468908 ], [ 3756370.279931826516986, 2115204.654609192628413 ], [ 3756370.973184349015355, 2115205.101007525809109 ], [ 3756372.532131905667484, 2115206.007989956997335 ], [ 3756373.496885508298874, 2115206.098897551652044 ], [ 3756374.969294100534171, 2115206.002386698499322 ], [ 3756381.856850522570312, 2115205.624104639515281 ], [ 3756383.389734036289155, 2115205.762350131757557 ], [ 3756385.55145105579868, 2115206.182853523641825 ], [ 3756386.384267987683415, 2115206.496187644079328 ], [ 3756387.487781549338251, 2115207.145009368192405 ], [ 3756388.143921389244497, 2115207.745170126669109 ], [ 3756389.153975079301745, 2115208.943468198180199 ], [ 3756391.287716819904745, 2115211.609921922907233 ], [ 3756392.171136477496475, 2115213.210494691971689 ], [ 3756393.743992554955184, 2115216.379734077490866 ], [ 3756395.282182110007852, 2115219.732337616384029 ], [ 3756395.439335746690631, 2115220.61907559633255 ], [ 3756396.281007950659841, 2115225.939247716683894 ], [ 3756396.419107689522207, 2115228.239890746772289 ], [ 3756396.493725329171866, 2115231.908546652644873 ], [ 3756396.296857216861099, 2115234.180102680809796 ], [ 3756396.314392986707389, 2115236.251688319724053 ], [ 3756396.557987711858004, 2115238.141935732215643 ], [ 3756396.974136911332607, 2115239.345234708860517 ], [ 3756397.67482803016901, 2115240.812591929920018 ], [ 3756398.665076436474919, 2115242.483384985011071 ], [ 3756401.717545006424189, 2115247.50837469752878 ], [ 3756402.734368937555701, 2115248.786107255611569 ], [ 3756405.729044284671545, 2115252.674640061799437 ], [ 3756407.04164507240057, 2115254.696233231108636 ], [ 3756409.220038695260882, 2115258.229866772890091 ], [ 3756409.520191481802613, 2115259.023249730467796 ], [ 3756409.663260313216597, 2115259.630898402072489 ], [ 3756409.843749196268618, 2115261.607174787670374 ], [ 3756409.890797893051058, 2115263.786088813096285 ], [ 3756409.679250244516879, 2115265.187778618186712 ], [ 3756409.235618682578206, 2115266.701217355206609 ], [ 3756408.543003880418837, 2115268.247620069421828 ], [ 3756408.059972129762173, 2115268.953426172956824 ], [ 3756407.765099438838661, 2115269.271260060369968 ], [ 3756406.152617272920907, 2115270.662633647210896 ], [ 3756402.684321389533579, 2115273.7784458626993 ], [ 3756401.139099780470133, 2115275.4841088950634 ], [ 3756400.056776760146022, 2115277.066655466333032 ], [ 3756399.15323950862512, 2115278.853033136576414 ], [ 3756396.75204074755311, 2115283.362191265914589 ], [ 3756395.987527456600219, 2115285.125633388757706 ], [ 3756395.9278270653449, 2115285.952391993720084 ], [ 3756396.073060935363173, 2115287.751604720018804 ], [ 3756395.953206286765635, 2115289.164879626128823 ], [ 3756395.514989506453276, 2115290.157033262774348 ], [ 3756395.266064927447587, 2115290.540646601468325 ], [ 3756394.30103680677712, 2115291.731708281673491 ], [ 3756392.91573828086257, 2115293.072038683108985 ], [ 3756391.728085847571492, 2115294.484148398041725 ], [ 3756389.921244430355728, 2115296.424385903403163 ], [ 3756388.956188703887165, 2115297.264994901139289 ], [ 3756385.694290061946958, 2115299.971029669046402 ], [ 3756382.836698621511459, 2115302.459429142065346 ], [ 3756381.448284275829792, 2115303.880107098259032 ], [ 3756377.189746523741633, 2115308.110784663818777 ], [ 3756375.742240324150771, 2115309.196407359093428 ], [ 3756372.973154088482261, 2115311.07573489099741 ], [ 3756371.652040097862482, 2115311.408563421107829 ], [ 3756368.268507828935981, 2115312.353208143729717 ], [ 3756367.531882703304291, 2115312.922287275549024 ], [ 3756366.306201259139925, 2115314.127584505360574 ], [ 3756364.89442745083943, 2115315.860961740836501 ], [ 3756363.021265511400998, 2115317.967593989800662 ], [ 3756362.170792439952493, 2115318.266749780625105 ], [ 3756361.795262389816344, 2115318.351618456654251 ], [ 3756361.179565861821175, 2115318.384145463816822 ], [ 3756360.792538240551949, 2115318.404547988902777 ], [ 3756360.329697070177644, 2115318.544066391419619 ], [ 3756358.632668274920434, 2115319.055557683575898 ], [ 3756356.283344067633152, 2115321.947417031507939 ], [ 3756355.743522989097983, 2115323.629920577164739 ], [ 3756355.739580206573009, 2115324.752010401804 ], [ 3756355.529708379413933, 2115325.823005777318031 ], [ 3756354.98880953900516, 2115327.375509884674102 ], [ 3756354.130888949148357, 2115329.107515992596745 ], [ 3756351.566673386842012, 2115334.062462309375405 ], [ 3756350.338488674256951, 2115335.938983652740717 ], [ 3756348.735981749370694, 2115338.03055374417454 ], [ 3756346.84053930779919, 2115340.579885974526405 ], [ 3756346.546263940632343, 2115341.488499038852751 ], [ 3756346.494263623841107, 2115342.054151431657374 ], [ 3756346.587744830641896, 2115342.786595267709345 ], [ 3756346.962958033662289, 2115343.633144676685333 ], [ 3756347.263068941887468, 2115344.075976715423167 ], [ 3756348.084245685953647, 2115345.772506522014737 ], [ 3756348.138882301282138, 2115346.638760284055024 ], [ 3756348.049027207773179, 2115348.399804576765746 ], [ 3756347.76108439732343, 2115350.199182570911944 ], [ 3756347.239182749763131, 2115351.739822040311992 ], [ 3756346.815201101824641, 2115352.430134862661362 ], [ 3756346.403309795074165, 2115352.908960850909352 ], [ 3756345.57532677706331, 2115353.58661116939038 ], [ 3756344.016700859647244, 2115354.552379783708602 ], [ 3756342.914076483808458, 2115354.965158487670124 ], [ 3756342.229671536479145, 2115355.088658630847931 ], [ 3756341.878619396593422, 2115355.096936386078596 ], [ 3756341.214387205429375, 2115355.112735168542713 ], [ 3756340.491208074148744, 2115355.019575682003051 ], [ 3756337.65111054526642, 2115354.792168005369604 ], [ 3756337.063917120918632, 2115355.015449350699782 ], [ 3756336.675906886812299, 2115355.163067882880569 ], [ 3756333.26944190915674, 2115356.310205510817468 ], [ 3756332.786167239770293, 2115356.260671495459974 ], [ 3756332.242965186946094, 2115356.205030522774905 ], [ 3756331.33532359264791, 2115355.958703121170402 ], [ 3756330.39138472918421, 2115355.525514220818877 ], [ 3756329.692713453434408, 2115354.899186412803829 ], [ 3756329.385718365199864, 2115354.376837490126491 ], [ 3756328.107373793143779, 2115352.402194689959288 ], [ 3756327.650555761530995, 2115352.244334370829165 ], [ 3756326.846762388013303, 2115352.268760531209409 ], [ 3756325.132270647212863, 2115352.477855950593948 ], [ 3756325.001513994298875, 2115352.530046208761632 ], [ 3756324.314342494122684, 2115352.804109048098326 ], [ 3756323.95365847600624, 2115353.17801165021956 ], [ 3756323.621134072542191, 2115353.759738652035594 ], [ 3756323.578358698636293, 2115354.314519797451794 ], [ 3756323.801929028704762, 2115354.804501814767718 ], [ 3756324.223587183747441, 2115355.256150059401989 ], [ 3756325.583070915658027, 2115357.002980388700962 ], [ 3756325.715866996906698, 2115357.841955392155796 ], [ 3756325.703117514029145, 2115359.094957627356052 ], [ 3756325.494175598490983, 2115359.825411677360535 ], [ 3756324.687606385909021, 2115361.803031777963042 ], [ 3756323.851443851366639, 2115363.202568988315761 ], [ 3756322.707805242855102, 2115364.540536019019783 ], [ 3756322.192436932586133, 2115364.988965993281454 ], [ 3756321.560020978562534, 2115365.247933406382799 ], [ 3756320.982209102250636, 2115365.32148368190974 ], [ 3756320.65091656614095, 2115365.32401333283633 ], [ 3756320.277516769710928, 2115365.326784199103713 ], [ 3756319.584815918467939, 2115365.120613914914429 ], [ 3756318.980981073807925, 2115364.775977171957493 ], [ 3756318.411932968534529, 2115364.368064135313034 ], [ 3756318.059498942922801, 2115363.66961089335382 ], [ 3756318.002648328896612, 2115363.24418253172189 ], [ 3756317.9391731582582, 2115361.106911125592887 ], [ 3756318.08239994617179, 2115359.381032962352037 ], [ 3756318.357993329875171, 2115354.868704259395599 ], [ 3756318.257726562675089, 2115354.056727053597569 ], [ 3756317.997843449935317, 2115353.379785335622728 ], [ 3756317.482457726728171, 2115352.776642060372978 ], [ 3756316.985117326490581, 2115352.382071114145219 ], [ 3756316.256437427829951, 2115352.109095364809036 ], [ 3756315.789094461128116, 2115352.062291988637298 ], [ 3756314.76801939168945, 2115352.136949873529375 ], [ 3756314.520464803092182, 2115352.247605322860181 ], [ 3756314.118209908716381, 2115352.427555381320417 ], [ 3756313.542393868323416, 2115352.991682512219995 ], [ 3756312.406879640650004, 2115353.958331314846873 ], [ 3756311.60376911656931, 2115354.223164504393935 ], [ 3756309.649698633700609, 2115354.925092123448849 ], [ 3756309.130689310375601, 2115355.564095977693796 ], [ 3756308.942864848300815, 2115356.072224019560963 ], [ 3756308.795562742743641, 2115356.817062781192362 ], [ 3756307.921448878012598, 2115360.463484661653638 ], [ 3756307.258714583702385, 2115362.237572499550879 ], [ 3756306.548365553840995, 2115364.396584863774478 ], [ 3756306.604954852722585, 2115365.402864453848451 ], [ 3756306.605668463744223, 2115367.045200312044472 ], [ 3756306.369627795182168, 2115368.278943268582225 ], [ 3756305.724785738624632, 2115370.612187900580466 ], [ 3756304.962228545919061, 2115372.515661341603845 ], [ 3756304.485224071890116, 2115373.291060470044613 ], [ 3756303.352648375555873, 2115374.758100254926831 ], [ 3756301.986535442061722, 2115376.787659724242985 ], [ 3756300.378338848240674, 2115378.929799341596663 ], [ 3756299.460730358026922, 2115379.73597439751029 ], [ 3756297.682899580337107, 2115380.962406137958169 ], [ 3756296.220827927812934, 2115382.229723448399454 ], [ 3756295.600491608958691, 2115382.978324413765222 ], [ 3756295.262746073771268, 2115383.850958014838398 ], [ 3756295.282454073894769, 2115384.429953248240054 ], [ 3756295.617205501534045, 2115385.390442348085344 ], [ 3756295.839583876542747, 2115385.750342761166394 ], [ 3756297.045085008721799, 2115387.230993820354342 ], [ 3756297.374625399243087, 2115387.781268738675863 ], [ 3756297.513113872613758, 2115388.569679400883615 ], [ 3756297.523985637351871, 2115388.929132485296577 ], [ 3756297.419007089920342, 2115389.930422896519303 ], [ 3756297.09984746389091, 2115390.901500106789172 ], [ 3756296.696153884753585, 2115391.710014448035508 ], [ 3756296.044382089748979, 2115392.561715598218143 ], [ 3756295.545632100664079, 2115392.968466512858868 ], [ 3756294.540595855563879, 2115393.462240826804191 ], [ 3756291.555335395038128, 2115394.820789348334074 ], [ 3756289.24925327161327, 2115395.645524403080344 ], [ 3756287.525095344055444, 2115395.975606667809188 ], [ 3756283.958750735037029, 2115396.787162084132433 ], [ 3756282.322446806356311, 2115397.319434887729585 ], [ 3756278.532063945196569, 2115398.452143509872258 ], [ 3756273.926405391655862, 2115399.710425896570086 ], [ 3756270.62534131295979, 2115400.677538965828717 ], [ 3756266.072310752701014, 2115401.96114416513592 ], [ 3756264.944136428181082, 2115402.131947452202439 ], [ 3756264.024042762350291, 2115402.271239333320409 ], [ 3756264.021455892361701, 2115402.275387446396053 ], [ 3756262.635939878411591, 2115404.513103110715747 ], [ 3756263.305609298869967, 2115406.904722841456532 ], [ 3756265.627577339764684, 2115408.832632130943239 ], [ 3756267.235374114941806, 2115409.604969529435039 ], [ 3756268.046840498223901, 2115410.020456254482269 ], [ 3756270.183020173572004, 2115410.613459347747266 ], [ 3756272.137153080664575, 2115411.313654489815235 ], [ 3756273.564779968000948, 2115411.982460821047425 ], [ 3756275.371650658547878, 2115413.076829310506582 ], [ 3756276.99796326039359, 2115414.298080513719469 ], [ 3756277.848871955182403, 2115415.170536061748862 ], [ 3756280.393803084734827, 2115417.698768939822912 ], [ 3756281.464775297325104, 2115418.320491174701601 ], [ 3756281.942436803597957, 2115418.486520196311176 ], [ 3756283.767485981341451, 2115418.858171755447984 ], [ 3756285.108848080039024, 2115418.994204699061811 ], [ 3756287.168610884342343, 2115418.933319807983935 ], [ 3756291.637200130149722, 2115418.889474966563284 ], [ 3756293.143580387346447, 2115419.070305049419403 ], [ 3756296.377390564419329, 2115419.541597223840654 ], [ 3756297.464662185870111, 2115420.001583483070135 ], [ 3756297.869232727680355, 2115420.254570242483169 ], [ 3756303.707187750842422, 2115425.692185536026955 ], [ 3756304.71800753287971, 2115426.900425932370126 ], [ 3756308.342295579612255, 2115431.081156164873391 ], [ 3756310.371563747525215, 2115433.586999167688191 ], [ 3756310.938634781632572, 2115434.555908557027578 ], [ 3756311.189643848221749, 2115435.36397455772385 ], [ 3756311.263682309538126, 2115435.98804827965796 ], [ 3756311.247166887391359, 2115437.081187855452299 ], [ 3756310.887780821882188, 2115438.286375292576849 ], [ 3756310.366461426019669, 2115439.366222652606666 ], [ 3756309.559396677650511, 2115440.753050771541893 ], [ 3756308.66867193300277, 2115441.987341579049826 ], [ 3756307.460721740033478, 2115443.281161248683929 ], [ 3756306.053172850050032, 2115444.3631771216169 ], [ 3756304.496644963044673, 2115445.819511607289314 ], [ 3756303.215922552160919, 2115447.320345543324947 ], [ 3756300.917884476482868, 2115449.756823572330177 ], [ 3756299.03220800217241, 2115451.483946036547422 ], [ 3756298.125154937151819, 2115452.529519642237574 ], [ 3756298.233980285469443, 2115453.090317126363516 ], [ 3756299.006278969347477, 2115453.425223504193127 ], [ 3756299.071107296738774, 2115453.453382696025074 ], [ 3756299.54164933366701, 2115453.419724050909281 ], [ 3756300.800180449150503, 2115453.062692634295672 ], [ 3756304.772458739578724, 2115452.024572207592428 ], [ 3756304.839003384578973, 2115452.007145805284381 ], [ 3756306.012792635243386, 2115451.830090824514627 ], [ 3756306.907223416958004, 2115451.695096271112561 ], [ 3756310.466759609524161, 2115451.057918219827116 ], [ 3756311.202550550922751, 2115450.92621439229697 ], [ 3756313.455773280002177, 2115450.657204092480242 ], [ 3756314.209020340815187, 2115450.747660024091601 ], [ 3756314.878537707962096, 2115451.036048628389835 ], [ 3756315.197251101955771, 2115451.577422330155969 ], [ 3756315.162964111659676, 2115452.231493725441396 ], [ 3756314.879270004108548, 2115452.678483600728214 ], [ 3756314.13695536646992, 2115453.29813104076311 ], [ 3756309.963692435063422, 2115456.649667599238455 ], [ 3756308.529580047819763, 2115457.423625327181071 ], [ 3756306.022811790462583, 2115458.957936556544155 ], [ 3756303.453257597517222, 2115460.348076282534748 ], [ 3756302.52281067892909, 2115460.654676283709705 ], [ 3756300.652981419116259, 2115461.048350241500884 ], [ 3756300.273860502056777, 2115461.066857034340501 ], [ 3756299.740217071026564, 2115461.092914406210184 ], [ 3756297.534311885945499, 2115460.977049242239445 ], [ 3756294.639124320354313, 2115460.694626254960895 ], [ 3756292.03672512434423, 2115460.535373490303755 ], [ 3756291.556597610935569, 2115460.759169014170766 ], [ 3756291.339470935054123, 2115460.860419343691319 ], [ 3756291.001682333182544, 2115461.382501825224608 ], [ 3756291.054270268417895, 2115462.108747893944383 ], [ 3756290.936737736221403, 2115464.132661648094654 ], [ 3756290.532825871836394, 2115464.821104599628597 ], [ 3756289.274359739385545, 2115466.580263464711607 ], [ 3756288.629429034888744, 2115467.16093086078763 ], [ 3756287.952507327310741, 2115467.954729273915291 ], [ 3756288.336804309859872, 2115468.439871567767113 ], [ 3756289.265623691957444, 2115468.814520875923336 ], [ 3756289.714813541155308, 2115468.883017957210541 ], [ 3756290.652728346642107, 2115468.853368601296097 ], [ 3756290.859995406121016, 2115468.846857443917543 ], [ 3756291.940658573061228, 2115468.646572327706963 ], [ 3756294.515370482113212, 2115468.017214199528098 ], [ 3756298.954509233124554, 2115466.814349063672125 ], [ 3756302.86493277316913, 2115465.796410582959652 ], [ 3756303.437020357698202, 2115465.647481555119157 ], [ 3756304.579641832970083, 2115465.581637469120324 ], [ 3756305.026255847886205, 2115465.620352619327605 ], [ 3756305.994663625024259, 2115465.871037247590721 ], [ 3756308.936397668905556, 2115466.810018691234291 ], [ 3756310.020539819728583, 2115466.999995529651642 ], [ 3756310.083475763443857, 2115466.995643285568804 ], [ 3756310.861679680645466, 2115466.941975131165236 ], [ 3756311.468350886367261, 2115466.735541590489447 ], [ 3756312.330912430305034, 2115466.224895240738988 ], [ 3756312.620966038666666, 2115465.967649252153933 ], [ 3756314.946120685897768, 2115464.079456525389105 ], [ 3756320.683903490193188, 2115459.481298579834402 ], [ 3756322.767445444595069, 2115457.94602810125798 ], [ 3756324.272406723350286, 2115457.175485599786043 ], [ 3756324.696100002154708, 2115457.049817718565464 ], [ 3756325.156365233939141, 2115456.913235870189965 ], [ 3756325.635174507275224, 2115456.858794655650854 ], [ 3756327.00960538117215, 2115456.911696670111269 ], [ 3756328.203895648010075, 2115457.211521429009736 ], [ 3756328.653320571873337, 2115457.4001893857494 ], [ 3756329.819768581073731, 2115458.193457571323961 ], [ 3756330.12126375362277, 2115458.535989832133055 ], [ 3756330.542108845897019, 2115459.328262401744723 ], [ 3756330.749495029915124, 2115459.980062516406178 ], [ 3756331.718944216612726, 2115462.694358549080789 ], [ 3756332.286320434883237, 2115463.432968362234533 ], [ 3756332.638596850447357, 2115463.780787602532655 ], [ 3756333.71678706491366, 2115464.602181082125753 ], [ 3756335.363138149958104, 2115465.471105921082199 ], [ 3756338.597011459991336, 2115467.34452377865091 ], [ 3756340.081489351578057, 2115468.438758633099496 ], [ 3756341.780603267252445, 2115469.803449507802725 ], [ 3756342.661481185816228, 2115470.673218719661236 ], [ 3756345.057389141060412, 2115473.225217243656516 ], [ 3756346.357713670935482, 2115474.987460462376475 ], [ 3756347.120660315733403, 2115476.35886163637042 ], [ 3756347.387763313017786, 2115477.235474666114897 ], [ 3756347.46032034792006, 2115477.959864075761288 ], [ 3756347.464624318294227, 2115479.762194632552564 ], [ 3756347.160892061889172, 2115480.561510439030826 ], [ 3756346.99506010953337, 2115480.857338082510978 ], [ 3756346.450916917994618, 2115481.438536858651787 ], [ 3756346.016049633733928, 2115481.769300089217722 ], [ 3756345.212635835632682, 2115482.264434014447033 ], [ 3756344.556582305580378, 2115482.36537872068584 ], [ 3756344.250736569985747, 2115482.327604217454791 ], [ 3756343.538388811517507, 2115482.239520859904587 ], [ 3756342.856531050987542, 2115482.04235072620213 ], [ 3756341.131397594697773, 2115481.31094855396077 ], [ 3756339.218990320339799, 2115480.276425979100168 ], [ 3756335.925778869539499, 2115478.648901947773993 ], [ 3756333.358671708963811, 2115477.264570641331375 ], [ 3756331.098112564533949, 2115476.282351813279092 ], [ 3756330.287911149673164, 2115476.617109108716249 ], [ 3756330.222755690105259, 2115476.643973381258547 ], [ 3756329.990990920457989, 2115476.875779992435127 ], [ 3756329.603849292732775, 2115477.642827414907515 ], [ 3756329.534746771212667, 2115478.009721311274916 ], [ 3756329.567076560109854, 2115478.968220830429345 ], [ 3756329.804392034187913, 2115480.318258855491877 ], [ 3756330.434155547991395, 2115483.064043750055134 ], [ 3756330.782533586956561, 2115483.833030787296593 ], [ 3756331.838434996083379, 2115485.798242840915918 ], [ 3756333.217897047288716, 2115488.594692086335272 ], [ 3756333.353894603438675, 2115489.353206494823098 ], [ 3756333.753083365038037, 2115490.477934397291392 ], [ 3756334.126871277112514, 2115491.074231742881238 ], [ 3756334.937425103038549, 2115491.830359060782939 ], [ 3756335.269512803759426, 2115492.059961961582303 ], [ 3756336.598054001107812, 2115492.747992075048387 ], [ 3756337.680797254666686, 2115493.038170520216227 ], [ 3756338.128170931711793, 2115493.086829224601388 ], [ 3756340.825459939427674, 2115493.177205548621714 ], [ 3756348.569818678312004, 2115494.441969664767385 ], [ 3756352.410676664207131, 2115495.177534057758749 ], [ 3756353.258106487803161, 2115495.659727848134935 ], [ 3756355.365629132837057, 2115497.086798842065036 ], [ 3756356.66042367182672, 2115498.318771469406784 ], [ 3756356.903484856709838, 2115499.267676270566881 ], [ 3756358.038976993411779, 2115503.438805828802288 ], [ 3756358.56234237505123, 2115504.251563420984894 ], [ 3756359.150826968252659, 2115505.46896674670279 ], [ 3756359.281702629756182, 2115506.518370705656707 ], [ 3756359.294624649919569, 2115508.420171121601015 ], [ 3756359.050585565157235, 2115510.145321954041719 ], [ 3756358.609857621602714, 2115511.808605453930795 ], [ 3756357.956347353756428, 2115513.341474421322346 ], [ 3756357.072294984012842, 2115515.586685658898205 ], [ 3756356.839358772151172, 2115516.739984516985714 ], [ 3756356.176508465781808, 2115519.215112560428679 ], [ 3756355.527839909307659, 2115519.986369445919991 ], [ 3756355.228660834487528, 2115520.254470832645893 ], [ 3756353.121079936623573, 2115521.862034026533365 ], [ 3756352.566952888853848, 2115522.444161310791969 ], [ 3756352.229499340523034, 2115523.086397937964648 ], [ 3756352.131028720643371, 2115523.69649921823293 ], [ 3756352.307823465205729, 2115524.461228640750051 ], [ 3756352.797231682576239, 2115524.996736075729132 ], [ 3756353.666598878800869, 2115525.617196842096746 ], [ 3756355.292387824039906, 2115526.948674090206623 ], [ 3756356.355806378647685, 2115528.182039341423661 ], [ 3756356.765573871321976, 2115528.845141941215843 ], [ 3756357.478545752353966, 2115530.571751571260393 ], [ 3756358.242116988636553, 2115531.83290941407904 ], [ 3756359.078665865585208, 2115532.656769956927747 ], [ 3756359.445000190287828, 2115532.933225288055837 ], [ 3756360.152390890289098, 2115533.186223411001265 ], [ 3756360.40128015447408, 2115533.275194012094289 ], [ 3756360.985724489670247, 2115533.160890777595341 ], [ 3756361.729465760756284, 2115532.79149535484612 ], [ 3756362.239900166168809, 2115532.403572336304933 ], [ 3756365.059550988487899, 2115530.409543424844742 ], [ 3756366.131071491166949, 2115530.220016077160835 ], [ 3756367.929274208378047, 2115529.812886086292565 ], [ 3756368.464290663134307, 2115529.242542486637831 ], [ 3756368.582730271387845, 2115528.630585203878582 ], [ 3756367.767386710736901, 2115524.549961400218308 ], [ 3756367.852962864562869, 2115523.790851941332221 ], [ 3756368.109537751413882, 2115522.79557700175792 ], [ 3756368.538638307712972, 2115521.81437271554023 ], [ 3756369.559851409867406, 2115520.107303991913795 ], [ 3756370.77807214576751, 2115518.582158982753754 ], [ 3756371.43214316572994, 2115517.990735218860209 ], [ 3756372.606442953459918, 2115517.240842102095485 ], [ 3756373.902482412755489, 2115516.698571690823883 ], [ 3756373.928618535399437, 2115516.687652811408043 ], [ 3756374.178921710699797, 2115516.648934485390782 ], [ 3756375.061862153932452, 2115516.512396020814776 ], [ 3756378.557254241313785, 2115515.88349312916398 ], [ 3756379.426217492669821, 2115515.727091446518898 ], [ 3756381.393123667687178, 2115515.524737387895584 ], [ 3756384.511220610234886, 2115515.355715383775532 ], [ 3756388.852437134366482, 2115515.003182648681104 ], [ 3756391.879161866847426, 2115514.592375857755542 ], [ 3756397.5015510302037, 2115513.910723395645618 ], [ 3756399.315710006747395, 2115513.922824488021433 ], [ 3756400.595665918197483, 2115514.164644028060138 ], [ 3756402.343108000233769, 2115514.80380205065012 ], [ 3756404.094455162994564, 2115515.72301037888974 ], [ 3756408.267973321024328, 2115517.979979427531362 ], [ 3756410.707232950720936, 2115519.516401262953877 ], [ 3756411.863931463100016, 2115520.430767868645489 ], [ 3756413.146483885124326, 2115521.753942646086216 ], [ 3756414.233031272888184, 2115523.255656648427248 ], [ 3756414.649667082354426, 2115523.998177780304104 ], [ 3756414.845822831615806, 2115524.871391756460071 ], [ 3756414.91497557843104, 2115525.906524907797575 ], [ 3756414.779932041652501, 2115526.910516827832907 ], [ 3756414.618393439799547, 2115527.255980907939374 ], [ 3756413.86890718434006, 2115528.026507874019444 ], [ 3756413.441547996364534, 2115528.326544445008039 ], [ 3756411.662212416995317, 2115529.302838332019746 ], [ 3756410.220983086153865, 2115529.877107034437358 ], [ 3756405.663730276282877, 2115531.811979494988918 ], [ 3756403.948693559970707, 2115532.832326017785817 ], [ 3756403.460515097714961, 2115533.478571770712733 ], [ 3756403.408806225284934, 2115533.813827220350504 ], [ 3756403.583594676107168, 2115534.789098989684135 ], [ 3756404.164745712187141, 2115536.738217468373477 ], [ 3756404.711056808009744, 2115539.101180232595652 ], [ 3756404.783135436940938, 2115540.286348146386445 ], [ 3756404.613610291387886, 2115541.123317419551313 ], [ 3756404.500277186743915, 2115541.444286619313061 ], [ 3756403.583234235644341, 2115543.191906728316098 ], [ 3756402.793307323474437, 2115545.127947013825178 ], [ 3756402.935855617746711, 2115545.845823548734188 ], [ 3756403.868039600551128, 2115546.610652354545891 ], [ 3756404.301568390801549, 2115546.730740705039352 ], [ 3756405.187173664104193, 2115546.83881560806185 ], [ 3756406.844503585249186, 2115546.779711102135479 ], [ 3756406.944525365717709, 2115546.776039458811283 ], [ 3756408.790408173575997, 2115546.454642441123724 ], [ 3756410.735594762954861, 2115546.135933279059827 ], [ 3756411.889363626018167, 2115545.946950289886445 ], [ 3756412.769292828161269, 2115546.105688225943595 ], [ 3756413.944805963430554, 2115546.537450711242855 ], [ 3756414.627468409016728, 2115547.095116139389575 ], [ 3756414.988361988216639, 2115547.54240492079407 ], [ 3756417.147644353099167, 2115550.036247157491744 ], [ 3756417.930250698700547, 2115550.584615729749203 ], [ 3756420.426272444427013, 2115551.845361693762243 ], [ 3756421.102194615174085, 2115552.674045822583139 ], [ 3756421.507888949941844, 2115553.407583796419203 ], [ 3756422.350568075664341, 2115555.352492780424654 ], [ 3756422.589906700886786, 2115556.492085187230259 ], [ 3756423.070833703503013, 2115557.979778056964278 ], [ 3756424.077916017733514, 2115559.378607442602515 ], [ 3756424.496999517083168, 2115559.800473099574447 ], [ 3756426.376997332088649, 2115561.859554678201675 ], [ 3756426.94986005499959, 2115562.777882411144674 ], [ 3756428.031977640464902, 2115564.93089894624427 ], [ 3756428.231378420256078, 2115566.074203603900969 ], [ 3756428.346571147441864, 2115567.876219470519572 ], [ 3756428.267833107151091, 2115570.116888360120356 ], [ 3756427.988970251753926, 2115574.940044062677771 ], [ 3756427.713407340925187, 2115576.067190405447036 ], [ 3756426.985760339535773, 2115577.907469963654876 ], [ 3756425.8686557658948, 2115580.254420728422701 ], [ 3756425.27406746847555, 2115580.950486720539629 ], [ 3756422.063466784544289, 2115583.201145312748849 ], [ 3756421.54996303236112, 2115584.019966670311987 ], [ 3756421.400886504910886, 2115584.39430110482499 ], [ 3756420.860787340439856, 2115586.307205782271922 ], [ 3756420.816578685306013, 2115587.312854897230864 ], [ 3756420.988055, 2115589.299974775873125 ], [ 3756421.228662649169564, 2115593.02324996329844 ], [ 3756421.124812789727002, 2115594.505091818515211 ], [ 3756420.761145231314003, 2115596.712117729708552 ], [ 3756420.29217683384195, 2115599.099159776233137 ], [ 3756419.859978047199547, 2115600.160809016786516 ], [ 3756419.376329421531409, 2115600.976862595416605 ], [ 3756418.270380857866257, 2115602.401394565589726 ], [ 3756417.444120223633945, 2115603.098902456462383 ], [ 3756415.842464192770422, 2115604.148833504877985 ], [ 3756414.860904161818326, 2115604.329992284998298 ], [ 3756414.71416335599497, 2115604.31945719756186 ], [ 3756414.191941443830729, 2115604.281830975785851 ], [ 3756413.225054253358394, 2115604.051033769734204 ], [ 3756408.613119069486856, 2115603.016510005574673 ], [ 3756407.454839111305773, 2115603.1339454902336 ], [ 3756407.314575508236885, 2115603.221518610138446 ], [ 3756403.411163012962788, 2115605.652128658257425 ], [ 3756402.036316903773695, 2115608.163253318984061 ], [ 3756403.085869050584733, 2115609.237600296735764 ], [ 3756406.390273984521627, 2115610.994373269379139 ], [ 3756407.024093323852867, 2115611.68667843285948 ], [ 3756407.663748649414629, 2115612.678954622708261 ], [ 3756408.481833937577903, 2115614.455929031595588 ], [ 3756410.257392695173621, 2115618.457549451384693 ], [ 3756410.38943340536207, 2115619.286581327673048 ], [ 3756410.638712386600673, 2115620.074694182723761 ], [ 3756411.46247382229194, 2115621.801005606539547 ], [ 3756411.712611459661275, 2115622.599045812152326 ], [ 3756411.815124152228236, 2115623.320651037618518 ], [ 3756411.76495894510299, 2115623.906241058837622 ], [ 3756411.468926679342985, 2115624.444449638016522 ], [ 3756411.087182287592441, 2115624.690111845731735 ], [ 3756410.444214437622577, 2115624.709684205241501 ], [ 3756410.258991225156933, 2115624.669097796082497 ], [ 3756409.705025744158775, 2115624.547865325119346 ], [ 3756407.923078273888677, 2115624.442708609625697 ], [ 3756407.546730320900679, 2115624.680843621492386 ], [ 3756407.292716666124761, 2115624.841686993837357 ], [ 3756407.295285562053323, 2115625.572589260526001 ], [ 3756407.506466108839959, 2115627.435827161185443 ], [ 3756407.752310764044523, 2115628.184230671264231 ], [ 3756408.470406849868596, 2115629.619950061663985 ], [ 3756409.37162044737488, 2115630.958470470272005 ], [ 3756410.618880666792393, 2115632.455245851539075 ], [ 3756412.306622837670147, 2115634.622282789088786 ], [ 3756412.847177850082517, 2115635.633685108274221 ], [ 3756413.231233217287809, 2115636.699776606634259 ], [ 3756413.405834139790386, 2115637.905430294573307 ], [ 3756413.435951888561249, 2115638.254588234703988 ], [ 3756582.004997625946999, 2115813.940951894503087 ], [ 3756582.56134947296232, 2115814.032395981252193 ], [ 3756582.710290919989347, 2115814.056867287959903 ], [ 3756583.729052572045475, 2115813.520474134013057 ], [ 3756584.109365563839674, 2115813.024560201913118 ], [ 3756584.560623237397522, 2115812.813640397507697 ], [ 3756584.777421022765338, 2115812.712242308072746 ], [ 3756585.675128118135035, 2115812.608927466906607 ], [ 3756586.967945256270468, 2115812.64929976221174 ], [ 3756587.737944801338017, 2115812.818261637352407 ], [ 3756590.009297737386078, 2115813.458925052545965 ], [ 3756593.354690827429295, 2115814.290410574991256 ], [ 3756593.679292953573167, 2115814.260280915070325 ], [ 3756594.164156066719443, 2115814.215319384820759 ], [ 3756595.862406937405467, 2115813.817485929001123 ], [ 3756596.90910512721166, 2115813.339951339177787 ], [ 3756600.995351717341691, 2115811.60593085270375 ], [ 3756601.106899593491107, 2115811.558492288924754 ], [ 3756602.130985704250634, 2115811.403501552995294 ], [ 3756604.059124162886292, 2115811.334841893054545 ], [ 3756605.372244881931692, 2115811.493512693792582 ], [ 3756607.349966272246093, 2115812.001177643425763 ], [ 3756613.698253811337054, 2115813.545686871744692 ], [ 3756615.218571262434125, 2115813.65507010743022 ], [ 3756617.656678748782724, 2115813.659364909864962 ], [ 3756618.815545922610909, 2115813.081233722157776 ], [ 3756619.007277722470462, 2115812.73516084626317 ], [ 3756619.260011921171099, 2115812.278837111312896 ], [ 3756619.284294237848371, 2115811.625596797093749 ], [ 3756619.255979461595416, 2115810.947231009602547 ], [ 3756619.730969827622175, 2115810.38237475650385 ], [ 3756620.137296646367759, 2115810.167929975315928 ], [ 3756620.145241738762707, 2115810.163711025379598 ], [ 3756620.84616126678884, 2115809.998545731883496 ], [ 3756622.577512110583484, 2115809.868035670369864 ], [ 3756623.113224807195365, 2115809.888454649597406 ], [ 3756623.76986145041883, 2115810.027932570781559 ], [ 3756625.519018681719899, 2115810.686943249776959 ], [ 3756627.74550147075206, 2115811.391828345134854 ], [ 3756628.721937647555023, 2115811.501559536904097 ], [ 3756632.549015418626368, 2115812.078088656067848 ], [ 3756633.446146616712213, 2115812.435568972490728 ], [ 3756634.886682090349495, 2115813.25347994081676 ], [ 3756640.257889093831182, 2115815.499523711390793 ], [ 3756641.32539441017434, 2115815.731082033365965 ], [ 3756642.918277498800308, 2115815.863735251128674 ], [ 3756645.692918078973889, 2115816.267554891295731 ], [ 3756648.859384794719517, 2115816.775025989860296 ], [ 3756650.291507057845592, 2115817.263184703886509 ], [ 3756652.666200465522707, 2115818.284927850589156 ], [ 3756653.486267713829875, 2115818.799785124137998 ], [ 3756654.029656411148608, 2115819.260117639321834 ], [ 3756655.114680333994329, 2115820.511593552306294 ], [ 3756656.623212121427059, 2115822.58500802796334 ], [ 3756656.942384463734925, 2115823.366622949950397 ], [ 3756657.006107866764069, 2115823.871469215489924 ], [ 3756656.837650975212455, 2115824.488081680610776 ], [ 3756656.377462429925799, 2115824.991419220343232 ], [ 3756655.749010482337326, 2115825.179869662038982 ], [ 3756655.05447370139882, 2115825.244320172816515 ], [ 3756654.959613443817943, 2115825.253087757155299 ], [ 3756649.432025542482734, 2115825.865782603621483 ], [ 3756649.161808194592595, 2115825.971486587077379 ], [ 3756648.827950038015842, 2115826.102095645852387 ], [ 3756648.330840094480664, 2115826.528815070167184 ], [ 3756647.157392467837781, 2115827.288536123931408 ], [ 3756646.579599683173001, 2115827.362185378558934 ], [ 3756644.614131842274219, 2115827.814791495911777 ], [ 3756644.60328428959474, 2115828.506911023985595 ], [ 3756645.173526804894209, 2115829.044904111884534 ], [ 3756645.512148893903941, 2115829.233771032653749 ], [ 3756651.510341936722398, 2115831.391777574084699 ], [ 3756652.351221405435354, 2115831.914607768412679 ], [ 3756653.438789926469326, 2115832.845412443391979 ], [ 3756653.86593701550737, 2115833.476777510717511 ], [ 3756654.06334245018661, 2115834.129504369571805 ], [ 3756654.114202381577343, 2115834.83579576574266 ], [ 3756654.114036532118917, 2115836.81886732717976 ], [ 3756653.857657504733652, 2115837.583759394474328 ], [ 3756653.494549016002566, 2115838.278415420092642 ], [ 3756653.016025754623115, 2115838.803578266873956 ], [ 3756651.473983167670667, 2115840.078237423673272 ], [ 3756650.847583505325019, 2115840.406696924008429 ], [ 3756648.513902890030295, 2115841.844946834258735 ], [ 3756648.038578156381845, 2115842.289648806676269 ], [ 3756647.106467952486128, 2115842.926944808103144 ], [ 3756646.314428005367517, 2115843.320850637275726 ], [ 3756645.764233380556107, 2115843.482006028294563 ], [ 3756642.796618261840194, 2115844.227870195172727 ], [ 3756642.250845507718623, 2115844.278463333845139 ], [ 3756641.257663339842111, 2115844.370611138641834 ], [ 3756638.34773356327787, 2115844.500258576590568 ], [ 3756631.579271969851106, 2115844.857499517966062 ], [ 3756630.908404930029064, 2115845.019864699803293 ], [ 3756630.861446575727314, 2115845.039424022659659 ], [ 3756630.22767530893907, 2115845.303246336989105 ], [ 3756628.932613698765635, 2115846.054365013260394 ], [ 3756628.504096135962754, 2115846.574773686472327 ], [ 3756628.357660808600485, 2115847.329539417289197 ], [ 3756628.445646807551384, 2115847.882166465744376 ], [ 3756628.788960087578744, 2115848.591473749838769 ], [ 3756629.011879866942763, 2115848.841244598384947 ], [ 3756629.91707410896197, 2115849.408224679529667 ], [ 3756633.96509844250977, 2115850.79551846254617 ], [ 3756635.704239438287914, 2115851.105003223754466 ], [ 3756639.22096258867532, 2115851.820478091016412 ], [ 3756640.335086300037801, 2115852.358123259618878 ], [ 3756640.668891452252865, 2115852.607580289710313 ], [ 3756641.925468512810767, 2115853.863117191940546 ], [ 3756643.917085482738912, 2115855.581371611915529 ], [ 3756645.206526895519346, 2115856.984060456976295 ], [ 3756648.865046605467796, 2115860.861179431900382 ], [ 3756649.338867560960352, 2115861.059347785077989 ], [ 3756649.492049123160541, 2115861.123497399967164 ], [ 3756650.293785776011646, 2115860.959060470573604 ], [ 3756650.940154170617461, 2115860.628744541667402 ], [ 3756651.777539338450879, 2115859.709839791059494 ], [ 3756652.582583910785615, 2115858.533556298352778 ], [ 3756653.563576666638255, 2115856.709835732355714 ], [ 3756655.298749940469861, 2115853.704659310169518 ], [ 3756656.564940276555717, 2115852.034949378110468 ], [ 3756658.167365638539195, 2115850.293943471740931 ], [ 3756659.086155298165977, 2115849.617850218899548 ], [ 3756660.466259792912751, 2115848.918970027938485 ], [ 3756661.670518903527409, 2115848.166391979902983 ], [ 3756662.500495841726661, 2115847.278197864070535 ], [ 3756664.833959585055709, 2115845.018757780082524 ], [ 3756665.725509237963706, 2115844.495417448692024 ], [ 3756667.238518556579947, 2115843.86380191706121 ], [ 3756667.514529026579112, 2115843.748592971358448 ], [ 3756668.25056890072301, 2115843.640305863693357 ], [ 3756669.33952405443415, 2115843.76969241630286 ], [ 3756669.685653357300907, 2115843.927833154797554 ], [ 3756673.270879942458123, 2115845.438231643289328 ], [ 3756673.486288487911224, 2115845.427469410002232 ], [ 3756673.972992471884936, 2115845.40314816031605 ], [ 3756674.770420304033905, 2115845.188977086916566 ], [ 3756676.273887284100056, 2115844.518752043135464 ], [ 3756677.617791607044637, 2115843.632995260879397 ], [ 3756679.162622545845807, 2115842.823111677542329 ], [ 3756679.265736370813102, 2115842.769098985940218 ], [ 3756680.139081569388509, 2115842.618020987138152 ], [ 3756680.703030021861196, 2115842.615801372565329 ], [ 3756681.933599208947271, 2115842.752131853252649 ], [ 3756684.009529793635011, 2115843.230548386462033 ], [ 3756687.008668694179505, 2115843.783807756379247 ], [ 3756687.864620851352811, 2115843.664367991499603 ], [ 3756688.50930367782712, 2115843.664651233702898 ], [ 3756689.257092423271388, 2115843.925842130091041 ], [ 3756689.725087479688227, 2115844.212854891084135 ], [ 3756690.404650703538209, 2115844.85096416156739 ], [ 3756690.935191273223609, 2115845.512839748058468 ], [ 3756692.06223707459867, 2115847.251064894720912 ], [ 3756694.300920272246003, 2115850.899374428205192 ], [ 3756694.502185383811593, 2115851.481599726248533 ], [ 3756694.61811969615519, 2115852.241984482854605 ], [ 3756694.596272197552025, 2115853.505938165355474 ], [ 3756694.309081376995891, 2115854.263686611317098 ], [ 3756693.913632657378912, 2115854.700963485054672 ], [ 3756693.226656696759164, 2115854.794682698324323 ], [ 3756692.920524556655437, 2115854.719805274158716 ], [ 3756692.454940640367568, 2115854.605865486897528 ], [ 3756691.984688990749419, 2115854.409126748330891 ], [ 3756691.470714429393411, 2115854.056138741783798 ], [ 3756690.992786327842623, 2115853.419486804865301 ], [ 3756690.083240816835314, 2115851.751102026551962 ], [ 3756688.225771484896541, 2115848.668476526625454 ], [ 3756687.835781977511942, 2115848.233900055289268 ], [ 3756686.538007402326912, 2115847.20246298564598 ], [ 3756685.849715942051262, 2115847.046012511942536 ], [ 3756685.146441704593599, 2115847.301467434503138 ], [ 3756685.113827242515981, 2115847.348984889686108 ], [ 3756684.779563880525529, 2115847.836259623989463 ], [ 3756684.571488826535642, 2115848.576640153769404 ], [ 3756684.568133249413222, 2115849.237935020122677 ], [ 3756684.75576655799523, 2115851.413898827042431 ], [ 3756685.231985800433904, 2115855.415873534046113 ], [ 3756685.77585968375206, 2115858.800605464726686 ], [ 3756686.259365448728204, 2115861.019196338020265 ], [ 3756686.695874656550586, 2115861.759876162745059 ], [ 3756687.222744667436928, 2115862.261872135102749 ], [ 3756687.593372126109898, 2115862.342914709355682 ], [ 3756687.705237373709679, 2115862.367408729158342 ], [ 3756688.371370230801404, 2115862.265520027372986 ], [ 3756688.988005707971752, 2115862.05806103721261 ], [ 3756689.497927227988839, 2115861.780464152805507 ], [ 3756691.201205274555832, 2115861.094376098364592 ], [ 3756691.532477723900229, 2115860.960867605172098 ], [ 3756692.331957552116364, 2115860.886705372482538 ], [ 3756694.017929369583726, 2115860.930741531774402 ], [ 3756694.768802324309945, 2115861.111389363184571 ], [ 3756696.541377658490092, 2115861.808351648040116 ], [ 3756697.444723350927234, 2115862.005040583200753 ], [ 3756697.866529864259064, 2115861.959820358548313 ], [ 3756698.133416565600783, 2115861.931175998877734 ], [ 3756699.522398094180971, 2115861.654797739349306 ], [ 3756700.490306248888373, 2115861.462280648760498 ], [ 3756702.051805112045258, 2115861.347466840408742 ], [ 3756704.011863711290061, 2115861.416147938929498 ], [ 3756704.641965561080724, 2115861.598021492362022 ], [ 3756705.241082028020173, 2115862.003230901435018 ], [ 3756705.390943740028888, 2115862.690412072464824 ], [ 3756706.111745546106249, 2115865.20746568357572 ], [ 3756706.685390714090317, 2115865.434715046547353 ], [ 3756707.280151030514389, 2115865.439638616517186 ], [ 3756707.317772711627185, 2115865.434090225026011 ], [ 3756708.205135509837419, 2115865.303775088861585 ], [ 3756709.926551359705627, 2115864.823627134785056 ], [ 3756716.817861176095903, 2115862.972788261249661 ], [ 3756719.543680288828909, 2115862.109110656194389 ], [ 3756721.445757538545877, 2115861.271814577281475 ], [ 3756722.95538398437202, 2115860.800327324308455 ], [ 3756723.407422981224954, 2115860.659150873310864 ], [ 3756724.176964691840112, 2115860.587871457450092 ], [ 3756725.987665397115052, 2115860.560165532398969 ], [ 3756727.539127993397415, 2115860.796847655437887 ], [ 3756728.889420085586607, 2115861.152406580746174 ], [ 3756729.883295486681163, 2115861.581051470711827 ], [ 3756731.538131911307573, 2115862.549264191649854 ], [ 3756733.424687422811985, 2115863.866586777381599 ], [ 3756737.069708980619907, 2115866.302802931517363 ], [ 3756738.980762818828225, 2115867.788076157681644 ], [ 3756740.585436611436307, 2115869.34187697712332 ], [ 3756742.349149298388511, 2115871.221436249092221 ], [ 3756743.768009781371802, 2115873.072821659035981 ], [ 3756745.375590548384935, 2115875.477676348760724 ], [ 3756746.497437063138932, 2115876.805786176584661 ], [ 3756748.398790075443685, 2115878.762708427384496 ], [ 3756749.279957262799144, 2115879.402078742161393 ], [ 3756750.788665540516376, 2115880.193639012053609 ], [ 3756752.160005623474717, 2115880.677341223694384 ], [ 3756754.375422070268542, 2115881.253156529739499 ], [ 3756755.188655260484666, 2115881.360381278209388 ], [ 3756755.445151723455638, 2115881.39424538705498 ], [ 3756756.093047992791981, 2115881.314166260883212 ], [ 3756756.637739510275424, 2115880.973195789381862 ], [ 3756757.032852871343493, 2115880.415765519719571 ], [ 3756757.089679390192032, 2115879.789622208569199 ], [ 3756757.016593651846051, 2115879.175461674109101 ], [ 3756756.803074299823493, 2115876.000382241792977 ], [ 3756757.204737565480173, 2115875.402314716018736 ], [ 3756757.675244617275894, 2115875.018204146064818 ], [ 3756758.193417437374592, 2115874.719727208837867 ], [ 3756758.992824642453343, 2115874.421872503124177 ], [ 3756759.266951652243733, 2115874.31975799286738 ], [ 3756759.933084043674171, 2115874.217870105057955 ], [ 3756760.878387394826859, 2115874.200403427239507 ], [ 3756761.576761566568166, 2115874.355910146608949 ], [ 3756762.373948387801647, 2115874.722687794826925 ], [ 3756765.79233144922182, 2115876.398703292943537 ], [ 3756769.06954085547477, 2115877.957662641070783 ], [ 3756769.962665263563395, 2115878.035110234282911 ], [ 3756772.370649579912424, 2115878.392678246833384 ], [ 3756773.188427732791752, 2115878.647357021458447 ], [ 3756773.98819044418633, 2115879.043916660360992 ], [ 3756774.548971737734973, 2115879.472611110191792 ], [ 3756776.642100592609495, 2115880.850889447145164 ], [ 3756777.524429199751467, 2115881.269888584502041 ], [ 3756778.231070401147008, 2115881.404612712562084 ], [ 3756778.504134840331972, 2115881.383012562990189 ], [ 3756778.991387077607214, 2115881.344205361790955 ], [ 3756779.750593415927142, 2115881.153602440841496 ], [ 3756780.461783560924232, 2115880.757113835774362 ], [ 3756781.909268350340426, 2115879.671490031760186 ], [ 3756782.418602806981653, 2115879.153472002595663 ], [ 3756783.026146956253797, 2115878.255948256701231 ], [ 3756784.190068863332272, 2115877.036282958462834 ], [ 3756784.76964498963207, 2115876.632020717486739 ], [ 3756785.992205562070012, 2115875.507168527692556 ], [ 3756787.553832438308746, 2115873.759953786619008 ], [ 3756787.988647563382983, 2115873.078641795553267 ], [ 3756788.415163752622902, 2115872.067659988999367 ], [ 3756788.555588376242667, 2115871.243405192159116 ], [ 3756788.568404627963901, 2115870.691409872379154 ], [ 3756788.423568767495453, 2115869.012239458970726 ], [ 3756788.049893140792847, 2115866.783442671410739 ], [ 3756787.493109956849366, 2115864.882192196324468 ], [ 3756786.566716198809445, 2115862.434200585819781 ], [ 3756785.784083156846464, 2115860.83426268119365 ], [ 3756784.30117008741945, 2115857.656760539859533 ], [ 3756784.219482726883143, 2115856.94322906434536 ], [ 3756784.296806782949716, 2115855.503886088728905 ], [ 3756784.536264845635742, 2115855.010974189266562 ], [ 3756784.870849234983325, 2115854.569355708546937 ], [ 3756784.977253033779562, 2115854.515006595756859 ], [ 3756784.980440364219248, 2115854.513377912342548 ], [ 3756785.517315864562988, 2115854.23902594903484 ], [ 3756786.137097851838917, 2115854.30167435342446 ], [ 3756786.762732454109937, 2115854.664390748366714 ], [ 3756787.36240373365581, 2115855.309826390817761 ], [ 3756788.720063643530011, 2115857.036714927759022 ], [ 3756790.721405381336808, 2115859.334891499951482 ], [ 3756791.464073129929602, 2115859.88697175309062 ], [ 3756793.317648728843778, 2115861.057061426341534 ], [ 3756794.167735390365124, 2115861.218666469212621 ], [ 3756794.370324410498142, 2115861.211410514079034 ], [ 3756794.519121812656522, 2115861.20610521780327 ], [ 3756796.301636851392686, 2115860.850473594851792 ], [ 3756798.081780333071947, 2115860.234777752775699 ], [ 3756798.834837824571878, 2115860.06169205904007 ], [ 3756799.760818611830473, 2115859.84874982945621 ], [ 3756800.37640600791201, 2115859.86174562945962 ], [ 3756800.662270227912813, 2115859.835233523510396 ], [ 3756801.525652945041656, 2115859.75515309907496 ], [ 3756802.12802569149062, 2115859.499085382558405 ], [ 3756803.930415236391127, 2115858.440496956463903 ], [ 3756804.569441579747945, 2115857.79042506031692 ], [ 3756805.848951434716582, 2115856.159519601613283 ], [ 3756807.659057283774018, 2115854.138805923983455 ], [ 3756808.424143835902214, 2115853.667258816771209 ], [ 3756808.764451037161052, 2115853.525528406724334 ], [ 3756809.374139580409974, 2115853.388271782547235 ], [ 3756810.276230667252094, 2115853.185075895860791 ], [ 3756811.07089265063405, 2115853.171505600214005 ], [ 3756811.684140128083527, 2115853.274889683350921 ], [ 3756812.534447213634849, 2115853.556566919200122 ], [ 3756813.338518177624792, 2115854.002861776389182 ], [ 3756815.445163300726563, 2115855.419906271621585 ], [ 3756817.931765680201352, 2115856.921904817223549 ], [ 3756818.632462449837476, 2115857.116497859358788 ], [ 3756818.716056658886373, 2115857.1396753503941 ], [ 3756819.227407360915095, 2115857.112331428565085 ], [ 3756819.767601199448109, 2115856.952007919549942 ], [ 3756820.1692647007294, 2115856.353941645938903 ], [ 3756820.046781021170318, 2115855.634195398539305 ], [ 3756819.733186140656471, 2115854.801934969611466 ], [ 3756819.010271599516273, 2115853.426809609867632 ], [ 3756818.500559493899345, 2115852.77300541754812 ], [ 3756817.174759992863983, 2115850.832807030528784 ], [ 3756817.151900408789515, 2115849.983708485029638 ], [ 3756817.1927485819906, 2115849.639357049018145 ], [ 3756817.670590297784656, 2115847.822418006137013 ], [ 3756817.992567284032702, 2115847.001395737752318 ], [ 3756818.108946930151433, 2115846.910782380960882 ], [ 3756818.445666018407792, 2115846.648826206568629 ], [ 3756819.050410232506692, 2115846.65282306401059 ], [ 3756819.646264690905809, 2115846.787845276296139 ], [ 3756820.343507512938231, 2115847.163920224644244 ], [ 3756820.675929415971041, 2115847.513676855713129 ], [ 3756821.343722529243678, 2115848.483328172937036 ], [ 3756822.608374564908445, 2115849.948463245294988 ], [ 3756823.285920724738389, 2115850.095899587962776 ], [ 3756825.808187460526824, 2115850.84353098180145 ], [ 3756826.607425715774298, 2115851.350317826494575 ], [ 3756828.048749890178442, 2115852.528626236133277 ], [ 3756828.621279442682862, 2115853.326797926798463 ], [ 3756828.876538947224617, 2115853.833946927916259 ], [ 3756829.1189348064363, 2115854.542540437541902 ], [ 3756829.235553739592433, 2115855.543329675681889 ], [ 3756829.530305992346257, 2115856.857995647005737 ], [ 3756830.140721287578344, 2115857.51244670432061 ], [ 3756830.610448421910405, 2115857.819412668701261 ], [ 3756831.771916106808931, 2115858.322637753095478 ], [ 3756833.482478251680732, 2115859.235729153268039 ], [ 3756834.06184543762356, 2115859.762867038138211 ], [ 3756834.865660155192018, 2115860.790010715834796 ], [ 3756837.102846845518798, 2115863.837417914066464 ], [ 3756837.216744072269648, 2115864.457890994846821 ], [ 3756837.243006798904389, 2115864.996246378403157 ], [ 3756837.117162837646902, 2115865.63891046307981 ], [ 3756836.695530585944653, 2115866.238832646049559 ], [ 3756836.086859799921513, 2115866.65580532560125 ], [ 3756835.37474841112271, 2115866.691716860979795 ], [ 3756835.200767120812088, 2115866.673554892186075 ], [ 3756829.225309532135725, 2115866.050169882364571 ], [ 3756828.491224200464785, 2115866.298479532822967 ], [ 3756828.485025798901916, 2115866.302211455069482 ], [ 3756822.79653676552698, 2115869.760974033270031 ], [ 3756820.66126545611769, 2115871.2809366020374 ], [ 3756817.372868160717189, 2115873.679011956322938 ], [ 3756815.955907882656902, 2115875.002173837274313 ], [ 3756814.902150000445545, 2115876.331783178262413 ], [ 3756812.736854420043528, 2115878.906116431578994 ], [ 3756812.001721622422338, 2115879.37487970944494 ], [ 3756807.883813263382763, 2115881.14889837987721 ], [ 3756807.286033015232533, 2115881.925421587657183 ], [ 3756806.566352006979287, 2115883.27399390982464 ], [ 3756805.7694768961519, 2115884.429506392218173 ], [ 3756804.902966293506324, 2115885.010666157584637 ], [ 3756804.298017805907875, 2115885.23695220053196 ], [ 3756803.092629917431623, 2115886.210093992296606 ], [ 3756803.135553973261267, 2115887.758438080083579 ], [ 3756804.455537308007479, 2115888.697647331282496 ], [ 3756806.570611413568258, 2115888.811957957688719 ], [ 3756813.276965256780386, 2115889.397764379624277 ], [ 3756813.52299580257386, 2115889.419245371595025 ], [ 3756814.784950419794768, 2115889.101927443407476 ], [ 3756815.998888850212097, 2115888.5787239279598 ], [ 3756821.471269585657865, 2115886.158446910791099 ], [ 3756822.147019242402166, 2115885.585025425069034 ], [ 3756823.642268022056669, 2115884.585020671598613 ], [ 3756824.496177388820797, 2115884.314095173031092 ], [ 3756824.622628747951239, 2115884.273784143850207 ], [ 3756833.484117499552667, 2115882.841251097153872 ], [ 3756835.15330103924498, 2115882.80658793123439 ], [ 3756835.773624427616596, 2115882.717427367344499 ], [ 3756836.725321552250534, 2115882.580721060745418 ], [ 3756837.733158360235393, 2115882.236902648583055 ], [ 3756839.414488267153502, 2115881.409937003627419 ], [ 3756842.493139845319092, 2115880.082937359344214 ], [ 3756843.064482741057873, 2115879.958193585276604 ], [ 3756843.689397622365505, 2115879.821769403293729 ], [ 3756846.059179411269724, 2115879.50188812520355 ], [ 3756847.505931316874921, 2115879.45789273455739 ], [ 3756848.399291188456118, 2115879.655511418823153 ], [ 3756848.911197215784341, 2115879.868393248878419 ], [ 3756849.697000915650278, 2115880.336300672031939 ], [ 3756850.212928080931306, 2115880.829313666559756 ], [ 3756850.519638491328806, 2115881.582057351246476 ], [ 3756850.565011647064239, 2115882.10862931329757 ], [ 3756850.695440319366753, 2115885.371491469442844 ], [ 3756850.755907050333917, 2115889.692435206845403 ], [ 3756850.580771919339895, 2115891.982084636576474 ], [ 3756850.339487851597369, 2115896.541346019133925 ], [ 3756850.427422373089939, 2115897.444538154639304 ], [ 3756850.781578096561134, 2115898.162843568716198 ], [ 3756851.315757005475461, 2115898.634145800024271 ], [ 3756851.964779414702207, 2115899.034617222845554 ], [ 3756853.597372173331678, 2115899.744606737978756 ], [ 3756854.474663429893553, 2115899.801991991698742 ], [ 3756854.610408001113683, 2115899.810902575962245 ], [ 3756855.22823601635173, 2115899.73352664289996 ], [ 3756855.942253234330565, 2115899.487089224625379 ], [ 3756856.539320533163846, 2115899.05117373727262 ], [ 3756856.902747348882258, 2115898.476576234679669 ], [ 3756857.098832440096885, 2115897.947667821310461 ], [ 3756857.534477829467505, 2115896.224715095479041 ], [ 3756857.551220401655883, 2115895.251750777009875 ], [ 3756857.38293332606554, 2115893.184178280178457 ], [ 3756857.320300385821611, 2115890.355726042762399 ], [ 3756857.483557275496423, 2115889.329001490958035 ], [ 3756857.881167230661958, 2115888.100352157838643 ], [ 3756858.431364806834608, 2115887.238082156982273 ], [ 3756858.870724549982697, 2115886.726675920188427 ], [ 3756859.78510488756001, 2115886.000868821516633 ], [ 3756860.189391152001917, 2115885.783135067671537 ], [ 3756861.743986565154046, 2115885.238454754464328 ], [ 3756863.691182753071189, 2115884.80746822245419 ], [ 3756865.184138622600585, 2115884.248403555713594 ], [ 3756866.017497081309557, 2115883.750490134116262 ], [ 3756866.874660952482373, 2115883.060115423053503 ], [ 3756867.307659774553031, 2115882.358966319821775 ], [ 3756867.437288530170918, 2115881.876263628713787 ], [ 3756867.498058160766959, 2115881.179506082087755 ], [ 3756867.399280950427055, 2115880.267315010540187 ], [ 3756867.083685286343098, 2115878.944480112753808 ], [ 3756866.372294729575515, 2115876.887295592576265 ], [ 3756866.071614908520132, 2115875.503024669364095 ], [ 3756865.801432155072689, 2115873.304724704939872 ], [ 3756865.722482486627996, 2115871.339026940986514 ], [ 3756865.895117267034948, 2115870.421715500298887 ], [ 3756866.033332670107484, 2115870.038285875227302 ], [ 3756866.669621263630688, 2115869.007801038213074 ], [ 3756866.92638192884624, 2115868.713616167660803 ], [ 3756867.892181578092277, 2115867.882952294312418 ], [ 3756869.060794118791819, 2115867.183729274198413 ], [ 3756871.20631715003401, 2115866.13346378877759 ], [ 3756873.359059718903154, 2115865.282868771348149 ], [ 3756874.043372520711273, 2115865.123543000314385 ], [ 3756874.860094042960554, 2115864.933402594178915 ], [ 3756875.892763842828572, 2115864.877689502201974 ], [ 3756877.832212279550731, 2115865.058376830536872 ], [ 3756878.23475490603596, 2115865.049632323905826 ], [ 3756878.817535736132413, 2115865.037085855379701 ], [ 3756879.718020653352141, 2115864.733275162056088 ], [ 3756883.084127046633512, 2115863.663115209899843 ], [ 3756883.453405782580376, 2115863.545743248425424 ], [ 3756884.231198061723262, 2115863.453585373237729 ], [ 3756885.757187126670033, 2115863.512311542406678 ], [ 3756886.769076355732977, 2115863.79907752154395 ], [ 3756888.131638885475695, 2115864.413889462128282 ], [ 3756888.92852128110826, 2115865.010966425295919 ], [ 3756889.165816771332175, 2115865.309429538901895 ], [ 3756889.622742554172873, 2115866.168488191440701 ], [ 3756890.324022018816322, 2115867.175048162229359 ], [ 3756891.048338555265218, 2115867.748855587095022 ], [ 3756892.589667758438736, 2115869.268515949137509 ], [ 3756893.063971037976444, 2115870.095838491804898 ], [ 3756893.827827446162701, 2115871.827712245751172 ], [ 3756900.24243873404339, 2115874.958534045144916 ], [ 3756901.082965076435357, 2115875.01085798908025 ], [ 3756901.365653490182012, 2115875.134874576702714 ], [ 3756902.120530412532389, 2115875.595557185821235 ], [ 3756903.521072748117149, 2115876.767748748883605 ], [ 3756904.096366910729557, 2115877.365321925841272 ], [ 3756904.838557148817927, 2115878.37817897554487 ], [ 3756906.2993528181687, 2115880.716425964608788 ], [ 3756907.981988365761936, 2115883.174444697797298 ], [ 3756908.883693740237504, 2115884.052283355034888 ], [ 3756910.722611674573272, 2115885.634426023811102 ], [ 3756912.674458269029856, 2115887.125915819313377 ], [ 3756913.841313120909035, 2115887.808875140734017 ], [ 3756914.842359004542232, 2115888.086641897447407 ], [ 3756915.216404109727591, 2115888.102089080959558 ], [ 3756917.346679424401373, 2115887.924571393989027 ], [ 3756918.404485005885363, 2115887.92666457593441 ], [ 3756919.50719137955457, 2115888.214989530853927 ], [ 3756921.048189990222454, 2115888.913379962556064 ], [ 3756921.934932331554592, 2115889.50210462603718 ], [ 3756922.709080905187875, 2115890.301635823212564 ], [ 3756924.395726380404085, 2115892.33857101900503 ], [ 3756926.199991443194449, 2115894.805291588418186 ], [ 3756928.645629572682083, 2115898.28414005227387 ], [ 3756929.11887005250901, 2115899.331817069556564 ], [ 3756929.483194430358708, 2115900.519929988309741 ], [ 3756929.574055019766092, 2115901.573154852725565 ], [ 3756929.505526671651751, 2115902.180369859095663 ], [ 3756929.110461142845452, 2115903.088347594253719 ], [ 3756928.744442983530462, 2115903.633064002729952 ], [ 3756928.056685088668019, 2115905.118971174582839 ], [ 3756927.91344866482541, 2115905.793272374197841 ], [ 3756927.901255025528371, 2115906.235024055466056 ], [ 3756928.068395736161619, 2115908.523063614033163 ], [ 3756928.085844416171312, 2115910.594561560079455 ], [ 3756927.850916501134634, 2115911.257278501521796 ], [ 3756927.280849412549287, 2115912.121387189254165 ], [ 3756926.837098090909421, 2115912.583172301761806 ], [ 3756925.890169913880527, 2115913.982998332008719 ], [ 3756925.712671513203532, 2115914.610349110793322 ], [ 3756925.324216072913259, 2115916.879709808155894 ], [ 3756925.361337814014405, 2115917.427162103354931 ], [ 3756925.499817082192749, 2115918.215470661874861 ], [ 3756925.933560690842569, 2115919.156747728586197 ], [ 3756927.288534711580724, 2115921.78523548040539 ], [ 3756927.889316002372652, 2115922.560866206884384 ], [ 3756929.089941448997706, 2115923.751454031094909 ], [ 3756936.610714174807072, 2115929.664108159951866 ], [ 3756938.635142606683075, 2115931.178965064696968 ], [ 3756939.606790702790022, 2115931.69974108459428 ], [ 3756944.782452993094921, 2115934.364672416821122 ], [ 3756945.660235197283328, 2115934.613768019713461 ], [ 3756946.920738857239485, 2115934.747219728305936 ], [ 3756948.437380128540099, 2115934.6967294504866 ], [ 3756951.123774306848645, 2115934.427664214745164 ], [ 3756953.334258836694062, 2115934.362875776831061 ], [ 3756954.966891875956208, 2115934.291806541383266 ], [ 3756955.983527350239456, 2115934.247474634554237 ], [ 3756956.35073869349435, 2115933.83283928502351 ], [ 3756956.518571877852082, 2115933.326472318265587 ], [ 3756956.838542444631457, 2115932.715993239544332 ], [ 3756957.774646011181176, 2115930.606150889769197 ], [ 3756957.759513371624053, 2115929.846399264410138 ], [ 3756957.593207478523254, 2115928.970421276986599 ], [ 3756957.438118273857981, 2115926.821560734882951 ], [ 3756957.703653706703335, 2115926.396269182208925 ], [ 3756958.081785050686449, 2115926.103378973901272 ], [ 3756958.232349015306681, 2115925.986738198436797 ], [ 3756958.944967587012798, 2115925.840503069572151 ], [ 3756959.721612855326384, 2115925.968814409803599 ], [ 3756960.351204915437847, 2115926.261014017742127 ], [ 3756961.720249847043306, 2115927.18565663183108 ], [ 3756963.487365625333041, 2115928.053357095923275 ], [ 3756964.546699157450348, 2115928.305685063824058 ], [ 3756969.540717174764723, 2115929.565170336514711 ], [ 3756972.357370562385768, 2115930.455746956169605 ], [ 3756975.301883563399315, 2115931.194333079271019 ], [ 3756975.711985872592777, 2115931.187272164039314 ], [ 3756976.096528558526188, 2115931.180665989406407 ], [ 3756976.816570954397321, 2115931.003819306381047 ], [ 3756977.358146030455828, 2115930.743197899311781 ], [ 3756979.807771591469646, 2115929.364329355768859 ], [ 3756979.925650698598474, 2115928.512151195667684 ], [ 3756979.861403322778642, 2115928.117533150594682 ], [ 3756979.618025574833155, 2115925.646346528548747 ], [ 3756979.880748850759119, 2115925.071103597991168 ], [ 3756980.222976866178215, 2115924.718946891836822 ], [ 3756980.440762374550104, 2115924.582755879499018 ], [ 3756980.805986369494349, 2115924.354396448004991 ], [ 3756984.181297777686268, 2115920.451393950264901 ], [ 3756985.175009769387543, 2115919.302256639115512 ], [ 3756985.082352539990097, 2115917.528176677413285 ], [ 3756985.261903197970241, 2115917.04083483107388 ], [ 3756985.6642199405469, 2115916.682979676872492 ], [ 3756986.143307535909116, 2115916.481506213545799 ], [ 3756986.305753759574145, 2115916.413160325028002 ], [ 3756987.029230824206024, 2115916.276023138314486 ], [ 3756988.516777033917606, 2115916.238245764281601 ], [ 3756990.666109398007393, 2115916.399512511212379 ], [ 3756991.975673113483936, 2115916.432420385070145 ], [ 3756992.705262470990419, 2115916.450735814403743 ], [ 3756993.302565232850611, 2115916.134992229286581 ], [ 3756993.610629984177649, 2115915.735869088675827 ], [ 3756993.763866298831999, 2115915.060738805681467 ], [ 3756994.386266339570284, 2115913.050020652357489 ], [ 3756994.838709644041955, 2115912.457243815995753 ], [ 3756995.287513993680477, 2115912.055039591155946 ], [ 3756995.701409705914557, 2115911.803216861095279 ], [ 3756995.9478231347166, 2115911.653283542953432 ], [ 3756996.684817982837558, 2115911.554911522660404 ], [ 3756997.483909049071372, 2115911.711165435612202 ], [ 3756998.095347975380719, 2115912.025059849023819 ], [ 3756998.880528016015887, 2115912.603210394270718 ], [ 3757000.110262247733772, 2115913.781185275875032 ], [ 3757001.40605976106599, 2115915.373616462573409 ], [ 3757004.130599589087069, 2115918.816519697196782 ], [ 3757004.677097766194493, 2115919.897621561773121 ], [ 3757007.271391585469246, 2115924.864931578747928 ], [ 3757009.111950838472694, 2115928.219627103768289 ], [ 3757009.768428090959787, 2115928.939938832074404 ], [ 3757010.875946557149291, 2115929.868789960630238 ], [ 3757012.159727084450424, 2115930.621123728342354 ], [ 3757013.550508745014668, 2115931.213199581950903 ], [ 3757014.481213419698179, 2115931.377227637916803 ], [ 3757015.045159925706685, 2115931.375010542105883 ], [ 3757017.595106377732009, 2115931.158666428178549 ], [ 3757020.212923480197787, 2115931.146269582677633 ], [ 3757021.847805864177644, 2115931.415324000176042 ], [ 3757023.611785789486021, 2115931.659542074427009 ], [ 3757024.10086564021185, 2115931.72725592693314 ], [ 3757024.715021807234734, 2115931.490002881735563 ], [ 3757025.247250239830464, 2115931.120165874715894 ], [ 3757025.608352163340896, 2115930.636056629940867 ], [ 3757025.622870027087629, 2115930.103819570038468 ], [ 3757024.427093115169555, 2115924.065446484368294 ], [ 3757023.716155871748924, 2115919.794807559810579 ], [ 3757023.054408894851804, 2115916.561151614878327 ], [ 3757022.406510604545474, 2115914.187529280781746 ], [ 3757021.9961868673563, 2115913.284204162657261 ], [ 3757021.490433905739337, 2115912.55988328717649 ], [ 3757020.249222462065518, 2115910.431683191563934 ], [ 3757018.835471177939326, 2115908.28931348444894 ], [ 3757017.392578083556145, 2115905.809105611406267 ], [ 3757017.093899341765791, 2115904.915410734713078 ], [ 3757017.015138460323215, 2115904.351914862170815 ], [ 3757017.031917593907565, 2115903.028289221227169 ], [ 3757017.238798627164215, 2115902.157832475379109 ], [ 3757017.353846426121891, 2115901.856720550917089 ], [ 3757017.863818068988621, 2115901.228562030475587 ], [ 3757018.145600339397788, 2115900.992102142423391 ], [ 3757018.892433621920645, 2115900.542269273195416 ], [ 3757019.216550362762064, 2115900.440438256599009 ], [ 3757019.706491844262928, 2115900.286522111855447 ], [ 3757020.044557207729667, 2115900.235164817422628 ], [ 3757021.844409630633891, 2115900.198468018788844 ], [ 3757022.835135125555098, 2115900.35701052332297 ], [ 3757024.238779980223626, 2115900.747643124312162 ], [ 3757025.920417676214129, 2115901.442970117554069 ], [ 3757027.776982257608324, 2115902.412628343328834 ], [ 3757029.270010353531688, 2115903.255684525240213 ], [ 3757030.255024670157582, 2115904.165808299556375 ], [ 3757030.677116985898465, 2115904.737592489924282 ], [ 3757031.594476953148842, 2115906.264955603983253 ], [ 3757032.808137215208262, 2115908.65619932115078 ], [ 3757034.04850085824728, 2115911.475685065612197 ], [ 3757036.981389322318137, 2115918.033993599936366 ], [ 3757037.450304213911295, 2115918.681582084856927 ], [ 3757038.078111416660249, 2115919.304395095910877 ], [ 3757039.053543318063021, 2115919.985132882837206 ], [ 3757040.422015801072121, 2115920.669453165493906 ], [ 3757043.553644010797143, 2115922.29199252743274 ], [ 3757043.873741132207215, 2115922.733064870350063 ], [ 3757045.169569907709956, 2115924.675947119481862 ], [ 3757045.401457507628947, 2115925.495693502947688 ], [ 3757045.569141153246164, 2115926.972486466169357 ], [ 3757046.010084041394293, 2115928.814449306577444 ], [ 3757046.441522976849228, 2115929.495449643582106 ], [ 3757047.501422662753612, 2115930.689216857776046 ], [ 3757048.917943040374666, 2115931.929873417131603 ], [ 3757049.736478827893734, 2115932.19449788890779 ], [ 3757051.815154911018908, 2115933.053433790802956 ], [ 3757052.803048445377499, 2115933.76304151583463 ], [ 3757054.22206149995327, 2115935.033594186417758 ], [ 3757055.500989465042949, 2115936.547436732798815 ], [ 3757057.183391576632857, 2115938.184169232845306 ], [ 3757058.010848811361939, 2115938.668219997547567 ], [ 3757058.365160669200122, 2115938.805693455040455 ], [ 3757059.33022576244548, 2115939.016656371764839 ], [ 3757060.321474575437605, 2115939.06497267074883 ], [ 3757061.000741975847632, 2115938.986612373962998 ], [ 3757061.647976369597018, 2115938.911980277393013 ], [ 3757063.183762111701071, 2115938.499046142213047 ], [ 3757064.964522752445191, 2115937.773116310127079 ], [ 3757068.933885905425996, 2115936.26332172146067 ], [ 3757069.370588292833418, 2115936.170665237586945 ], [ 3757070.190161683131009, 2115935.996672214008868 ], [ 3757071.905608082190156, 2115935.797594076022506 ], [ 3757072.686970722395927, 2115935.865332959685475 ], [ 3757073.153026087209582, 2115936.012420646846294 ], [ 3757073.760915715247393, 2115936.286524232011288 ], [ 3757074.45098469266668, 2115936.813479517586529 ], [ 3757074.759364549070597, 2115937.235527108889073 ], [ 3757075.140274263452739, 2115938.031507866922766 ], [ 3757075.22029584646225, 2115938.374616895802319 ], [ 3757075.304842898156494, 2115939.588646556716412 ], [ 3757075.216058386489749, 2115940.428112027235329 ], [ 3757074.952272382564843, 2115941.22370800934732 ], [ 3757074.665832126513124, 2115942.922758224420249 ], [ 3757074.729504364542663, 2115943.778167418669909 ], [ 3757075.041122370865196, 2115945.872533126734197 ], [ 3757075.364587359596044, 2115946.703781776130199 ], [ 3757076.11028726445511, 2115949.158462280407548 ], [ 3757076.088916733395308, 2115949.961633772123605 ], [ 3757075.976157761644572, 2115950.522923146374524 ], [ 3757075.682083698920906, 2115951.201149785891175 ], [ 3757074.995205452665687, 2115951.995963526424021 ], [ 3757074.4646947234869, 2115952.385654574260116 ], [ 3757073.031475882511586, 2115953.169623583555222 ], [ 3757071.867986657191068, 2115953.577954752370715 ], [ 3757071.04542594216764, 2115953.734314696863294 ], [ 3757068.554052813909948, 2115954.395937384106219 ], [ 3757067.887194709386677, 2115954.838329842314124 ], [ 3757066.428249150514603, 2115956.025186961982399 ], [ 3757066.073074956890196, 2115956.578901118598878 ], [ 3757065.913541138637811, 2115957.414935684297234 ], [ 3757065.952667748555541, 2115957.751845706254244 ], [ 3757066.291048667859286, 2115958.521658602170646 ], [ 3757066.628538873977959, 2115958.931093005463481 ], [ 3757068.424016111530364, 2115960.827705933712423 ], [ 3757069.114085356239229, 2115961.354661028366536 ], [ 3757071.857470971997827, 2115963.614044181071222 ], [ 3757072.392303400672972, 2115964.325555374845862 ], [ 3757073.485336125828326, 2115966.137094457633793 ], [ 3757073.856498155742884, 2115967.054172890260816 ], [ 3757073.988207046408206, 2115967.763045799918473 ], [ 3757074.049431180115789, 2115969.640223211608827 ], [ 3757073.83741265675053, 2115971.502583926543593 ], [ 3757073.468848333228379, 2115973.069083116017282 ], [ 3757072.850552322342992, 2115976.060930494219065 ], [ 3757072.946853249333799, 2115976.943321556784213 ], [ 3757073.083158460911363, 2115977.471533175557852 ], [ 3757073.438597473315895, 2115978.089554677717388 ], [ 3757074.021398617420346, 2115978.656401544809341 ], [ 3757074.647539921570569, 2115978.908794238232076 ], [ 3757075.324764859396964, 2115978.936176408082247 ], [ 3757077.504383413121104, 2115979.214813607744873 ], [ 3757079.845348060131073, 2115979.378369544632733 ], [ 3757083.151885660365224, 2115979.642563913948834 ], [ 3757084.006834499537945, 2115980.0941306008026 ], [ 3757086.480012822896242, 2115981.557350038085133 ], [ 3757087.707793485373259, 2115982.595300322398543 ], [ 3757088.285155251156539, 2115983.332979357801378 ], [ 3757089.024367955513299, 2115984.54636751068756 ], [ 3757089.575593915767968, 2115985.797242467291653 ], [ 3757090.540764478500932, 2115988.461886325851083 ], [ 3757091.218095173593611, 2115990.942949754651636 ], [ 3757091.567683747503906, 2115992.893481229431927 ], [ 3757091.736496560741216, 2115994.850821997970343 ], [ 3757091.755763907916844, 2115996.942154504358768 ], [ 3757091.547068622894585, 2115997.792772548273206 ], [ 3757091.228308347519487, 2115998.533429133705795 ], [ 3757090.766306930221617, 2115999.016923303715885 ], [ 3757090.366330905817449, 2115999.284390084911138 ], [ 3757089.427038578782231, 2116000.072458885610104 ], [ 3757089.162934126798064, 2116000.747999919578433 ], [ 3757088.403600870631635, 2116003.272111302241683 ], [ 3757088.481887102592736, 2116004.296382576227188 ], [ 3757088.469374563544989, 2116004.61807812191546 ], [ 3757088.328616725280881, 2116005.322175976354629 ], [ 3757088.086281812284142, 2116006.01560131367296 ], [ 3757087.656400473788381, 2116006.636401615105569 ], [ 3757087.012512793764472, 2116006.996510192751884 ], [ 3757086.432891353033483, 2116007.050219680648297 ], [ 3757086.220010174904019, 2116007.004490630701184 ], [ 3757085.683723121415824, 2116006.889325732365251 ], [ 3757084.954204118810594, 2116006.606520400382578 ], [ 3757082.396822494920343, 2116005.802008089609444 ], [ 3757081.587885277811438, 2116005.76686809817329 ], [ 3757080.980043368414044, 2116005.843314392957836 ], [ 3757077.371772527229041, 2116006.167790693230927 ], [ 3757076.49561328208074, 2116006.3593944106251 ], [ 3757075.700908751692623, 2116006.533046680502594 ], [ 3757074.797327184583992, 2116006.917300116270781 ], [ 3757072.49208447849378, 2116008.102512744255364 ], [ 3757071.624131760559976, 2116008.43331965431571 ], [ 3757070.912896604277194, 2116008.479255176149309 ], [ 3757070.909451550804079, 2116008.478610427584499 ], [ 3757069.98045963793993, 2116008.295274673961103 ], [ 3757064.760597589425743, 2116007.337099032476544 ], [ 3757063.033836125861853, 2116007.286840820219368 ], [ 3757061.868932931683958, 2116007.445021043997258 ], [ 3757061.508041491732001, 2116007.553268976509571 ], [ 3757061.240484273992479, 2116007.633467910811305 ], [ 3757060.840843377634883, 2116008.021088651381433 ], [ 3757060.785735392943025, 2116008.667084003798664 ], [ 3757060.911670671775937, 2116009.426635918207467 ], [ 3757061.152972606010735, 2116010.005131150595844 ], [ 3757061.659250196069479, 2116010.619225468486547 ], [ 3757070.853169110603631, 2116017.127915083430707 ], [ 3757073.168012578971684, 2116018.856133990455419 ], [ 3757076.846584748476744, 2116024.133608090691268 ], [ 3757078.05752960825339, 2116025.44342085160315 ], [ 3757078.814489559736103, 2116026.044307679869235 ], [ 3757080.412514635827392, 2116026.937645931728184 ], [ 3757080.967619313858449, 2116027.417003098875284 ], [ 3757081.513311162590981, 2116028.137611515820026 ], [ 3757081.735167876351625, 2116028.607736459001899 ], [ 3757081.96414591697976, 2116029.277547468896955 ], [ 3757082.052196287550032, 2116030.180819457396865 ], [ 3757081.925411620177329, 2116031.865038917399943 ], [ 3757081.635746576823294, 2116032.592984710820019 ], [ 3757080.86208935873583, 2116034.717839676886797 ], [ 3757080.997470433823764, 2116035.586591611616313 ], [ 3757081.255019694566727, 2116036.353917554020882 ], [ 3757082.163117156364024, 2116038.473064656835049 ], [ 3757083.360132144298404, 2116041.606906001456082 ], [ 3757083.415637956932187, 2116042.483082130085677 ], [ 3757083.378225754480809, 2116042.867141732014716 ], [ 3757083.114792463835329, 2116043.782990378793329 ], [ 3757082.941442267037928, 2116044.109443199820817 ], [ 3757082.035602625925094, 2116045.285085902083665 ], [ 3757080.732803578022867, 2116046.647865836508572 ], [ 3757079.425207227002829, 2116047.720473749563098 ], [ 3757078.697486423421651, 2116048.158524363301694 ], [ 3757078.003440578933805, 2116048.403104060795158 ], [ 3757077.124200506601483, 2116048.521315347868949 ], [ 3757071.521085695829242, 2116049.274604132864624 ], [ 3757071.507737022358924, 2116049.338904799893498 ], [ 3757071.400061007123441, 2116049.856676802970469 ], [ 3757071.730478774756193, 2116050.416974483057857 ], [ 3757072.211907286196947, 2116050.742866864893585 ], [ 3757072.967960580717772, 2116050.983276618644595 ], [ 3757075.606699036899954, 2116051.680047726258636 ], [ 3757078.284076258074492, 2116052.473291495814919 ], [ 3757078.767138844355941, 2116052.819152747280896 ], [ 3757079.219890208914876, 2116052.960260554216802 ], [ 3757079.336473279632628, 2116052.996668616309762 ], [ 3757079.993393917102367, 2116052.905752556398511 ], [ 3757080.605831471271813, 2116052.648644331842661 ], [ 3757081.074602885171771, 2116052.244583806488663 ], [ 3757081.268445296678692, 2116051.806048599071801 ], [ 3757081.87659164564684, 2116050.798188761807978 ], [ 3757082.48042690847069, 2116050.441709627397358 ], [ 3757082.844085235148668, 2116050.308645224198699 ], [ 3757083.066262666136026, 2116050.227208964526653 ], [ 3757083.910607559606433, 2116050.088830202817917 ], [ 3757084.786760790273547, 2116050.087707798928022 ], [ 3757085.697594675701112, 2116050.253575135488063 ], [ 3757087.085480318404734, 2116050.695812802296132 ], [ 3757088.423141370061785, 2116051.37298842985183 ], [ 3757091.028907720930874, 2116052.853989405557513 ], [ 3757091.297063829377294, 2116053.510144878178835 ], [ 3757091.466372136957943, 2116054.30569372093305 ], [ 3757091.901946223340929, 2116057.01939166104421 ], [ 3757092.049174436368048, 2116058.958718645386398 ], [ 3757091.891548136249185, 2116059.58422852633521 ], [ 3757091.506437687668949, 2116060.140825586393476 ], [ 3757090.952844433486462, 2116060.612719979602844 ], [ 3757090.422098485287279, 2116060.882242345251143 ], [ 3757089.713676222600043, 2116061.078129786066711 ], [ 3757089.258132485672832, 2116061.10087744705379 ], [ 3757089.011665903497487, 2116061.113194226287305 ], [ 3757088.020890776999295, 2116061.30521874409169 ], [ 3757087.991700063459575, 2116061.326302021741867 ], [ 3757087.527841729577631, 2116061.661400767043233 ], [ 3757086.936280173249543, 2116062.277129769325256 ], [ 3757085.415697022341192, 2116064.150720332749188 ], [ 3757083.685865754261613, 2116065.933589504100382 ], [ 3757082.560204922221601, 2116067.480133081320673 ], [ 3757079.385217770002782, 2116071.66036445600912 ], [ 3757078.210346511565149, 2116072.870942357927561 ], [ 3757077.581710326485336, 2116073.28976964391768 ], [ 3757075.995972064789385, 2116074.408266360871494 ], [ 3757075.653710871469229, 2116075.111087161116302 ], [ 3757074.794915908481926, 2116076.482606777921319 ], [ 3757074.168332444503903, 2116077.041442337911576 ], [ 3757072.926636799238622, 2116077.82762083876878 ], [ 3757072.041495928540826, 2116077.869981035590172 ], [ 3757072.033850728534162, 2116077.870325177907944 ], [ 3757071.430490572936833, 2116077.766028825193644 ], [ 3757068.707819645293057, 2116077.147216398734599 ], [ 3757066.443918164819479, 2116076.826288494281471 ], [ 3757064.057292184792459, 2116076.366561584640294 ], [ 3757063.296945329755545, 2116076.076515734661371 ], [ 3757062.248521560803056, 2116075.482720015570521 ], [ 3757060.830935990903527, 2116074.46241964166984 ], [ 3757059.425763638224453, 2116073.12043950939551 ], [ 3757058.668818508274853, 2116072.51965122949332 ], [ 3757052.888592010363936, 2116071.953941984567791 ], [ 3757052.175910951104015, 2116071.749529647175223 ], [ 3757050.444185649044812, 2116071.409329824149609 ], [ 3757042.540939830243587, 2116072.272377864457667 ], [ 3757041.67474760953337, 2116072.459735759999603 ], [ 3757040.434644852764904, 2116072.72807356948033 ], [ 3757039.746625334955752, 2116073.042243381030858 ], [ 3757038.784421136602759, 2116073.33178407792002 ], [ 3757038.328622182831168, 2116073.338163587264717 ], [ 3757038.019813676830381, 2116073.342553682159632 ], [ 3757035.456450843252242, 2116073.520121710840613 ], [ 3757035.176836054772139, 2116073.679210289381444 ], [ 3757034.803552212193608, 2116073.891169384121895 ], [ 3757034.116005823016167, 2116074.445678945630789 ], [ 3757033.730643459130079, 2116074.882009102962911 ], [ 3757033.567865349818021, 2116075.447956105228513 ], [ 3757033.789298135321587, 2116076.028291472233832 ], [ 3757034.262074425350875, 2116076.605378582142293 ], [ 3757035.329657275695354, 2116077.537940544076264 ], [ 3757036.115140846464783, 2116077.885791944339871 ], [ 3757038.043251963332295, 2116078.518156889826059 ], [ 3757039.998468985781074, 2116079.348450217396021 ], [ 3757041.960989587008953, 2116080.378299394622445 ], [ 3757044.382433156017214, 2116081.826317049562931 ], [ 3757047.201472037937492, 2116083.67816835641861 ], [ 3757048.958938926458359, 2116084.666948743164539 ], [ 3757050.366255252622068, 2116085.217457287944853 ], [ 3757051.360079728998244, 2116085.295553063042462 ], [ 3757051.759882677812129, 2116085.258563251234591 ], [ 3757053.808682325296104, 2116085.188701622188091 ], [ 3757054.565594530198723, 2116085.439038140699267 ], [ 3757055.096945442259312, 2116085.760290113277733 ], [ 3757056.228743637911975, 2116086.737018442712724 ], [ 3757058.057867339812219, 2116088.08970701508224 ], [ 3757062.390509802848101, 2116091.373530889861286 ], [ 3757062.909250086173415, 2116092.016494947485626 ], [ 3757063.707947748247534, 2116093.334525079466403 ], [ 3757064.559527648612857, 2116095.14840029226616 ], [ 3757064.926767356693745, 2116096.486447861883789 ], [ 3757065.108399043790996, 2116097.891796867363155 ], [ 3757065.225087209139019, 2116100.294603437185287 ], [ 3757065.049544178880751, 2116101.763093997724354 ], [ 3757064.615861902944744, 2116102.924952509347349 ], [ 3757063.404061635956168, 2116105.691394944675267 ], [ 3757062.604225228540599, 2116107.978899906855077 ], [ 3757062.448365879710764, 2116108.974814946763217 ], [ 3757061.929304198361933, 2116110.665398232638836 ], [ 3757061.348063241690397, 2116111.40035408642143 ], [ 3757060.835266960784793, 2116111.87846478074789 ], [ 3757059.271951217669994, 2116113.605917418841273 ], [ 3757056.644822786096483, 2116116.313158580102026 ], [ 3757055.920504226349294, 2116116.440468115732074 ], [ 3757055.511902017984539, 2116116.500643355771899 ], [ 3757052.608160731848329, 2116116.927880556788296 ], [ 3757052.526919008232653, 2116116.990800101310015 ], [ 3757051.739498069975525, 2116117.599296137690544 ], [ 3757051.343431050423533, 2116118.146813216619194 ], [ 3757050.709423343650997, 2116119.437377625145018 ], [ 3757049.497002238407731, 2116122.314064218197018 ], [ 3757047.441832377109677, 2116126.981385874096304 ], [ 3757046.62533177388832, 2116128.25890582613647 ], [ 3757045.757429244462401, 2116128.94026523642242 ], [ 3757044.730960397981107, 2116129.536206586752087 ], [ 3757041.047378154471517, 2116131.79060770617798 ], [ 3757040.293663050979376, 2116132.160927253775299 ], [ 3757039.480229144915938, 2116132.306434957310557 ], [ 3757038.004688317421824, 2116132.833960729185492 ], [ 3757035.836616354063153, 2116133.856204660609365 ], [ 3757032.200952445156872, 2116136.316508498042822 ], [ 3757032.01690770406276, 2116136.98449692921713 ], [ 3757032.03687590546906, 2116137.683757127728313 ], [ 3757032.155168441589922, 2116138.353849949780852 ], [ 3757032.43416918348521, 2116139.019005112349987 ], [ 3757033.402129556518048, 2116140.782035054173321 ], [ 3757035.096559084951878, 2116143.959979593753815 ], [ 3757035.153972217347473, 2116144.625631422735751 ], [ 3757035.087851093150675, 2116145.493107019457966 ], [ 3757034.675283564720303, 2116147.133758211974055 ], [ 3757034.478391598910093, 2116148.704405548982322 ], [ 3757034.548700879327953, 2116149.519064991269261 ], [ 3757034.728903893847018, 2116149.973047769628465 ], [ 3757035.349320989102125, 2116150.626667763106525 ], [ 3757035.670565232634544, 2116150.847270756028593 ], [ 3757036.590762035921216, 2116151.122450678609312 ], [ 3757036.921870084479451, 2116151.10786942532286 ], [ 3757037.002266690135002, 2116151.104386857245117 ], [ 3757038.546553035266697, 2116150.79083323571831 ], [ 3757040.054653893224895, 2116150.290501000359654 ], [ 3757041.417974017560482, 2116149.976137072779238 ], [ 3757042.306420093867928, 2116149.771245162934065 ], [ 3757044.018650731537491, 2116149.652522468939424 ], [ 3757047.833167078904808, 2116149.499184919521213 ], [ 3757048.458450372796506, 2116149.741648799739778 ], [ 3757049.077756368555129, 2116150.265073497314006 ], [ 3757049.383562015835196, 2116150.657338955439627 ], [ 3757049.726442834828049, 2116151.246506648138165 ], [ 3757049.930736041627824, 2116151.978748022112995 ], [ 3757049.84912732988596, 2116152.667335877195001 ], [ 3757049.601307199336588, 2116153.181045738980174 ], [ 3757049.159073041751981, 2116154.594084454234689 ], [ 3757049.342775550670922, 2116155.438424532301724 ], [ 3757049.545424762181938, 2116155.920349184423685 ], [ 3757050.119200253393501, 2116157.900266863405704 ], [ 3757049.884848636575043, 2116158.803307935595512 ], [ 3757049.690671849995852, 2116159.121690462343395 ], [ 3757049.039205331355333, 2116159.742989951744676 ], [ 3757048.576732357498258, 2116159.986146864946932 ], [ 3757047.156315706670284, 2116160.919146670494229 ], [ 3757046.541336555033922, 2116161.496926714666188 ], [ 3757044.085156672634184, 2116163.617458079941571 ], [ 3757043.541229007765651, 2116163.968370955437422 ], [ 3757042.758084177505225, 2116164.231248642783612 ], [ 3757042.197687505744398, 2116164.273258725181222 ], [ 3757042.148012541700155, 2116164.269200328737497 ], [ 3757041.396257487125695, 2116164.20739518199116 ], [ 3757040.355175952427089, 2116163.933358858339489 ], [ 3757034.842338122893125, 2116162.381290988530964 ], [ 3757033.859609385021031, 2116161.731347517110407 ], [ 3757031.927139399573207, 2116160.698700000997633 ], [ 3757030.379320047795773, 2116159.570328153669834 ], [ 3757029.919103343971074, 2116159.02209509536624 ], [ 3757027.628803513944149, 2116156.410147394984961 ], [ 3757027.056541426572949, 2116156.082598867826164 ], [ 3757026.349043289199471, 2116155.937947647180408 ], [ 3757025.833736429922283, 2116156.035809393972158 ], [ 3757025.617333595640957, 2116156.251310288906097 ], [ 3757025.379244022071362, 2116156.488580295816064 ], [ 3757025.264484159182757, 2116157.260413378477097 ], [ 3757025.498379780445248, 2116157.869618888013065 ], [ 3757026.482637895736843, 2116160.17203017976135 ], [ 3757027.400963351130486, 2116161.709304050076753 ], [ 3757028.044328741729259, 2116163.211907615885139 ], [ 3757029.271337864920497, 2116165.64204706531018 ], [ 3757030.034596845507622, 2116166.783143915235996 ], [ 3757030.941121997777373, 2116167.600390861276537 ], [ 3757031.312288415618241, 2116167.816353513393551 ], [ 3757033.179364160168916, 2116168.674851636402309 ], [ 3757035.657952960580587, 2116169.61678036628291 ], [ 3757040.363605002872646, 2116171.504016991704702 ], [ 3757041.063457807525992, 2116172.260324642062187 ], [ 3757041.846399455796927, 2116172.928845277056098 ], [ 3757042.636463216040283, 2116173.095935934688896 ], [ 3757043.256880620494485, 2116173.048439445905387 ], [ 3757045.495073315687478, 2116173.071233882103115 ], [ 3757046.301907883491367, 2116173.316929191816598 ], [ 3757047.249294244684279, 2116173.789923109579831 ], [ 3757048.968680313322693, 2116174.922454585321248 ], [ 3757050.239837647881359, 2116175.996399587951601 ], [ 3757051.839696895331144, 2116177.610787668731064 ], [ 3757052.489104492589831, 2116178.481962006539106 ], [ 3757052.899971634149551, 2116179.275158891454339 ], [ 3757053.249248739331961, 2116180.404521449003369 ], [ 3757053.318364197388291, 2116181.089099813252687 ], [ 3757053.445564622990787, 2116184.081870178692043 ], [ 3757053.328312321566045, 2116184.823806907050312 ], [ 3757053.185267670545727, 2116185.267728480510414 ], [ 3757052.60860801441595, 2116186.523042168002576 ], [ 3757051.440324060618877, 2116188.744555583689362 ], [ 3757050.924765216186643, 2116189.423265709541738 ], [ 3757049.427893604151905, 2116191.104418235830963 ], [ 3757047.176162839401513, 2116193.37636032840237 ], [ 3757046.31169644696638, 2116194.097430182620883 ], [ 3757045.585981035605073, 2116194.324941888917238 ], [ 3757045.036328854039311, 2116194.375967607367784 ], [ 3757044.97391617950052, 2116194.377213966101408 ], [ 3757043.276417101733387, 2116194.408959929831326 ], [ 3757042.396493592765182, 2116194.250222017522901 ], [ 3757040.641635075211525, 2116193.641677813138813 ], [ 3757038.568173289299011, 2116193.192961018532515 ], [ 3757037.614523546304554, 2116193.231324790045619 ], [ 3757037.099216906819493, 2116193.329186756629497 ], [ 3757036.844846535474062, 2116193.441561280749738 ], [ 3757036.410241146571934, 2116193.633447106927633 ], [ 3757036.115614160895348, 2116194.071451319381595 ], [ 3757036.134521664120257, 2116194.991066640242934 ], [ 3757036.245929817669094, 2116195.581643101759255 ], [ 3757036.496359856333584, 2116196.149283296894282 ], [ 3757037.724229175131768, 2116198.589349933899939 ], [ 3757038.626545096281916, 2116200.759079080540687 ], [ 3757038.582397479563951, 2116201.414157134480774 ], [ 3757038.232379093766212, 2116202.027438041754067 ], [ 3757037.565188451204449, 2116202.349680818151683 ], [ 3757036.788753832690418, 2116202.387555574066937 ], [ 3757036.652335129678249, 2116202.394259813241661 ], [ 3757035.450881028547883, 2116202.245315703563392 ], [ 3757032.86349425278604, 2116201.79416219284758 ], [ 3757030.950568596366793, 2116201.570986502803862 ], [ 3757029.94955739704892, 2116201.643674593418837 ], [ 3757026.889378070831299, 2116202.017569821793586 ], [ 3757026.044437737669796, 2116202.20477707311511 ], [ 3757025.179437778424472, 2116202.396472923457623 ], [ 3757024.357786880806088, 2116202.913314853794873 ], [ 3757022.083461507223547, 2116204.105666571762413 ], [ 3757021.132151374127716, 2116204.754759542644024 ], [ 3757020.808128396514803, 2116205.435773893259466 ], [ 3757020.804727653041482, 2116205.746516884304583 ], [ 3757020.943562736734748, 2116206.655077740550041 ], [ 3757021.32653046771884, 2116207.591067432425916 ], [ 3757021.732852272689342, 2116208.214359864592552 ], [ 3757022.337259247899055, 2116208.799318414181471 ], [ 3757027.433323044329882, 2116211.942283893935382 ], [ 3757027.880776968318969, 2116212.69194517750293 ], [ 3757028.5450025270693, 2116214.202816321514547 ], [ 3757028.64354885276407, 2116214.994837417267263 ], [ 3757028.639289447106421, 2116215.295653089880943 ], [ 3757028.359834296163172, 2116216.843862327747047 ], [ 3757027.842085890471935, 2116218.664612394757569 ], [ 3757027.062698032706976, 2116220.489489763509482 ], [ 3757026.862896181643009, 2116221.209085912443697 ], [ 3757026.911421801894903, 2116222.005763539113104 ], [ 3757027.001430058851838, 2116222.347945163492113 ], [ 3757027.434069194365293, 2116224.561260115820915 ], [ 3757027.108043137006462, 2116225.452816493809223 ], [ 3757026.583073250949383, 2116226.372779510449618 ], [ 3757026.077514958567917, 2116227.050660735927522 ], [ 3757025.371196623891592, 2116227.737110152840614 ], [ 3757019.278756130486727, 2116231.727183462120593 ], [ 3757018.712318442761898, 2116232.400624015368521 ], [ 3757018.478254442568868, 2116233.073269941844046 ], [ 3757018.08031978039071, 2116234.882883941754699 ], [ 3757017.525768047198653, 2116236.977354770060629 ], [ 3757017.048682759515941, 2116237.752767513040453 ], [ 3757016.317263371311128, 2116239.432980893179774 ], [ 3757016.387304025236517, 2116240.478135806508362 ], [ 3757017.85033970605582, 2116246.461745660752058 ], [ 3757017.958971018437296, 2116247.953939927741885 ], [ 3757017.848792332224548, 2116248.54501379840076 ], [ 3757017.561944504268467, 2116249.422914939001203 ], [ 3757017.162527690641582, 2116249.930610471405089 ], [ 3757016.467861634213477, 2116250.285436528734863 ], [ 3757014.315655510406941, 2116251.025813547894359 ], [ 3757013.55855678813532, 2116251.706976694520563 ], [ 3757012.561906196177006, 2116252.881068350747228 ], [ 3757008.906402179971337, 2116257.095812722109258 ], [ 3757007.732173846568912, 2116258.196254189126194 ], [ 3757005.859306242316961, 2116259.721941325813532 ], [ 3757004.909378688316792, 2116260.270736590027809 ], [ 3757004.201040742918849, 2116260.466513636987656 ], [ 3757003.656985556241125, 2116260.523471157997847 ], [ 3757003.352501857560128, 2116260.555244131013751 ], [ 3757001.121194486040622, 2116260.611971045844257 ], [ 3756997.733221441973001, 2116260.80590579751879 ], [ 3756995.031174644827843, 2116261.126574141904712 ], [ 3756991.14188723731786, 2116261.697477570734918 ], [ 3756986.19796126242727, 2116262.536497293971479 ], [ 3756986.155180006287992, 2116262.574804307892919 ], [ 3756985.786605579312891, 2116262.90509679261595 ], [ 3756985.355755311902612, 2116263.515892673283815 ], [ 3756985.250744800549001, 2116264.166629035025835 ], [ 3756985.387626669835299, 2116264.935165908187628 ], [ 3756985.582010307349265, 2116265.437873616814613 ], [ 3756985.995741287246346, 2116266.030456064734608 ], [ 3756986.63105991948396, 2116266.62254121620208 ], [ 3756987.055698134936392, 2116266.873654166702181 ], [ 3756987.846858227159828, 2116267.170840590260923 ], [ 3756989.035989268682897, 2116267.411098899319768 ], [ 3756993.307037186343223, 2116268.347123065032065 ], [ 3756993.858979835640639, 2116268.55627478286624 ], [ 3756994.505442786961794, 2116268.927060580812395 ], [ 3756994.992025326006114, 2116269.312515502329916 ], [ 3756995.378581692930311, 2116269.707381649874151 ], [ 3756995.751516264397651, 2116270.293749077245593 ], [ 3756995.864880161825567, 2116271.024350792169571 ], [ 3756995.850924117024988, 2116271.796815626323223 ], [ 3756995.675958758220077, 2116272.80451715644449 ], [ 3756995.401099052745849, 2116273.470948809292167 ], [ 3756994.243576702661812, 2116276.632949882652611 ], [ 3756994.281783130019903, 2116277.310402349103242 ], [ 3756994.466854284983128, 2116278.054346023127437 ], [ 3756994.721594695001841, 2116278.671721173450351 ], [ 3756995.518817959353328, 2116280.090066968929023 ], [ 3756996.560696716420352, 2116281.425614586565644 ], [ 3756997.911022570449859, 2116282.832740717101842 ], [ 3756999.496878208126873, 2116284.16792406141758 ], [ 3757001.517780519090593, 2116285.643081738147885 ], [ 3757003.164228136651218, 2116286.511985107325017 ], [ 3757006.975365960970521, 2116288.421968852169812 ], [ 3757007.916406409349293, 2116288.705316034145653 ], [ 3757010.29587818775326, 2116289.316012013703585 ], [ 3757011.278083869256079, 2116289.375063220970333 ], [ 3757011.319123371504247, 2116289.371271391864866 ], [ 3757011.667787743732333, 2116289.338917832355946 ], [ 3757013.276066435500979, 2116288.949453920125961 ], [ 3757013.785124399699271, 2116288.661929596215487 ], [ 3757014.470091250725091, 2116288.077634342946112 ], [ 3757014.690148213878274, 2116287.826901922468096 ], [ 3757015.164133482147008, 2116287.13193310238421 ], [ 3757015.39991405652836, 2116286.47914123442024 ], [ 3757015.539995154365897, 2116285.534732237458229 ], [ 3757015.733509208075702, 2116282.872786934487522 ], [ 3757016.0622468451038, 2116281.430080406367779 ], [ 3757016.37404381018132, 2116280.84036521287635 ], [ 3757016.672880236059427, 2116280.45211086794734 ], [ 3757017.876839424017817, 2116279.228812977671623 ], [ 3757018.419837076216936, 2116279.016985127702355 ], [ 3757018.617469443939626, 2116278.939863534644246 ], [ 3757018.849215880036354, 2116278.918374911881983 ], [ 3757019.127085032872856, 2116278.892565213143826 ], [ 3757020.954359659459442, 2116278.472724593710154 ], [ 3757021.296682954300195, 2116278.120549239218235 ], [ 3757022.629392242524773, 2116276.40452258521691 ], [ 3757024.013470927253366, 2116274.934205082245171 ], [ 3757024.56135526439175, 2116274.512773263268173 ], [ 3757025.242441426962614, 2116274.168826029635966 ], [ 3757025.314308776520193, 2116274.132507804781199 ], [ 3757025.903578022494912, 2116273.957713104318827 ], [ 3757027.149850342422724, 2116273.691884893923998 ], [ 3757028.758902996778488, 2116272.611346420831978 ], [ 3757029.758878541644663, 2116271.820090505760163 ], [ 3757030.852147246710956, 2116270.95498357526958 ], [ 3757031.171688458416611, 2116270.454712595790625 ], [ 3757031.286143135745078, 2116270.421195530332625 ], [ 3757031.820005442947149, 2116270.26442227512598 ], [ 3757032.707721737679094, 2116270.162036366760731 ], [ 3757034.555775246117264, 2116270.100834324024618 ], [ 3757035.259414316620678, 2116270.315985679626465 ], [ 3757035.91522425878793, 2116270.795988190919161 ], [ 3757037.44538276642561, 2116272.186491191387177 ], [ 3757038.871609623543918, 2116273.656612102407962 ], [ 3757039.330781782511622, 2116274.425297966692597 ], [ 3757040.532659562304616, 2116276.797631517983973 ], [ 3757041.537176092620939, 2116278.166673213243484 ], [ 3757042.11105740070343, 2116278.514091799966991 ], [ 3757043.668004476930946, 2116279.631606590934098 ], [ 3757044.129515757318586, 2116280.309904330410063 ], [ 3757044.652938318438828, 2116281.473208697978407 ], [ 3757045.251504618674517, 2116283.390681251883507 ], [ 3757045.961059409659356, 2116285.077573897782713 ], [ 3757046.910200451500714, 2116286.621990498155355 ], [ 3757047.423030908219516, 2116287.195446748286486 ], [ 3757047.612119446974248, 2116287.359938714187592 ], [ 3757048.120071937330067, 2116287.801801925525069 ], [ 3757048.618508306797594, 2116287.625350727699697 ], [ 3757048.809534762986004, 2116287.036861660890281 ], [ 3757048.766061699483544, 2116286.299763883464038 ], [ 3757048.423530478961766, 2116283.497247311286628 ], [ 3757047.86801313329488, 2116280.093482083640993 ], [ 3757046.644963932223618, 2116272.805715965572745 ], [ 3757046.414501845836639, 2116272.236219619400799 ], [ 3757045.948257431387901, 2116271.618397601880133 ], [ 3757045.573319934308529, 2116271.242572261951864 ], [ 3757043.988994546234608, 2116269.456506483256817 ], [ 3757044.09797838376835, 2116268.735351615585387 ], [ 3757044.390638203825802, 2116268.310555135365576 ], [ 3757044.473975658416748, 2116268.18970506824553 ], [ 3757045.104899962898344, 2116268.031053013633937 ], [ 3757045.847282002680004, 2116268.112411057576537 ], [ 3757047.863901717122644, 2116268.135797426104546 ], [ 3757048.459182016551495, 2116268.030494207050651 ], [ 3757052.349310572724789, 2116267.46942395158112 ], [ 3757052.902028340380639, 2116267.68861764902249 ], [ 3757054.658540370874107, 2116268.667483372613788 ], [ 3757057.128725792746991, 2116270.211122925858945 ], [ 3757058.681093006394804, 2116271.509397982154042 ], [ 3757059.362711207475513, 2116272.287514040246606 ], [ 3757060.516283617354929, 2116273.983241551090032 ], [ 3757062.091803484130651, 2116275.900218316353858 ], [ 3757063.377354860305786, 2116277.022952694445848 ], [ 3757066.186786343343556, 2116279.294383038766682 ], [ 3757066.333353419788182, 2116279.412872518412769 ], [ 3757066.893005097750574, 2116279.361016315408051 ], [ 3757067.455942792352289, 2116278.998335171490908 ], [ 3757067.582180778961629, 2116278.125356391072273 ], [ 3757067.553036143537611, 2116277.787517591379583 ], [ 3757067.525759818032384, 2116276.187584187835455 ], [ 3757067.902008093427867, 2116275.061089301481843 ], [ 3757068.557543152477592, 2116273.668236396275461 ], [ 3757069.250105272978544, 2116272.822852262761444 ], [ 3757069.577513355296105, 2116272.532113597262651 ], [ 3757070.573068691417575, 2116271.929042919073254 ], [ 3757076.778664778918028, 2116269.600972755346447 ], [ 3757078.820270445197821, 2116268.630515353288502 ], [ 3757083.139983149245381, 2116265.926551507785916 ], [ 3757083.153115377295762, 2116265.494612542912364 ], [ 3757083.463380922097713, 2116263.953547184355557 ], [ 3757083.772601953707635, 2116263.334051281679422 ], [ 3757083.960399947594851, 2116262.825827296823263 ], [ 3757084.024629814084619, 2116262.168975245207548 ], [ 3757083.948849456384778, 2116261.524952051229775 ], [ 3757083.790580821689218, 2116259.105886531993747 ], [ 3757083.966978364158422, 2116258.34843781683594 ], [ 3757084.312686710618436, 2116257.685422408394516 ], [ 3757084.751518044620752, 2116257.284242027904838 ], [ 3757084.870021364185959, 2116257.244928481522948 ], [ 3757085.50555173214525, 2116257.033977055922151 ], [ 3757086.037727595772594, 2116257.01470348611474 ], [ 3757086.809219358488917, 2116257.083448800258338 ], [ 3757087.725122271105647, 2116257.308991539292037 ], [ 3757090.570918055716902, 2116257.83628241578117 ], [ 3757092.442710253410041, 2116257.933089482598007 ], [ 3757094.733987703919411, 2116258.221446209587157 ], [ 3757095.30786854121834, 2116258.568865158129483 ], [ 3757095.903870214708149, 2116259.05442017596215 ], [ 3757096.972886853385717, 2116260.237231652252376 ], [ 3757099.307657937519252, 2116263.01527191977948 ], [ 3757102.45909519912675, 2116266.618911078199744 ], [ 3757104.586957161780447, 2116269.215842159464955 ], [ 3757104.79746562987566, 2116269.787292471155524 ], [ 3757104.960228187032044, 2116270.623479299247265 ], [ 3757105.272369883954525, 2116273.308640039991587 ], [ 3757105.734439415391535, 2116274.928279410116374 ], [ 3757105.92792711686343, 2116276.703089701011777 ], [ 3757105.833174061495811, 2116278.52463477384299 ], [ 3757105.559124461840838, 2116279.551558322738856 ], [ 3757104.846293969545513, 2116281.330212314613163 ], [ 3757104.322707046754658, 2116282.149875229224563 ], [ 3757102.596085919998586, 2116284.553408229723573 ], [ 3757101.892057867720723, 2116284.798918696120381 ], [ 3757101.321578743867576, 2116284.841873483732343 ], [ 3757101.193521513603628, 2116284.866238381713629 ], [ 3757099.171140999067575, 2116285.251535996794701 ], [ 3757099.11149145103991, 2116285.271559881046414 ], [ 3757098.427076553925872, 2116285.500774924643338 ], [ 3757097.764956198167056, 2116285.882695876061916 ], [ 3757097.277936151251197, 2116286.308469414710999 ], [ 3757095.490735434461385, 2116287.776147442404181 ], [ 3757094.625026397872716, 2116288.016586631070822 ], [ 3757094.010075175669044, 2116288.094198518432677 ], [ 3757092.8314268887043, 2116288.242953303270042 ], [ 3757091.659403984900564, 2116288.201451965607703 ], [ 3757089.418922839220613, 2116287.918481490574777 ], [ 3757087.437948019243777, 2116287.841745539568365 ], [ 3757084.174583368003368, 2116287.843845517374575 ], [ 3757082.265381224919111, 2116288.131100120954216 ], [ 3757082.104604266118258, 2116288.210651190951467 ], [ 3757081.618061741814017, 2116288.451503328979015 ], [ 3757081.240968917496502, 2116288.867052267305553 ], [ 3757078.85904737515375, 2116291.381376673467457 ], [ 3757078.298014240339398, 2116291.533532064408064 ], [ 3757077.82361013116315, 2116291.472783456556499 ], [ 3757077.799004947766662, 2116291.469659196212888 ], [ 3757077.108548348769546, 2116291.173118832521141 ], [ 3757076.830676321871579, 2116290.988513138145208 ], [ 3757076.228001873008907, 2116290.423507637344301 ], [ 3757074.964200764894485, 2116288.968303518369794 ], [ 3757073.453438362572342, 2116287.335620636120439 ], [ 3757072.797057206742465, 2116287.316411044448614 ], [ 3757071.72124079009518, 2116287.456202403176576 ], [ 3757071.202989754732698, 2116287.602770916186273 ], [ 3757070.983725680503994, 2116287.664804564788938 ], [ 3757070.412521153688431, 2116288.04826842341572 ], [ 3757069.9508594321087, 2116288.651920045726001 ], [ 3757069.630811155773699, 2116289.262515326496214 ], [ 3757069.124717453494668, 2116290.751641742885113 ], [ 3757068.428121992386878, 2116293.420147359371185 ], [ 3757067.913238700479269, 2116295.040283111389726 ], [ 3757067.405089993961155, 2116295.688284412026405 ], [ 3757065.127895148470998, 2116298.483388129156083 ], [ 3757064.35650393506512, 2116299.115744320675731 ], [ 3757062.049354174174368, 2116301.212515767663717 ], [ 3757061.656823524739593, 2116301.799727747682482 ], [ 3757061.459263315889984, 2116302.428952200338244 ], [ 3757061.595809531398118, 2116303.077334639616311 ], [ 3757062.14063317887485, 2116304.489033889956772 ], [ 3757062.455901576206088, 2116304.990597577765584 ], [ 3757062.898489814251661, 2116305.450298279058188 ], [ 3757063.469272128306329, 2116305.878161426633596 ], [ 3757064.829465526156127, 2116306.583160411566496 ], [ 3757065.718529976438731, 2116306.73113996675238 ], [ 3757066.079139140434563, 2116306.707706397399306 ], [ 3757066.613506085239351, 2116306.611861101351678 ], [ 3757067.696019732858986, 2116306.417615017853677 ], [ 3757068.326706475578249, 2116306.138792851939797 ], [ 3757069.019234337843955, 2116305.965435056947172 ], [ 3757070.042335180100054, 2116305.709323574323207 ], [ 3757070.502364370040596, 2116305.786819711327553 ], [ 3757070.945998135022819, 2116306.026067343074828 ], [ 3757071.350045727100223, 2116306.389279229100794 ], [ 3757071.924868984147906, 2116306.746510784141719 ], [ 3757072.093521984759718, 2116306.737353873439133 ], [ 3757072.706867946311831, 2116306.704100740142167 ], [ 3757073.011528386734426, 2116306.615718307904899 ], [ 3757074.418488482013345, 2116305.994598584249616 ], [ 3757075.821424984838814, 2116305.093347781337798 ], [ 3757077.335048534441739, 2116304.321387384086847 ], [ 3757077.69318038225174, 2116304.138584063854069 ], [ 3757078.625142922624946, 2116304.082220807671547 ], [ 3757079.011747525073588, 2116304.126520441845059 ], [ 3757080.292030580341816, 2116304.488492042757571 ], [ 3757081.070965325925499, 2116304.876978918910027 ], [ 3757082.559304079040885, 2116305.90070709399879 ], [ 3757083.219807476270944, 2116306.200031575746834 ], [ 3757084.851811105385423, 2116306.669595094397664 ], [ 3757088.227731165010482, 2116307.738718135282397 ], [ 3757088.740087172016501, 2116308.071834401227534 ], [ 3757090.060022130142897, 2116308.660490278154612 ], [ 3757090.880038763396442, 2116308.824795772321522 ], [ 3757092.16372176958248, 2116308.876024573110044 ], [ 3757096.80130035802722, 2116309.157107848208398 ], [ 3757097.593096699565649, 2116309.34415035136044 ], [ 3757099.29135363176465, 2116309.99779058014974 ], [ 3757100.370606507640332, 2116310.598825148306787 ], [ 3757102.194581931456923, 2116311.891946456860751 ], [ 3757104.092456268146634, 2116313.458604214247316 ], [ 3757106.578302953392267, 2116315.651769298594445 ], [ 3757106.793391247279942, 2116316.042459747754037 ], [ 3757107.005518998019397, 2116316.633780863601714 ], [ 3757107.41073425905779, 2116318.529110619332641 ], [ 3757107.472495967056602, 2116320.296065811533481 ], [ 3757107.703992072492838, 2116323.67972684558481 ], [ 3757107.97248785244301, 2116324.456036357209086 ], [ 3757108.887048441451043, 2116326.534562884829938 ], [ 3757109.526174823287874, 2116328.338079558685422 ], [ 3757110.051974121946841, 2116330.46256399480626 ], [ 3757110.745806350372732, 2116332.55151483649388 ], [ 3757111.16675876500085, 2116333.343767228536308 ], [ 3757111.812061467207968, 2116333.934924187138677 ], [ 3757112.12642063992098, 2116334.076010224409401 ], [ 3757112.960715207271278, 2116334.289024101570249 ], [ 3757114.737731729634106, 2116334.454788412898779 ], [ 3757115.633764423429966, 2116334.682170500513166 ], [ 3757116.315855216700584, 2116334.999509594403207 ], [ 3757116.647084216587245, 2116335.219184100627899 ], [ 3757117.681282077450305, 2116336.114819059148431 ], [ 3757118.982445102650672, 2116337.53652860969305 ], [ 3757119.741011156700552, 2116338.157186023425311 ], [ 3757120.626773940399289, 2116338.61589259840548 ], [ 3757121.582950243260711, 2116338.957876238506287 ], [ 3757122.499474405776709, 2116339.073175748344511 ], [ 3757123.098969787824899, 2116339.034335031174123 ], [ 3757123.220707730855793, 2116339.026407121680677 ], [ 3757124.122380489017814, 2116338.852674547582865 ], [ 3757125.021125499159098, 2116338.528908190783113 ], [ 3757127.31265006493777, 2116337.535298529081047 ], [ 3757127.825328906998038, 2116337.057104198727757 ], [ 3757128.806316810660064, 2116335.934605296701193 ], [ 3757129.071812641806901, 2116335.158860526047647 ], [ 3757129.088917464949191, 2116334.656502481549978 ], [ 3757129.00980000756681, 2116333.972754049114883 ], [ 3757128.506260328460485, 2116332.10659216856584 ], [ 3757128.356292416341603, 2116330.718312663957477 ], [ 3757128.427404592745006, 2116329.43986080866307 ], [ 3757128.561746060848236, 2116328.896584146190435 ], [ 3757128.860107429791242, 2116328.267990891821682 ], [ 3757129.340256971307099, 2116327.762799000367522 ], [ 3757129.529037042055279, 2116327.681588107254356 ], [ 3757129.874435440637171, 2116327.532983482815325 ], [ 3757130.602301466744393, 2116327.445463553536683 ], [ 3757131.591830843128264, 2116327.473920489661396 ], [ 3757132.405297696124762, 2116327.678863488603383 ], [ 3757132.913245579227805, 2116327.962261354550719 ], [ 3757134.540387788787484, 2116328.714718094095588 ], [ 3757134.843662389554083, 2116328.854898641817272 ], [ 3757135.420468905940652, 2116328.651234810706228 ], [ 3757136.005092101637274, 2116328.306552615016699 ], [ 3757136.460555127821863, 2116327.863790782168508 ], [ 3757136.793923391960561, 2116327.291993395891041 ], [ 3757136.999750215094537, 2116326.641987102571875 ], [ 3757138.128174713812768, 2116323.492705321870744 ], [ 3757138.714392485097051, 2116323.047789933159947 ], [ 3757139.443918294273317, 2116322.744348020292819 ], [ 3757139.706210423726588, 2116322.635309051722288 ], [ 3757140.150766501203179, 2116322.534016136545688 ], [ 3757141.314201346598566, 2116322.476244884543121 ], [ 3757142.494826444424689, 2116322.617117658257484 ], [ 3757145.273564727045596, 2116322.79937934409827 ], [ 3757145.594702435191721, 2116322.820457131136209 ], [ 3757146.225625874940306, 2116322.661805833689868 ], [ 3757146.885406571440399, 2116322.37027321010828 ], [ 3757148.810295782983303, 2116321.330509421415627 ], [ 3757149.141775330528617, 2116320.969335957430303 ], [ 3757149.26054058317095, 2116320.47753599844873 ], [ 3757149.195079959928989, 2116319.952738781925291 ], [ 3757148.964094991330057, 2116319.493469302542508 ], [ 3757148.651754549238831, 2116319.141939553897828 ], [ 3757146.499613457359374, 2116316.497130747418851 ], [ 3757146.186970016919076, 2116315.674783018883318 ], [ 3757146.139016289729625, 2116315.118429800495505 ], [ 3757146.008757130708545, 2116309.521941158920527 ], [ 3757146.424133740831167, 2116308.732358115725219 ], [ 3757146.975417463108897, 2116308.000185244716704 ], [ 3757148.298427829984576, 2116306.755811715498567 ], [ 3757149.099248929414898, 2116306.230899612419307 ], [ 3757150.931553854141384, 2116304.8191734328866 ], [ 3757151.590287357568741, 2116304.046977943740785 ], [ 3757153.532754989340901, 2116302.044081135652959 ], [ 3757155.118149124551564, 2116300.805426401551813 ], [ 3757157.472072193399072, 2116299.135032096412033 ], [ 3757158.378847243264318, 2116298.67031467333436 ], [ 3757158.757694525644183, 2116298.566075675655156 ], [ 3757159.421797494404018, 2116298.383373559918255 ], [ 3757161.229673905763775, 2116298.205717312172055 ], [ 3757162.068578395526856, 2116298.238168711774051 ], [ 3757169.117140366695821, 2116299.727860955521464 ], [ 3757176.162802173290402, 2116299.665485092438757 ], [ 3757177.207840251736343, 2116299.869004173204303 ], [ 3757178.660784319508821, 2116300.365234283730388 ], [ 3757181.240523457527161, 2116301.428045445121825 ], [ 3757182.966457012109458, 2116301.818823506124318 ], [ 3757183.556095883715898, 2116302.114635773934424 ], [ 3757184.885205227416009, 2116303.042987439781427 ], [ 3757186.624959591776133, 2116303.943348107859492 ], [ 3757187.43177773244679, 2116304.188945315778255 ], [ 3757188.731401172466576, 2116304.355865004472435 ], [ 3757189.15319589804858, 2116304.410015416331589 ], [ 3757189.737632183358073, 2116304.295714296400547 ], [ 3757190.079080734867603, 2116303.933515257202089 ], [ 3757191.778137751854956, 2116302.49404873047024 ], [ 3757192.476138551719487, 2116302.178950359113514 ], [ 3757193.252198055852205, 2116301.966160753276199 ], [ 3757193.745492186397314, 2116301.830923465546221 ], [ 3757195.496560691390187, 2116301.578392113093287 ], [ 3757197.723570039495826, 2116301.47203510440886 ], [ 3757198.413689882494509, 2116301.648422677069902 ], [ 3757199.106721787247807, 2116301.97474570851773 ], [ 3757201.123324376996607, 2116302.699153630062938 ], [ 3757201.584158026147634, 2116302.726583171635866 ], [ 3757201.913066535722464, 2116302.746189186349511 ], [ 3757202.61483807861805, 2116302.59095370490104 ], [ 3757203.222643396817148, 2116302.164054337888956 ], [ 3757203.662080088630319, 2116301.652534582652152 ], [ 3757204.60963055677712, 2116300.14256462501362 ], [ 3757204.84712852910161, 2116299.50962995365262 ], [ 3757206.028103637043387, 2116296.736045323312283 ], [ 3757207.573389342520386, 2116293.397988192737103 ], [ 3757208.71442729793489, 2116290.628116167150438 ], [ 3757210.0826933872886, 2116287.456633857917041 ], [ 3757210.730836545117199, 2116286.795708674937487 ], [ 3757210.977830707095563, 2116286.622523819562048 ], [ 3757211.499435746110976, 2116286.349662624765188 ], [ 3757211.652427880093455, 2116286.26957295415923 ], [ 3757212.426780685316771, 2116286.137705366592854 ], [ 3757214.566930657252669, 2116285.959273694083095 ], [ 3757215.900286046788096, 2116285.802236261311918 ], [ 3757216.970085727982223, 2116285.676318363752216 ], [ 3757217.422098697628826, 2116285.193750956095755 ], [ 3757217.63275831611827, 2116284.483254438266158 ], [ 3757217.594724135939032, 2116283.575326257850975 ], [ 3757217.687054299283773, 2116281.1431715618819 ], [ 3757217.832101345062256, 2116280.488709612749517 ], [ 3757218.441016004420817, 2116278.789775765966624 ], [ 3757219.363617841619998, 2116276.991621537134051 ], [ 3757220.056278265081346, 2116276.146225050557405 ], [ 3757221.096887127961963, 2116274.547443590126932 ], [ 3757223.415890334639698, 2116271.187665863893926 ], [ 3757224.111699832603335, 2116270.612374595366418 ], [ 3757225.916342465672642, 2116269.46361578674987 ], [ 3757226.442555509041995, 2116269.024286985397339 ], [ 3757226.948971456382424, 2116268.356336402706802 ], [ 3757228.536013347562402, 2116265.034408710896969 ], [ 3757229.066461661830544, 2116264.797654377296567 ], [ 3757229.243998751044273, 2116264.718383450992405 ], [ 3757229.568627752829343, 2116264.628146245144308 ], [ 3757230.488028699997813, 2116264.542932415846735 ], [ 3757232.154879420995712, 2116264.598756831139326 ], [ 3757236.049710390623659, 2116264.60505155287683 ], [ 3757236.295431917067617, 2116264.605340315494686 ], [ 3757236.627567904535681, 2116264.506828126963228 ], [ 3757236.884700257331133, 2116264.430548484437168 ], [ 3757238.959554393775761, 2116264.077953479252756 ], [ 3757240.722715687006712, 2116263.977684456389397 ], [ 3757241.194830300752074, 2116263.95081702619791 ], [ 3757241.892308281268924, 2116263.745946227572858 ], [ 3757242.473595639690757, 2116263.361541249789298 ], [ 3757243.166004558093846, 2116263.096992538310587 ], [ 3757244.175787934567779, 2116262.893200516700745 ], [ 3757244.820767777971923, 2116262.663188108243048 ], [ 3757245.02401958592236, 2116261.983402065001428 ], [ 3757244.825850918889046, 2116261.320734845474362 ], [ 3757244.38181724306196, 2116260.610685433261096 ], [ 3757244.147971070371568, 2116260.352030248846859 ], [ 3757242.370536096859723, 2116258.663991712965071 ], [ 3757240.454029863700271, 2116256.648339731618762 ], [ 3757240.172551217954606, 2116255.953387628309429 ], [ 3757240.113118153996766, 2116255.498180353548378 ], [ 3757240.12076274305582, 2116254.886525427922606 ], [ 3757240.284600094426423, 2116254.100225318688899 ], [ 3757240.418755403719842, 2116253.78733003558591 ], [ 3757240.910034898202866, 2116253.060744316782802 ], [ 3757242.165396235883236, 2116251.732501128222793 ], [ 3757243.224070113617927, 2116250.342390391975641 ], [ 3757243.645123200491071, 2116249.502147520892322 ], [ 3757244.708041115198284, 2116247.811124058440328 ], [ 3757245.604511794634163, 2116247.22728232992813 ], [ 3757247.78710675612092, 2116245.672906427178532 ], [ 3757248.298976972233504, 2116244.834222600329667 ], [ 3757249.692516540642828, 2116242.772100568283349 ], [ 3757252.122323689982295, 2116239.412128596566617 ], [ 3757252.82949975412339, 2116238.735611538402736 ], [ 3757253.600924999453127, 2116237.752597424201667 ], [ 3757254.059339795261621, 2116236.878861035220325 ], [ 3757255.079473866149783, 2116235.392262567766011 ], [ 3757255.669887186959386, 2116234.997002867050469 ], [ 3757259.469967747107148, 2116232.341090436093509 ], [ 3757261.94151427410543, 2116230.399376847781241 ], [ 3757263.43934038374573, 2116229.429259479045868 ], [ 3757263.749431936070323, 2116229.334856055676937 ], [ 3757264.195106221362948, 2116229.198950659483671 ], [ 3757264.832899356726557, 2116229.119720184244215 ], [ 3757267.949223224073648, 2116228.580505323596299 ], [ 3757273.287234419025481, 2116227.75499386433512 ], [ 3757273.904452382121235, 2116227.787959955167025 ], [ 3757276.309087844099849, 2116228.105808897875249 ], [ 3757277.075124285183847, 2116228.345290787518024 ], [ 3757277.811527667567134, 2116228.707611965481192 ], [ 3757278.69259410072118, 2116229.346998244524002 ], [ 3757280.654489731416106, 2116230.487090629525483 ], [ 3757282.481035502161831, 2116231.809997258707881 ], [ 3757282.830564262345433, 2116232.358510887715966 ], [ 3757282.883348671253771, 2116232.854371073655784 ], [ 3757282.76835270691663, 2116233.506031609605998 ], [ 3757282.60877448739484, 2116233.991516383830458 ], [ 3757282.098236395511776, 2116234.379351477138698 ], [ 3757281.509589890949428, 2116234.443900141399354 ], [ 3757281.098552651703358, 2116234.480310298502445 ], [ 3757276.661274455022067, 2116234.873406771570444 ], [ 3757274.507305268198252, 2116235.243366714101285 ], [ 3757274.508276018314064, 2116235.272605632897466 ], [ 3757274.530807848554105, 2116235.982317778281868 ], [ 3757274.731552144978195, 2116236.674766534939408 ], [ 3757274.930628513917327, 2116237.697909775190055 ], [ 3757274.528635757043958, 2116238.175819499418139 ], [ 3757274.013902885373682, 2116238.514002273790538 ], [ 3757272.318294089287519, 2116239.292154940776527 ], [ 3757270.64519620500505, 2116239.747782560996711 ], [ 3757268.545590812340379, 2116240.513272104784846 ], [ 3757267.947433684021235, 2116240.819088098593056 ], [ 3757267.624472891911864, 2116241.279744650237262 ], [ 3757267.768425625748932, 2116241.897415429353714 ], [ 3757268.341243611648679, 2116242.465189387090504 ], [ 3757268.659895635209978, 2116242.655912627000362 ], [ 3757269.618661714252084, 2116243.027779076248407 ], [ 3757271.057073696516454, 2116243.355035875923932 ], [ 3757272.936622245702893, 2116243.541390731930733 ], [ 3757274.428761308081448, 2116243.481416868511587 ], [ 3757274.653157492168248, 2116243.472407247405499 ], [ 3757275.463997384533286, 2116243.297021931968629 ], [ 3757283.6315857488662, 2116240.476583825424314 ], [ 3757285.348424327559769, 2116240.063135370612144 ], [ 3757285.930790102109313, 2116239.922897960059345 ], [ 3757288.058141910471022, 2116239.595447605475783 ], [ 3757289.146852902136743, 2116239.604668824933469 ], [ 3757289.679264735430479, 2116239.705566873773932 ], [ 3757290.115840039215982, 2116240.095777021255344 ], [ 3757290.247552291024476, 2116240.804649059660733 ], [ 3757290.112236497458071, 2116241.337914099916816 ], [ 3757289.795924033038318, 2116241.757917141076177 ], [ 3757289.217548389919102, 2116242.292256232816726 ], [ 3757287.724352120887488, 2116243.432162628974766 ], [ 3757285.753227459266782, 2116244.636533189564943 ], [ 3757282.523241584654897, 2116246.778788891155273 ], [ 3757280.704370406921953, 2116248.229384699370712 ], [ 3757277.632027328945696, 2116250.797599099576473 ], [ 3757275.856258112937212, 2116252.514686135109514 ], [ 3757274.727678182069212, 2116253.911193625535816 ], [ 3757273.514120497740805, 2116255.606110853143036 ], [ 3757273.096403650008142, 2116256.486078417859972 ], [ 3757273.125883462838829, 2116256.944069566205144 ], [ 3757273.430781087838113, 2116257.676972640678287 ], [ 3757273.603877582587302, 2116257.931366846896708 ], [ 3757274.328816269990057, 2116258.394930777605623 ], [ 3757274.956437525805086, 2116258.547007668763399 ], [ 3757276.607513637281954, 2116258.654342046938837 ], [ 3757277.536039919126779, 2116258.55827384069562 ], [ 3757278.278075287584215, 2116258.41165782045573 ], [ 3757279.447594062890857, 2116258.180738054215908 ], [ 3757281.128622752614319, 2116257.584174249321222 ], [ 3757282.302391644567251, 2116256.944616516120732 ], [ 3757283.413849859498441, 2116256.050367520190775 ], [ 3757284.626819820143282, 2116254.816143890377134 ], [ 3757286.7783646825701, 2116252.433343202807009 ], [ 3757288.297742904163897, 2116250.429675841704011 ], [ 3757289.617941291537136, 2116249.035358900204301 ], [ 3757291.149105082731694, 2116247.751618137117475 ], [ 3757293.22406207351014, 2116245.76653277920559 ], [ 3757295.083508103620261, 2116244.202081605792046 ], [ 3757296.806542795151472, 2116243.040798814035952 ], [ 3757299.069782473612577, 2116241.719292738474905 ], [ 3757300.045081960968673, 2116241.348480500746518 ], [ 3757301.191006649751216, 2116241.0720882746391 ], [ 3757302.067944879643619, 2116240.860423058271408 ], [ 3757302.809130764566362, 2116240.811703824438155 ], [ 3757303.859236529096961, 2116241.07490358222276 ], [ 3757304.306319214869291, 2116241.353959664702415 ], [ 3757304.730654070153832, 2116241.835371235385537 ], [ 3757304.928822171408683, 2116242.498037992976606 ], [ 3757304.892082773149014, 2116243.122403524350375 ], [ 3757304.749038584064692, 2116243.566323037259281 ], [ 3757304.465575621463358, 2116244.133378851227462 ], [ 3757303.574020838364959, 2116245.357727070339024 ], [ 3757302.967310785315931, 2116245.914720681495965 ], [ 3757301.767898012883961, 2116247.30790997762233 ], [ 3757301.697148864623159, 2116248.005592781119049 ], [ 3757301.909259356092662, 2116248.596814547199756 ], [ 3757302.450406549498439, 2116249.147518022917211 ], [ 3757303.012584109790623, 2116249.476011460181326 ], [ 3757304.084810520987958, 2116249.877346778288484 ], [ 3757306.196723851840943, 2116250.422672588378191 ], [ 3757308.316667189821601, 2116250.827046421356499 ], [ 3757308.532684737816453, 2116250.802191315684468 ], [ 3757309.224350274540484, 2116250.722809533122927 ], [ 3757309.714534434024245, 2116250.56724238442257 ], [ 3757310.428293661214411, 2116250.200540115125477 ], [ 3757310.902851833496243, 2116249.745900328736752 ], [ 3757311.345068083610386, 2116249.033883420750499 ], [ 3757313.092666696757078, 2116248.391197985038161 ], [ 3757314.235577864572406, 2116248.38309923466295 ], [ 3757314.612735331524163, 2116248.380419120192528 ], [ 3757316.066970432177186, 2116249.707830859813839 ], [ 3757316.834724023472518, 2116249.967167442664504 ], [ 3757317.239563628099859, 2116249.989660146646202 ], [ 3757319.27505163429305, 2116249.881103856489062 ], [ 3757321.689857734367251, 2116249.967646337114275 ], [ 3757326.457421723753214, 2116250.236655018758029 ], [ 3757328.346430583391339, 2116250.532309362664819 ], [ 3757330.148614357225597, 2116251.106338369660079 ], [ 3757330.87698735203594, 2116251.609611704945564 ], [ 3757331.233687404543161, 2116252.007245965301991 ], [ 3757331.546599154826254, 2116252.599098548293114 ], [ 3757331.716768452897668, 2116253.404573140665889 ], [ 3757331.806589158251882, 2116254.678246605210006 ], [ 3757331.697303143329918, 2116256.330808518454432 ], [ 3757331.343697963748127, 2116258.186319940723479 ], [ 3757330.648594919592142, 2116260.754593358840793 ], [ 3757330.351614200044423, 2116261.282884084619582 ], [ 3757329.840030506253242, 2116261.891170843970031 ], [ 3757329.428339845966548, 2116262.139612543862313 ], [ 3757328.798275652807206, 2116262.308187927119434 ], [ 3757326.125617566052824, 2116263.08684590831399 ], [ 3757325.314713519997895, 2116263.612697475589812 ], [ 3757322.959039486013353, 2116264.912773345131427 ], [ 3757320.45745877083391, 2116266.156268807593733 ], [ 3757318.319536001421511, 2116266.945339706726372 ], [ 3757315.668564044870436, 2116267.741997029166669 ], [ 3757314.728787158615887, 2116267.904740506783128 ], [ 3757314.050827529281378, 2116268.022151866927743 ], [ 3757313.563571702223271, 2116268.135962740518153 ], [ 3757311.207126013934612, 2116268.686424714513123 ], [ 3757310.592435427941382, 2116269.033805494196713 ], [ 3757310.735849868506193, 2116269.761603972408921 ], [ 3757311.422770975157619, 2116270.018453343771398 ], [ 3757312.848621835000813, 2116270.316856660880148 ], [ 3757315.02318084333092, 2116270.535912766121328 ], [ 3757318.038483299314976, 2116270.927364926319569 ], [ 3757319.605424185283482, 2116271.342938705347478 ], [ 3757322.10637891292572, 2116271.842161806300282 ], [ 3757322.584077232517302, 2116271.762130538932979 ], [ 3757323.446816811338067, 2116271.617723687551916 ], [ 3757325.157274817116559, 2116271.128603177145123 ], [ 3757327.070175537839532, 2116270.300319374538958 ], [ 3757329.997823307290673, 2116268.85707451403141 ], [ 3757330.976379049010575, 2116268.504959177225828 ], [ 3757331.385133034549654, 2116268.357875912450254 ], [ 3757332.422628346364945, 2116268.241673111915588 ], [ 3757333.343124111648649, 2116268.286557745654136 ], [ 3757334.189992740750313, 2116268.528526783920825 ], [ 3757334.48695839010179, 2116268.701251611113548 ], [ 3757335.060887305531651, 2116269.399220367893577 ], [ 3757335.192550166510046, 2116269.757543340791017 ], [ 3757335.346422798465937, 2116270.724752483423799 ], [ 3757335.493273196276277, 2116272.894487245474011 ], [ 3757335.392891447991133, 2116273.715009013190866 ], [ 3757335.434867266565561, 2116274.552320376969874 ], [ 3757335.859251936431974, 2116275.384280644357204 ], [ 3757336.993389154784381, 2116276.971734431572258 ], [ 3757338.304516148753464, 2116279.093532126396894 ], [ 3757338.567334522027522, 2116279.920502253808081 ], [ 3757338.980625128839165, 2116282.025423143059015 ], [ 3757339.587154330685735, 2116285.554632151499391 ], [ 3757339.514470064081252, 2116286.462643300183117 ], [ 3757339.226714940275997, 2116287.681176485493779 ], [ 3757338.807429915294051, 2116288.891821244731545 ], [ 3757337.976592752151191, 2116290.47109349258244 ], [ 3757337.207492760848254, 2116291.363620408810675 ], [ 3757336.698688416276127, 2116291.77140799863264 ], [ 3757335.344580022618175, 2116292.537911421153694 ], [ 3757333.301212422084063, 2116293.839067130349576 ], [ 3757331.783217409625649, 2116295.041320933494717 ], [ 3757332.115018208511174, 2116295.5013188845478 ], [ 3757332.71349580027163, 2116296.016672296915203 ], [ 3757333.649415092077106, 2116296.590910446830094 ], [ 3757334.620790161192417, 2116296.641065709292889 ], [ 3757340.150979397352785, 2116296.065720404498279 ], [ 3757340.810412838123739, 2116295.997146621346474 ], [ 3757341.898214464075863, 2116295.64589178469032 ], [ 3757345.382359031587839, 2116294.625396110583097 ], [ 3757346.250532154925168, 2116294.371067631989717 ], [ 3757347.12185026705265, 2116294.43043745495379 ], [ 3757348.305400510318577, 2116294.721347750164568 ], [ 3757349.073390966281295, 2116295.100853633135557 ], [ 3757349.609908909071237, 2116295.481767361983657 ], [ 3757350.061620973516256, 2116295.930612948257476 ], [ 3757350.42350794095546, 2116296.738261309452355 ], [ 3757350.482319440692663, 2116297.303710208274424 ], [ 3757350.4104461860843, 2116299.273327198810875 ], [ 3757350.478719163686037, 2116299.948074134998024 ], [ 3757350.699195786379278, 2116300.51849701302126 ], [ 3757351.307035968638957, 2116301.14316460955888 ], [ 3757351.779354027472436, 2116301.480010096915066 ], [ 3757353.159625913016498, 2116302.183238774072379 ], [ 3757354.878149270545691, 2116303.305844449438155 ], [ 3757356.358028950169683, 2116304.580737217329443 ], [ 3757356.672772912308574, 2116305.192526227328926 ], [ 3757356.868602546863258, 2116305.945580429397523 ], [ 3757357.771639215759933, 2116308.706159423105419 ], [ 3757358.110918226186186, 2116310.537462466862053 ], [ 3757358.537209047470242, 2116311.860011510550976 ], [ 3757359.242801471147686, 2116312.916303034871817 ], [ 3757360.464084414299577, 2116314.345436994917691 ], [ 3757361.528231799602509, 2116315.238289039582014 ], [ 3757363.023584180511534, 2116316.691970532760024 ], [ 3757363.12495959084481, 2116317.634037896990776 ], [ 3757363.504577773623168, 2116319.932429052889347 ], [ 3757364.399162301793694, 2116320.610579881817102 ], [ 3757365.445008402690291, 2116321.174593684263527 ], [ 3757366.246149816550314, 2116321.470855009742081 ], [ 3757368.397239570505917, 2116322.002525042742491 ], [ 3757369.708060375414789, 2116322.602137984707952 ], [ 3757371.259711300954223, 2116323.539906099438667 ], [ 3757374.699382922146469, 2116325.464334041345865 ], [ 3757376.077566844876856, 2116325.677104253321886 ], [ 3757378.104385918937624, 2116325.819643635302782 ], [ 3757379.426289351657033, 2116325.758816150948405 ], [ 3757379.820060058496892, 2116325.740733893588185 ], [ 3757380.892185847274959, 2116325.440971739124507 ], [ 3757381.485189330764115, 2116325.075592903420329 ], [ 3757382.865004783030599, 2116323.906105068512261 ], [ 3757384.453545172233135, 2116322.937564888969064 ], [ 3757385.582269361708313, 2116322.539448310621083 ], [ 3757385.724376977887005, 2116322.489227970130742 ], [ 3757387.103132413700223, 2116322.241207680664957 ], [ 3757388.6405920824036, 2116322.198791217058897 ], [ 3757390.643148554954678, 2116322.29355086106807 ], [ 3757393.063554847612977, 2116322.559892321005464 ], [ 3757396.402437350712717, 2116323.081561400555074 ], [ 3757398.695948165841401, 2116323.279555288143456 ], [ 3757401.374665189068764, 2116323.622051313519478 ], [ 3757402.194931828882545, 2116323.90662781521678 ], [ 3757403.114938408136368, 2116324.412189121823758 ], [ 3757403.853532807901502, 2116325.034703633747995 ], [ 3757404.203584814444184, 2116325.472990902606398 ], [ 3757404.752427313476801, 2116326.463702314067632 ], [ 3757404.976053090766072, 2116327.304229307919741 ], [ 3757405.003292992711067, 2116327.852591261267662 ], [ 3757404.796880076173693, 2116329.664399657398462 ], [ 3757404.425464785192162, 2116330.730395588092506 ], [ 3757403.915649868547916, 2116331.709084982518107 ], [ 3757403.280942880548537, 2116332.408885805401951 ], [ 3757402.74280771240592, 2116332.709214760921896 ], [ 3757401.131672798655927, 2116333.299280124716461 ], [ 3757398.172914931550622, 2116334.264564101118594 ], [ 3757397.261219025589526, 2116334.41586915589869 ], [ 3757396.395331667270511, 2116334.559582459274679 ], [ 3757393.184426299296319, 2116334.93737365026027 ], [ 3757390.994782571680844, 2116335.010230067186058 ], [ 3757389.766006002668291, 2116335.244396176654845 ], [ 3757389.763868298381567, 2116335.246255911886692 ], [ 3757389.176690180785954, 2116335.769751590210944 ], [ 3757389.570164884906262, 2116336.594584510661662 ], [ 3757390.459596943575889, 2116337.213171769864857 ], [ 3757395.830787860322744, 2116338.758209846448153 ], [ 3757397.594227899797261, 2116339.466030837967992 ], [ 3757400.841993577312678, 2116340.917550971265882 ], [ 3757401.917368434835225, 2116341.588990672491491 ], [ 3757403.509766655508429, 2116342.883538840338588 ], [ 3757406.251690874807537, 2116345.243329785764217 ], [ 3757406.677980654407293, 2116345.864764960482717 ], [ 3757406.903289575595409, 2116346.374696059152484 ], [ 3757407.048136568628252, 2116347.352743852417916 ], [ 3757407.037329724989831, 2116348.39530845079571 ], [ 3757406.843457434792072, 2116349.184505204670131 ], [ 3757406.619043509475887, 2116349.736065228004009 ], [ 3757406.082039076369256, 2116350.516941465437412 ], [ 3757404.988885528873652, 2116351.740026796236634 ], [ 3757403.488621583674103, 2116353.030794751830399 ], [ 3757401.86039742641151, 2116354.123314721509814 ], [ 3757400.771959980484098, 2116354.58471326995641 ], [ 3757399.638195488601923, 2116354.870090959593654 ], [ 3757399.350146368611604, 2116354.884677274618298 ], [ 3757398.444810409098864, 2116354.930641363374889 ], [ 3757396.665982563048601, 2116354.745031126774848 ], [ 3757395.59850058844313, 2116354.513567642308772 ], [ 3757394.137193944305182, 2116354.03813341492787 ], [ 3757385.361607852391899, 2116350.394971294794232 ], [ 3757383.976888444274664, 2116349.521822943352163 ], [ 3757377.975648786406964, 2116345.811870343983173 ], [ 3757374.048605035990477, 2116343.491847882047296 ], [ 3757371.479679238982499, 2116342.087581175379455 ], [ 3757368.766327057033777, 2116340.526418998837471 ], [ 3757365.307814955711365, 2116338.38328146841377 ], [ 3757362.72661416279152, 2116336.719765527639538 ], [ 3757361.17856067745015, 2116335.471223799046129 ], [ 3757358.447429746389389, 2116333.470997333526611 ], [ 3757357.003800934180617, 2116332.733530022203922 ], [ 3757354.383334253914654, 2116331.314032814465463 ], [ 3757352.196702546905726, 2116329.904332895297557 ], [ 3757349.661834717262536, 2116328.07618404366076 ], [ 3757348.293027251027524, 2116327.271712859161198 ], [ 3757347.091241156682372, 2116327.002611803822219 ], [ 3757346.839701154734939, 2116327.005891969427466 ], [ 3757344.394020272418857, 2116327.262675063684583 ], [ 3757343.888364069629461, 2116327.239453623071313 ], [ 3757341.185639373026788, 2116327.319701975211501 ], [ 3757339.085765735711902, 2116327.614571258425713 ], [ 3757336.109544433187693, 2116327.910595327150077 ], [ 3757328.644223975948989, 2116328.712897775694728 ], [ 3757326.767505590803921, 2116328.676593121141195 ], [ 3757324.304061208851635, 2116328.494410833809525 ], [ 3757320.036463895812631, 2116328.299193661659956 ], [ 3757318.865809869021177, 2116328.533823419362307 ], [ 3757318.828498528338969, 2116328.541334493085742 ], [ 3757318.479829185176641, 2116328.703862554393709 ], [ 3757317.980570019688457, 2116329.220834664069116 ], [ 3757318.117352681234479, 2116329.989384705666453 ], [ 3757318.449153868481517, 2116330.449382625520229 ], [ 3757319.147475720848888, 2116330.955455552786589 ], [ 3757319.557818986009806, 2116331.157762910239398 ], [ 3757321.678148092702031, 2116332.032837136648595 ], [ 3757324.826072549447417, 2116333.493635247461498 ], [ 3757326.656241490971297, 2116334.625870110467076 ], [ 3757327.392596433870494, 2116335.338755894452333 ], [ 3757328.019360315054655, 2116336.182019491679966 ], [ 3757328.412075498141348, 2116336.996909367386252 ], [ 3757329.684464073739946, 2116339.953613929450512 ], [ 3757330.607994914986193, 2116342.602111821994185 ], [ 3757330.686588924378157, 2116343.396084493026137 ], [ 3757330.704004290048033, 2116345.117027787491679 ], [ 3757330.418016863521188, 2116346.004851415753365 ], [ 3757329.326080463826656, 2116349.110601445659995 ], [ 3757328.753447559196502, 2116349.944925950840116 ], [ 3757327.430391429923475, 2116351.539858298841864 ], [ 3757326.647284923586994, 2116352.15318457596004 ], [ 3757326.290364315267652, 2116352.336593443062156 ], [ 3757325.568609550595284, 2116352.493585632182658 ], [ 3757325.270609484054148, 2116352.4952014349401 ], [ 3757324.652423157356679, 2116352.498436814174056 ], [ 3757319.815764792263508, 2116352.596326387487352 ], [ 3757317.503043636213988, 2116352.41013593133539 ], [ 3757316.548872365616262, 2116351.857609060592949 ], [ 3757314.575559185817838, 2116350.468196478672326 ], [ 3757313.30416567903012, 2116349.274082452058792 ], [ 3757311.47643880546093, 2116347.821195023600012 ], [ 3757310.359728157054633, 2116347.253669011872262 ], [ 3757307.636439841240644, 2116346.043985582422465 ], [ 3757306.000752243679017, 2116345.414441401138902 ], [ 3757304.89150003483519, 2116345.166754742152989 ], [ 3757301.614286812953651, 2116344.308812348172069 ], [ 3757300.280298304744065, 2116343.791517230216414 ], [ 3757298.126294855028391, 2116343.109914585016668 ], [ 3757296.406389907933772, 2116342.788723798468709 ], [ 3757294.681015893816948, 2116342.638168894685805 ], [ 3757288.14130703965202, 2116343.194474524818361 ], [ 3757286.750038559082896, 2116343.063078891951591 ], [ 3757283.891050739213824, 2116342.617073740810156 ], [ 3757280.670121337287128, 2116341.944234514608979 ], [ 3757278.562164903618395, 2116341.328394973184913 ], [ 3757275.827797296922654, 2116340.69065818330273 ], [ 3757274.21149121131748, 2116340.519951959140599 ], [ 3757272.366778546012938, 2116340.620873345527798 ], [ 3757262.581827471964061, 2116340.807128295768052 ], [ 3757259.189954537432641, 2116340.721002692356706 ], [ 3757254.417556943371892, 2116340.512497707270086 ], [ 3757251.442427684552968, 2116340.237509143538773 ], [ 3757249.373263839632273, 2116339.838426838628948 ], [ 3757244.777598103508353, 2116338.992629087530077 ], [ 3757243.232392443809658, 2116338.945606286171824 ], [ 3757235.282488096039742, 2116339.151926857419312 ], [ 3757233.943479865789413, 2116338.925504235550761 ], [ 3757231.034854181110859, 2116338.253745411522686 ], [ 3757228.951649035327137, 2116337.926125020720065 ], [ 3757227.171535472851247, 2116337.840801977552474 ], [ 3757225.284308233298361, 2116337.915655232034624 ], [ 3757222.625590354204178, 2116337.921762468293309 ], [ 3757221.014130900613964, 2116337.69066394213587 ], [ 3757219.492293742485344, 2116337.331043290439993 ], [ 3757215.614916210062802, 2116336.288348299451172 ], [ 3757212.91736994124949, 2116335.727247822564095 ], [ 3757211.58195030502975, 2116335.660818763077259 ], [ 3757207.59474615380168, 2116335.329448148608208 ], [ 3757206.35783723462373, 2116335.003471897915006 ], [ 3757205.390818685293198, 2116334.652488012332469 ], [ 3757204.656401715707034, 2116334.079528608359396 ], [ 3757202.724855542182922, 2116332.706341451499611 ], [ 3757201.848555241711438, 2116332.356932415161282 ], [ 3757198.45176110137254, 2116330.929184756241739 ], [ 3757197.943477641325444, 2116330.525633002165705 ], [ 3757196.354576324112713, 2116329.621443199925125 ], [ 3757194.797804526053369, 2116328.974565220065415 ], [ 3757189.370739043690264, 2116328.065592963714153 ], [ 3757187.523683882318437, 2116327.555789092555642 ], [ 3757182.040298564359546, 2116326.11126310704276 ], [ 3757179.877217228058726, 2116325.791068304795772 ], [ 3757176.842179372906685, 2116325.521650962997228 ], [ 3757172.973405036143959, 2116325.279444430023432 ], [ 3757172.823183706961572, 2116325.443146741017699 ], [ 3757171.86853223387152, 2116326.483513394370675 ], [ 3757172.037084958981723, 2116327.269119123928249 ], [ 3757172.438828019425273, 2116328.073170745745301 ], [ 3757172.8654047222808, 2116328.464210306294262 ], [ 3757173.418844232335687, 2116329.274261518381536 ], [ 3757173.647588942199945, 2116329.823902721516788 ], [ 3757173.793196884915233, 2116330.811896893661469 ], [ 3757174.019439365714788, 2116333.434891425073147 ], [ 3757174.128225884400308, 2116336.679848753847182 ], [ 3757174.042635497637093, 2116338.840989146847278 ], [ 3757174.071619745343924, 2116341.862909014336765 ], [ 3757174.247044897638261, 2116343.429049035534263 ], [ 3757174.567467827815562, 2116344.691292110830545 ], [ 3757175.065703402273357, 2116345.446239694952965 ], [ 3757175.191902363207191, 2116345.475537667050958 ], [ 3757175.497413145378232, 2116345.546489338390529 ], [ 3757176.261445397511125, 2116345.295394772663713 ], [ 3757176.944392243400216, 2116344.921545564197004 ], [ 3757178.051016902551055, 2116344.08778259716928 ], [ 3757179.288139473181218, 2116342.781342693604529 ], [ 3757182.163846778683364, 2116339.920685067307204 ], [ 3757184.127304404042661, 2116338.276491564698517 ], [ 3757185.1222362825647, 2116337.78366512618959 ], [ 3757185.469716059975326, 2116337.677105599548668 ], [ 3757185.73071317654103, 2116337.597072280012071 ], [ 3757187.289288583677262, 2116337.332324894145131 ], [ 3757189.621072307229042, 2116337.1561777908355 ], [ 3757190.585800359025598, 2116337.246983458288014 ], [ 3757192.567682093009353, 2116337.684198410250247 ], [ 3757194.673048683907837, 2116338.270155710633844 ], [ 3757196.015641582198441, 2116338.8868203246966 ], [ 3757198.928750894032419, 2116340.078949806280434 ], [ 3757200.200429554097354, 2116340.341551789082587 ], [ 3757200.85490554291755, 2116340.571287652477622 ], [ 3757201.655002923682332, 2116341.087999917566776 ], [ 3757202.194351075217128, 2116341.618962683249265 ], [ 3757204.410068082623184, 2116343.716965954750776 ], [ 3757205.924499476328492, 2116344.808411651756614 ], [ 3757209.166682446375489, 2116347.01158896740526 ], [ 3757210.443243406247348, 2116347.564248949289322 ], [ 3757212.257654543966055, 2116348.046973190270364 ], [ 3757217.137418041937053, 2116347.51445032749325 ], [ 3757218.403069791849703, 2116347.707463374361396 ], [ 3757219.098258716519922, 2116347.943528703879565 ], [ 3757220.737817584071308, 2116348.732917780987918 ], [ 3757223.736118553671986, 2116350.327818653546274 ], [ 3757226.647307415492833, 2116351.730375797953457 ], [ 3757228.122558738104999, 2116352.134361816104501 ], [ 3757228.690713503398001, 2116352.181893777102232 ], [ 3757230.394672309048474, 2116352.083953952416778 ], [ 3757233.812925727106631, 2116352.007398128975183 ], [ 3757234.754486833699048, 2116352.180520952679217 ], [ 3757235.399836959782988, 2116352.421112323179841 ], [ 3757236.39738166006282, 2116353.009635476861149 ], [ 3757238.180558652617037, 2116354.296542496420443 ], [ 3757241.366792066488415, 2116356.434771321248263 ], [ 3757242.821215659379959, 2116356.830686345230788 ], [ 3757243.470104184933007, 2116356.8807213162072 ], [ 3757245.048998861573637, 2116356.734370833262801 ], [ 3757249.529295136686414, 2116356.358994001056999 ], [ 3757251.521968349814415, 2116356.454659790731966 ], [ 3757254.386212976649404, 2116356.729961139615625 ], [ 3757255.913202063180506, 2116357.149145795032382 ], [ 3757259.254094171337783, 2116358.161379985511303 ], [ 3757260.139756913296878, 2116358.620103659108281 ], [ 3757265.879883427638561, 2116361.172580399550498 ], [ 3757266.848146696109325, 2116362.004194879438728 ], [ 3757269.096407451666892, 2116364.129294007085264 ], [ 3757269.688910004217178, 2116364.925607264041901 ], [ 3757271.545212286058813, 2116367.177123854868114 ], [ 3757272.40952472621575, 2116367.738002583384514 ], [ 3757274.456402248702943, 2116369.28079677419737 ], [ 3757275.934903517365456, 2116370.655987200327218 ], [ 3757276.478782391641289, 2116371.356755962129682 ], [ 3757276.659037236124277, 2116372.161287388764322 ], [ 3757276.62539874156937, 2116372.70520957140252 ], [ 3757276.511263708584011, 2116373.366798487491906 ], [ 3757276.155810235999525, 2116374.150909697636962 ], [ 3757275.850326860323548, 2116374.579815137200058 ], [ 3757275.354404464364052, 2116375.136513801291585 ], [ 3757274.613506878726184, 2116375.655954145826399 ], [ 3757274.076737605966628, 2116375.855888306163251 ], [ 3757272.940710769966245, 2116376.080125629901886 ], [ 3757272.640666937455535, 2116376.13936129771173 ], [ 3757271.587920777499676, 2116376.196849563159049 ], [ 3757270.409113506786525, 2116376.075813746079803 ], [ 3757268.793868361972272, 2116375.684754157438874 ], [ 3757266.6656573144719, 2116375.301167928613722 ], [ 3757264.840577623806894, 2116375.280080992728472 ], [ 3757260.122412003111094, 2116375.116672424133867 ], [ 3757257.489690899383277, 2116375.190512619912624 ], [ 3757254.778998787980527, 2116375.061252042651176 ], [ 3757252.983463616110384, 2116375.147689605597407 ], [ 3757250.333013756200671, 2116375.133014514110982 ], [ 3757247.292860978748649, 2116375.154483729507774 ], [ 3757245.807612536475062, 2116375.452443040907383 ], [ 3757245.788279286585748, 2116375.458322969730943 ], [ 3757244.128826095722616, 2116375.958640232216567 ], [ 3757240.189631056040525, 2116377.235287688206881 ], [ 3757238.212753856554627, 2116378.139583035372198 ], [ 3757235.579832785762846, 2116379.144821627996862 ], [ 3757232.243438860401511, 2116380.285540016368032 ], [ 3757231.588435135316104, 2116380.34624357521534 ], [ 3757230.914366962853819, 2116380.408756037242711 ], [ 3757225.544959620572627, 2116380.986721373163164 ], [ 3757224.944445009343326, 2116381.162145760841668 ], [ 3757224.641032293438911, 2116381.250726348720491 ], [ 3757223.467902365606278, 2116381.780144502408803 ], [ 3757220.174294619821012, 2116383.417555017396808 ], [ 3757217.266381394118071, 2116384.738788866437972 ], [ 3757215.781991462223232, 2116385.046676636207849 ], [ 3757215.70205082045868, 2116385.057534822728485 ], [ 3757214.159201476722956, 2116385.267258173786104 ], [ 3757210.819777831900865, 2116385.556845295242965 ], [ 3757208.780854448210448, 2116385.625701007433236 ], [ 3757206.783126899972558, 2116385.470457660034299 ], [ 3757202.380461918190122, 2116385.227671732194722 ], [ 3757198.196807603817433, 2116384.954607361927629 ], [ 3757196.901694122701883, 2116384.653956893831491 ], [ 3757194.93674576561898, 2116383.944863621611148 ], [ 3757193.582213249057531, 2116383.189103395678103 ], [ 3757189.623390194494277, 2116380.852034207899123 ], [ 3757184.37779928650707, 2116377.843162237666547 ], [ 3757179.288321406114846, 2116375.010014146566391 ], [ 3757177.644281167536974, 2116374.401369912084192 ], [ 3757175.318657563533634, 2116373.36506193690002 ], [ 3757174.593479835428298, 2116372.781329554971308 ], [ 3757174.282742385286838, 2116372.44957250636071 ], [ 3757173.611507807858288, 2116371.440214574337006 ], [ 3757173.217172178439796, 2116370.605453005060554 ], [ 3757172.848445287439972, 2116369.367720810696483 ], [ 3757172.687011967878789, 2116368.080685151740909 ], [ 3757172.136658690869808, 2116364.736585631966591 ], [ 3757171.663594741374254, 2116364.389895661268383 ], [ 3757169.652294972445816, 2116363.144221838563681 ], [ 3757168.900535506661981, 2116362.953450745437294 ], [ 3757168.06418783403933, 2116362.600428274832666 ], [ 3757167.591123872902244, 2116362.25373830460012 ], [ 3757164.634203306399286, 2116360.204359996132553 ], [ 3757163.15975908562541, 2116359.459752668160945 ], [ 3757160.208041566424072, 2116357.820488131139427 ], [ 3757159.614916685502976, 2116357.134417193941772 ], [ 3757158.692613936960697, 2116355.667563834227622 ], [ 3757156.982501544523984, 2116353.242230644449592 ], [ 3757156.459164055529982, 2116352.779929107986391 ], [ 3757155.710854975972325, 2116352.628965359181166 ], [ 3757155.255455944687128, 2116352.721259140409529 ], [ 3757154.86258052662015, 2116352.928469957318157 ], [ 3757154.725488231517375, 2116353.000825347844511 ], [ 3757154.388891655951738, 2116353.652887149713933 ], [ 3757154.396737101487815, 2116354.443431010004133 ], [ 3757154.639800474047661, 2116356.794465092942119 ], [ 3757155.011052773799747, 2116357.711429307237267 ], [ 3757155.645562877412885, 2116358.64413703745231 ], [ 3757160.098793894518167, 2116364.961473415605724 ], [ 3757161.059688267298043, 2116366.875365525484085 ], [ 3757161.929194946307689, 2116369.248491670005023 ], [ 3757162.186175862327218, 2116369.77549419272691 ], [ 3757162.840639408212155, 2116370.706247602123767 ], [ 3757162.91655690362677, 2116370.769340352155268 ], [ 3757163.747466831468046, 2116371.293195239268243 ], [ 3757167.516634349245578, 2116371.664848954416811 ], [ 3757170.008891180157661, 2116372.064708103891462 ], [ 3757171.666366425342858, 2116372.712231498211622 ], [ 3757172.643705946393311, 2116373.182440173812211 ], [ 3757173.360952886752784, 2116373.90710890898481 ], [ 3757174.438760500401258, 2116374.958910523913801 ], [ 3757174.948863449506462, 2116376.083416558336467 ], [ 3757175.611932768020779, 2116377.814657107926905 ], [ 3757175.994928164407611, 2116380.503231831360608 ], [ 3757175.956089541316032, 2116381.338157381862402 ], [ 3757176.072937424294651, 2116381.757900877855718 ], [ 3757177.046408332884312, 2116383.700744742527604 ], [ 3757177.41446334309876, 2116384.69816951546818 ], [ 3757177.541497665923089, 2116384.886702952906489 ], [ 3757180.948700240347534, 2116387.134675062261522 ], [ 3757182.494008205831051, 2116387.882795013953 ], [ 3757185.039672448299825, 2116388.66827295627445 ], [ 3757186.195226477924734, 2116389.101987717673182 ], [ 3757187.787515909411013, 2116390.396451618522406 ], [ 3757188.365519591607153, 2116391.02398487739265 ], [ 3757188.713368519674987, 2116391.903095843270421 ], [ 3757188.168335128109902, 2116392.824929969385266 ], [ 3757187.709536763373762, 2116393.227966421283782 ], [ 3757186.90498450351879, 2116394.644584216177464 ], [ 3757187.226942845620215, 2116396.858178212773055 ], [ 3757188.540417097508907, 2116398.889589179307222 ], [ 3757189.698886654339731, 2116400.17435552040115 ], [ 3757190.790453238412738, 2116402.086207870393991 ], [ 3757191.128504406660795, 2116402.73586677853018 ], [ 3757191.386731429025531, 2116403.743500168900937 ], [ 3757191.437313376460224, 2116404.680185236036777 ], [ 3757191.348537722602487, 2116405.519652934744954 ], [ 3757189.827738164458424, 2116407.974197609815747 ], [ 3757189.373822840861976, 2116408.667292382568121 ], [ 3757189.171732953749597, 2116409.126709686592221 ], [ 3757189.125237083993852, 2116410.573193381540477 ], [ 3757189.205550433136523, 2116411.387022599577904 ], [ 3757189.262916031293571, 2116411.702124197501689 ], [ 3757189.849507516250014, 2116412.428930307272822 ], [ 3757190.168160339351743, 2116412.619652757421136 ], [ 3757191.135194840840995, 2116412.970733645372093 ], [ 3757192.015504215843976, 2116413.600174443330616 ], [ 3757192.5822145473212, 2116414.098472681362182 ], [ 3757195.151297999080271, 2116414.921901246532798 ], [ 3757197.385800655931234, 2116415.485831981524825 ], [ 3757198.778937413357198, 2116415.987612506374717 ], [ 3757200.625121765304357, 2116417.188505091238767 ], [ 3757202.634656654670835, 2116418.76488977111876 ], [ 3757205.606480738148093, 2116421.453848969191313 ], [ 3757206.997789052315056, 2116422.636808984447271 ], [ 3757208.733036838471889, 2116424.418831011280417 ], [ 3757209.459647196345031, 2116425.252814005129039 ], [ 3757210.0653913076967, 2116427.720520496368408 ], [ 3757210.161985659506172, 2116428.372516289353371 ], [ 3757210.58002641517669, 2116429.014832595363259 ], [ 3757211.580148381181061, 2116429.633136586751789 ], [ 3757213.0477224602364, 2116430.29832508135587 ], [ 3757214.505597208626568, 2116430.734045398421586 ], [ 3757218.124344320967793, 2116431.229666011407971 ], [ 3757221.597639123443514, 2116431.558692698832601 ], [ 3757223.511941770557314, 2116431.681568475440145 ], [ 3757228.913369693793356, 2116431.240920555312186 ], [ 3757232.051074843853712, 2116430.949988985434175 ], [ 3757233.916614736896008, 2116430.857134672347456 ], [ 3757235.7544926260598, 2116431.027242626994848 ], [ 3757237.587016099598259, 2116431.36806877469644 ], [ 3757238.689098470378667, 2116431.766632764600217 ], [ 3757239.127155484165996, 2116432.056526919826865 ], [ 3757239.751009327359498, 2116432.749854954890907 ], [ 3757240.473127386532724, 2116434.465599057264626 ], [ 3757240.663031704723835, 2116435.149049369618297 ], [ 3757239.497484572697431, 2116437.049761324189603 ], [ 3757239.235912476666272, 2116437.404536429792643 ], [ 3757238.903626608662307, 2116438.106332353316247 ], [ 3757238.900242742151022, 2116438.417173021472991 ], [ 3757238.947338994126767, 2116438.963598694652319 ], [ 3757239.137243386823684, 2116439.647049034014344 ], [ 3757242.734076672699302, 2116442.107849559281021 ], [ 3757244.131459132768214, 2116443.009832734707743 ], [ 3757248.770393498241901, 2116446.926250915974379 ], [ 3757249.532029444351792, 2116449.449608623981476 ], [ 3757249.646538946777582, 2116449.959739829879254 ], [ 3757250.467416787520051, 2116450.835088569205254 ], [ 3757251.052477017510682, 2116451.311659903265536 ], [ 3757251.453984080813825, 2116451.995541329495609 ], [ 3757251.618229274172336, 2116452.731412219814956 ], [ 3757251.574037493672222, 2116453.73705541016534 ], [ 3757251.251736295409501, 2116454.437923244666308 ], [ 3757250.546804298181087, 2116455.024072208441794 ], [ 3757249.201551331207156, 2116455.309106487315148 ], [ 3757249.159038095269352, 2116455.310622346121818 ], [ 3757248.3078110255301, 2116455.341902286745608 ], [ 3757247.138113807886839, 2116455.20991481654346 ], [ 3757243.69545778632164, 2116453.486027979291975 ], [ 3757241.032455821055919, 2116452.040369257330894 ], [ 3757239.854895117692649, 2116451.468600712716579 ], [ 3757239.205670471303165, 2116451.298413052223623 ], [ 3757236.943491313140839, 2116450.997346254996955 ], [ 3757234.100327357184142, 2116450.850388901308179 ], [ 3757230.011500909458846, 2116450.858917774632573 ], [ 3757227.288821908179671, 2116450.941131343133748 ], [ 3757223.81008989457041, 2116450.782937856391072 ], [ 3757221.659032412804663, 2116450.601727693341672 ], [ 3757219.275275273248553, 2116450.642509808763862 ], [ 3757216.765294899232686, 2116450.855252061970532 ], [ 3757214.074337568134069, 2116451.305086656007916 ], [ 3757213.863716286607087, 2116451.384634294081479 ], [ 3757212.669637389015406, 2116451.835931861773133 ], [ 3757211.667200656607747, 2116452.359485978726298 ], [ 3757210.983768577687442, 2116453.194014359731227 ], [ 3757210.952707546763122, 2116453.767719444353133 ], [ 3757211.028629016131163, 2116454.531928343698382 ], [ 3757211.3038977291435, 2116455.387671863660216 ], [ 3757212.989422298967838, 2116456.242935644462705 ], [ 3757214.109233835246414, 2116456.730014671571553 ], [ 3757215.703656458295882, 2116457.814116237685084 ], [ 3757216.453437552787364, 2116459.266898399218917 ], [ 3757216.882357695139945, 2116460.268665733747184 ], [ 3757217.794963211752474, 2116461.506050220690668 ], [ 3757218.555583499372005, 2116462.266715433914214 ], [ 3757220.979384882375598, 2116463.624436673242599 ], [ 3757222.612296895124018, 2116464.454476929735392 ], [ 3757224.487053588498384, 2116465.752883822657168 ], [ 3757226.025764950085431, 2116466.892206364311278 ], [ 3757227.548848704434931, 2116467.732455375604331 ], [ 3757229.061176665127277, 2116468.33334121061489 ], [ 3757232.555049376562238, 2116469.251285771839321 ], [ 3757234.342704827897251, 2116469.656331055797637 ], [ 3757234.844403786584735, 2116469.750067684333771 ], [ 3757235.694087503943592, 2116470.141985049005598 ], [ 3757236.350756208412349, 2116470.631914364174008 ], [ 3757237.986699029337615, 2116472.313088259659708 ], [ 3757238.476633242797107, 2116472.738366317003965 ], [ 3757238.862651879433542, 2116473.243360268883407 ], [ 3757239.13105062302202, 2116474.019685278646648 ], [ 3757239.108830554410815, 2116474.812931086868048 ], [ 3757238.520762913394719, 2116475.818922154605389 ], [ 3757238.250065565574914, 2116476.184552899561822 ], [ 3757238.198462105821818, 2116476.519790450111032 ], [ 3757238.302951588761061, 2116476.680398060940206 ], [ 3757239.235185415949672, 2116477.094656568486243 ], [ 3757241.228147068526596, 2116477.661038052290678 ], [ 3757241.950175032485276, 2116477.974664590321481 ], [ 3757242.627785539254546, 2116478.472747025080025 ], [ 3757242.959288119338453, 2116479.163042939268053 ], [ 3757242.99277932709083, 2116479.90106772724539 ], [ 3757242.600726759526879, 2116480.728618456516415 ], [ 3757242.222255168017, 2116481.244466198608279 ], [ 3757240.139763500541449, 2116482.208724995143712 ], [ 3757239.266664714552462, 2116482.479972588364035 ], [ 3757238.685206678695977, 2116482.538717582821846 ], [ 3757232.056843617931008, 2116483.208509776741266 ], [ 3757229.018983364570886, 2116483.490163375623524 ], [ 3757227.536090374924242, 2116483.697836221661419 ], [ 3757226.965969732962549, 2116483.855303931515664 ], [ 3757223.935232412070036, 2116484.692639301065356 ], [ 3757220.728386399336159, 2116485.701032234355807 ], [ 3757217.763297590892762, 2116486.476790103130043 ], [ 3757216.546207339502871, 2116486.729792223311961 ], [ 3757215.129805918782949, 2116487.241711780428886 ], [ 3757212.660140539053828, 2116488.622465550899506 ], [ 3757211.401063293218613, 2116489.440288185141981 ], [ 3757210.27221817523241, 2116490.366183529607952 ], [ 3757208.826659764163196, 2116491.241283057257533 ], [ 3757208.293341632932425, 2116491.481026547960937 ], [ 3757205.499142262153327, 2116492.250887085683644 ], [ 3757204.164633667096496, 2116492.544938882812858 ], [ 3757203.984897993970662, 2116492.568593733943999 ], [ 3757201.346005671657622, 2116492.916387218050659 ], [ 3757199.974420556798577, 2116493.013536927290261 ], [ 3757198.299319420009851, 2116492.978600184433162 ], [ 3757197.027102809865028, 2116492.826129322871566 ], [ 3757192.82672475092113, 2116491.192534786649048 ], [ 3757191.919948176015168, 2116490.956138321198523 ], [ 3757190.938588047400117, 2116490.906916367355734 ], [ 3757189.6894904775545, 2116491.022695103660226 ], [ 3757188.891212627291679, 2116491.22693925909698 ], [ 3757188.882878374308348, 2116491.230617799796164 ], [ 3757187.77541430760175, 2116491.7210106193088 ], [ 3757186.456668288912624, 2116492.664572642184794 ], [ 3757186.086111720185727, 2116493.039386721327901 ], [ 3757185.585426397621632, 2116494.007228743750602 ], [ 3757185.559145998209715, 2116494.169892137404531 ], [ 3757185.641416110564023, 2116495.123746426776052 ], [ 3757185.759661641903222, 2116495.443288997281343 ], [ 3757186.3633465860039, 2116496.368755113333464 ], [ 3757186.92350841825828, 2116496.907690222375095 ], [ 3757188.54133615642786, 2116498.029643881134689 ], [ 3757191.393719171173871, 2116499.567860665731132 ], [ 3757193.549396533053368, 2116500.619876976124942 ], [ 3757195.618887186981738, 2116501.840125160291791 ], [ 3757197.595269182231277, 2116502.798636581283063 ], [ 3757198.999202561564744, 2116503.659981141798198 ], [ 3757200.012895409483463, 2116504.667599440552294 ], [ 3757201.049101872369647, 2116506.053807980846614 ], [ 3757201.653510603122413, 2116506.638765383511782 ], [ 3757202.438456817995757, 2116507.096742417663336 ], [ 3757203.346428534016013, 2116507.463219900615513 ], [ 3757205.017287396360189, 2116507.799070135690272 ], [ 3757207.041010020300746, 2116508.022042764350772 ], [ 3757207.67949054017663, 2116508.18321427423507 ], [ 3757210.54983971407637, 2116509.930116882547736 ], [ 3757211.625409546308219, 2116511.072289349511266 ], [ 3757212.46854928554967, 2116512.205959866754711 ], [ 3757213.17509451135993, 2116513.973181094042957 ], [ 3757213.65801434405148, 2116515.600989375263453 ], [ 3757213.809078959282488, 2116516.418249645270407 ], [ 3757213.565272820182145, 2116517.211993371136487 ], [ 3757212.611714450176805, 2116517.951361369341612 ], [ 3757212.015277354512364, 2116518.277036170940846 ], [ 3757211.263823125511408, 2116518.557084529660642 ], [ 3757210.875975103117526, 2116518.503625776618719 ], [ 3757209.6124108126387, 2116518.329604727216065 ], [ 3757208.984773456119001, 2116518.177432514727116 ], [ 3757207.956068008206785, 2116518.162632988765836 ], [ 3757207.501544143538922, 2116518.264953035861254 ], [ 3757207.137060726061463, 2116518.410739629995078 ], [ 3757206.654524477664381, 2116518.603820620104671 ], [ 3757203.359531989321113, 2116521.042559328954667 ], [ 3757202.076767008751631, 2116522.052926593460143 ], [ 3757199.324213091749698, 2116523.539949919097126 ], [ 3757197.902359411586076, 2116524.222605579532683 ], [ 3757193.598030040971935, 2116525.352895584888756 ], [ 3757191.280563875101507, 2116525.928210375830531 ], [ 3757190.656813838053495, 2116526.036056520417333 ], [ 3757185.404934471007437, 2116526.943767466116697 ], [ 3757183.984524068888277, 2116527.175656084902585 ], [ 3757183.440705133136362, 2116527.316842852160335 ], [ 3757175.334178449120373, 2116529.419901111163199 ], [ 3757175.042808473110199, 2116529.439764306880534 ], [ 3757170.066734266467392, 2116529.778144747018814 ], [ 3757168.472687783651054, 2116529.865768156945705 ], [ 3757166.011347209103405, 2116530.174158799927682 ], [ 3757163.611868224106729, 2116530.617005682084709 ], [ 3757163.280485406983644, 2116530.705530596897006 ], [ 3757160.224852751009166, 2116531.52187545131892 ], [ 3757157.546793228015304, 2116532.120724599808455 ], [ 3757152.522141403984278, 2116533.658267409540713 ], [ 3757145.711576477624476, 2116535.862095796503127 ], [ 3757143.357876074034721, 2116536.60120138945058 ], [ 3757141.406423687003553, 2116537.332916790619493 ], [ 3757135.805645233485848, 2116540.015553437173367 ], [ 3757134.066033324226737, 2116540.867869830690324 ], [ 3757130.88456202391535, 2116542.054248520173132 ], [ 3757129.24012314574793, 2116542.607291284017265 ], [ 3757125.605261067859828, 2116544.376541533973068 ], [ 3757123.889151844196022, 2116545.266695425845683 ], [ 3757122.591803106013685, 2116545.757538940757513 ], [ 3757121.52719198493287, 2116545.961848403327167 ], [ 3757119.965920341201127, 2116546.261476482264698 ], [ 3757119.008300261106342, 2116546.370263588614762 ], [ 3757116.872693647630513, 2116546.017495430074632 ], [ 3757115.903319338336587, 2116545.756805249489844 ], [ 3757114.98081491375342, 2116545.221352336928248 ], [ 3757113.329275430645794, 2116543.942419421393424 ], [ 3757110.99854168202728, 2116542.495986931025982 ], [ 3757106.95524008013308, 2116540.347014239057899 ], [ 3757104.341548518277705, 2116539.007061856333166 ], [ 3757102.276064495556056, 2116538.066849489696324 ], [ 3757099.03141955146566, 2116536.885355229489505 ], [ 3757097.623480113688856, 2116536.4450967554003 ], [ 3757096.197103822603822, 2116536.256929859519005 ], [ 3757095.664928799495101, 2116536.27620574273169 ], [ 3757094.920876200310886, 2116536.503700299188495 ], [ 3757094.771860811393708, 2116536.54931325558573 ], [ 3757093.364327072631568, 2116538.33225226495415 ], [ 3757092.890445223078132, 2116539.027206785045564 ], [ 3757091.116575847379863, 2116540.533692663069814 ], [ 3757090.623531811404973, 2116540.889879838563502 ], [ 3757088.679786642547697, 2116541.360588995739818 ], [ 3757088.256122320424765, 2116541.423532471992075 ], [ 3757088.142779951915145, 2116541.440356991253793 ], [ 3757088.080578839406371, 2116541.466033727861941 ], [ 3757087.578551043290645, 2116541.672975750640035 ], [ 3757086.855989632196724, 2116542.170597639866173 ], [ 3757086.440596447326243, 2116542.609830277040601 ], [ 3757086.248155912384391, 2116542.948167490772903 ], [ 3757087.022113306447864, 2116546.081234031356871 ], [ 3757087.166577606461942, 2116546.588582144118845 ], [ 3757086.818906478118151, 2116548.115333936177194 ], [ 3757086.735589078627527, 2116548.481331440620124 ], [ 3757086.050447118002921, 2116549.997128210030496 ], [ 3757084.999911441002041, 2116551.246284796856344 ], [ 3757083.288861858658493, 2116552.897138967178762 ], [ 3757082.657080803532153, 2116553.04586642421782 ], [ 3757082.578749428968877, 2116553.098343778867275 ], [ 3757081.981006311252713, 2116553.499138776678592 ], [ 3757080.840703959576786, 2116555.227402158081532 ], [ 3757080.486397187691182, 2116555.791049605235457 ], [ 3757079.888621884398162, 2116557.268597532063723 ], [ 3757079.794221035670489, 2116557.808163831941783 ], [ 3757079.824312466196716, 2116560.259072923101485 ], [ 3757079.97208514297381, 2116562.088180565275252 ], [ 3757080.212825304362923, 2116563.12747026886791 ], [ 3757080.701655126642436, 2116564.123670250177383 ], [ 3757080.876372540835291, 2116564.397935246117413 ], [ 3757081.992840592283756, 2116565.546305935364217 ], [ 3757083.341686532832682, 2116566.352626790292561 ], [ 3757084.962863392196596, 2116566.813283534254879 ], [ 3757086.178894291631877, 2116566.780631714500487 ], [ 3757089.229264980182052, 2116566.177268453873694 ], [ 3757090.792722695507109, 2116566.202570850029588 ], [ 3757092.138902738690376, 2116566.278105954173952 ], [ 3757102.616951073519886, 2116565.136268666479737 ], [ 3757106.305855028796941, 2116565.044627590104938 ], [ 3757109.386326167732477, 2116566.191153953783214 ], [ 3757110.808797303587198, 2116566.800388861447573 ], [ 3757113.802081390284002, 2116567.053665833547711 ], [ 3757115.770761711988598, 2116566.871045223902911 ], [ 3757118.164705109316856, 2116566.599043598398566 ], [ 3757121.803908985108137, 2116566.632116000168025 ], [ 3757127.154632720164955, 2116568.990319444797933 ], [ 3757132.281192778144032, 2116571.319238894619048 ], [ 3757134.390923532191664, 2116572.30547337140888 ], [ 3757136.793596155475825, 2116573.184299709275365 ], [ 3757141.211404418107122, 2116574.186821504496038 ], [ 3757144.78301496617496, 2116575.187687984667718 ], [ 3757147.893101438414305, 2116576.21127705834806 ], [ 3757150.218438151292503, 2116576.77685781288892 ], [ 3757152.354096448514611, 2116577.480176785960793 ], [ 3757155.612196547910571, 2116579.05090508935973 ], [ 3757157.525813567917794, 2116580.215597338974476 ], [ 3757159.028532719705254, 2116581.288014436606318 ], [ 3757160.062202497385442, 2116582.994893395341933 ], [ 3757160.818388844840229, 2116584.987871950026602 ], [ 3757161.177375191822648, 2116586.346703491173685 ], [ 3757161.131123375613242, 2116587.913360251113772 ], [ 3757160.343025076203048, 2116589.518782848492265 ], [ 3757159.22531593311578, 2116590.924402552656829 ], [ 3757157.692093792371452, 2116592.068054893985391 ], [ 3757155.897170943208039, 2116592.745278676971793 ], [ 3757155.030556410551071, 2116592.877339718863368 ], [ 3757153.043774685356766, 2116593.180108891800046 ], [ 3757150.234804404899478, 2116592.729463255498558 ], [ 3757147.491544976364821, 2116592.222766426857561 ], [ 3757143.742782803252339, 2116591.969408058561385 ], [ 3757141.621072253212333, 2116591.895761955529451 ], [ 3757138.774508954491466, 2116592.059558757580817 ], [ 3757137.33549538301304, 2116592.192909004166722 ], [ 3757135.632680485025048, 2116592.070388925261796 ], [ 3757133.469644963741302, 2116591.39963705278933 ], [ 3757131.607160113751888, 2116590.360484326258302 ], [ 3757128.837755761574954, 2116588.033382646739483 ], [ 3757127.91864927392453, 2116587.187186582013965 ], [ 3757126.975839172489941, 2116586.533436194993556 ], [ 3757126.663212683517486, 2116586.412303835619241 ], [ 3757125.787806449923664, 2116586.423278390429914 ], [ 3757122.31658585742116, 2116586.935489905066788 ], [ 3757120.759378266986459, 2116587.099848544225097 ], [ 3757120.377677398733795, 2116587.262345656752586 ], [ 3757120.127835566177964, 2116587.368746055290103 ], [ 3757119.422145250719041, 2116587.944956547580659 ], [ 3757118.775978347752243, 2116588.746011460665613 ], [ 3757116.484750479459763, 2116593.94599830545485 ], [ 3757115.169247617479414, 2116595.860675984062254 ], [ 3757114.144372737966478, 2116597.057411790825427 ], [ 3757113.161428177729249, 2116598.740912910550833 ], [ 3757112.991533309221268, 2116599.107175945304334 ], [ 3757112.663850497454405, 2116600.329431755468249 ], [ 3757112.650175135582685, 2116601.57252041157335 ], [ 3757112.761304293759167, 2116602.393494563177228 ], [ 3757113.1548843793571, 2116603.218313229270279 ], [ 3757114.227306510321796, 2116604.090378718450665 ], [ 3757115.790516783017665, 2116604.696530652232468 ], [ 3757118.982595466542989, 2116605.502232213970274 ], [ 3757122.01854443596676, 2116606.132112148217857 ], [ 3757124.609901200979948, 2116606.512834678404033 ], [ 3757129.834007325582206, 2116607.871173745021224 ], [ 3757134.195582942571491, 2116609.039141047745943 ], [ 3757137.635580685921013, 2116610.03223244799301 ], [ 3757139.337051838636398, 2116610.605504240840673 ], [ 3757141.681063282303512, 2116611.039162227883935 ], [ 3757145.726375935599208, 2116612.2765710093081 ], [ 3757147.323610383085907, 2116612.809503576252609 ], [ 3757148.466827680822462, 2116613.334432718344033 ], [ 3757150.094581206794828, 2116614.805924813263118 ], [ 3757152.041393334977329, 2116616.938941519707441 ], [ 3757157.1452651694417, 2116621.924022126942873 ], [ 3757158.660598666407168, 2116623.375843244604766 ], [ 3757161.858179341536015, 2116625.763499199412763 ], [ 3757164.435674921609461, 2116627.617691118270159 ], [ 3757166.381859506480396, 2116629.159832762554288 ], [ 3757168.166700229980052, 2116630.81705760769546 ], [ 3757173.942335700616241, 2116635.299131345935166 ], [ 3757177.220211326610297, 2116637.799402041360736 ], [ 3757179.451914614997804, 2116639.615608612075448 ], [ 3757184.121402990538627, 2116643.068537870422006 ], [ 3757185.559922494925559, 2116644.096886368002743 ], [ 3757187.298708204645663, 2116644.9872309230268 ], [ 3757190.814719562418759, 2116647.445536420214921 ], [ 3757194.057995510753244, 2116649.778702720068395 ], [ 3757196.585232109297067, 2116651.517381110694259 ], [ 3757198.146492784377187, 2116652.684626369737089 ], [ 3757198.973163644783199, 2116653.509393145795912 ], [ 3757199.732981015462428, 2116654.61068061273545 ], [ 3757199.892023902386427, 2116654.9364381628111 ], [ 3757200.214373467955738, 2116655.988254790194333 ], [ 3757200.29581845831126, 2116656.581517686601728 ], [ 3757200.266731396317482, 2116657.295346814207733 ], [ 3757199.879934159573168, 2116658.18244843930006 ], [ 3757199.517899675760418, 2116658.656749366782606 ], [ 3757198.95692231040448, 2116659.159457721747458 ], [ 3757196.66033999947831, 2116660.093399621546268 ], [ 3757193.778143112547696, 2116661.011663290206343 ], [ 3757191.547970428131521, 2116662.249966464005411 ], [ 3757189.642033281270415, 2116663.508436776697636 ], [ 3757187.307370455004275, 2116664.586132715921849 ], [ 3757186.355264917947352, 2116664.735598704777658 ], [ 3757184.812866981141269, 2116664.977675140369684 ], [ 3757182.614434285555035, 2116665.181560900062323 ], [ 3757181.783533470705152, 2116665.399902055040002 ], [ 3757179.846741979010403, 2116665.908840129617602 ], [ 3757177.781647537369281, 2116666.841471610590816 ], [ 3757176.464048882015049, 2116667.56456955242902 ], [ 3757175.112195046618581, 2116668.941835042089224 ], [ 3757175.066283487714827, 2116669.226509007625282 ], [ 3757175.844405754469335, 2116670.656636541709304 ], [ 3757177.72886899067089, 2116670.782370172441006 ], [ 3757179.24636006494984, 2116670.741795504000038 ], [ 3757182.225162465125322, 2116671.176645162981004 ], [ 3757184.353144480846822, 2116672.141167350113392 ], [ 3757186.943049694411457, 2116673.673677627462894 ], [ 3757190.681393978651613, 2116674.739192178938538 ], [ 3757193.781878037378192, 2116675.533294127322733 ], [ 3757197.461038239765912, 2116676.263868422247469 ], [ 3757200.699699907563627, 2116677.025204447098076 ], [ 3757203.185981282964349, 2116677.706015198491514 ], [ 3757204.95506502315402, 2116678.012709566392004 ], [ 3757207.542677406221628, 2116677.882904464378953 ], [ 3757210.686442865524441, 2116678.012000558897853 ], [ 3757213.73147700401023, 2116678.280573415569961 ], [ 3757216.106159208342433, 2116678.601188434287906 ], [ 3757218.123623134568334, 2116679.335514314007014 ], [ 3757218.710164999589324, 2116679.711768891662359 ], [ 3757219.087067818734795, 2116680.928735346533358 ], [ 3757217.744953063316643, 2116682.885920461267233 ], [ 3757217.779306620359421, 2116683.633874003775418 ], [ 3757218.678444762714207, 2116684.481925800908357 ], [ 3757221.095947614870965, 2116685.29942916566506 ], [ 3757223.008346208836883, 2116685.632823412306607 ], [ 3757225.724189167842269, 2116685.821633353829384 ], [ 3757228.880193401128054, 2116685.859528070315719 ], [ 3757231.54034082358703, 2116686.103657700121403 ], [ 3757234.808379416354001, 2116686.62188653415069 ], [ 3757237.811848565936089, 2116687.575320957694203 ], [ 3757239.936125040054321, 2116688.379768388811499 ], [ 3757242.167721752543002, 2116689.494873508810997 ], [ 3757244.060495782177895, 2116690.651395556516945 ], [ 3757245.899238840676844, 2116691.532541112974286 ], [ 3757252.570999344810843, 2116693.908473732415587 ], [ 3757255.478660018648952, 2116693.869190748780966 ], [ 3757259.060826815664768, 2116693.707316583022475 ], [ 3757261.330022498965263, 2116693.506961733102798 ], [ 3757263.214147166348994, 2116693.512543503660709 ], [ 3757264.077213714364916, 2116693.592787648551166 ], [ 3757265.606174896471202, 2116694.152088271919638 ], [ 3757266.603866474237293, 2116695.792161089833826 ], [ 3757266.82177185639739, 2116696.332803023047745 ], [ 3757267.198682501912117, 2116696.848750070203096 ], [ 3757267.447346577886492, 2116697.045984583441168 ], [ 3757268.401604580692947, 2116697.598393149673939 ], [ 3757273.313077549450099, 2116698.835603347048163 ], [ 3757275.896439384669065, 2116699.707733271643519 ], [ 3757277.752335991244763, 2116700.437071120366454 ], [ 3757278.605554533656687, 2116700.868679558392614 ], [ 3757279.903811076655984, 2116702.140450263395905 ], [ 3757280.407855784986168, 2116702.844914359971881 ], [ 3757280.915505198761821, 2116703.358609134797007 ], [ 3757281.401200068183243, 2116704.084800165146589 ], [ 3757281.466365655884147, 2116704.839896121528 ], [ 3757281.616804973687977, 2116705.066282348241657 ], [ 3757282.195944400504231, 2116705.092282415367663 ], [ 3757282.344906241632998, 2116705.098929918371141 ], [ 3757282.793670975603163, 2116705.047386107034981 ], [ 3757283.303045766893774, 2116704.879916746169329 ], [ 3757283.656529153231531, 2116704.656795743852854 ], [ 3757283.982223466970026, 2116703.645182676613331 ], [ 3757284.3789431466721, 2116701.705486913677305 ], [ 3757284.633588976226747, 2116700.920741639100015 ], [ 3757285.266571642830968, 2116700.201077685691416 ], [ 3757286.119645965285599, 2116699.581133334897459 ], [ 3757288.154447802342474, 2116698.531136519275606 ], [ 3757289.806150059215724, 2116697.827198831364512 ], [ 3757290.331458734814078, 2116697.665681386832148 ], [ 3757290.924758788663894, 2116697.483077615499496 ], [ 3757292.739177361596376, 2116697.264776569791138 ], [ 3757294.205265382770449, 2116697.329160217195749 ], [ 3757295.372706509660929, 2116697.551418097224087 ], [ 3757296.803541222121567, 2116698.139854723587632 ], [ 3757300.814248363487422, 2116700.612297791987658 ], [ 3757303.221840271726251, 2116702.131635350640863 ], [ 3757305.19593745470047, 2116703.531082490459085 ], [ 3757305.889545405749232, 2116704.097726684063673 ], [ 3757307.11623112205416, 2116705.706591562367976 ], [ 3757307.951912854332477, 2116706.520420786458999 ], [ 3757309.582586611621082, 2116707.44082968775183 ], [ 3757311.421328515745699, 2116708.321976081933826 ], [ 3757312.982012961991131, 2116709.248897785786539 ], [ 3757313.987641794607043, 2116710.047015285585076 ], [ 3757315.562374235596508, 2116711.603592003695667 ], [ 3757316.042662366293371, 2116712.149951072409749 ], [ 3757316.518172409385443, 2116714.509487160947174 ], [ 3757316.568722635973245, 2116715.0957206254825 ], [ 3757316.24904812220484, 2116716.877940777689219 ], [ 3757312.207451303955168, 2116718.134105831384659 ], [ 3757310.4486831901595, 2116718.647653890773654 ], [ 3757307.753769278060645, 2116719.869031705893576 ], [ 3757305.62015302432701, 2116720.707758156117052 ], [ 3757304.695409968495369, 2116720.864326101727784 ], [ 3757303.396302696317434, 2116721.084231643937528 ], [ 3757300.172604660503566, 2116721.313025812618434 ], [ 3757297.26001535076648, 2116721.412815805990249 ], [ 3757294.944542147219181, 2116720.726218936499208 ], [ 3757292.461883073672652, 2116719.854735446628183 ], [ 3757289.622519746422768, 2116717.183483217842877 ], [ 3757288.578954330645502, 2116716.178536366671324 ], [ 3757287.919945756904781, 2116715.778996492736042 ], [ 3757287.643268950283527, 2116715.724472743459046 ], [ 3757287.318978665862232, 2116715.934866038151085 ], [ 3757287.194781798869371, 2116716.301809843629599 ], [ 3757287.182488723192364, 2116716.338151276111603 ], [ 3757287.029855668079108, 2116717.253706128336489 ], [ 3757287.892491777427495, 2116719.547315095551312 ], [ 3757288.160134286154062, 2116720.313696847297251 ], [ 3757286.928432448301464, 2116721.799975651782006 ], [ 3757286.632699130102992, 2116722.107785814441741 ], [ 3757286.487083709333092, 2116722.521926489658654 ], [ 3757286.534803935792297, 2116722.95811018999666 ], [ 3757286.697857548948377, 2116723.563900606241077 ], [ 3757286.655772601254284, 2116725.761123357340693 ], [ 3757286.449101260863245, 2116727.102320721372962 ], [ 3757285.326336227357388, 2116729.149378105532378 ], [ 3757284.337147609330714, 2116730.643214511685073 ], [ 3757282.713504906743765, 2116732.256012028083205 ], [ 3757280.573684809263796, 2116733.956648510880768 ], [ 3757279.016357934102416, 2116735.403054259251803 ], [ 3757277.572532641235739, 2116736.999130257405341 ], [ 3757276.543928654398769, 2116738.386453030165285 ], [ 3757275.963260246440768, 2116739.361639659851789 ], [ 3757275.767140722833574, 2116740.24111614562571 ], [ 3757275.837713699322194, 2116741.176044357009232 ], [ 3757275.618857187684625, 2116742.958994674496353 ], [ 3757274.395046425517648, 2116745.586272090673447 ], [ 3757273.888256786391139, 2116746.484641074202955 ], [ 3757273.695617868565023, 2116747.053260196000338 ], [ 3757273.748178247362375, 2116748.130069353617728 ], [ 3757274.223981225863099, 2116749.558191378600895 ], [ 3757274.605523587670177, 2116750.243928751908243 ], [ 3757275.662210567854345, 2116751.517954904586077 ], [ 3757277.991802289150655, 2116753.184854503255337 ], [ 3757279.326690546236932, 2116754.062522083520889 ], [ 3757280.279768488369882, 2116754.484947091899812 ], [ 3757283.313136184588075, 2116755.085045703686774 ], [ 3757284.20133963227272, 2116755.223095087334514 ], [ 3757285.469397375360131, 2116755.676362404134125 ], [ 3757286.180283993016928, 2116756.211286097764969 ], [ 3757286.674246293026954, 2116756.916694322135299 ], [ 3757286.873894333839417, 2116758.180066040717065 ], [ 3757286.549758523702621, 2116760.143130164593458 ], [ 3757286.024174103047699, 2116761.874357379507273 ], [ 3757285.900919668842107, 2116762.546804466750473 ], [ 3757285.91013905312866, 2116764.639088186901063 ], [ 3757286.003878183662891, 2116765.491699384525418 ], [ 3757286.104748592711985, 2116765.842978142667562 ], [ 3757286.446239416487515, 2116766.532345890533179 ], [ 3757287.243718031793833, 2116767.369839862920344 ], [ 3757288.617124965414405, 2116767.993641824927181 ], [ 3757290.217357237823308, 2116768.446145416703075 ], [ 3757291.054307428188622, 2116768.538714196532965 ], [ 3757290.919418117497116, 2116768.908514407929033 ], [ 3757283.394495088607073, 2116789.539718825370073 ], [ 3757274.221561626065522, 2116801.83764904551208 ], [ 3757268.280268089845777, 2116814.466965367086232 ], [ 3757261.69854969996959, 2116827.145348493009806 ], [ 3757258.869952670298517, 2116838.844985004514456 ], [ 3757248.916307973209769, 2116856.923674014396966 ], [ 3757242.406625742092729, 2116900.092241934500635 ], [ 3757235.207758475095034, 2116912.659056206233799 ], [ 3757232.40931665757671, 2116917.54413483152166 ], [ 3757226.402041828725487, 2116929.528468424919993 ], [ 3757218.389445304870605, 2116940.446781307458878 ], [ 3757209.941175563260913, 2116946.317684859968722 ], [ 3757201.135306572075933, 2116955.396986428648233 ], [ 3757192.699698656331748, 2116968.888256602920592 ], [ 3757183.405023964121938, 2116972.304133438505232 ], [ 3757175.04200722835958, 2116971.807621412910521 ], [ 3757167.319372159428895, 2116971.261750927194953 ], [ 3757139.656858619302511, 2116984.893716788850725 ], [ 3757120.106088251806796, 2116993.426538154482841 ], [ 3757101.258827825076878, 2116999.01998926885426 ], [ 3757079.142152122687548, 2117000.109315813053399 ], [ 3757065.995424443855882, 2117015.730502123013139 ], [ 3757049.268299402203411, 2117034.577765041962266 ], [ 3757034.888993605040014, 2117035.911143831908703 ], [ 3757010.59657753771171, 2117034.317578359507024 ], [ 3756995.514467837754637, 2117038.600612150505185 ], [ 3756962.021478340029716, 2117098.372442510910332 ], [ 3756945.925161901395768, 2117113.315215286333114 ], [ 3756922.525720884092152, 2117158.611009803600609 ], [ 3756911.648077657911927, 2117165.979078498203307 ], [ 3756899.913365144748241, 2117170.883074400946498 ], [ 3756889.456696511246264, 2117175.658284183591604 ], [ 3756880.314105228986591, 2117180.952923242002726 ], [ 3756868.862812152132392, 2117189.025652864482254 ], [ 3756834.013273029122502, 2117192.908278747927397 ], [ 3756822.809152631554753, 2117196.49129777494818 ], [ 3756813.816443579271436, 2117196.053049814887345 ], [ 3756808.002407296560705, 2117195.330495203845203 ], [ 3756793.783654261380434, 2117201.095779402647167 ], [ 3756770.474991048220545, 2117205.180240300949663 ], [ 3756745.083804627414793, 2117207.544630658812821 ], [ 3756721.968407629989088, 2117206.513414032757282 ], [ 3756693.506473631598055, 2117202.823150138370693 ], [ 3756674.307049430906773, 2117202.700400629080832 ], [ 3756647.254286037292331, 2117193.161267743445933 ], [ 3756625.516849377658218, 2117193.274037609808147 ], [ 3756603.086565088946372, 2117192.830218659713864 ], [ 3756579.246327062137425, 2117198.225965827703476 ], [ 3756563.769098477903754, 2117204.117829046212137 ], [ 3756549.54912987165153, 2117209.873728682287037 ], [ 3756525.982562827412039, 2117218.43873495887965 ], [ 3756517.121734946966171, 2117226.882141857407987 ], [ 3756503.815137512050569, 2117235.747763600200415 ], [ 3756488.762300048954785, 2117246.678224172908813 ], [ 3756482.634656818583608, 2117249.790833540260792 ], [ 3756477.255251039750874, 2117254.105095279403031 ], [ 3756468.329574489034712, 2117261.913473893888295 ], [ 3756462.171507892198861, 2117272.028898889198899 ], [ 3756444.10121560189873, 2117321.998548282310367 ], [ 3756416.927708595059812, 2117414.726111780852079 ], [ 3756402.004092318937182, 2117515.872234761714935 ], [ 3756400.099348119460046, 2117538.272785179316998 ], [ 3756399.452213630080223, 2117552.955090826377273 ], [ 3756402.15676165279001, 2117576.831058894749731 ], [ 3756407.10707678925246, 2117589.722368733026087 ], [ 3756411.046098848804832, 2117598.250610210001469 ], [ 3756426.146167528815567, 2117610.170752497389913 ], [ 3756439.177625547163188, 2117620.409620420075953 ], [ 3756452.802050430793315, 2117629.932111321948469 ], [ 3756476.895670359954238, 2117642.300117401406169 ], [ 3756509.406354704871774, 2117655.790508378297091 ], [ 3756552.969919255934656, 2117671.420024460647255 ], [ 3756588.440688104368746, 2117682.091980625875294 ], [ 3756623.489386726170778, 2117695.346556500997394 ], [ 3756655.663257871288806, 2117705.052438820712268 ], [ 3756690.873872216790915, 2117720.185102276038378 ], [ 3756716.495815590955317, 2117727.964551251847297 ], [ 3756753.334239459130913, 2117739.781479227822274 ], [ 3756793.459337814245373, 2117752.565477170515805 ], [ 3756820.34851411357522, 2117760.20753729250282 ], [ 3756843.160678362008184, 2117765.082995572127402 ], [ 3756887.791588738560677, 2117777.669457649812102 ], [ 3756895.99212515540421, 2117770.329034400172532 ], [ 3756914.280292885378003, 2117759.308820293284953 ], [ 3756967.758734088856727, 2117739.717619783710688 ], [ 3756995.285980341956019, 2117738.997356763109565 ], [ 3757034.694120923057199, 2117748.142688726074994 ], [ 3757049.450652620755136, 2117748.606871586292982 ], [ 3757056.357715523801744, 2117745.422569369897246 ], [ 3757064.930055614095181, 2117736.205030471086502 ], [ 3757078.697579707019031, 2117703.840965140610933 ], [ 3757078.481063365004957, 2117680.084809360094368 ], [ 3757061.796425140462816, 2117635.912141947075725 ], [ 3757047.724505647085607, 2117600.651526825968176 ], [ 3757040.946413348428905, 2117564.704147217795253 ], [ 3757042.87151260022074, 2117544.405210554599762 ], [ 3757048.501781797036529, 2117537.393351087346673 ], [ 3757055.568550418596715, 2117494.03292693477124 ], [ 3757126.145755106583238, 2117503.803060765378177 ], [ 3757197.537554336711764, 2117523.012647299095988 ], [ 3757264.243934104219079, 2117570.809315474703908 ], [ 3757283.80210578488186, 2117638.251606758218259 ], [ 3757289.771364506334066, 2117655.48494020011276 ], [ 3757299.669677621219307, 2117681.247777729295194 ], [ 3757303.832440506201237, 2117697.359023304656148 ], [ 3757304.815883447416127, 2117697.345768588595092 ], [ 3757305.548472438007593, 2117697.197757991962135 ], [ 3757309.409990082494915, 2117696.539195387624204 ], [ 3757310.148035450838506, 2117696.921473143622279 ], [ 3757310.453851797617972, 2117697.313736000563949 ], [ 3757310.767717183101922, 2117698.266167373396456 ], [ 3757310.790045718662441, 2117698.87504446413368 ], [ 3757310.689592941664159, 2117699.695594921242446 ], [ 3757310.531750266905874, 2117700.200943860225379 ], [ 3757310.1229497930035, 2117700.949904395267367 ], [ 3757309.426366330124438, 2117701.86584238242358 ], [ 3757307.389995637815446, 2117704.2980572655797 ], [ 3757305.859217755030841, 2117706.402929537929595 ], [ 3757305.199520968366414, 2117707.746055109426379 ], [ 3757304.942378729581833, 2117708.851581885013729 ], [ 3757304.552409600932151, 2117709.819157161284238 ], [ 3757303.979707611724734, 2117710.65352036524564 ], [ 3757303.053257103078067, 2117711.590644702315331 ], [ 3757297.568874785676599, 2117715.153833535034209 ], [ 3757296.096857263240963, 2117716.772583788260818 ], [ 3757294.795984604395926, 2117718.505701750982553 ], [ 3757294.915346915833652, 2117719.656367962248623 ], [ 3757295.184384218417108, 2117720.322451784275472 ], [ 3757295.699187649413943, 2117721.035929013509303 ], [ 3757296.33589774183929, 2117721.527707212604582 ], [ 3757297.031172547489405, 2117721.763646480627358 ], [ 3757298.303920034319162, 2117721.805966763291508 ], [ 3757301.631392958573997, 2117722.078336278907955 ], [ 3757302.036872929427773, 2117722.691698763519526 ], [ 3757302.195366216823459, 2117723.478253200650215 ], [ 3757302.181954430881888, 2117724.140496538951993 ], [ 3757301.94739563157782, 2117724.923379756510258 ], [ 3757301.548240154050291, 2117725.551257670857012 ], [ 3757300.76799147343263, 2117726.314660013187677 ], [ 3757297.828645258210599, 2117729.371481515467167 ], [ 3757297.481771744787693, 2117730.605452127754688 ], [ 3757297.577541269361973, 2117731.247623113915324 ], [ 3757298.150059278123081, 2117732.396358641795814 ], [ 3757298.855073373764753, 2117734.263915467541665 ], [ 3757299.048503473866731, 2117736.038656376302242 ], [ 3757299.12513528438285, 2117737.744205422699451 ], [ 3757298.897983892820776, 2117738.496378450654447 ], [ 3757298.449280408676714, 2117740.651200281456113 ], [ 3757299.298890499398112, 2117747.46289918012917 ], [ 3757300.079063789453357, 2117749.383604405447841 ], [ 3757301.462907362729311, 2117752.580342560540885 ], [ 3757302.674095352180302, 2117754.36088184081018 ], [ 3757303.486502379179001, 2117755.136933389585465 ], [ 3757304.547839622013271, 2117755.87972044153139 ], [ 3757308.318489180412143, 2117758.604827668983489 ], [ 3757309.06794368987903, 2117759.236331714782864 ], [ 3757309.630011265631765, 2117760.145751556847245 ], [ 3757311.593487491831183, 2117764.69081491464749 ], [ 3757312.28105562645942, 2117765.53853041306138 ], [ 3757314.073915390297771, 2117767.405355175025761 ], [ 3757316.089219702407718, 2117769.281605979427695 ], [ 3757316.76047174166888, 2117769.589935672003776 ], [ 3757318.665197898168117, 2117770.184509742073715 ], [ 3757320.805109284352511, 2117770.586981452070177 ], [ 3757322.079432007856667, 2117770.528968877159059 ], [ 3757323.008415009826422, 2117770.673121800180525 ], [ 3757323.389050591737032, 2117770.998378035612404 ], [ 3757323.526135981082916, 2117771.536535797640681 ], [ 3757323.361761623062193, 2117772.082620972301811 ], [ 3757323.117398711852729, 2117772.636050294153392 ], [ 3757322.789045516401529, 2117772.916886602528393 ], [ 3757322.412149111740291, 2117773.102064147591591 ], [ 3757320.962151416111737, 2117774.157943666446954 ], [ 3757320.933987978845835, 2117775.23216117080301 ], [ 3757321.064426607917994, 2117775.810972859151661 ], [ 3757321.735051571391523, 2117777.511490291915834 ], [ 3757322.334025183692575, 2117778.267178039997816 ], [ 3757322.880876966752112, 2117778.76731039211154 ], [ 3757323.618907172698528, 2117779.149489405564964 ], [ 3757324.554033318068832, 2117779.363313947804272 ], [ 3757324.777238118462265, 2117779.382683541625738 ], [ 3757326.822059058118612, 2117779.383293907623738 ], [ 3757328.42354533681646, 2117779.61538736987859 ], [ 3757328.734810093417764, 2117779.836913978680968 ], [ 3757328.992844073101878, 2117780.143461448140442 ], [ 3757328.982921677641571, 2117780.49494300596416 ], [ 3757328.835079777985811, 2117780.999462174251676 ], [ 3757327.858636656310409, 2117784.625336267054081 ], [ 3757327.798122638370842, 2117785.442174128722399 ], [ 3757327.859011287335306, 2117786.147638513240963 ], [ 3757328.045740293804556, 2117786.911553412210196 ], [ 3757328.447929866611958, 2117787.835645293816924 ], [ 3757329.35330163128674, 2117789.223921537399292 ], [ 3757330.22561457939446, 2117789.994403312914073 ], [ 3757331.406877594068646, 2117790.726132954470813 ], [ 3757331.939629041124135, 2117790.947174377739429 ], [ 3757335.152595339808613, 2117792.111457355320454 ], [ 3757336.813755694311112, 2117792.918834706302732 ], [ 3757337.276339171919972, 2117793.376772466115654 ], [ 3757337.415080906357616, 2117793.584231649525464 ], [ 3757337.73094414640218, 2117794.326119349803776 ], [ 3757338.777214519213885, 2117796.061848120763898 ], [ 3757339.616919911466539, 2117796.454681150149554 ], [ 3757340.557960581965744, 2117796.738013411406428 ], [ 3757341.376365453004837, 2117796.737555375788361 ], [ 3757341.645820220932364, 2117796.737379593309015 ], [ 3757342.403290069662035, 2117796.526904972270131 ], [ 3757343.023637544363737, 2117796.128842070698738 ], [ 3757343.574761985335499, 2117795.536917940713465 ], [ 3757343.595117351040244, 2117795.515063755214214 ], [ 3757343.984333851840347, 2117795.238569105044007 ], [ 3757344.506504338700324, 2117795.220114899799228 ], [ 3757344.77972926478833, 2117795.234827025327832 ], [ 3757345.447205022908747, 2117795.38329241797328 ], [ 3757349.030884226318449, 2117797.224313402548432 ], [ 3757350.016790620516986, 2117797.443424087017775 ], [ 3757351.926268679555506, 2117797.626854428090155 ], [ 3757355.731215720064938, 2117797.845391193404794 ], [ 3757355.995693671051413, 2117797.860527206677943 ], [ 3757356.790523378644139, 2117797.616557650268078 ], [ 3757357.647888236679137, 2117797.046329440549016 ], [ 3757358.138084534555674, 2117796.54008128400892 ], [ 3757359.61660807672888, 2117795.092729169875383 ], [ 3757359.754287681542337, 2117794.958054414018989 ], [ 3757360.18541606888175, 2117794.817970711737871 ], [ 3757360.857464981265366, 2117794.785674710292369 ], [ 3757361.379131759051234, 2117794.877546236850321 ], [ 3757362.291078422218561, 2117795.173590928781778 ], [ 3757362.608016593381763, 2117795.344454328063875 ], [ 3757364.242298640310764, 2117796.424838961102068 ], [ 3757365.596371882129461, 2117797.641262228600681 ], [ 3757365.764547291211784, 2117797.956164023838937 ], [ 3757365.830024750903249, 2117798.480964691378176 ], [ 3757365.745750640984625, 2117799.139696268364787 ], [ 3757365.587065596133471, 2117799.635216069873422 ], [ 3757365.04178781947121, 2117800.787467420101166 ], [ 3757364.360042353160679, 2117801.291317647323012 ], [ 3757363.638554444070905, 2117801.568596883676946 ], [ 3757362.942513897549361, 2117802.023640443570912 ], [ 3757362.132895348593593, 2117803.030153171159327 ], [ 3757360.652955880388618, 2117804.789841139689088 ], [ 3757359.755088393110782, 2117805.123554867692292 ], [ 3757359.345127637963742, 2117805.391864296980202 ], [ 3757358.585368524771184, 2117806.043182672001421 ], [ 3757357.806042877025902, 2117807.167065621819347 ], [ 3757357.476840829476714, 2117808.138998898677528 ], [ 3757357.522878861054778, 2117809.25645320257172 ], [ 3757357.784294202923775, 2117810.534198766574264 ], [ 3757358.54145922139287, 2117811.605716437101364 ], [ 3757359.335034830030054, 2117812.163153225556016 ], [ 3757360.486292691901326, 2117813.248138866387308 ], [ 3757360.871721592731774, 2117813.863471913617104 ], [ 3757361.680337101221085, 2117814.479560789652169 ], [ 3757362.415826627984643, 2117814.481388306245208 ], [ 3757363.827969158999622, 2117814.270354374311864 ], [ 3757365.966429360676557, 2117813.721548655536026 ], [ 3757367.184702162165195, 2117813.598604008555412 ], [ 3757368.802364581264555, 2117813.668878724332899 ], [ 3757369.519959102850407, 2117813.812670538667589 ], [ 3757371.117956236470491, 2117814.355525937862694 ], [ 3757372.334619549568743, 2117814.913734822534025 ], [ 3757372.681248208042234, 2117815.312309891916811 ], [ 3757372.961407653521746, 2117815.756994129624218 ], [ 3757373.117262910120189, 2117816.163213014602661 ], [ 3757373.111877278424799, 2117816.684502192307264 ], [ 3757373.412827719002962, 2117817.487826568074524 ], [ 3757374.118164086248726, 2117818.073488643858582 ], [ 3757374.754293167497963, 2117818.324940804857761 ], [ 3757375.819832333363593, 2117818.416454494465142 ], [ 3757377.41953752329573, 2117818.278140376321971 ], [ 3757378.17872510664165, 2117818.087520776316524 ], [ 3757381.590193395037204, 2117817.350539284292608 ], [ 3757383.840893872547895, 2117817.051785784307867 ], [ 3757386.958696176297963, 2117816.762631377205253 ], [ 3757389.19430449558422, 2117816.755697138607502 ], [ 3757394.091590732336044, 2117816.662073847837746 ], [ 3757395.063253778032959, 2117816.481907146982849 ], [ 3757397.683668573386967, 2117816.148760218173265 ], [ 3757401.331063280813396, 2117815.810540637932718 ], [ 3757405.653958193957806, 2117815.479833235964179 ], [ 3757407.295899384655058, 2117815.597987378947437 ], [ 3757408.925099942367524, 2117815.91766982479021 ], [ 3757410.673654749058187, 2117816.686993511393666 ], [ 3757412.645676516927779, 2117817.245190622285008 ], [ 3757415.373517076484859, 2117817.222686576656997 ], [ 3757418.060205942951143, 2117817.073715472128242 ], [ 3757419.275830904953182, 2117816.917980995494872 ], [ 3757420.04272111132741, 2117816.819733377546072 ], [ 3757421.847128837369382, 2117815.901307061314583 ], [ 3757422.480670600663871, 2117815.421953747980297 ], [ 3757425.010752577334642, 2117813.574878442101181 ], [ 3757425.886073797009885, 2117813.213240379933268 ], [ 3757428.1566800493747, 2117812.562079661525786 ], [ 3757429.12431000219658, 2117812.101780636701733 ], [ 3757429.587047029286623, 2117811.628214611671865 ], [ 3757430.860879143234342, 2117810.047821642830968 ], [ 3757431.550612414255738, 2117809.75358777679503 ], [ 3757432.904745841398835, 2117809.33759815338999 ], [ 3757436.417683662846684, 2117808.140535556245595 ], [ 3757436.614838292822242, 2117808.011033940594643 ], [ 3757436.593755941372365, 2117809.508451954927295 ], [ 3757426.931973811239004, 2118356.574968438595533 ], [ 3757429.256243148818612, 2118374.387140485458076 ], [ 3757426.491573111154139, 2118380.652676808647811 ], [ 3757426.102117919363081, 2118404.224904871545732 ], [ 3757414.448954892810434, 2118409.231318508274853 ], [ 3757413.65499035641551, 2118409.485223412513733 ], [ 3757413.364660483784974, 2118409.520630831830204 ], [ 3757409.528183772228658, 2118409.988079098518938 ], [ 3757407.129966264590621, 2118410.210406377911568 ], [ 3757404.075342988595366, 2118410.764113135635853 ], [ 3757402.337954808492213, 2118411.175554989371449 ], [ 3757402.004834853112698, 2118411.309479187242687 ], [ 3757396.769554688595235, 2118413.414536674506962 ], [ 3757394.048731917515397, 2118415.269293108489364 ], [ 3757393.147486452944577, 2118415.913763611577451 ], [ 3757386.178947815671563, 2118418.853349594399333 ], [ 3757385.5984703944996, 2118418.941351174842566 ], [ 3757383.116575947031379, 2118419.317613316699862 ], [ 3757381.010691599920392, 2118419.54286770010367 ], [ 3757380.079959496390074, 2118419.72943898756057 ], [ 3757379.45650916127488, 2118419.952634653542191 ], [ 3757378.115981494542211, 2118420.432261523790658 ], [ 3757374.283912782557309, 2118422.249909022822976 ], [ 3757373.44456582237035, 2118422.678265259601176 ], [ 3757369.541628234088421, 2118425.774254580959678 ], [ 3757367.914040242321789, 2118427.107077666558325 ], [ 3757366.659292256459594, 2118427.97448590118438 ], [ 3757364.957953563891351, 2118428.803289574105293 ], [ 3757363.583001446444541, 2118429.211226082406938 ], [ 3757363.487764586228877, 2118429.225293804425746 ], [ 3757363.035936533007771, 2118429.292051174677908 ], [ 3757361.81966179003939, 2118429.204463690984994 ], [ 3757360.102838168852031, 2118428.802778680808842 ], [ 3757359.575498792808503, 2118428.761575486976653 ], [ 3757358.828634778037667, 2118428.860885996371508 ], [ 3757358.465680943801999, 2118428.974621398374438 ], [ 3757358.193228251300752, 2118429.123188496567309 ], [ 3757357.138139460235834, 2118429.698689088225365 ], [ 3757356.299377123825252, 2118430.367372841574252 ], [ 3757355.29422075022012, 2118431.09156471863389 ], [ 3757354.602520246990025, 2118432.297381172887981 ], [ 3757353.362895638216287, 2118433.574095505755395 ], [ 3757352.949235849548131, 2118433.674680246040225 ], [ 3757350.699169708415866, 2118434.221732926554978 ], [ 3757346.992440495640039, 2118435.857392300851643 ], [ 3757345.40807080315426, 2118438.15762485191226 ], [ 3757345.315213591326028, 2118441.05063739605248 ], [ 3757346.98992860596627, 2118447.034741658717394 ], [ 3757349.02617447450757, 2118453.355884146410972 ], [ 3757349.238248573616147, 2118454.044174803420901 ], [ 3757350.985026065725833, 2118459.714252026751637 ], [ 3757354.509582184255123, 2118472.427337050437927 ], [ 3757358.01493350090459, 2118485.152222550474107 ], [ 3757363.686901387758553, 2118506.059031599201262 ], [ 3757366.085297108627856, 2118514.71026601549238 ], [ 3757367.082899657078087, 2118518.33344455063343 ], [ 3757370.637112216092646, 2118530.573018224909902 ], [ 3757376.809604878537357, 2118544.67316516302526 ], [ 3757384.611424238421023, 2118558.161367862485349 ], [ 3757390.964113920461386, 2118568.629219396971166 ], [ 3757398.907256208360195, 2118578.268580201081932 ], [ 3757405.062359048984945, 2118582.244812592864037 ], [ 3757410.244795435573906, 2118583.937558313831687 ], [ 3757420.651888206601143, 2118583.493340308777988 ], [ 3757426.959341466426849, 2118583.048680474981666 ], [ 3757427.332795838825405, 2118582.823788177222013 ], [ 3757429.08827587403357, 2118582.085697244852781 ], [ 3757431.366614161990583, 2118581.127674335613847 ], [ 3757433.763688267208636, 2118580.074116030707955 ], [ 3757434.815674403682351, 2118579.685479141771793 ], [ 3757435.247475477401167, 2118579.52594866650179 ], [ 3757437.822196906432509, 2118578.896591944620013 ], [ 3757443.500635684467852, 2118578.40007886569947 ], [ 3757446.272972718346864, 2118578.193067140877247 ], [ 3757449.739035496488214, 2118577.270820339210331 ], [ 3757451.287267359439284, 2118576.886891950853169 ], [ 3757453.442582671530545, 2118576.416649865917861 ], [ 3757455.242160895839334, 2118576.259718147106469 ], [ 3757456.480120967607945, 2118576.365302830468863 ], [ 3757458.228925686329603, 2118577.254782762378454 ], [ 3757459.027890615630895, 2118577.991851853206754 ], [ 3757459.514128651469946, 2118578.60781139973551 ], [ 3757460.037914847489446, 2118580.241841864772141 ], [ 3757460.032880280166864, 2118580.883289135526866 ], [ 3757459.8473228556104, 2118582.352653336711228 ], [ 3757459.621236637234688, 2118582.884474385529757 ], [ 3757458.748060397803783, 2118584.43761969730258 ], [ 3757457.682857752777636, 2118585.517871367745101 ], [ 3757457.151534441392869, 2118585.897758071310818 ], [ 3757455.607325100339949, 2118586.561723108403385 ], [ 3757454.959363279398531, 2118586.676570951007307 ], [ 3757453.831380184739828, 2118586.876581424847245 ], [ 3757451.750395603477955, 2118587.039473129436374 ], [ 3757449.573097526095808, 2118587.021089201793075 ], [ 3757447.298663930501789, 2118587.161860948894173 ], [ 3757445.140010556206107, 2118587.592377932276577 ], [ 3757444.187642364762723, 2118587.889512453693897 ], [ 3757443.541143002919853, 2118588.091209045611322 ], [ 3757440.92057591304183, 2118589.355701364576817 ], [ 3757440.609620163682848, 2118589.604903671424836 ], [ 3757439.811383595690131, 2118590.510201863013208 ], [ 3757439.058687541633844, 2118592.643187867477536 ], [ 3757438.759714554063976, 2118595.014467029832304 ], [ 3757438.674478712957352, 2118597.295813844539225 ], [ 3757438.701175943482667, 2118599.356485667638481 ], [ 3757438.958065527491271, 2118601.516026014927775 ], [ 3757439.228802630677819, 2118602.552536265924573 ], [ 3757440.661518631502986, 2118605.614534075371921 ], [ 3757441.374761981889606, 2118606.343173147644848 ], [ 3757440.476770761422813, 2118606.967179957777262 ], [ 3757396.990656287409365, 2118637.186300787143409 ], [ 3757364.190132652409375, 2118635.159901907667518 ], [ 3757354.786724019795656, 2118637.313813809305429 ], [ 3757345.372471392154694, 2118639.458728929981589 ], [ 3757334.6981978029944, 2118641.710483452305198 ], [ 3757324.76415706705302, 2118645.18553476780653 ], [ 3757316.207006800919771, 2118649.794944402761757 ], [ 3757305.795655901543796, 2118655.206929982639849 ], [ 3757298.290853982791305, 2118657.185000188648701 ], [ 3757283.82411110913381, 2118667.430116393603384 ], [ 3757276.970860842149705, 2118676.959027269855142 ], [ 3757275.162991373799741, 2118693.011164978146553 ], [ 3757276.056372569873929, 2118710.715386413037777 ], [ 3757277.306377872824669, 2118725.201937064528465 ], [ 3757280.425311770290136, 2118746.525820712558925 ], [ 3757281.699343117885292, 2118768.641805223189294 ], [ 3757284.521313096396625, 2118779.166399666108191 ], [ 3757292.019033067859709, 2118791.811734422110021 ], [ 3757304.564458592794836, 2118818.601189617998898 ], [ 3757316.153890921268612, 2118841.663492452353239 ], [ 3757328.916262424550951, 2118870.96667977841571 ], [ 3757339.150627515744418, 2118900.504186997190118 ], [ 3757348.256941824220121, 2118924.438122198916972 ], [ 3757356.029185886494815, 2118947.854313868097961 ], [ 3757363.539832096546888, 2118968.120026892051101 ], [ 3757368.760687275324017, 2118984.151067188940942 ], [ 3757376.639022185001522, 2119001.207661322318017 ], [ 3757380.513098686002195, 2119009.101145432330668 ], [ 3757385.611196300480515, 2119016.239957503508776 ], [ 3757393.358617845922709, 2119024.425188231281936 ], [ 3757401.353130039293319, 2119028.120640716515481 ], [ 3757413.373139038681984, 2119033.996780760586262 ], [ 3757420.401252302341163, 2119033.966077836230397 ], [ 3757433.091888933908194, 2119032.789314247667789 ], [ 3757443.189973104279488, 2119031.212073245085776 ], [ 3757454.838532970752567, 2119032.665492959320545 ], [ 3757458.115171017125249, 2119033.633762503042817 ], [ 3757462.724791067652404, 2119035.108980607241392 ], [ 3757474.051025506574661, 2119040.408652452751994 ], [ 3757479.041000779718161, 2119046.295672904700041 ], [ 3757486.038951548747718, 2119053.268482232932001 ], [ 3757491.46396335400641, 2119064.192945943213999 ], [ 3757500.547294992953539, 2119080.507130667567253 ], [ 3757510.844069705344737, 2119096.057400917634368 ], [ 3757521.055472356267273, 2119117.975655630230904 ], [ 3757531.95117554673925, 2119140.471328901592642 ], [ 3757538.940982608590275, 2119162.057470810599625 ], [ 3757541.188938722014427, 2119173.286284480243921 ], [ 3757532.342897481285036, 2119199.28518645465374 ], [ 3757509.399303085636348, 2119201.412653911858797 ], [ 3757488.605378764681518, 2119214.908569718245417 ], [ 3757456.759460736066103, 2119249.970940386876464 ], [ 3757408.723844575695693, 2119262.127060547471046 ], [ 3757380.753666467964649, 2119267.284701543860137 ], [ 3757362.237613772973418, 2119292.117141483351588 ], [ 3757340.464218929875642, 2119339.085412297397852 ], [ 3757330.118990357033908, 2119366.154431385919452 ], [ 3757325.050237409304827, 2119382.819589767605066 ], [ 3757320.133524107281119, 2119398.449047944042832 ], [ 3757305.757028432562947, 2119424.560045601334423 ], [ 3757288.40817541256547, 2119445.8791224649176 ], [ 3757270.361193513963372, 2119458.990447082556784 ], [ 3757251.338757054880261, 2119468.385850989725441 ], [ 3757212.81558338040486, 2119481.513103981502354 ], [ 3757191.689907460473478, 2119496.18176439171657 ], [ 3757173.00385534344241, 2119509.362269349396229 ], [ 3757148.742562929634005, 2119517.341003646142781 ], [ 3757137.700711137149483, 2119522.802018304355443 ], [ 3757122.074753142427653, 2119534.436371759977192 ], [ 3757112.512622240465134, 2119556.926693390123546 ], [ 3757098.059162937104702, 2119574.792120542377234 ], [ 3757082.032653665170074, 2119596.610118510667235 ], [ 3757065.97609407408163, 2119625.431019412353635 ], [ 3757059.146099839825183, 2119642.579805350862443 ], [ 3757049.881785169709474, 2119683.46040360443294 ], [ 3757045.005372372455895, 2119701.068985144607723 ], [ 3757038.290963376872241, 2119741.733528047800064 ], [ 3757041.516836628317833, 2119764.289559850934893 ], [ 3757055.193992773070931, 2119785.165251579601318 ], [ 3757076.030324510764331, 2119799.818392354995012 ], [ 3757125.564645132981241, 2119821.024367994163185 ], [ 3757148.985428127925843, 2119822.097322126384825 ], [ 3757195.960844825487584, 2119812.252241457812488 ], [ 3757233.430807920638472, 2119777.699950985610485 ], [ 3757256.946552827488631, 2119751.742614695802331 ], [ 3757265.779356575571001, 2119746.596653915010393 ], [ 3757307.919142879080027, 2119715.967966361902654 ], [ 3757318.74135118490085, 2119707.963128640782088 ], [ 3757329.944458498153836, 2119704.37055416405201 ], [ 3757348.490928401704878, 2119696.931659002788365 ], [ 3757372.222075360827148, 2119690.27431869879365 ], [ 3757406.70424595521763, 2119689.610737755894661 ], [ 3757436.911363524384797, 2119691.235991802997887 ], [ 3757471.229515570681542, 2119688.674764123279601 ], [ 3757498.369133431464434, 2119691.866664158180356 ], [ 3757536.461641136091202, 2119695.926164804957807 ], [ 3757555.063314357306808, 2119689.123491165693849 ], [ 3757572.121854647994041, 2119679.268928382080048 ], [ 3757585.016902272589505, 2119672.985517101828009 ], [ 3757596.275560509413481, 2119670.038350864779204 ], [ 3757614.313500318210572, 2119671.530682320706546 ], [ 3757632.310714332386851, 2119680.017415744718164 ], [ 3757647.325917148496956, 2119698.30552928801626 ], [ 3757659.151034034322947, 2119709.277520277071744 ], [ 3757673.895116596482694, 2119724.425759240984917 ], [ 3757683.304477916099131, 2119744.515198347624391 ], [ 3757681.115032155998051, 2119756.145867330022156 ], [ 3757672.884677541907877, 2119764.540711459703743 ], [ 3757665.652305780444294, 2119769.66821555281058 ], [ 3757641.661244955379516, 2119780.786340903490782 ], [ 3757624.657532182522118, 2119791.276805094908923 ], [ 3757606.655310345347971, 2119805.024850718677044 ], [ 3757578.337910859379917, 2119817.826279387809336 ], [ 3757558.327571636997163, 2119830.478743371553719 ], [ 3757537.734224683605134, 2119843.845586677081883 ], [ 3757516.813540688715875, 2119853.417467636521906 ], [ 3757503.669815042056143, 2119864.170995608437806 ], [ 3757491.155814493075013, 2119874.866114460397512 ], [ 3757485.745714141521603, 2119886.174387983977795 ], [ 3757485.307441958691925, 2119924.163496501743793 ], [ 3757502.734395748469979, 2119923.709237726870924 ], [ 3757529.381487172562629, 2119934.037859960924834 ], [ 3757546.958078871481121, 2119938.817902880720794 ], [ 3757551.353907222859561, 2119947.97487326245755 ], [ 3757558.520155710168183, 2119951.176599249243736 ], [ 3757571.971526158973575, 2119958.812661984935403 ], [ 3757590.273222024086863, 2119978.067796711344272 ], [ 3757600.135170134715736, 2119988.580857524648309 ], [ 3757610.692423961125314, 2119999.680707862600684 ], [ 3757621.23898589424789, 2120010.771231815218925 ], [ 3757629.884959571994841, 2120024.82220297306776 ], [ 3757636.133243981283158, 2120038.865317420568317 ], [ 3757640.33260852470994, 2120059.978985000867397 ], [ 3757652.74444424547255, 2120097.237328575924039 ], [ 3757674.398911067284644, 2120097.68292972445488 ], [ 3757680.664883472491056, 2120120.567978434730321 ], [ 3757702.314605486113578, 2120122.826816488988698 ], [ 3757727.920162398833781, 2120146.062061819247901 ], [ 3757741.721919580828398, 2120148.187508190982044 ], [ 3757762.074764334131032, 2120150.476386443711817 ], [ 3757797.433344900142401, 2120162.070851336698979 ], [ 3757808.238412762060761, 2120168.690626930445433 ], [ 3757818.086519059725106, 2120171.573324389755726 ], [ 3757829.593179894611239, 2120164.14651010511443 ], [ 3757831.533718875609338, 2120156.985773541033268 ], [ 3757833.558960468508303, 2120143.457517016679049 ], [ 3757832.567163505591452, 2120124.490113712847233 ], [ 3757832.801913007162511, 2120112.389749740250409 ], [ 3757835.661988127510995, 2120093.706497879698873 ], [ 3757840.714140527881682, 2120085.606022994033992 ], [ 3757855.874554301612079, 2120075.927332412917167 ], [ 3757865.061562698800117, 2120071.270090102218091 ], [ 3757873.673496401868761, 2120067.296614511869848 ], [ 3757884.876544840633869, 2120063.70369693543762 ], [ 3757929.450016598682851, 2120044.236809615977108 ], [ 3757929.575641790404916, 2120044.175281655974686 ], [ 3757985.676977511495352, 2120049.619637362658978 ], [ 3758024.911163138691336, 2120056.638287997804582 ], [ 3758052.280049961525947, 2120075.443402421660721 ], [ 3758078.744673985056579, 2120083.655964811332524 ], [ 3758111.219377704896033, 2120087.044709192588925 ], [ 3758143.823434348683804, 2120066.955427398905158 ], [ 3758159.207291825208813, 2120046.329504614695907 ], [ 3758179.760139126796275, 2120035.880591301247478 ], [ 3758187.395202427636832, 2120011.3663593926467 ], [ 3758184.757295074872673, 2119995.736491163261235 ], [ 3758180.401229926384985, 2119967.556521621532738 ], [ 3758173.149651256389916, 2119942.81977167725563 ], [ 3758163.468468774110079, 2119919.580394621007144 ], [ 3758156.478011309169233, 2119897.984132092446089 ], [ 3758150.030778247863054, 2119875.095984276384115 ], [ 3758146.122710513882339, 2119859.57443175278604 ], [ 3758144.513742712792009, 2119848.285815581679344 ], [ 3758144.436961525119841, 2119840.040104724466801 ], [ 3758141.246039133984596, 2119832.714182609226555 ], [ 3758136.568772246129811, 2119822.982309408951551 ], [ 3758129.570669247768819, 2119816.009450712241232 ], [ 3758116.693992163054645, 2119807.678754965774715 ], [ 3758106.487312985118479, 2119807.994136708788574 ], [ 3758095.120548714883626, 2119809.689225977752358 ], [ 3758088.254257124848664, 2119811.597632742486894 ], [ 3758081.130527711473405, 2119817.986932762898505 ], [ 3758039.917891538701952, 2119837.071597773581743 ], [ 3758025.232749129645526, 2119844.783015606924891 ], [ 3758008.368735108524561, 2119849.541715685743839 ], [ 3757988.064327768981457, 2119851.434052484109998 ], [ 3757967.2933165486902, 2119855.273063496686518 ], [ 3757949.926083400379866, 2119846.727961267344654 ], [ 3757929.466615030542016, 2119832.119519093073905 ], [ 3757916.044653356075287, 2119817.469639104325324 ], [ 3757901.560935161076486, 2119797.870431000832468 ], [ 3757889.069840124808252, 2119771.716672545298934 ], [ 3757875.625932210125029, 2119749.457138675730675 ], [ 3757859.958213451318443, 2119723.607773076742887 ], [ 3757846.837770759593695, 2119697.512665542308241 ], [ 3757836.98335981182754, 2119672.376373347360641 ], [ 3757831.685222651809454, 2119648.09938917029649 ], [ 3757821.677421621512622, 2119621.074664523825049 ], [ 3757819.949973432347178, 2119608.525557375513017 ], [ 3757822.234184804372489, 2119590.526224422268569 ], [ 3757824.650539619382471, 2119581.408525202423334 ], [ 3757832.133144678082317, 2119571.821001283824444 ], [ 3757840.472279178909957, 2119564.68829726614058 ], [ 3757850.600424251984805, 2119556.107240387238562 ], [ 3757859.906126742251217, 2119552.71053428016603 ], [ 3757892.366907861549407, 2119587.79910952039063 ], [ 3757907.155808687210083, 2119603.58417147025466 ], [ 3757922.321964032016695, 2119616.149188017006963 ], [ 3757942.294625709298998, 2119632.70571662299335 ], [ 3757958.978400422725827, 2119640.683370603248477 ], [ 3757975.693238847889006, 2119641.667647046037018 ], [ 3757985.628490702714771, 2119638.202601382508874 ], [ 3758002.959007019177079, 2119631.49762561917305 ], [ 3758018.173844444565475, 2119622.455221077892929 ], [ 3758028.521745056379586, 2119616.417974479496479 ], [ 3758035.341656324453652, 2119613.862653400748968 ], [ 3758040.03859731182456, 2119608.990419000387192 ], [ 3758043.930559650994837, 2119602.269794295541942 ], [ 3758060.041262662038207, 2119574.075052767060697 ], [ 3758067.099393361248076, 2119559.449348106980324 ], [ 3758064.0355672724545, 2119538.7711391011253 ], [ 3758060.128454754129052, 2119523.25881864503026 ], [ 3758054.222907352261245, 2119506.650492333807051 ], [ 3758054.43582406360656, 2119486.940544978249818 ], [ 3758058.563409497030079, 2119468.119376379065216 ], [ 3758062.008083045482635, 2119448.741007918957621 ], [ 3758063.871928587090224, 2119433.334595430176705 ], [ 3758068.547782279551029, 2119398.578519250266254 ], [ 3758073.697239826433361, 2119384.129867574200034 ], [ 3758077.262886360287666, 2119373.623448755592108 ], [ 3758074.363057669252157, 2119354.843143332283944 ], [ 3758070.532051363959908, 2119347.566662062890828 ], [ 3758061.341667565982789, 2119330.010748575441539 ], [ 3758066.067529127001762, 2119318.124626503325999 ], [ 3758071.964677724987268, 2119304.868666292633861 ], [ 3758083.350435171276331, 2119288.56984999589622 ], [ 3758101.244333258830011, 2119273.570142521057278 ], [ 3758113.335902580060065, 2119265.448448865674436 ], [ 3758131.66506148641929, 2119255.486237440723926 ], [ 3758142.65126103721559, 2119249.379841092042625 ], [ 3758151.837535988539457, 2119244.712384946644306 ], [ 3758161.033315344713628, 2119240.03391336183995 ], [ 3758167.16184042301029, 2119236.931805185507983 ], [ 3758209.257703328505158, 2119235.552535501308739 ], [ 3758226.546736349351704, 2119235.832946992479265 ], [ 3758252.839737192727625, 2119236.570109255611897 ], [ 3758280.141773881390691, 2119241.650236756540835 ], [ 3758299.308291818015277, 2119248.747006676159799 ], [ 3758309.756299737840891, 2119258.584511559456587 ], [ 3758314.120117463171482, 2119272.151533886790276 ], [ 3758314.274941466748714, 2119288.652256220579147 ], [ 3758314.832354147918522, 2119302.582338637672365 ], [ 3758316.147451815195382, 2119317.703759817406535 ], [ 3758314.872937256470323, 2119340.055974249728024 ], [ 3758318.63091282453388, 2119361.310581629164517 ], [ 3758320.479388009291142, 2119382.732148549985141 ], [ 3758320.407146849669516, 2119396.7202338417992 ], [ 3758319.215963476803154, 2119405.093439757358283 ], [ 3758316.681903292890638, 2119434.322803522925824 ], [ 3758315.648731919471174, 2119447.218046877533197 ], [ 3758326.903172329068184, 2119478.183646860532463 ], [ 3758358.537681366316974, 2119496.583366109989583 ], [ 3758406.341014677193016, 2119528.426853549201041 ], [ 3758477.383616003207862, 2119555.972831786610186 ], [ 3758482.928902920335531, 2119570.391650490928441 ], [ 3758495.101606965065002, 2119582.473267374560237 ], [ 3758498.813085285015404, 2119588.478978209197521 ], [ 3758502.067809040192515, 2119596.429614063352346 ], [ 3758504.454933715518564, 2119601.917496702168137 ], [ 3758505.585022671148181, 2119607.541223067324609 ], [ 3758511.857505614869297, 2119620.930955232586712 ], [ 3758508.562496361322701, 2119634.577026473358274 ], [ 3758508.163241700734943, 2119644.769640227779746 ], [ 3758511.843875892460346, 2119657.779102525673807 ], [ 3758510.923737556207925, 2119669.291447694879025 ], [ 3758509.093646410387009, 2119677.733825783245265 ], [ 3758501.872757707256824, 2119690.471818338613957 ], [ 3758491.539035318419337, 2119704.139729866292328 ], [ 3758476.727674695663154, 2119725.212688138242811 ], [ 3758465.080997217446566, 2119738.371402 ], [ 3758451.266653470229357, 2119756.17726272251457 ], [ 3758438.666701768524945, 2119773.229851700831205 ], [ 3758425.481727215461433, 2119790.977594492956996 ], [ 3758412.058461877517402, 2119813.194024269003421 ], [ 3758414.16065773088485, 2119852.379528434947133 ], [ 3758427.319294225890189, 2119997.274193594232202 ], [ 3758426.435857769567519, 2120024.036796462256461 ], [ 3758431.897728051990271, 2120050.211479063611478 ], [ 3758422.997197744902223, 2120065.659094498958439 ], [ 3758414.082351997494698, 2120073.476427066605538 ], [ 3758395.645558825228363, 2120082.186489595100284 ], [ 3758367.654747156891972, 2120098.773367902263999 ], [ 3758347.36332891928032, 2120108.286218789871782 ], [ 3758322.113384295254946, 2120119.52096859831363 ], [ 3758299.090114914812148, 2120134.375096681993455 ], [ 3758274.797643220052123, 2120149.347063316963613 ], [ 3758243.435052089393139, 2120171.334406338632107 ], [ 3758214.446951932273805, 2120191.188367906026542 ], [ 3758188.830416227690876, 2120205.641855020076036 ], [ 3758164.73254258511588, 2120215.518180082552135 ], [ 3758146.716978461481631, 2120221.635646472685039 ], [ 3758094.254953671712428, 2120243.185428206808865 ], [ 3758124.954336531460285, 2120295.453529698774219 ], [ 3758145.463456478901207, 2120332.932933602016419 ], [ 3758172.113398335874081, 2120374.920110732782632 ], [ 3758193.618966394569725, 2120409.121846328489482 ], [ 3758206.572684449143708, 2120425.698096412234008 ], [ 3758238.099679096601903, 2120450.086959205102175 ], [ 3758265.611980030313134, 2120472.303970224224031 ], [ 3758290.031300995498896, 2120488.448199158534408 ], [ 3758312.855663325637579, 2120500.934563371352851 ], [ 3758322.759594755712897, 2120504.463167916517705 ], [ 3758338.531955247744918, 2120509.350825377739966 ], [ 3758345.094224818982184, 2120511.275864357128739 ], [ 3758385.187021506018937, 2120531.044888851698488 ], [ 3758396.046203088015318, 2120538.290702821686864 ], [ 3758410.712539302185178, 2120545.183426818810403 ], [ 3758429.824846112634987, 2120551.654300143010914 ], [ 3758451.29042273433879, 2120560.530559773556888 ], [ 3758471.917181787081063, 2120576.321699999738485 ], [ 3758558.513300000224262, 2120576.321699999738485 ], [ 3758558.513300000224262, 2117733.365481430664659 ], [ 3758529.132586571853608, 2117661.517583040520549 ], [ 3758150.058834076859057, 2116734.519616348668933 ], [ 3758089.944612086750567, 2116615.273615645244718 ], [ 3757411.168019621632993, 2115268.808366646058857 ], [ 3756128.708647669292986, 2112724.827616726048291 ], [ 3755897.934580598026514, 2112491.026326918043196 ], [ 3755365.726593657396734, 2111951.841792894527316 ], [ 3755287.144674844574183, 2111743.147523446008563 ], [ 3754698.947330902796239, 2110181.017200000118464 ], [ 3751359.600122695788741, 2110181.017200000118464 ], [ 3751360.994404981378466, 2110187.108076154254377 ], [ 3751363.284433867316693, 2110195.408020289149135 ], [ 3751363.98651588242501, 2110197.346362891606987 ], [ 3751364.708434828091413, 2110198.781286471989006 ], [ 3751367.463777422439307, 2110201.530093240551651 ], [ 3751370.445684985257685, 2110203.256400120910257 ], [ 3751371.269162857439369, 2110203.680506977252662 ], [ 3751372.092671705875546, 2110204.104810129385442 ], [ 3751375.129458072129637, 2110206.827828798443079 ], [ 3751378.341500239446759, 2110209.033288836479187 ], [ 3751379.301522857509553, 2110209.945712194778025 ], [ 3751380.250152001157403, 2110210.358414178248495 ], [ 3751383.992912122048438, 2110212.514538486488163 ], [ 3751387.997908576391637, 2110215.147788083180785 ], [ 3751389.81225377228111, 2110216.481388514861465 ], [ 3751390.87805965449661, 2110217.884943786077201 ], [ 3751391.369631057605147, 2110218.840648169163615 ], [ 3751391.923827504739165, 2110219.790642039850354 ], [ 3751394.663039398845285, 2110224.5440952219069 ], [ 3751397.359654893632978, 2110228.800412667915225 ], [ 3751397.944841536227614, 2110229.747754984535277 ], [ 3751398.499022643081844, 2110230.697650666348636 ], [ 3751399.763214430306107, 2110232.583335927687585 ], [ 3751401.223193503916264, 2110233.449238924775273 ], [ 3751403.565210894681513, 2110233.231966379098594 ], [ 3751405.458654335234314, 2110232.555455612484366 ], [ 3751407.320759108755738, 2110231.881955510471016 ], [ 3751409.268427258823067, 2110232.201860727276653 ], [ 3751411.309975763782859, 2110232.513159235939384 ], [ 3751416.72794668097049, 2110234.013358882628381 ], [ 3751422.188353328499943, 2110236.010317877400666 ], [ 3751423.304819262586534, 2110236.908031333237886 ], [ 3751424.18512097094208, 2110286.901181640103459 ], [ 3751440.956800527870655, 2110316.391197683289647 ], [ 3751443.926633486989886, 2110321.62362332129851 ], [ 3751449.437958969268948, 2110323.115096473135054 ], [ 3751469.766365737654269, 2110329.240438099950552 ], [ 3751467.43511248100549, 2110333.963567901402712 ], [ 3751465.486584104597569, 2110337.649635396432132 ], [ 3751463.580659726634622, 2110341.83223385270685 ], [ 3751461.632132086902857, 2110345.518302192911506 ], [ 3751459.714724558405578, 2110349.201899547595531 ], [ 3751457.871790437959135, 2110353.378527860157192 ], [ 3751456.047874672338367, 2110357.052978752180934 ], [ 3751454.298504041973501, 2110361.221556394826621 ], [ 3751452.630979962646961, 2110364.881608612835407 ], [ 3751451.068586383480579, 2110369.032497476320714 ], [ 3751449.569228739943355, 2110373.17770966142416 ], [ 3751448.163081738166511, 2110377.313921499997377 ], [ 3751446.850581092294306, 2110381.441967813298106 ], [ 3751445.600841381121427, 2110385.563878967426717 ], [ 3751444.444343277718872, 2110389.676985981874168 ], [ 3751443.381772335618734, 2110393.781780812889338 ], [ 3751442.444358724169433, 2110397.87456579040736 ], [ 3751441.568925547879189, 2110401.962047897279263 ], [ 3751440.861711169593036, 2110406.534379014745355 ], [ 3751440.142540035303682, 2110410.607281901873648 ], [ 3751439.517172107473016, 2110414.671087312977761 ], [ 3751438.935079235117882, 2110419.231817766092718 ], [ 3751438.371957493014634, 2110423.29007572773844 ], [ 3751438.008143544662744, 2110427.830514960922301 ], [ 3751437.632585598155856, 2110431.871591635048389 ], [ 3751437.362211273983121, 2110436.403194450773299 ], [ 3751436.986721938475966, 2110440.44405906740576 ], [ 3751436.622909840662032, 2110444.984499165788293 ], [ 3751436.091311257332563, 2110449.039617317728698 ], [ 3751435.403513900004327, 2110453.109708171337843 ], [ 3751434.66495108185336, 2110457.684954868629575 ], [ 3751433.758367314469069, 2110461.775320697575808 ], [ 3751432.789803959429264, 2110465.87099002301693 ], [ 3751431.758252024650574, 2110469.972631260287017 ], [ 3751430.695559442974627, 2110474.077251146547496 ], [ 3751429.601923754438758, 2110478.184817388653755 ], [ 3751428.539445038884878, 2110482.28950372710824 ], [ 3751427.071011669002473, 2110486.431582289747894 ], [ 3751425.47758843190968, 2110490.585443024057895 ], [ 3751423.915389967616647, 2110494.736211482435465 ], [ 3751422.341363375540823, 2110498.387731472030282 ], [ 3751420.779440721031278, 2110502.538959113880992 ], [ 3751419.248498828615993, 2110506.686832345556468 ], [ 3751417.643239334225655, 2110510.340742898639292 ], [ 3751416.112375715747476, 2110514.489107616711408 ], [ 3751414.55039278510958, 2110518.639944220893085 ], [ 3751413.13271277025342, 2110522.276771902106702 ], [ 3751408.233990832231939, 2110520.227745360694826 ], [ 3751403.22574968310073, 2110520.191798781044781 ], [ 3751398.408553027547896, 2110521.640343015082181 ], [ 3751393.883905965834856, 2110523.562264450825751 ], [ 3751390.019029096700251, 2110526.92585210967809 ], [ 3751386.727527637965977, 2110530.736323215998709 ], [ 3751383.791263247374445, 2110535.014853333123028 ], [ 3751381.030723435338587, 2110538.776249363087118 ], [ 3751378.574671542737633, 2110543.510958954691887 ], [ 3751376.169171870220453, 2110547.740446776151657 ], [ 3751373.826105838641524, 2110551.963651577010751 ], [ 3751371.588645239360631, 2110556.678120276425034 ], [ 3751369.382227494847029, 2110561.389627296477556 ], [ 3751367.226694846060127, 2110565.595455128699541 ], [ 3751365.207773281726986, 2110570.289993337821215 ], [ 3751363.219999155960977, 2110574.980948622804135 ], [ 3751361.294585161842406, 2110579.666438286192715 ], [ 3751359.431994155514985, 2110584.346185248345137 ], [ 3751357.557397726923227, 2110588.526208422146738 ], [ 3751355.830951977521181, 2110593.693635199218988 ], [ 3751354.124311925843358, 2110598.358753512147814 ], [ 3751352.542496149428189, 2110603.012318709865212 ], [ 3751351.023092780262232, 2110607.660107559524477 ], [ 3751349.59753917530179, 2110612.299093107692897 ], [ 3751348.277119291014969, 2110617.428916592150927 ], [ 3751346.913910890929401, 2110622.062338632997125 ], [ 3751345.582140385173261, 2110626.692734140902758 ], [ 3751344.26175332069397, 2110631.822755263186991 ], [ 3751342.86717701330781, 2110636.458993075881153 ], [ 3751341.515634652692825, 2110641.591895464807749 ], [ 3751340.089918425306678, 2110646.231112643145025 ], [ 3751338.664384782314301, 2110650.870199797209352 ], [ 3751337.312813281547278, 2110656.002907264512032 ], [ 3751335.949510573409498, 2110660.636348862666637 ], [ 3751334.648854589555413, 2110665.263572954107076 ], [ 3751333.453394908457994, 2110670.382027754560113 ], [ 3751332.340006562881172, 2110674.992118257563561 ], [ 3751331.769129400141537, 2110680.052527787629515 ], [ 3751331.541879156138748, 2110685.081206231378019 ], [ 3751331.345968086272478, 2110690.10687408875674 ], [ 3751330.774895209819078, 2110695.167316800914705 ], [ 3751329.599196588154882, 2110699.783169727306813 ], [ 3751326.787660165224224, 2110704.050084772519767 ], [ 3751323.24660627823323, 2110707.884176798164845 ], [ 3751319.213597174268216, 2110710.762122313026339 ], [ 3751315.02465448807925, 2110713.654797325842083 ], [ 3751313.205578840337694, 2110714.824884843546897 ], [ 3751311.054338336456567, 2110716.52682074252516 ], [ 3751306.927678032778203, 2110719.413540130481124 ], [ 3751302.644954382907599, 2110722.314808956347406 ], [ 3751299.197522729635239, 2110726.139937562867999 ], [ 3751295.831979352515191, 2110729.456831982824951 ], [ 3751292.134734429419041, 2110733.305298671126366 ], [ 3751288.613195890560746, 2110736.636530777439475 ], [ 3751268.131966982036829, 2110753.559978019446135 ], [ 3751233.287549944594502, 2110785.336440547369421 ], [ 3751204.474810697603971, 2110810.043815136421472 ], [ 3751197.697472911328077, 2110814.679047903977334 ], [ 3751179.075173636432737, 2110829.426722595468163 ], [ 3751143.18020006082952, 2110861.801955493167043 ], [ 3751120.742716426029801, 2110883.41352919023484 ], [ 3751107.69081800756976, 2110898.145301320590079 ], [ 3751091.65218090172857, 2110913.655120257753879 ], [ 3751076.793226972687989, 2110926.050766316242516 ], [ 3751072.322220966219902, 2110932.975070948712528 ], [ 3751070.724844626616687, 2110939.633274874184281 ], [ 3751065.591576386243105, 2110961.141277097631246 ], [ 3751054.374855265021324, 2110994.230431525968015 ], [ 3751041.626896009780467, 2111031.467711225617677 ], [ 3751021.173273185733706, 2111089.950996830128133 ], [ 3751018.506080375052989, 2111097.709858496673405 ], [ 3751009.640283436514437, 2111125.573272415436804 ], [ 3751000.18817188963294, 2111156.495746929198503 ], [ 3750976.953543080016971, 2111227.255158616229892 ], [ 3750946.721522880718112, 2111314.688583634793758 ], [ 3750918.620549991726875, 2111400.922787786461413 ], [ 3750908.387551110237837, 2111431.917717749252915 ], [ 3750904.771920035593212, 2111439.263527499511838 ], [ 3750903.599576479755342, 2111445.381502034608275 ], [ 3750899.346862336155027, 2111456.292047831695527 ], [ 3750896.003213803749532, 2111468.620615760795772 ], [ 3750893.741820524446666, 2111476.341972739901394 ], [ 3750893.608924210071564, 2111477.355626019649208 ], [ 3750844.789630744606256, 2111624.101083684712648 ], [ 3750844.507883548736572, 2111628.133067487739027 ], [ 3750840.66109033767134, 2111639.006367098540068 ], [ 3750831.822430661413819, 2111669.371287415735424 ], [ 3750821.52464496716857, 2111694.863869079854339 ], [ 3750814.939321577548981, 2111718.509626712184399 ], [ 3750825.806068037636578, 2111721.507217775564641 ], [ 3750827.222816786263138, 2111721.876352954655886 ], [ 3750835.587592396419495, 2111723.603710451629013 ], [ 3750849.994502131361514, 2111730.779474064707756 ], [ 3750877.769047342706472, 2111746.228176578413695 ], [ 3750903.897095141001046, 2111756.822484774515033 ], [ 3750909.603129229042679, 2111761.300317451823503 ], [ 3750932.27936686296016, 2111778.224085144232959 ], [ 3750970.768437561579049, 2111798.186891667544842 ], [ 3750982.692501650191844, 2111803.589812599122524 ], [ 3751008.980492897797376, 2111815.671721152961254 ], [ 3751026.096022013574839, 2111823.597128584515303 ], [ 3751028.129244057927281, 2111824.910710416268557 ], [ 3751092.704910160042346, 2111868.491489062085748 ], [ 3751143.047126533463597, 2111898.871310205198824 ], [ 3751206.26382496394217, 2111944.581179453991354 ], [ 3751270.324000809341669, 2111990.212884719949216 ], [ 3751301.411798884160817, 2112010.862852820195258 ], [ 3751332.382405649870634, 2112030.522151721641421 ], [ 3751365.014753524679691, 2112057.0378088648431 ], [ 3751383.683189586736262, 2112069.826971182599664 ], [ 3751409.689842906780541, 2112081.935177319683135 ], [ 3751453.632702176459134, 2112096.885065141133964 ], [ 3751472.060429440345615, 2112100.68317155353725 ], [ 3751479.636621606070548, 2112103.48503724578768 ], [ 3751484.121232462581247, 2112106.573892650660127 ], [ 3751492.661152447573841, 2112111.790742105804384 ], [ 3751499.405211189761758, 2112119.176723128650337 ], [ 3751506.434434260241687, 2112124.03255078336224 ], [ 3751513.179236386436969, 2112127.412796351592988 ], [ 3751521.930285317823291, 2112129.604872627183795 ], [ 3751528.601515314076096, 2112128.484910667873919 ], [ 3751534.336614893283695, 2112123.445903612300754 ], [ 3751560.850060642696917, 2112095.446653062477708 ], [ 3751578.515640844590962, 2112081.288382906466722 ], [ 3751597.866421419195831, 2112074.985416107345372 ], [ 3751621.730144062545151, 2112066.260831178165972 ], [ 3751639.994798268191516, 2112063.063444933854043 ], [ 3751656.042108250781894, 2112064.077976271510124 ], [ 3751670.886424445547163, 2112067.206845244392753 ], [ 3751681.581881875172257, 2112068.217075414955616 ], [ 3751689.06504313275218, 2112067.021932319737971 ], [ 3751706.830512890592217, 2112063.870876058470458 ], [ 3751754.837705700658262, 2112050.40182494558394 ], [ 3751785.146704097278416, 2112037.573844648897648 ], [ 3751807.761030869558454, 2112028.965326094534248 ], [ 3751823.266433691605926, 2112025.523100141901523 ], [ 3751845.500925289466977, 2112023.459568095393479 ], [ 3751872.840587565675378, 2112026.931546618230641 ], [ 3751898.954074675217271, 2112031.518764828331769 ], [ 3751922.827229172922671, 2112035.31206030305475 ], [ 3751954.742269800044596, 2112036.356392061337829 ], [ 3751983.940120107494295, 2112037.652541077695787 ], [ 3752018.031785844825208, 2112043.502298823557794 ], [ 3752039.515447473153472, 2112049.520632408559322 ], [ 3752063.371918251737952, 2112059.32470346800983 ], [ 3752085.487093303818256, 2112072.294942985288799 ], [ 3752096.782912357710302, 2112076.254242060240358 ], [ 3752109.886570078786463, 2112078.543277698103338 ], [ 3752135.294492703862488, 2112079.691029923968017 ], [ 3752171.4243094753474, 2112084.349800151772797 ], [ 3752181.354454176966101, 2112087.434242500923574 ], [ 3752196.475181240122765, 2112093.041752196382731 ], [ 3752221.029642321169376, 2112107.287977011874318 ], [ 3752230.719979964662343, 2112118.907548109069467 ], [ 3752235.965103162452579, 2112126.432854721322656 ], [ 3752241.873705262318254, 2112132.895099591463804 ], [ 3752250.133331866934896, 2112134.131825210526586 ], [ 3752277.392684346064925, 2112126.093894531019032 ], [ 3752301.656773386523128, 2112127.847997564822435 ], [ 3752339.605720468331128, 2112131.337220199406147 ], [ 3752362.86302914749831, 2112130.180324151180685 ], [ 3752379.210852980613708, 2112130.666326880455017 ], [ 3752397.79606319591403, 2112126.437945648096502 ], [ 3752417.501246446277946, 2112124.609350586310029 ], [ 3752446.820649625733495, 2112124.392402162775397 ], [ 3752475.917404995299876, 2112122.693930136039853 ], [ 3752482.771820141002536, 2112124.060724901035428 ], [ 3752487.295530626550317, 2112126.144864951260388 ], [ 3752491.225781351327896, 2112128.283877488225698 ], [ 3752491.517886597663164, 2112132.763578280806541 ], [ 3752491.747285381425172, 2112137.249104694463313 ], [ 3752491.945611968636513, 2112141.737397387623787 ], [ 3752492.194853284396231, 2112145.72030683234334 ], [ 3752492.580511325970292, 2112150.191252510994673 ], [ 3752493.122261208016425, 2112154.647845759987831 ], [ 3752493.902209746651351, 2112158.581413933541626 ], [ 3752495.037243640050292, 2112162.982660084962845 ], [ 3752496.391122682020068, 2112167.36402261769399 ], [ 3752497.951633680146188, 2112171.225206853356212 ], [ 3752499.699870562180877, 2112175.068979119881988 ], [ 3752501.666594155132771, 2112178.892523565329611 ], [ 3752504.320167559664696, 2112182.652063089422882 ], [ 3752507.243302138987929, 2112185.886367722414434 ], [ 3752509.979158561676741, 2112189.13770904019475 ], [ 3752512.714734276756644, 2112192.389196902047843 ], [ 3752515.493357915896922, 2112196.137346020899713 ], [ 3752518.323176201432943, 2112199.379965025465935 ], [ 3752521.246067218482494, 2112202.61400721501559 ], [ 3752524.594881467521191, 2112205.307612217962742 ], [ 3752528.130973884835839, 2112207.98418045649305 ], [ 3752531.760700508020818, 2112210.651878728996962 ], [ 3752535.433391793165356, 2112213.816352515481412 ], [ 3752539.063087364193052, 2112216.483854449819773 ], [ 3752542.724068541545421, 2112219.14865605533123 ], [ 3752546.237036886159331, 2112220.825831573456526 ], [ 3752549.621323884930462, 2112221.012746616732329 ], [ 3752552.686025760136545, 2112218.224182501900941 ], [ 3752555.622352839913219, 2112213.946013282518834 ], [ 3752558.507454952225089, 2112210.173178202006966 ], [ 3752561.311018469743431, 2112206.908117752056569 ], [ 3752564.176378901582211, 2112203.637884604744613 ], [ 3752567.335204164963216, 2112200.840977564454079 ], [ 3752570.836941932328045, 2112198.012354095000774 ], [ 3752574.506715168710798, 2112195.6686095376499 ], [ 3752578.238831256981939, 2112193.319300995673984 ], [ 3752581.971077180467546, 2112190.970173160545528 ], [ 3752585.640486589632928, 2112188.626691184937954 ], [ 3752589.142703341785818, 2112185.797891728579998 ], [ 3752592.488168651238084, 2112182.983754549175501 ], [ 3752595.803169601131231, 2112180.172385254409164 ], [ 3752599.117578123230487, 2112177.361113436054438 ], [ 3752602.494678157847375, 2112174.54391863476485 ], [ 3752606.101677728816867, 2112172.206216963008046 ], [ 3752610.505117198918015, 2112171.797667092643678 ], [ 3752614.95127652073279, 2112171.885630311444402 ], [ 3752619.365900207776576, 2112171.976637002080679 ], [ 3752623.78078322391957, 2112172.06800430174917 ], [ 3752628.164463698863983, 2112172.161957867909223 ], [ 3752632.559754569083452, 2112172.755599138326943 ], [ 3752636.829974388238043, 2112173.361137356143445 ], [ 3752640.987004856113344, 2112174.477410023100674 ], [ 3752645.081374821718782, 2112175.599802648182958 ], [ 3752649.125339757651091, 2112177.227594962343574 ], [ 3752653.138003427069634, 2112178.857989462092519 ], [ 3752657.161892188712955, 2112180.988839059136808 ], [ 3752661.111848777160048, 2112182.625059066340327 ], [ 3752665.167210754007101, 2112184.752473095431924 ], [ 3752669.211174985393882, 2112186.380265869665891 ], [ 3752673.274486755020916, 2112187.505523572675884 ], [ 3752677.505598895251751, 2112189.116100289393216 ], [ 3752681.755996566265821, 2112190.223749438300729 ], [ 3752685.995209454093128, 2112190.831843404099345 ], [ 3752690.328201537486166, 2112191.431346260942519 ], [ 3752694.692136269062757, 2112192.027903177309781 ], [ 3752703.396898158360273, 2112192.221725955605507 ], [ 3752707.780575098935515, 2112192.315684184897691 ], [ 3752712.163971059489995, 2112192.409789348952472 ], [ 3752716.54751789290458, 2112192.503568092361093 ], [ 3752725.291664875112474, 2112191.692211504094303 ], [ 3752729.73794894805178, 2112191.780362329445779 ], [ 3752734.078463382087648, 2112191.377580852247775 ], [ 3752738.345268466509879, 2112190.480939609929919 ], [ 3752742.818865652661771, 2112189.064499699510634 ], [ 3752746.332294824998826, 2112186.735468119382858 ], [ 3752747.394958556629717, 2112182.631050151772797 ], [ 3752747.540091391652822, 2112178.110666238702834 ], [ 3752748.41509855305776, 2112174.023447417654097 ], [ 3752750.071128715295345, 2112169.863571543246508 ], [ 3752751.758080841973424, 2112165.70125681720674 ], [ 3752753.999156146775931, 2112162.488944035489112 ], [ 3752757.930574839934707, 2112160.621735707856715 ], [ 3752762.123359757941216, 2112159.231189313344657 ], [ 3752766.452035311609507, 2112158.328562595881522 ], [ 3752770.738614901900291, 2112156.929524183273315 ], [ 3752774.973967960570008, 2112156.035817538388073 ], [ 3752779.061279962770641, 2112154.154292403720319 ], [ 3752783.191357795614749, 2112152.769573701545596 ], [ 3752787.32170088076964, 2112151.384610745124519 ], [ 3752791.514318800996989, 2112149.994296487420797 ], [ 3752795.749489389825612, 2112149.100722659379244 ], [ 3752799.942289199214429, 2112147.71027894411236 ], [ 3752804.166182812303305, 2112146.316562895663083 ], [ 3752808.401633919216692, 2112145.422843865118921 ], [ 3752812.5941895050928, 2112144.03213951503858 ], [ 3752816.82973918132484, 2112143.138405255042017 ], [ 3752820.991003226488829, 2112141.751007022336125 ], [ 3752825.152319497894496, 2112140.363298713229597 ], [ 3752829.145981509704143, 2112138.49055111547932 ], [ 3752832.878293347079307, 2112136.141241016797721 ], [ 3752838.812330823391676, 2112131.584399778395891 ], [ 3752842.680906827561557, 2112129.723452196922153 ], [ 3752846.538123107515275, 2112127.362476694397628 ], [ 3752850.407063238788396, 2112125.501269294414669 ], [ 3752854.201292109675705, 2112123.146266588941216 ], [ 3752857.964843564201146, 2112120.793965776450932 ], [ 3752861.770947313867509, 2112118.938404875807464 ], [ 3752865.534431114792824, 2112116.586317625828087 ], [ 3752869.329086318146437, 2112114.231448897626251 ], [ 3752873.291364370845258, 2112112.361423996277153 ], [ 3752877.253787676803768, 2112110.491677924524993 ], [ 3752881.184894421603531, 2112108.624436153098941 ], [ 3752885.053803782444447, 2112106.763037287630141 ] ] ], [ [ [ 3757740.157432876061648, 2120573.207317692227662 ], [ 3757747.349590217228979, 2120544.737524518743157 ], [ 3757747.259310074616224, 2120528.871307495050132 ], [ 3757745.531782614998519, 2120516.321986162103713 ], [ 3757740.732195758260787, 2120497.707409343216568 ], [ 3757733.221371489576995, 2120477.441820715554059 ], [ 3757729.228621898684651, 2120468.287162433378398 ], [ 3757724.822435862850398, 2120461.705196449533105 ], [ 3757714.308128814678639, 2120443.630785512272269 ], [ 3757709.957236748654395, 2120437.684637214057148 ], [ 3757702.905522470362484, 2120430.085468681529164 ], [ 3757697.860046782530844, 2120423.562884460669011 ], [ 3757690.168416853062809, 2120416.022998999804258 ], [ 3757681.955530593171716, 2120409.793985943309963 ], [ 3757672.419647015631199, 2120403.056510532274842 ], [ 3757657.917031818535179, 2120398.061592813581228 ], [ 3757649.717742251232266, 2120399.463014376815408 ], [ 3757640.725563135929406, 2120399.024826319888234 ], [ 3757620.299127731472254, 2120392.035400979220867 ], [ 3757611.392594896256924, 2120385.239766960963607 ], [ 3757600.438372089993209, 2120384.362431326881051 ], [ 3757566.310718872118741, 2120372.674082607030869 ], [ 3757526.651674736756831, 2120350.812597597949207 ], [ 3757464.980336963199079, 2120336.500936238560826 ], [ 3757433.501632189378142, 2120321.892901180312037 ], [ 3757364.773220014758408, 2120312.993087586946785 ], [ 3757360.027674075216055, 2120311.459943890571594 ], [ 3757349.223393488209695, 2120304.850149970501661 ], [ 3757337.996328077279031, 2120300.813583850860596 ], [ 3757318.884272329509258, 2120294.343228734098375 ], [ 3757304.32595117483288, 2120288.702522384934127 ], [ 3757294.392082396894693, 2120292.177692305296659 ], [ 3757279.857614597771317, 2120294.166386833414435 ], [ 3757270.44350802525878, 2120296.311594371683896 ], [ 3757261.886097847949713, 2120300.91111606080085 ], [ 3757260.097035851329565, 2120302.35904392786324 ], [ 3757253.345923753455281, 2120313.65138238761574 ], [ 3757251.413468604907393, 2120320.320781806949526 ], [ 3757248.833473028149456, 2120327.541038665920496 ], [ 3757243.164687709882855, 2120343.320002331398427 ], [ 3757242.331240527331829, 2120348.485429438762367 ], [ 3757245.32825279282406, 2120360.916830194182694 ], [ 3757248.518491304479539, 2120368.242745331954211 ], [ 3757260.21695464849472, 2120380.889116160571575 ], [ 3757276.891473539173603, 2120395.998361076693982 ], [ 3757284.317093676887453, 2120412.476223812438548 ], [ 3757203.437361584044993, 2120508.333411199040711 ], [ 3757168.5969931143336, 2120552.107176383491606 ], [ 3757135.810492802876979, 2120570.08097308780998 ], [ 3757126.335800439585, 2120576.321699999738485 ], [ 3757728.279180035926402, 2120576.321699999738485 ], [ 3757740.157432876061648, 2120573.207317692227662 ] ] ], [ [ [ 3756889.078402563463897, 2120574.245148414745927 ], [ 3756875.414965126663446, 2120576.321699999738485 ], [ 3756903.914952053222805, 2120576.321699999738485 ], [ 3756889.078402563463897, 2120574.245148414745927 ] ] ], [ [ [ 3755629.972960750106722, 2118103.478268866427243 ], [ 3755580.238146605435759, 2118116.604550140909851 ], [ 3755630.718661626800895, 2118184.142734452150762 ], [ 3755647.969025325030088, 2118203.234061653260142 ], [ 3755648.904463540297002, 2118204.26927555911243 ], [ 3755691.867101065348834, 2118237.911692864727229 ], [ 3755738.449134543538094, 2118273.692476706113666 ], [ 3755908.530506660230458, 2118404.340595183894038 ], [ 3755961.730471624992788, 2118446.658488243352622 ], [ 3755982.614528791978955, 2118463.269858846440911 ], [ 3756032.54820600617677, 2118488.634270625654608 ], [ 3756047.104913299903274, 2118494.254734507761896 ], [ 3756055.630700915120542, 2118496.63883800059557 ], [ 3756071.761056477203965, 2118498.317513983696699 ], [ 3756106.211970644537359, 2118504.64691797690466 ], [ 3756150.065067648421973, 2118508.801679074764252 ], [ 3756171.366593998391181, 2118503.641430395189673 ], [ 3756185.276349144987762, 2118501.179217049852014 ], [ 3756239.910220287740231, 2118436.160035691224039 ], [ 3756325.134353714995086, 2118304.005223351530731 ], [ 3756352.297239636536688, 2118200.431252222973853 ], [ 3756346.881219165865332, 2118070.193438993766904 ], [ 3756325.518640636466444, 2117985.58227914525196 ], [ 3756294.158069843892008, 2117922.039100965484977 ], [ 3756245.804125386290252, 2117853.462181524373591 ], [ 3756248.703975624404848, 2117803.137024234049022 ], [ 3756221.871838085353374, 2117768.488621287047863 ], [ 3756183.580802231095731, 2117736.68591845780611 ], [ 3756148.347522208467126, 2117708.686215698719025 ], [ 3756109.308147136121988, 2117700.07840489782393 ], [ 3756047.921919299289584, 2117701.68548241071403 ], [ 3756021.838863252662122, 2117716.343563032802194 ], [ 3755968.804493192117661, 2117672.317337306216359 ], [ 3755939.742539156693965, 2117668.212854759767652 ], [ 3755880.668903009500355, 2117649.224515274167061 ], [ 3755831.912079807370901, 2117638.783970879856497 ], [ 3755780.010207091458142, 2117639.522181153297424 ], [ 3755751.969087148550898, 2117613.158593444619328 ], [ 3755741.825189760886133, 2117641.401049620471895 ], [ 3755711.870159067679197, 2117722.429259356576949 ], [ 3755661.287978243082762, 2117814.685310472734272 ], [ 3755606.665854381397367, 2117960.157068723812699 ], [ 3755593.296706969849765, 2117995.379227661527693 ], [ 3755629.972960750106722, 2118103.478268866427243 ] ] ], [ [ [ 3747739.299080746714026, 2119956.49094366421923 ], [ 3747754.935839702375233, 2119961.31813707202673 ], [ 3747773.369824217166752, 2119972.996121118310839 ], [ 3747797.236734079197049, 2119980.283163755200803 ], [ 3747809.203714260365814, 2119980.062374991364777 ], [ 3747836.943543871399015, 2119981.11051909159869 ], [ 3747892.040269602555782, 2119995.341133110225201 ], [ 3747945.777490933425725, 2120007.12383932992816 ], [ 3747984.355338865891099, 2120014.005998152308166 ], [ 3747994.067856334149837, 2120023.249219144694507 ], [ 3747998.569725485984236, 2120040.158273810520768 ], [ 3748001.453636285848916, 2120063.868257213383913 ], [ 3748005.046781769488007, 2120077.015672531910241 ], [ 3748014.965026101097465, 2120082.574424942024052 ], [ 3748033.587155439890921, 2120087.333823882509023 ], [ 3748040.745521211065352, 2120089.162832110188901 ], [ 3748056.860777623020113, 2120100.585782844573259 ], [ 3748063.312085065990686, 2120105.424824497662485 ], [ 3748064.317427646368742, 2120106.102705758530647 ], [ 3748062.43890212289989, 2120099.396412427537143 ], [ 3748060.101176245138049, 2120091.92138342326507 ], [ 3748059.660210741683841, 2120090.430181009694934 ], [ 3748059.302444230299443, 2120089.201262444257736 ], [ 3748058.753285342827439, 2120086.808214392513037 ], [ 3748058.732721688691527, 2120085.988988367840648 ], [ 3748058.720656839199364, 2120085.729957655072212 ], [ 3748058.697440878488123, 2120085.461273762397468 ], [ 3748058.544780252035707, 2120084.39411611482501 ], [ 3748057.955153967253864, 2120082.465564971789718 ], [ 3748057.6530482606031, 2120081.652270541992038 ], [ 3748057.28090981580317, 2120080.725380076095462 ], [ 3748055.445951850153506, 2120076.389005513861775 ], [ 3748052.639910702127963, 2120071.070974824018776 ], [ 3748051.670360057149082, 2120069.528487498871982 ], [ 3748050.607952139340341, 2120067.954283093102276 ], [ 3748046.03632989525795, 2120062.019037185702473 ], [ 3748041.977995054796338, 2120056.667147073894739 ], [ 3748041.229333371855319, 2120055.464486134238541 ], [ 3748040.652959487400949, 2120054.386466757860035 ], [ 3748039.938467849511653, 2120051.47814222658053 ], [ 3748039.679364591836929, 2120047.776562022045255 ], [ 3748039.390341140795499, 2120046.180622688028961 ], [ 3748039.010849704965949, 2120044.352691461332142 ], [ 3748036.842576957773417, 2120035.690687517169863 ], [ 3748034.543931643478572, 2120026.569207649677992 ], [ 3748034.077802117913961, 2120024.439277262426913 ], [ 3748033.68737494526431, 2120022.482533285859972 ], [ 3748032.878642064984888, 2120016.848370090592653 ], [ 3748033.536498970817775, 2120012.570567278657109 ], [ 3748034.064816256519407, 2120011.45985359698534 ], [ 3748034.737732194829732, 2120010.385775856208056 ], [ 3748038.426678590476513, 2120006.797768717631698 ], [ 3748043.994382658973336, 2120002.103845752775669 ], [ 3748045.855592423118651, 2120000.328550491482019 ], [ 3748047.850256654433906, 2119998.350144598633051 ], [ 3748056.231738642789423, 2119989.498516198247671 ], [ 3748063.836038256529719, 2119981.209990179166198 ], [ 3748065.356711794156581, 2119979.57636237051338 ], [ 3748066.611043323762715, 2119978.2377944951877 ], [ 3748069.01941838581115, 2119975.800529852043837 ], [ 3748069.742843121290207, 2119975.312696190550923 ], [ 3748069.945082677993923, 2119975.203750040382147 ], [ 3748070.14699491718784, 2119975.09465610422194 ], [ 3748070.857597827911377, 2119974.808402804192156 ], [ 3748072.196214290335774, 2119974.213372703175992 ], [ 3748072.795086540747434, 2119973.917021423112601 ], [ 3748073.489730814937502, 2119973.562491203658283 ], [ 3748076.806131299585104, 2119971.841905976645648 ], [ 3748080.495658494532108, 2119970.126874389126897 ], [ 3748081.423630581237376, 2119969.79021972278133 ], [ 3748082.305583120323718, 2119969.507925855927169 ], [ 3748085.182123702019453, 2119968.990405392367393 ], [ 3748088.330336567945778, 2119968.707725553307682 ], [ 3748089.386964824050665, 2119968.579287342727184 ], [ 3748090.531799441203475, 2119968.423010678961873 ], [ 3748095.37405390618369, 2119967.692715954035521 ], [ 3748100.480283382348716, 2119967.919109018519521 ], [ 3748112.388801338151097, 2119952.319678799714893 ], [ 3748126.459323664195836, 2119939.133431666530669 ], [ 3748167.281166180968285, 2119979.580279325135052 ], [ 3748179.338890090119094, 2119990.088232473470271 ], [ 3748208.275372964795679, 2119994.380653328262269 ], [ 3748231.65089518064633, 2119992.949610731564462 ], [ 3748245.030361385084689, 2119992.868245551362634 ], [ 3748268.833157956600189, 2120002.795496364589781 ], [ 3748295.275136270560324, 2120012.848491166718304 ], [ 3748312.049001021310687, 2120016.84871336305514 ], [ 3748322.353694214485586, 2120026.187487030867487 ], [ 3748335.013448819983751, 2120036.549317236058414 ], [ 3748339.503299955278635, 2120037.333829354029149 ], [ 3748340.060188094154, 2120039.235411554574966 ], [ 3748344.159432061482221, 2120045.414865609258413 ], [ 3748371.15094747999683, 2120069.408712807111442 ], [ 3748457.265840338077396, 2120042.51728753792122 ], [ 3748731.067405157256871, 2119957.253779087681323 ], [ 3748807.401695835869759, 2119929.658934629056603 ], [ 3748872.573235320392996, 2119903.091709110885859 ], [ 3748903.70974608650431, 2119894.600174647755921 ], [ 3748931.439161651302129, 2119890.1612265012227 ], [ 3748957.628778714220971, 2119889.590814620256424 ], [ 3748980.421399229671806, 2119893.072121632285416 ], [ 3749003.523286376148462, 2119900.250767264515162 ], [ 3749098.466653108596802, 2119936.170744112692773 ], [ 3749134.748190396931022, 2119943.987605387344956 ], [ 3749161.257985347881913, 2119947.123671543318778 ], [ 3749191.334563475567847, 2119948.05559823429212 ], [ 3749217.364580982830375, 2119945.637374391779304 ], [ 3749228.356639242731035, 2119942.753332558088005 ], [ 3749251.729488354641944, 2119931.25709482235834 ], [ 3749292.580241716466844, 2119905.087285844609141 ], [ 3749299.756080539897084, 2119897.669882240239531 ], [ 3749306.331172848585993, 2119890.759371585212648 ], [ 3749491.802247865125537, 2119640.723999231122434 ], [ 3749497.313456116244197, 2119610.295073868706822 ], [ 3749497.894834968727082, 2119609.209150444250554 ], [ 3749499.046477743890136, 2119606.798364242073148 ], [ 3749499.293022879865021, 2119605.924147768877447 ], [ 3749499.33776590321213, 2119605.739902150817215 ], [ 3749499.374046322423965, 2119605.57647615019232 ], [ 3749499.402176590636373, 2119605.203128575813025 ], [ 3749499.536882570944726, 2119604.779705477878451 ], [ 3749499.641337094828486, 2119604.589911880902946 ], [ 3749499.773005688562989, 2119604.367165859788656 ], [ 3749500.476213094778359, 2119603.290495757013559 ], [ 3749501.276617197319865, 2119601.713975302875042 ], [ 3749501.461742569692433, 2119601.175560935400426 ], [ 3749501.643589256796986, 2119600.597808601800352 ], [ 3749502.178137850947678, 2119598.154545371886343 ], [ 3749502.056226707529277, 2119595.111093007959425 ], [ 3749501.813036115840077, 2119594.162097663152963 ], [ 3749501.485119396355003, 2119593.161020740866661 ], [ 3749499.557545094750822, 2119589.153544378932565 ], [ 3749496.982510588131845, 2119584.995816395618021 ], [ 3749496.243663815315813, 2119583.902525533456355 ], [ 3749495.496172425802797, 2119582.830184761900455 ], [ 3749492.702754088677466, 2119579.173521721735597 ], [ 3749489.776995834428817, 2119575.038481420837343 ], [ 3749488.94395038485527, 2119573.673535916954279 ], [ 3749488.102405020501465, 2119572.20928817614913 ], [ 3749484.967011015862226, 2119566.110502176918089 ], [ 3749480.814077931456268, 2119560.126469639595598 ], [ 3749479.322931279428303, 2119558.72216703183949 ], [ 3749477.691563626285642, 2119557.441618767566979 ], [ 3749470.561405394226313, 2119553.727156778797507 ], [ 3749461.171278553083539, 2119551.013689196668565 ], [ 3749458.102707113139331, 2119550.357549402862787 ], [ 3749454.846445257309824, 2119549.738284345250577 ], [ 3749441.387178515549749, 2119547.843547809869051 ], [ 3749428.667872294783592, 2119545.659896083176136 ], [ 3749425.868357628583908, 2119544.848334356211126 ], [ 3749423.374073811806738, 2119543.958297812845558 ], [ 3749417.020851100794971, 2119540.021567193325609 ], [ 3749413.363515859935433, 2119536.274663451127708 ], [ 3749412.591516741551459, 2119535.504993807524443 ], [ 3749411.91040614945814, 2119534.846913868561387 ], [ 3749410.330249332357198, 2119533.461515492293984 ], [ 3749409.576624487061054, 2119533.251113039441407 ], [ 3749409.423745828680694, 2119533.345422910992056 ], [ 3749409.296788193285465, 2119533.507585446350276 ], [ 3749409.041435270570219, 2119534.633167435415089 ], [ 3749407.592349690850824, 2119537.101217675954103 ], [ 3749406.71304377168417, 2119538.114386731293052 ], [ 3749405.624077807180583, 2119539.267110929824412 ], [ 3749399.980370695702732, 2119544.598694630898535 ], [ 3749392.361487111076713, 2119550.735014599282295 ], [ 3749390.046910068020225, 2119552.392518349457532 ], [ 3749387.6306505613029, 2119554.03938379092142 ], [ 3749378.147778402082622, 2119559.817747879773378 ], [ 3749366.449072539340705, 2119565.60187747515738 ], [ 3749362.642972176894546, 2119567.247743896208704 ], [ 3749358.595887382514775, 2119568.905479735229164 ], [ 3749341.912421826273203, 2119575.052505765110254 ], [ 3749326.666606703773141, 2119579.763759249821305 ], [ 3749323.519337375182658, 2119580.527211282402277 ], [ 3749320.834627319127321, 2119581.046662791632116 ], [ 3749315.005808534100652, 2119580.96736051607877 ], [ 3749312.536450434476137, 2119579.313810008112341 ], [ 3749311.951206474099308, 2119578.837292913813144 ], [ 3749311.426084677688777, 2119578.355261121876538 ], [ 3749309.903248438611627, 2119576.583780172280967 ], [ 3749307.919759171549231, 2119574.143898854963481 ], [ 3749307.087347046937793, 2119573.249694596044719 ], [ 3749306.145894998684525, 2119572.265601895749569 ], [ 3749301.729792329017073, 2119567.898205706849694 ], [ 3749299.039189190603793, 2119562.519446305930614 ], [ 3749299.18122504465282, 2119560.893538380041718 ], [ 3749299.710290299728513, 2119559.211809425614774 ], [ 3749304.811985651031137, 2119552.618141861632466 ], [ 3749312.335036121308804, 2119546.420966204255819 ], [ 3749314.386323865503073, 2119544.978454381227493 ], [ 3749316.426689975894988, 2119543.646984356921166 ], [ 3749323.66413407260552, 2119539.859771828632802 ], [ 3749328.969419036060572, 2119537.023208729922771 ], [ 3749329.783067704644054, 2119536.296589605510235 ], [ 3749330.306646249722689, 2119535.596925407182425 ], [ 3749329.845862927380949, 2119533.296091730706394 ], [ 3749327.78931346302852, 2119531.173478318378329 ], [ 3749327.306362132076174, 2119530.597340133041143 ], [ 3749326.873548123985529, 2119530.016617383807898 ], [ 3749325.627939669881016, 2119527.958680705167353 ], [ 3749325.001545541454107, 2119523.9707459686324 ], [ 3749324.937221451662481, 2119522.173817261122167 ], [ 3749324.938022518530488, 2119520.080555421300232 ], [ 3749325.369547884445637, 2119510.034524522721767 ], [ 3749326.832805600948632, 2119499.682714853435755 ], [ 3749327.490851500071585, 2119497.388089584186673 ], [ 3749328.242069847881794, 2119495.355419375002384 ], [ 3749331.865983829367906, 2119490.080765244551003 ], [ 3749335.699595122598112, 2119485.718200720846653 ], [ 3749336.589455506298691, 2119484.243533201050013 ], [ 3749337.410380118526518, 2119482.664757830090821 ], [ 3749339.755383215844631, 2119475.997169889509678 ], [ 3749340.960943967103958, 2119468.142788214609027 ], [ 3749341.061628640629351, 2119465.809632420539856 ], [ 3749341.066628255415708, 2119463.415314547717571 ], [ 3749340.238632205873728, 2119454.178080990444869 ], [ 3749340.218527801334858, 2119446.247281664982438 ], [ 3749340.71686502918601, 2119444.668564289808273 ], [ 3749341.439585410989821, 2119443.359518711920828 ], [ 3749345.917814434505999, 2119440.860182285308838 ], [ 3749349.109790006186813, 2119439.562185855582356 ], [ 3749349.030944058671594, 2119438.998521753586829 ], [ 3749348.541907224338502, 2119438.353095492348075 ], [ 3749343.27288340870291, 2119435.30679707787931 ], [ 3749334.139725580811501, 2119430.67663076845929 ], [ 3749331.207332746125758, 2119429.026192855555564 ], [ 3749328.100076535716653, 2119427.221325128339231 ], [ 3749315.407107730861753, 2119419.3863315442577 ], [ 3749304.089757970534265, 2119412.204751504585147 ], [ 3749301.843150714412332, 2119410.800897208973765 ], [ 3749299.981474444735795, 2119409.651704383082688 ], [ 3749296.493167593609542, 2119407.63211961556226 ], [ 3749295.12055736547336, 2119405.966841708868742 ], [ 3749294.597626585513353, 2119405.044115278869867 ], [ 3749294.016736363992095, 2119403.916199234314263 ], [ 3749291.413597593083978, 2119398.148338058032095 ], [ 3749289.996393576730043, 2119392.701040778774768 ], [ 3749290.158117943909019, 2119391.774757483974099 ], [ 3749290.571865663863719, 2119391.085325167980045 ], [ 3749294.064201249275357, 2119390.700581608805805 ], [ 3749298.210128960665315, 2119391.587724545970559 ], [ 3749299.697375069372356, 2119391.780007869936526 ], [ 3749300.919570473954082, 2119391.586330816149712 ], [ 3749301.475520371459424, 2119390.09263120777905 ], [ 3749302.368171305861324, 2119387.014861416537315 ], [ 3749306.236442824825644, 2119383.520352222491056 ], [ 3749310.969572656322271, 2119381.177950249519199 ], [ 3749322.367246081586927, 2119376.923849983140826 ], [ 3749290.481747956480831, 2119373.125478789675981 ], [ 3749197.774035925511271, 2119337.668442732654512 ], [ 3749166.361072154715657, 2119319.393157224636525 ], [ 3749195.447798212990165, 2119313.295889968052506 ], [ 3749263.945165403187275, 2119328.386717047542334 ], [ 3749324.200113687198609, 2119326.294858983717859 ], [ 3749353.362413174938411, 2119314.070665199309587 ], [ 3749376.027355690486729, 2119284.92270349804312 ], [ 3749391.440170308109373, 2119253.443767759948969 ], [ 3749398.359047411009669, 2119222.753867117222399 ], [ 3749388.064160236157477, 2119103.521799424663186 ], [ 3749396.406570632942021, 2119042.652636678423733 ], [ 3749467.045982571318746, 2118880.848006980028003 ], [ 3749524.470226494129747, 2118845.967687179800123 ], [ 3749541.768218532204628, 2118818.820831646677107 ], [ 3749552.184876724146307, 2118787.806372023653239 ], [ 3749553.108718703035265, 2118757.673397690989077 ], [ 3749512.337253130041063, 2118641.272509466856718 ], [ 3749435.873253533616662, 2118575.210720148868859 ], [ 3749459.150480146054178, 2118556.071975238621235 ], [ 3749526.095686377491802, 2118514.798869697377086 ], [ 3749553.499742340762168, 2118482.206700438633561 ], [ 3749665.989892692305148, 2118385.122824423480779 ], [ 3749719.897579887416214, 2118309.505619438365102 ], [ 3749761.171110026538372, 2118227.550024013034999 ], [ 3749777.008739902637899, 2118165.985372894443572 ], [ 3749784.352777575142682, 2118105.209626636467874 ], [ 3749780.705296483356506, 2118045.454763603396714 ], [ 3749754.205113926436752, 2118006.852226183749735 ], [ 3749722.640456192661077, 2117991.25489616766572 ], [ 3749660.926643005572259, 2117976.454941932111979 ], [ 3749566.638753394130617, 2117975.197059893514961 ], [ 3749538.442507524043322, 2117957.784645151346922 ], [ 3749533.588134105317295, 2117948.219857451505959 ], [ 3749520.371836004778743, 2117859.307040545623749 ], [ 3749577.179416462779045, 2117793.937000249046832 ], [ 3749575.379815112799406, 2117673.917112790048122 ], [ 3749587.145738212391734, 2117582.684023519977927 ], [ 3749573.139538634568453, 2117473.873899071477354 ], [ 3749592.361045194789767, 2117464.106210670433939 ], [ 3749613.265989675652236, 2117458.899562017526478 ], [ 3749664.567490123212337, 2117444.329485694877803 ], [ 3749672.581483473535627, 2117441.952915829140693 ], [ 3749696.74388258671388, 2117436.443459516856819 ], [ 3749712.89101131958887, 2117433.301220728084445 ], [ 3749731.378068767953664, 2117438.124343222472817 ], [ 3749734.375263699330389, 2117440.289945123251528 ], [ 3749748.312262354418635, 2117425.895205292850733 ], [ 3749747.77164295874536, 2117370.15854636579752 ], [ 3749750.935280505567789, 2117359.899542923085392 ], [ 3749750.477894281502813, 2117355.414729260839522 ], [ 3749747.033543434925377, 2117355.42414260469377 ], [ 3749733.899436586536467, 2117355.78261819947511 ], [ 3749731.21922144619748, 2117355.891388300806284 ], [ 3749728.972535118460655, 2117356.000078984536231 ], [ 3749724.312497061211616, 2117356.392556953243911 ], [ 3749722.547104039695114, 2117356.476433492265642 ], [ 3749722.116335198748857, 2117356.386245018802583 ], [ 3749721.71112569142133, 2117356.243641692679375 ], [ 3749720.46263412386179, 2117355.317958068568259 ], [ 3749717.607879843562841, 2117353.519718445371836 ], [ 3749716.189386892598122, 2117352.84036226477474 ], [ 3749714.500894906930625, 2117352.065544994547963 ], [ 3749706.133133973926306, 2117348.596292810514569 ], [ 3749697.61901783104986, 2117343.317618021741509 ], [ 3749695.832860781811178, 2117341.410307310521603 ], [ 3749694.301772141363472, 2117339.308998718857765 ], [ 3749690.845244270283729, 2117330.075268699787557 ], [ 3749688.788386106491089, 2117320.831625712104142 ], [ 3749688.152615297120064, 2117318.717275249306113 ], [ 3749687.473194694146514, 2117316.797355091199279 ], [ 3749684.7690215758048, 2117311.490056861657649 ], [ 3749681.085767849348485, 2117306.86420405190438 ], [ 3749679.79855919862166, 2117305.371523866895586 ], [ 3749678.38281331397593, 2117303.789929929189384 ], [ 3749672.305576312355697, 2117297.333607794716954 ], [ 3749665.690921016503125, 2117292.469479049555957 ], [ 3749663.939615880139172, 2117291.901190121192485 ], [ 3749662.226539923343807, 2117291.659527521580458 ], [ 3749656.319339889567345, 2117293.590313325170428 ], [ 3749649.350089250132442, 2117297.452512016985565 ], [ 3749646.956146584358066, 2117298.426078047603369 ], [ 3749644.367369965650141, 2117299.357328222598881 ], [ 3749633.347932846285403, 2117302.394310410134494 ], [ 3749622.174309431109577, 2117303.992991514503956 ], [ 3749619.487367104738951, 2117304.022010617889464 ], [ 3749616.97640517167747, 2117303.874609728343785 ], [ 3749609.366201799362898, 2117301.827160751912743 ], [ 3749600.944873759057373, 2117296.920354634523392 ], [ 3749597.925102608744055, 2117294.957512902561575 ], [ 3749594.60105093754828, 2117292.742507970891893 ], [ 3749580.106308993883431, 2117282.590670299716294 ], [ 3749568.502890699077398, 2117273.262236032634974 ], [ 3749567.016321687027812, 2117271.55751037504524 ], [ 3749566.268361550755799, 2117270.244596849195659 ], [ 3749569.770251067820936, 2117268.687603041529655 ], [ 3749577.719854071270674, 2117268.480099537409842 ], [ 3749579.774342518299818, 2117268.009065649472177 ], [ 3749581.773329704999924, 2117267.362449790351093 ], [ 3749588.423797040246427, 2117263.539740128442645 ], [ 3749590.870161151047796, 2117258.274800493847579 ], [ 3749590.212713160086423, 2117256.723536892794073 ], [ 3749588.976659966632724, 2117255.125617596320808 ], [ 3749579.655249604023993, 2117249.010141677223146 ], [ 3749568.549668588675559, 2117243.111105903983116 ], [ 3749566.176984934136271, 2117241.648901254869998 ], [ 3749564.113151177298278, 2117240.258076361846179 ], [ 3749559.191098227631301, 2117235.867730610072613 ], [ 3749557.248049850575626, 2117231.911765356548131 ], [ 3749557.061205179430544, 2117230.797091134823859 ], [ 3749557.014061409048736, 2117229.670121198054403 ], [ 3749558.129872642457485, 2117225.559915171470493 ], [ 3749563.418789034709334, 2117221.363089219667017 ], [ 3749566.007051138672978, 2117220.191271392628551 ], [ 3749569.078014569357038, 2117219.01444626506418 ], [ 3749584.251487934961915, 2117214.740757115185261 ], [ 3749599.795784058980644, 2117211.614361835643649 ], [ 3749603.110731940250844, 2117211.156508422922343 ], [ 3749605.988408708479255, 2117210.889250266365707 ], [ 3749612.79124488402158, 2117211.39911132492125 ], [ 3749616.128882071003318, 2117213.072292425204068 ], [ 3749616.822669005952775, 2117213.528634743299335 ], [ 3749617.415381238330156, 2117213.974335756152868 ], [ 3749618.742870877962559, 2117215.583467015065253 ], [ 3749620.209857813082635, 2117217.761322553269565 ], [ 3749620.894223087467253, 2117218.569107996299863 ], [ 3749621.696803510654718, 2117219.465885835699737 ], [ 3749625.616427293047309, 2117223.448499686084688 ], [ 3749629.468114404007792, 2117228.629379923455417 ], [ 3749630.225403355434537, 2117230.281604315154254 ], [ 3749630.860273070633411, 2117232.035628936253488 ], [ 3749632.05739780748263, 2117239.135831247083843 ], [ 3749634.407819538377225, 2117245.127133186906576 ], [ 3749635.768108007498085, 2117246.182633331976831 ], [ 3749637.436698155011982, 2117246.959098160266876 ], [ 3749646.030494335107505, 2117247.56294697150588 ], [ 3749654.625547961797565, 2117246.664484427310526 ], [ 3749656.292370630893856, 2117246.489609354175627 ], [ 3749657.649689915589988, 2117246.343749335035682 ], [ 3749659.978175287600607, 2117246.12752425391227 ], [ 3749660.923578416928649, 2117246.810516454279423 ], [ 3749661.413384455721825, 2117247.235907508060336 ], [ 3749661.98399000056088, 2117247.773835139814764 ], [ 3749664.875164180994034, 2117250.579870488028973 ], [ 3749668.588409187272191, 2117253.570427942089736 ], [ 3749669.701801519375294, 2117254.218168278224766 ], [ 3749670.839330928400159, 2117254.793588452972472 ], [ 3749675.212232788559049, 2117256.210206521674991 ], [ 3749681.146732386667281, 2117257.862674466334283 ], [ 3749683.273291632533073, 2117258.57635708572343 ], [ 3749685.601658183149993, 2117259.411767172627151 ], [ 3749695.743947131093591, 2117263.367378919385374 ], [ 3749705.32539430167526, 2117266.894325934816152 ], [ 3749707.308377725072205, 2117267.461746418848634 ], [ 3749708.993170044850558, 2117267.845684852916747 ], [ 3749712.632165633141994, 2117267.758094740565866 ], [ 3749715.125700580887496, 2117267.005760989151895 ], [ 3749716.080099239945412, 2117266.97741059307009 ], [ 3749717.161343301646411, 2117267.017005192115903 ], [ 3749722.036714600864798, 2117267.836139653809369 ], [ 3749728.425188296008855, 2117269.145956986583769 ], [ 3749730.461744329426438, 2117269.517625741660595 ], [ 3749732.608218271285295, 2117269.878954354673624 ], [ 3749741.335647357162088, 2117271.211990121752024 ], [ 3749749.350222962908447, 2117271.989805613644421 ], [ 3749751.044148019514978, 2117272.012783885933459 ], [ 3749752.518904929049313, 2117271.945875464938581 ], [ 3749755.965010292362422, 2117271.02472737710923 ], [ 3749759.53458557697013, 2117269.551822232082486 ], [ 3749761.081068192608654, 2117269.147539378609508 ], [ 3749762.869199311360717, 2117268.741359121631831 ], [ 3749771.376284928061068, 2117267.290019380394369 ], [ 3749779.642155173234642, 2117267.824315841309726 ], [ 3749781.276392323430628, 2117268.673868349287659 ], [ 3749782.635432434733957, 2117269.829861206933856 ], [ 3749785.208169819787145, 2117276.531888919882476 ], [ 3749786.755659356713295, 2117284.190048363059759 ], [ 3749787.471320286393166, 2117285.946251501329243 ], [ 3749788.304040999151766, 2117287.54172183573246 ], [ 3749792.367581157479435, 2117292.021649348549545 ], [ 3749797.102952803485096, 2117294.486535682342947 ], [ 3749798.370641527231783, 2117294.81933240685612 ], [ 3749799.615122108720243, 2117295.004589995369315 ], [ 3749803.925750775728375, 2117294.413564052432775 ], [ 3749807.737107401713729, 2117293.058261744212359 ], [ 3749808.658484493382275, 2117292.762546679936349 ], [ 3749809.532187480013818, 2117292.501117109786719 ], [ 3749812.186284760013223, 2117291.853805249556899 ], [ 3749815.660418739076704, 2117290.559846232645214 ], [ 3749817.042851800099015, 2117289.890616370365024 ], [ 3749818.615088340826333, 2117289.083081944379956 ], [ 3749825.803241260815412, 2117285.07059689424932 ], [ 3749832.379918992519379, 2117279.812576892785728 ], [ 3749833.561166591476649, 2117278.210455588065088 ], [ 3749834.466622880659997, 2117276.564065480604768 ], [ 3749835.420011871028692, 2117270.105376839172095 ], [ 3749836.210928951390088, 2117263.632202181965113 ], [ 3749837.014093718491495, 2117261.964898501522839 ], [ 3749838.064527187962085, 2117260.365261218510568 ], [ 3749843.949758488684893, 2117255.031232885085046 ], [ 3749850.125606685411185, 2117250.611935243941844 ], [ 3749851.365754434838891, 2117249.575016938149929 ], [ 3749852.391352252103388, 2117248.618529006838799 ], [ 3749854.39915385376662, 2117245.858196484390646 ], [ 3749854.799779696390033, 2117243.847780445590615 ], [ 3749854.818493990693241, 2117243.365329436957836 ], [ 3749854.78987696301192, 2117242.917409749701619 ], [ 3749854.370861981064081, 2117241.563844772055745 ], [ 3749853.762925860472023, 2117240.588888593018055 ], [ 3749853.614216136746109, 2117240.382548737339675 ], [ 3749853.47793958010152, 2117240.204884321428835 ], [ 3749853.05710247065872, 2117239.763269777409732 ], [ 3749850.433016870170832, 2117239.355763848870993 ], [ 3749848.897650722414255, 2117239.187811376526952 ], [ 3749847.018020814284682, 2117239.002002290450037 ], [ 3749837.344218811951578, 2117238.13731087371707 ], [ 3749827.291352049913257, 2117236.266846063546836 ], [ 3749825.185350688174367, 2117235.440847296733409 ], [ 3749823.359788025729358, 2117234.478825552389026 ], [ 3749819.227323898114264, 2117229.894788316451013 ], [ 3749817.072577160317451, 2117225.237537317443639 ], [ 3749816.511858082842082, 2117224.227967613376677 ], [ 3749815.951351683121175, 2117223.338386262767017 ], [ 3749814.050370185170323, 2117221.151222423650324 ], [ 3749812.107081411872059, 2117217.775987976230681 ], [ 3749811.523304547648877, 2117216.147824083454907 ], [ 3749810.92299366928637, 2117214.210427220910788 ], [ 3749808.600404583383352, 2117204.691015199758112 ], [ 3749806.770799414254725, 2117195.045697410590947 ], [ 3749806.475742362905294, 2117193.029939226340503 ], [ 3749806.275843245908618, 2117191.295843291096389 ], [ 3749806.332805735990405, 2117187.40449539385736 ], [ 3749805.90951593965292, 2117182.736494201235473 ], [ 3749805.406120802275836, 2117180.519827160984278 ], [ 3749804.736341777723283, 2117177.89772808086127 ], [ 3749800.910300769843161, 2117165.082626778166741 ], [ 3749796.945629875175655, 2117152.641225423663855 ], [ 3749796.185036666225642, 2117150.24785857507959 ], [ 3749795.554690153338015, 2117148.313364956527948 ], [ 3749794.516678281128407, 2117145.154849701561034 ], [ 3749794.441140083130449, 2117144.981339734047651 ], [ 3749794.427665628958493, 2117144.942866373807192 ], [ 3749794.414098134730011, 2117144.903804109897465 ], [ 3749794.402880602516234, 2117144.774440538138151 ], [ 3749794.938267095945776, 2117143.272605537436903 ], [ 3749795.272463753819466, 2117142.360320230014622 ], [ 3749795.699460013769567, 2117141.238914791960269 ], [ 3749797.90553160244599, 2117135.405277217272669 ], [ 3749800.031784899067134, 2117129.348586669657379 ], [ 3749800.405967560596764, 2117128.082072191871703 ], [ 3749800.684824937954545, 2117126.994582039304078 ], [ 3749800.925932223908603, 2117124.538141158875078 ], [ 3749800.317473635077477, 2117122.97241860954091 ], [ 3749800.080321107059717, 2117122.443544691894203 ], [ 3749799.799129690974951, 2117121.868714828975499 ], [ 3749798.49224643362686, 2117119.445954929105937 ], [ 3749797.100983837619424, 2117115.819558281917125 ], [ 3749796.774773029144853, 2117114.487756105139852 ], [ 3749796.466159662231803, 2117113.014019899535924 ], [ 3749795.532162580173463, 2117106.510759934782982 ], [ 3749794.183184423018247, 2117099.635007507633418 ], [ 3749793.613122276496142, 2117097.93522385507822 ], [ 3749792.949438519775867, 2117096.314300592057407 ], [ 3749789.847613450139761, 2117091.183969240169972 ], [ 3749785.008704825304449, 2117087.6371860508807 ], [ 3749783.253028904553503, 2117087.018757135607302 ], [ 3749781.33040826767683, 2117086.56660789437592 ], [ 3749772.878780281636864, 2117086.209702116902918 ], [ 3749764.996053261682391, 2117085.088975702412426 ], [ 3749763.422746134921908, 2117084.133186714723706 ], [ 3749762.118624402210116, 2117082.912420353852212 ], [ 3749759.63465371588245, 2117076.192344448529184 ], [ 3749758.363506997469813, 2117068.468220174778253 ], [ 3749757.831027124077082, 2117066.614470797590911 ], [ 3749757.228297390975058, 2117064.888115229085088 ], [ 3749754.380250352900475, 2117059.663984288461506 ], [ 3749751.109008330851793, 2117055.140253095887601 ], [ 3749750.232043062336743, 2117053.849566275253892 ], [ 3749749.363541749306023, 2117052.538060754537582 ], [ 3749746.347059085965157, 2117047.700361419934779 ], [ 3749740.649994377978146, 2117045.064329333137721 ], [ 3749738.098948935978115, 2117045.151236660312861 ], [ 3749735.12599303945899, 2117045.597798491828144 ], [ 3749720.871954844798893, 2117050.136136054992676 ], [ 3749706.920257357414812, 2117055.728860143106431 ], [ 3749704.144444695673883, 2117056.828152077738196 ], [ 3749701.835157574154437, 2117057.733472705818713 ], [ 3749697.40591214876622, 2117059.397027203813195 ], [ 3749696.135361321270466, 2117059.614970542490482 ], [ 3749695.823233268223703, 2117059.613904698286206 ], [ 3749695.528961546719074, 2117059.59118753252551 ], [ 3749694.593666295986623, 2117059.257546661887318 ], [ 3749693.933463223278522, 2117058.727739707566798 ], [ 3749693.809598840773106, 2117058.579257505014539 ], [ 3749693.725330175831914, 2117058.416540758684278 ], [ 3749693.625602889806032, 2117057.844932688400149 ], [ 3749693.487005929462612, 2117054.372850777581334 ], [ 3749693.386313708964735, 2117052.388711867388338 ], [ 3749693.237796697765589, 2117049.968456641305238 ], [ 3749692.468922493513674, 2117037.560954964254051 ], [ 3749691.722020159941167, 2117024.940421966835856 ], [ 3749691.602107367478311, 2117022.387608257587999 ], [ 3749691.528742314781994, 2117020.251283859834075 ], [ 3749691.538143457379192, 2117015.923475365154445 ], [ 3749691.818119028583169, 2117012.632390829268843 ], [ 3749691.899813003838062, 2117011.132524222135544 ], [ 3749691.991416283883154, 2117009.391392147168517 ], [ 3749692.353644120972604, 2117000.984956352971494 ], [ 3749692.878248092718422, 2116992.593024278990924 ], [ 3749693.070462584961206, 2116990.85254122922197 ], [ 3749693.285018404014409, 2116989.37019654083997 ], [ 3749694.20243879314512, 2116986.11020024958998 ], [ 3749695.220315272454172, 2116983.431560226716101 ], [ 3749695.486119553912431, 2116982.315294950269163 ], [ 3749695.746904682833701, 2116981.019111842848361 ], [ 3749696.636850756127387, 2116974.987174137029797 ], [ 3749698.016263184137642, 2116970.432195109780878 ], [ 3749698.589416718576103, 2116970.068526789546013 ], [ 3749699.235657887067646, 2116970.08860850892961 ], [ 3749702.27413367247209, 2116973.432086940389127 ], [ 3749707.345673549920321, 2116980.022022800054401 ], [ 3749709.287089731544256, 2116982.095132979098707 ], [ 3749711.449605438858271, 2116984.278053156100214 ], [ 3749721.21261676819995, 2116993.056327009573579 ], [ 3749730.642628081142902, 2117000.893984582740813 ], [ 3749732.60284446272999, 2117002.484529280103743 ], [ 3749734.279505539685488, 2117003.821330078877509 ], [ 3749738.021068832371384, 2117006.558352253865451 ], [ 3749741.257241301704198, 2117008.691794279031456 ], [ 3749742.628999601118267, 2117009.646138928364962 ], [ 3749744.205939729698002, 2117010.761532588861883 ], [ 3749751.618860207498074, 2117016.12211182853207 ], [ 3749759.43654946424067, 2117022.086832503788173 ], [ 3749761.267888839356601, 2117023.579255103133619 ], [ 3749762.962883576285094, 2117025.014148013666272 ], [ 3749767.89357640594244, 2117029.62420294014737 ], [ 3749771.724256099201739, 2117033.975808753166348 ], [ 3749772.730135058518499, 2117035.244286308996379 ], [ 3749773.707839678507298, 2117036.535801973659545 ], [ 3749777.041504723951221, 2117041.434153621550649 ], [ 3749780.431742430664599, 2117046.167275526560843 ], [ 3749781.460717717651278, 2117047.353635299950838 ], [ 3749782.515465798322111, 2117048.487646381370723 ], [ 3749786.628479629289359, 2117052.141872466076165 ], [ 3749790.821906137745827, 2117055.678520023822784 ], [ 3749791.929840845055878, 2117056.727199691347778 ], [ 3749793.020216943696141, 2117057.807752300519496 ], [ 3749796.736341129522771, 2117061.999886789359152 ], [ 3749800.211599826347083, 2117066.785043660085648 ], [ 3749801.143226884771138, 2117068.240876442752779 ], [ 3749802.059660208877176, 2117069.758301508612931 ], [ 3749805.242850702255964, 2117075.712151795625687 ], [ 3749807.954468379262835, 2117081.57020631339401 ], [ 3749808.573640743270516, 2117083.024824854917824 ], [ 3749809.126804959028959, 2117084.415636485442519 ], [ 3749810.643900376744568, 2117088.801986976992339 ], [ 3749812.333843756001443, 2117092.98182245483622 ], [ 3749812.986067174933851, 2117094.233274983242154 ], [ 3749813.732254363596439, 2117095.526035544928163 ], [ 3749817.115977054461837, 2117100.539840436540544 ], [ 3749820.522422606125474, 2117106.042503413744271 ], [ 3749821.285309820901603, 2117107.644267934374511 ], [ 3749821.96071267221123, 2117109.284216190688312 ], [ 3749823.744375908747315, 2117115.478428723756224 ], [ 3749824.997771793976426, 2117120.660202015191317 ], [ 3749825.334971444681287, 2117121.650475490838289 ], [ 3749825.676627106033266, 2117122.45988437673077 ], [ 3749826.896992021240294, 2117123.759104441851377 ], [ 3749828.850981280207634, 2117124.809355563484132 ], [ 3749829.662128900177777, 2117125.455119283404201 ], [ 3749830.587035883683711, 2117126.250817812047899 ], [ 3749834.874207651242614, 2117130.409690769389272 ], [ 3749838.889404864516109, 2117134.563844862859696 ], [ 3749839.633265986572951, 2117135.366019508801401 ], [ 3749840.223124392330647, 2117136.012361072935164 ], [ 3749841.019495388492942, 2117137.069950820412487 ], [ 3749840.929874068126082, 2117137.198501600883901 ], [ 3749840.955874649342149, 2117137.266239293385297 ], [ 3749841.011783625464886, 2117137.330893778242171 ], [ 3749841.365038413088769, 2117137.689123250544071 ], [ 3749841.8772979285568, 2117138.021929768845439 ], [ 3749842.024273766670376, 2117138.088392357341945 ], [ 3749842.179980213288218, 2117138.144061638042331 ], [ 3749842.720020192209631, 2117138.214049879461527 ], [ 3749846.812960920855403, 2117138.725084714591503 ], [ 3749849.18870024336502, 2117139.055538421496749 ], [ 3749852.114798880182207, 2117139.464863841887563 ], [ 3749867.187776661943644, 2117141.610438478179276 ], [ 3749882.973731585312635, 2117143.269273628480732 ], [ 3749886.337372952140868, 2117143.377506909891963 ], [ 3749889.274215952958912, 2117143.32512135617435 ], [ 3749896.258279546163976, 2117141.855183026753366 ], [ 3749898.714307451155037, 2117142.768885002471507 ], [ 3749898.779584869742393, 2117144.224855574779212 ], [ 3749898.597315202467144, 2117146.194993720389903 ], [ 3749895.746525238733739, 2117157.62711263820529 ], [ 3749891.598955303430557, 2117170.141062824986875 ], [ 3749890.599440686870366, 2117172.797966162208468 ], [ 3749889.6606111144647, 2117175.108529687859118 ], [ 3749924.013751724734902, 2117229.427556873764843 ], [ 3749934.414368796162307, 2117262.864750405307859 ], [ 3749948.610039621125907, 2117322.881767818704247 ], [ 3749964.037402102723718, 2117386.659965673461556 ], [ 3749965.631978846155107, 2117388.795686526224017 ], [ 3749966.634138309396803, 2117390.134852227754891 ], [ 3749967.875830503180623, 2117391.801825853530318 ], [ 3749974.378587441518903, 2117400.502660746686161 ], [ 3749981.820239670574665, 2117411.680045893415809 ], [ 3749983.639448596630245, 2117414.906025734730065 ], [ 3749985.373593619093299, 2117418.190636280458421 ], [ 3749990.779245669487864, 2117430.518397841602564 ], [ 3749995.190821043215692, 2117441.015610015019774 ], [ 3749996.292014272883534, 2117443.156675410456955 ], [ 3749997.343767994549125, 2117444.952107657212764 ], [ 3750000.694177943281829, 2117448.647382135502994 ], [ 3750003.324925968423486, 2117450.065432770177722 ], [ 3750003.929857251700014, 2117450.419820953160524 ], [ 3750004.462993219960481, 2117450.76099007204175 ], [ 3750005.940003932453692, 2117451.885789932217449 ], [ 3750007.659460605122149, 2117452.086437984369695 ], [ 3750008.364260627888143, 2117451.850643226411194 ], [ 3750009.159008180722594, 2117451.486445323564112 ], [ 3750012.843803546391428, 2117449.131366007961333 ], [ 3750017.47892699111253, 2117448.45047630276531 ], [ 3750018.87782728113234, 2117449.141801742836833 ], [ 3750020.330867292359471, 2117450.218770534731448 ], [ 3750025.978129737544805, 2117457.296044720336795 ], [ 3750031.098630390129983, 2117465.273627238348126 ], [ 3750032.208216674625874, 2117466.923358248081058 ], [ 3750033.195563547313213, 2117468.323952869046479 ], [ 3750035.64360495749861, 2117471.361713505815715 ], [ 3750037.205576790962368, 2117472.888961327262223 ], [ 3750037.627518193796277, 2117473.340765788219869 ], [ 3750038.039907963015139, 2117473.80329658370465 ], [ 3750039.502747541293502, 2117475.580373369157314 ], [ 3750040.760046239942312, 2117477.07613517716527 ], [ 3750041.055368280038238, 2117477.349198039155453 ], [ 3750041.326803151052445, 2117477.574315373320132 ], [ 3750041.462737132795155, 2117477.631811221130192 ], [ 3750047.032925417181104, 2117464.565072298981249 ], [ 3750063.550111871678382, 2117362.905873132869601 ], [ 3750043.663867178373039, 2117291.228469091933221 ], [ 3750039.886324049904943, 2117277.337130678351969 ], [ 3750053.855145061388612, 2117277.432052049785852 ], [ 3750086.920689758844674, 2117310.417000760324299 ], [ 3750121.186891752295196, 2117357.31261847820133 ], [ 3750153.523483882658184, 2117381.852365640923381 ], [ 3750184.787952529266477, 2117393.97226685564965 ], [ 3750217.338845272548497, 2117420.995900578331202 ], [ 3750248.517452088650316, 2117432.122255056165159 ], [ 3750278.195159029681236, 2117425.860739211551845 ], [ 3750309.773678187280893, 2117400.773940688464791 ], [ 3750319.791714812628925, 2117410.760522219818085 ], [ 3750353.585702415090054, 2117432.931330549530685 ], [ 3750361.097605849150568, 2117436.870876799337566 ], [ 3750362.157005954533815, 2117433.858215875923634 ], [ 3750363.745718510821462, 2117432.308533670380712 ], [ 3750364.058633477892727, 2117431.968938802368939 ], [ 3750364.32375315669924, 2117431.653881752863526 ], [ 3750364.816508538555354, 2117430.826912261545658 ], [ 3750367.752592859789729, 2117427.850020430982113 ], [ 3750369.552312433719635, 2117426.180818242952228 ], [ 3750371.784619224257767, 2117424.150318745523691 ], [ 3750383.420409536920488, 2117413.78547494020313 ], [ 3750396.055529531557113, 2117403.327851254492998 ], [ 3750398.927343962714076, 2117401.238291645888239 ], [ 3750401.506646331399679, 2117399.49626425979659 ], [ 3750408.56961138593033, 2117396.13658906891942 ], [ 3750413.099623528309166, 2117394.824500296264887 ], [ 3750414.099094120785594, 2117394.381189154926687 ], [ 3750414.994966526981443, 2117393.907410250976682 ], [ 3750417.278766849078238, 2117391.892451527062804 ], [ 3750420.814482323825359, 2117389.560912997461855 ], [ 3750422.477770370431244, 2117388.875735090114176 ], [ 3750424.452673186548054, 2117388.18133803922683 ], [ 3750434.086323652416468, 2117385.544127669651061 ], [ 3750443.425446481909603, 2117383.234642932191491 ], [ 3750445.207701702602208, 2117382.75865986244753 ], [ 3750446.641824375838041, 2117382.335229102522135 ], [ 3750448.957361594773829, 2117381.388833840377629 ], [ 3750449.520254333503544, 2117380.324741295073181 ], [ 3750449.851452121511102, 2117379.84370691049844 ], [ 3750450.265614144038409, 2117379.274079057388008 ], [ 3750452.425998581573367, 2117376.529890938661993 ], [ 3750455.292128585744649, 2117372.627947348169982 ], [ 3750456.157876819837838, 2117371.33566015958786 ], [ 3750457.045814872253686, 2117369.951033374294639 ], [ 3750460.505113544873893, 2117364.171706639695913 ], [ 3750464.144775803200901, 2117357.323439777828753 ], [ 3750465.155748673249036, 2117355.266307062469423 ], [ 3750466.160768435336649, 2117353.140068878419697 ], [ 3750469.766612863633782, 2117344.85284617356956 ], [ 3750473.104948434978724, 2117335.79906103014946 ], [ 3750473.937168694101274, 2117333.188295507803559 ], [ 3750474.735128052532673, 2117330.529973835218698 ], [ 3750477.299031634815037, 2117320.556785305961967 ], [ 3750479.161775473039597, 2117311.680590834468603 ], [ 3750479.516461801249534, 2117309.724436776712537 ], [ 3750479.808912241831422, 2117307.974612790159881 ], [ 3750480.296586928889155, 2117303.472202367614955 ], [ 3750479.529708468355238, 2117298.555894777178764 ], [ 3750479.024195535574108, 2117296.54962980793789 ], [ 3750478.394643255975097, 2117294.274486979003996 ], [ 3750475.066744333598763, 2117283.726726005319506 ], [ 3750472.140472086612135, 2117270.597700773738325 ], [ 3750471.762376034632325, 2117266.686477885581553 ], [ 3750471.566815755330026, 2117262.668551918119192 ], [ 3750472.444672449491918, 2117247.163167663384229 ], [ 3750474.495650790631771, 2117233.001086837612092 ], [ 3750475.046626334544271, 2117229.8151052640751 ], [ 3750475.584977782331407, 2117226.950677921995521 ], [ 3750477.452522453851998, 2117219.29567788168788 ], [ 3750479.021194275468588, 2117214.713302456773818 ], [ 3750479.354453281965107, 2117213.790611010976136 ], [ 3750479.660770525224507, 2117213.021249067038298 ], [ 3750480.41580843180418, 2117211.498888716567308 ], [ 3750481.284444772638381, 2117210.82769059156999 ], [ 3750482.068704893812537, 2117210.343891562893987 ], [ 3750484.05002324283123, 2117209.258484079502523 ], [ 3750486.924265469890088, 2117207.549154455773532 ], [ 3750487.905267229303718, 2117206.897222836501896 ], [ 3750488.96147088939324, 2117206.17810672102496 ], [ 3750493.465591899584979, 2117202.925665508024395 ], [ 3750497.72009131219238, 2117199.005128167569637 ], [ 3750498.627648001536727, 2117197.849184998311102 ], [ 3750499.412366356234998, 2117196.67438079463318 ], [ 3750501.253120111767203, 2117192.207068821880966 ], [ 3750501.664011399727315, 2117186.229649844579399 ], [ 3750501.551999513991177, 2117184.11679170653224 ], [ 3750501.331287108361721, 2117181.793663798831403 ], [ 3750499.72685063816607, 2117171.727050326764584 ], [ 3750497.903795151039958, 2117162.04087993549183 ], [ 3750497.553620948921889, 2117159.969923605211079 ], [ 3750497.266116968356073, 2117158.153925526887178 ], [ 3750496.767948219086975, 2117153.783382405526936 ], [ 3750496.364049785770476, 2117151.206898267380893 ], [ 3750496.133698611054569, 2117150.517120441421866 ], [ 3750495.843818914610893, 2117149.843026649672538 ], [ 3750494.384248935617507, 2117147.524714653845876 ], [ 3750492.069552621338516, 2117144.394448570907116 ], [ 3750491.242809341289103, 2117143.219596128445119 ], [ 3750490.354367196559906, 2117141.909446834120899 ], [ 3750486.462102411314845, 2117136.031409577466547 ], [ 3750482.165131676010787, 2117128.257982484064996 ], [ 3750481.001163128763437, 2117125.741864712908864 ], [ 3750479.863417089916766, 2117123.063372680451721 ], [ 3750475.846294722519815, 2117112.118643064051867 ], [ 3750472.652185899671167, 2117102.069258965551853 ], [ 3750472.02732773963362, 2117099.964220837689936 ], [ 3750471.507981630042195, 2117098.149317611474544 ], [ 3750470.561712127178907, 2117094.070714938919991 ], [ 3750470.356584426015615, 2117092.277180487755686 ], [ 3750470.304874159395695, 2117091.911381897516549 ], [ 3750470.258023171685636, 2117091.60520156705752 ], [ 3750470.102525236085057, 2117090.968519602902234 ], [ 3750470.750440166797489, 2117089.606272111646831 ], [ 3750471.198578996118158, 2117088.843805301003158 ], [ 3750471.772665538359433, 2117087.908884531352669 ], [ 3750474.834984471555799, 2117083.127760075964034 ], [ 3750478.363844973500818, 2117077.331247128546238 ], [ 3750479.225072178989649, 2117075.758887134958059 ], [ 3750480.028383489698172, 2117074.212418939452618 ], [ 3750482.555110521614552, 2117068.709619123488665 ], [ 3750484.353199040982872, 2117064.335791547317058 ], [ 3750484.703512232284993, 2117063.492171788588166 ], [ 3750484.996850810013711, 2117062.804178834892809 ], [ 3750485.551608318928629, 2117061.650704833678901 ], [ 3750485.706082954071462, 2117061.456162680871785 ], [ 3750485.750418856274337, 2117061.382149056531489 ], [ 3750485.792464902624488, 2117061.287868925835937 ], [ 3750485.947100034914911, 2117060.862822766881436 ], [ 3750485.958116276189685, 2117059.940417693927884 ], [ 3750485.903166821226478, 2117059.534873761236668 ], [ 3750485.821920958347619, 2117059.061641045846045 ], [ 3750485.325720330700278, 2117056.814114763401449 ], [ 3750484.464611732866615, 2117054.189725772477686 ], [ 3750484.141372577287257, 2117053.478903513401747 ], [ 3750483.799173846840858, 2117052.779541645664722 ], [ 3750482.266033831052482, 2117050.307838903274387 ], [ 3750480.832246939651668, 2117048.167453980073333 ], [ 3750480.557835128158331, 2117047.672069432213902 ], [ 3750480.31752333464101, 2117047.223864776082337 ], [ 3750479.886382413096726, 2117045.961506796069443 ], [ 3750478.656026407144964, 2117044.192999141290784 ], [ 3750477.914652199484408, 2117043.420624796301126 ], [ 3750477.000949376262724, 2117042.523911902215332 ], [ 3750472.273617825470865, 2117038.28564284555614 ], [ 3750467.568606612738222, 2117033.955214584246278 ], [ 3750466.669946721289307, 2117032.997236974537373 ], [ 3750465.951560311019421, 2117032.142059016041458 ], [ 3750464.795877308119088, 2117029.956054923124611 ], [ 3750464.505475591402501, 2117027.639402084052563 ], [ 3750464.324680813122541, 2117026.714962656609714 ], [ 3750464.102219346910715, 2117025.653760088607669 ], [ 3750462.949250499717891, 2117020.81314283143729 ], [ 3750460.68844202440232, 2117016.0954500711523 ], [ 3750459.767271522898227, 2117015.109137611463666 ], [ 3750458.718190453480929, 2117014.275160218123347 ], [ 3750453.886107734404504, 2117012.440673157572746 ], [ 3750447.480460816994309, 2117010.231006026268005 ], [ 3750445.442994324024767, 2117009.147989196702838 ], [ 3750443.298364291898906, 2117007.874689573422074 ], [ 3750434.565205854829401, 2117001.574968667700887 ], [ 3750426.944531778804958, 2116992.988354136236012 ], [ 3750425.49043748434633, 2116990.258937403559685 ], [ 3750424.30554277356714, 2116987.384569086134434 ], [ 3750422.414785285014659, 2116975.751583205070347 ], [ 3750425.447404583916068, 2116966.776583572849631 ], [ 3750427.368906999472529, 2116965.576724183745682 ], [ 3750429.770883856806904, 2116964.933069825172424 ], [ 3750442.341335245873779, 2116967.260942365974188 ], [ 3750455.120454653166234, 2116972.2436693450436 ], [ 3750457.63677933299914, 2116973.272375679109246 ], [ 3750459.707089413888752, 2116974.151559387333691 ], [ 3750463.530793302226812, 2116976.090176187455654 ], [ 3750464.562511210795492, 2116977.075915078632534 ], [ 3750464.868240128736943, 2116977.34818169567734 ], [ 3750465.195694117806852, 2116977.638037238270044 ], [ 3750466.474267028737813, 2116978.681141870561987 ], [ 3750469.577149897348136, 2116980.205796462483704 ], [ 3750471.05791871715337, 2116980.789489053655416 ], [ 3750472.796142619103193, 2116981.439284152816981 ], [ 3750481.308258259203285, 2116984.364541666116565 ], [ 3750490.356743173673749, 2116986.498998892493546 ], [ 3750492.444244548678398, 2116986.64557406399399 ], [ 3750494.344848420470953, 2116986.609580307267606 ], [ 3750499.684495509602129, 2116984.871613748371601 ], [ 3750504.507809950970113, 2116979.716490976512432 ], [ 3750506.081168126314878, 2116977.526952927932143 ], [ 3750507.757754886057228, 2116975.007678340189159 ], [ 3750514.681412836071104, 2116963.147555554751307 ], [ 3750523.851697495207191, 2116953.041550571564585 ], [ 3750526.953384512569755, 2116951.632222931832075 ], [ 3750530.298558061942458, 2116950.830373884178698 ], [ 3750544.379027552437037, 2116952.91836899984628 ], [ 3750557.157551936339587, 2116958.241839130409062 ], [ 3750559.671239379327744, 2116959.470646247267723 ], [ 3750561.732291227206588, 2116960.591390130110085 ], [ 3750565.509797774720937, 2116963.746041251346469 ], [ 3750566.12750455737114, 2116966.232346498407423 ], [ 3750566.217464053072035, 2116966.925567278638482 ], [ 3750566.25793784391135, 2116967.632626701146364 ], [ 3750566.07776396907866, 2116970.213173040188849 ], [ 3750565.930779288057238, 2116975.745524242985994 ], [ 3750565.991399525664747, 2116978.31364453677088 ], [ 3750566.090710607357323, 2116981.329338529147208 ], [ 3750566.82831412833184, 2116995.943550211377442 ], [ 3750570.625994418747723, 2117011.114957529585809 ], [ 3750572.659077488817275, 2117014.481616891920567 ], [ 3750575.124465086963028, 2117017.487737148068845 ], [ 3750587.546665358357131, 2117025.338115163613111 ], [ 3750599.783660605549812, 2117029.520094540901482 ], [ 3750602.120254939422011, 2117030.214731876738369 ], [ 3750604.006341537926346, 2117030.710237113758922 ], [ 3750607.027351506054401, 2117030.820724534802139 ], [ 3750607.567463439889252, 2117029.608533505350351 ], [ 3750607.881485104560852, 2117029.279134812764823 ], [ 3750608.275391810573637, 2117028.941695705987513 ], [ 3750610.3155532553792, 2117027.720810644328594 ], [ 3750614.480569488368928, 2117025.211008505430073 ], [ 3750616.215136555489153, 2117024.06823308672756 ], [ 3750618.204157322645187, 2117022.721802547574043 ], [ 3750627.504111005924642, 2117016.21949471719563 ], [ 3750636.260570670943707, 2117007.153594682924449 ], [ 3750637.91896028444171, 2117004.195281133055687 ], [ 3750639.238024048507214, 2117001.038064396008849 ], [ 3750641.21712891664356, 2116988.024519641883671 ], [ 3750640.745080219581723, 2116975.438839452341199 ], [ 3750640.506551655009389, 2116972.556491335388273 ], [ 3750640.240157763939351, 2116969.93707171920687 ], [ 3750638.896198051050305, 2116962.650276500266045 ], [ 3750638.89451213972643, 2116957.612785018980503 ], [ 3750639.465190513990819, 2116956.408079278189689 ], [ 3750640.285368908196688, 2116955.290312325581908 ], [ 3750645.294512311927974, 2116951.940662411041558 ], [ 3750654.062257844023407, 2116946.509415280539542 ], [ 3750657.257311828434467, 2116944.079438279848546 ], [ 3750660.779339124914259, 2116941.238501165062189 ], [ 3750676.264984501991421, 2116927.631747743114829 ], [ 3750692.123405963182449, 2116914.841599240899086 ], [ 3750695.891950895544142, 2116912.518942705355585 ], [ 3750699.383513016626239, 2116910.722307765856385 ], [ 3750709.717894461005926, 2116908.620703761465847 ], [ 3750718.564611827023327, 2116908.650798527989537 ], [ 3750721.114462962839752, 2116908.203769440762699 ], [ 3750723.707174899987876, 2116907.5521743982099 ], [ 3750733.42339219013229, 2116903.535357378888875 ], [ 3750744.313252044841647, 2116902.383969200775027 ], [ 3750747.646236282773316, 2116903.536787760443985 ], [ 3750751.10463004745543, 2116905.328893748112023 ], [ 3750764.752234222367406, 2116917.101838118862361 ], [ 3750777.034745693206787, 2116930.33355000289157 ], [ 3750779.63503029756248, 2116933.036669243127108 ], [ 3750781.888144169468433, 2116935.331527766305953 ], [ 3750787.141706829424948, 2116940.181749497540295 ], [ 3750791.519947635941207, 2116945.62430288689211 ], [ 3750793.221371399238706, 2116948.300645762123168 ], [ 3750795.137393960729241, 2116951.477932283654809 ], [ 3750803.807045037858188, 2116967.198724548332393 ], [ 3750812.238736282568425, 2116982.610583348665386 ], [ 3750813.998631199356169, 2116985.612145983148366 ], [ 3750815.508999248500913, 2116988.055853158701211 ], [ 3750818.885500577278435, 2116992.279096437618136 ], [ 3750820.835136334877461, 2116993.861209222115576 ], [ 3750821.435744300950319, 2116994.636585107073188 ], [ 3750822.080199785530567, 2116995.568302960135043 ], [ 3750824.640972865279764, 2117000.147978119552135 ], [ 3750826.804718516301364, 2117005.375620564445853 ], [ 3750827.202050002291799, 2117006.710666183847934 ], [ 3750827.504180090501904, 2117007.994637224823236 ], [ 3750827.852112978696823, 2117012.258946641348302 ], [ 3750829.340427530463785, 2117016.898154276423156 ], [ 3750830.368692426010966, 2117018.425156266894192 ], [ 3750831.667963111307472, 2117020.057225568220019 ], [ 3750838.569920253939927, 2117026.847874279133976 ], [ 3750846.928455857560039, 2117031.380013230256736 ], [ 3750849.142871160060167, 2117031.595036625862122 ], [ 3750851.31784519739449, 2117031.353246919810772 ], [ 3750858.794848274439573, 2117026.722813497297466 ], [ 3750866.213904227595776, 2117020.014491188339889 ], [ 3750868.346589525230229, 2117018.464127468876541 ], [ 3750870.510112538468093, 2117017.041625803802162 ], [ 3750878.603779234457761, 2117013.014991266652942 ], [ 3750885.8183837197721, 2117009.78147095721215 ], [ 3750887.431302427314222, 2117008.860196992754936 ], [ 3750888.881004767958075, 2117007.914586921222508 ], [ 3750892.709509043488652, 2117004.42400875268504 ], [ 3750894.486984829418361, 2116999.811949131079018 ], [ 3750894.647791261784732, 2116998.174715146422386 ], [ 3750894.654208307620138, 2116996.381107280962169 ], [ 3750893.486202104948461, 2116988.567532589659095 ], [ 3750889.169117504730821, 2116980.796015337109566 ], [ 3750887.203059955965728, 2116979.025281540118158 ], [ 3750884.889637255575508, 2116977.42739238217473 ], [ 3750873.778990396298468, 2116972.990542729385197 ], [ 3750864.589237950276583, 2116968.285123416688293 ], [ 3750863.498696026857942, 2116966.503704928793013 ], [ 3750863.045027827378362, 2116964.512530835345387 ], [ 3750866.647728332318366, 2116955.604714287444949 ], [ 3750874.195495107676834, 2116946.771154894959182 ], [ 3750876.223837818019092, 2116944.830285823903978 ], [ 3750878.220070927403867, 2116943.102392517961562 ], [ 3750885.211353365797549, 2116938.677738681435585 ], [ 3750892.537866921629757, 2116936.154497363138944 ], [ 3750894.749026325531304, 2116935.628689342178404 ], [ 3750897.036109903361648, 2116935.165971724316478 ], [ 3750905.951339135877788, 2116934.12784931063652 ], [ 3750913.925844638608396, 2116936.191947903949767 ], [ 3750915.607023422606289, 2116937.697977982461452 ], [ 3750917.071072867140174, 2116939.605445886962116 ], [ 3750920.492969422135502, 2116949.843935470096767 ], [ 3750921.185506701935083, 2116962.299024172592908 ], [ 3750920.927117011044174, 2116965.608149358071387 ], [ 3750920.481235636863858, 2116968.844452660065144 ], [ 3750917.256414761766791, 2116980.03071670839563 ], [ 3750915.89303012099117, 2116988.390186879783869 ], [ 3750916.623655196744949, 2116989.854539724998176 ], [ 3750917.835763685870916, 2116990.943865318316966 ], [ 3750926.188640241976827, 2116991.791035813745111 ], [ 3750937.05750219989568, 2116989.579532693140209 ], [ 3750939.845938225276768, 2116988.739945478737354 ], [ 3750942.54384174849838, 2116987.788408666849136 ], [ 3750951.524628573097289, 2116983.539174800738692 ], [ 3750958.470047873444855, 2116978.817854243330657 ], [ 3750959.893730104900897, 2116977.574139333330095 ], [ 3750961.097812602762133, 2116976.350657610222697 ], [ 3750963.637797617353499, 2116972.168907704763114 ], [ 3750964.524084157310426, 2116964.114079395309091 ], [ 3750964.68148810043931, 2116960.453669923823327 ], [ 3750964.805241548921913, 2116956.165941716171801 ], [ 3750964.966127392835915, 2116935.508873033337295 ], [ 3750965.660037606954575, 2116914.371990027371794 ], [ 3750966.120538868475705, 2116909.792231970466673 ], [ 3750966.698943871539086, 2116905.752299904823303 ], [ 3750969.782190761528909, 2116895.731036809273064 ], [ 3750973.656988577451557, 2116888.570569895207882 ], [ 3750974.73320662137121, 2116886.33757480699569 ], [ 3750975.819349598139524, 2116883.983337916433811 ], [ 3750979.782290539704263, 2116874.58132544066757 ], [ 3750983.187125935219228, 2116866.182689410634339 ], [ 3750983.936019689310342, 2116864.470660694874823 ], [ 3750984.586179319769144, 2116863.018053684849292 ], [ 3750986.216975665651262, 2116859.972262518946081 ], [ 3750990.105936932377517, 2116856.947065392974764 ], [ 3750992.176216735504568, 2116855.492918959353119 ], [ 3750994.688237159978598, 2116853.787352913059294 ], [ 3751007.362971258349717, 2116845.419487637467682 ], [ 3751020.556111739017069, 2116836.642873370088637 ], [ 3751023.38791024312377, 2116834.677054726984352 ], [ 3751025.874144788831472, 2116832.903820927254856 ], [ 3751031.882114788517356, 2116828.169827505946159 ], [ 3751035.772663848474622, 2116824.233051179908216 ], [ 3751036.912530399858952, 2116822.965413711033762 ], [ 3751038.075265263672918, 2116821.615497028920799 ], [ 3751042.524776966311038, 2116816.104812832549214 ], [ 3751046.408188756555319, 2116810.796527324710041 ], [ 3751047.219534791540354, 2116809.579232612624764 ], [ 3751047.919106472283602, 2116808.462492927908897 ], [ 3751049.473998594563454, 2116805.35371716087684 ], [ 3751050.538295671343803, 2116802.630920624826103 ], [ 3751050.915960915386677, 2116801.754546423442662 ], [ 3751051.339916446246207, 2116800.833845312241465 ], [ 3751053.181360311340541, 2116797.077469039708376 ], [ 3751055.229968200903386, 2116792.800765386316925 ], [ 3751055.776599150151014, 2116791.548358343541622 ], [ 3751056.320559619460255, 2116790.265577862039208 ], [ 3751058.237526386044919, 2116785.400552159175277 ], [ 3751061.104424289893359, 2116778.934586774092168 ], [ 3751062.246976381633431, 2116776.65520241484046 ], [ 3751069.487998636905104, 2116763.333529800642282 ], [ 3751070.558764695189893, 2116761.50147095695138 ], [ 3751065.003362958319485, 2116763.539768845774233 ], [ 3751046.987460227683187, 2116771.411652784794569 ], [ 3751040.935261258389801, 2116773.526023917365819 ], [ 3751037.449458120856434, 2116769.202664930839092 ], [ 3751031.441682258155197, 2116735.657660787925124 ], [ 3751029.982112967874855, 2116718.746854190714657 ], [ 3751021.451045057270676, 2116710.234829267021269 ], [ 3751015.400868423748761, 2116710.04542661877349 ], [ 3751014.816487273201346, 2116706.774563070386648 ], [ 3751013.822394088376313, 2116697.472384853288531 ], [ 3751013.545182975940406, 2116690.176795873790979 ], [ 3751013.795762049499899, 2116681.640343073755503 ], [ 3751013.408616033382714, 2116674.705790775828063 ], [ 3751012.534737473353744, 2116665.28204537415877 ], [ 3751010.642235220875591, 2116657.245040640234947 ], [ 3751010.244763280265033, 2116649.950710273347795 ], [ 3751011.341671369038522, 2116643.639301625080407 ], [ 3751013.965824997518212, 2116638.798504843376577 ], [ 3751015.45543804904446, 2116632.951440433040261 ], [ 3751014.6499028862454, 2116627.117112516891211 ], [ 3751012.532861272338778, 2116621.494702133350074 ], [ 3751010.122776717878878, 2116614.92797123035416 ], [ 3751007.884959587361664, 2116609.306800048798323 ], [ 3751007.079229737631977, 2116603.472504729870707 ], [ 3751008.161075574811548, 2116599.085393851622939 ], [ 3751011.501579046715051, 2116596.241408262867481 ], [ 3751015.566582372412086, 2116593.039419319014996 ], [ 3751013.681173460558057, 2116585.43270613020286 ], [ 3751013.642624598927796, 2116585.105939574074 ], [ 3751015.84490328701213, 2116583.078235753346235 ], [ 3751019.859844387508929, 2116576.376176946796477 ], [ 3751021.458418718539178, 2116574.12426685448736 ], [ 3751023.26423151511699, 2116571.703318412881345 ], [ 3751031.540658091194928, 2116561.510168512351811 ], [ 3751039.864329626318067, 2116551.983597625978291 ], [ 3751041.717033609282225, 2116549.989042596891522 ], [ 3751043.361037679947913, 2116548.263949566520751 ], [ 3751047.624822212848812, 2116544.332679266110063 ], [ 3751050.462978830561042, 2116540.103188995737582 ], [ 3751051.203685025218874, 2116538.181472362950444 ], [ 3751051.916967683937401, 2116535.941841822117567 ], [ 3751054.349767819978297, 2116525.149817246943712 ], [ 3751056.135474799200892, 2116513.275881666690111 ], [ 3751056.447058404795825, 2116510.352674158290029 ], [ 3751056.681716759689152, 2116507.586441917344928 ], [ 3751056.879986985120922, 2116498.914894380606711 ], [ 3751058.363912022206932, 2116490.66435901960358 ], [ 3751051.103768181055784, 2116465.949403755366802 ], [ 3751039.207141526509076, 2116440.03233014093712 ], [ 3751028.671975549310446, 2116416.061563749797642 ], [ 3751022.199166022706777, 2116401.334146551787853 ], [ 3751018.998462406452745, 2116394.017808843404055 ], [ 3751009.447562178131193, 2116361.516817931085825 ], [ 3751002.082248920574784, 2116327.680784448049963 ], [ 3750992.348880955949426, 2116282.012857688125223 ], [ 3750977.880278249271214, 2116241.291342648677528 ], [ 3750961.887791870161891, 2116211.728395048994571 ], [ 3750936.062124947085977, 2116188.586894687265158 ], [ 3750904.101659433916211, 2116185.545033204369247 ], [ 3750847.290228574536741, 2116199.833743306342512 ], [ 3750811.607966239564121, 2116211.659893184900284 ], [ 3750758.562043485231698, 2116237.116698439698666 ], [ 3750717.415633645839989, 2116245.444164264015853 ], [ 3750686.362822987604886, 2116239.042851217091084 ], [ 3750657.523778744507581, 2116201.428766975179315 ], [ 3750656.404953556600958, 2116157.464853202924132 ], [ 3750668.619716504588723, 2116116.268992297817022 ], [ 3750688.76160133164376, 2116080.847180692479014 ], [ 3750702.656439608894289, 2116058.023912843316793 ], [ 3750701.028749855235219, 2116027.127152653411031 ], [ 3750683.488071306608617, 2115986.190318518318236 ], [ 3750677.325535198673606, 2115948.704033738002181 ], [ 3750672.428742620162666, 2115901.084742459468544 ], [ 3750665.457422967068851, 2115869.181959296111017 ], [ 3750652.857239858713001, 2115838.803352665156126 ], [ 3750626.021117045078427, 2115811.248907837085426 ], [ 3750599.545911484397948, 2115799.184771606698632 ], [ 3750579.327007069718093, 2115795.052960244007409 ], [ 3750539.799309482332319, 2115780.194590892642736 ], [ 3750531.260416741017252, 2115766.965891092084348 ], [ 3750537.563943748362362, 2115739.339110011234879 ], [ 3750553.504140147008002, 2115718.328971469309181 ], [ 3750556.469534158706665, 2115696.520496909040958 ], [ 3750555.715115326456726, 2115673.555212235078216 ], [ 3750563.437805955298245, 2115659.81815810315311 ], [ 3750578.047982814256102, 2115648.315951753407717 ], [ 3750624.781454399228096, 2115611.146512114442885 ], [ 3750641.50476548448205, 2115573.588474384509027 ], [ 3750646.929096540436149, 2115554.506143777631223 ], [ 3750655.403079187497497, 2115533.648760731332004 ], [ 3750670.30127998162061, 2115507.277063835412264 ], [ 3750674.294163440354168, 2115495.648874479345977 ], [ 3750674.299730985891074, 2115495.607789270579815 ], [ 3750672.188124793116003, 2115462.433217534795403 ], [ 3750662.869053792208433, 2115445.270792630501091 ], [ 3750626.453497795853764, 2115421.610367349348962 ], [ 3750598.427661181427538, 2115418.203308291733265 ], [ 3750570.051329444162548, 2115407.818103136494756 ], [ 3750536.024886942468584, 2115381.932809685356915 ], [ 3750520.177801115438342, 2115340.439598192926496 ], [ 3750512.04577262327075, 2115297.025598494336009 ], [ 3750503.603718808386475, 2115259.751089650206268 ], [ 3750513.859623295720667, 2115247.281177919358015 ], [ 3750543.601846898905933, 2115228.995825963094831 ], [ 3750573.910618726164103, 2115208.153994208201766 ], [ 3750610.445550316013396, 2115167.34030060749501 ], [ 3750643.017909900750965, 2115125.640952264890075 ], [ 3750651.203489059582353, 2115101.555191766470671 ], [ 3750654.752136795781553, 2115068.325180501677096 ], [ 3750649.837184469681233, 2115026.306850423105061 ], [ 3750651.100312215276062, 2115008.732647993601859 ], [ 3750656.71704337419942, 2114994.560207829810679 ], [ 3750682.601224393583834, 2114967.909916861914098 ], [ 3750715.136712968815118, 2114921.222355952486396 ], [ 3750723.669932260643691, 2114886.337927404791117 ], [ 3750716.011498949024826, 2114842.180291092488915 ], [ 3750700.307119431439787, 2114801.313464565668255 ], [ 3750661.332428959198296, 2114736.146771634928882 ], [ 3750617.593855917919427, 2114682.780071350745857 ], [ 3750585.841035212390125, 2114653.679189737420529 ], [ 3750551.767585251480341, 2114646.597094951197505 ], [ 3750475.184833612293005, 2114642.410392166581005 ], [ 3750430.176065666601062, 2114641.211192969232798 ], [ 3750396.115241546183825, 2114636.491412753239274 ], [ 3750356.229240087792277, 2114624.15026570437476 ], [ 3750312.318797915242612, 2114595.757920011878014 ], [ 3750269.803729385603219, 2114556.449166744947433 ], [ 3750207.913829211611301, 2114479.9699637433514 ], [ 3750177.519457601476461, 2114434.277959730476141 ], [ 3750141.955143862869591, 2114443.068567604292184 ], [ 3750108.912372827064246, 2114463.102696265093982 ], [ 3750095.510754947084934, 2114466.320032753515989 ], [ 3750090.951934759505093, 2114467.304232913069427 ], [ 3750087.658407234121114, 2114464.735669381916523 ], [ 3750085.587395399808884, 2114457.666629930958152 ], [ 3750089.121104797814041, 2114437.448747811838984 ], [ 3750090.408754350617528, 2114427.623875803314149 ], [ 3750076.347690362483263, 2114386.89526358153671 ], [ 3750123.35416129603982, 2114347.977489201352 ], [ 3750142.266663917806, 2114316.175499375909567 ], [ 3750141.045954972971231, 2114226.151152662932873 ], [ 3750151.193857742473483, 2114203.676290621981025 ], [ 3750236.82962842984125, 2114157.165844747796655 ], [ 3750264.23626615665853, 2114124.575233831536025 ], [ 3750270.657845402602106, 2114093.933096261695027 ], [ 3750267.086544097401202, 2114064.218920952640474 ], [ 3750208.685153026133776, 2113889.366423978470266 ], [ 3750190.476972882635891, 2113800.919620160013437 ], [ 3750167.845499166753143, 2113742.92938509164378 ], [ 3750124.728421967942268, 2113686.841300581116229 ], [ 3750068.489474952220917, 2113595.415993663482368 ], [ 3750034.995639826636761, 2113557.463585531339049 ], [ 3749973.892932593822479, 2113520.571834450121969 ], [ 3749966.3244852675125, 2113491.22888276912272 ], [ 3749978.668484269175678, 2113429.991201447322965 ], [ 3750018.749958117026836, 2113369.182955353520811 ], [ 3750038.705998117104173, 2113355.421905300579965 ], [ 3750077.284342384431511, 2113264.346910810098052 ], [ 3749862.11406036419794, 2113336.715343773365021 ], [ 3749766.933174032252282, 2113404.062359638512135 ], [ 3749687.202341887168586, 2113501.733601909130812 ], [ 3749670.460716566070914, 2113488.655517418403178 ], [ 3749652.325922401621938, 2113430.247892413288355 ], [ 3749618.276496846228838, 2113403.363957818597555 ], [ 3749597.975743338465691, 2113395.734788983128965 ], [ 3749567.654052952770144, 2113394.544291822705418 ], [ 3749508.768284677527845, 2113412.531363193877041 ], [ 3749478.661138848401606, 2113413.825187885202467 ], [ 3749447.482056291773915, 2113402.698946004733443 ], [ 3749417.160507251508534, 2113401.508399313315749 ], [ 3749387.781808322295547, 2113411.247473930008709 ], [ 3749359.389177468139678, 2113432.412448903545737 ], [ 3749303.889877741225064, 2113489.64568951819092 ], [ 3749264.289843729231507, 2113446.370339117012918 ], [ 3749258.471743602771312, 2113462.277076343074441 ], [ 3749259.092489217408001, 2113516.985133158974349 ], [ 3749220.888040632940829, 2113529.79334352305159 ], [ 3749190.304514163173735, 2113532.572629787959158 ], [ 3749187.089144256897271, 2113593.955281119793653 ], [ 3749155.413513942621648, 2113587.145659593865275 ], [ 3749103.345351827330887, 2113592.165259845554829 ], [ 3749022.583167931064963, 2113600.401529182679951 ], [ 3748985.511695780791342, 2113608.260169801302254 ], [ 3748959.717083854600787, 2113615.991438264027238 ], [ 3748937.987492217216641, 2113631.331430907361209 ], [ 3748919.115229019895196, 2113619.394270623102784 ], [ 3748889.984764367341995, 2113564.879412624053657 ], [ 3748885.938038219697773, 2113530.849498904775828 ], [ 3748888.590759363956749, 2113493.791920614428818 ], [ 3748879.491286994889379, 2113466.519949576817453 ], [ 3748817.115485391579568, 2113451.725692581385374 ], [ 3748697.201001164969057, 2113462.863038873299956 ], [ 3748668.212709471583366, 2113457.513070582877845 ], [ 3748670.137980417348444, 2113427.759106876328588 ], [ 3748670.599904199130833, 2113390.158584578894079 ], [ 3748663.721061474177986, 2113360.63166269287467 ], [ 3748596.692184885032475, 2113377.051354600582272 ], [ 3748589.577742721419781, 2113378.845275406725705 ], [ 3748539.822437987662852, 2113396.486451482400298 ], [ 3748505.290261819958687, 2113414.71677551837638 ], [ 3748479.291297137271613, 2113431.153009448200464 ], [ 3748459.657531265169382, 2113427.968954396434128 ], [ 3748455.657833425328135, 2113418.825922016054392 ], [ 3748458.605778914876282, 2113401.479448710568249 ], [ 3748465.061801861971617, 2113385.903527777642012 ], [ 3748488.255044222809374, 2113363.217907849699259 ], [ 3748514.780798786319792, 2113349.236580213531852 ], [ 3748551.429842192213982, 2113337.530146466568112 ], [ 3748576.589574621990323, 2113327.153511280193925 ], [ 3748612.029292644932866, 2113329.688063343055546 ], [ 3748612.073808602523059, 2113329.688934451900423 ], [ 3748612.022401701658964, 2113329.648915863130242 ], [ 3748569.699469851329923, 2113295.84190850192681 ], [ 3748544.740389409009367, 2113233.641419141553342 ], [ 3748541.229617360047996, 2113175.448502650484443 ], [ 3748539.933655463624746, 2113151.569426056928933 ], [ 3748521.618488922715187, 2113117.662636929191649 ], [ 3748488.093851519748569, 2113062.323414270766079 ], [ 3748439.850371374748647, 2113013.554163508117199 ], [ 3748397.774654389359057, 2112973.083295775577426 ], [ 3748366.145652886480093, 2112940.517311998642981 ], [ 3748330.046265670098364, 2112905.525078712962568 ], [ 3748303.225561459548771, 2112873.394111628644168 ], [ 3748288.667804391123354, 2112851.957112543750554 ], [ 3748279.872195289470255, 2112829.989525241777301 ], [ 3748276.33795576216653, 2112830.117482895962894 ], [ 3748272.545570622198284, 2112830.52983711194247 ], [ 3748256.668775158002973, 2112834.478203608654439 ], [ 3748240.794010419398546, 2112838.917499960400164 ], [ 3748236.999236478004605, 2112839.650334671139717 ], [ 3748233.468237293418497, 2112840.168433960527182 ], [ 3748222.88667263276875, 2112840.230078366585076 ], [ 3748215.197722045704722, 2112838.210093528963625 ], [ 3748213.49769142549485, 2112837.41656297352165 ], [ 3748211.979543233290315, 2112836.515941133257002 ], [ 3748208.008969775401056, 2112832.407877800054848 ], [ 3748205.471653837244958, 2112828.336833013221622 ], [ 3748204.862288610544056, 2112827.462091729510576 ], [ 3748204.282367811538279, 2112826.694899833761156 ], [ 3748202.498417637310922, 2112824.817402714397758 ], [ 3748200.960728844627738, 2112822.636711670085788 ], [ 3748200.53517606202513, 2112821.674801513552666 ], [ 3748200.107049985323101, 2112820.562482040375471 ], [ 3748198.561240087728947, 2112815.25797033123672 ], [ 3748197.277679979335517, 2112810.189147808589041 ], [ 3748195.004280550405383, 2112801.937350472435355 ], [ 3748197.694093805737793, 2112779.644110062159598 ], [ 3748223.01148366369307, 2112747.23666928242892 ], [ 3748240.614465486258268, 2112732.241331297904253 ], [ 3748307.229415187612176, 2112667.594861653633416 ], [ 3748380.94609382096678, 2112665.755564825609326 ], [ 3748419.774402332957834, 2112648.788965723011643 ], [ 3748514.241380938328803, 2112610.179309233091772 ], [ 3748517.954212072771043, 2112603.124588777776808 ], [ 3748523.59122606087476, 2112593.506878647487611 ], [ 3748525.313990090042353, 2112590.82329768454656 ], [ 3748527.106407972052693, 2112588.132951278239489 ], [ 3748534.155564315617085, 2112578.30431801546365 ], [ 3748540.471010633744299, 2112565.459344885777682 ], [ 3748541.805978875607252, 2112560.848438145592809 ], [ 3748542.960207829717547, 2112555.78330494929105 ], [ 3748545.619909085799009, 2112533.723369190469384 ], [ 3748546.87925252597779, 2112513.415869142860174 ], [ 3748547.153124849312007, 2112509.464203328359872 ], [ 3748547.397259068675339, 2112506.226440757513046 ], [ 3748547.998264778871089, 2112500.582367302849889 ], [ 3748548.008050099015236, 2112499.179305442608893 ], [ 3748547.890388038940728, 2112498.629173718392849 ], [ 3748547.704573557712138, 2112497.995849913917482 ], [ 3748546.59058677777648, 2112495.124394930899143 ], [ 3748544.84860349399969, 2112490.579278018325567 ], [ 3748544.269764577969909, 2112488.890323157887906 ], [ 3748543.655505056492984, 2112487.024518057703972 ], [ 3748541.096340469550341, 2112478.729016629047692 ], [ 3748538.721430505625904, 2112470.817592368461192 ], [ 3748538.208497349638492, 2112469.192462698556483 ], [ 3748537.776138329878449, 2112467.800429092720151 ], [ 3748536.754344192333519, 2112464.830721876583993 ], [ 3748536.319228283129632, 2112463.409034010954201 ], [ 3748536.253212887328118, 2112462.994131796061993 ], [ 3748536.20767183881253, 2112462.577993880491704 ], [ 3748536.251821237616241, 2112460.991496564820409 ], [ 3748536.399452947080135, 2112456.63105956511572 ], [ 3748536.423068936914206, 2112454.455682137049735 ], [ 3748536.441221214830875, 2112451.860025698784739 ], [ 3748536.429512917995453, 2112439.001514041330665 ], [ 3748536.346952524036169, 2112426.369966669008136 ], [ 3748536.316830905620009, 2112423.919043328147382 ], [ 3748536.27518767118454, 2112421.920075298286974 ], [ 3748536.120012395549566, 2112418.489089211449027 ], [ 3748533.442881106864661, 2112413.609864636324346 ], [ 3748531.821441653184593, 2112410.69578540045768 ], [ 3748529.820165203884244, 2112407.115690001286566 ], [ 3748519.405030848924071, 2112388.553424415178597 ], [ 3748507.796662491746247, 2112368.309297028928995 ], [ 3748505.039255282375962, 2112363.667940197512507 ], [ 3748502.488423867151141, 2112359.437818058766425 ], [ 3748494.895567127503455, 2112347.674483144655824 ], [ 3748488.38091972284019, 2112337.783400560263544 ], [ 3748486.507437730673701, 2112334.742515075951815 ], [ 3748484.601922805886716, 2112331.574467827100307 ], [ 3748477.436252070125192, 2112319.039850076660514 ], [ 3748472.550070410594344, 2112305.722759661264718 ], [ 3748472.073009872809052, 2112302.061412364710122 ], [ 3748471.969815499614924, 2112298.415413664653897 ], [ 3748474.76652824645862, 2112285.296143867075443 ], [ 3748479.036847596056759, 2112274.784188350662589 ], [ 3748479.859895853325725, 2112272.764763744082302 ], [ 3748480.525882582645863, 2112271.140558415092528 ], [ 3748481.676157076843083, 2112268.479783200193197 ], [ 3748481.862099663820118, 2112268.182136151008308 ], [ 3748481.929753990378231, 2112268.035642711445689 ], [ 3748482.005973475053906, 2112267.868315280880779 ], [ 3748482.3464375291951, 2112267.025237420573831 ], [ 3748482.712430883198977, 2112266.130156215745956 ], [ 3748482.815173489507288, 2112265.920328734442592 ], [ 3748482.899661834351718, 2112265.73221580311656 ], [ 3748483.197458688169718, 2112265.213785887230188 ], [ 3748484.395345589611679, 2112262.869331125635654 ], [ 3748485.045886090025306, 2112261.53682581987232 ], [ 3748485.842541906051338, 2112259.910471722483635 ], [ 3748489.874960829969496, 2112251.543815051205456 ], [ 3748493.605908715166152, 2112242.714194342494011 ], [ 3748494.20503674261272, 2112240.785881500225514 ], [ 3748494.63195643061772, 2112239.083695847541094 ], [ 3748494.596123437397182, 2112234.810577745549381 ], [ 3748493.525206638965756, 2112232.556436275132 ], [ 3748493.287573671434075, 2112232.137798223644495 ], [ 3748493.075867154635489, 2112231.78711034078151 ], [ 3748492.527369022369385, 2112231.266997871920466 ], [ 3748491.32526443246752, 2112230.877894122153521 ], [ 3748490.699949948582798, 2112230.635559148155153 ], [ 3748489.95687393611297, 2112230.314121740870178 ], [ 3748486.188092610333115, 2112228.660697465296835 ], [ 3748480.471977872774005, 2112226.738092005252838 ], [ 3748478.486791360657662, 2112226.261245948262513 ], [ 3748476.341536082327366, 2112225.79991800384596 ], [ 3748467.147410994395614, 2112224.310064396820962 ], [ 3748457.946021766401827, 2112223.32161180395633 ], [ 3748455.787628354504704, 2112223.171743553131819 ], [ 3748453.79489519726485, 2112223.076426466926932 ], [ 3748448.034638558048755, 2112223.210825205780566 ], [ 3748443.555872199125588, 2112223.486939725466073 ], [ 3748442.377405286766589, 2112223.485640160739422 ], [ 3748441.225835656747222, 2112223.452552810311317 ], [ 3748437.29354861099273, 2112223.056476382538676 ], [ 3748433.555138125084341, 2112222.5727963084355 ], [ 3748432.530476375017315, 2112222.487429068423808 ], [ 3748431.50708380388096, 2112222.422293584793806 ], [ 3748427.834760105237365, 2112222.352698482573032 ], [ 3748423.782498535234481, 2112222.088116381783038 ], [ 3748422.517903765663505, 2112221.905174661893398 ], [ 3748421.188777795992792, 2112221.678018189035356 ], [ 3748415.85319213848561, 2112220.430985236540437 ], [ 3748411.089942601509392, 2112219.160684879869223 ], [ 3748410.111491773277521, 2112218.91108811693266 ], [ 3748409.277097195386887, 2112218.697929669171572 ], [ 3748406.350077545270324, 2112218.048764843028039 ], [ 3748396.719678801018745, 2112204.030360283795744 ], [ 3748381.851059910375625, 2112198.530913151334971 ], [ 3748362.125775392632931, 2112191.268991531804204 ], [ 3748338.140888643451035, 2112186.706506685819477 ], [ 3748355.826262395363301, 2112152.464219888672233 ], [ 3748373.347442544531077, 2112131.617919123731554 ], [ 3748408.574914233759046, 2112110.739039745181799 ], [ 3748363.307372157927603, 2112108.533857045695186 ], [ 3748330.749496957287192, 2112098.46767495200038 ], [ 3748319.636868335306644, 2112080.350885146297514 ], [ 3748300.069739806465805, 2112064.060767199844122 ], [ 3748278.960335232783109, 2112050.327619560994208 ], [ 3748248.069018405862153, 2112043.471815019845963 ], [ 3748233.443725621327758, 2112034.374476437922567 ], [ 3748223.450287708546966, 2112027.591011076699942 ], [ 3748203.902600097469985, 2112006.271422770805657 ], [ 3748172.163581188302487, 2111978.382500448264182 ], [ 3748145.626740067265928, 2111958.603708695154637 ], [ 3748121.556661021895707, 2111942.661320640705526 ], [ 3748106.367371344938874, 2111921.308020643889904 ], [ 3748080.7995261028409, 2111922.680862076114863 ], [ 3748050.049139170907438, 2111916.5236442014575 ], [ 3748021.354017396923155, 2111899.158460983075202 ], [ 3748007.569194747135043, 2111780.256369135342538 ], [ 3747988.935479147359729, 2111721.895942490082234 ], [ 3747997.224628392606974, 2111654.524957663845271 ], [ 3747987.21591772697866, 2111631.918934020679444 ], [ 3747916.119086614344269, 2111578.431489449460059 ], [ 3747855.014600380789489, 2111524.015997272450477 ], [ 3747826.241171945817769, 2111406.506374842487276 ], [ 3747791.077212147414684, 2111366.70729539450258 ], [ 3747762.640985678415745, 2111387.375977205112576 ], [ 3747735.533872536383569, 2111423.444568552076817 ], [ 3747733.064899999182671, 2111428.485977895092219 ], [ 3747733.064899999182671, 2119956.546936821192503 ], [ 3747739.299080746714026, 2119956.49094366421923 ] ] ], [ [ [ 3756053.027694914024323, 2120567.018001070711762 ], [ 3756050.778962166514248, 2120576.321699999738485 ], [ 3756054.075291039422154, 2120576.321699999738485 ], [ 3756053.027694914024323, 2120567.018001070711762 ] ] ], [ [ [ 3755954.946106891147792, 2120562.269849288277328 ], [ 3755970.640389842912555, 2120520.270963994786143 ], [ 3755983.484790383372456, 2120451.795345628634095 ], [ 3755985.005176966078579, 2120425.540216647088528 ], [ 3755949.723804651293904, 2120368.449896292760968 ], [ 3755915.545419258065522, 2120311.235669052228332 ], [ 3755893.836572065483779, 2120264.839804227463901 ], [ 3755868.83389692986384, 2120305.177383371628821 ], [ 3755851.586950619705021, 2120322.289584710262716 ], [ 3755803.020299630239606, 2120310.492336169816554 ], [ 3755824.242972554173321, 2120243.666079989168793 ], [ 3755830.870008735917509, 2120216.213880899362266 ], [ 3755839.345882449299097, 2120184.116962323896587 ], [ 3755852.092807883862406, 2120149.387553009204566 ], [ 3755833.667363773565739, 2120144.387659694533795 ], [ 3755738.543407809920609, 2120110.719145270995796 ], [ 3755754.595492252148688, 2119983.988708044867963 ], [ 3755760.211378405801952, 2119949.181443915236741 ], [ 3755743.936798194423318, 2119944.383138968143612 ], [ 3755688.871970189269632, 2119838.941624749917537 ], [ 3755687.786967454478145, 2119840.93832032661885 ], [ 3755668.914523832965642, 2119926.989385266788304 ], [ 3755653.629881939850748, 2119959.966011069715023 ], [ 3755646.997827511746436, 2120005.661096211522818 ], [ 3755644.953702753875405, 2120087.006308264564723 ], [ 3755640.934555827639997, 2120127.962213426362723 ], [ 3755637.127014175057411, 2120138.476398723199964 ], [ 3755533.185570806264877, 2120110.555591822601855 ], [ 3755519.620846715755761, 2120081.767525725066662 ], [ 3755490.567495230119675, 2120054.416081967297941 ], [ 3755379.783076737541705, 2119984.570156765170395 ], [ 3755348.733110442757607, 2119974.931560260243714 ], [ 3755285.259875720366836, 2119928.355102711822838 ], [ 3755275.469238626770675, 2120083.977047108579427 ], [ 3755145.190271209459752, 2120576.321699999738485 ], [ 3755953.534072848502547, 2120576.321699999738485 ], [ 3755954.946106891147792, 2120562.269849288277328 ] ] ], [ [ [ 3754413.631438468117267, 2120566.818241787143052 ], [ 3754410.444051493424922, 2120564.863004881888628 ], [ 3754377.035405240952969, 2120527.900911889970303 ], [ 3754362.325252807699144, 2120474.180156917776912 ], [ 3754351.753846236504614, 2120410.059920789673924 ], [ 3754334.899444360285997, 2120331.499578285496682 ], [ 3754313.048718183301389, 2120253.402558659203351 ], [ 3754281.20570463500917, 2120176.232775541953743 ], [ 3754260.771075633354485, 2120117.14104513451457 ], [ 3754257.643521410413086, 2120117.514556294307113 ], [ 3754225.530640183016658, 2120117.730176000855863 ], [ 3754206.806606822181493, 2120116.343096754513681 ], [ 3754192.014345631934702, 2120114.060021896846592 ], [ 3754174.402248440310359, 2120110.265890598297119 ], [ 3754157.162599796894938, 2120105.535938263870776 ], [ 3754140.907755455002189, 2120098.681720626540482 ], [ 3754128.620710886083543, 2120090.997897415421903 ], [ 3754112.55987572716549, 2120078.456544925924391 ], [ 3754112.340594917535782, 2120078.285118395928293 ], [ 3754107.32882913434878, 2120084.118858794681728 ], [ 3754082.887735496275127, 2120113.130001734010875 ], [ 3754054.923562847077847, 2120121.734395030885935 ], [ 3754038.564455232582986, 2120124.754931129515171 ], [ 3754038.73889561695978, 2120144.279118387028575 ], [ 3754037.800459777936339, 2120168.413570103235543 ], [ 3754029.322036099620163, 2120175.209905699361116 ], [ 3754012.789334528148174, 2120158.716192928142846 ], [ 3753984.521867049392313, 2120146.306116406805813 ], [ 3753969.146853021346033, 2120143.225775728002191 ], [ 3753961.863959881011397, 2120128.868500700686127 ], [ 3753895.378195119090378, 2120130.469823354389518 ], [ 3753884.876886427868158, 2120181.746787322685122 ], [ 3753817.940590993501246, 2120394.316290049813688 ], [ 3753682.972239267546684, 2120576.321699999738485 ], [ 3754422.289124816656113, 2120576.321699999738485 ], [ 3754413.631438468117267, 2120566.818241787143052 ] ] ] ] } }
]
}
