{
"type": "FeatureCollection",
"name": "Vilella_Alta,_La",
"crs": { "type": "name", "properties": { "name": "urn:ogc:def:crs:EPSG::3035" } },
"features": [
{ "type": "Feature", "properties": { "ENP_GRAL": 1.0, "ENP_GRAL_NAME": "Otros Parques", "color": "#38A800" }, "geometry": { "type": "Polygon", "coordinates": [ [ [ 3549339.66685710195452, 2064352.603924544993788 ], [ 3549335.714002748019993, 2064349.481362621299922 ], [ 3549332.175752023700625, 2064342.812695803120732 ], [ 3549329.340957249514759, 2064338.079061532625929 ], [ 3549326.450947936624289, 2064332.349196477793157 ], [ 3549321.268210941925645, 2064322.334138573845848 ], [ 3549318.925512077752501, 2064318.554651136510074 ], [ 3549324.097220771480352, 2064319.05499160871841 ], [ 3549327.540942955762148, 2064319.221929101273417 ], [ 3549332.088751803617924, 2064319.782830123789608 ], [ 3549336.605145267676562, 2064320.346649871207774 ], [ 3549339.80669500073418, 2064320.696167271817103 ], [ 3549339.80669500073418, 2064143.388397960457951 ], [ 3549339.048301363829523, 2064141.813518336042762 ], [ 3549338.232065638527274, 2064140.390126670710742 ], [ 3549337.353540352080017, 2064138.97278415877372 ], [ 3549335.963772862683982, 2064137.104180281748995 ], [ 3549333.89466549968347, 2064134.299741719383746 ], [ 3549331.108166056219488, 2064131.564894236624241 ], [ 3549329.699315352365375, 2064130.198962337803096 ], [ 3549328.216056439094245, 2064128.339391293236986 ], [ 3549325.043091956526041, 2064125.141151170711964 ], [ 3549321.869830819312483, 2064121.94296056847088 ], [ 3549319.762655903119594, 2064120.143849513726309 ], [ 3549317.64337797369808, 2064117.845148485386744 ], [ 3549315.879264295101166, 2064116.012840294744819 ], [ 3549314.115051734261215, 2064114.180548611562699 ], [ 3549311.63353028614074, 2064112.417733286274597 ], [ 3549306.826169711537659, 2064108.877037219936028 ], [ 3549305.198852729052305, 2064107.532302607083693 ], [ 3549303.041407867800444, 2064106.238945741206408 ], [ 3549299.823014819994569, 2064105.048459905898198 ], [ 3549297.821351167745888, 2064103.740021102596074 ], [ 3549295.999887941405177, 2064103.4157457544934 ], [ 3549293.18702797871083, 2064102.185882388381287 ], [ 3549291.759192799217999, 2064101.322606288595125 ], [ 3549289.582367520779371, 2064100.531971261138096 ], [ 3549287.268646743614227, 2064099.253779228543863 ], [ 3549285.454346440732479, 2064097.927110554417595 ], [ 3549282.324603887740523, 2064095.225592225790024 ], [ 3549280.205112870316952, 2064092.926826126873493 ], [ 3549277.49300647014752, 2064090.685520130675286 ], [ 3549274.8122165389359, 2064088.441312334965914 ], [ 3549272.755228602327406, 2064086.136562418658286 ], [ 3549270.51115850219503, 2064083.849894772749394 ], [ 3549269.152479484677315, 2064081.978225504746661 ], [ 3549267.806033200118691, 2064080.606326565379277 ], [ 3549266.833819270599633, 2064079.198049929458648 ], [ 3549265.412850725464523, 2064077.332429865607992 ], [ 3549264.023282075300813, 2064075.463793125236407 ], [ 3549262.988893027883023, 2064074.061647536000237 ], [ 3549262.203959274105728, 2064072.635255640372634 ], [ 3549261.106952883303165, 2064071.239012061385438 ], [ 3549260.029243710916489, 2064069.340161660918966 ], [ 3549259.30669860355556, 2064067.907704066717997 ], [ 3549258.185684872791171, 2064065.512247207574546 ], [ 3549257.170265504624695, 2064063.607347608078271 ], [ 3549255.849853771738708, 2064060.730317523470148 ], [ 3549255.02171462867409, 2064058.807302673812956 ], [ 3549254.299169761128724, 2064057.374845090555027 ], [ 3549253.077386550139636, 2064055.990732901496813 ], [ 3549251.6062624710612, 2064054.630948862293735 ], [ 3549248.874973865691572, 2064052.892331647220999 ], [ 3549247.403834293130785, 2064051.532449294347316 ], [ 3549245.913313956931233, 2064050.675288616679609 ], [ 3549242.913371548056602, 2064049.463508172892034 ], [ 3549240.100724718533456, 2064048.233710888540372 ], [ 3549237.319165473803878, 2064047.000848151277751 ], [ 3549235.828645092900842, 2064046.143687606789172 ], [ 3549233.651819488499314, 2064045.353053254308179 ], [ 3549231.494275755248964, 2064044.059713712427765 ], [ 3549229.660891716368496, 2064043.23571768286638 ], [ 3549227.815222900360823, 2064041.912262790836394 ], [ 3549223.624600264243782, 2064039.313403638778254 ], [ 3549221.704622773453593, 2064037.496292946394533 ], [ 3549219.273372300900519, 2064035.227724447846413 ], [ 3549216.623670703265816, 2064032.980451676528901 ], [ 3549215.015438326634467, 2064031.133045390248299 ], [ 3549213.700179097708315, 2064029.758064620196819 ], [ 3549211.880628771148622, 2064026.92936346353963 ], [ 3549210.771635063923895, 2064025.03361155022867 ], [ 3549208.503444907255471, 2064021.74764888570644 ], [ 3549207.375351557508111, 2064020.354470935184509 ], [ 3549205.692712015472353, 2064018.013425277546048 ], [ 3549200.249333571642637, 2064014.033601835835725 ], [ 3549198.154193991329521, 2064012.734295253874734 ], [ 3549196.445488119032234, 2064011.898184589808807 ], [ 3549193.61355884000659, 2064011.171093539567664 ], [ 3549190.906505613122135, 2064010.431854616850615 ], [ 3549188.199353439733386, 2064009.692632288904861 ], [ 3549184.189044364728034, 2064008.078019774751738 ], [ 3549182.242802831809968, 2064007.765877573285252 ], [ 3549180.284443571697921, 2064006.95404670224525 ], [ 3549178.91860135179013, 2064006.084771730704233 ], [ 3549177.521968240384012, 2064005.218512820778415 ], [ 3549175.92603615205735, 2064003.870664119021967 ], [ 3549173.525790216866881, 2064001.599145375657827 ], [ 3549171.699304770678282, 2063999.773002108093351 ], [ 3549170.3407260668464, 2063997.901316500967368 ], [ 3549169.450085153337568, 2063995.984285230515525 ], [ 3549168.316955686081201, 2063993.089139301097021 ], [ 3549167.558188988361508, 2063990.157795532373711 ], [ 3549167.135585016570985, 2063988.195402135141194 ], [ 3549165.985401355195791, 2063983.29858301114291 ], [ 3549165.457203943282366, 2063980.845632255310193 ], [ 3549164.960193195845932, 2063978.389599472517148 ], [ 3549164.090881384909153, 2063973.465615668101236 ], [ 3549163.730567753780633, 2063971.497173147276044 ], [ 3549163.389453343115747, 2063969.026140109403059 ], [ 3549162.961814746260643, 2063965.561779007315636 ], [ 3549162.68318816460669, 2063963.084663809975609 ], [ 3549162.305920287035406, 2063959.114531942876056 ], [ 3549161.990942446514964, 2063955.138350930297747 ], [ 3549161.836895818822086, 2063952.649137408006936 ], [ 3549161.63984237331897, 2063949.663267857395113 ], [ 3549161.810069587547332, 2063947.643479743273929 ], [ 3549166.207002886105329, 2063934.195613536285236 ], [ 3549170.491280300542712, 2063921.259570440743119 ], [ 3549174.085073230788112, 2063913.398662224411964 ], [ 3549177.648092397488654, 2063905.54086980340071 ], [ 3549178.161253734491765, 2063903.487705582287163 ], [ 3549178.057596650905907, 2063900.492821288527921 ], [ 3549177.550524222664535, 2063895.032856332603842 ], [ 3549177.315204635262489, 2063893.052348952740431 ], [ 3549177.079671792685986, 2063891.071776246186346 ], [ 3549176.142932617571205, 2063884.651796135818586 ], [ 3549175.664830406196415, 2063881.693224278045818 ], [ 3549175.143805630970746, 2063878.237881869543344 ], [ 3549174.454503122251481, 2063874.298097567632794 ], [ 3549173.777301642112434, 2063870.857903225813061 ], [ 3549173.236894998233765, 2063867.90528235770762 ], [ 3549172.317109080031514, 2063863.486990590579808 ], [ 3549171.894510363228619, 2063861.524598595919088 ], [ 3549171.503014895133674, 2063859.559239464346319 ], [ 3549171.087485154625028, 2063856.594470952171832 ], [ 3549170.784647897817194, 2063853.118079699808732 ], [ 3549170.606588231865317, 2063849.629557257052511 ], [ 3549170.491000897716731, 2063846.134854414965957 ], [ 3549170.39956230064854, 2063843.639642804861069 ], [ 3549170.413601671345532, 2063841.634906423743814 ], [ 3549170.602920099627227, 2063839.112448740517721 ], [ 3549170.897731968201697, 2063837.080564635572955 ], [ 3549171.28633252857253, 2063835.039598328759894 ], [ 3549171.955591068137437, 2063832.971402446040884 ], [ 3549172.636653265915811, 2063831.40284588211216 ], [ 3549173.711560575291514, 2063829.295354663860053 ], [ 3549174.455308342818171, 2063827.720683132298291 ], [ 3549176.285996092949063, 2063824.538323601707816 ], [ 3549177.704033775255084, 2063822.397422765381634 ], [ 3549179.64041290897876, 2063819.705604166956618 ], [ 3549181.557492437772453, 2063817.516392096178606 ], [ 3549182.975561566650867, 2063815.375688469503075 ], [ 3549185.742096167989075, 2063812.102444715797901 ], [ 3549187.48414116865024, 2063810.43121635611169 ], [ 3549188.976782813668251, 2063808.783922443864867 ], [ 3549191.29931384883821, 2063806.555449200328439 ], [ 3549193.653244957327843, 2063804.323959614150226 ], [ 3549196.007275129668415, 2063802.092453806195408 ], [ 3549197.811792725231498, 2063800.415045948699117 ], [ 3549199.191476122941822, 2063799.27962128049694 ], [ 3549201.245366297662258, 2063797.578082822263241 ], [ 3549203.361728651449084, 2063795.870364163536578 ], [ 3549205.634382823016495, 2063794.147579870419577 ], [ 3549207.875637160614133, 2063792.42781238630414 ], [ 3549210.05430507613346, 2063790.714143647812307 ], [ 3549212.576233054511249, 2063788.96724570565857 ], [ 3549214.411839006468654, 2063787.286773805040866 ], [ 3549215.791720692999661, 2063786.151317157549784 ], [ 3549217.814607286825776, 2063784.452730810735375 ], [ 3549219.806094041559845, 2063782.757161239860579 ], [ 3549221.173777367919683, 2063781.122132149757817 ], [ 3549222.810300381854177, 2063778.960136953508481 ], [ 3549224.789802296087146, 2063776.765060499543324 ], [ 3549225.627143231220543, 2063775.181342751486227 ], [ 3549226.932521624490619, 2063773.552264822646976 ], [ 3549228.194301773793995, 2063771.426630885573104 ], [ 3549229.21902236668393, 2063769.824782237643376 ], [ 3549230.200144755654037, 2063767.726377577753738 ], [ 3549230.943910791072994, 2063766.151807635324076 ], [ 3549231.675561994314194, 2063764.077550269896165 ], [ 3549231.970476899761707, 2063762.045653042150661 ], [ 3549232.097396462224424, 2063759.529166432330385 ], [ 3549231.974761359393597, 2063757.036941807018593 ], [ 3549231.684032089076936, 2063754.060144305462018 ], [ 3549231.417319188825786, 2063752.082656388636678 ], [ 3549231.119518683291972, 2063750.108233894221485 ], [ 3549230.634437715634704, 2063748.151926000835374 ], [ 3549230.086968113668263, 2063746.201683597639203 ], [ 3549229.258825042285025, 2063744.278571826172993 ], [ 3549228.075338307302445, 2063741.889198411954567 ], [ 3549226.443099447526038, 2063739.042481057578698 ], [ 3549225.408588548656553, 2063737.640154856955633 ], [ 3549224.405295296106488, 2063736.234943426214159 ], [ 3549222.878845481202006, 2063733.878749612020329 ], [ 3549221.301725944969803, 2063732.028374687768519 ], [ 3549220.068147794809192, 2063730.144622833002359 ], [ 3549217.749404650647193, 2063727.364462010096759 ], [ 3549216.309359521139413, 2063726.001512235030532 ], [ 3549214.962905240245163, 2063724.629513422958553 ], [ 3549212.918045031372458, 2063722.824449080973864 ], [ 3549210.798681638203561, 2063720.525762793142349 ], [ 3549208.024099001660943, 2063718.29053470143117 ], [ 3549205.312019530683756, 2063716.049323003506288 ], [ 3549203.934378737583756, 2063714.68040613969788 ], [ 3549201.627932707313448, 2063712.399801514809951 ], [ 3549200.125498985871673, 2063711.042917298851535 ], [ 3549198.966127641499043, 2063709.65283692558296 ], [ 3549198.08751336298883, 2063708.23551105032675 ], [ 3549196.928240977227688, 2063706.845414187759161 ], [ 3549195.725766562856734, 2063704.958695271285251 ], [ 3549194.847235776484013, 2063703.541254558833316 ], [ 3549193.488584030419588, 2063701.669683173298836 ], [ 3549192.410887219943106, 2063699.77083329227753 ], [ 3549191.657165029086173, 2063698.341458288719878 ], [ 3549190.735333489254117, 2063696.427412022138014 ], [ 3549189.708025743253529, 2063694.02289103390649 ], [ 3549188.269928582478315, 2063690.155618723481894 ], [ 3549186.819831941276789, 2063685.788740830030292 ], [ 3549185.749208370223641, 2063682.88751600147225 ], [ 3549184.678387121297419, 2063679.986324176192284 ], [ 3549183.514188479166478, 2063677.094246754888445 ], [ 3549182.443367523141205, 2063674.193054950563237 ], [ 3549180.861505003646016, 2063670.840568204643205 ], [ 3549180.064566269516945, 2063668.914472876815125 ], [ 3549179.329834034666419, 2063666.982443409739062 ], [ 3549177.75504507869482, 2063662.627581786597148 ], [ 3549176.254675705451518, 2063658.76645696698688 ], [ 3549175.047162117436528, 2063655.37767578382045 ], [ 3549173.292281186208129, 2063650.038635798497126 ], [ 3549172.389539543539286, 2063647.621918662684038 ], [ 3549171.443726465571672, 2063644.708759741624817 ], [ 3549170.248114114627242, 2063641.819600667105988 ], [ 3549169.03352789208293, 2063639.433194388868287 ], [ 3549167.713138255756348, 2063636.556166256777942 ], [ 3549166.436262373812497, 2063634.175808949396014 ], [ 3549164.424655584618449, 2063629.863422274822369 ], [ 3549163.409349729306996, 2063627.958506980445236 ], [ 3549162.393945016898215, 2063626.053608185611665 ], [ 3549161.378540360368788, 2063624.148709395900369 ], [ 3549160.593617779202759, 2063622.722318020183593 ], [ 3549159.453420151956379, 2063620.82945181732066 ], [ 3549157.907687750179321, 2063618.975961950141937 ], [ 3549155.869721382856369, 2063616.168653988745064 ], [ 3549153.906325255054981, 2063613.854754764353856 ], [ 3549151.463105434551835, 2063611.086675333091989 ], [ 3549148.976570123806596, 2063607.821892092004418 ], [ 3549147.692324220202863, 2063606.443959092954174 ], [ 3549144.843325366731733, 2063603.714994014007971 ], [ 3549143.216032322496176, 2063602.370355429593474 ], [ 3549141.576907156966627, 2063600.52588163362816 ], [ 3549140.40552340913564, 2063598.636097333626822 ], [ 3549139.234155220445246, 2063596.746411369415 ], [ 3549138.386828850954771, 2063595.325987115502357 ], [ 3549137.39061276614666, 2063592.918400870868936 ], [ 3549136.655882912687957, 2063590.986371474806219 ], [ 3549136.034114218316972, 2063588.54247428313829 ], [ 3549135.537024324759841, 2063586.086462683975697 ], [ 3549135.270332891028374, 2063584.109073344152421 ], [ 3549135.042001836933196, 2063581.126210868591443 ], [ 3549134.969650734215975, 2063578.128233968513086 ], [ 3549134.897200914565474, 2063575.130273624556139 ], [ 3549135.043317695148289, 2063572.111100442474708 ], [ 3549135.282926735002548, 2063569.082894834922627 ], [ 3549135.997451504226774, 2063565.006987835979089 ], [ 3549136.755390683189034, 2063561.427768275141716 ], [ 3549137.513215750921518, 2063557.848467052681372 ], [ 3549138.597068081609905, 2063552.234303017146885 ], [ 3549139.242114684078842, 2063549.166738472878933 ], [ 3549139.462734873406589, 2063546.641187908127904 ], [ 3549139.570393574424088, 2063544.627504925010726 ], [ 3549139.320091773290187, 2063538.140898493817076 ], [ 3549139.240667792037129, 2063536.145297077018768 ], [ 3549139.000143883284181, 2063532.662863428937271 ], [ 3549138.80310179060325, 2063529.676903778221458 ], [ 3549138.598702692426741, 2063527.693466297350824 ], [ 3549138.257595797535032, 2063525.222341204527766 ], [ 3549137.686221196316183, 2063522.272774141514674 ], [ 3549137.095559248700738, 2063519.825910744024441 ], [ 3549136.180627464782447, 2063516.909621960949153 ], [ 3549135.153311824426055, 2063514.505003269296139 ], [ 3549134.243614281527698, 2063513.09074282925576 ], [ 3549132.959552734158933, 2063511.712678149808198 ], [ 3549131.051587328314781, 2063510.395169210387394 ], [ 3549129.249111984856427, 2063509.568233120022342 ], [ 3549127.446735543198884, 2063508.741280558984727 ], [ 3549125.644359090365469, 2063507.914328032406047 ], [ 3549122.507660137023777, 2063506.215161806670949 ], [ 3549119.507736781612039, 2063505.003470129100606 ], [ 3549116.570103320293128, 2063503.785729633644223 ], [ 3549114.443670224398375, 2063502.489417229779065 ], [ 3549112.672678184695542, 2063501.6593500492163 ], [ 3549111.119773613288999, 2063500.808250907575712 ], [ 3549108.669367336202413, 2063499.042463709367439 ], [ 3549106.854795041494071, 2063497.715939130401239 ], [ 3549104.946616213768721, 2063496.398365206085145 ], [ 3549103.41299932077527, 2063495.044562393333763 ], [ 3549101.512209260370582, 2063492.724662875058129 ], [ 3549100.571309750434011, 2063491.313385990913957 ], [ 3549099.181560538709164, 2063489.444781570928171 ], [ 3549098.228647762909532, 2063487.533800971694291 ], [ 3549097.076258440501988, 2063485.141362456604838 ], [ 3549095.775179378222674, 2063481.761729237623513 ], [ 3549095.102941046934575, 2063479.823618224123493 ], [ 3549093.926640016026795, 2063476.431854171678424 ], [ 3549093.347878491040319, 2063474.484612357569858 ], [ 3549092.894092584960163, 2063472.525206711841747 ], [ 3549092.166459288448095, 2063469.59090159740299 ], [ 3549091.078798406757414, 2063464.687912269728258 ], [ 3549090.519241941161454, 2063462.238081657327712 ], [ 3549089.897380128502846, 2063459.794201653217897 ], [ 3549088.740368450060487, 2063455.899734073784202 ], [ 3549088.11850693076849, 2063453.455854114610702 ], [ 3549087.508757393341511, 2063451.511661309981719 ], [ 3549086.562725443392992, 2063448.598339468473569 ], [ 3549085.585605879779905, 2063445.688083035405725 ], [ 3549087.915548745542765, 2063442.457293783547357 ], [ 3549089.282934064045548, 2063440.822219882858917 ], [ 3549090.244378634728491, 2063432.715802637394518 ], [ 3549089.780656824354082, 2063427.752455265959725 ], [ 3549089.724348778836429, 2063420.245526754762977 ], [ 3549089.848427159711719, 2063413.722727020503953 ], [ 3549089.547750181052834, 2063407.741793716093525 ], [ 3549088.82924476172775, 2063401.300680808722973 ], [ 3549088.488159304950386, 2063398.829654828412458 ], [ 3549087.703242092393339, 2063397.403263666201383 ], [ 3549083.759451068006456, 2063390.773896430851892 ], [ 3549058.784038276411593, 2063369.155239574611187 ], [ 3549055.460158575326204, 2063367.474170335335657 ], [ 3549052.092767774127424, 2063365.296430699294433 ], [ 3549050.18500183802098, 2063363.978888528654352 ], [ 3549046.207864586729556, 2063359.856956427218392 ], [ 3549046.790435697417706, 2063356.795475368387997 ], [ 3549049.924492282327265, 2063354.488391850143671 ], [ 3549053.000978299882263, 2063353.689369684550911 ], [ 3549058.928569877520204, 2063353.114666410256177 ], [ 3549066.192577160894871, 2063350.908038828521967 ], [ 3549070.317511728033423, 2063349.506531570106745 ], [ 3549077.257646161131561, 2063346.830414867959917 ], [ 3549079.865994285792112, 2063346.076770462561399 ], [ 3549084.034424288664013, 2063345.171836748253554 ], [ 3549092.433574322145432, 2063343.355921811191365 ], [ 3549117.828267903532833, 2063340.894209169317037 ], [ 3549126.208227166905999, 2063339.580987418768927 ], [ 3549149.200944091659039, 2063337.352149746380746 ], [ 3549158.939459530171007, 2063337.910620754817501 ], [ 3549161.821584093384445, 2063338.132093175081536 ], [ 3549168.267606695182621, 2063337.006376626901329 ], [ 3549171.470738693140447, 2063333.690933515084907 ], [ 3549174.611679931171238, 2063330.381523164454848 ], [ 3549179.537856067530811, 2063325.897325604688376 ], [ 3549184.894101141486317, 2063322.373175665270537 ], [ 3549192.620807417668402, 2063318.619107908336446 ], [ 3549197.98895004298538, 2063315.594581191195175 ], [ 3549207.151075483299792, 2063311.701444132020697 ], [ 3549215.077288574539125, 2063308.429036178393289 ], [ 3549221.155846698209643, 2063306.337283571716398 ], [ 3549228.743812006898224, 2063304.600064854603261 ], [ 3549234.06649190094322, 2063303.583286922657862 ], [ 3549245.453764898702502, 2063302.47947034263052 ], [ 3549249.672391208820045, 2063301.06891853432171 ], [ 3549259.071766430512071, 2063296.651882380712777 ], [ 3549268.706960861571133, 2063294.215461135143414 ], [ 3549273.929066743236035, 2063294.210091183194891 ], [ 3549278.351981882937253, 2063294.78299069730565 ], [ 3549280.891042319126427, 2063295.037664613919333 ], [ 3549284.678057493176311, 2063295.171513121109456 ], [ 3549289.782253884710371, 2063294.175838920287788 ], [ 3549291.929942525923252, 2063292.465145932277665 ], [ 3549295.903336342424154, 2063286.070072665344924 ], [ 3549298.859056977089494, 2063280.2743654132355 ], [ 3549302.002174127846956, 2063274.460627714404836 ], [ 3549305.013317313976586, 2063269.661309185670689 ], [ 3549309.133525228127837, 2063266.7577254853677 ], [ 3549313.37852676725015, 2063263.842110866447911 ], [ 3549317.373858449049294, 2063260.950674995547161 ], [ 3549322.000391473993659, 2063256.996384080499411 ], [ 3549326.532953687943518, 2063253.051306728040799 ], [ 3549333.448778952006251, 2063249.375889859860763 ], [ 3549339.80669500073418, 2063248.759586940752342 ], [ 3549339.80669500073418, 2063001.255131583893672 ], [ 3549334.704258656129241, 2063000.843510003993288 ], [ 3549319.219551555812359, 2062992.828753409441561 ], [ 3549310.881920326966792, 2062988.127825860632583 ], [ 3549309.173141399864107, 2062987.291812719777226 ], [ 3549286.489714506082237, 2062985.483918420737609 ], [ 3549279.887905151583254, 2062986.624765627318993 ], [ 3549243.999402803368866, 2062996.113544799620286 ], [ 3549237.928007227834314, 2062997.202880430500954 ], [ 3549232.917173370718956, 2062998.189425843534991 ], [ 3549226.109085562638938, 2062999.851045906310901 ], [ 3549214.093074167147279, 2062999.513383936136961 ], [ 3549206.290671422611922, 2062996.263035585870966 ], [ 3549187.29292911477387, 2062989.089721937896684 ], [ 3549182.346568713895977, 2062987.565882170805708 ], [ 3549175.684438691474497, 2062986.20838551572524 ], [ 3549170.543822613544762, 2062985.705110782757401 ], [ 3549147.174088925588876, 2062983.963889943668619 ], [ 3549141.023093760944903, 2062983.057677111821249 ], [ 3549136.23300951346755, 2062981.518677869113162 ], [ 3549130.787405281793326, 2062980.043181271059439 ], [ 3549122.927727876231074, 2062978.300944395828992 ], [ 3549117.057901890017092, 2062977.367522863205522 ], [ 3549112.073249540757388, 2062976.849041410023347 ], [ 3549106.813054841011763, 2062977.859826152445748 ], [ 3549094.487797325011343, 2062981.558733039768413 ], [ 3549087.204776301980019, 2062984.268066809047014 ], [ 3549073.392142153345048, 2062991.116162418853492 ], [ 3549069.384582311846316, 2062993.507937316549942 ], [ 3549060.17713444493711, 2062999.408768371213228 ], [ 3549053.909399496857077, 2063004.023024143883958 ], [ 3549031.519208911340684, 2063024.724183341022581 ], [ 3549029.213545117992908, 2063028.954309814842418 ], [ 3549026.706313145812601, 2063035.207211925880983 ], [ 3549024.379293258301914, 2063042.444471344118938 ], [ 3549019.096693904604763, 2063055.477225799579173 ], [ 3549015.766383936628699, 2063061.30917787225917 ], [ 3549010.350962736643851, 2063068.845734166447073 ], [ 3549007.97780891135335, 2063071.57998709147796 ], [ 3549004.393120360560715, 2063075.934111460810527 ], [ 3549001.801467691548169, 2063078.689364137826487 ], [ 3548992.241824679076672, 2063088.130224575521424 ], [ 3548986.622323746792972, 2063093.68330462067388 ], [ 3548978.175390182994306, 2063100.01122357416898 ], [ 3548971.619909980334342, 2063105.655008152825758 ], [ 3548961.129104561638087, 2063116.68857832159847 ], [ 3548956.551076265051961, 2063122.641538424883038 ], [ 3548952.364303616806865, 2063130.559789387742057 ], [ 3548948.784632319584489, 2063136.415887152776122 ], [ 3548946.697351152077317, 2063140.62484905635938 ], [ 3548943.484765592962503, 2063147.447159752715379 ], [ 3548940.992032564245164, 2063151.695383614394814 ], [ 3548934.685820503160357, 2063157.314970002975315 ], [ 3548927.565879189874977, 2063159.006862974725664 ], [ 3548920.478999066632241, 2063158.191371634369716 ], [ 3548912.283167455811054, 2063155.480228239903226 ], [ 3548905.796187898609787, 2063153.604874039301649 ], [ 3548901.361270076129586, 2063152.532391435233876 ], [ 3548892.932855910155922, 2063151.846883379388601 ], [ 3548886.338233039714396, 2063151.98541051056236 ], [ 3548875.812716018874198, 2063152.504914129385725 ], [ 3548871.956137897446752, 2063153.379643241409212 ], [ 3548867.063399110920727, 2063155.356417211471125 ], [ 3548863.948437985032797, 2063157.160933087579906 ], [ 3548859.984384686686099, 2063160.049314240226522 ], [ 3548857.380858891643584, 2063162.305059891892597 ], [ 3548852.771538514178246, 2063168.261041608639061 ], [ 3548848.500453792978078, 2063172.681732947705314 ], [ 3548839.110769845079631, 2063180.102727314922959 ], [ 3548829.972843177616596, 2063184.99530354491435 ], [ 3548809.241742515936494, 2063191.51248542428948 ], [ 3548800.336251017637551, 2063194.379154963651672 ], [ 3548775.986151210963726, 2063201.247323663206771 ], [ 3548765.659812594763935, 2063202.248364750761539 ], [ 3548761.03071171650663, 2063202.196254632202908 ], [ 3548755.04986837040633, 2063199.270328930346295 ], [ 3548752.225113769527525, 2063197.540841466048732 ], [ 3548742.737341079860926, 2063187.943268664414063 ], [ 3548739.559397330507636, 2063183.243062227964401 ], [ 3548737.578903467394412, 2063178.927608291618526 ], [ 3548729.167350034229457, 2063158.20743435784243 ], [ 3548713.595635948237032, 2063127.163276008563116 ], [ 3548710.112620191182941, 2063121.490956023335457 ], [ 3548700.480216805823147, 2063105.897518226178363 ], [ 3548697.23476447397843, 2063099.701329475501552 ], [ 3548693.62717055156827, 2063094.041107767727226 ], [ 3548690.218769997823983, 2063088.862492121057585 ], [ 3548686.0686538326554, 2063082.754107482498512 ], [ 3548681.892543648835272, 2063078.15063962014392 ], [ 3548677.06593891652301, 2063075.112745582126081 ], [ 3548665.644703770522028, 2063072.213400775799528 ], [ 3548658.608407323248684, 2063070.892230640165508 ], [ 3548640.954979380592704, 2063067.595423720544204 ], [ 3548631.379514861851931, 2063066.019621790386736 ], [ 3548623.438140515238047, 2063064.786227977834642 ], [ 3548616.284048957750201, 2063062.474833174841478 ], [ 3548608.500925886444747, 2063058.721948653226718 ], [ 3548602.863328685518354, 2063055.762699104845524 ], [ 3548597.369816471356899, 2063052.288711543893442 ], [ 3548592.058264071587473, 2063047.294592603575438 ], [ 3548588.724346412811428, 2063042.609501598635688 ], [ 3548585.473887242376804, 2063034.911344526801258 ], [ 3548583.550880106631666, 2063029.087840202730149 ], [ 3548582.825422710273415, 2063023.649070911342278 ], [ 3548582.143360199406743, 2063018.706891717854887 ], [ 3548580.537225969135761, 2063014.355141178006306 ], [ 3548578.120116328820586, 2063010.082130013266578 ], [ 3548574.978476251475513, 2063006.880792578216642 ], [ 3548572.165648785885423, 2063005.651126879500225 ], [ 3548568.659393992740661, 2063005.490167931420729 ], [ 3548564.116594732739031, 2063006.431425 ], [ 3548559.036379990167916, 2063008.426471082726493 ], [ 3548555.017124509438872, 2063010.318645941792056 ], [ 3548548.49459964223206, 2063013.455124405678362 ], [ 3548542.121367435436696, 2063017.578800674295053 ], [ 3548536.016603754833341, 2063021.175674291560426 ], [ 3548522.249428362585604, 2063026.016117498278618 ], [ 3548515.822882688604295, 2063026.639255721354857 ], [ 3548510.626933872699738, 2063025.139634263934568 ], [ 3548504.509496996179223, 2063021.726112752454355 ], [ 3548498.816409757360816, 2063017.770688043208793 ], [ 3548493.773802870418876, 2063012.249586800811812 ], [ 3548487.199360349681228, 2063002.870389282004908 ], [ 3548483.148058177903295, 2062998.254990059882402 ], [ 3548479.819050727412105, 2062995.071884942008182 ], [ 3548477.349354705307633, 2062993.808811484370381 ], [ 3548473.188202189281583, 2062993.711467307759449 ], [ 3548469.206919763237238, 2062994.598238945007324 ], [ 3548463.81475777272135, 2062996.623624974163249 ], [ 3548459.507528385147452, 2062999.545254156924784 ], [ 3548455.761749577708542, 2063002.412602870259434 ], [ 3548446.85425743367523, 2063007.783652479993179 ], [ 3548434.20740728918463, 2063008.508977551013231 ], [ 3548427.396359143778682, 2063006.164302843622863 ], [ 3548421.115756630897522, 2063003.768297853879631 ], [ 3548414.180044137872756, 2063001.435837843688205 ], [ 3548399.33118465077132, 2062993.860509315971285 ], [ 3548388.931862473487854, 2062985.353106004884467 ], [ 3548380.615367200225592, 2062977.645349203841761 ], [ 3548375.577668773941696, 2062973.626237729564309 ], [ 3548370.247118080966175, 2062969.134782738983631 ], [ 3548363.656430142000318, 2062964.264695163583383 ], [ 3548355.743611287791282, 2062959.021975173149258 ], [ 3548351.476558460388333, 2062958.434032031800598 ], [ 3548347.178501018323004, 2062957.84904000395909 ], [ 3548342.455515190027654, 2062957.806150828488171 ], [ 3548337.670535719953477, 2062957.769262072164565 ], [ 3548331.543524464592338, 2062957.862448767060414 ], [ 3548326.746352840214968, 2062957.325986106647179 ], [ 3548320.252386806067079, 2062956.453140643890947 ], [ 3548314.002869634423405, 2062954.054076938191429 ], [ 3548308.022315300535411, 2062951.128124816576019 ], [ 3548302.684465831145644, 2062947.638987062964588 ], [ 3548297.440603610593826, 2062944.140733660198748 ], [ 3548293.26913339830935, 2062941.03950739861466 ], [ 3548282.994374845176935, 2062932.519913724623621 ], [ 3548267.802673267200589, 2062924.977965048979968 ], [ 3548264.865245783701539, 2062923.760310102021322 ], [ 3548261.37799666216597, 2062923.096808924106881 ], [ 3548256.561698276549578, 2062923.062827608082443 ], [ 3548254.927422619890422, 2062922.72055982099846 ], [ 3548252.225169709417969, 2062923.483336732257158 ], [ 3548249.916460736654699, 2062923.707125402288511 ], [ 3548248.275199527386576, 2062924.367221836466342 ], [ 3548244.923042588401586, 2062926.695484745083377 ], [ 3548241.470027602277696, 2062930.035310041392222 ], [ 3548238.048496569972485, 2062933.372004240751266 ], [ 3548227.413094833027571, 2062938.409681748831645 ], [ 3548220.429733697790653, 2062940.589370588306338 ], [ 3548212.249003871809691, 2062942.384200338972732 ], [ 3548205.896931492723525, 2062943.500898363767192 ], [ 3548199.525567687116563, 2062945.120304698357359 ], [ 3548194.195972114801407, 2062947.139524006051943 ], [ 3548179.910471368115395, 2062952.53128353971988 ], [ 3548162.594815365038812, 2062963.225136084016412 ], [ 3548152.408184420317411, 2062968.720279385568574 ], [ 3548147.445941968820989, 2062971.70547495316714 ], [ 3548141.396563495509326, 2062976.29860908864066 ], [ 3548137.869253156706691, 2062979.144791288534179 ], [ 3548134.54112130170688, 2062982.472482760436833 ], [ 3548126.929979394190013, 2062989.72122494969517 ], [ 3548123.23241057433188, 2062994.587209508521482 ], [ 3548119.523029551841319, 2062998.953454336617142 ], [ 3548107.527814274188131, 2063011.134756228886545 ], [ 3548103.338299586437643, 2063015.046777796000242 ], [ 3548098.661453608889133, 2063019.506874998565763 ], [ 3548094.366436175536364, 2063022.928224362200126 ], [ 3548092.562099410686642, 2063024.605731153395027 ], [ 3548089.946359403431416, 2063026.361855067079887 ], [ 3548087.505989420227706, 2063027.600137607427314 ], [ 3548084.141844490077347, 2063029.428812110098079 ], [ 3548071.307602453511208, 2063030.172366390470415 ], [ 3548065.576411936432123, 2063027.222303235670552 ], [ 3548062.864431403577328, 2063024.981092625064775 ], [ 3548057.795447792392224, 2063020.965194982942194 ], [ 3548055.15973786264658, 2063016.713298524264246 ], [ 3548052.505331426858902, 2063012.964011675678194 ], [ 3548050.841707103420049, 2063010.120309071149677 ], [ 3548046.108014540281147, 2063000.562764595961198 ], [ 3548043.117146296892315, 2062995.844476004363969 ], [ 3548037.322890771087259, 2062986.389748518820852 ], [ 3548033.489630687050521, 2062981.75312672695145 ], [ 3548028.271947502158582, 2062976.749929287703708 ], [ 3548021.556464273482561, 2062971.891997872153297 ], [ 3547987.700132486410439, 2062954.140031189657748 ], [ 3547980.708984365221113, 2062950.81121402955614 ], [ 3547971.375982749275863, 2062950.213726005284116 ], [ 3547965.335869575850666, 2062951.300223727477714 ], [ 3547961.841716347727925, 2062951.638994328444824 ], [ 3547954.328318355605006, 2062953.870095435297117 ], [ 3547948.587958614341915, 2062954.426686198217794 ], [ 3547943.154731045011431, 2062953.45093405386433 ], [ 3547939.3004215573892, 2062951.821434324141592 ], [ 3547935.66456570988521, 2062950.170636398019269 ], [ 3547929.659497966989875, 2062946.245477912249044 ], [ 3547922.869810071773827, 2062940.893876978661865 ], [ 3547890.549422257579863, 2062906.465810087509453 ], [ 3547887.827405101619661, 2062901.22054629959166 ], [ 3547886.396434161346406, 2062896.35097206546925 ], [ 3547885.764576836489141, 2062890.903218179009855 ], [ 3547886.118970393203199, 2062884.858888672897592 ], [ 3547887.30857620947063, 2062879.735292488476261 ], [ 3547888.385497391689569, 2062875.123423330718651 ], [ 3547889.025678193196654, 2062870.553921479498968 ], [ 3547888.972446473781019, 2062867.053240593988448 ], [ 3547888.482474096119404, 2062863.594926756573841 ], [ 3547887.087635338306427, 2062860.224462273996323 ], [ 3547886.134531549178064, 2062858.313510665437207 ], [ 3547882.656648489646614, 2062854.143347544129938 ], [ 3547874.953205866739154, 2062852.386096588103101 ], [ 3547867.122612924780697, 2062853.145392066566274 ], [ 3547862.716786858160049, 2062854.574251841055229 ], [ 3547854.773622803390026, 2062855.845358178485185 ], [ 3547848.452628460712731, 2062856.959031559061259 ], [ 3547842.587583097629249, 2062857.527744069695473 ], [ 3547835.169726416002959, 2062857.245358672225848 ], [ 3547830.235459063202143, 2062856.221407038392499 ], [ 3547823.280535714700818, 2062854.391692373668775 ], [ 3547818.922168457880616, 2062851.308535667369142 ], [ 3547814.270916974171996, 2062847.752838701708242 ], [ 3547810.761730897240341, 2062843.585677223978564 ], [ 3547806.690264050383121, 2062832.96229121950455 ], [ 3547806.144888268318027, 2062828.507673158077523 ], [ 3547806.811166689731181, 2062822.433220934355631 ], [ 3547808.406514574307948, 2062817.270205069566146 ], [ 3547809.862801045179367, 2062814.124011104227975 ], [ 3547810.915625187568367, 2062808.512836599955335 ], [ 3547811.198362553026527, 2062805.981238939799368 ], [ 3547811.30320764426142, 2062799.961173913208768 ], [ 3547810.938032891601324, 2062796.490824265405536 ], [ 3547810.565659077838063, 2062794.022777773672715 ], [ 3547809.893431140109897, 2062792.084657705156133 ], [ 3547808.741250267252326, 2062789.692180316429585 ], [ 3547806.304941553156823, 2062785.921858323505148 ], [ 3547801.778487393632531, 2062782.35412535816431 ], [ 3547790.952335435897112, 2062776.893206848762929 ], [ 3547770.57873989129439, 2062765.847205852158368 ], [ 3547764.218532212544233, 2062761.455757057992741 ], [ 3547760.37119273096323, 2062758.82379333069548 ], [ 3547755.189725233707577, 2062755.31959642469883 ], [ 3547750.3774049943313, 2062750.277152308728546 ], [ 3547747.41094632493332, 2062746.558117241831496 ], [ 3547744.525591692421585, 2062742.330503482138738 ], [ 3547742.418444973882288, 2062740.531504019163549 ], [ 3547737.635332139208913, 2062737.990325890015811 ], [ 3547734.716909489128739, 2062736.27012648480013 ], [ 3547712.361693203449249, 2062729.92372820712626 ], [ 3547691.173054833430797, 2062723.965206283843145 ], [ 3547682.32925209403038, 2062720.315331722842529 ], [ 3547677.833999753464013, 2062716.74461823515594 ], [ 3547672.397738418076187, 2062711.762547000776976 ], [ 3547669.872959959320724, 2062709.503338071284816 ], [ 3547668.370430380105972, 2062708.14648152468726 ], [ 3547664.43661544425413, 2062704.521381829865277 ], [ 3547659.890967118553817, 2062701.456346187042072 ], [ 3547654.029988673049957, 2062697.016450999537483 ], [ 3547649.160285422112793, 2062693.482056085718796 ], [ 3547644.484951287508011, 2062688.927157062804326 ], [ 3547640.234251594170928, 2062683.830197179690003 ], [ 3547636.314625593367964, 2062678.200423868373036 ], [ 3547632.807428127620369, 2062671.528913375688717 ], [ 3547630.167122949846089, 2062665.774970278376713 ], [ 3547628.897169328294694, 2062662.392354191979393 ], [ 3547624.066914804745466, 2062648.837623466737568 ], [ 3547619.534436394460499, 2062637.257332002976909 ], [ 3547617.405258629005402, 2062631.954565263120458 ], [ 3547612.366663331631571, 2062621.425078230444342 ], [ 3547609.159427112899721, 2062614.223624005680904 ], [ 3547605.35467809997499, 2062605.577740269480273 ], [ 3547603.050243485253304, 2062600.792899229098111 ], [ 3547599.324896592646837, 2062594.142638396006078 ], [ 3547595.736123739741743, 2062587.979888143483549 ], [ 3547590.957281402312219, 2062580.42996406997554 ], [ 3547585.160897922702134, 2062573.479717416921631 ], [ 3547577.21177729498595, 2062566.738163190428168 ], [ 3547568.477944567799568, 2062558.570182854309678 ], [ 3547559.700621165335178, 2062549.905625529121608 ], [ 3547550.666635586880147, 2062542.267622794024646 ], [ 3547541.152698089834303, 2062534.175263470271602 ], [ 3547531.007760498207062, 2062527.145858976524323 ], [ 3547520.868021942675114, 2062521.618402970023453 ], [ 3547511.057041465304792, 2062518.062337825540453 ], [ 3547499.580675445497036, 2062514.16698725707829 ], [ 3547487.09383963374421, 2062509.868832210777327 ], [ 3547474.108152220956981, 2062505.618966505862772 ], [ 3547457.58480338472873, 2062501.211311446269974 ], [ 3547448.870708945207298, 2062499.051510207355022 ], [ 3547444.342169751413167, 2062497.988154091639444 ], [ 3547430.732355082407594, 2062493.798799262149259 ], [ 3547417.21093289880082, 2062488.098446398973465 ], [ 3547405.280728070065379, 2062482.243900423403829 ], [ 3547393.194525498896837, 2062476.404375213664025 ], [ 3547376.044545079581439, 2062468.050919906469062 ], [ 3547371.186949769500643, 2062465.016225342638791 ], [ 3547368.143814941868186, 2062463.307953248964623 ], [ 3547360.636565700173378, 2062458.026203389279544 ], [ 3547354.988946029916406, 2062452.063050716649741 ], [ 3547349.710695329122245, 2062444.561710782116279 ], [ 3547348.191389610525221, 2062441.203326699091122 ], [ 3547347.682241562753916, 2062438.247698438819498 ], [ 3547348.367640768643469, 2062431.670452056452632 ], [ 3547350.394472545944154, 2062424.963114058366045 ], [ 3547353.407694219145924, 2062417.659375061281025 ], [ 3547357.294403365347534, 2062410.270898939110339 ], [ 3547365.973426777869463, 2062401.916933631524444 ], [ 3547370.717334448359907, 2062398.952768855728209 ], [ 3547374.194487700238824, 2062396.612190958112478 ], [ 3547387.906071520876139, 2062390.775053737452254 ], [ 3547399.151169390417635, 2062387.681269830325618 ], [ 3547412.34272689325735, 2062384.899573533330113 ], [ 3547424.260140881408006, 2062383.743901629699394 ], [ 3547436.150953749660403, 2062384.093263745773584 ], [ 3547447.996775360777974, 2062386.450318965828046 ], [ 3547456.485307602211833, 2062389.63371686055325 ], [ 3547468.772868514992297, 2062393.450387690216303 ], [ 3547472.65338483126834, 2062393.574916652636603 ], [ 3547476.521811816375703, 2062393.199851617449895 ], [ 3547480.67807634267956, 2062391.795052184490487 ], [ 3547484.085863115265965, 2062390.463019481627271 ], [ 3547485.983621830120683, 2062388.776483743451536 ], [ 3547487.070581069216132, 2062387.168567741755396 ], [ 3547488.078148023225367, 2062383.565029588295147 ], [ 3547488.62459629168734, 2062379.004704118473455 ], [ 3547488.667181504890323, 2062372.990587355569005 ], [ 3547488.400422935374081, 2062371.013198048342019 ], [ 3547487.372952102683485, 2062368.608702105470002 ], [ 3547485.068436619825661, 2062363.82387820049189 ], [ 3547482.769229957368225, 2062360.541082788258791 ], [ 3547479.713911605067551, 2062358.333226359449327 ], [ 3547474.649957897607237, 2062355.819414884550497 ], [ 3547467.982878194190562, 2062352.960068363463506 ], [ 3547455.167094775941223, 2062346.69054400944151 ], [ 3547449.292127417400479, 2062344.255288086133078 ], [ 3547437.772272540256381, 2062339.863351959036663 ], [ 3547432.377240444533527, 2062337.882355770096183 ], [ 3547424.680691305082291, 2062335.122865747660398 ], [ 3547421.224926631897688, 2062334.456358581082895 ], [ 3547409.703369007911533, 2062332.568726981990039 ], [ 3547395.323470181785524, 2062331.459136213175952 ], [ 3547382.184401359409094, 2062331.230782083235681 ], [ 3547369.93103738501668, 2062331.417468928266317 ], [ 3547357.253018613904715, 2062332.146122159669176 ], [ 3547344.344408893026412, 2062332.396188132930547 ], [ 3547331.723683536052704, 2062331.616815700661391 ], [ 3547319.1796466098167, 2062328.826686563668773 ], [ 3547307.079262520186603, 2062324.991934474091977 ], [ 3547296.265112357679754, 2062320.0307552148588 ], [ 3547285.071497281547636, 2062313.603814964648336 ], [ 3547273.361778101883829, 2062305.22381566115655 ], [ 3547260.965611131396145, 2062296.910175227094442 ], [ 3547249.119008249603212, 2062288.042617694707587 ], [ 3547237.901298395358026, 2062280.616375817451626 ], [ 3547227.992033948656172, 2062275.567446359200403 ], [ 3547220.170714026782662, 2062272.820207342505455 ], [ 3547214.437323246151209, 2062272.374560184776783 ], [ 3547208.521857649553567, 2062273.449081312632188 ], [ 3547200.235686821397394, 2062274.753521329024807 ], [ 3547189.90225468762219, 2062276.757241641869769 ], [ 3547178.26589766331017, 2062277.885751196416095 ], [ 3547166.398866320028901, 2062278.535787738393992 ], [ 3547157.896122984122485, 2062277.357096795691177 ], [ 3547146.755899803712964, 2062274.430834724800661 ], [ 3547134.350551688112319, 2062269.624070568010211 ], [ 3547118.566305766813457, 2062262.139921074965969 ], [ 3547112.199007641989738, 2062258.750884813722223 ], [ 3547104.154300143476576, 2062254.522759738378227 ], [ 3547100.276086987927556, 2062251.893941915594041 ], [ 3547089.226455979049206, 2062244.952291933586821 ], [ 3547078.188731185160577, 2062238.510370187927037 ], [ 3547068.643724203575402, 2062230.421199365518987 ], [ 3547056.611943532712758, 2062219.06750200688839 ], [ 3547053.439033292233944, 2062215.869384185643867 ], [ 3547051.526069467421621, 2062213.049915582640097 ], [ 3547046.910074640996754, 2062204.48282828531228 ], [ 3547043.212944115512073, 2062193.823137553874403 ], [ 3547040.417628346476704, 2062179.069458829937503 ], [ 3547040.217479159589857, 2062172.077344523509964 ], [ 3547040.168418823741376, 2062163.568110346794128 ], [ 3547040.371909894049168, 2062159.04095239401795 ], [ 3547041.531509775668383, 2062144.905330520588905 ], [ 3547043.058274504262954, 2062131.735812925035134 ], [ 3547044.209849369712174, 2062127.617526416899636 ], [ 3547045.272527457214892, 2062125.010325796669349 ], [ 3547049.682408505119383, 2062118.572715413291007 ], [ 3547055.813483802136034, 2062113.470725375460461 ], [ 3547070.979142518248409, 2062106.991636346327141 ], [ 3547076.832229370251298, 2062105.923178090481088 ], [ 3547080.61417239299044, 2062104.554758840240538 ], [ 3547102.63917868770659, 2062102.418774348683655 ], [ 3547107.213318440597504, 2062101.474330186611041 ], [ 3547109.88408728223294, 2062100.714450426632538 ], [ 3547112.362695975229144, 2062098.470788067672402 ], [ 3547113.137814920861274, 2062096.893182118888944 ], [ 3547113.338944667484611, 2062096.088645454496145 ], [ 3547113.90773010533303, 2062093.813527651131153 ], [ 3547114.310387609526515, 2062089.76778804557398 ], [ 3547114.113253037910908, 2062086.782120545627549 ], [ 3547113.411978788673878, 2062082.342807941371575 ], [ 3547112.892123196739703, 2062080.890573052223772 ], [ 3547112.372283149976283, 2062079.438436498166993 ], [ 3547108.658997230231762, 2062073.287983065005392 ], [ 3547105.841350364498794, 2062070.556237319950014 ], [ 3547101.408321199007332, 2062066.979595731012523 ], [ 3547094.292503166012466, 2062063.663024864392355 ], [ 3547086.528680845163763, 2062059.407719143899158 ], [ 3547075.70944207534194, 2062052.944580800132826 ], [ 3547064.179710270836949, 2062045.548791354522109 ], [ 3547044.756469943094999, 2062032.407734738197178 ], [ 3547028.681197709869593, 2062021.946905877906829 ], [ 3547022.309130249544978, 2062017.055945968721062 ], [ 3547016.892012035474181, 2062011.571304719196633 ], [ 3547011.582614660263062, 2062004.073048506630585 ], [ 3547009.969440674874932, 2062000.723764644004405 ], [ 3547009.160351901315153, 2061998.29808153049089 ], [ 3547007.787058536894619, 2061991.920512641314417 ], [ 3547007.814336012583226, 2061981.400591424899176 ], [ 3547008.404285714030266, 2061977.336731112329289 ], [ 3547008.917549746111035, 2061975.283730985829607 ], [ 3547010.737341206055135, 2061962.58675203146413 ], [ 3547011.252687055617571, 2061958.029183966340497 ], [ 3547011.69855989376083, 2061954.480169428512454 ], [ 3547012.121087679173797, 2061918.880582812009379 ], [ 3547011.17152708536014, 2061905.450459320330992 ], [ 3547010.068841208703816, 2061896.04170962353237 ], [ 3547007.754316492937505, 2061888.253131253179163 ], [ 3547005.562737739179283, 2061882.956641873111948 ], [ 3547002.34144201874733, 2061877.759746880270541 ], [ 3546997.990140981040895, 2061873.674523801309988 ], [ 3546993.357734196819365, 2061869.616306724958122 ], [ 3546988.883739470504224, 2061863.038650265662 ], [ 3546984.462069110944867, 2061853.450977977830917 ], [ 3546979.617758712731302, 2061841.900916322600096 ], [ 3546971.62682516919449, 2061825.64806169946678 ], [ 3546968.835192847531289, 2061821.41128340922296 ], [ 3546963.912242918275297, 2061814.376220958307385 ], [ 3546961.370529997162521, 2061810.11551935179159 ], [ 3546959.594282640144229, 2061807.783741723513231 ], [ 3546953.519116843584925, 2061798.35641384893097 ], [ 3546946.78659891244024, 2061791.496928319800645 ], [ 3546938.818729858379811, 2061785.258111483417451 ], [ 3546929.995879343245178, 2061778.601454945281148 ], [ 3546921.540662103332579, 2061772.910719677340239 ], [ 3546910.085633682087064, 2061766.008521169424057 ], [ 3546907.362207644153386, 2061764.329381075687706 ], [ 3546903.768866553902626, 2061762.113879753276706 ], [ 3546900.744627544656396, 2061759.902865457115695 ], [ 3546892.651712924707681, 2061753.676430534105748 ], [ 3546885.756490849424154, 2061747.834288156824186 ], [ 3546880.682460308074951, 2061742.31644221721217 ], [ 3546877.350677158683538, 2061735.127396648284048 ], [ 3546875.448703403584659, 2061726.29696182324551 ], [ 3546875.171500513330102, 2061714.805040941108018 ], [ 3546875.431285509839654, 2061702.258985425112769 ], [ 3546875.391565701924264, 2061690.243204291444272 ], [ 3546875.701893362216651, 2061677.191653142916039 ], [ 3546875.993945081252605, 2061671.153487099334598 ], [ 3546876.190179405268282, 2061667.628758868202567 ], [ 3546876.467976317740977, 2061663.595073196804151 ], [ 3546876.606882666703314, 2061661.578279591398314 ], [ 3546877.030753760132939, 2061654.52580667170696 ], [ 3546878.803042409475893, 2061646.340675332117826 ], [ 3546883.457894866820425, 2061638.376887891907245 ], [ 3546886.797925932332873, 2061635.548799738986418 ], [ 3546891.654798510950059, 2061632.072875072946772 ], [ 3546894.519858939573169, 2061630.292413254268467 ], [ 3546903.833007893990725, 2061624.881737239658833 ], [ 3546913.812895881943405, 2061619.907385288272053 ], [ 3546917.941620215307921, 2061618.004460082156584 ], [ 3546922.070344663225114, 2061616.101535425754264 ], [ 3546927.301377686206251, 2061612.589348529465497 ], [ 3546930.535850388929248, 2061609.270804571919143 ], [ 3546931.94188024289906, 2061606.630068335682154 ], [ 3546932.963748229201883, 2061601.021951086586341 ], [ 3546933.006038343999535, 2061595.007994859945029 ], [ 3546932.268544062040746, 2061589.06980645400472 ], [ 3546930.304309078026563, 2061580.245432612020522 ], [ 3546929.108869513496757, 2061577.356246340321377 ], [ 3546927.188761072233319, 2061575.539376663742587 ], [ 3546924.414218944497406, 2061573.304271556669846 ], [ 3546919.650253566447645, 2061570.26061832671985 ], [ 3546912.460071964655071, 2061566.450490495422855 ], [ 3546910.551915432326496, 2061565.133035224629566 ], [ 3546903.954364212229848, 2061561.265438574133441 ], [ 3546896.751986171584576, 2061556.95563534181565 ], [ 3546888.776960860937834, 2061551.71941064693965 ], [ 3546882.567782680038363, 2061545.810773440403864 ], [ 3546878.22056841570884, 2061536.716845782939345 ], [ 3546876.770595878362656, 2061532.349945063469931 ], [ 3546876.499743878375739, 2061531.593455531168729 ], [ 3546875.730859874747694, 2061529.445788834476843 ], [ 3546873.092635831795633, 2061521.187807039357722 ], [ 3546870.377593416720629, 2061514.940599331399426 ], [ 3546866.832197119947523, 2061509.27446021232754 ], [ 3546862.476093827281147, 2061503.686925204470754 ], [ 3546859.839051454328001, 2061500.25913652474992 ], [ 3546855.663977704942226, 2061494.832058283733204 ], [ 3546842.028625353239477, 2061476.622368386713788 ], [ 3546823.887527163140476, 2061451.838105259696022 ], [ 3546819.941776344552636, 2061447.713396728038788 ], [ 3546819.196560525801033, 2061446.78774875565432 ], [ 3546818.071963935159147, 2061445.390767942648381 ], [ 3546812.810985834337771, 2061439.891085577430204 ], [ 3546804.898339078761637, 2061434.648696813499555 ], [ 3546801.929404662456363, 2061433.434097379213199 ], [ 3546799.459851711522788, 2061432.171324804192409 ], [ 3546788.770396432839334, 2061427.19802050315775 ], [ 3546779.403407781384885, 2061422.597484457539394 ], [ 3546772.537075974047184, 2061419.256753433262929 ], [ 3546757.544709267560393, 2061412.196901332354173 ], [ 3546743.975054200273007, 2061404.498052682960406 ], [ 3546728.816792714875191, 2061394.449554952792823 ], [ 3546715.318709066137671, 2061383.23809918644838 ], [ 3546709.702367579564452, 2061377.271962027065456 ], [ 3546702.947894456330687, 2061366.909113429719582 ], [ 3546700.773508083075285, 2061363.614185640355572 ], [ 3546699.234739896375686, 2061360.758447737200186 ], [ 3546695.074649505782872, 2061351.646531434264034 ], [ 3546691.857806579675525, 2061341.441078757634386 ], [ 3546689.302718712482601, 2061330.169866608921438 ], [ 3546688.784994856454432, 2061328.091731001622975 ], [ 3546686.013485004194081, 2061316.966730716871098 ], [ 3546682.606205595657229, 2061302.77350623998791 ], [ 3546678.524784148670733, 2061289.146398076089099 ], [ 3546675.692046884912997, 2061281.908641075249761 ], [ 3546671.810952516272664, 2061275.273580352077261 ], [ 3546668.11322622327134, 2061269.121554095298052 ], [ 3546664.41559938993305, 2061262.969511360861361 ], [ 3546639.380977258551866, 2061207.803033455973491 ], [ 3546624.118686615955085, 2061172.723313728347421 ], [ 3546619.579173619858921, 2061162.145539665129036 ], [ 3546617.241186224855483, 2061156.612889087060466 ], [ 3546614.903084923047572, 2061151.080156692769378 ], [ 3546611.093181818723679, 2061140.932456208858639 ], [ 3546608.411597908008844, 2061132.177683520130813 ], [ 3546607.009088057093322, 2061123.298986302455887 ], [ 3546606.592664917465299, 2061113.823742781532928 ], [ 3546607.006558619905263, 2061103.76713627204299 ], [ 3546607.912576294038445, 2061094.664465343812481 ], [ 3546608.931314828339964, 2061085.050165943335742 ], [ 3546609.990499360021204, 2061071.92593440762721 ], [ 3546610.062094044405967, 2061068.413328752620146 ], [ 3546610.138420748990029, 2061066.402539729140699 ], [ 3546609.681731366552413, 2061060.437003593891859 ], [ 3546607.928848774172366, 2061052.593931651674211 ], [ 3546603.18037418788299, 2061038.530674588400871 ], [ 3546602.016177620273083, 2061035.63860300835222 ], [ 3546598.892721758689731, 2061025.424353132257238 ], [ 3546595.800356368068606, 2061015.207037513144314 ], [ 3546591.162603268865496, 2061003.136189869139344 ], [ 3546588.800271040759981, 2060997.651205019792542 ], [ 3546587.02156636537984, 2060993.521519434638321 ], [ 3546583.577039062045515, 2060986.844026377657428 ], [ 3546580.92941386718303, 2060982.092831956455484 ], [ 3546578.001160001382232, 2060977.368461764417589 ], [ 3546575.608237461186945, 2060974.094849330605939 ], [ 3546572.996727341786027, 2060970.842355524422601 ], [ 3546571.465096855536103, 2060969.520332626998425 ], [ 3546569.866966829169542, 2060968.140972927445546 ], [ 3546565.203643539454788, 2060964.085996823152527 ], [ 3546559.760385191999376, 2060960.106509372824803 ], [ 3546555.83872794918716, 2060956.981103210477158 ], [ 3546545.393834091722965, 2060950.481855813646689 ], [ 3546506.906732963398099, 2060919.658300708280876 ], [ 3546499.027160855941474, 2060911.908510766224936 ], [ 3546493.984393765684217, 2060906.3876771281939 ], [ 3546490.021751723717898, 2060900.261475591920316 ], [ 3546487.076272463425994, 2060893.535563623299822 ], [ 3546485.217841017059982, 2060885.201930856099352 ], [ 3546483.803066801279783, 2060875.823478798149154 ], [ 3546482.818136646877974, 2060867.40511023811996 ], [ 3546481.931839759927243, 2060860.47955654351972 ], [ 3546480.920663877390325, 2060853.566152869956568 ], [ 3546478.803343465086073, 2060848.763244532980025 ], [ 3546476.218003229238093, 2060844.005901637021452 ], [ 3546473.969260739162564, 2060840.217331557301804 ], [ 3546472.401032972149551, 2060838.733369623543695 ], [ 3546470.608855789992958, 2060837.037572291912511 ], [ 3546466.113611821085215, 2060833.467172103468329 ], [ 3546459.933714555576444, 2060830.059882964473218 ], [ 3546452.174826458096504, 2060827.30685535329394 ], [ 3546443.58051902288571, 2060823.632932764012367 ], [ 3546435.567083253525198, 2060819.401996079599485 ], [ 3546429.007872737944126, 2060814.529029767028987 ], [ 3546423.852420804556459, 2060809.520022565964609 ], [ 3546419.695165727287531, 2060804.414260170189664 ], [ 3546411.632615867536515, 2060791.674265632173046 ], [ 3546409.141351197846234, 2060786.907690856372938 ], [ 3546407.496841287706047, 2060783.561426584608853 ], [ 3546402.415173738263547, 2060772.535446369787678 ], [ 3546394.702793518546969, 2060758.759666425175965 ], [ 3546386.539619433693588, 2060747.030994117027149 ], [ 3546384.650698830373585, 2060745.210944107268006 ], [ 3546381.365057881455868, 2060742.524663883727044 ], [ 3546379.769008046481758, 2060741.177154128672555 ], [ 3546356.645381015725434, 2060728.896239285357296 ], [ 3546342.637064575217664, 2060723.744285893859342 ], [ 3546335.550178767647594, 2060722.929008380742744 ], [ 3546332.49292988050729, 2060723.225589164765552 ], [ 3546328.573958735447377, 2060724.10655175941065 ], [ 3546320.734241462312639, 2060728.372780390549451 ], [ 3546317.295693301595747, 2060729.707919953390956 ], [ 3546313.026527238078415, 2060731.624474251875654 ], [ 3546310.730071157217026, 2060732.348047200823203 ], [ 3546304.003611681051552, 2060733.501295125810429 ], [ 3546300.497309738304466, 2060733.340488829417154 ], [ 3546298.239095515571535, 2060733.058806011918932 ], [ 3546292.357034597545862, 2060731.62614569417201 ], [ 3546289.327147302683443, 2060730.313420900609344 ], [ 3546283.856514424085617, 2060727.943151199026033 ], [ 3546275.007521065417677, 2060722.791756035294384 ], [ 3546267.399826833046973, 2060718.521412206580862 ], [ 3546260.0726168313995, 2060714.223965231096372 ], [ 3546247.409937328193337, 2060703.933525396278128 ], [ 3546239.833217012230307, 2060699.660035148495808 ], [ 3546233.523417075630277, 2060694.763137728907168 ], [ 3546224.85475351056084, 2060690.595785113982856 ], [ 3546216.303961573168635, 2060687.418752638623118 ], [ 3546207.964161758311093, 2060685.222563674673438 ], [ 3546197.565621181856841, 2060683.226253976346925 ], [ 3546186.281521228142083, 2060680.81518845143728 ], [ 3546180.380229484289885, 2060679.885131867602468 ], [ 3546174.733467199839652, 2060680.432890231488273 ], [ 3546170.147476097103208, 2060680.877692271955311 ], [ 3546166.634277986362576, 2060681.719444625312462 ], [ 3546162.034208547789603, 2060684.168794640805572 ], [ 3546153.620848965831101, 2060687.989763820078224 ], [ 3546138.006064494140446, 2060694.011828632093966 ], [ 3546133.437115699984133, 2060696.458313526120037 ], [ 3546130.871768969111145, 2060697.708775718929246 ], [ 3546125.878243748564273, 2060700.697211417136714 ], [ 3546123.411526979878545, 2060703.440492977155373 ], [ 3546121.800378213170916, 2060705.349812116939574 ], [ 3546120.189312962815166, 2060707.259016577387229 ], [ 3546114.88133893115446, 2060712.782016585115343 ], [ 3546105.0480090752244, 2060721.2481686885003 ], [ 3546102.538130508270115, 2060723.494923213729635 ], [ 3546100.85855774814263, 2060725.160209951689467 ], [ 3546095.17151786480099, 2060729.217795420670882 ], [ 3546091.425756312906742, 2060732.085209352895617 ], [ 3546089.37523671798408, 2060733.285630756756291 ], [ 3546087.324732673820108, 2060734.486150655895472 ], [ 3546083.741894584149122, 2060736.336188857909292 ], [ 3546078.836997086182237, 2060737.813498316565529 ], [ 3546072.765758733265102, 2060738.903207087656483 ], [ 3546058.321475320961326, 2060740.304293554276228 ], [ 3546052.437356421723962, 2060741.376115458551794 ], [ 3546040.162680877838284, 2060744.570115542039275 ], [ 3546026.524004345759749, 2060749.143225938081741 ], [ 3546023.350035229697824, 2060750.20747353322804 ], [ 3546006.537916076369584, 2060755.844953779596835 ], [ 3546002.619027408771217, 2060756.725831623887643 ], [ 3545974.861665455624461, 2060764.927334621781483 ], [ 3545956.01217223983258, 2060774.268205465748906 ], [ 3545942.58145115384832, 2060780.078453231137246 ], [ 3545927.988721839152277, 2060787.003000173252076 ], [ 3545912.871232234872878, 2060795.481066244654357 ], [ 3545895.493206414394081, 2060806.18148177373223 ], [ 3545881.609314369503409, 2060816.543102429015562 ], [ 3545864.941709239501506, 2060828.176402865443379 ], [ 3545860.458795686252415, 2060831.802054618718103 ], [ 3545852.979934952687472, 2060837.850844670087099 ], [ 3545842.865957684349269, 2060846.344237020704895 ], [ 3545833.673608365468681, 2060856.751409805845469 ], [ 3545824.479335161391646, 2060869.663137540454045 ], [ 3545818.012897507287562, 2060880.306867514271289 ], [ 3545816.988572400528938, 2060881.908695143181831 ], [ 3545816.159907401073724, 2060895.511246475158259 ], [ 3545815.203771478496492, 2060905.119636093499139 ], [ 3545814.696267364546657, 2060915.185283663449809 ], [ 3545815.068358946591616, 2060917.653282575309277 ], [ 3545816.307230436243117, 2060921.038861222565174 ], [ 3545818.462684632278979, 2060924.836337780579925 ], [ 3545818.273542498238385, 2060927.358796825865284 ], [ 3545818.2280935337767, 2060929.366472440771759 ], [ 3545818.331711616367102, 2060932.361390089616179 ], [ 3545818.567127232905477, 2060934.341794474283233 ], [ 3545818.970719562843442, 2060936.806759472703561 ], [ 3545819.592489019967616, 2060939.250570239732042 ], [ 3545820.507200951687992, 2060942.166708177886903 ], [ 3545821.27307467861101, 2060944.095767764607444 ], [ 3545822.007448670919985, 2060946.027861469425261 ], [ 3545823.514894823543727, 2060948.886505155824125 ], [ 3545824.499226992484182, 2060950.794262633658946 ], [ 3545827.376332908403128, 2060955.579753486206755 ], [ 3545828.766873709391803, 2060957.892700358293951 ], [ 3545832.000043035019189, 2060963.588816975709051 ], [ 3545836.822373144328594, 2060971.634893649956211 ], [ 3545839.748463738709688, 2060976.703997066477314 ], [ 3545841.750209348276258, 2060980.171746350592002 ], [ 3545846.666036067530513, 2060988.208787379786372 ], [ 3545849.133561502210796, 2060991.976008097408339 ], [ 3545851.581978123635054, 2060996.245910270838067 ], [ 3545852.554019765928388, 2060997.654003928881139 ], [ 3545853.401493648532778, 2060999.074298039311543 ], [ 3545855.276004832237959, 2061002.899160912493244 ], [ 3545856.166760466527194, 2061004.816068935208023 ], [ 3545857.381318727042526, 2061007.202073984779418 ], [ 3545858.639106368646026, 2061010.085004482185468 ], [ 3545859.40491429856047, 2061012.014277325710282 ], [ 3545860.506915870122612, 2061014.912294565234333 ], [ 3545861.210172466933727, 2061016.847258121939376 ], [ 3545861.757543917279691, 2061018.797324922168627 ], [ 3545862.273758930154145, 2061020.750671372050419 ], [ 3545862.751824461389333, 2061023.709167650202289 ], [ 3545862.893581955693662, 2061025.698837703326717 ], [ 3545862.922606273554265, 2061028.200044803787023 ], [ 3545862.733568325638771, 2061030.722488126484677 ], [ 3545862.369026628322899, 2061033.762700492748991 ], [ 3545861.767032939940691, 2061037.326978571712971 ], [ 3545861.347396469675004, 2061039.370732368435711 ], [ 3545860.558148234616965, 2061042.953328306088224 ], [ 3545859.550859318580478, 2061046.556652454193681 ], [ 3545859.037676270585507, 2061048.609753767726943 ], [ 3545857.862340156454593, 2061051.728697722079232 ], [ 3545857.068079960998148, 2061053.809005395742133 ], [ 3545856.036649173591286, 2061056.413231119746342 ], [ 3545854.743348383810371, 2061058.541965005220845 ], [ 3545853.699693256057799, 2061060.646313742036 ], [ 3545851.969690013676882, 2061062.817717863479629 ], [ 3545850.489186999388039, 2061064.964458325877786 ], [ 3545848.572064837440848, 2061067.153754146071151 ], [ 3545846.904603844508529, 2061069.3187631664332 ], [ 3545845.349631337448955, 2061070.971972943982109 ], [ 3545843.876401914749295, 2061072.116695398464799 ], [ 3545842.590328609570861, 2061073.243116714758798 ], [ 3545840.423712783493102, 2061075.456470748409629 ], [ 3545838.638203129637986, 2061076.631384571315721 ], [ 3545836.572110726032406, 2061077.833422403549775 ], [ 3545834.786897911224514, 2061079.008286992553622 ], [ 3545832.334466356318444, 2061079.747017248068005 ], [ 3545831.504151589702815, 2061080.3283985061571 ], [ 3545830.6737379161641, 2061080.909796289168298 ], [ 3545827.8780363406986, 2061081.68176796939224 ], [ 3545824.676872019656003, 2061082.493015658808872 ], [ 3545823.191631362773478, 2061083.137927118223161 ], [ 3545820.85180245526135, 2061083.364940316183493 ], [ 3545818.555339546874166, 2061084.088453168515116 ], [ 3545811.629529720172286, 2061084.760326678166166 ], [ 3545808.522005488164723, 2061085.562818349339068 ], [ 3545806.606898495927453, 2061085.247546188067645 ], [ 3545799.150745781138539, 2061085.970849444856867 ], [ 3545797.329278783872724, 2061085.646820248803124 ], [ 3545794.915062985382974, 2061085.38018844393082 ], [ 3545791.908129383344203, 2061085.171150799840689 ], [ 3545783.206278160680085, 2061083.511221998604015 ], [ 3545780.400990036316216, 2061083.026823921594769 ], [ 3545770.206352840643376, 2061081.266702725784853 ], [ 3545763.743396179750562, 2061080.391046183183789 ], [ 3545757.20636476855725, 2061079.021792674902827 ], [ 3545749.109028588049114, 2061077.804021193645895 ], [ 3545740.980816869530827, 2061076.589382646838203 ], [ 3545739.003349804785103, 2061076.280376992886886 ], [ 3545737.306845749728382, 2061075.944082605885342 ], [ 3545733.18366538034752, 2061074.841723696794361 ], [ 3545729.279239753261209, 2061073.718012606259435 ], [ 3545725.374486295506358, 2061072.59415453276597 ], [ 3545723.646497868932784, 2061072.260993031319231 ], [ 3545720.77147146128118, 2061071.037524608429521 ], [ 3545718.65734123904258, 2061070.241022535832599 ], [ 3545716.991628884337842, 2061069.901711556827649 ], [ 3545714.771809834986925, 2061068.614564161514863 ], [ 3545713.374912901781499, 2061067.748577934456989 ], [ 3545710.674749496858567, 2061066.00714312074706 ], [ 3545708.579711526632309, 2061064.707860242575407 ], [ 3545706.273228129372001, 2061062.427499701734632 ], [ 3545703.685896111186594, 2061060.174509952543303 ], [ 3545702.109038086608052, 2061058.324313550256193 ], [ 3545701.189847716595978, 2061057.469675951404497 ], [ 3545700.157774728257209, 2061056.510130601702258 ], [ 3545698.936037770006806, 2061055.126128252595663 ], [ 3545697.558446609415114, 2061053.757426431402564 ], [ 3545694.952189098577946, 2061052.006988139124587 ], [ 3545693.324905787594616, 2061050.662377379834652 ], [ 3545688.267765921540558, 2061047.146381283644587 ], [ 3545686.359998578205705, 2061045.828878726577386 ], [ 3545685.499632849358022, 2061045.161238917848095 ], [ 3545684.639152699615806, 2061044.493517276830971 ], [ 3545683.90964181907475, 2061044.063435093034059 ], [ 3545683.17991759814322, 2061043.633287578355521 ], [ 3545680.573462246917188, 2061041.882882529171184 ], [ 3545678.615217016078532, 2061041.071277265669778 ], [ 3545677.124825377948582, 2061040.214327401248738 ], [ 3545674.811199305579066, 2061038.936167811043561 ], [ 3545672.466385687701404, 2061037.661091347690672 ], [ 3545669.934431354515254, 2061036.404415095224977 ], [ 3545667.683211316820234, 2061035.120286151533946 ], [ 3545663.797892693430185, 2061033.493894719984382 ], [ 3545660.829173251986504, 2061032.27949681901373 ], [ 3545656.370031040627509, 2061030.207952740369365 ], [ 3545651.954270162153989, 2061028.633007406489924 ], [ 3545649.079113193321973, 2061027.409360600169748 ], [ 3545647.651226429734379, 2061026.546425118343905 ], [ 3545646.894071918912232, 2061026.355007873149589 ], [ 3545644.788179863709956, 2061025.822574963327497 ], [ 3545642.268372620455921, 2061025.065286057069898 ], [ 3545640.309814852662385, 2061024.253632732434198 ], [ 3545637.446981531567872, 2061023.52984818443656 ], [ 3545634.552716284524649, 2061022.808884834870696 ], [ 3545630.753649843391031, 2061022.175676264800131 ], [ 3545626.942633833736181, 2061021.0430481757503 ], [ 3545624.091666440479457, 2061020.818798762513325 ], [ 3545620.261495697777718, 2061020.188559069763869 ], [ 3545618.065668166615069, 2061019.900843104580417 ], [ 3545616.162700970191509, 2061020.085569253191352 ], [ 3545614.497185650747269, 2061019.746227264637128 ], [ 3545611.790221804752946, 2061019.007241402054206 ], [ 3545609.812654590699822, 2061018.698255464201793 ], [ 3545607.199169904924929, 2061017.950135269202292 ], [ 3545605.708678934257478, 2061017.09320295532234 ], [ 3545603.894306872505695, 2061015.766682059504092 ], [ 3545594.217398550827056, 2061008.692418170161545 ], [ 3545583.287649180274457, 2061000.237121304497123 ], [ 3545573.805511398240924, 2061014.178324278909713 ], [ 3545565.431453299708664, 2061023.504625382134691 ], [ 3545556.113433406688273, 2061027.413504928350449 ], [ 3545549.392132584005594, 2061030.068756961962208 ], [ 3545537.995603389106691, 2061031.655215352075174 ], [ 3545537.518179985694587, 2061031.721636905800551 ], [ 3545526.219980651512742, 2061031.31520805018954 ], [ 3545512.732881465926766, 2061029.618801997276023 ], [ 3545493.43835315015167, 2061026.98323493800126 ], [ 3545472.923779014963657, 2061020.459650159580633 ], [ 3545468.965160668827593, 2061019.056033649016172 ], [ 3545466.26905379164964, 2061018.10006247041747 ], [ 3545457.996729864738882, 2061017.400213821325451 ], [ 3545450.890964045654982, 2061017.088018822018057 ], [ 3545446.168297799304128, 2061017.045313194859773 ], [ 3545444.008427306078374, 2061018.256554779829457 ], [ 3545441.973619331605732, 2061019.455512478016317 ], [ 3545440.337278124410659, 2061021.61767361802049 ], [ 3545438.406100949272513, 2061025.811564604518935 ], [ 3545433.692840893752873, 2061044.298432459821925 ], [ 3545433.548304999712855, 2061044.92473253258504 ], [ 3545433.548304999712855, 2064375.254994998918846 ], [ 3549339.80669500073418, 2064375.254994998918846 ], [ 3549339.80669500073418, 2064352.679801658028737 ], [ 3549339.66685710195452, 2064352.603924544993788 ] ] ] } },
{ "type": "Feature", "properties": { "ENP_GRAL": 6.0, "ENP_GRAL_NAME": "Otros Espacios Naturales Protegidos", "color": "#7F8F0D" }, "geometry": { "type": "MultiPolygon", "coordinates": [ [ [ [ 3549270.976663135457784, 2060381.424328962340951 ], [ 3549154.504534594714642, 2060396.620891127036884 ], [ 3549145.653977649286389, 2060396.642370159272105 ], [ 3549145.194391319993883, 2060393.591289785457775 ], [ 3549144.565428058616817, 2060390.669978878227994 ], [ 3549149.457974317483604, 2060372.049880301579833 ], [ 3549155.645266064908355, 2060348.501108582364395 ], [ 3549156.292435319162905, 2060345.088277334347367 ], [ 3549163.562466403469443, 2060283.284782771486789 ], [ 3549164.764062030240893, 2060273.068340018391609 ], [ 3549164.903154648840427, 2060272.280253894161433 ], [ 3549170.770727899856865, 2060203.992828658083454 ], [ 3549174.356708770152181, 2060184.823923666030169 ], [ 3549174.675256357062608, 2060177.945199219509959 ], [ 3549172.504225106909871, 2060154.590411530109122 ], [ 3549172.30664380453527, 2060135.385652493918315 ], [ 3549172.19683621590957, 2060124.706549724563956 ], [ 3549172.029436037410051, 2060122.005811140639707 ], [ 3549163.282552060205489, 2060047.230662222485989 ], [ 3549163.026133245788515, 2060045.544204872567207 ], [ 3549140.077841192018241, 2059923.21276713651605 ], [ 3549139.947727729100734, 2059922.567059439839795 ], [ 3549136.19415366044268, 2059905.137325409799814 ], [ 3549134.53963874001056, 2059900.131090873852372 ], [ 3549124.860296214465052, 2059878.82749446365051 ], [ 3549122.710160154849291, 2059875.031803594669327 ], [ 3549111.197650242596865, 2059858.353935054503381 ], [ 3549109.033510696142912, 2059855.648524077842012 ], [ 3549073.23934034910053, 2059816.858196749584749 ], [ 3549070.241480673663318, 2059814.105990385403857 ], [ 3549051.557615094818175, 2059799.604540491476655 ], [ 3549038.161726771853864, 2059784.838287028018385 ], [ 3549033.863711121492088, 2059781.085119567578658 ], [ 3548989.873863682150841, 2059750.874174457974732 ], [ 3548986.109209855087101, 2059748.747665326809511 ], [ 3548982.006910053547472, 2059747.300546924117953 ], [ 3548977.707044457085431, 2059746.587477416032925 ], [ 3548975.260836200322956, 2059746.518163906410336 ], [ 3548963.838855158537626, 2059746.749723966699094 ], [ 3548949.730764537584037, 2059743.53160373470746 ], [ 3548946.094207237008959, 2059742.979527469491586 ], [ 3548941.727482830174267, 2059743.022113767918199 ], [ 3548939.911673384252936, 2059743.265012030489743 ], [ 3548896.309046478942037, 2059750.713224021950737 ], [ 3548880.117300848010927, 2059751.431639562826604 ], [ 3548866.308640421368182, 2059748.282199219800532 ], [ 3548860.92146139126271, 2059747.96861997526139 ], [ 3548855.250336220953614, 2059739.221441285219043 ], [ 3548854.694639452733099, 2059738.401044145924971 ], [ 3548851.890457581728697, 2059735.097504147561267 ], [ 3548849.623622914310545, 2059733.224370077252388 ], [ 3548848.547657470218837, 2059732.335094101959839 ], [ 3548844.767829600721598, 2059730.19800056098029 ], [ 3548840.665397098753601, 2059728.750709963962436 ], [ 3548836.365460979286581, 2059728.037863283185288 ], [ 3548835.550053832121193, 2059727.988117833388969 ], [ 3548828.628187463618815, 2059727.679322213400155 ], [ 3548800.396928885020316, 2059702.759324040729553 ], [ 3548779.146403061691672, 2059676.516781431855634 ], [ 3548778.062495123594999, 2059675.266719192033634 ], [ 3548737.354738211724907, 2059631.392912751063704 ], [ 3548734.990587703417987, 2059629.160673573613167 ], [ 3548722.94561717286706, 2059619.207162475446239 ], [ 3548719.367722851224244, 2059616.74625005456619 ], [ 3548695.854123099707067, 2059603.456419957568869 ], [ 3548691.157349225599319, 2059601.40984240709804 ], [ 3548677.090037170797586, 2059596.941694211680442 ], [ 3548679.137140004895627, 2059593.395979023072869 ], [ 3548680.63426357973367, 2059589.294744742102921 ], [ 3548681.396403732709587, 2059585.00480917445384 ], [ 3548681.400038625113666, 2059580.656449329108 ], [ 3548680.645469111390412, 2059576.38101638876833 ], [ 3548679.300652759615332, 2059572.706893906230107 ], [ 3548679.155238294508308, 2059572.309281701920554 ], [ 3548676.97495093755424, 2059568.565042935544625 ], [ 3548674.170925328042358, 2059565.261175967520103 ], [ 3548670.827961014583707, 2059562.498997793998569 ], [ 3548667.048086883034557, 2059560.361612566513941 ], [ 3548662.945683235302567, 2059558.914522978942841 ], [ 3548658.646085895597935, 2059558.201927046990022 ], [ 3548654.279300563037395, 2059558.244839315768331 ], [ 3548649.977950648404658, 2059559.042240394977853 ], [ 3548645.855198954232037, 2059560.524397575296462 ], [ 3548617.92912781285122, 2059571.706723687238991 ], [ 3548610.649822848848999, 2059571.808245192281902 ], [ 3548596.950643351767212, 2059570.434084159554914 ], [ 3548596.314571613445878, 2059569.953876696527004 ], [ 3548592.534544194117188, 2059567.816823186120018 ], [ 3548588.432367762550712, 2059566.369902174454182 ], [ 3548584.132561760954559, 2059565.656640279339626 ], [ 3548582.8779182061553, 2059565.591622413368896 ], [ 3548579.138557142112404, 2059565.489963957574219 ], [ 3548546.552242104429752, 2059550.186837366316468 ], [ 3548543.361917267553508, 2059548.949388633482158 ], [ 3548521.532918006181717, 2059542.16871145600453 ], [ 3548520.345146976877004, 2059541.831759847467765 ], [ 3548518.540520937182009, 2059541.532563239103183 ], [ 3548516.318488778546453, 2059538.964779058471322 ], [ 3548514.995399975217879, 2059537.551742148818448 ], [ 3548511.652646068483591, 2059534.789633694337681 ], [ 3548507.872753394767642, 2059532.652156779076904 ], [ 3548503.770179855171591, 2059531.205305599141866 ], [ 3548503.107197381090373, 2059531.044465127168223 ], [ 3548502.015515882056206, 2059530.79544302681461 ], [ 3548497.601153887342662, 2059527.14787607290782 ], [ 3548493.568025176413357, 2059522.166831072885543 ], [ 3548459.024264111183584, 2059447.247008641017601 ], [ 3548454.913917239755392, 2059441.030321717029437 ], [ 3548429.15726768411696, 2059412.617304916260764 ], [ 3548416.305436979979277, 2059398.4403910508845 ], [ 3548415.359272977337241, 2059397.452975663356483 ], [ 3548412.01627811184153, 2059394.690605567535385 ], [ 3548408.236433258280158, 2059392.553424212615937 ], [ 3548404.134056757669896, 2059391.106540725100785 ], [ 3548399.834094795398414, 2059390.393612283049151 ], [ 3548395.467400685884058, 2059390.436521025840193 ], [ 3548391.217995213344693, 2059391.219622138189152 ], [ 3548361.931531824637204, 2059399.253590821055695 ], [ 3548357.826893703080714, 2059400.781187453074381 ], [ 3548354.043038268573582, 2059402.992642557714134 ], [ 3548350.695603082887828, 2059405.821039689239115 ], [ 3548349.217526338994503, 2059407.440140666440129 ], [ 3548341.1180225238204, 2059417.122313180239871 ], [ 3548339.786233308725059, 2059418.861848352942616 ], [ 3548337.599643006455153, 2059422.649134713690728 ], [ 3548336.435203449800611, 2059425.621599011588842 ], [ 3548316.630293319001794, 2059487.472824440803379 ], [ 3548307.383915919810534, 2059508.389770941575989 ], [ 3548296.032746200915426, 2059528.62442564801313 ], [ 3548290.244638491421938, 2059533.022830755915493 ], [ 3548280.660259325057268, 2059533.043784405570477 ], [ 3548270.68706727353856, 2059528.562589639797807 ], [ 3548238.957954599056393, 2059509.220104318344966 ], [ 3548234.940049425233155, 2059507.245248980354518 ], [ 3548211.810648836195469, 2059498.366309270029888 ], [ 3548209.087290907278657, 2059497.497194080846384 ], [ 3548204.78755527548492, 2059496.784448920516297 ], [ 3548200.420762338209897, 2059496.827396542299539 ], [ 3548199.779926461167634, 2059496.946158069651574 ], [ 3548193.595535403117537, 2059494.571984727168456 ], [ 3548189.145412080921233, 2059493.323182321852073 ], [ 3548157.340223748236895, 2059487.510170944500715 ], [ 3548152.480873744003475, 2059487.104293120792136 ], [ 3548128.304931607097387, 2059487.441605126718059 ], [ 3548108.123604550492018, 2059483.477800853317603 ], [ 3548101.64129881747067, 2059483.062276252545416 ], [ 3548068.758633987046778, 2059485.222178475465626 ], [ 3548037.889342221431434, 2059480.636835074983537 ], [ 3548008.064861287362874, 2059469.18848119629547 ], [ 3548004.291221111547202, 2059468.072842016816139 ], [ 3547986.211088779382408, 2059464.250110734486952 ], [ 3547951.590624258387834, 2059445.410716554848477 ], [ 3547943.947389237582684, 2059439.095118426484987 ], [ 3547941.471351631451398, 2059435.560052934801206 ], [ 3547937.933044124394655, 2059429.218509960686788 ], [ 3547928.72891905112192, 2059401.250750927021727 ], [ 3547926.429444295354187, 2059384.588585386052728 ], [ 3547930.739405270665884, 2059346.027436316944659 ], [ 3547935.001924699172378, 2059335.268142762361094 ], [ 3547935.904108966235071, 2059332.546583363320678 ], [ 3547936.666440865024924, 2059328.256477288203314 ], [ 3547936.667912503238767, 2059326.266828158870339 ], [ 3547944.293594222981483, 2059309.015891081653535 ], [ 3547959.666867387946695, 2059277.892914610914886 ], [ 3547973.724427425302565, 2059255.268494825577363 ], [ 3547976.193080924917012, 2059250.04141398682259 ], [ 3547981.484560724813491, 2059234.397662012372166 ], [ 3547985.829520996659994, 2059227.404433373594657 ], [ 3547988.541846144944429, 2059221.416941913543269 ], [ 3547994.840634245425463, 2059200.640020524151623 ], [ 3548022.46734291408211, 2059146.476656426209956 ], [ 3548023.447219503112137, 2059144.308435513870791 ], [ 3548043.607660677284002, 2059093.421643270645291 ], [ 3548045.274688338860869, 2059086.378008803119883 ], [ 3548049.192796321585774, 2059041.514075321378186 ], [ 3548049.226174870505929, 2059037.611772168427706 ], [ 3548046.696273083332926, 2059001.578505000798032 ], [ 3547996.641827152110636, 2059001.578505000798032 ], [ 3547997.387961443979293, 2059010.982774576172233 ], [ 3547991.004800985567272, 2059027.856069598579779 ], [ 3547986.370786778628826, 2059080.890746484743431 ], [ 3547971.095604371745139, 2059117.859259302960709 ], [ 3547947.144964054692537, 2059176.713331384118646 ], [ 3547928.391420061234385, 2059219.288307600189 ], [ 3547893.504323874600232, 2059273.944001189200208 ], [ 3547879.831722802948207, 2059318.449705159291625 ], [ 3547861.295105210039765, 2059363.628032466396689 ], [ 3547866.059522841591388, 2059429.092801515478641 ], [ 3547887.632329843938351, 2059479.587211014935747 ], [ 3547909.279185362160206, 2059489.547796830534935 ], [ 3547916.650622211862355, 2059497.086694121127948 ], [ 3547926.664111023303121, 2059504.899682681076229 ], [ 3547942.248087507672608, 2059513.796036856947467 ], [ 3547959.177876621950418, 2059519.876870860112831 ], [ 3547987.450440057553351, 2059526.380442132707685 ], [ 3548014.781558691523969, 2059529.590223758015782 ], [ 3548021.420831416733563, 2059533.343647971982136 ], [ 3548062.179724170360714, 2059539.408169097034261 ], [ 3548104.795172821730375, 2059537.78039250918664 ], [ 3548142.035486233886331, 2059546.679933551698923 ], [ 3548176.99660450220108, 2059558.314979644492269 ], [ 3548227.560941037256271, 2059575.939360288903117 ], [ 3548259.046835106797516, 2059579.106824697228149 ], [ 3548271.866073628887534, 2059584.925645866431296 ], [ 3548287.918993351049721, 2059591.802904095733538 ], [ 3548292.001202936749905, 2059592.669092628872022 ], [ 3548299.315674947109073, 2059590.99835905013606 ], [ 3548300.584773067384958, 2059590.194230528082699 ], [ 3548305.040097830351442, 2059587.598605837905779 ], [ 3548312.155613751150668, 2059580.287948878714815 ], [ 3548312.873263413552195, 2059578.247315510874614 ], [ 3548313.582936867605895, 2059577.727412093896419 ], [ 3548330.357898769900203, 2059564.980163645930588 ], [ 3548332.995808140840381, 2059562.672033960232511 ], [ 3548335.805645137093961, 2059559.31328927539289 ], [ 3548337.135866881813854, 2059557.19484137929976 ], [ 3548351.649969323072582, 2059531.321261198027059 ], [ 3548352.72171639977023, 2059529.178899558726698 ], [ 3548362.99374784110114, 2059505.940583269810304 ], [ 3548363.943248806986958, 2059503.441960915690288 ], [ 3548371.190960444975644, 2059480.806826829910278 ], [ 3548376.1807627142407, 2059477.674005527049303 ], [ 3548394.997813067398965, 2059477.101803811267018 ], [ 3548406.975140043068677, 2059484.694775926182047 ], [ 3548422.903237679973245, 2059494.418934907531366 ], [ 3548423.060742073692381, 2059510.680138473166153 ], [ 3548426.410592201165855, 2059549.148350535659119 ], [ 3548446.849325469695032, 2059567.199465322075412 ], [ 3548482.026155846659094, 2059581.307841105386615 ], [ 3548483.937057421542704, 2059583.028882422484457 ], [ 3548485.097994180861861, 2059586.534043038031086 ], [ 3548486.544268535450101, 2059590.862694947281852 ], [ 3548488.784349320456386, 2059594.476161119062454 ], [ 3548491.641925997566432, 2059597.8170176143758 ], [ 3548495.541724633425474, 2059600.843917398015037 ], [ 3548498.92553645838052, 2059602.856687910854816 ], [ 3548503.544704211875796, 2059604.323976728832349 ], [ 3548509.769806840457022, 2059604.571796688251197 ], [ 3548513.587498802691698, 2059604.201793699525297 ], [ 3548517.56250690901652, 2059603.177920679328963 ], [ 3548521.979342739563435, 2059601.123831841396168 ], [ 3548523.802394752856344, 2059600.058099833549932 ], [ 3548527.150074935518205, 2059597.230067925527692 ], [ 3548527.606573081109673, 2059596.68446030584164 ], [ 3548562.081096341833472, 2059612.874227843945846 ], [ 3548562.357784844469279, 2059613.002085827291012 ], [ 3548566.459764411207289, 2059614.449036395875737 ], [ 3548570.759690645616502, 2059615.161769983591512 ], [ 3548572.01421365281567, 2059615.227311501279473 ], [ 3548572.63285831362009, 2059615.244059307733551 ], [ 3548576.139061667025089, 2059617.226333336206153 ], [ 3548580.241467657499015, 2059618.673415294615552 ], [ 3548583.971336457878351, 2059619.335666217608377 ], [ 3548606.524285160470754, 2059621.597722269129008 ], [ 3548609.381133274640888, 2059621.720470876665786 ], [ 3548612.929898461326957, 2059621.671135821379721 ], [ 3548614.495812078006566, 2059624.360528814839199 ], [ 3548617.299666275270283, 2059627.663919290527701 ], [ 3548620.642795661464334, 2059630.426471434300765 ], [ 3548624.422511803917587, 2059632.563475558534265 ], [ 3548627.185133197810501, 2059633.625682855723426 ], [ 3548673.011574609670788, 2059648.182432285742834 ], [ 3548692.386006466113031, 2059659.133078010054305 ], [ 3548701.495520990341902, 2059666.660658385138959 ], [ 3548740.532887026201934, 2059708.73405349557288 ], [ 3548762.556844243314117, 2059735.931954992702231 ], [ 3548765.394694700837135, 2059738.893302840646356 ], [ 3548801.72123352997005, 2059770.958940549287945 ], [ 3548804.064002025872469, 2059772.787622238276526 ], [ 3548807.843847478274256, 2059774.92481095623225 ], [ 3548811.946395506616682, 2059776.372179566184059 ], [ 3548816.246102818287909, 2059777.084858447313309 ], [ 3548817.061494349502027, 2059777.134504794375971 ], [ 3548819.984414115548134, 2059777.264913296094164 ], [ 3548826.781673570629209, 2059787.625905859982595 ], [ 3548827.279383164830506, 2059788.48029375821352 ], [ 3548830.083553269505501, 2059791.783734655240551 ], [ 3548833.426387386396527, 2059794.546339666936547 ], [ 3548837.206201709341258, 2059796.683332439279184 ], [ 3548841.308603902347386, 2059798.130423493916169 ], [ 3548845.608174699358642, 2059798.843529865611345 ], [ 3548849.975248145870864, 2059798.800571368308738 ], [ 3548850.2433598828502, 2059798.751024737255648 ], [ 3548858.716180264018476, 2059797.858708000276238 ], [ 3548871.733366477768868, 2059800.828149440931156 ], [ 3548878.421976797282696, 2059801.430160182295367 ], [ 3548899.578492981381714, 2059800.491515207570046 ], [ 3548902.70882763247937, 2059800.155799449654296 ], [ 3548942.920477444306016, 2059793.287161995889619 ], [ 3548955.155110242776573, 2059796.077867919811979 ], [ 3548961.238202522974461, 2059796.699401066405699 ], [ 3548967.711091659963131, 2059796.567955085542053 ], [ 3549002.751204262953252, 2059820.633018491091207 ], [ 3549015.660346859134734, 2059834.862272405298427 ], [ 3549018.798690034542233, 2059837.768275242298841 ], [ 3549037.565094646066427, 2059852.334069522563368 ], [ 3549052.135029650293291, 2059868.270363199757412 ], [ 3549059.336482807993889, 2059893.766347642755136 ], [ 3549068.710449799895287, 2059913.565446814754978 ], [ 3549086.424039544537663, 2059969.900241978699341 ], [ 3549087.880793035961688, 2060019.315986924804747 ], [ 3549095.38450463861227, 2060154.515194097533822 ], [ 3549100.040846876334399, 2060175.302433941280469 ], [ 3549115.037670019548386, 2060267.754869181895629 ], [ 3549114.968923481181264, 2060268.553228191798553 ], [ 3549106.738779089413583, 2060338.039749069139361 ], [ 3549094.58825327642262, 2060384.284117043018341 ], [ 3549093.865430632606149, 2060388.42763622594066 ], [ 3549093.862372738309205, 2060391.736711032921448 ], [ 3549093.862008876632899, 2060392.77628058497794 ], [ 3549094.577879625372589, 2060397.014481269521639 ], [ 3549045.787788861431181, 2060397.786327319219708 ], [ 3549025.897320537827909, 2060396.208903073566034 ], [ 3548990.470099650789052, 2060388.124089490156621 ], [ 3548972.38847625721246, 2060387.313153515104204 ], [ 3548954.648910399526358, 2060390.314591871807352 ], [ 3548918.434228453785181, 2060402.789833996910602 ], [ 3548899.306560720782727, 2060404.644031188916415 ], [ 3548880.620119510218501, 2060411.573884460143745 ], [ 3548842.685106948949397, 2060419.087520549539477 ], [ 3548823.88913163729012, 2060424.755956328241155 ], [ 3548817.951653745025396, 2060430.449619391001761 ], [ 3548799.151879831217229, 2060465.556518682511523 ], [ 3548781.844311411026865, 2060473.634936504764482 ], [ 3548763.551432163454592, 2060470.280006691347808 ], [ 3548733.278135539963841, 2060447.622670701239258 ], [ 3548702.461342157796025, 2060418.60804642806761 ], [ 3548665.909066446591169, 2060407.317354950588197 ], [ 3548638.66121442290023, 2060413.274302604375407 ], [ 3548615.146572967991233, 2060409.153522277018055 ], [ 3548595.023303192574531, 2060399.575576900504529 ], [ 3548567.795736789237708, 2060397.096483560977504 ], [ 3548556.7451266287826, 2060399.449898518621922 ], [ 3548538.169713606592268, 2060407.651499697938561 ], [ 3548512.206718581728637, 2060434.48800097964704 ], [ 3548500.673883533570915, 2060449.689343043370172 ], [ 3548483.587219952140003, 2060460.300476082833484 ], [ 3548465.736983258742839, 2060462.030963010387495 ], [ 3548426.697365075349808, 2060456.861226809211075 ], [ 3548407.458590091206133, 2060457.444344338262454 ], [ 3548372.964588192757219, 2060474.871540872380137 ], [ 3548354.27855040691793, 2060481.801583861466497 ], [ 3548327.269162524025887, 2060511.303893560077995 ], [ 3548297.48277135938406, 2060538.511764153372496 ], [ 3548267.364903048612177, 2060561.915200184797868 ], [ 3548263.810947995167226, 2060580.17911426955834 ], [ 3548269.744776874314994, 2060603.923398723360151 ], [ 3548264.581854958087206, 2060618.507154429564252 ], [ 3548252.265091890469193, 2060624.819653094746172 ], [ 3548209.128290227148682, 2060631.556085258489475 ], [ 3548204.800661799963564, 2060640.940412755124271 ], [ 3548207.723608221393079, 2060689.296611228957772 ], [ 3548206.394005791749805, 2060703.508317859144881 ], [ 3548196.067007416393608, 2060732.666119640460238 ], [ 3548187.191021082457155, 2060748.891582487616688 ], [ 3548175.658577968366444, 2060764.0927965703886 ], [ 3548118.420505248941481, 2060815.717971689766273 ], [ 3548121.786067857872695, 2060869.159588201204315 ], [ 3548119.509780440013856, 2060887.299576553283259 ], [ 3548122.715658128261566, 2060924.109565091552213 ], [ 3548111.173485992476344, 2060939.311780065530911 ], [ 3548093.811304898932576, 2060990.917093754280359 ], [ 3548083.767449642531574, 2061008.528049903921783 ], [ 3548078.935719610657543, 2061026.915805676719174 ], [ 3548066.014729473274201, 2061040.969675225205719 ], [ 3548049.874486158136278, 2061047.652915096143261 ], [ 3548006.628170736134052, 2061053.128333892207593 ], [ 3547999.189365497790277, 2061085.851872799452394 ], [ 3547987.5359390033409, 2061099.782817787723616 ], [ 3547980.048053198959678, 2061117.146137379109859 ], [ 3547961.018526203930378, 2061149.721614622045308 ], [ 3547956.306743797380477, 2061169.369991614716128 ], [ 3547955.299402694217861, 2061187.397081401897594 ], [ 3547956.957712457980961, 2061206.437696747248992 ], [ 3547963.827532783150673, 2061226.245395585661754 ], [ 3547979.571328122168779, 2061259.285217202501372 ], [ 3547990.044227552134544, 2061276.189411380328238 ], [ 3548029.513078940100968, 2061315.883819964947179 ], [ 3548058.509455096907914, 2061338.674169168807566 ], [ 3548074.896558854263276, 2061346.040214903419837 ], [ 3548086.537014501634985, 2061361.558875948190689 ], [ 3548082.988539105746895, 2061386.242933459114283 ], [ 3548074.576953895855695, 2061405.949732764624059 ], [ 3548061.263265872839838, 2061427.39370965375565 ], [ 3548019.016300909221172, 2061465.495633221929893 ], [ 3547724.915794285945594, 2061593.586331992875785 ], [ 3547723.614154022652656, 2061602.336348768789321 ], [ 3547721.435484448447824, 2061606.684488928643987 ], [ 3547717.979624575003982, 2061610.465379027184099 ], [ 3547709.60606168396771, 2061613.961510333931074 ], [ 3547700.677947283256799, 2061615.829033540794626 ], [ 3547695.883094033692032, 2061618.91855022800155 ], [ 3547690.208641316741705, 2061626.590288476552814 ], [ 3547685.870940223801881, 2061635.044108614791185 ], [ 3547681.907246097922325, 2061646.867055974202231 ], [ 3547677.761101105250418, 2061658.557843526126817 ], [ 3547671.244487391784787, 2061671.009242831496522 ], [ 3547663.371538292616606, 2061682.680522410664707 ], [ 3547649.111217166297138, 2061697.305256814695895 ], [ 3547634.214606901165098, 2061712.021492174826562 ], [ 3547628.605333464685827, 2061718.475102281663567 ], [ 3547624.109456594567746, 2061725.111297777155414 ], [ 3547623.054096054285765, 2061729.520688439020887 ], [ 3547624.640174259897321, 2061734.325199105311185 ], [ 3547628.299051279667765, 2061738.998567288741469 ], [ 3547636.11978776101023, 2061748.457110597053543 ], [ 3547640.849885446950793, 2061758.956249775364995 ], [ 3547645.521121482364833, 2061769.010632515652105 ], [ 3547648.390597793273628, 2061771.787336732493713 ], [ 3547652.739426990970969, 2061773.979807241121307 ], [ 3547662.265043064020574, 2061777.583754137391225 ], [ 3547666.37960673077032, 2061780.209718952188268 ], [ 3547666.95525779761374, 2061782.077036671573296 ], [ 3547663.509561152197421, 2061786.20747883268632 ], [ 3547652.464968639425933, 2061792.096317806979641 ], [ 3547496.614931435789913, 2061865.88589440472424 ], [ 3547459.879456330090761, 2061865.661785257281736 ], [ 3547441.269084465224296, 2061869.990481536835432 ], [ 3547425.817194023635238, 2061881.565486042294651 ], [ 3547421.170658289454877, 2061900.917353116441518 ], [ 3547417.948239334858954, 2061936.507967115147039 ], [ 3547403.754944251850247, 2061947.97077676281333 ], [ 3547369.584072094410658, 2061962.62353185354732 ], [ 3547332.074343299493194, 2061982.637779441662133 ], [ 3547295.494583500549197, 2062027.773450568551198 ], [ 3547261.64977028593421, 2062046.17077382421121 ], [ 3547233.697589904069901, 2062074.082740630721673 ], [ 3547181.739295084495097, 2062087.946431847289205 ], [ 3547143.746266318950802, 2062087.844500243198127 ], [ 3547119.680768272839487, 2062082.626182109816 ], [ 3547120.04916007257998, 2062086.431985435308889 ], [ 3547118.522139355074614, 2062091.871054955758154 ], [ 3547114.420077013317496, 2062095.75954302912578 ], [ 3547113.338944667484611, 2062096.088645454496145 ], [ 3547113.90773010533303, 2062093.813527651131153 ], [ 3547114.310387609526515, 2062089.76778804557398 ], [ 3547114.113253037910908, 2062086.782120545627549 ], [ 3547113.411978788673878, 2062082.342807941371575 ], [ 3547112.892123196739703, 2062080.890573052223772 ], [ 3547112.372283149976283, 2062079.438436498166993 ], [ 3547108.658997230231762, 2062073.287983065005392 ], [ 3547105.841350364498794, 2062070.556237319950014 ], [ 3547101.408321199007332, 2062066.979595731012523 ], [ 3547094.292503166012466, 2062063.663024864392355 ], [ 3547086.528680845163763, 2062059.407719143899158 ], [ 3547075.70944207534194, 2062052.944580800132826 ], [ 3547064.179710270836949, 2062045.548791354522109 ], [ 3547044.756469943094999, 2062032.407734738197178 ], [ 3547028.681197709869593, 2062021.946905877906829 ], [ 3547022.309130249544978, 2062017.055945968721062 ], [ 3547016.892012035474181, 2062011.571304719196633 ], [ 3547011.582614660263062, 2062004.073048506630585 ], [ 3547009.969440674874932, 2062000.723764644004405 ], [ 3547009.160351901315153, 2061998.29808153049089 ], [ 3547007.787058536894619, 2061991.920512641314417 ], [ 3547007.814336012583226, 2061981.400591424899176 ], [ 3547008.404285714030266, 2061977.336731112329289 ], [ 3547008.917549746111035, 2061975.283730985829607 ], [ 3547010.737341206055135, 2061962.58675203146413 ], [ 3547011.252687055617571, 2061958.029183966340497 ], [ 3547011.69855989376083, 2061954.480169428512454 ], [ 3547012.121087679173797, 2061918.880582812009379 ], [ 3547011.17152708536014, 2061905.450459320330992 ], [ 3547010.068841208703816, 2061896.04170962353237 ], [ 3547007.754316492937505, 2061888.253131253179163 ], [ 3547005.562737739179283, 2061882.956641873111948 ], [ 3547002.34144201874733, 2061877.759746880270541 ], [ 3546997.990140981040895, 2061873.674523801309988 ], [ 3546993.357734196819365, 2061869.616306724958122 ], [ 3546988.883739470504224, 2061863.038650265662 ], [ 3546984.462069110944867, 2061853.450977977830917 ], [ 3546979.617758712731302, 2061841.900916322600096 ], [ 3546971.62682516919449, 2061825.64806169946678 ], [ 3546968.835192847531289, 2061821.41128340922296 ], [ 3546963.912242918275297, 2061814.376220958307385 ], [ 3546961.370529997162521, 2061810.11551935179159 ], [ 3546959.594282640144229, 2061807.783741723513231 ], [ 3546953.519116843584925, 2061798.35641384893097 ], [ 3546946.78659891244024, 2061791.496928319800645 ], [ 3546938.818729858379811, 2061785.258111483417451 ], [ 3546929.995879343245178, 2061778.601454945281148 ], [ 3546921.540662103332579, 2061772.910719677340239 ], [ 3546910.085633682087064, 2061766.008521169424057 ], [ 3546907.362207644153386, 2061764.329381075687706 ], [ 3546903.768866553902626, 2061762.113879753276706 ], [ 3546900.744627544656396, 2061759.902865457115695 ], [ 3546892.651712924707681, 2061753.676430534105748 ], [ 3546885.756490849424154, 2061747.834288156824186 ], [ 3546880.682460308074951, 2061742.31644221721217 ], [ 3546877.350677158683538, 2061735.127396648284048 ], [ 3546875.448703403584659, 2061726.29696182324551 ], [ 3546875.171500513330102, 2061714.805040941108018 ], [ 3546875.431285509839654, 2061702.258985425112769 ], [ 3546875.391565701924264, 2061690.243204291444272 ], [ 3546875.701893362216651, 2061677.191653142916039 ], [ 3546875.993945081252605, 2061671.153487099334598 ], [ 3546876.190179405268282, 2061667.628758868202567 ], [ 3546876.467976317740977, 2061663.595073196804151 ], [ 3546876.606882666703314, 2061661.578279591398314 ], [ 3546877.030753760132939, 2061654.52580667170696 ], [ 3546878.803042409475893, 2061646.340675332117826 ], [ 3546883.457894866820425, 2061638.376887891907245 ], [ 3546886.797925932332873, 2061635.548799738986418 ], [ 3546891.654798510950059, 2061632.072875072946772 ], [ 3546894.519858939573169, 2061630.292413254268467 ], [ 3546903.833007893990725, 2061624.881737239658833 ], [ 3546913.812895881943405, 2061619.907385288272053 ], [ 3546917.941620215307921, 2061618.004460082156584 ], [ 3546922.070344663225114, 2061616.101535425754264 ], [ 3546927.301377686206251, 2061612.589348529465497 ], [ 3546930.535850388929248, 2061609.270804571919143 ], [ 3546931.94188024289906, 2061606.630068335682154 ], [ 3546932.963748229201883, 2061601.021951086586341 ], [ 3546933.006038343999535, 2061595.007994859945029 ], [ 3546932.268544062040746, 2061589.06980645400472 ], [ 3546930.304309078026563, 2061580.245432612020522 ], [ 3546929.108869513496757, 2061577.356246340321377 ], [ 3546927.188761072233319, 2061575.539376663742587 ], [ 3546924.414218944497406, 2061573.304271556669846 ], [ 3546919.650253566447645, 2061570.26061832671985 ], [ 3546912.460071964655071, 2061566.450490495422855 ], [ 3546910.551915432326496, 2061565.133035224629566 ], [ 3546903.954364212229848, 2061561.265438574133441 ], [ 3546896.751986171584576, 2061556.95563534181565 ], [ 3546888.776960860937834, 2061551.71941064693965 ], [ 3546882.567782680038363, 2061545.810773440403864 ], [ 3546878.22056841570884, 2061536.716845782939345 ], [ 3546876.770595878362656, 2061532.349945063469931 ], [ 3546876.499743878375739, 2061531.593455531168729 ], [ 3546875.730859874747694, 2061529.445788834476843 ], [ 3546873.092635831795633, 2061521.187807039357722 ], [ 3546870.377593416720629, 2061514.940599331399426 ], [ 3546866.832197119947523, 2061509.27446021232754 ], [ 3546862.476093827281147, 2061503.686925204470754 ], [ 3546859.839051454328001, 2061500.25913652474992 ], [ 3546855.663977704942226, 2061494.832058283733204 ], [ 3546842.028625353239477, 2061476.622368386713788 ], [ 3546823.887527163140476, 2061451.838105259696022 ], [ 3546819.941776344552636, 2061447.713396728038788 ], [ 3546819.196560525801033, 2061446.78774875565432 ], [ 3546818.071963935159147, 2061445.390767942648381 ], [ 3546812.810985834337771, 2061439.891085577430204 ], [ 3546804.898339078761637, 2061434.648696813499555 ], [ 3546801.929404662456363, 2061433.434097379213199 ], [ 3546799.459851711522788, 2061432.171324804192409 ], [ 3546788.770396432839334, 2061427.19802050315775 ], [ 3546779.403407781384885, 2061422.597484457539394 ], [ 3546772.537075974047184, 2061419.256753433262929 ], [ 3546757.544709267560393, 2061412.196901332354173 ], [ 3546743.975054200273007, 2061404.498052682960406 ], [ 3546728.816792714875191, 2061394.449554952792823 ], [ 3546715.318709066137671, 2061383.23809918644838 ], [ 3546709.702367579564452, 2061377.271962027065456 ], [ 3546702.947894456330687, 2061366.909113429719582 ], [ 3546700.773508083075285, 2061363.614185640355572 ], [ 3546699.234739896375686, 2061360.758447737200186 ], [ 3546695.074649505782872, 2061351.646531434264034 ], [ 3546691.857806579675525, 2061341.441078757634386 ], [ 3546689.302718712482601, 2061330.169866608921438 ], [ 3546688.784994856454432, 2061328.091731001622975 ], [ 3546686.013485004194081, 2061316.966730716871098 ], [ 3546682.606205595657229, 2061302.77350623998791 ], [ 3546678.524784148670733, 2061289.146398076089099 ], [ 3546675.692046884912997, 2061281.908641075249761 ], [ 3546671.810952516272664, 2061275.273580352077261 ], [ 3546668.11322622327134, 2061269.121554095298052 ], [ 3546664.41559938993305, 2061262.969511360861361 ], [ 3546639.380977258551866, 2061207.803033455973491 ], [ 3546624.118686615955085, 2061172.723313728347421 ], [ 3546619.579173619858921, 2061162.145539665129036 ], [ 3546617.241186224855483, 2061156.612889087060466 ], [ 3546614.903084923047572, 2061151.080156692769378 ], [ 3546611.093181818723679, 2061140.932456208858639 ], [ 3546608.411597908008844, 2061132.177683520130813 ], [ 3546607.009088057093322, 2061123.298986302455887 ], [ 3546606.592664917465299, 2061113.823742781532928 ], [ 3546607.006558619905263, 2061103.76713627204299 ], [ 3546607.912576294038445, 2061094.664465343812481 ], [ 3546608.931314828339964, 2061085.050165943335742 ], [ 3546609.990499360021204, 2061071.92593440762721 ], [ 3546610.062094044405967, 2061068.413328752620146 ], [ 3546610.138420748990029, 2061066.402539729140699 ], [ 3546609.681731366552413, 2061060.437003593891859 ], [ 3546607.928848774172366, 2061052.593931651674211 ], [ 3546603.18037418788299, 2061038.530674588400871 ], [ 3546602.016177620273083, 2061035.63860300835222 ], [ 3546598.892721758689731, 2061025.424353132257238 ], [ 3546595.800356368068606, 2061015.207037513144314 ], [ 3546591.162603268865496, 2061003.136189869139344 ], [ 3546588.800271040759981, 2060997.651205019792542 ], [ 3546587.02156636537984, 2060993.521519434638321 ], [ 3546583.577039062045515, 2060986.844026377657428 ], [ 3546580.92941386718303, 2060982.092831956455484 ], [ 3546578.001160001382232, 2060977.368461764417589 ], [ 3546575.608237461186945, 2060974.094849330605939 ], [ 3546572.996727341786027, 2060970.842355524422601 ], [ 3546571.465096855536103, 2060969.520332626998425 ], [ 3546569.866966829169542, 2060968.140972927445546 ], [ 3546565.203643539454788, 2060964.085996823152527 ], [ 3546559.760385191999376, 2060960.106509372824803 ], [ 3546555.83872794918716, 2060956.981103210477158 ], [ 3546545.393834091722965, 2060950.481855813646689 ], [ 3546506.906732963398099, 2060919.658300708280876 ], [ 3546499.027160855941474, 2060911.908510766224936 ], [ 3546493.984393765684217, 2060906.3876771281939 ], [ 3546490.021751723717898, 2060900.261475591920316 ], [ 3546487.076272463425994, 2060893.535563623299822 ], [ 3546485.217841017059982, 2060885.201930856099352 ], [ 3546483.803066801279783, 2060875.823478798149154 ], [ 3546482.818136646877974, 2060867.40511023811996 ], [ 3546481.931839759927243, 2060860.47955654351972 ], [ 3546480.920663877390325, 2060853.566152869956568 ], [ 3546478.803343465086073, 2060848.763244532980025 ], [ 3546476.218003229238093, 2060844.005901637021452 ], [ 3546473.969260739162564, 2060840.217331557301804 ], [ 3546472.401032972149551, 2060838.733369623543695 ], [ 3546470.608855789992958, 2060837.037572291912511 ], [ 3546466.113611821085215, 2060833.467172103468329 ], [ 3546459.933714555576444, 2060830.059882964473218 ], [ 3546452.174826458096504, 2060827.30685535329394 ], [ 3546443.58051902288571, 2060823.632932764012367 ], [ 3546435.567083253525198, 2060819.401996079599485 ], [ 3546429.007872737944126, 2060814.529029767028987 ], [ 3546423.852420804556459, 2060809.520022565964609 ], [ 3546419.695165727287531, 2060804.414260170189664 ], [ 3546411.632615867536515, 2060791.674265632173046 ], [ 3546409.141351197846234, 2060786.907690856372938 ], [ 3546407.496841287706047, 2060783.561426584608853 ], [ 3546402.415173738263547, 2060772.535446369787678 ], [ 3546394.702793518546969, 2060758.759666425175965 ], [ 3546386.539619433693588, 2060747.030994117027149 ], [ 3546384.650698830373585, 2060745.210944107268006 ], [ 3546381.365057881455868, 2060742.524663883727044 ], [ 3546379.769008046481758, 2060741.177154128672555 ], [ 3546356.645381015725434, 2060728.896239285357296 ], [ 3546342.637064575217664, 2060723.744285893859342 ], [ 3546335.550178767647594, 2060722.929008380742744 ], [ 3546332.49292988050729, 2060723.225589164765552 ], [ 3546328.573958735447377, 2060724.10655175941065 ], [ 3546320.734241462312639, 2060728.372780390549451 ], [ 3546317.295693301595747, 2060729.707919953390956 ], [ 3546313.026527238078415, 2060731.624474251875654 ], [ 3546310.730071157217026, 2060732.348047200823203 ], [ 3546304.003611681051552, 2060733.501295125810429 ], [ 3546300.497309738304466, 2060733.340488829417154 ], [ 3546298.239095515571535, 2060733.058806011918932 ], [ 3546292.357034597545862, 2060731.62614569417201 ], [ 3546289.327147302683443, 2060730.313420900609344 ], [ 3546283.856514424085617, 2060727.943151199026033 ], [ 3546275.007521065417677, 2060722.791756035294384 ], [ 3546267.399826833046973, 2060718.521412206580862 ], [ 3546260.0726168313995, 2060714.223965231096372 ], [ 3546247.409937328193337, 2060703.933525396278128 ], [ 3546239.833217012230307, 2060699.660035148495808 ], [ 3546233.523417075630277, 2060694.763137728907168 ], [ 3546224.85475351056084, 2060690.595785113982856 ], [ 3546216.303961573168635, 2060687.418752638623118 ], [ 3546207.964161758311093, 2060685.222563674673438 ], [ 3546197.565621181856841, 2060683.226253976346925 ], [ 3546186.281521228142083, 2060680.81518845143728 ], [ 3546180.380229484289885, 2060679.885131867602468 ], [ 3546174.733467199839652, 2060680.432890231488273 ], [ 3546170.147476097103208, 2060680.877692271955311 ], [ 3546166.634277986362576, 2060681.719444625312462 ], [ 3546162.034208547789603, 2060684.168794640805572 ], [ 3546153.620848965831101, 2060687.989763820078224 ], [ 3546138.006064494140446, 2060694.011828632093966 ], [ 3546133.437115699984133, 2060696.458313526120037 ], [ 3546130.871768969111145, 2060697.708775718929246 ], [ 3546125.878243748564273, 2060700.697211417136714 ], [ 3546123.411526979878545, 2060703.440492977155373 ], [ 3546121.800378213170916, 2060705.349812116939574 ], [ 3546120.189312962815166, 2060707.259016577387229 ], [ 3546114.88133893115446, 2060712.782016585115343 ], [ 3546105.0480090752244, 2060721.2481686885003 ], [ 3546102.538130508270115, 2060723.494923213729635 ], [ 3546100.85855774814263, 2060725.160209951689467 ], [ 3546095.17151786480099, 2060729.217795420670882 ], [ 3546091.425756312906742, 2060732.085209352895617 ], [ 3546089.37523671798408, 2060733.285630756756291 ], [ 3546087.324732673820108, 2060734.486150655895472 ], [ 3546083.741894584149122, 2060736.336188857909292 ], [ 3546078.836997086182237, 2060737.813498316565529 ], [ 3546072.765758733265102, 2060738.903207087656483 ], [ 3546058.321475320961326, 2060740.304293554276228 ], [ 3546052.437356421723962, 2060741.376115458551794 ], [ 3546040.162680877838284, 2060744.570115542039275 ], [ 3546026.524004345759749, 2060749.143225938081741 ], [ 3546023.350035229697824, 2060750.20747353322804 ], [ 3546006.537916076369584, 2060755.844953779596835 ], [ 3546002.619027408771217, 2060756.725831623887643 ], [ 3545974.861665455624461, 2060764.927334621781483 ], [ 3545956.01217223983258, 2060774.268205465748906 ], [ 3545942.58145115384832, 2060780.078453231137246 ], [ 3545927.988721839152277, 2060787.003000173252076 ], [ 3545912.871232234872878, 2060795.481066244654357 ], [ 3545895.493206414394081, 2060806.18148177373223 ], [ 3545881.609314369503409, 2060816.543102429015562 ], [ 3545864.941709239501506, 2060828.176402865443379 ], [ 3545860.458795686252415, 2060831.802054618718103 ], [ 3545852.979934952687472, 2060837.850844670087099 ], [ 3545842.865957684349269, 2060846.344237020704895 ], [ 3545833.673608365468681, 2060856.751409805845469 ], [ 3545824.479335161391646, 2060869.663137540454045 ], [ 3545818.012897507287562, 2060880.306867514271289 ], [ 3545816.988572400528938, 2060881.908695143181831 ], [ 3545816.159907401073724, 2060895.511246475158259 ], [ 3545815.203771478496492, 2060905.119636093499139 ], [ 3545814.696267364546657, 2060915.185283663449809 ], [ 3545815.068358946591616, 2060917.653282575309277 ], [ 3545816.307230436243117, 2060921.038861222565174 ], [ 3545818.462684632278979, 2060924.836337780579925 ], [ 3545818.273542498238385, 2060927.358796825865284 ], [ 3545818.2280935337767, 2060929.366472440771759 ], [ 3545818.331711616367102, 2060932.361390089616179 ], [ 3545818.567127232905477, 2060934.341794474283233 ], [ 3545818.970719562843442, 2060936.806759472703561 ], [ 3545819.592489019967616, 2060939.250570239732042 ], [ 3545820.507200951687992, 2060942.166708177886903 ], [ 3545821.27307467861101, 2060944.095767764607444 ], [ 3545822.007448670919985, 2060946.027861469425261 ], [ 3545823.514894823543727, 2060948.886505155824125 ], [ 3545824.499226992484182, 2060950.794262633658946 ], [ 3545827.376332908403128, 2060955.579753486206755 ], [ 3545828.766873709391803, 2060957.892700358293951 ], [ 3545832.000043035019189, 2060963.588816975709051 ], [ 3545836.822373144328594, 2060971.634893649956211 ], [ 3545839.748463738709688, 2060976.703997066477314 ], [ 3545841.750209348276258, 2060980.171746350592002 ], [ 3545846.666036067530513, 2060988.208787379786372 ], [ 3545849.133561502210796, 2060991.976008097408339 ], [ 3545851.581978123635054, 2060996.245910270838067 ], [ 3545852.554019765928388, 2060997.654003928881139 ], [ 3545853.401493648532778, 2060999.074298039311543 ], [ 3545855.276004832237959, 2061002.899160912493244 ], [ 3545856.166760466527194, 2061004.816068935208023 ], [ 3545857.381318727042526, 2061007.202073984779418 ], [ 3545858.639106368646026, 2061010.085004482185468 ], [ 3545859.40491429856047, 2061012.014277325710282 ], [ 3545860.506915870122612, 2061014.912294565234333 ], [ 3545861.210172466933727, 2061016.847258121939376 ], [ 3545861.757543917279691, 2061018.797324922168627 ], [ 3545862.273758930154145, 2061020.750671372050419 ], [ 3545862.751824461389333, 2061023.709167650202289 ], [ 3545862.893581955693662, 2061025.698837703326717 ], [ 3545862.922606273554265, 2061028.200044803787023 ], [ 3545862.733568325638771, 2061030.722488126484677 ], [ 3545862.369026628322899, 2061033.762700492748991 ], [ 3545861.767032939940691, 2061037.326978571712971 ], [ 3545861.347396469675004, 2061039.370732368435711 ], [ 3545860.558148234616965, 2061042.953328306088224 ], [ 3545859.550859318580478, 2061046.556652454193681 ], [ 3545859.037676270585507, 2061048.609753767726943 ], [ 3545857.862340156454593, 2061051.728697722079232 ], [ 3545857.068079960998148, 2061053.809005395742133 ], [ 3545856.036649173591286, 2061056.413231119746342 ], [ 3545854.743348383810371, 2061058.541965005220845 ], [ 3545853.699693256057799, 2061060.646313742036 ], [ 3545851.969690013676882, 2061062.817717863479629 ], [ 3545850.489186999388039, 2061064.964458325877786 ], [ 3545848.572064837440848, 2061067.153754146071151 ], [ 3545846.904603844508529, 2061069.3187631664332 ], [ 3545845.349631337448955, 2061070.971972943982109 ], [ 3545843.876401914749295, 2061072.116695398464799 ], [ 3545842.590328609570861, 2061073.243116714758798 ], [ 3545840.423712783493102, 2061075.456470748409629 ], [ 3545838.638203129637986, 2061076.631384571315721 ], [ 3545836.572110726032406, 2061077.833422403549775 ], [ 3545834.786897911224514, 2061079.008286992553622 ], [ 3545832.334466356318444, 2061079.747017248068005 ], [ 3545831.504151589702815, 2061080.3283985061571 ], [ 3545830.6737379161641, 2061080.909796289168298 ], [ 3545827.8780363406986, 2061081.68176796939224 ], [ 3545824.676872019656003, 2061082.493015658808872 ], [ 3545823.191631362773478, 2061083.137927118223161 ], [ 3545820.85180245526135, 2061083.364940316183493 ], [ 3545818.555339546874166, 2061084.088453168515116 ], [ 3545811.629529720172286, 2061084.760326678166166 ], [ 3545808.522005488164723, 2061085.562818349339068 ], [ 3545806.606898495927453, 2061085.247546188067645 ], [ 3545799.150745781138539, 2061085.970849444856867 ], [ 3545797.329278783872724, 2061085.646820248803124 ], [ 3545794.915062985382974, 2061085.38018844393082 ], [ 3545791.908129383344203, 2061085.171150799840689 ], [ 3545783.206278160680085, 2061083.511221998604015 ], [ 3545780.400990036316216, 2061083.026823921594769 ], [ 3545770.206352840643376, 2061081.266702725784853 ], [ 3545763.743396179750562, 2061080.391046183183789 ], [ 3545757.20636476855725, 2061079.021792674902827 ], [ 3545749.109028588049114, 2061077.804021193645895 ], [ 3545740.980816869530827, 2061076.589382646838203 ], [ 3545739.003349804785103, 2061076.280376992886886 ], [ 3545737.306845749728382, 2061075.944082605885342 ], [ 3545733.18366538034752, 2061074.841723696794361 ], [ 3545729.279239753261209, 2061073.718012606259435 ], [ 3545725.374486295506358, 2061072.59415453276597 ], [ 3545723.646497868932784, 2061072.260993031319231 ], [ 3545720.77147146128118, 2061071.037524608429521 ], [ 3545718.65734123904258, 2061070.241022535832599 ], [ 3545716.991628884337842, 2061069.901711556827649 ], [ 3545714.771809834986925, 2061068.614564161514863 ], [ 3545713.374912901781499, 2061067.748577934456989 ], [ 3545710.674749496858567, 2061066.00714312074706 ], [ 3545708.579711526632309, 2061064.707860242575407 ], [ 3545706.273228129372001, 2061062.427499701734632 ], [ 3545703.685896111186594, 2061060.174509952543303 ], [ 3545702.109038086608052, 2061058.324313550256193 ], [ 3545701.189847716595978, 2061057.469675951404497 ], [ 3545700.157774728257209, 2061056.510130601702258 ], [ 3545698.936037770006806, 2061055.126128252595663 ], [ 3545697.558446609415114, 2061053.757426431402564 ], [ 3545694.952189098577946, 2061052.006988139124587 ], [ 3545693.324905787594616, 2061050.662377379834652 ], [ 3545688.267765921540558, 2061047.146381283644587 ], [ 3545686.359998578205705, 2061045.828878726577386 ], [ 3545685.499632849358022, 2061045.161238917848095 ], [ 3545684.639152699615806, 2061044.493517276830971 ], [ 3545683.90964181907475, 2061044.063435093034059 ], [ 3545683.17991759814322, 2061043.633287578355521 ], [ 3545680.573462246917188, 2061041.882882529171184 ], [ 3545678.615217016078532, 2061041.071277265669778 ], [ 3545677.124825377948582, 2061040.214327401248738 ], [ 3545674.811199305579066, 2061038.936167811043561 ], [ 3545672.466385687701404, 2061037.661091347690672 ], [ 3545669.934431354515254, 2061036.404415095224977 ], [ 3545667.683211316820234, 2061035.120286151533946 ], [ 3545663.797892693430185, 2061033.493894719984382 ], [ 3545660.829173251986504, 2061032.27949681901373 ], [ 3545656.370031040627509, 2061030.207952740369365 ], [ 3545651.954270162153989, 2061028.633007406489924 ], [ 3545649.079113193321973, 2061027.409360600169748 ], [ 3545647.651226429734379, 2061026.546425118343905 ], [ 3545646.894071918912232, 2061026.355007873149589 ], [ 3545644.788179863709956, 2061025.822574963327497 ], [ 3545642.268372620455921, 2061025.065286057069898 ], [ 3545640.309814852662385, 2061024.253632732434198 ], [ 3545637.446981531567872, 2061023.52984818443656 ], [ 3545634.552716284524649, 2061022.808884834870696 ], [ 3545630.753649843391031, 2061022.175676264800131 ], [ 3545626.942633833736181, 2061021.0430481757503 ], [ 3545624.091666440479457, 2061020.818798762513325 ], [ 3545620.261495697777718, 2061020.188559069763869 ], [ 3545618.065668166615069, 2061019.900843104580417 ], [ 3545616.162700970191509, 2061020.085569253191352 ], [ 3545614.497185650747269, 2061019.746227264637128 ], [ 3545611.790221804752946, 2061019.007241402054206 ], [ 3545609.812654590699822, 2061018.698255464201793 ], [ 3545607.199169904924929, 2061017.950135269202292 ], [ 3545605.708678934257478, 2061017.09320295532234 ], [ 3545603.894306872505695, 2061015.766682059504092 ], [ 3545594.217398550827056, 2061008.692418170161545 ], [ 3545583.287649180274457, 2061000.237121304497123 ], [ 3545573.805511398240924, 2061014.178324278909713 ], [ 3545565.431453299708664, 2061023.504625382134691 ], [ 3545556.113433406688273, 2061027.413504928350449 ], [ 3545549.392132584005594, 2061030.068756961962208 ], [ 3545537.995603389106691, 2061031.655215352075174 ], [ 3545537.518179985694587, 2061031.721636905800551 ], [ 3545526.219980651512742, 2061031.31520805018954 ], [ 3545512.732881465926766, 2061029.618801997276023 ], [ 3545493.43835315015167, 2061026.98323493800126 ], [ 3545472.923779014963657, 2061020.459650159580633 ], [ 3545468.965160668827593, 2061019.056033649016172 ], [ 3545466.26905379164964, 2061018.10006247041747 ], [ 3545457.996729864738882, 2061017.400213821325451 ], [ 3545450.890964045654982, 2061017.088018822018057 ], [ 3545446.168297799304128, 2061017.045313194859773 ], [ 3545444.008427306078374, 2061018.256554779829457 ], [ 3545441.973619331605732, 2061019.455512478016317 ], [ 3545440.337278124410659, 2061021.61767361802049 ], [ 3545438.406100949272513, 2061025.811564604518935 ], [ 3545433.692840893752873, 2061044.298432459821925 ], [ 3545433.548304999712855, 2061044.92473253258504 ], [ 3545433.548304999712855, 2064375.254994998918846 ], [ 3549339.80669500073418, 2064375.254994998918846 ], [ 3549339.80669500073418, 2060372.829891103552654 ], [ 3549270.976663135457784, 2060381.424328962340951 ] ] ], [ [ [ 3547776.126876891590655, 2059022.355514821596444 ], [ 3547743.394630157854408, 2059045.272380395559594 ], [ 3547689.390472092665732, 2059072.066162808099762 ], [ 3547684.28373317187652, 2059075.418968249112368 ], [ 3547676.401834811083972, 2059082.076422108802944 ], [ 3547667.585580674465746, 2059086.252544948365539 ], [ 3547662.991230693180114, 2059089.059402679093182 ], [ 3547643.083278128877282, 2059104.33466249005869 ], [ 3547640.763355737086385, 2059106.348891749046743 ], [ 3547621.144762574695051, 2059125.569573004730046 ], [ 3547595.793204940389842, 2059149.254135856637731 ], [ 3547592.576105140149593, 2059152.896000629058108 ], [ 3547572.615868524182588, 2059180.409891837043688 ], [ 3547570.000842877663672, 2059184.93386043724604 ], [ 3547565.322860621381551, 2059195.39613221026957 ], [ 3547563.683884327299893, 2059200.42536321724765 ], [ 3547558.133803150616586, 2059226.541727875592187 ], [ 3547557.68549361359328, 2059229.527934915618971 ], [ 3547557.681821160949767, 2059233.87614617170766 ], [ 3547558.020719549618661, 2059236.335163016570732 ], [ 3547562.158285537268966, 2059258.175982528366148 ], [ 3547562.573992788325995, 2059259.992023145779967 ], [ 3547559.612250208854675, 2059278.704375095432624 ], [ 3547586.894957465585321, 2059303.673834237968549 ], [ 3547603.132622842211276, 2059311.048414092045277 ], [ 3547604.235558949410915, 2059311.570362283382565 ], [ 3547607.926276793703437, 2059314.09447936876677 ], [ 3547623.200055330991745, 2059322.621972165303305 ], [ 3547626.032616158947349, 2059323.975762830115855 ], [ 3547683.951829948462546, 2059347.274212710093707 ], [ 3547691.21059433137998, 2059348.990822087274864 ], [ 3547700.926702029071748, 2059349.793662194628268 ], [ 3547713.863887074403465, 2059353.734235337004066 ], [ 3547714.81835926650092, 2059354.815534127876163 ], [ 3547731.400245466269553, 2059369.852297222940251 ], [ 3547746.837372643407434, 2059399.302635686704889 ], [ 3547745.966244730632752, 2059400.370337835047394 ], [ 3547740.930160837713629, 2059402.270095528801903 ], [ 3547709.444944680668414, 2059404.422535591060296 ], [ 3547699.356546788476408, 2059402.121596926590428 ], [ 3547695.720166611019522, 2059401.569553544744849 ], [ 3547691.375699909869581, 2059401.612549192737788 ], [ 3547674.875151118263602, 2059395.609956823755056 ], [ 3547639.205926920752972, 2059373.866059915861115 ], [ 3547635.840428352355957, 2059372.151823525317013 ], [ 3547603.363682575058192, 2059358.619239961728454 ], [ 3547596.053863764274865, 2059356.807404842460528 ], [ 3547491.407267290633172, 2059347.177897993475199 ], [ 3547471.185635359957814, 2059343.206257994286716 ], [ 3547418.699487066827714, 2059327.118818634655327 ], [ 3547402.940593020990491, 2059320.166944145224988 ], [ 3547382.057406904175878, 2059307.436626405222341 ], [ 3547347.235844403970987, 2059279.65103839407675 ], [ 3547344.689002896193415, 2059277.869329352630302 ], [ 3547330.523318834602833, 2059269.234005622332916 ], [ 3547324.01686785928905, 2059266.451466938713565 ], [ 3547318.799366122577339, 2059265.055961086181924 ], [ 3547306.650593673810363, 2059256.981931174872443 ], [ 3547298.166464436799288, 2059245.843438372015953 ], [ 3547293.771589532960206, 2059236.333704504417256 ], [ 3547291.310848072171211, 2059222.046852032886818 ], [ 3547291.608662396203727, 2059221.741347283357754 ], [ 3547318.431592467240989, 2059209.574762326432392 ], [ 3547321.346786645241082, 2059208.016323979245499 ], [ 3547342.555275928229094, 2059194.838658685563132 ], [ 3547346.164567676372826, 2059192.124356353189796 ], [ 3547375.183980664703995, 2059165.956008530221879 ], [ 3547378.76427727798, 2059161.965518080862239 ], [ 3547435.818628494627774, 2059082.954338188050315 ], [ 3547477.711397764738649, 2059036.448635555105284 ], [ 3547479.593486982397735, 2059034.091196650639176 ], [ 3547489.492438051849604, 2059020.055716728325933 ], [ 3547506.953898446634412, 2059001.578505000798032 ], [ 3547441.606512082275003, 2059001.578505000798032 ], [ 3547439.56484410725534, 2059004.473496477119625 ], [ 3547397.767037305049598, 2059050.873459547525272 ], [ 3547396.049207014963031, 2059053.000354910036549 ], [ 3547339.771134284790605, 2059130.936868326039985 ], [ 3547314.437908044084907, 2059153.780829671304673 ], [ 3547296.562393048778176, 2059164.887735868804157 ], [ 3547266.886172937694937, 2059178.348707464290783 ], [ 3547266.498662498779595, 2059178.52827914385125 ], [ 3547262.71475528459996, 2059180.74023966002278 ], [ 3547259.367344877216965, 2059183.56832167878747 ], [ 3547259.182307055220008, 2059183.755912874126807 ], [ 3547251.999235115945339, 2059191.125441763317212 ], [ 3547247.572967134881765, 2059197.295084435958415 ], [ 3547242.798997853882611, 2059206.655096157453954 ], [ 3547242.414030704181641, 2059207.443927691550925 ], [ 3547240.917114764917642, 2059211.544715700671077 ], [ 3547240.155280891340226, 2059215.834781273966655 ], [ 3547240.151349066756666, 2059220.183255245676264 ], [ 3547240.417149884626269, 2059222.237147539155558 ], [ 3547244.938922373577952, 2059248.488946804311126 ], [ 3547246.85481443349272, 2059254.645875259302557 ], [ 3547253.741386804264039, 2059269.547393748536706 ], [ 3547256.499692161567509, 2059274.129205973818898 ], [ 3547269.120758967939764, 2059290.699001867789775 ], [ 3547275.07889817468822, 2059296.284099016105756 ], [ 3547294.062543820589781, 2059308.900710831861943 ], [ 3547301.384117326233536, 2059312.202519129961729 ], [ 3547307.081384443677962, 2059313.726123545318842 ], [ 3547316.868850368075073, 2059319.692299391608685 ], [ 3547351.690140895545483, 2059347.477918492630124 ], [ 3547354.237364201340824, 2059349.259462217800319 ], [ 3547377.846397476270795, 2059363.651804395252839 ], [ 3547380.739889477845281, 2059365.163463798118755 ], [ 3547399.339422751683742, 2059373.368957557249814 ], [ 3547402.08756170142442, 2059374.391958694439381 ], [ 3547457.213412991724908, 2059391.288421308156103 ], [ 3547459.71624014293775, 2059391.915732715744525 ], [ 3547482.461239533498883, 2059396.382869611261413 ], [ 3547484.991552035789937, 2059396.746627181069925 ], [ 3547587.114113496616483, 2059406.143662801245227 ], [ 3547614.331265517044812, 2059417.484873208682984 ], [ 3547650.49059484526515, 2059439.52730755135417 ], [ 3547654.917977176606655, 2059441.655686503043398 ], [ 3547681.468454782385379, 2059451.314157550456002 ], [ 3547683.782119933050126, 2059452.030141796683893 ], [ 3547688.081766015850008, 2059452.742866693763062 ], [ 3547692.448400037363172, 2059452.700107450364158 ], [ 3547694.492586967069656, 2059452.320990341482684 ], [ 3547701.360043178778142, 2059453.887168784858659 ], [ 3547708.649479357525706, 2059454.454987436532974 ], [ 3547747.54105517314747, 2059451.796096263686195 ], [ 3547754.745673335622996, 2059450.225559945218265 ], [ 3547766.650182238779962, 2059445.734770356211811 ], [ 3547772.919424298219383, 2059442.294768856372684 ], [ 3547786.561245187651366, 2059432.075308026745915 ], [ 3547789.337932236958295, 2059429.662152882665396 ], [ 3547792.14795808494091, 2059426.30323290429078 ], [ 3547792.667239177972078, 2059425.530564437387511 ], [ 3547799.562200363725424, 2059414.853142433101311 ], [ 3547802.661917230114341, 2059407.971316360868514 ], [ 3547805.219113291241229, 2059398.826413112925366 ], [ 3547805.283375910483301, 2059398.592656091088429 ], [ 3547806.045355189591646, 2059394.302292745560408 ], [ 3547806.048872809391469, 2059389.953810694394633 ], [ 3547805.294359632767737, 2059385.678742524934933 ], [ 3547805.191642635501921, 2059385.307919355574995 ], [ 3547797.152666242327541, 2059357.172907126601785 ], [ 3547795.765114987269044, 2059353.471783188404515 ], [ 3547793.584902103524655, 2059349.727426834171638 ], [ 3547792.618798768147826, 2059348.451265972806141 ], [ 3547772.578986305743456, 2059323.703936499077827 ], [ 3547770.74096975568682, 2059321.676355553790927 ], [ 3547767.398008012678474, 2059318.9142988815438 ], [ 3547763.618103410117328, 2059316.776850552530959 ], [ 3547760.573437348008156, 2059315.626965104835108 ], [ 3547713.49504749244079, 2059301.286102717975155 ], [ 3547708.270121010486037, 2059300.287123933900148 ], [ 3547699.650778640527278, 2059299.574897794984281 ], [ 3547646.685452349018306, 2059278.269063591491431 ], [ 3547634.744818296283484, 2059271.602791948011145 ], [ 3547622.401667528785765, 2059261.402879873523489 ], [ 3547610.465354206971824, 2059243.499737026402727 ], [ 3547608.187280651647598, 2059231.474751854781061 ], [ 3547610.223341055214405, 2059222.533507480751723 ], [ 3547627.940293239429593, 2059198.459137876518071 ], [ 3547644.587698742747307, 2059177.132955221226439 ], [ 3547682.825246822554618, 2059145.810198921011761 ], [ 3547721.735557699110359, 2059122.325686242431402 ], [ 3547756.834701842162758, 2059100.512393374461681 ], [ 3547782.77007367555052, 2059079.597572804661468 ], [ 3547782.914209031499922, 2059078.161923841340467 ], [ 3547802.77278888784349, 2059064.493917666608468 ], [ 3547810.492254761978984, 2059058.265356931136921 ], [ 3547837.887845978140831, 2059027.230774226831272 ], [ 3547841.434212740976363, 2059022.777019703062251 ], [ 3547844.751659711822867, 2059017.95360523276031 ], [ 3547853.629724081140012, 2059001.578505000798032 ], [ 3547794.129823944531381, 2059001.578505000798032 ], [ 3547776.126876891590655, 2059022.355514821596444 ] ] ], [ [ [ 3548532.95506495796144, 2059009.759131451137364 ], [ 3548561.135191638022661, 2059031.847603570204228 ], [ 3548586.190896243788302, 2059063.383877589600161 ], [ 3548601.521738874725997, 2059073.646798380883411 ], [ 3548638.751156860496849, 2059079.182668534573168 ], [ 3548662.182410863228142, 2059076.911168859573081 ], [ 3548681.474375423043966, 2059072.426566179376096 ], [ 3548742.82322287466377, 2059053.41834132024087 ], [ 3548754.713887352962047, 2059039.204264939529821 ], [ 3548765.861363897100091, 2059001.578505000798032 ], [ 3548524.877898663282394, 2059001.578505000798032 ], [ 3548532.95506495796144, 2059009.759131451137364 ] ] ] ] } }
]
}
