{
"type": "FeatureCollection",
"name": "Cañete_la_Real",
"crs": { "type": "name", "properties": { "name": "urn:ogc:def:crs:EPSG::3035" } },
"features": [
{ "type": "Feature", "properties": { "ENP_GRAL": 5.0, "ENP_GRAL_NAME": "Espacios Protegidos Red Natura 2000", "color": "#A87000" }, "geometry": { "type": "Polygon", "coordinates": [ [ [ 2971492.500156683847308, 1686969.700850805034861 ], [ 2971492.290754149667919, 1686902.923707064939663 ], [ 2971494.695988301187754, 1686844.368143697269261 ], [ 2971491.697912122588605, 1686807.485987381776795 ], [ 2971486.176848383620381, 1686780.404673562152311 ], [ 2971488.707520144991577, 1686761.915991065558046 ], [ 2971490.822080452460796, 1686746.461489166365936 ], [ 2971493.421113118063658, 1686727.470258662942797 ], [ 2971499.064120838418603, 1686711.300584525102749 ], [ 2971511.364951385185122, 1686695.083114998647943 ], [ 2971515.651411020196974, 1686683.630148083670065 ], [ 2971520.683695387095213, 1686670.192183217499405 ], [ 2971521.76295848749578, 1686657.823049072409049 ], [ 2971526.050571591593325, 1686646.370895090512931 ], [ 2971527.820264321286231, 1686636.033586560515687 ], [ 2971525.205900862812996, 1686627.813037366140634 ], [ 2971512.37685925187543, 1686610.049085653619841 ], [ 2971491.588959291577339, 1686593.032992976950482 ], [ 2971472.812607292085886, 1686580.335414705332369 ], [ 2971461.293768105097115, 1686572.545566820306703 ], [ 2971456.608255229890347, 1686562.503485263325274 ], [ 2971459.793755797669291, 1686543.897338373353705 ], [ 2971471.538024334236979, 1686528.446905883261934 ], [ 2971489.21604081755504, 1686525.304359388537705 ], [ 2971516.268855718430132, 1686513.145221375627443 ], [ 2971535.716664470266551, 1686499.66640458186157 ], [ 2971554.426768875215203, 1686486.698328065918759 ], [ 2971566.909897399600595, 1686470.737022079061717 ], [ 2971574.270937841385603, 1686457.401229505194351 ], [ 2971576.353448844049126, 1686431.642208541976288 ], [ 2971575.320973480120301, 1686394.409738028887659 ], [ 2971578.812196828890592, 1686369.067508664680645 ], [ 2971583.407873761840165, 1686350.879962678300217 ], [ 2971590.769110632129014, 1686337.545173612656072 ], [ 2971594.255577201023698, 1686320.890148848295212 ], [ 2971599.383585245814174, 1686296.395693753613159 ], [ 2971608.637289294973016, 1686278.915156188653782 ], [ 2971620.079732920974493, 1686261.512954192236066 ], [ 2971628.928175719454885, 1686248.056572639150545 ], [ 2971643.315870743244886, 1686233.329045762307942 ], [ 2971650.983721934724599, 1686220.574239182285964 ], [ 2971702.194043523166329, 1686186.551229157717898 ], [ 2971760.711217679083347, 1686151.629183068871498 ], [ 2971812.606578037142754, 1686102.017883916851133 ], [ 2971849.182342195883393, 1686037.820653301198035 ], [ 2971889.897152892313898, 1685962.791091500781476 ], [ 2971929.733262984082103, 1685900.899546337081119 ], [ 2971998.044564903248101, 1685854.14064523158595 ], [ 2972065.79506723722443, 1685832.002349234884605 ], [ 2972109.386582211591303, 1685841.563613786129281 ], [ 2972149.704893887974322, 1685867.573061551433057 ], [ 2972213.418009348213673, 1685866.346344428602606 ], [ 2972268.548054985236377, 1685856.548325378913432 ], [ 2972314.560311735607684, 1685825.292445605620742 ], [ 2972364.597105947323143, 1685791.879106864333153 ], [ 2972369.259479518514127, 1685784.007163548842072 ], [ 2972388.484807703178376, 1685751.547486770199612 ], [ 2972393.081569956615567, 1685742.610056220088154 ], [ 2972414.56180514395237, 1685707.390216534724459 ], [ 2972420.224900724366307, 1685698.100867257453501 ], [ 2972430.68901237193495, 1685689.825132756726816 ], [ 2972440.168647932820022, 1685672.77338466537185 ], [ 2972455.706538041587919, 1685633.933689328841865 ], [ 2972470.443153240252286, 1685589.889945430681109 ], [ 2972482.448052539024502, 1685563.036076109623536 ], [ 2972510.971128741279244, 1685538.590746597386897 ], [ 2972542.004978745710105, 1685521.7162903950084 ], [ 2972571.517780115827918, 1685521.149274643277749 ], [ 2972611.099457398522645, 1685524.804238115204498 ], [ 2972641.307933401316404, 1685537.475036330521107 ], [ 2972671.204240949824452, 1685565.568239140324295 ], [ 2972706.343899348285049, 1685598.588972843717784 ], [ 2972732.145833727903664, 1685633.57539412076585 ], [ 2972762.143399240449071, 1685674.252805144293234 ], [ 2972778.27032667864114, 1685696.122480517951772 ], [ 2972782.143622455652803, 1685722.235449641942978 ], [ 2972776.280048391781747, 1685754.012418722966686 ], [ 2972777.919311420060694, 1685786.459390072384849 ], [ 2972790.14335666038096, 1685809.007210057228804 ], [ 2972817.931993877049536, 1685823.444630295969546 ], [ 2972849.149259271100163, 1685833.931723361602053 ], [ 2972871.105723562650383, 1685836.711346405325457 ], [ 2972905.655388860031962, 1685833.911044188542292 ], [ 2972938.849565587937832, 1685826.676575757330284 ], [ 2972975.465084299445152, 1685824.178423321573064 ], [ 2973000.34682820411399, 1685819.756592857185751 ], [ 2973017.678430600091815, 1685809.994736936641857 ], [ 2973029.695749939419329, 1685803.22640019794926 ], [ 2973039.793444060254842, 1685800.719222879502922 ], [ 2973047.911401982419193, 1685787.918770912801847 ], [ 2973052.606776187662035, 1685770.381048801355064 ], [ 2973058.959764430299401, 1685759.230479859281331 ], [ 2973066.034008523449302, 1685726.571411101380363 ], [ 2973068.51824546046555, 1685703.41319382074289 ], [ 2973073.260682846885175, 1685690.544322043424472 ], [ 2973077.074024492874742, 1685680.199903161963448 ], [ 2973078.370567238889635, 1685658.234350038925186 ], [ 2973081.956854599528015, 1685642.230085965013131 ], [ 2973090.174052285961807, 1685630.080212638713419 ], [ 2973099.197789470665157, 1685616.737044595880434 ], [ 2973103.896138003095984, 1685596.907879616366699 ], [ 2973100.281231401022524, 1685582.183460706146434 ], [ 2973090.469902835786343, 1685566.555620431201532 ], [ 2973087.155743328854442, 1685553.781261130236089 ], [ 2973080.759945866186172, 1685551.578040821943432 ], [ 2973074.550773696042597, 1685549.436808581696823 ], [ 2973073.217101852409542, 1685537.551612181356177 ], [ 2973072.178376863710582, 1685528.295973174273968 ], [ 2973063.707663545385003, 1685523.874644718132913 ], [ 2973063.767020198050886, 1685511.169905721675605 ], [ 2973066.953308005817235, 1685492.564176134066656 ], [ 2973072.604451026767492, 1685476.861296014394611 ], [ 2973081.576721265912056, 1685465.244233030127361 ], [ 2973096.035512499511242, 1685458.66686614183709 ], [ 2973104.695617562159896, 1685462.472135431366041 ], [ 2973111.950597296468914, 1685465.661452307133004 ], [ 2973125.29552193544805, 1685460.815834360430017 ], [ 2973137.231069360859692, 1685456.482473816722631 ], [ 2973149.469434475991875, 1685460.528970062732697 ], [ 2973161.449756608344615, 1685468.421445326879621 ], [ 2973178.114479123614728, 1685476.150716290343553 ], [ 2973194.625625059939921, 1685487.247113631572574 ], [ 2973204.18820293713361, 1685496.905555326491594 ], [ 2973212.936316583305597, 1685518.73483837232925 ], [ 2973224.656897758599371, 1685538.032347868895158 ], [ 2973234.873332428745925, 1685547.574615320656449 ], [ 2973267.342059638351202, 1685570.534008234972134 ], [ 2973280.72643655911088, 1685587.532404886092991 ], [ 2973298.989071267656982, 1685614.351552807725966 ], [ 2973330.542041969485581, 1685648.832495657959953 ], [ 2973358.686746798455715, 1685661.201446709688753 ], [ 2973370.770137491635978, 1685666.512703695334494 ], [ 2973398.716919501312077, 1685672.127595507306978 ], [ 2973414.572253299877048, 1685683.34053080319427 ], [ 2973428.939454698935151, 1685693.501355227548629 ], [ 2973450.468326021917164, 1685708.724682376021519 ], [ 2973469.298458155244589, 1685711.031145987799391 ], [ 2973492.316153194755316, 1685707.609106051502749 ], [ 2973521.988679911009967, 1685694.986503848806024 ], [ 2973545.549804721958935, 1685684.964138889452443 ], [ 2973566.607069264631718, 1685676.007279479410499 ], [ 2973583.050906055606902, 1685663.424795815953985 ], [ 2973597.155544482637197, 1685658.913957103155553 ], [ 2973610.853064882569015, 1685660.488972580758855 ], [ 2973625.258597650565207, 1685657.929187134141102 ], [ 2973639.816574798896909, 1685652.001483882544562 ], [ 2973652.160405273549259, 1685649.139967949129641 ], [ 2973661.119356356561184, 1685654.896779179107398 ], [ 2973682.468298453837633, 1685662.462069279747084 ], [ 2973704.978435286320746, 1685664.474703252548352 ], [ 2973741.795012241229415, 1685663.278068582527339 ], [ 2973769.750878830440342, 1685656.974337851861492 ], [ 2973805.370800790376961, 1685639.287328053498641 ], [ 2973828.900905689224601, 1685627.602461802074686 ], [ 2973841.790830716956407, 1685626.802634494611993 ], [ 2973856.351045706309378, 1685620.874641427071765 ], [ 2973866.83392571657896, 1685610.326864234404638 ], [ 2973883.079801536630839, 1685593.979725336888805 ], [ 2973899.226637006737292, 1685577.73292236123234 ], [ 2973914.71965982299298, 1685554.381760486401618 ], [ 2973926.233733895234764, 1685537.026014116592705 ], [ 2973941.284563411027193, 1685521.600831905147061 ], [ 2973955.242184462957084, 1685511.770970714045689 ], [ 2973972.679975930601358, 1685493.97409484279342 ], [ 2973984.933183463290334, 1685473.089377283118665 ], [ 2973992.249534715898335, 1685455.087294274708256 ], [ 2973989.996759736910462, 1685436.11186977988109 ], [ 2973976.204255358316004, 1685425.201275762403384 ], [ 2973961.049375112168491, 1685418.538594965822995 ], [ 2973951.948389729019254, 1685398.776402148650959 ], [ 2973944.575849909335375, 1685382.767827397910878 ], [ 2973939.298742004670203, 1685371.311381210573018 ], [ 2973934.151500638574362, 1685353.165674770949408 ], [ 2973921.522218614816666, 1685336.702013465808704 ], [ 2973912.720885927788913, 1685318.890086603118107 ], [ 2973909.813351487740874, 1685300.032029861817136 ], [ 2973915.967060686089098, 1685287.579821827588603 ], [ 2973918.64608193282038, 1685274.409743092255667 ], [ 2973911.24855586187914, 1685265.702705762116238 ], [ 2973905.194296919740736, 1685258.57534819515422 ], [ 2973904.157967019826174, 1685250.259501437656581 ], [ 2973909.049049782566726, 1685242.708874913398176 ], [ 2973919.190676416270435, 1685216.855069186072797 ], [ 2973926.712686470709741, 1685191.465788756264374 ], [ 2973942.234096304047853, 1685178.686507622012869 ], [ 2973956.044558861292899, 1685163.537655740743503 ], [ 2973966.935015324503183, 1685146.904122453881428 ], [ 2973973.43673032335937, 1685141.072761986637488 ], [ 2973991.170116865076125, 1685133.912977569038048 ], [ 2974006.237688611261547, 1685127.829938889946789 ], [ 2974030.217411731369793, 1685112.276805049041286 ], [ 2974043.627052966505289, 1685094.527486683567986 ], [ 2974051.142966587562114, 1685077.825477195437998 ], [ 2974045.52193736564368, 1685050.094287734245881 ], [ 2974036.982143122702837, 1685020.879198987735435 ], [ 2974021.785934455692768, 1685000.863742878194898 ], [ 2974016.111798517405987, 1684977.150978759862483 ], [ 2974009.532363261096179, 1684949.654233887325972 ], [ 2973998.616973346564919, 1684933.491139071062207 ], [ 2973993.998874692711979, 1684912.264426548266783 ], [ 2973997.180214899592102, 1684902.344972224906087 ], [ 2974006.2524070199579, 1684891.379842842463404 ], [ 2974008.931559592485428, 1684878.209822010947391 ], [ 2974003.404628986492753, 1684859.816217664862052 ], [ 2974004.67383134458214, 1684846.228537148796022 ], [ 2974010.773461484350264, 1684837.795001780847088 ], [ 2974016.372898810077459, 1684826.11064629489556 ], [ 2974013.712887251749635, 1684813.221044717356563 ], [ 2974011.835551320575178, 1684804.117616325849667 ], [ 2974015.944066381081939, 1684792.780871166614816 ], [ 2974021.844322958029807, 1684776.501414739061147 ], [ 2974019.944744065403938, 1684762.004951977636665 ], [ 2974016.175651617813855, 1684750.648819674504921 ], [ 2974016.890281916595995, 1684737.827844106825069 ], [ 2974017.553524102084339, 1684725.923140987986699 ], [ 2974018.045039254240692, 1684717.100056316470727 ], [ 2974008.249152647331357, 1684707.96168899256736 ], [ 2973998.094158332329243, 1684698.486936155939475 ], [ 2973977.716468828730285, 1684679.476945470552891 ], [ 2973960.579655300825834, 1684673.672223526053131 ], [ 2973945.023990785237402, 1684664.410243126098067 ], [ 2973936.571516153402627, 1684653.217022831551731 ], [ 2973930.176377712748945, 1684651.012411625124514 ], [ 2973916.77307933755219, 1684660.075481197796762 ], [ 2973908.400585015304387, 1684675.593299624277279 ], [ 2973902.754831630736589, 1684686.058248518034816 ], [ 2973895.399235595483333, 1684687.256597471190616 ], [ 2973887.292569853365421, 1684682.684547501383349 ], [ 2973879.06895147357136, 1684678.043280923040584 ], [ 2973874.28158915322274, 1684675.343142381170765 ], [ 2973872.959159492515028, 1684655.166164031485096 ], [ 2973876.493645222857594, 1684643.179407455259934 ], [ 2973875.544483533129096, 1684632.658611535094678 ], [ 2973868.654545533470809, 1684618.516175384400412 ], [ 2973863.143085600808263, 1684607.200646498939022 ], [ 2973868.974628085270524, 1684594.407621356425807 ], [ 2973872.763158407527953, 1684579.704216985963285 ], [ 2973882.89220938552171, 1684571.222959552425891 ], [ 2973891.110118106938899, 1684559.073309921426699 ], [ 2973896.863132583908737, 1684544.020898882299662 ], [ 2973905.936252880841494, 1684533.054624426178634 ], [ 2973915.009629138745368, 1684522.089319526450709 ], [ 2973931.186167400330305, 1684509.193794945254922 ], [ 2973936.155427623540163, 1684505.230753449024633 ], [ 2973935.629344222601503, 1684494.373103029793128 ], [ 2973939.209933072794229, 1684487.056404434610158 ], [ 2973944.258243218064308, 1684476.742080024676397 ], [ 2973951.66524471854791, 1684467.472291724057868 ], [ 2973956.537693134509027, 1684461.374111971119419 ], [ 2973960.549154730513692, 1684456.35249966615811 ], [ 2973963.201445069164038, 1684453.032810827484354 ], [ 2973972.984764259308577, 1684444.308897604933009 ], [ 2973985.488077878952026, 1684429.393483655061573 ], [ 2974003.48863612441346, 1684402.143790847389027 ], [ 2974018.520004380494356, 1684368.739961847895756 ], [ 2974032.858132389374077, 1684322.096303997794166 ], [ 2974039.677290215156972, 1684299.913327945396304 ], [ 2974049.995686201378703, 1684266.344781134277582 ], [ 2974061.110565735027194, 1684230.187580166850239 ], [ 2974063.370775618124753, 1684197.083628621418029 ], [ 2974072.423368036746979, 1684146.703144904691726 ], [ 2974073.952223076485097, 1684121.71185596822761 ], [ 2974073.163209335878491, 1684099.135807142825797 ], [ 2974072.216978509910405, 1684072.066875656601042 ], [ 2974064.181434687227011, 1684053.963944383431226 ], [ 2974062.884902255609632, 1684036.824312251526862 ], [ 2974067.128929090686142, 1684020.703826232813299 ], [ 2974076.348420165013522, 1684015.05692239664495 ], [ 2974093.521171413362026, 1684017.351135732373223 ], [ 2974120.630116023123264, 1684020.97164478385821 ], [ 2974138.343424757942557, 1684020.077255729585886 ], [ 2974162.913584259338677, 1684031.078520394861698 ], [ 2974183.005380101967603, 1684034.85765450890176 ], [ 2974194.786740222945809, 1684041.451581486966461 ], [ 2974209.988113603554666, 1684052.780037943972275 ], [ 2974223.886486853007227, 1684055.656112043187022 ], [ 2974243.077107079327106, 1684053.581897843396291 ], [ 2974262.868348975200206, 1684055.411023424938321 ], [ 2974283.455943401437253, 1684071.12888861540705 ], [ 2974299.205443360377103, 1684090.377844676375389 ], [ 2974316.218159169424325, 1684104.727351680863649 ], [ 2974332.582267929334193, 1684110.505091303959489 ], [ 2974344.015852439217269, 1684110.4783103344962 ], [ 2974356.363609487190843, 1684098.930434465641156 ], [ 2974373.85021367110312, 1684085.802631572820246 ], [ 2974386.792580829933286, 1684076.085321969352663 ], [ 2974393.460602937266231, 1684060.27071843482554 ], [ 2974406.817554765380919, 1684046.54015009640716 ], [ 2974420.093651317059994, 1684032.893345621647313 ], [ 2974432.074545627459884, 1684013.992839448619634 ], [ 2974447.295268046204001, 1683989.982371313031763 ], [ 2974459.9173643887043, 1683958.938129423186183 ], [ 2974458.232145975343883, 1683921.824158323695883 ], [ 2974455.980449980124831, 1683872.184249082813039 ], [ 2974454.448776274453849, 1683838.450959970010445 ], [ 2974457.86927404999733, 1683801.628687126329169 ], [ 2974460.487871744669974, 1683773.448677029693499 ], [ 2974455.944442803040147, 1683749.859065036056563 ], [ 2974453.344767223577946, 1683724.264048488810658 ], [ 2974457.186391450464725, 1683705.544718750519678 ], [ 2974463.340558169409633, 1683693.091844453476369 ], [ 2974467.430193084292114, 1683680.339587422320619 ], [ 2974470.616553017869592, 1683661.734550976892933 ], [ 2974473.252357789315283, 1683646.347771507920697 ], [ 2974475.219644819386303, 1683634.861077931243926 ], [ 2974477.504423482343554, 1683621.527672414667904 ], [ 2974472.172400644980371, 1683601.997079526772723 ], [ 2974463.573040365707129, 1683585.485765050398186 ], [ 2974450.189283525105566, 1683568.489064780296758 ], [ 2974438.802227347157896, 1683554.027532567735761 ], [ 2974430.440492198802531, 1683543.408770858775824 ], [ 2974432.033048841170967, 1683533.632207613205537 ], [ 2974438.234273010864854, 1683525.849044293165207 ], [ 2974445.925080436747521, 1683516.196104208240286 ], [ 2974464.333777322433889, 1683511.859393762657419 ], [ 2974487.24673327151686, 1683516.473888091975823 ], [ 2974508.904449885245413, 1683520.836550600128248 ], [ 2974542.493182383477688, 1683521.358721927041188 ], [ 2974565.470564836636186, 1683521.714971913024783 ], [ 2974585.40464248508215, 1683522.024389919126406 ], [ 2974598.194895593915135, 1683524.825370805803686 ], [ 2974609.450095912441611, 1683527.289974425220862 ], [ 2974617.87928615976125, 1683534.690489301923662 ], [ 2974627.789357505738735, 1683550.968997610732913 ], [ 2974643.144488472025841, 1683558.930562611902133 ], [ 2974664.293315447866917, 1683565.194736566161737 ], [ 2974682.675939022563398, 1683570.640962774399668 ], [ 2974695.458261216059327, 1683579.701955194119364 ], [ 2974707.623473754618317, 1683588.326436842093244 ], [ 2974724.658500380814075, 1683594.558194023557007 ], [ 2974733.666227939538658, 1683604.98257912392728 ], [ 2974747.765274400357157, 1683609.159534885780886 ], [ 2974768.766197605058551, 1683610.105873859487474 ], [ 2974790.27592235757038, 1683605.61676995549351 ], [ 2974813.356234014965594, 1683589.491208074847236 ], [ 2974828.07564776064828, 1683571.510057681705803 ], [ 2974838.11843797750771, 1683545.006670305272564 ], [ 2974842.615771284326911, 1683526.168873534072191 ], [ 2974842.375276606529951, 1683511.513378053670749 ], [ 2974836.247496717609465, 1683489.217821299564093 ], [ 2974827.099362896755338, 1683464.787190890405327 ], [ 2974819.430549763143063, 1683444.305393466027454 ], [ 2974822.087606254965067, 1683432.272231687093154 ], [ 2974827.032662509009242, 1683420.703424273058772 ], [ 2974834.16065421467647, 1683404.026421983493492 ], [ 2974840.787432142533362, 1683388.523445722879842 ], [ 2974838.104861988686025, 1683365.957255131797865 ], [ 2974829.11051237443462, 1683338.158613111358136 ], [ 2974807.119724934455007, 1683313.336832103086635 ], [ 2974793.227948950603604, 1683301.774444065056741 ], [ 2974780.13796105235815, 1683295.413893253542483 ], [ 2974763.779601315502077, 1683280.950035544345155 ], [ 2974747.923070464283228, 1683269.735751593019813 ], [ 2974741.589200481772423, 1683254.826357571873814 ], [ 2974741.20080613065511, 1683234.853127923794091 ], [ 2974738.594849273562431, 1683217.945270109223202 ], [ 2974736.590175940655172, 1683204.939578099641949 ], [ 2974740.4259850140661, 1683194.904111167183146 ], [ 2974746.957422631792724, 1683177.815957532031462 ], [ 2974751.130883908364922, 1683159.599464590894058 ], [ 2974755.979566455353051, 1683138.43208971596323 ], [ 2974763.252027201466262, 1683116.022322745993733 ], [ 2974768.109609806444496, 1683086.431341830641031 ], [ 2974774.471512595191598, 1683066.594203557586297 ], [ 2974778.758191213011742, 1683053.226946118986234 ], [ 2974787.741304237395525, 1683034.840782786719501 ], [ 2974794.24353274423629, 1683029.009836984332651 ], [ 2974803.571387115865946, 1683015.326212282758206 ], [ 2974804.941466378979385, 1683002.389154315460473 ], [ 2974803.391381349414587, 1682987.966463394230232 ], [ 2974796.64896749611944, 1682979.143053418956697 ], [ 2974788.544088411144912, 1682974.569395072991028 ], [ 2974778.079519558697939, 1682959.057670356240124 ], [ 2974773.556700008921325, 1682947.167342090979218 ], [ 2974773.51681440230459, 1682933.812594175804406 ], [ 2974775.941693637520075, 1682923.360755914822221 ], [ 2974787.588441316969693, 1682907.260931580327451 ], [ 2974798.27294503338635, 1682898.014460327802226 ], [ 2974814.096192975528538, 1682887.185982862021774 ], [ 2974829.188497370108962, 1682876.858638828853145 ], [ 2974856.119973479304463, 1682863.019709665095434 ], [ 2974877.135599464178085, 1682846.591908519156277 ], [ 2974887.371492629870772, 1682830.075613364577293 ], [ 2974889.805423530749977, 1682810.937376597197726 ], [ 2974889.169959587976336, 1682784.993774352362379 ], [ 2974888.888595086988062, 1682773.471335460431874 ], [ 2974888.426094169728458, 1682754.542443035170436 ], [ 2974881.299859208986163, 1682738.288788636913523 ], [ 2974878.360638495068997, 1682731.58433347591199 ], [ 2974867.554129214957356, 1682732.045593006303534 ], [ 2974864.286437312141061, 1682723.940280334325507 ], [ 2974862.890253669582307, 1682706.150510143954307 ], [ 2974861.847206539474428, 1682692.861268050502986 ], [ 2974864.775230950210243, 1682679.091117062838748 ], [ 2974863.12500845361501, 1682664.0180268434342 ], [ 2974859.356279535219073, 1682652.662026325473562 ], [ 2974863.747053555212915, 1682641.86095522926189 ], [ 2974869.292584100738168, 1682634.194567190250382 ], [ 2974876.27586176013574, 1682624.543425105977803 ], [ 2974888.343860604800284, 1682618.116861033951864 ], [ 2974912.807308954186738, 1682605.089737954549491 ], [ 2974930.969184501096606, 1682597.851705516688526 ], [ 2974960.597939691506326, 1682580.563356709899381 ], [ 2974971.982569105923176, 1682573.91893890989013 ], [ 2974988.923790849745274, 1682554.820660477969795 ], [ 2975000.879385239444673, 1682531.985694824019447 ], [ 2975010.759471615310758, 1682513.112579823005944 ], [ 2975015.171829961240292, 1682480.677031497238204 ], [ 2975018.025139873847365, 1682438.078595781931654 ], [ 2975017.292068504728377, 1682411.486342059914023 ], [ 2975006.433681685477495, 1682384.687266135355458 ], [ 2974984.349807106889784, 1682350.528083992190659 ], [ 2974955.883703073486686, 1682306.496982196345925 ], [ 2974949.698023921810091, 1682287.202084970427677 ], [ 2974946.598261684179306, 1682258.356674685608596 ], [ 2974940.832176689989865, 1682225.308000428136438 ], [ 2974944.681270067114383, 1682197.90093905501999 ], [ 2974951.898057734128088, 1682179.248524826252833 ], [ 2974965.101992416661233, 1682168.88560621580109 ], [ 2974983.439082020893693, 1682165.628504856256768 ], [ 2975016.034124133177102, 1682154.494765680516139 ], [ 2975033.267921945080161, 1682148.606981929857284 ], [ 2975056.133520763367414, 1682144.031509157037362 ], [ 2975082.181478044018149, 1682134.059764945646748 ], [ 2975103.851658117957413, 1682117.517206594813615 ], [ 2975113.888502099085599, 1682099.700268122600392 ], [ 2975121.006158775649965, 1682080.397405309602618 ], [ 2975122.082005868665874, 1682056.823658265406266 ], [ 2975123.549993054009974, 1682024.683813317446038 ], [ 2975118.108265624847263, 1681987.378525686683133 ], [ 2975109.830298739485443, 1681946.760499883675948 ], [ 2975095.600049217231572, 1681854.419308664975688 ], [ 2975088.882924183271825, 1681810.830994979012758 ], [ 2975083.867338719777763, 1681793.321956829633564 ], [ 2975102.957105156499892, 1681744.20675037917681 ], [ 2975098.530231008771807, 1681706.050680593354627 ], [ 2975087.266388078220189, 1681651.801342265214771 ], [ 2975085.50404765130952, 1681640.363828361267224 ], [ 2975086.759878376498818, 1681635.521443080389872 ], [ 2975098.50289323925972, 1681590.242886664811522 ], [ 2975102.887379926629364, 1681561.171019826550037 ], [ 2975120.255876206792891, 1681507.978398805251345 ], [ 2975130.092749962583184, 1681488.861894906498492 ], [ 2975133.642873189412057, 1681459.504859569016844 ], [ 2975133.654882417060435, 1681442.131373521173373 ], [ 2975138.161462545394897, 1681414.607762635918334 ], [ 2975143.41371710691601, 1681382.51491264346987 ], [ 2975146.630972168408334, 1681342.954125756165013 ], [ 2975157.3841397985816, 1681312.317780987592414 ], [ 2975170.400328380055726, 1681283.281803016085178 ], [ 2975180.183691922109574, 1681261.465207414701581 ], [ 2975184.99689889838919, 1681233.923476239433512 ], [ 2975183.863462565466762, 1681204.729208346456289 ], [ 2975175.671902206726372, 1681182.133580738911405 ], [ 2975160.585084895603359, 1681154.081388865364715 ], [ 2975128.177240727003664, 1681118.416614592075348 ], [ 2975110.517203129362315, 1681095.497333279810846 ], [ 2975102.426864625886083, 1681073.551889894064516 ], [ 2975094.842659101821482, 1681046.171555889770389 ], [ 2975097.244030534289777, 1681004.991424288833514 ], [ 2975107.08925683889538, 1680977.187939500203356 ], [ 2975119.898137922398746, 1680955.53826571512036 ], [ 2975133.511796688660979, 1680939.090777600184083 ], [ 2975148.126432249322534, 1680929.146675053052604 ], [ 2975161.377521445043385, 1680923.452583245933056 ], [ 2975177.648984231520444, 1680919.894485021242872 ], [ 2975197.441851055715233, 1680921.723015401978046 ], [ 2975217.28136536385864, 1680928.221255444223061 ], [ 2975234.493988967034966, 1680943.87063964176923 ], [ 2975281.361368644982576, 1680972.958568993490189 ], [ 2975313.327339336741716, 1680992.798211864428595 ], [ 2975356.682381791528314, 1681007.6830981799867 ], [ 2975407.754065714776516, 1681007.297209350392222 ], [ 2975445.28234969265759, 1681001.968305830843747 ], [ 2975479.03525020275265, 1680993.970502886688337 ], [ 2975504.381551397964358, 1680979.447145817335695 ], [ 2975514.773340818937868, 1680959.563162558712065 ], [ 2975520.381608321331441, 1680939.193643126869574 ], [ 2975527.999900256283581, 1680923.142930901842192 ], [ 2975544.07823427580297, 1680909.597470748005435 ], [ 2975560.30967169534415, 1680892.685228808317333 ], [ 2975571.658113299869001, 1680874.635877384571359 ], [ 2975594.560769209638238, 1680831.152224452467635 ], [ 2975600.676125785335898, 1680805.346622805343941 ], [ 2975611.528933866880834, 1680775.36014337441884 ], [ 2975619.764128192327917, 1680745.838522640056908 ], [ 2975625.370339930057526, 1680725.739431235007942 ], [ 2975637.529804902151227, 1680703.935448853066191 ], [ 2975649.777900914661586, 1680691.737491998821497 ], [ 2975662.034561624750495, 1680670.855378737673163 ], [ 2975668.2533657271415, 1680660.260798275703564 ], [ 2975677.966579896397889, 1680651.992082533659413 ], [ 2975690.917333916760981, 1680644.348241131054237 ], [ 2975699.733151589054614, 1680639.144182983553037 ], [ 2975708.791424158029258, 1680633.796678451821208 ], [ 2975722.098361073993146, 1680625.942748016212136 ], [ 2975738.682987995445728, 1680622.503088584169745 ], [ 2975756.977594681084156, 1680618.71019429853186 ], [ 2975774.200647983700037, 1680612.855983365792781 ], [ 2975797.775596922729164, 1680608.669340984197333 ], [ 2975817.26809943607077, 1680608.547346364241093 ], [ 2975840.983508192934096, 1680618.366311484016478 ], [ 2975866.555010848678648, 1680635.871118875686079 ], [ 2975889.600717867724597, 1680663.178138734539971 ], [ 2975913.318023605737835, 1680691.281290364917368 ], [ 2975933.734792933799326, 1680709.454339994350448 ], [ 2975947.809852569364011, 1680721.985444141784683 ], [ 2975958.482874192297459, 1680747.81716945185326 ], [ 2975965.425510774366558, 1680757.941295724129304 ], [ 2975975.342169119976461, 1680765.533972293371335 ], [ 2975983.44886367674917, 1680771.741537817055359 ], [ 2976011.722890560049564, 1680793.388571567367762 ], [ 2976019.409066912252456, 1680799.273681842954829 ], [ 2976035.400057268794626, 1680801.634199702879414 ], [ 2976053.360588701441884, 1680804.285139699932188 ], [ 2976063.851033636834472, 1680805.833165837684646 ], [ 2976084.408350204117596, 1680800.947704678401351 ], [ 2976112.913909954950213, 1680802.566953554982319 ], [ 2976133.76366847474128, 1680806.880867912666872 ], [ 2976152.520083538256586, 1680810.762938166735694 ], [ 2976180.882731823250651, 1680816.632484693313017 ], [ 2976199.343306184746325, 1680820.453384563326836 ], [ 2976222.703327177092433, 1680816.473758207866922 ], [ 2976236.611802865751088, 1680814.105327967787161 ], [ 2976253.559787117876112, 1680811.218916722340509 ], [ 2976277.967919684946537, 1680803.988764065783471 ], [ 2976289.509599268436432, 1680795.926228248747066 ], [ 2976302.968748337589204, 1680782.847302389331162 ], [ 2976311.750521218404174, 1680761.245329880388454 ], [ 2976316.448871532455087, 1680743.709015403874218 ], [ 2976315.754874613136053, 1680730.470866647548974 ], [ 2976314.665119828656316, 1680709.674515309743583 ], [ 2976309.003159627784044, 1680673.547490065451711 ], [ 2976293.307996152434498, 1680650.278903408208862 ], [ 2976291.003634079359472, 1680635.322348888264969 ], [ 2976288.599088591523468, 1680619.715467038331553 ], [ 2976280.300418989732862, 1680605.156360317021608 ], [ 2976272.723056610208005, 1680591.858039261773229 ], [ 2976270.700045059900731, 1680582.141740578925237 ], [ 2976273.780675939284265, 1680571.57388095324859 ], [ 2976283.411473564337939, 1680559.841967443237081 ], [ 2976297.525627938099205, 1680546.646789751946926 ], [ 2976327.203020641580224, 1680534.028727093711495 ], [ 2976352.141803795471787, 1680525.591648033820093 ], [ 2976384.746849084738642, 1680505.77254977193661 ], [ 2976413.676530957221985, 1680483.933707799296826 ], [ 2976442.512439603917301, 1680452.758830662351102 ], [ 2976455.478186368010938, 1680427.741567062214017 ], [ 2976467.427247883751988, 1680413.594792946474627 ], [ 2976482.196229767054319, 1680400.281455175718293 ], [ 2976504.085514853708446, 1680367.668823757441714 ], [ 2976520.631988662295043, 1680335.335619104793295 ], [ 2976529.128570700064301, 1680294.411286068148911 ], [ 2976531.52392138633877, 1680261.918399517191574 ], [ 2976525.920928951818496, 1680216.816538454033434 ], [ 2976517.651656864210963, 1680167.511298513971269 ], [ 2976513.841856017708778, 1680144.797578889410943 ], [ 2976518.149815204553306, 1680113.977890873560682 ], [ 2976532.687237553298473, 1680077.325029674451798 ], [ 2976539.658423868007958, 1680052.7042599436827 ], [ 2976540.8905458166264, 1680025.763105635531247 ], [ 2976538.547349686268717, 1679997.45241135219112 ], [ 2976530.471311701927334, 1679958.134667200269178 ], [ 2976515.691925704479218, 1679923.346754405414686 ], [ 2976507.537767704576254, 1679912.236526416847482 ], [ 2976508.075457352679223, 1679872.119800558779389 ], [ 2976499.941490915603936, 1679847.603161577833816 ], [ 2976479.948469310533255, 1679830.961168916895986 ], [ 2976467.45694822166115, 1679815.871852224925533 ], [ 2976459.655545393005013, 1679784.084929297678173 ], [ 2976450.756584782619029, 1679764.031057081883773 ], [ 2976435.337509614415467, 1679739.365643920842558 ], [ 2976421.881047237664461, 1679708.582799921743572 ], [ 2976395.367866219487041, 1679687.329534246120602 ], [ 2976353.40305650793016, 1679678.91552984691225 ], [ 2976319.488345820456743, 1679666.18772310228087 ], [ 2976294.172829334624112, 1679643.279616200597957 ], [ 2976280.283794960938394, 1679609.68910230207257 ], [ 2976276.391301781870425, 1679584.419472779845819 ], [ 2976269.671336798928678, 1679559.651976937893778 ], [ 2976271.650226645637304, 1679534.782251302152872 ], [ 2976261.021442635450512, 1679503.497449229471385 ], [ 2976247.664893426466733, 1679482.792755234753713 ], [ 2976233.327143889851868, 1679465.146819761721417 ], [ 2976220.835593340918422, 1679450.057627492118627 ], [ 2976207.171180361416191, 1679420.706747184274718 ], [ 2976199.129104069434106, 1679403.432647778885439 ], [ 2976149.463004325516522, 1679373.310193564742804 ], [ 2976118.359616229776293, 1679378.832781365606934 ], [ 2976062.040624947287142, 1679371.525518995476887 ], [ 2975922.657224217429757, 1679353.006637715967372 ], [ 2975846.661640464328229, 1679340.540055684978142 ], [ 2975845.831141207367182, 1679328.518940041540191 ], [ 2975845.480471487622708, 1679323.44267191272229 ], [ 2975708.60865923576057, 1679292.940649134805426 ], [ 2975691.914483681786805, 1679281.81300247553736 ], [ 2975686.254561791662127, 1679273.641648076940328 ], [ 2975674.698143614456058, 1679268.332187266787514 ], [ 2975650.828894993290305, 1679261.883319005137309 ], [ 2975612.70689676515758, 1679254.622878506314009 ], [ 2975575.146290488075465, 1679237.910266393562779 ], [ 2975552.533853485248983, 1679227.849060493055731 ], [ 2975518.294345526024699, 1679222.620317480294034 ], [ 2975487.969348182436079, 1679226.669455379014835 ], [ 2975462.932831831742078, 1679230.012116283178329 ], [ 2975440.363135108258575, 1679236.460003659827635 ], [ 2975414.969506244175136, 1679246.31451945961453 ], [ 2975391.138896884396672, 1679253.218048271490261 ], [ 2975374.458743564318866, 1679262.861397037049755 ], [ 2975363.973381524905562, 1679273.40780870243907 ], [ 2975349.289561201818287, 1679304.743318105349317 ], [ 2975335.346750408411026, 1679353.984046656871215 ], [ 2975336.773288340307772, 1679393.814285812433809 ], [ 2975343.246271951124072, 1679422.727617464726791 ], [ 2975347.305457598064095, 1679440.860671700676903 ], [ 2975350.290748964529485, 1679454.193336904747412 ], [ 2975340.489178149029613, 1679465.973272898932919 ], [ 2975325.27494596131146, 1679472.01580908591859 ], [ 2975305.419362237211317, 1679482.890243250643834 ], [ 2975282.208079325966537, 1679495.604825269430876 ], [ 2975265.904408286325634, 1679514.62701842118986 ], [ 2975251.120478780008852, 1679545.311250231228769 ], [ 2975242.283680827822536, 1679570.931708415504545 ], [ 2975229.265154770575464, 1679599.966139836004004 ], [ 2975217.032429247163236, 1679651.5760147201363 ], [ 2975202.743096332997084, 1679694.197454432724044 ], [ 2975184.792390780057758, 1679717.427919272333384 ], [ 2975173.236890636384487, 1679742.863161044195294 ], [ 2975166.116229391656816, 1679758.535670125856996 ], [ 2975123.530176130123436, 1679795.782553770113736 ], [ 2975098.083319599740207, 1679809.655619665980339 ], [ 2975075.917261730879545, 1679814.260556911118329 ], [ 2975049.522203561849892, 1679817.612204435281456 ], [ 2975028.912660265341401, 1679827.952684905612841 ], [ 2975014.398111641407013, 1679838.547985677374527 ], [ 2975005.877753252163529, 1679848.745762563077733 ], [ 2974991.216435327194631, 1679854.022110415622592 ], [ 2974969.705332189798355, 1679858.510813084896654 ], [ 2974960.491309003438801, 1679860.433828962035477 ], [ 2974951.776719149202108, 1679855.682023147121072 ], [ 2974939.534785688854754, 1679859.192589149344712 ], [ 2974925.702776171267033, 1679863.159274585545063 ], [ 2974906.035825718194246, 1679864.474215634167194 ], [ 2974887.453309811651707, 1679861.761592697817832 ], [ 2974877.637009196914732, 1679854.820648340974003 ], [ 2974870.040567520074546, 1679844.812892462359741 ], [ 2974850.401487533003092, 1679839.616577091626823 ], [ 2974819.106012216303498, 1679831.33489545667544 ], [ 2974774.6513926316984, 1679837.037083900300786 ], [ 2974749.609614172950387, 1679840.248932227259502 ], [ 2974729.218356428667903, 1679839.093676855089143 ], [ 2974721.760159885510802, 1679843.090851907385513 ], [ 2974718.578477521426976, 1679853.008566556032747 ], [ 2974715.755130532197654, 1679861.811832980019972 ], [ 2974707.939497895073146, 1679866.923303853720427 ], [ 2974691.467581757344306, 1679869.181890407111496 ], [ 2974676.459449576213956, 1679867.839920388767496 ], [ 2974658.938925698865205, 1679858.925749351503327 ], [ 2974646.103016315959394, 1679849.8476869428996 ], [ 2974631.295111001934856, 1679849.805400386918336 ], [ 2974623.980320163071156, 1679849.784987930906937 ], [ 2974610.893802696373314, 1679852.762015333399177 ], [ 2974601.479086859151721, 1679848.421181206358597 ], [ 2974573.194163712672889, 1679822.045700474409387 ], [ 2974540.982692538294941, 1679792.007449307711795 ], [ 2974531.626982323825359, 1679783.283443045802414 ], [ 2974517.119930355809629, 1679781.23199742869474 ], [ 2974510.39186784857884, 1679780.281013935105875 ], [ 2974503.828665987588465, 1679773.57210908527486 ], [ 2974491.239643419161439, 1679770.463313557207584 ], [ 2974471.099600146524608, 1679762.015603274572641 ], [ 2974456.453690038062632, 1679755.872574504464865 ], [ 2974434.755321585573256, 1679735.735539509216323 ], [ 2974422.493543967604637, 1679724.353678635554388 ], [ 2974412.104979266878217, 1679719.715303001226857 ], [ 2974403.6061100657098, 1679703.856990748085082 ], [ 2974396.410277529619634, 1679696.449640222592279 ], [ 2974385.484576518647373, 1679691.042112043127418 ], [ 2974364.028389814309776, 1679691.51274485164322 ], [ 2974350.128485813736916, 1679688.636830958304927 ], [ 2974346.3077033450827, 1679681.299159762449563 ], [ 2974343.194258017465472, 1679669.82604073616676 ], [ 2974335.396393254864961, 1679658.518040334340185 ], [ 2974326.590355138294399, 1679649.393359907437116 ], [ 2974319.78622957598418, 1679642.344593713758513 ], [ 2974309.825133617967367, 1679641.01444089692086 ], [ 2974297.532107912003994, 1679639.373397472780198 ], [ 2974280.601338936015964, 1679637.112398957600817 ], [ 2974266.13359195087105, 1679635.181335106259212 ], [ 2974247.959813695400953, 1679632.75531118013896 ], [ 2974225.970610017422587, 1679633.862670129397884 ], [ 2974208.28799579385668, 1679637.003631382482126 ], [ 2974191.903012393973768, 1679639.914118620799854 ], [ 2974170.460034212097526, 1679640.382528010522947 ], [ 2974156.614089615643024, 1679633.489412007620558 ], [ 2974136.775746439117938, 1679626.992659974610433 ], [ 2974119.047640740871429, 1679625.464926386484876 ], [ 2974101.615260371938348, 1679623.96325321844779 ], [ 2974081.514165380969644, 1679622.230428376700729 ], [ 2974067.026720688678324, 1679615.331304217223078 ], [ 2974053.589900781400502, 1679602.352498798863962 ], [ 2974045.9996965858154, 1679583.658378184773028 ], [ 2974045.713827030733228, 1679564.335866863606498 ], [ 2974056.259751910343766, 1679541.083819132298231 ], [ 2974067.799291518516839, 1679515.641652439255267 ], [ 2974086.673975098878145, 1679474.026352302404121 ], [ 2974101.764787917491049, 1679452.163739251438528 ], [ 2974116.834184979088604, 1679440.802400283515453 ], [ 2974129.430411543697119, 1679435.224375734804198 ], [ 2974136.501626569312066, 1679411.254462920129299 ], [ 2974148.732815430033952, 1679369.790198017377406 ], [ 2974156.721617199480534, 1679324.153615876566619 ], [ 2974166.567504208534956, 1679296.350342619 ], [ 2974174.132150802761316, 1679284.316790096461773 ], [ 2974190.411260972730815, 1679272.072544606635347 ], [ 2974212.229122781194746, 1679260.847873460268602 ], [ 2974237.629661559127271, 1679242.306649503996596 ], [ 2974251.242644579149783, 1679225.859294487396255 ], [ 2974260.827013845555484, 1679209.459374914411455 ], [ 2974263.159897424746305, 1679189.67073113960214 ], [ 2974266.594264927320182, 1679160.5501151625067 ], [ 2974277.565165220759809, 1679130.326556403422728 ], [ 2974295.422230707015842, 1679097.759861780097708 ], [ 2974301.53814559429884, 1679071.955449030967429 ], [ 2974298.948226903565228, 1679037.675717756617814 ], [ 2974283.407674740999937, 1679011.042394120479003 ], [ 2974269.068977457471192, 1678992.209731538780034 ], [ 2974255.562325207516551, 1678974.471387721598148 ], [ 2974240.029124062508345, 1678965.300619070418179 ], [ 2974225.175148231908679, 1678960.591971480287611 ], [ 2974213.35185238160193, 1678956.842459104256704 ], [ 2974206.498813084792346, 1678948.542869964614511 ], [ 2974212.334025972988456, 1678943.705539928982034 ], [ 2974228.664763187989593, 1678943.937482421286404 ], [ 2974252.132067, 1678947.78531725727953 ], [ 2974267.548624571878463, 1678943.042712454916909 ], [ 2974279.144258813932538, 1678930.962324971333146 ], [ 2974284.94369859341532, 1678920.57871681987308 ], [ 2974286.423580434639007, 1678899.606439138064161 ], [ 2974281.653601224534214, 1678881.747736276127398 ], [ 2974283.431896138004959, 1678862.7257899295073 ], [ 2974288.478234719019383, 1678851.807740089017898 ], [ 2974306.021224737167358, 1678834.663516214117408 ], [ 2974322.608430077321827, 1678815.683621953241527 ], [ 2974324.47958945389837, 1678805.998749820748344 ], [ 2974321.520522405393422, 1678791.158878813963383 ], [ 2974312.113437969237566, 1678778.13244882132858 ], [ 2974293.637605488300323, 1678767.38493100181222 ], [ 2974270.798253390938044, 1678754.098845230881125 ], [ 2974245.020912162493914, 1678739.103722231229767 ], [ 2974222.801168077625334, 1678731.198242402402684 ], [ 2974200.660602558404207, 1678723.320123369107023 ], [ 2974181.9599768538028, 1678723.755336699774489 ], [ 2974165.541551707312465, 1678721.994897522497922 ], [ 2974156.33383718226105, 1678710.2693197412882 ], [ 2974155.640114243142307, 1678697.031340359710157 ], [ 2974158.12078320235014, 1678682.561538880225271 ], [ 2974160.675667693838477, 1678667.654362029861659 ], [ 2974158.198120718821883, 1678652.484977856976911 ], [ 2974150.499427725560963, 1678641.826494180131704 ], [ 2974142.431049872655421, 1678630.654544568387792 ], [ 2974134.525549527257681, 1678619.70798420207575 ], [ 2974117.531224642880261, 1678615.615365796489641 ], [ 2974095.264934881590307, 1678619.570489089237526 ], [ 2974085.69646396394819, 1678618.598667094251141 ], [ 2974074.677976964972913, 1678603.854190030833706 ], [ 2974068.753377881832421, 1678582.860086491797119 ], [ 2974059.653207366354764, 1678563.098027933156118 ], [ 2974056.139441552106291, 1678549.024833538336679 ], [ 2974054.289889162406325, 1678532.651723300339654 ], [ 2974054.859787557274103, 1678514.513675705529749 ], [ 2974050.891468987800181, 1678501.857442389708012 ], [ 2974049.39605768956244, 1678483.416002498241141 ], [ 2974044.73507740162313, 1678457.521738999523222 ], [ 2974047.214699567295611, 1678443.052050543949008 ], [ 2974049.694425790105015, 1678428.582346677780151 ], [ 2974048.553754708729684, 1678408.075711607700214 ], [ 2974039.701473227702081, 1678394.282735149608925 ], [ 2974032.713892320170999, 1678379.491363673238084 ], [ 2974022.18957641441375, 1678357.217960376292467 ], [ 2974012.255963314324617, 1678329.678804385475814 ], [ 2974007.021016933955252, 1678315.168812002055347 ], [ 2973993.186830348335207, 1678306.34390346868895 ], [ 2973975.612524168565869, 1678301.448298148810863 ], [ 2973964.586691688746214, 1678295.390591565519571 ], [ 2973959.155523769557476, 1678286.33475684421137 ], [ 2973957.359830867964774, 1678265.943482818547636 ], [ 2973956.895726319868118, 1678219.261544631328434 ], [ 2973969.961875524371862, 1678194.894166233483702 ], [ 2973980.026058256626129, 1678176.123569955816492 ], [ 2973988.167426588945091, 1678168.946870473213494 ], [ 2974001.7194311497733, 1678165.203416325384751 ], [ 2974011.495848132297397, 1678158.790136523777619 ], [ 2974026.057179607450962, 1678152.863104518502951 ], [ 2974041.319643443450332, 1678151.48728281701915 ], [ 2974056.120300547219813, 1678160.217103350209072 ], [ 2974067.030947572551668, 1678182.996940687065944 ], [ 2974080.868338662665337, 1678198.576803560135886 ], [ 2974099.397923622280359, 1678205.306005637161434 ], [ 2974119.645561217330396, 1678205.717215734533966 ], [ 2974137.881295221857727, 1678201.810949235921726 ], [ 2974152.897237451281399, 1678194.467116803163663 ], [ 2974164.339137874543667, 1678185.754668539855629 ], [ 2974171.803986042737961, 1678173.071038745809346 ], [ 2974176.649219859857112, 1678160.853590010199696 ], [ 2974179.524522742256522, 1678153.602869442896917 ], [ 2974174.49945479631424, 1678142.53056926256977 ], [ 2974171.523900766856968, 1678135.973701437236741 ], [ 2974186.354461131151766, 1678128.988542428473011 ], [ 2974216.080018949694932, 1678111.09533419366926 ], [ 2974233.977365517988801, 1678091.881911006523296 ], [ 2974239.278321158140898, 1678078.247441298794001 ], [ 2974235.271385338157415, 1678052.237028430448845 ], [ 2974231.403196470811963, 1678040.230156611418352 ], [ 2974229.302705395501107, 1678033.714316955301911 ], [ 2974226.311841150280088, 1678024.427760927006602 ], [ 2974236.017275804653764, 1678004.672264333814383 ], [ 2974236.933926495723426, 1677993.151688987622038 ], [ 2974237.831873470917344, 1677981.860976571682841 ], [ 2974238.581392799504101, 1677972.446816093986854 ], [ 2974242.449394739232957, 1677963.445754436543211 ], [ 2974256.903178630396724, 1677965.555209204554558 ], [ 2974271.821294052060694, 1677967.732084167422727 ], [ 2974285.36469887662679, 1677962.505225026281551 ], [ 2974301.188505369238555, 1677951.676396538037807 ], [ 2974318.533526003360748, 1677939.810021731071174 ], [ 2974333.447332381270826, 1677925.237636358710006 ], [ 2974355.659805005416274, 1677925.299859110498801 ], [ 2974369.620363818947226, 1677915.4722158620134 ], [ 2974382.979848149698228, 1677901.742714420892298 ], [ 2974399.249022982548922, 1677885.021501130657271 ], [ 2974410.560703438706696, 1677866.781439474318177 ], [ 2974425.022044199053198, 1677860.204296745825559 ], [ 2974448.598504009656608, 1677856.016843994380906 ], [ 2974482.999423467554152, 1677856.586824368918315 ], [ 2974518.208561742678285, 1677853.673904654569924 ], [ 2974542.894555973820388, 1677847.953169578220695 ], [ 2974559.873288621194661, 1677844.019254064187407 ], [ 2974587.087708545848727, 1677824.73887014715001 ], [ 2974609.835036670789123, 1677808.623375205090269 ], [ 2974643.230521278455853, 1677787.377570759505033 ], [ 2974668.490828587207943, 1677771.307002036133781 ], [ 2974710.513974556699395, 1677739.352436411194503 ], [ 2974749.059556448366493, 1677723.154281737981364 ], [ 2974790.37225727783516, 1677711.808570047840476 ], [ 2974823.770853944122791, 1677705.877045610919595 ], [ 2974865.190521413460374, 1677686.496257841121405 ], [ 2974894.267715681344271, 1677669.975545290159062 ], [ 2974941.289024280384183, 1677638.91053902101703 ], [ 2974984.180685691535473, 1677607.243780862772837 ], [ 2975020.508390906266868, 1677594.111255749128759 ], [ 2975056.326531061902642, 1677586.414050615858287 ], [ 2975094.934231560211629, 1677557.512615927262232 ], [ 2975120.297658042050898, 1677525.617404611315578 ], [ 2975143.689752272330225, 1677502.758664528140798 ], [ 2975169.656244726851583, 1677477.381556710461155 ], [ 2975189.27768921200186, 1677440.550164270447567 ], [ 2975195.048181278631091, 1677408.127077828161418 ], [ 2975190.486993901431561, 1677382.883384093642235 ], [ 2975176.203030314762145, 1677360.034483587136492 ], [ 2975156.253387544769794, 1677328.121642029378563 ], [ 2975149.606242159381509, 1677305.300336577929556 ], [ 2975151.586902571842074, 1677287.580162845319137 ], [ 2975152.320832911878824, 1677280.998449429636821 ], [ 2975145.453738803975284, 1677273.97225288534537 ], [ 2975146.987322100903839, 1677248.981416782131419 ], [ 2975154.761094516143203, 1677229.563458554912359 ], [ 2975161.961841295473278, 1677211.578198779607192 ], [ 2975170.402888976968825, 1677190.494595521362498 ], [ 2975171.989706538617611, 1677171.056235422613099 ], [ 2975169.69283248251304, 1677147.41380639676936 ], [ 2975172.374556215014309, 1677134.244832000229508 ], [ 2975180.896730600856245, 1677124.047235171077773 ], [ 2975192.384165395982563, 1677120.003032532054931 ], [ 2975203.625073585659266, 1677109.989664270309731 ], [ 2975219.759058783762157, 1677092.427620061207563 ], [ 2975229.243474096991122, 1677075.37824676069431 ], [ 2975242.703695801552385, 1677062.299459755187854 ], [ 2975271.673354237340391, 1677053.81463704444468 ], [ 2975287.986109053716063, 1677049.037586252670735 ], [ 2975295.485618933103979, 1677046.841297446517274 ], [ 2975305.33569709956646, 1677036.48037888109684 ], [ 2975317.732433232944459, 1677029.602300024824217 ], [ 2975338.466187970712781, 1677018.099846186116338 ], [ 2975361.672683094628155, 1677009.106836382765323 ], [ 2975388.431157942395657, 1676995.002839351771399 ], [ 2975406.630310666747391, 1676977.742233918281272 ], [ 2975416.577254195697606, 1676950.589556195307523 ], [ 2975416.646162455435842, 1676929.20040440140292 ], [ 2975414.24241984076798, 1676913.594127376796678 ], [ 2975413.903821212239563, 1676898.289154830621555 ], [ 2975416.130913960747421, 1676886.53716708230786 ], [ 2975413.835210603661835, 1676862.894619854399934 ], [ 2975412.498727626632899, 1676849.124838647898287 ], [ 2975404.78992064204067, 1676839.115468373289332 ], [ 2975387.415673706680536, 1676835.519848802592605 ], [ 2975369.441120719537139, 1676831.8001537125092 ], [ 2975357.506223111413419, 1676824.797848952934146 ], [ 2975350.865649016574025, 1676816.624800314428285 ], [ 2975348.307819697074592, 1676804.386357153533027 ], [ 2975347.868011028505862, 1676788.431280416203663 ], [ 2975347.426811696961522, 1676772.379295139107853 ], [ 2975351.366715363692492, 1676763.091698939912021 ], [ 2975349.96465793158859, 1676753.98849442251958 ], [ 2975344.83311397023499, 1676746.882676233537495 ], [ 2975346.55176730453968, 1676740.566715096356347 ], [ 2975348.820014744065702, 1676732.226461928803474 ], [ 2975352.508162469603121, 1676726.815270449733362 ], [ 2975363.895561823155731, 1676722.120846885023639 ], [ 2975373.17183654056862, 1676712.456560248276219 ], [ 2975378.757421894464642, 1676706.638069392181933 ], [ 2975382.51030404586345, 1676690.089546852977946 ], [ 2975389.984869007952511, 1676668.720679305959493 ], [ 2975389.798538633622229, 1676650.049275439232588 ], [ 2975385.985791830345988, 1676634.024130440782756 ], [ 2975387.011137213557959, 1676614.468490079045296 ], [ 2975389.839255148544908, 1676606.61835947423242 ], [ 2975402.397256919648498, 1676587.68725295830518 ], [ 2975410.110417305491865, 1676580.972901125205681 ], [ 2975427.801054110750556, 1676569.147434857673943 ], [ 2975443.018082884140313, 1676563.104888398898765 ], [ 2975451.624692210927606, 1676570.92986177932471 ], [ 2975464.013591986149549, 1676572.737445200327784 ], [ 2975474.245447594672441, 1676564.90882255602628 ], [ 2975476.773008519783616, 1676555.106798892840743 ], [ 2975470.740164376795292, 1676542.149223080137745 ], [ 2975467.107327288482338, 1676534.34594378923066 ], [ 2975474.285337973386049, 1676521.479126535356045 ], [ 2975472.589768821373582, 1676501.738652599044144 ], [ 2975467.467244422994554, 1676485.947099328506738 ], [ 2975463.361302514560521, 1676459.286654127761722 ], [ 2975461.055763696320355, 1676444.316567494301125 ], [ 2975444.316441658884287, 1676409.892703242599964 ], [ 2975429.475598055869341, 1676379.374905112897977 ], [ 2975430.046719132456928, 1676369.672131886240095 ], [ 2975431.785068277735263, 1676340.198222197359428 ], [ 2975437.246171111240983, 1676320.294596782885492 ], [ 2975433.640999285504222, 1676296.885718997800723 ], [ 2975425.89669320685789, 1676281.559816307388246 ], [ 2975413.461580498144031, 1676275.082724527688697 ], [ 2975397.659589213319123, 1676259.851451668422669 ], [ 2975394.300836226902902, 1676242.411611990770325 ], [ 2975396.489969906397164, 1676217.304740590276197 ], [ 2975402.900298133958131, 1676202.137751727830619 ], [ 2975405.435984738171101, 1676183.650218960130587 ], [ 2975407.819097988307476, 1676166.268413721118122 ], [ 2975404.959431128576398, 1676154.341188654303551 ], [ 2975398.171585237141699, 1676140.849641368957236 ], [ 2975385.943836790509522, 1676126.987914720550179 ], [ 2975372.198758653830737, 1676120.743533135857433 ], [ 2975356.797590383328497, 1676108.114475251175463 ], [ 2975345.480178493540734, 1676091.418787214905024 ], [ 2975331.588018137961626, 1676079.856866062618792 ], [ 2975321.518390698358417, 1676075.63214042969048 ], [ 2975306.609680564142764, 1676074.939078029477969 ], [ 2975293.711914376355708, 1676078.565558355534449 ], [ 2975282.090033216401935, 1676081.833094302332029 ], [ 2975269.388695828616619, 1676073.532586878165603 ], [ 2975257.91603974532336, 1676060.204918073955923 ], [ 2975254.148622900713235, 1676048.849437372526154 ], [ 2975252.045764207839966, 1676035.195053509669378 ], [ 2975254.772546916268766, 1676026.692857027752325 ], [ 2975258.329655840061605, 1676015.608633466763422 ], [ 2975259.427517583128065, 1676004.489627540577203 ], [ 2975256.823757011443377, 1675987.582858081208542 ], [ 2975244.697260402143002, 1675974.371297279372811 ], [ 2975222.091389393433928, 1675963.020559995202348 ], [ 2975209.764527220278978, 1675948.508420297177508 ], [ 2975202.121515888720751, 1675933.832702803425491 ], [ 2975187.675561562180519, 1675923.037262101424858 ], [ 2975176.468781310599297, 1675914.661693166010082 ], [ 2975168.052141332998872, 1675900.467645462602377 ], [ 2975162.637450461741537, 1675874.039857862517238 ], [ 2975157.754066623747349, 1675850.209667035145685 ], [ 2975153.131031163036823, 1675827.650738056516275 ], [ 2975145.318670176900923, 1675809.642984433099627 ], [ 2975132.890862974803895, 1675794.481735965935513 ], [ 2975127.814440364018083, 1675783.357713403180242 ], [ 2975118.606998207978904, 1675771.631037910236046 ], [ 2975116.249801923055202, 1675760.694290914572775 ], [ 2975110.26329063763842, 1675752.405213849851862 ], [ 2975099.939335214905441, 1675750.899155283346772 ], [ 2975091.179459617473185, 1675746.44092353223823 ], [ 2975086.657015511766076, 1675734.551471149316058 ], [ 2975084.654216967523098, 1675721.546542087569833 ], [ 2975082.749004578217864, 1675709.174696082947776 ], [ 2975066.803682931698859, 1675688.642987676663324 ], [ 2975051.755719658453017, 1675673.945001802407205 ], [ 2975039.419719317927957, 1675661.896022638771683 ], [ 2975030.463686186820269, 1675653.147622167831287 ], [ 2975023.973612773232162, 1675650.821148363640532 ], [ 2975018.496831382624805, 1675637.09692114032805 ], [ 2975018.658158025238663, 1675625.043899950804189 ], [ 2975018.911564043723047, 1675606.25633838144131 ], [ 2975019.075481231324375, 1675594.064195530023426 ], [ 2975024.483926901593804, 1675588.60310784750618 ], [ 2975032.51123402826488, 1675580.498847767943516 ], [ 2975032.159292438533157, 1675568.534852497512475 ], [ 2975027.792157440446317, 1675553.27743935585022 ], [ 2975025.742636751383543, 1675535.606280079111457 ], [ 2975024.433652951847762, 1675524.312757436418906 ], [ 2975026.76820676587522, 1675516.049807307077572 ], [ 2975030.332634259015322, 1675503.429705730173737 ], [ 2975032.540003499481827, 1675483.627140634227544 ], [ 2975036.885553606320173, 1675468.15875554503873 ], [ 2975040.433659541420639, 1675455.534290342591703 ], [ 2975044.69040104188025, 1675440.381535544525832 ], [ 2975048.758303452283144, 1675425.903531522257254 ], [ 2975049.477528643794358, 1675414.483593217097223 ], [ 2975056.035354590043426, 1675404.635136738885194 ], [ 2975064.402568679768592, 1675397.804698165971786 ], [ 2975070.058035111054778, 1675382.103646945906803 ], [ 2975069.718785833567381, 1675366.799147622892633 ], [ 2975061.068454567342997, 1675354.30653325538151 ], [ 2975048.031604391522706, 1675343.9291595693212 ], [ 2975037.306945090182126, 1675339.820824356982484 ], [ 2975030.210843067616224, 1675333.064968882361427 ], [ 2975022.852001193910837, 1675326.058035166701302 ], [ 2975004.076800678856671, 1675325.012265385128558 ], [ 2974982.865950675681233, 1675331.452157947234809 ], [ 2974958.223794645629823, 1675341.839724919293076 ], [ 2974940.456786682829261, 1675349.330117613077164 ], [ 2974929.70283973030746, 1675353.864495611749589 ], [ 2974920.386562711559236, 1675353.903532239375636 ], [ 2974911.625861987471581, 1675349.446505164029077 ], [ 2974900.755191841162741, 1675340.020604624878615 ], [ 2974886.775968832429498, 1675327.899395946646109 ], [ 2974869.619572312571108, 1675313.023664613254368 ], [ 2974854.861190852709115, 1675300.22589547955431 ], [ 2974840.705308832693845, 1675295.236715372418985 ], [ 2974814.409000864252448, 1675299.238418771885335 ], [ 2974789.514854749664664, 1675312.345203450182453 ], [ 2974774.089082245714962, 1675325.771826088428497 ], [ 2974754.53334582131356, 1675338.596667625475675 ], [ 2974743.146778340451419, 1675343.291115072788671 ], [ 2974729.847463078796864, 1675344.31672896980308 ], [ 2974715.193235596641898, 1675340.90738364844583 ], [ 2974681.592392046004534, 1675345.538305999245495 ], [ 2974662.353414696641266, 1675342.942101392429322 ], [ 2974654.903774535283446, 1675338.253439495805651 ], [ 2974648.616564938798547, 1675328.012599751353264 ], [ 2974644.949480898678303, 1675317.307505908422172 ], [ 2974641.891008347272873, 1675301.816660519922152 ], [ 2974634.55073567526415, 1675289.09261893061921 ], [ 2974624.479077018797398, 1675284.868455721531063 ], [ 2974616.820918787270784, 1675287.564611777896062 ], [ 2974596.380365920253098, 1675277.166048637824133 ], [ 2974578.913221654016525, 1675264.235047345049679 ], [ 2974568.743583692703396, 1675259.361328846542165 ], [ 2974561.173983476124704, 1675255.733328125206754 ], [ 2974554.55216621607542, 1675245.848751546349376 ], [ 2974553.050015965010971, 1675236.094282598933205 ], [ 2974548.744152707513422, 1675208.133544999407604 ], [ 2974545.133738301694393, 1675184.688718983670697 ], [ 2974538.259518412873149, 1675161.896896055433899 ], [ 2974536.911847458221018, 1675148.775713735027239 ], [ 2974537.528898491058499, 1675135.305544946808368 ], [ 2974542.985192387830466, 1675118.303726009558886 ], [ 2974550.096718797460198, 1675107.688682144042104 ], [ 2974553.378572849556804, 1675098.420867339940742 ], [ 2974550.321293959394097, 1675082.930858884705231 ], [ 2974540.967104468494654, 1675065.887921947520226 ], [ 2974516.523101665079594, 1675029.478253630222753 ], [ 2974489.603680120781064, 1674998.853830649284646 ], [ 2974466.997592842206359, 1674973.134834239725024 ], [ 2974441.735529943369329, 1674963.263617878081277 ], [ 2974411.363578949123621, 1674962.645817418117076 ], [ 2974403.712448498234153, 1674956.655725502409041 ], [ 2974391.64035785663873, 1674939.427401656517759 ], [ 2974383.408949266187847, 1674927.68075606180355 ], [ 2974367.470179734751582, 1674931.026430945843458 ], [ 2974357.338402790017426, 1674939.506525532575324 ], [ 2974328.868782186415046, 1674951.242369797546417 ], [ 2974297.633279278408736, 1674958.12578889564611 ], [ 2974257.838649227749556, 1674961.853854005923495 ], [ 2974227.831972479820251, 1674964.6637546508573 ], [ 2974213.96686140820384, 1674960.960362259298563 ], [ 2974198.111056582536548, 1674949.747753827134147 ], [ 2974184.812767013907433, 1674950.773381004342809 ], [ 2974180.82893960736692, 1674955.4893322896678 ], [ 2974186.198319462127984, 1674977.248406334081665 ], [ 2974196.607223112601787, 1674996.777285963529721 ], [ 2974215.783803403377533, 1675012.076737385708839 ], [ 2974228.373077140189707, 1675015.185510319657624 ], [ 2974240.716035029385239, 1675012.325307538965717 ], [ 2974249.037139189429581, 1675000.826306449482217 ], [ 2974253.207832409068942, 1674995.064705303870142 ], [ 2974264.50878489529714, 1674992.0668792698998 ], [ 2974289.395986812654883, 1674987.647027724422514 ], [ 2974339.716040730476379, 1674986.726232799235731 ], [ 2974363.184139651246369, 1674990.575401772977784 ], [ 2974397.185445953160524, 1674988.544415718642995 ], [ 2974434.306445213966072, 1674989.30088346125558 ], [ 2974441.102112718392164, 1674994.105624409858137 ], [ 2974445.424360050354153, 1675004.695438887225464 ], [ 2974445.361987582873553, 1675017.398914798162878 ], [ 2974445.310248831287026, 1675027.986787146655843 ], [ 2974450.022233387455344, 1675043.292423262726516 ], [ 2974453.303848744370043, 1675053.949075235519558 ], [ 2974456.232882112264633, 1675063.466603482607752 ], [ 2974460.877556758001447, 1675070.089968575863168 ], [ 2974467.271890050731599, 1675072.294775519752875 ], [ 2974481.225154939573258, 1675071.152947460999712 ], [ 2974486.67984324041754, 1675070.705451865913346 ], [ 2974505.395098119974136, 1675079.553027110174298 ], [ 2974518.430918919853866, 1675089.930478975642473 ], [ 2974525.41883003897965, 1675104.722299490123987 ], [ 2974522.03587736422196, 1675113.340092875994742 ], [ 2974516.896352371200919, 1675114.920831155031919 ], [ 2974513.013498153071851, 1675120.285986997652799 ], [ 2974510.385608291253448, 1675129.437681744107977 ], [ 2974510.677831831388175, 1675140.074064400047064 ], [ 2974511.094958089292049, 1675155.261312 ], [ 2974518.058211789000779, 1675166.152555834967643 ], [ 2974521.062327074818313, 1675185.66040158062242 ], [ 2974529.751524344552308, 1675211.506491095293313 ], [ 2974537.111837330739945, 1675233.397078772075474 ], [ 2974535.112842797767371, 1675241.952028832165524 ], [ 2974531.717264245264232, 1675256.486542051658034 ], [ 2974536.245131953619421, 1675271.144411986926571 ], [ 2974551.191641066689044, 1675285.191080569056794 ], [ 2974571.177520599216223, 1675297.006620585685596 ], [ 2974592.825158136431128, 1675309.805276542436332 ], [ 2974612.249921550508589, 1675327.791084358701482 ], [ 2974621.557262665592134, 1675340.16683502541855 ], [ 2974619.984722734428942, 1675351.802456168457866 ], [ 2974615.038443619851023, 1675363.369190400233492 ], [ 2974620.769758538343012, 1675374.376823457656428 ], [ 2974633.606239016167819, 1675383.453567153774202 ], [ 2974643.67580286366865, 1675387.678003990789875 ], [ 2974654.654675563331693, 1675389.067636637948453 ], [ 2974665.888087052851915, 1675387.741867103148252 ], [ 2974679.041277897544205, 1675381.397517057601362 ], [ 2974685.443602040875703, 1675374.915882158325985 ], [ 2974691.23806250654161, 1675373.218861553817987 ], [ 2974701.107369154691696, 1675376.142712051048875 ], [ 2974714.70602507237345, 1675377.067163822241127 ], [ 2974744.631694078445435, 1675370.417659251252189 ], [ 2974765.59186795912683, 1675365.759523550746962 ], [ 2974785.043628586921841, 1675353.219973934581503 ], [ 2974800.561371887102723, 1675349.129143595229834 ], [ 2974817.889441450126469, 1675348.055148389190435 ], [ 2974839.894259747117758, 1675355.503854972310364 ], [ 2974868.840231905691326, 1675373.077228812268004 ], [ 2974885.65147667657584, 1675386.124840776668862 ], [ 2974894.12045840267092, 1675392.697794411331415 ], [ 2974912.84998850338161, 1675387.974698951933533 ], [ 2974935.979874452576041, 1675376.51944813458249 ], [ 2974953.795648419298232, 1675367.695639860583469 ], [ 2974972.218349236994982, 1675358.571781641803682 ], [ 2974988.111054130829871, 1675350.699675049865618 ], [ 2975004.052396207116544, 1675351.070718945702538 ], [ 2975022.82956387847662, 1675363.769216021988541 ], [ 2975031.781458423938602, 1675378.212417881237343 ], [ 2975022.096091210842133, 1675393.960955960676074 ], [ 2975020.269183098338544, 1675408.314031294779852 ], [ 2975014.258176397066563, 1675426.082373424666002 ], [ 2975017.670780518092215, 1675439.504001383436844 ], [ 2975019.943132633343339, 1675448.436077821999788 ], [ 2975014.674175202846527, 1675468.094486144371331 ], [ 2975009.047163319773972, 1675489.086489668348804 ], [ 2974999.878167893271893, 1675507.464278949191794 ], [ 2974997.350280683487654, 1675517.265274352626875 ], [ 2974998.89837084710598, 1675531.687178372871131 ], [ 2975001.079558065161109, 1675551.999004651093856 ], [ 2974997.048146964982152, 1675572.097501507494599 ], [ 2974992.297579555772245, 1675595.784095349023119 ], [ 2974984.510434158146381, 1675621.754578703315929 ], [ 2974981.567008229903877, 1675646.327197078848258 ], [ 2974979.942898212466389, 1675659.886244056047872 ], [ 2974983.807891614735126, 1675673.985645448090509 ], [ 2974994.724734998308122, 1675688.080982273444533 ], [ 2975003.047751600388438, 1675698.826045436551794 ], [ 2975016.767534750979394, 1675708.883602854097262 ], [ 2975033.925416026264429, 1675728.550588507670909 ], [ 2975056.238781181164086, 1675754.12650468852371 ], [ 2975082.94123859424144, 1675775.961209061089903 ], [ 2975106.261776202358305, 1675795.03026588796638 ], [ 2975120.685901585035026, 1675811.345803642878309 ], [ 2975129.530549251940101, 1675833.824121571611613 ], [ 2975135.80144517403096, 1675861.436135786119848 ], [ 2975141.649395560380071, 1675887.187176955165341 ], [ 2975151.170591206755489, 1675908.810139850014821 ], [ 2975160.878663283307105, 1675923.787254108116031 ], [ 2975174.715662840753794, 1675939.367301803082228 ], [ 2975194.785690581891686, 1675969.205549733713269 ], [ 2975214.108669538982213, 1675989.823273534886539 ], [ 2975228.132020986173302, 1676004.787010132335126 ], [ 2975234.195479136891663, 1676011.255751257063821 ], [ 2975227.267577454447746, 1676031.577044163597748 ], [ 2975229.5168232107535, 1676050.551025682128966 ], [ 2975234.89453744282946, 1676063.62483589258045 ], [ 2975253.007791467010975, 1676085.12547784904018 ], [ 2975272.985779185779393, 1676105.627853614278138 ], [ 2975284.565509293228388, 1676110.919593593338504 ], [ 2975294.188454329036176, 1676107.87457941705361 ], [ 2975300.69211701862514, 1676102.044208847219124 ], [ 2975310.515339473262429, 1676100.299810251919553 ], [ 2975319.729597646743059, 1676103.339229728095233 ], [ 2975327.581088779494166, 1676110.630143765825778 ], [ 2975339.152900560759008, 1676124.608317306730896 ], [ 2975350.482654966413975, 1676138.29336158069782 ], [ 2975366.789876237511635, 1676142.413554194848984 ], [ 2975375.649856328032911, 1676147.521159283118322 ], [ 2975383.801612067036331, 1676156.762019741814584 ], [ 2975385.604212303645909, 1676168.466386535670608 ], [ 2975377.066809117794037, 1676196.03669591830112 ], [ 2975373.822008499410003, 1676218.657550287432969 ], [ 2975373.497570344712585, 1676242.765249759424478 ], [ 2975373.366173994727433, 1676252.584452831652015 ], [ 2975373.032841198612005, 1676277.357586338883266 ], [ 2975386.039775175973773, 1676297.989384749438614 ], [ 2975396.331348772160709, 1676314.314003479434177 ], [ 2975404.653772536665201, 1676322.741556558292359 ], [ 2975410.486197683494538, 1676334.398508812300861 ], [ 2975410.015535071492195, 1676353.187503778841347 ], [ 2975406.679689751006663, 1676366.472452084068209 ], [ 2975408.675736555363983, 1676388.163808179553598 ], [ 2975417.72689729463309, 1676403.257783219916746 ], [ 2975434.590609434992075, 1676431.374779340578243 ], [ 2975443.650655201636255, 1676446.479509409284219 ], [ 2975445.168815772049129, 1676467.860740767093375 ], [ 2975450.639884179458022, 1676490.271282997447997 ], [ 2975455.31386721227318, 1676509.419795450055972 ], [ 2975448.89752630982548, 1676522.646761233452708 ], [ 2975442.495152068324387, 1676526.452770631061867 ], [ 2975428.924575685057789, 1676524.471830285154283 ], [ 2975405.555301776155829, 1676514.199005845701322 ], [ 2975403.592436191160232, 1676520.316419326933101 ], [ 2975409.84955329541117, 1676539.178383297286928 ], [ 2975405.557763215154409, 1676547.043880107579753 ], [ 2975386.195638572331518, 1676569.854554279241711 ], [ 2975366.832798171322793, 1676592.666387824341655 ], [ 2975362.788011853583157, 1676610.0858012821991 ], [ 2975361.508402207866311, 1676632.358948906883597 ], [ 2975352.855222497135401, 1676676.65012344205752 ], [ 2975348.062208305113018, 1676684.849155954783782 ], [ 2975349.41044510062784, 1676697.97156095597893 ], [ 2975340.07197786308825, 1676720.338489101268351 ], [ 2975327.166535409167409, 1676732.651563618332148 ], [ 2975316.68108481913805, 1676742.654698031023145 ], [ 2975313.645118614658713, 1676758.433711856137961 ], [ 2975314.838009684346616, 1676774.923055361723527 ], [ 2975316.125079057179391, 1676792.686412848765031 ], [ 2975303.528006968088448, 1676806.325379042653367 ], [ 2975297.069124332163483, 1676813.317610583268106 ], [ 2975295.652871080674231, 1676825.093179519753903 ], [ 2975300.730309335514903, 1676836.216141412500292 ], [ 2975310.645802655257285, 1676843.80858516623266 ], [ 2975326.910317515954375, 1676848.936485848389566 ], [ 2975337.821394305676222, 1676855.758097430691123 ], [ 2975339.992009097710252, 1676861.877048716181889 ], [ 2975338.993329246528447, 1676883.687714712228626 ], [ 2975335.716071565169841, 1676900.134059388423339 ], [ 2975349.521378942765296, 1676904.893793815514073 ], [ 2975378.990267405752093, 1676897.012089890660718 ], [ 2975379.895599322393537, 1676909.003837551688775 ], [ 2975380.665218812413514, 1676919.20811035297811 ], [ 2975381.932454843074083, 1676935.990401222137734 ], [ 2975386.559891615994275, 1676947.903797395760193 ], [ 2975385.342151381075382, 1676957.472299457527697 ], [ 2975372.282419552095234, 1676973.152149706613272 ], [ 2975354.08352833846584, 1676990.413739597890526 ], [ 2975339.167028818279505, 1676998.406298998743296 ], [ 2975307.423395580146462, 1677010.724169727647677 ], [ 2975288.98727244976908, 1677017.877268634736538 ], [ 2975276.588758564554155, 1677020.206278956262395 ], [ 2975264.746951252222061, 1677026.318652857560664 ], [ 2975259.955320343375206, 1677028.791189804673195 ], [ 2975251.286761082708836, 1677039.398425495717674 ], [ 2975233.195782943628728, 1677048.622822512639686 ], [ 2975212.331948882900178, 1677061.68118176353164 ], [ 2975203.510443390812725, 1677069.928639553487301 ], [ 2975199.672712229192257, 1677079.960381105542183 ], [ 2975196.103801541030407, 1677089.295890162931755 ], [ 2975171.797123602591455, 1677104.285256279399619 ], [ 2975158.23694084957242, 1677116.714752963744104 ], [ 2975148.097631597425789, 1677133.880453784484416 ], [ 2975146.217147751711309, 1677152.250798620749265 ], [ 2975148.004329703748226, 1677181.32748353597708 ], [ 2975146.57856151740998, 1677198.282016262877733 ], [ 2975137.094322950579226, 1677215.331420657690614 ], [ 2975130.784485493786633, 1677231.148951333248988 ], [ 2975123.812149537727237, 1677255.769468150800094 ], [ 2975117.405330876354128, 1677278.388608376728371 ], [ 2975115.606547370553017, 1677307.330593493068591 ], [ 2975122.894424618221819, 1677324.073937386274338 ], [ 2975140.899914836511016, 1677353.609916442073882 ], [ 2975146.478220132179558, 1677367.984460241859779 ], [ 2975150.528339476324618, 1677378.421213092748076 ], [ 2975158.597256663255394, 1677389.882702510803938 ], [ 2975163.867292229086161, 1677410.991947334492579 ], [ 2975163.899037174880505, 1677433.032383668003604 ], [ 2975156.62515469500795, 1677455.702212338102981 ], [ 2975144.975830594077706, 1677471.79994593700394 ], [ 2975128.542609997093678, 1677487.411091311369091 ], [ 2975112.609173085540533, 1677506.273887255927548 ], [ 2975083.169346841052175, 1677533.546164674451575 ], [ 2975061.496969663538039, 1677553.625755049288273 ], [ 2975041.741927142255008, 1677561.614245258038864 ], [ 2975019.8294897088781, 1677563.501415606122464 ], [ 2975001.038624070119113, 1677568.174666374456137 ], [ 2974982.293058603070676, 1677577.516674207057804 ], [ 2974956.59063442517072, 1677594.105973000871018 ], [ 2974925.86441745609045, 1677613.938250896055251 ], [ 2974894.799414100591093, 1677638.482579885283485 ], [ 2974866.122916775755584, 1677657.604420338524505 ], [ 2974846.422028200235218, 1677665.111882963217795 ], [ 2974836.420389619655907, 1677668.922415187815204 ], [ 2974830.303921459242702, 1677665.302014457294717 ], [ 2974822.445731016807258, 1677666.697612173855305 ], [ 2974801.789359699934721, 1677672.370485703460872 ], [ 2974777.604926169849932, 1677681.341299997409806 ], [ 2974740.222996407188475, 1677691.989970433758572 ], [ 2974713.664258045144379, 1677707.394279532833025 ], [ 2974689.133936966303736, 1677721.624550830572844 ], [ 2974664.032105317804962, 1677730.238147092983127 ], [ 2974649.460242741275579, 1677735.239017128245905 ], [ 2974624.488110212609172, 1677743.80901190568693 ], [ 2974603.767078544013202, 1677758.311134810792282 ], [ 2974585.568656994961202, 1677775.572365655796602 ], [ 2974579.459585529752076, 1677792.690720577957109 ], [ 2974570.985180291347206, 1677807.557855105027556 ], [ 2974555.213796175085008, 1677814.366566542768851 ], [ 2974535.820178562775254, 1677815.138570788316429 ], [ 2974515.064771801698953, 1677820.161147270351648 ], [ 2974498.284203653689474, 1677829.15443351212889 ], [ 2974485.186622437089682, 1677831.480724080931395 ], [ 2974454.414710188284516, 1677828.261825091671199 ], [ 2974434.176948566921055, 1677826.144374463008717 ], [ 2974417.04042358417064, 1677830.22323451936245 ], [ 2974403.419477227143943, 1677833.465743864187971 ], [ 2974394.920287410728633, 1677839.496882993495092 ], [ 2974391.084153693635017, 1677849.530605512904003 ], [ 2974386.784923107363284, 1677869.66811648150906 ], [ 2974380.729777008295059, 1677882.768353997496888 ], [ 2974371.654322708491236, 1677893.732694482896477 ], [ 2974363.086363153997809, 1677899.263093654299155 ], [ 2974355.581586992368102, 1677898.591745023149997 ], [ 2974350.296918218955398, 1677894.85369073972106 ], [ 2974338.808714, 1677898.898529539583251 ], [ 2974325.503227262757719, 1677908.610851909965277 ], [ 2974312.197709907311946, 1677918.322278635576367 ], [ 2974299.400656933896244, 1677922.599489411339164 ], [ 2974294.709477284923196, 1677931.45000302628614 ], [ 2974283.221275191754103, 1677935.494765188777819 ], [ 2974277.583174337632954, 1677933.8238025365863 ], [ 2974275.270353859290481, 1677927.552523700520396 ], [ 2974272.466844427399337, 1677919.948459289269522 ], [ 2974267.874754541553557, 1677918.846683987416327 ], [ 2974258.852077299263328, 1677925.793073547072709 ], [ 2974256.679402576759458, 1677933.528091377811506 ], [ 2974255.781858335714787, 1677936.72805328015238 ], [ 2974247.357377507723868, 1677938.524350831983611 ], [ 2974236.270514180883765, 1677940.887635415419936 ], [ 2974220.499527185223997, 1677951.978094317018986 ], [ 2974214.798190102912486, 1677963.013359374599531 ], [ 2974212.062974934931844, 1677980.199634008575231 ], [ 2974208.075508703943342, 1678005.261575852055103 ], [ 2974205.107883621007204, 1678023.914428407559171 ], [ 2974195.183945311233401, 1678045.327150026336312 ], [ 2974189.576027144677937, 1678065.697293084347621 ], [ 2974177.511312974616885, 1678096.566587279783562 ], [ 2974161.323449050541967, 1678118.147840387187898 ], [ 2974139.55892435181886, 1678125.354262610897422 ], [ 2974105.611852131783962, 1678136.593436025315896 ], [ 2974095.916835157666355, 1678139.803697487106547 ], [ 2974090.744232636876404, 1678136.029208177700639 ], [ 2974092.669219506904483, 1678122.32620197115466 ], [ 2974094.443803308065981, 1678109.701710966881365 ], [ 2974086.952738367021084, 1678093.94708886067383 ], [ 2974080.056652561761439, 1678088.490959716029465 ], [ 2974069.378499853424728, 1678089.051416674163193 ], [ 2974041.218849536031485, 1678094.053327697329223 ], [ 2974018.343876353465021, 1678102.793272811919451 ], [ 2973995.107891413383186, 1678122.285943494644016 ], [ 2973981.038826122879982, 1678140.150453884387389 ], [ 2973961.47821952868253, 1678161.662787856999785 ], [ 2973940.292194304056466, 1678198.829190859338269 ], [ 2973924.868832176085562, 1678225.886530027491972 ], [ 2973926.355579643510282, 1678239.383748659864068 ], [ 2973925.640191916376352, 1678252.203741937642917 ], [ 2973915.454383410513401, 1678264.701734789181501 ], [ 2973909.703130777459592, 1678271.761177192442119 ], [ 2973914.885573557578027, 1678282.840660008601844 ], [ 2973919.225114800967276, 1678292.119368587853387 ], [ 2973923.174706283956766, 1678306.087131613865495 ], [ 2973938.977953440044075, 1678321.317888588877395 ], [ 2973946.775518469512463, 1678332.625740276416764 ], [ 2973957.601007582154125, 1678337.382810588926077 ], [ 2973970.543471259530634, 1678338.42444491526112 ], [ 2973983.434017891995609, 1678343.483851873781532 ], [ 2973990.629583057016134, 1678350.890092293266207 ], [ 2973998.573810241185129, 1678367.516770828748122 ], [ 2974006.764523752499372, 1678390.111636834684759 ], [ 2974012.166215559467673, 1678405.013997377827764 ], [ 2974017.058262530714273, 1678426.363254204625264 ], [ 2974022.519560769665986, 1678450.191731292521581 ], [ 2974027.437895357608795, 1678480.636345627484843 ], [ 2974028.679090871475637, 1678501.795374820474535 ], [ 2974025.598201653920114, 1678512.362207247177139 ], [ 2974019.342002511024475, 1678524.16214901371859 ], [ 2974013.576137930620462, 1678535.041456695878878 ], [ 2974013.726878692395985, 1678553.219073036918417 ], [ 2974017.080088067799807, 1678579.345747329527512 ], [ 2974030.653849811293185, 1678606.329321055673063 ], [ 2974052.043272027745843, 1678627.247843344463035 ], [ 2974066.38933308981359, 1678637.393636260414496 ], [ 2974083.863205570727587, 1678641.637997201178223 ], [ 2974104.966150633059442, 1678643.234368590638041 ], [ 2974116.44557026727125, 1678647.875341133913025 ], [ 2974126.913258232641965, 1678652.107593960827217 ], [ 2974131.192282688803971, 1678660.621428640792146 ], [ 2974130.068831766024232, 1678679.526939172996208 ], [ 2974122.148474904708564, 1678693.62689413363114 ], [ 2974116.440592311322689, 1678713.346778319217265 ], [ 2974116.525916442275047, 1678731.3694956547115 ], [ 2974135.140729686245322, 1678756.121549292700365 ], [ 2974147.922531452029943, 1678769.216649130918086 ], [ 2974167.862095374148339, 1678776.363558973418549 ], [ 2974176.368657695595175, 1678783.538015240803361 ], [ 2974186.692612741608173, 1678785.045804187422618 ], [ 2974196.769382128491998, 1678780.582382308784872 ], [ 2974213.187403896823525, 1678782.340885070618242 ], [ 2974233.578451728913933, 1678784.528163631912321 ], [ 2974247.138475565239787, 1678785.982363861054182 ], [ 2974266.171988121699542, 1678785.625618837075308 ], [ 2974273.721727165859193, 1678790.963688185904175 ], [ 2974274.069743038155138, 1678797.582881215028465 ], [ 2974277.636485606897622, 1678807.639159292681143 ], [ 2974277.175259080715477, 1678817.740617129718885 ], [ 2974268.145602296106517, 1678833.374810331035405 ], [ 2974256.905291856266558, 1678843.387638929532841 ], [ 2974252.011895789764822, 1678850.937974321423098 ], [ 2974254.157640888355672, 1678877.947301601059735 ], [ 2974251.01354594156146, 1678901.219396328786388 ], [ 2974243.803039345890284, 1678911.185621754964814 ], [ 2974233.725130198523402, 1678915.648133048089221 ], [ 2974217.607349504716694, 1678915.838616581400856 ], [ 2974197.314245549496263, 1678910.757798778358847 ], [ 2974183.783470942638814, 1678907.370551648549736 ], [ 2974154.900793916080147, 1678914.952104114927351 ], [ 2974140.285722942557186, 1678924.896290817763656 ], [ 2974133.57705468358472, 1678938.112865320872515 ], [ 2974132.659657452255487, 1678949.633717528544366 ], [ 2974140.704073749482632, 1678966.909922873834148 ], [ 2974154.6955261756666, 1678979.12197767291218 ], [ 2974172.724265601951629, 1678982.600716409971938 ], [ 2974186.71583566069603, 1678994.812864359701052 ], [ 2974198.288135931361467, 1679008.790940912440419 ], [ 2974207.087785629555583, 1679026.602047965629026 ], [ 2974207.534623186569661, 1679033.869801383232698 ], [ 2974211.857735632918775, 1679044.460880392929539 ], [ 2974225.548778555355966, 1679054.722086977213621 ], [ 2974233.093036670703441, 1679060.376449432224035 ], [ 2974236.559795570094138, 1679078.152342542074621 ], [ 2974230.851084103807807, 1679097.872545695165172 ], [ 2974226.989163430407643, 1679111.211218585493043 ], [ 2974231.984872380271554, 1679127.067040066234767 ], [ 2974233.481158817186952, 1679145.506332856835797 ], [ 2974231.046827349811792, 1679164.643764674663544 ], [ 2974229.509865517262369, 1679176.726658892817795 ], [ 2974224.229779931716621, 1679185.896976138232276 ], [ 2974214.352302274201065, 1679191.660251800902188 ], [ 2974202.104849543422461, 1679198.806197019759566 ], [ 2974185.332487934269011, 1679208.592831829329953 ], [ 2974159.98354953341186, 1679218.687594715505838 ], [ 2974133.981946125626564, 1679233.32695119897835 ], [ 2974115.898650445509702, 1679243.507775133475661 ], [ 2974108.381089766509831, 1679250.567613586317748 ], [ 2974097.246797640807927, 1679261.02402551448904 ], [ 2974097.079877308569849, 1679273.285479571204633 ], [ 2974102.357179117389023, 1679285.709316434338689 ], [ 2974116.003069994971156, 1679291.303830872522667 ], [ 2974123.398911636322737, 1679300.009692071471363 ], [ 2974122.983354655094445, 1679314.78102659038268 ], [ 2974116.528003907762468, 1679325.280225483234972 ], [ 2974115.056821176316589, 1679337.566603175131604 ], [ 2974111.166546049527824, 1679351.61990266200155 ], [ 2974107.072293764445931, 1679366.411689702188596 ], [ 2974097.038942563347518, 1679382.188190451823175 ], [ 2974087.890689285472035, 1679396.571548142004758 ], [ 2974075.967805159743875, 1679402.632955960696563 ], [ 2974067.5476965312846, 1679413.481265112990513 ], [ 2974052.745603025890887, 1679432.55286994506605 ], [ 2974032.209862781688571, 1679450.48969175061211 ], [ 2974019.051490172743797, 1679465.52023360831663 ], [ 2973999.962869388982654, 1679487.325606130529195 ], [ 2973977.966244733892381, 1679508.894677792675793 ], [ 2973960.02315624570474, 1679523.439015140524134 ], [ 2973942.080232639797032, 1679537.984348302939907 ], [ 2973928.005542983300984, 1679564.534711196785793 ], [ 2973926.774980223737657, 1679591.475891649955884 ], [ 2973932.80744216311723, 1679604.43373166420497 ], [ 2973954.056975959334522, 1679611.348829192575067 ], [ 2973971.421405846718699, 1679616.999373317696154 ], [ 2973987.091590627096593, 1679622.097716531483456 ], [ 2974000.376687934622169, 1679632.515716877998784 ], [ 2974007.619756853207946, 1679644.590418313862756 ], [ 2974012.143041743896902, 1679656.480105814291164 ], [ 2974011.480975194834173, 1679665.283244454301894 ], [ 2974018.069134850054979, 1679677.474178571486846 ], [ 2974032.669162243138999, 1679684.90141558740288 ], [ 2974056.290433763060719, 1679685.382229438750073 ], [ 2974074.727095664478838, 1679682.775358644546941 ], [ 2974094.827887248247862, 1679677.868455917108804 ], [ 2974115.736578133888543, 1679669.477576696779579 ], [ 2974130.931581280659884, 1679663.379949055844918 ], [ 2974149.435528073459864, 1679665.495872001629323 ], [ 2974168.927949210628867, 1679665.373904145089909 ], [ 2974188.574260582216084, 1679661.884126074612141 ], [ 2974201.736410564742982, 1679659.546071295393631 ], [ 2974212.750130829401314, 1679661.597319793421775 ], [ 2974226.66473246132955, 1679664.190392080461606 ], [ 2974239.830697847530246, 1679666.64323523058556 ], [ 2974252.990053441375494, 1679665.139354974962771 ], [ 2974261.349988949950784, 1679666.994971603620797 ], [ 2974277.744208507239819, 1679670.633761659730226 ], [ 2974290.604035114869475, 1679677.832366906339303 ], [ 2974308.478686702437699, 1679684.67798973293975 ], [ 2974316.330257573164999, 1679691.967843958642334 ], [ 2974324.628068712539971, 1679706.527634226717055 ], [ 2974335.546496212016791, 1679720.622067166026682 ], [ 2974338.374501139856875, 1679724.273210452869534 ], [ 2974337.650541217532009, 1679734.27771968068555 ], [ 2974342.582001214846969, 1679740.082894703606144 ], [ 2974350.485583480913192, 1679743.356833079596981 ], [ 2974356.457221793942153, 1679745.827055172761902 ], [ 2974361.23430722206831, 1679747.805071405367926 ], [ 2974379.833037984091789, 1679755.503645669436082 ], [ 2974393.266476346179843, 1679761.064595458097756 ], [ 2974408.342114852741361, 1679767.306002906989306 ], [ 2974434.574167885817587, 1679773.848303116159514 ], [ 2974465.993332668673247, 1679785.637528594816104 ], [ 2974492.373503567185253, 1679799.656988135538995 ], [ 2974522.584204344078898, 1679812.330028933472931 ], [ 2974536.695587964728475, 1679818.248356194701046 ], [ 2974549.665776511654258, 1679830.901680423645303 ], [ 2974569.43687555519864, 1679858.789376222062856 ], [ 2974576.433089887723327, 1679864.894974912516773 ], [ 2974599.291942658834159, 1679873.527880537556484 ], [ 2974611.928481546230614, 1679881.305202102288604 ], [ 2974624.871704, 1679882.345766850979999 ], [ 2974640.134034456685185, 1679880.971102975076064 ], [ 2974656.953248988837004, 1679885.332995919976383 ], [ 2974673.784061110578477, 1679889.696877292823046 ], [ 2974674.400296713225543, 1679889.744182965252548 ], [ 2974686.848224656656384, 1679901.303661591839045 ], [ 2974705.211068106815219, 1679916.791948985075578 ], [ 2974729.793576842173934, 1679906.656937214080244 ], [ 2974766.597612780984491, 1679881.905389847466722 ], [ 2974769.384871298447251, 1679881.467329184291884 ], [ 2974785.800991074182093, 1679874.472481484059244 ], [ 2974791.541259171441197, 1679876.793585313949734 ], [ 2974816.7803561729379, 1679870.306325534591451 ], [ 2974827.90647994261235, 1679877.014729402028024 ], [ 2974837.885897190310061, 1679883.033141414169222 ], [ 2974856.505752281285822, 1679887.968888732371852 ], [ 2974867.938880772795528, 1679887.94251691410318 ], [ 2974882.693130879662931, 1679892.003141412511468 ], [ 2974885.10493206512183, 1679898.923087988747284 ], [ 2974894.974187904968858, 1679901.846936924383044 ], [ 2974897.740489659365267, 1679906.700583657249808 ], [ 2974900.812194210477173, 1679912.089429718209431 ], [ 2974912.140242817811668, 1679912.82752078329213 ], [ 2974920.045689408201724, 1679916.10024727974087 ], [ 2974926.0327611672692, 1679924.389486904256046 ], [ 2974932.426936254836619, 1679926.594380329363048 ], [ 2974938.87589296605438, 1679924.780841505154967 ], [ 2974942.779239090159535, 1679923.683211127063259 ], [ 2974949.754422847181559, 1679925.521210151491687 ], [ 2974956.103195718489587, 1679923.057350040180609 ], [ 2974964.773196532856673, 1679919.692002970259637 ], [ 2974978.268092405050993, 1679918.452516176970676 ], [ 2974998.515772965736687, 1679918.865108776371926 ], [ 2975018.97112029697746, 1679911.891444999724627 ], [ 2975029.849562567658722, 1679912.631856344873086 ], [ 2975053.778837513178587, 1679906.377499735448509 ], [ 2975069.696408344432712, 1679904.887681956402957 ], [ 2975076.966566958930343, 1679904.205582335125655 ], [ 2975093.164732346311212, 1679908.734949235105887 ], [ 2975102.235904481261969, 1679911.272158454870805 ], [ 2975114.366899575572461, 1679910.982354004401714 ], [ 2975134.922471364960074, 1679904.659086366649717 ], [ 2975142.280543489381671, 1679900.011775044491515 ], [ 2975148.142193195410073, 1679876.924978853669018 ], [ 2975155.506645661778748, 1679863.591938928002492 ], [ 2975166.847870947793126, 1679854.228470957837999 ], [ 2975182.8717508809641, 1679844.701433989917859 ], [ 2975206.201146900188178, 1679834.546055454295129 ], [ 2975217.29626302793622, 1679829.715974979568273 ], [ 2975236.995091522112489, 1679811.707122380845249 ], [ 2975252.531921170651913, 1679781.55717381904833 ], [ 2975261.322298521175981, 1679751.269195732427761 ], [ 2975266.891770560760051, 1679717.544532973086461 ], [ 2975276.482506355736405, 1679692.45836003147997 ], [ 2975285.765429456252605, 1679674.107903404626995 ], [ 2975305.957685058005154, 1679634.193438361166045 ], [ 2975316.749554701149464, 1679604.47052228776738 ], [ 2975322.465780058410019, 1679576.064787321258336 ], [ 2975332.65794721711427, 1679554.881572050508112 ], [ 2975341.337718191556633, 1679536.840988919138908 ], [ 2975356.108894878998399, 1679519.317617437569425 ], [ 2975375.261977133341134, 1679503.890060697449371 ], [ 2975387.428905261680484, 1679494.090546601219103 ], [ 2975394.275224541779608, 1679474.459217262919992 ], [ 2975396.416356295347214, 1679444.684083273634315 ], [ 2975392.062045465689152, 1679412.05394998495467 ], [ 2975389.436575169675052, 1679392.382799938553944 ], [ 2975392.799720614217222, 1679373.175614223117009 ], [ 2975394.883475601673126, 1679367.451298556290567 ], [ 2975397.34445583447814, 1679365.52019493910484 ], [ 2975443.782824570313096, 1679355.831474634818733 ], [ 2975486.196221181191504, 1679348.299836423480883 ], [ 2975542.731015304103494, 1679357.01007513795048 ], [ 2975567.946537585929036, 1679369.839601483428851 ], [ 2975612.406227128580213, 1679385.020990434102714 ], [ 2975646.869431851431727, 1679391.88162938458845 ], [ 2975678.088904622942209, 1679377.684439468896016 ], [ 2975705.415167420171201, 1679366.419270145706832 ], [ 2975706.598353859968483, 1679366.21694947569631 ], [ 2975729.913179613649845, 1679373.43453174829483 ], [ 2975740.881960492581129, 1679376.829482350265607 ], [ 2975759.328932320699096, 1679372.218478247988969 ], [ 2975773.60492840083316, 1679368.6512127132155 ], [ 2975791.564970585517585, 1679371.838893095729873 ], [ 2975811.701212653424591, 1679375.413817911641672 ], [ 2975826.512457644101232, 1679380.330409539863467 ], [ 2975839.904280965216458, 1679384.776094782399014 ], [ 2975857.885613436810672, 1679387.452205379726365 ], [ 2975881.508466441184282, 1679387.934096620650962 ], [ 2975903.412074753083289, 1679394.733257989864796 ], [ 2975924.844204317778349, 1679401.385568978730589 ], [ 2975959.509263163432479, 1679409.490850805304945 ], [ 2975980.112655012868345, 1679407.836512672016397 ], [ 2976001.37231932580471, 1679406.128784580389038 ], [ 2976032.541768691502512, 1679411.887668620562181 ], [ 2976073.834809030406177, 1679419.516334298765287 ], [ 2976101.429453168995678, 1679431.054308160673827 ], [ 2976129.36749789910391, 1679450.811343733919784 ], [ 2976153.275010087527335, 1679470.616947383852676 ], [ 2976170.079225593712181, 1679492.350997962756082 ], [ 2976181.33698601461947, 1679521.751061384566128 ], [ 2976189.620778680313379, 1679553.683509867172688 ], [ 2976199.922130428254604, 1679581.249079621396959 ], [ 2976212.743989930488169, 1679607.699019515886903 ], [ 2976229.394299562554806, 1679632.800998396473005 ], [ 2976250.413979237433523, 1679673.161748377373442 ], [ 2976275.964055531658232, 1679716.724780671065673 ], [ 2976289.047916519455612, 1679739.033636874053627 ], [ 2976307.060637298971415, 1679752.622839972609654 ], [ 2976339.467325968667865, 1679788.289330725790933 ], [ 2976359.037988723255694, 1679814.877117522293702 ], [ 2976364.96369382366538, 1679835.870564717333764 ], [ 2976390.052019936032593, 1679889.538402392296121 ], [ 2976407.657973782159388, 1679916.475172229576856 ], [ 2976409.461212403140962, 1679928.179917125264183 ], [ 2976410.368337506894022, 1679934.068025947315618 ], [ 2976413.075246839318424, 1679951.637761550256982 ], [ 2976424.340744089335203, 1679963.6171237048693 ], [ 2976438.032061216421425, 1679973.880159909604117 ], [ 2976442.638664087280631, 1679977.332924852380529 ], [ 2976455.13527649641037, 1679981.035455529345199 ], [ 2976475.460833135992289, 1679990.407133910572156 ], [ 2976485.773658892139792, 1680010.210024023894221 ], [ 2976479.004743185359985, 1680041.699527968652546 ], [ 2976465.815740505233407, 1680078.655563158914447 ], [ 2976445.132772251032293, 1680126.518688131123781 ], [ 2976444.77833276707679, 1680130.222360420739278 ], [ 2976441.313068109564483, 1680143.654907966265455 ], [ 2976438.180948233231902, 1680155.795503606088459 ], [ 2976435.293988192919642, 1680166.985493102809414 ], [ 2976431.368359154090285, 1680182.203252019593492 ], [ 2976438.187936991453171, 1680206.34027012810111 ], [ 2976442.949360474012792, 1680223.190564063610509 ], [ 2976451.757691484410316, 1680242.010135756572708 ], [ 2976452.297635660506785, 1680258.616129230940714 ], [ 2976449.509079597890377, 1680279.82179924682714 ], [ 2976443.300313090905547, 1680296.289921603864059 ], [ 2976432.807590049691498, 1680315.523025303147733 ], [ 2976421.865576413460076, 1680335.578565781237558 ], [ 2976411.566183072514832, 1680354.456788796931505 ], [ 2976404.903584287501872, 1680374.591125058010221 ], [ 2976401.360008887946606, 1680395.262877479195595 ], [ 2976394.542608148418367, 1680416.51491028140299 ], [ 2976391.749655007384717, 1680425.221424132818356 ], [ 2976368.075100023299456, 1680443.597127137938514 ], [ 2976305.768929327838123, 1680444.564143302384764 ], [ 2976215.603808312676847, 1680472.112004023976624 ], [ 2976195.130266760010272, 1680508.919687506975606 ], [ 2976194.101102979388088, 1680568.235875614918768 ], [ 2976218.084877194836736, 1680596.794146496104077 ], [ 2976221.916237979196012, 1680614.85570300091058 ], [ 2976240.076900113373995, 1680641.025961161358282 ], [ 2976253.579881019890308, 1680660.483866082271561 ], [ 2976262.499268276616931, 1680690.489882721332833 ], [ 2976266.66100644832477, 1680713.133977841353044 ], [ 2976264.882798446342349, 1680732.155039048520848 ], [ 2976260.938565246760845, 1680750.22558006295003 ], [ 2976239.413741421885788, 1680772.085996272973716 ], [ 2976224.505488075315952, 1680771.392750207800418 ], [ 2976205.12146867159754, 1680763.477916531963274 ], [ 2976186.883582144975662, 1680756.032751416321844 ], [ 2976164.632254302501678, 1680753.965768281836063 ], [ 2976141.411569613963366, 1680756.084896146086976 ], [ 2976115.554326364770532, 1680758.445761464303359 ], [ 2976095.700473570264876, 1680760.257565355626866 ], [ 2976077.668458222411573, 1680761.902130650589243 ], [ 2976061.477425075136125, 1680756.918164629023522 ], [ 2976046.376203022897243, 1680746.238368782913312 ], [ 2976028.993278792127967, 1680733.945036390097812 ], [ 2976009.721578110940754, 1680720.316852042917162 ], [ 2975995.010602606460452, 1680709.912195961223915 ], [ 2975981.356576116755605, 1680700.255938741611317 ], [ 2975970.722499131225049, 1680687.521243928000331 ], [ 2975946.967097758315504, 1680664.348812046693638 ], [ 2975907.418442387133837, 1680617.257358617149293 ], [ 2975869.819867292419076, 1680587.189776228740811 ], [ 2975841.473781751468778, 1680573.518260922981426 ], [ 2975801.140634845942259, 1680560.638320675119758 ], [ 2975786.995037629269063, 1680551.793406205950305 ], [ 2975752.433576906565577, 1680530.182362703606486 ], [ 2975730.703918046783656, 1680516.595698556862772 ], [ 2975710.818470550701022, 1680515.883659049170092 ], [ 2975683.360242756083608, 1680525.435764329042286 ], [ 2975664.916117001324892, 1680536.728687803493813 ], [ 2975649.211121176369488, 1680546.344816724071279 ], [ 2975626.820003121159971, 1680560.053566855145618 ], [ 2975603.576421889942139, 1680588.374410123797134 ], [ 2975594.340275382623076, 1680611.393629916245118 ], [ 2975589.233039830811322, 1680635.015679412987083 ], [ 2975588.108856610953808, 1680653.920681198360398 ], [ 2975588.689127686433494, 1680683.881067189387977 ], [ 2975587.056841466575861, 1680708.222292378311977 ], [ 2975580.594413580838591, 1680727.408282477175817 ], [ 2975574.505415254272521, 1680745.483411970548332 ], [ 2975568.617898973636329, 1680762.958979815943167 ], [ 2975564.317174316383898, 1680775.727301488397643 ], [ 2975565.481299950741231, 1680790.887380915693939 ], [ 2975560.382451444864273, 1680805.822413602145389 ], [ 2975552.362240742426366, 1680819.271973081631586 ], [ 2975535.882990491110831, 1680830.216112776426598 ], [ 2975522.405451774597168, 1680839.165816765511408 ], [ 2975508.681430524680763, 1680848.280299860052764 ], [ 2975499.897635200060904, 1680858.653042203513905 ], [ 2975496.715999889187515, 1680868.570871606934816 ], [ 2975492.254116195254028, 1680882.482697374653071 ], [ 2975486.17022651527077, 1680891.822696905583143 ], [ 2975483.03603829909116, 1680906.408869616454467 ], [ 2975485.440866427961737, 1680922.015755617292598 ], [ 2975482.151773277670145, 1680939.970061826752499 ], [ 2975471.258906887844205, 1680956.602419096510857 ], [ 2975459.263933419715613, 1680966.082051881588995 ], [ 2975440.118540640454739, 1680972.821875124005601 ], [ 2975417.952735187485814, 1680977.42672081431374 ], [ 2975404.35470718704164, 1680976.50218917382881 ], [ 2975390.901577114127576, 1680975.585968019906431 ], [ 2975369.793356282636523, 1680974.150200681993738 ], [ 2975352.301702081225812, 1680972.959470376605168 ], [ 2975337.226204381324351, 1680964.372983685461804 ], [ 2975320.013472518883646, 1680948.723570322385058 ], [ 2975314.434408753644675, 1680934.348524975124747 ], [ 2975313.038769138045609, 1680916.558038936927915 ], [ 2975313.96142701851204, 1680896.352582768769935 ], [ 2975318.15940706199035, 1680875.564246917841956 ], [ 2975320.509381206706166, 1680863.926370631204918 ], [ 2975314.706373295746744, 1680848.787542011588812 ], [ 2975299.397346796002239, 1680845.492291541770101 ], [ 2975285.856350055430084, 1680842.5791585969273 ], [ 2975272.761982579249889, 1680834.190011245431378 ], [ 2975258.562372804619372, 1680829.36150634707883 ], [ 2975243.528959862887859, 1680824.251931566279382 ], [ 2975223.714898771606386, 1680821.522158225998282 ], [ 2975203.568519420921803, 1680821.759646563557908 ], [ 2975190.912909273523837, 1680821.908929143333808 ], [ 2975173.444749960675836, 1680827.109918472589925 ], [ 2975158.429326122626662, 1680834.453580746194348 ], [ 2975132.20777470851317, 1680847.277236842783168 ], [ 2975108.236689074430615, 1680866.750632382696494 ], [ 2975095.325637611560524, 1680887.751314065186307 ], [ 2975086.698082533665001, 1680905.984764098888263 ], [ 2975075.535077482461929, 1680929.57598032685928 ], [ 2975066.208023952320218, 1680956.389731051167473 ], [ 2975058.674450702033937, 1680978.045682145282626 ], [ 2975052.713344121351838, 1681012.900630625430495 ], [ 2975053.454061970114708, 1681030.807464205194265 ], [ 2975057.46211092825979, 1681056.818645181832835 ], [ 2975066.602113197091967, 1681089.93570159887895 ], [ 2975073.273674458265305, 1681114.109624158358201 ], [ 2975081.327357257716358, 1681143.28583461442031 ], [ 2975096.809089962393045, 1681168.08135501621291 ], [ 2975114.930567645467818, 1681180.895677057793364 ], [ 2975133.80746319051832, 1681194.246094090398401 ], [ 2975142.305731695145369, 1681210.105976841645315 ], [ 2975150.096655308268964, 1681230.101260928204283 ], [ 2975150.730100483167917, 1681256.043703274801373 ], [ 2975143.058333819266409, 1681276.112772902473807 ], [ 2975132.49160342477262, 1681303.754924067296088 ], [ 2975118.238424337469041, 1681324.614531502593309 ], [ 2975113.995173417963088, 1681340.734178911196068 ], [ 2975109.816160785965621, 1681356.6086021438241 ], [ 2975106.324732325971127, 1681369.868384687928483 ], [ 2975103.528644863516092, 1681390.695375616662204 ], [ 2975104.062034741044044, 1681415.988524056272581 ], [ 2975100.16579470038414, 1681438.726742357946932 ], [ 2975095.339065009728074, 1681466.889408497605473 ], [ 2975085.115030872169882, 1681489.502190487924963 ], [ 2975073.678538813721389, 1681514.797099688556045 ], [ 2975065.449192361906171, 1681532.997167031513527 ], [ 2975064.665159101597965, 1681553.262024539522827 ], [ 2975066.300796448253095, 1681585.70687368302606 ], [ 2975067.302363267634064, 1681605.568759357789531 ], [ 2975062.29037616495043, 1681625.16768312570639 ], [ 2975058.461392231285572, 1681640.143306399462745 ], [ 2975053.814783831126988, 1681658.315229354891926 ], [ 2975048.435459117870778, 1681692.434275049949065 ], [ 2975044.93004665337503, 1681714.672903005499393 ], [ 2975052.316450693644583, 1681752.540802493225783 ], [ 2975058.977058770135045, 1681800.128323496552184 ], [ 2975067.279921719804406, 1681859.447445689467713 ], [ 2975079.280571938492358, 1681918.782126139616594 ], [ 2975083.428974580951035, 1681958.799333776114509 ], [ 2975086.964058998506516, 1681992.89683472039178 ], [ 2975090.841010117903352, 1682030.293994834879413 ], [ 2975093.492624436039478, 1682055.880267367931083 ], [ 2975091.196488224435598, 1682070.326166564133018 ], [ 2975081.667872951366007, 1682082.708776627201587 ], [ 2975064.534215476363897, 1682093.768671250669286 ], [ 2975038.941700859926641, 1682102.323260091245174 ], [ 2975014.812786245718598, 1682107.277146474923939 ], [ 2974990.656473745126277, 1682112.236019460950047 ], [ 2974970.229145551100373, 1682119.204026184976101 ], [ 2974947.181819147896022, 1682127.066656864015386 ], [ 2974929.11399644613266, 1682140.538969203596935 ], [ 2974910.917619482148439, 1682157.799928182037547 ], [ 2974899.263403889723122, 1682182.584578561363742 ], [ 2974894.404212219640613, 1682212.17556398245506 ], [ 2974902.936771046835929, 1682250.077953309752047 ], [ 2974913.086630593053997, 1682281.011636190116405 ], [ 2974920.345734824426472, 1682303.135970254894346 ], [ 2974940.294384601525962, 1682330.961978489533067 ], [ 2974950.751794960815459, 1682355.159698851872236 ], [ 2974960.78844335116446, 1682378.384554040851071 ], [ 2974969.040272948332131, 1682412.707625300157815 ], [ 2974975.0068996604532, 1682447.057024586480111 ], [ 2974976.796977411024272, 1682476.135014155879617 ], [ 2974971.483349290676415, 1682507.142068616580218 ], [ 2974963.60523305600509, 1682534.59883090807125 ], [ 2974942.128795175813138, 1682561.128278306452557 ], [ 2974919.302130558528006, 1682574.536923753796145 ], [ 2974896.028584545012563, 1682580.67432618746534 ], [ 2974872.708717586472631, 1682582.145123143447563 ], [ 2974853.717867310158908, 1682585.518464241875336 ], [ 2974835.274816642515361, 1682596.811176588060334 ], [ 2974825.037747597787529, 1682613.327643072698265 ], [ 2974815.171201646327972, 1682629.246722576441243 ], [ 2974816.344080782495439, 1682652.953852626495063 ], [ 2974821.809701459947973, 1682684.051631825510412 ], [ 2974826.363156960345805, 1682709.960159522248432 ], [ 2974830.349575052969158, 1682732.643154757563025 ], [ 2974833.650908627547324, 1682751.427686360897496 ], [ 2974838.434476997237653, 1682778.639823152450845 ], [ 2974839.094988366123289, 1682800.570135297253728 ], [ 2974832.679327971301973, 1682824.424466001102701 ], [ 2974820.631656585261226, 1682837.922999023227021 ], [ 2974806.471201512496918, 1682846.450577665818855 ], [ 2974787.529209016822278, 1682854.492406950099394 ], [ 2974763.694640562403947, 1682870.084604425821453 ], [ 2974747.309686401858926, 1682890.36484347935766 ], [ 2974741.956779105588794, 1682908.018192029790953 ], [ 2974734.930954552255571, 1682931.19081351836212 ], [ 2974731.463328769430518, 1682942.62843555258587 ], [ 2974735.775806647725403, 1682955.21497205668129 ], [ 2974743.373642506077886, 1682965.222710301401094 ], [ 2974750.493427168577909, 1682974.602679549017921 ], [ 2974757.20509433792904, 1682989.490378933725879 ], [ 2974758.046740836463869, 1683008.046855220105499 ], [ 2974750.329240513965487, 1683023.447670531226322 ], [ 2974743.172306871972978, 1683029.396029638824984 ], [ 2974737.11862163618207, 1683042.495877483859658 ], [ 2974732.220272999256849, 1683058.733347779605538 ], [ 2974729.534902104176581, 1683080.591028667753562 ], [ 2974712.702768943738192, 1683159.075162589550018 ], [ 2974708.478924904018641, 1683214.609129812102765 ], [ 2974713.38357603456825, 1683255.160874600289389 ], [ 2974722.631851349957287, 1683280.241691263625398 ], [ 2974743.112436394672841, 1683303.995484618237242 ], [ 2974770.595337035134435, 1683325.170107183046639 ], [ 2974787.65550064528361, 1683344.186329650692642 ], [ 2974800.745797351934016, 1683358.779712987598032 ], [ 2974807.975684065371752, 1683379.995177205419168 ], [ 2974802.970328943803906, 1683404.267339843558148 ], [ 2974797.267107787542045, 1683431.924609794048592 ], [ 2974797.73856766987592, 1683461.985012143384665 ], [ 2974803.812964166514575, 1683488.299021306913346 ], [ 2974812.56017356319353, 1683510.128181705251336 ], [ 2974814.711901029571891, 1683528.453071589116007 ], [ 2974810.969679203815758, 1683547.824893550947309 ], [ 2974802.751235642936081, 1683559.974160446086898 ], [ 2974793.983859105035663, 1683564.204183231107891 ], [ 2974778.875767931342125, 1683562.210985163226724 ], [ 2974774.051145552657545, 1683548.369752425001934 ], [ 2974761.515952088870108, 1683541.243521493859589 ], [ 2974745.452298160642385, 1683537.415632286574692 ], [ 2974723.696248736232519, 1683535.935186693910509 ], [ 2974705.297950205393136, 1683534.684736316790804 ], [ 2974691.368643577210605, 1683526.979746229248121 ], [ 2974673.464793525636196, 1683517.078594709513709 ], [ 2974651.944280579686165, 1683511.268194718053564 ], [ 2974620.695397347677499, 1683502.830763039877638 ], [ 2974575.301878448575735, 1683494.15062431525439 ], [ 2974533.928180856630206, 1683486.238626109203324 ], [ 2974505.407694301567972, 1683477.170685322023928 ], [ 2974481.868928450159729, 1683469.685578197240829 ], [ 2974454.490658645983785, 1683474.190433126175776 ], [ 2974429.700863143894821, 1683487.947324093896896 ], [ 2974412.414358377456665, 1683502.375797591172159 ], [ 2974402.131199604831636, 1683514.224820038303733 ], [ 2974398.48924926109612, 1683534.246051956200972 ], [ 2974402.705888608470559, 1683552.872293515596539 ], [ 2974412.00895560439676, 1683573.935623899102211 ], [ 2974423.928367858752608, 1683594.533080711495131 ], [ 2974437.707537801004946, 1683622.817961412016302 ], [ 2974443.334257163107395, 1683641.86178343067877 ], [ 2974446.241190039552748, 1683660.720704703824595 ], [ 2974443.254162404686213, 1683680.625624406384304 ], [ 2974435.283186268061399, 1683698.744415204273537 ], [ 2974429.278120000846684, 1683712.394287360133603 ], [ 2974430.879677752032876, 1683726.919776403577998 ], [ 2974432.396780041046441, 1683740.666975393192843 ], [ 2974435.444795224815607, 1683768.305687087122351 ], [ 2974431.288709913380444, 1683786.308308520354331 ], [ 2974427.45795970922336, 1683802.895226483466104 ], [ 2974430.299945206381381, 1683827.906238362425938 ], [ 2974428.463574450928718, 1683859.633509518112987 ], [ 2974427.580391185358167, 1683874.876566624734551 ], [ 2974431.758211099077016, 1683898.466009639436379 ], [ 2974435.657354868482798, 1683920.484229899942875 ], [ 2974431.718678129371256, 1683950.5857932229992 ], [ 2974418.35621615126729, 1683973.00317556434311 ], [ 2974405.0271907299757, 1683995.360897669102997 ], [ 2974381.398580075241625, 1684025.668229362228885 ], [ 2974369.177808091975749, 1684041.344145980430767 ], [ 2974349.847718431614339, 1684056.661265962990001 ], [ 2974338.462029160000384, 1684061.356601258274168 ], [ 2974328.137787427287549, 1684059.850005038548261 ], [ 2974319.177742906846106, 1684054.093160902149975 ], [ 2974311.880331444554031, 1684046.035489404108375 ], [ 2974296.424992384389043, 1684037.423707893583924 ], [ 2974273.765956148970872, 1684030.09165622247383 ], [ 2974260.051699427887797, 1684025.653222583932802 ], [ 2974241.939703911542892, 1684024.387358123669401 ], [ 2974216.461750735528767, 1684016.21991805289872 ], [ 2974191.891413715202361, 1684005.217536485288292 ], [ 2974170.129132696427405, 1683995.473614435642958 ], [ 2974145.211453100666404, 1683994.804644392104819 ], [ 2974121.537869805004448, 1683998.342362502356991 ], [ 2974110.913985991850495, 1683994.885716343531385 ], [ 2974098.070456895977259, 1683994.494901342550293 ], [ 2974061.975899716839194, 1683993.396561166038737 ], [ 2974050.19332376960665, 1683993.037676197709516 ], [ 2974039.490370018407702, 1684002.898061991203576 ], [ 2974028.853281178511679, 1684016.81364902947098 ], [ 2974025.518926374614239, 1684030.100020993500948 ], [ 2974030.951989725232124, 1684039.157004754059017 ], [ 2974035.526678663678467, 1684046.780996832065284 ], [ 2974034.513971239794046, 1684057.899537968216464 ], [ 2974037.627243258990347, 1684069.373211624799296 ], [ 2974044.417648112401366, 1684082.864116344833747 ], [ 2974048.363247091881931, 1684090.704314301721752 ], [ 2974052.5107177272439, 1684098.948227069573477 ], [ 2974052.042815555818379, 1684123.600024353247136 ], [ 2974051.528359577991068, 1684150.685454072663561 ], [ 2974043.645069992169738, 1684173.864166083279997 ], [ 2974037.064879219979048, 1684218.460204047849402 ], [ 2974032.066719877999276, 1684234.046561004593968 ], [ 2974024.550477126147598, 1684250.748535264516249 ], [ 2974019.615808461792767, 1684261.712795445695519 ], [ 2974014.194923177361488, 1684292.675682832719758 ], [ 2974006.684047703165561, 1684300.690598777262494 ], [ 2973992.854675738140941, 1684341.898728479165584 ], [ 2973981.355785033665597, 1684363.316122935619205 ], [ 2973961.497373764403164, 1684382.879115847637877 ], [ 2973953.780719256028533, 1684398.280439950060099 ], [ 2973949.992263934575021, 1684412.984790220623836 ], [ 2973943.839210873935372, 1684425.435705562354997 ], [ 2973930.32901234831661, 1684442.534493827959523 ], [ 2973923.720519967377186, 1684456.402648100163788 ], [ 2973908.70112642319873, 1684472.433268221328035 ], [ 2973889.237349817063659, 1684503.283905606484041 ], [ 2973868.289283105172217, 1684536.490627398481593 ], [ 2973856.654418527148664, 1684554.930788418045267 ], [ 2973840.712808188982308, 1684580.199342536740005 ], [ 2973829.078946680761874, 1684606.172219727886841 ], [ 2973824.81888303719461, 1684615.681413630954921 ], [ 2973825.384510412346572, 1684630.213143634842709 ], [ 2973834.492773816920817, 1684641.288817416876554 ], [ 2973844.862885421141982, 1684653.901660301722586 ], [ 2973849.733802939765155, 1684665.97329621668905 ], [ 2973848.257709827274084, 1684686.947471578139812 ], [ 2973851.318691588006914, 1684702.438349927309901 ], [ 2973857.353211138397455, 1684715.396556094754487 ], [ 2973868.324792506173253, 1684725.472935676341876 ], [ 2973884.688960786908865, 1684731.251454380806535 ], [ 2973895.567656330764294, 1684731.990213840035722 ], [ 2973908.764181207865477, 1684730.313712086062878 ], [ 2973918.940245349891484, 1684726.502216983353719 ], [ 2973932.243273557163775, 1684716.788791923550889 ], [ 2973947.250765172764659, 1684718.131359746912494 ], [ 2973957.367986038327217, 1684727.023235311964527 ], [ 2973961.591546683572233, 1684736.962401619413868 ], [ 2973968.674089507199824, 1684753.63157208240591 ], [ 2973967.759439593181014, 1684772.613239276921377 ], [ 2973966.803365877829492, 1684792.48143326677382 ], [ 2973950.00157868117094, 1684814.520620462950319 ], [ 2973941.369731274433434, 1684841.441242509055883 ], [ 2973936.164927098434418, 1684864.41322070453316 ], [ 2973939.480114234611392, 1684877.188446651445702 ], [ 2973948.234314193949103, 1684890.331553637050092 ], [ 2973956.639595112763345, 1684896.853937578154728 ], [ 2973946.958583087660372, 1684912.604375179624185 ], [ 2973944.775474989786744, 1684937.713176959194243 ], [ 2973949.039496296085417, 1684961.007284048013389 ], [ 2973958.84868402313441, 1684976.635612841928378 ], [ 2973978.834839883260429, 1684988.451274741441011 ], [ 2973993.625306129455566, 1684997.195511339465156 ], [ 2973999.162291069980711, 1685015.572911103256047 ], [ 2973998.989659520797431, 1685045.000666248844936 ], [ 2973985.774143248796463, 1685072.736820170655847 ], [ 2973962.536429161205888, 1685100.918378329370171 ], [ 2973945.838832441717386, 1685121.167397839017212 ], [ 2973932.320379512384534, 1685137.56139705888927 ], [ 2973898.380818209610879, 1685160.421984928660095 ], [ 2973866.298945963382721, 1685182.030977419344708 ], [ 2973849.297633013688028, 1685199.876536025200039 ], [ 2973842.937900211196393, 1685219.713026486337185 ], [ 2973844.435528862290084, 1685238.154512551147491 ], [ 2973855.195062469691038, 1685264.303517618216574 ], [ 2973860.0906519475393, 1685276.203273087041453 ], [ 2973870.992044473066926, 1685288.222210161620751 ], [ 2973875.063126537948847, 1685301.529335587285459 ], [ 2973874.046805439982563, 1685312.399520936887711 ], [ 2973868.748408272862434, 1685326.034997908398509 ], [ 2973867.934839432593435, 1685338.20650286716409 ], [ 2973874.176235591061413, 1685343.778124912874773 ], [ 2973884.499345673713833, 1685345.28473815578036 ], [ 2973894.468480256386101, 1685348.858738337177783 ], [ 2973904.685033973772079, 1685358.401252038311213 ], [ 2973917.910546352155507, 1685387.452994844177738 ], [ 2973927.002286184113473, 1685407.425705547677353 ], [ 2973927.652960994746536, 1685408.855111815268174 ], [ 2973913.983945670537651, 1685422.804998866748065 ], [ 2973914.720919357612729, 1685455.848783138208091 ], [ 2973889.146895056590438, 1685487.797810303745791 ], [ 2973867.49599460978061, 1685507.510732699884102 ], [ 2973819.303946241270751, 1685543.478342541027814 ], [ 2973734.587733932770789, 1685568.626916401553899 ], [ 2973660.553565357811749, 1685595.909091092180461 ], [ 2973655.823723426088691, 1685594.370445352513343 ], [ 2973639.353393048979342, 1685596.629016200313345 ], [ 2973613.963858541566879, 1685606.485867453971878 ], [ 2973598.248631001450121, 1685609.278360410360619 ], [ 2973581.176627666689456, 1685607.634762712754309 ], [ 2973559.921889155171812, 1685609.407141647068784 ], [ 2973543.852619442157447, 1685614.267071916488931 ], [ 2973538.561713467352092, 1685619.21628163033165 ], [ 2973527.405232056975365, 1685629.650138714117929 ], [ 2973530.083481803070754, 1685642.771349092246965 ], [ 2973520.349582378286868, 1685662.539520104415715 ], [ 2973489.568971233442426, 1685676.69534057052806 ], [ 2973468.514803250320256, 1685679.76848740875721 ], [ 2973455.370894639752805, 1685677.426994220586494 ], [ 2973443.39044314622879, 1685669.53443808760494 ], [ 2973433.664733364246786, 1685663.12777693150565 ], [ 2973428.696417761035264, 1685652.769694095011801 ], [ 2973421.245695320889354, 1685648.081183663802221 ], [ 2973412.93899556947872, 1685642.852865613298491 ], [ 2973399.258636893704534, 1685634.242498154984787 ], [ 2973389.072616043500602, 1685635.758897187421098 ], [ 2973376.230481397360563, 1685635.368216048926115 ], [ 2973358.256217896938324, 1685627.872651334153488 ], [ 2973334.903003689367324, 1685607.301341383485124 ], [ 2973316.327064564451575, 1685595.90369968325831 ], [ 2973298.966755972243845, 1685574.936717523960397 ], [ 2973285.892698714509606, 1685559.146988242631778 ], [ 2973275.766144137829542, 1685550.998504567192867 ], [ 2973259.560341279022396, 1685537.95815265760757 ], [ 2973246.323996964842081, 1685521.487797474255785 ], [ 2973231.336537743452936, 1685494.085711849853396 ], [ 2973218.918274209368974, 1685461.549838924081996 ], [ 2973208.053065059706569, 1685443.4365851925686 ], [ 2973187.973268134519458, 1685422.284739713650197 ], [ 2973162.702593117486686, 1685406.731552570825443 ], [ 2973136.569392312318087, 1685398.681489668786526 ], [ 2973118.587927899789065, 1685399.872392289107665 ], [ 2973098.792288412339985, 1685406.731116019189358 ], [ 2973065.591670640278608, 1685422.652634104248136 ], [ 2973043.871433379594237, 1685443.215739783365279 ], [ 2973033.329476456157863, 1685466.469488338800147 ], [ 2973025.228316904976964, 1685484.337199344066903 ], [ 2973012.657872688025236, 1685498.204046784201637 ], [ 2973004.700604290701449, 1685506.981533671962097 ], [ 2973004.528492137789726, 1685528.377961061429232 ], [ 2973013.022857992909849, 1685552.924985553137958 ], [ 2973013.164048239123076, 1685566.930435360874981 ], [ 2973015.724103414453566, 1685579.170628100400791 ], [ 2973029.615886341780424, 1685590.732414507074282 ], [ 2973043.460554901510477, 1685597.625394366914406 ], [ 2973048.332990196533501, 1685616.135368865448982 ], [ 2973046.757078677881509, 1685636.458468477241695 ], [ 2973041.306699604727328, 1685653.463164538377896 ], [ 2973035.118369019124657, 1685672.766940119443461 ], [ 2973030.840519056655467, 1685712.113499704748392 ], [ 2973027.898463708348572, 1685739.17796500120312 ], [ 2973022.699105226434767, 1685759.660953101003543 ], [ 2973014.835915735922754, 1685769.743553252890706 ], [ 2973005.770775232929736, 1685781.365783696528524 ], [ 2972997.297502413392067, 1685786.890921423677355 ], [ 2972988.015150510240346, 1685792.943668863736093 ], [ 2972979.346779563464224, 1685798.59459188580513 ], [ 2972964.906776754185557, 1685799.329022659454495 ], [ 2972954.936746332794428, 1685795.75545308785513 ], [ 2972937.410860459785908, 1685795.530309619847685 ], [ 2972919.731316850055009, 1685798.672226102091372 ], [ 2972903.361449259333313, 1685801.581417908892035 ], [ 2972883.016437062062323, 1685800.519922101404518 ], [ 2972866.80511639919132, 1685791.374883372103795 ], [ 2972847.746512637939304, 1685780.621823656838387 ], [ 2972835.747319219633937, 1685768.832350691547617 ], [ 2972824.982698823325336, 1685751.371557394508272 ], [ 2972817.24916797503829, 1685718.670242085820064 ], [ 2972810.555014900863171, 1685690.365269871428609 ], [ 2972796.237978780642152, 1685660.936701371800154 ], [ 2972787.726116175763309, 1685643.442769614746794 ], [ 2972776.164152258541435, 1685631.097757037729025 ], [ 2972769.771202037110925, 1685624.272754029370844 ], [ 2972762.271390673704445, 1685619.536235364153981 ], [ 2972744.403590778820217, 1685604.004023920744658 ], [ 2972729.406410593539476, 1685590.967394968029112 ], [ 2972716.155647204257548, 1685579.448973738122731 ], [ 2972711.493923941627145, 1685565.088476099306718 ], [ 2972701.130111902952194, 1685550.22717723948881 ], [ 2972685.68132583796978, 1685532.930699654854834 ], [ 2972671.039440685883164, 1685512.146957163931802 ], [ 2972659.763892510905862, 1685496.141359332017601 ], [ 2972647.441973575856537, 1685478.651242733700201 ], [ 2972634.053431386128068, 1685468.610649587819353 ], [ 2972624.409919091500342, 1685461.378708586329594 ], [ 2972610.587906319648027, 1685464.764002798590809 ], [ 2972600.364240736700594, 1685463.908386457944289 ], [ 2972583.039731143973768, 1685464.982846791157499 ], [ 2972560.115518383681774, 1685477.743272450054064 ], [ 2972541.985680701211095, 1685487.833342303521931 ], [ 2972521.617614348884672, 1685499.171377249993384 ], [ 2972509.384243356063962, 1685502.126520027872175 ], [ 2972500.410858450457454, 1685513.742867846274748 ], [ 2972491.49170128442347, 1685521.340560938930139 ], [ 2972487.1617959048599, 1685519.438480654498562 ], [ 2972484.159882541745901, 1685518.11846307804808 ], [ 2972479.617844303604215, 1685505.412349102087319 ], [ 2972481.546482382807881, 1685483.020991824101657 ], [ 2972483.834787792526186, 1685456.471856016200036 ], [ 2972481.329522919841111, 1685433.618000987684354 ], [ 2972470.616874334868044, 1685412.138081940589473 ], [ 2972450.43058258574456, 1685399.022569146472961 ], [ 2972425.755440024659038, 1685396.05817480920814 ], [ 2972407.875413827598095, 1685397.89971783850342 ], [ 2972385.813706452958286, 1685403.15710895252414 ], [ 2972365.361370358616114, 1685410.132910464191809 ], [ 2972362.936575651634485, 1685420.586492685135454 ], [ 2972368.369605783373117, 1685429.64238288719207 ], [ 2972369.391718719154596, 1685432.901078420691192 ], [ 2972366.696712849196047, 1685438.119544222950935 ], [ 2972371.675007613841444, 1685470.409792977152392 ], [ 2972375.02326262742281, 1685501.547341809375212 ], [ 2972383.946829032152891, 1685522.548759512836114 ], [ 2972378.572842990979552, 1685530.719961839728057 ], [ 2972355.844137341715395, 1685553.467373358085752 ], [ 2972348.482362039387226, 1685566.80188030237332 ], [ 2972348.924451341386884, 1685582.758414398180321 ], [ 2972356.969851817935705, 1685600.036173882195726 ], [ 2972360.385205074679106, 1685613.459790050284937 ], [ 2972363.790437005460262, 1685626.837530996184796 ], [ 2972364.596775847487152, 1685640.772400493733585 ], [ 2972370.283642635680735, 1685647.111519587226212 ], [ 2972379.060527519322932, 1685656.894958481192589 ], [ 2972377.055227468255907, 1685686.663434378802776 ], [ 2972376.067836966365576, 1685701.319412319222465 ], [ 2972365.629809614270926, 1685708.036615268792957 ], [ 2972365.323330778628588, 1685708.091082858387381 ], [ 2972349.215474502183497, 1685710.953784212935716 ], [ 2972347.058272006455809, 1685711.824834577739239 ], [ 2972330.074579703155905, 1685718.682642402127385 ], [ 2972298.096428029239178, 1685737.347514300374314 ], [ 2972251.66431898297742, 1685747.041902461554855 ], [ 2972215.776738991029561, 1685759.189646020531654 ], [ 2972180.220489201601595, 1685764.066518107429147 ], [ 2972148.154073289595544, 1685753.899228239431977 ], [ 2972089.892019036225975, 1685733.963732978329062 ], [ 2972035.32300987932831, 1685719.141490683658049 ], [ 2971994.010935961268842, 1685714.944805140374228 ], [ 2971971.062204195186496, 1685726.235580263426527 ], [ 2971953.436561984941363, 1685743.792218056041747 ], [ 2971945.537185788620263, 1685780.016515169059858 ], [ 2971939.639728213660419, 1685790.466713273897767 ], [ 2971923.719454462639987, 1685800.646422921447083 ], [ 2971909.615117944311351, 1685805.157988912425935 ], [ 2971893.085980892181396, 1685820.122148379217833 ], [ 2971880.586183087900281, 1685835.038334318436682 ], [ 2971857.397526160813868, 1685867.889637530082837 ], [ 2971850.142210074234754, 1685873.187224161578342 ], [ 2971843.293318705633283, 1685872.401219188701361 ], [ 2971832.964597656857222, 1685879.582534423097968 ], [ 2971820.163904293905944, 1685892.547615173272789 ], [ 2971812.446327092126012, 1685900.3654341311194 ], [ 2971799.90645988099277, 1685909.510970908217132 ], [ 2971781.719945297576487, 1685922.776690691243857 ], [ 2971760.221491682808846, 1685938.458754802588373 ], [ 2971745.583498088642955, 1685958.587462157709524 ], [ 2971736.918359385803342, 1685963.468605323694646 ], [ 2971730.02210508659482, 1685958.012697849189863 ], [ 2971717.628697732463479, 1685964.892972502857447 ], [ 2971704.834074790589511, 1685969.171759048709646 ], [ 2971688.458525374531746, 1685980.767897414742038 ], [ 2971676.666741870343685, 1685991.549308680929244 ], [ 2971665.937027994543314, 1685996.130275609903038 ], [ 2971657.719191837124527, 1686008.280877772718668 ], [ 2971655.342674265615642, 1686023.402180089382455 ], [ 2971662.237787463702261, 1686028.857268510619178 ], [ 2971677.793067529797554, 1686038.118376292986795 ], [ 2971680.806637308094651, 1686048.941744932206348 ], [ 2971677.174630725756288, 1686060.277143457438797 ], [ 2971664.527385164983571, 1686069.874172505456954 ], [ 2971652.883292007260025, 1686085.975791062461212 ], [ 2971642.854355216026306, 1686095.107440854189917 ], [ 2971634.611893948167562, 1686102.614189695566893 ], [ 2971628.384367541410029, 1686119.060317252529785 ], [ 2971626.102202625479549, 1686143.51835994515568 ], [ 2971618.380982863716781, 1686167.607841226272285 ], [ 2971613.815991585608572, 1686181.848081172909588 ], [ 2971611.965260888449848, 1686187.621867223409936 ], [ 2971615.891391885001212, 1686199.452736363979056 ], [ 2971612.611253001727164, 1686208.721189557109028 ], [ 2971603.946280093863606, 1686213.602367301238701 ], [ 2971592.734316752292216, 1686219.917884027352557 ], [ 2971585.954483640845865, 1686232.167693311348557 ], [ 2971582.775710099376738, 1686242.086215683491901 ], [ 2971580.320908093824983, 1686249.743335193488747 ], [ 2971572.894357797224075, 1686256.537116922903806 ], [ 2971568.606682321988046, 1686267.990221551153809 ], [ 2971558.425490623340011, 1686280.489891478791833 ], [ 2971551.322781739756465, 1686282.42068047891371 ], [ 2971546.337942335288972, 1686280.634120302973315 ], [ 2971540.646127671003342, 1686282.98220326891169 ], [ 2971536.25689039286226, 1686293.78317088005133 ], [ 2971532.330039055086672, 1686303.449934144038707 ], [ 2971531.556435083970428, 1686320.009518651058897 ], [ 2971537.442766112275422, 1686327.648445696569979 ], [ 2971536.83026562537998, 1686341.1199107139837 ], [ 2971527.356113532558084, 1686349.485858094412833 ], [ 2971525.380960116162896, 1686367.208623936865479 ], [ 2971529.597939768340439, 1686385.835272312164307 ], [ 2971537.402544456068426, 1686388.455861875088885 ], [ 2971540.310983794741333, 1686407.31511010741815 ], [ 2971543.726574504282326, 1686429.463301306124777 ], [ 2971545.636803943663836, 1686441.850202075904235 ], [ 2971537.916931926738471, 1686448.496558385901153 ], [ 2971528.166160286404192, 1686456.892095039365813 ], [ 2971527.327754550147802, 1686467.082528096390888 ], [ 2971502.287703121080995, 1686483.561036758124828 ], [ 2971481.778945706784725, 1686503.241084147244692 ], [ 2971453.062646999023855, 1686517.700488489354029 ], [ 2971433.784952653571963, 1686527.406902687856928 ], [ 2971419.816757088527083, 1686534.44013905688189 ], [ 2971421.061426704749465, 1686550.114556041778997 ], [ 2971426.134940825402737, 1686569.925246712286025 ], [ 2971439.519379282835871, 1686586.92215740820393 ], [ 2971450.143803471699357, 1686590.377850658260286 ], [ 2971461.057954237330705, 1686593.929016521433368 ], [ 2971467.41851655440405, 1686595.998496540123597 ], [ 2971472.842318119946867, 1686611.064504696521908 ], [ 2971484.976945988368243, 1686615.58812701748684 ], [ 2971495.093152187764645, 1686624.479733527638018 ], [ 2971502.892196695320308, 1686635.788786852732301 ], [ 2971495.376691420562565, 1686652.491894975071773 ], [ 2971485.658746575005352, 1686674.092269904213026 ], [ 2971474.718215444125235, 1686698.407760144909844 ], [ 2971468.037217723205686, 1686719.48892757226713 ], [ 2971462.480349468998611, 1686744.529282991308719 ], [ 2971460.434800497721881, 1686792.330915335798636 ], [ 2971464.729751203209162, 1686846.353313233237714 ], [ 2971464.507214123848826, 1686879.801090020686388 ], [ 2971461.198497827164829, 1686932.504634213866666 ], [ 2971458.076756758615375, 1686982.24459 ], [ 2971490.564437897410244, 1686982.24459 ], [ 2971492.500156683847308, 1686969.700850805034861 ] ] ] } }
]
}
