{
"type": "FeatureCollection",
"name": "Zubia,_La",
"crs": { "type": "name", "properties": { "name": "urn:ogc:def:crs:EPSG::3035" } },
"features": [
{ "type": "Feature", "properties": { "ENP_GRAL": 1.0, "ENP_GRAL_NAME": "Otros Parques", "color": "#38A800" }, "geometry": { "type": "MultiPolygon", "coordinates": [ [ [ [ 3114259.791692539583892, 1669282.296897639287636 ], [ 3114257.882861136924475, 1669260.42962240264751 ], [ 3114258.256057858467102, 1669234.131259775720537 ], [ 3114266.29924823064357, 1669203.477680577198043 ], [ 3114277.954402242787182, 1669175.225881088292226 ], [ 3114288.46585460100323, 1669140.109109316486865 ], [ 3114291.966671273112297, 1669120.332069942029193 ], [ 3114289.632894933223724, 1669109.637186736566946 ], [ 3114276.711698425468057, 1669091.69490327546373 ], [ 3114270.274877283256501, 1669077.674505305476487 ], [ 3114266.890386012382805, 1669060.098944604163989 ], [ 3114268.145228704437613, 1669056.09191367495805 ], [ 3114272.236496695782989, 1669043.029376002261415 ], [ 3114277.954665257129818, 1669025.895493421936408 ], [ 3114283.260814854409546, 1669003.960760951973498 ], [ 3114283.497594474814832, 1669002.982212744187564 ], [ 3114289.928260567598045, 1668976.399722443427891 ], [ 3114287.444577002897859, 1668964.721926657482982 ], [ 3114279.293091732077301, 1668953.260377417784184 ], [ 3114279.138559476006776, 1668953.043161260895431 ], [ 3114279.139783739577979, 1668952.820568719645962 ], [ 3114279.181852789595723, 1668943.954991487320513 ], [ 3114283.583934593945742, 1668930.075767743401229 ], [ 3114293.694527907297015, 1668901.082547683501616 ], [ 3114290.298326293006539, 1668879.472907423274592 ], [ 3114290.752740113995969, 1668849.124677683692425 ], [ 3114288.358058552257717, 1668825.323773799929768 ], [ 3114279.9018335621804, 1668812.662144375266507 ], [ 3114278.992363830562681, 1668811.492194690508768 ], [ 3114270.914057039655745, 1668801.101436544209719 ], [ 3114270.653125261887908, 1668796.748452994041145 ], [ 3114269.537393506616354, 1668778.133263384457678 ], [ 3114262.660088523291051, 1668713.740195328835398 ], [ 3114263.703720377758145, 1668683.289801611332223 ], [ 3114267.780026257969439, 1668653.323616126785055 ], [ 3114271.452897694893181, 1668635.694804056780413 ], [ 3114273.231931119225919, 1668627.1550957437139 ], [ 3114273.687969267368317, 1668615.97713157441467 ], [ 3114268.752836959436536, 1668611.786909358808771 ], [ 3114252.459065557457507, 1668625.592156731756404 ], [ 3114246.302140822634101, 1668630.809146006824449 ], [ 3114231.450065862387419, 1668647.506458961637691 ], [ 3114228.65943958517164, 1668654.748111199587584 ], [ 3114222.701211288571358, 1668670.209921440109611 ], [ 3114214.246390141081065, 1668676.719055078690872 ], [ 3114212.856115723028779, 1668676.383746779290959 ], [ 3114204.502339472994208, 1668674.370466844178736 ], [ 3114194.754314958117902, 1668659.91456908499822 ], [ 3114192.771956041455269, 1668655.046409415313974 ], [ 3114179.786007826216519, 1668623.155840483494103 ], [ 3114176.864124692976475, 1668599.446069909492508 ], [ 3114177.938995053991675, 1668568.990592864342034 ], [ 3114173.497731059323996, 1668562.196956385625526 ], [ 3114171.421136277727783, 1668559.020633819047362 ], [ 3114165.711339838802814, 1668554.964251639321446 ], [ 3114170.36298019811511, 1668514.80865319701843 ], [ 3114175.476667143404484, 1668481.635742290178314 ], [ 3114181.619197306223214, 1668466.446361260255799 ], [ 3114199.757737470790744, 1668436.062898966483772 ], [ 3114212.493580484297127, 1668408.633168560219929 ], [ 3114211.892922418192029, 1668404.701249457662925 ], [ 3114216.990080134943128, 1668395.17044442309998 ], [ 3114231.517050440888852, 1668368.006749291438609 ], [ 3114258.186082894913852, 1668341.191490310244262 ], [ 3114275.472602040506899, 1668327.099724891129881 ], [ 3114283.439256450626999, 1668312.603458112571388 ], [ 3114296.057106629014015, 1668303.355959392618388 ], [ 3114320.894438439980149, 1668283.920374817680568 ], [ 3114333.820385709870607, 1668268.565995390061289 ], [ 3114339.281058440450579, 1668255.459245092933998 ], [ 3114345.600360035896301, 1668240.292735379887745 ], [ 3114357.463529660366476, 1668214.023143655154854 ], [ 3114368.123129897750914, 1668194.107723660767078 ], [ 3114369.963123618159443, 1668190.670510486699641 ], [ 3114355.044914945028722, 1668190.636820221552625 ], [ 3114346.953089077956975, 1668190.618689046008512 ], [ 3114339.191799702588469, 1668197.058693712810054 ], [ 3114330.746070352382958, 1668204.067308067344129 ], [ 3114328.514863384887576, 1668205.918950324179605 ], [ 3114311.974863963667303, 1668220.601501165423542 ], [ 3114307.5906598768197, 1668224.493548948783427 ], [ 3114300.274840640835464, 1668230.987910779658705 ], [ 3114295.370557402260602, 1668234.016423180233687 ], [ 3114259.194766982924193, 1668256.354710981249809 ], [ 3114257.130749500356615, 1668257.629236306296661 ], [ 3114245.300277922302485, 1668257.659717152826488 ], [ 3114278.871540434658527, 1668199.379875451559201 ], [ 3114297.2154889870435, 1668164.925258969888091 ], [ 3114309.925600363872945, 1668148.112767925485969 ], [ 3114319.156923428177834, 1668135.901872266549617 ], [ 3114312.698383533395827, 1668132.984185237670317 ], [ 3114287.197182448580861, 1668129.327907327096909 ], [ 3114268.99809867143631, 1668133.48794709937647 ], [ 3114246.83190552610904, 1668138.335164149058983 ], [ 3114234.511440532281995, 1668140.135465649422258 ], [ 3114209.487637332174927, 1668143.79218355123885 ], [ 3114200.894265424460173, 1668153.563543682917953 ], [ 3114195.879965595435351, 1668159.265228555072099 ], [ 3114176.104315400123596, 1668175.805918876780197 ], [ 3114161.576427221298218, 1668189.420566539280117 ], [ 3114149.201553968712687, 1668199.635109331924468 ], [ 3114136.957723442930728, 1668214.871557120233774 ], [ 3114121.091580021195114, 1668242.843542513204738 ], [ 3114119.765966733917594, 1668241.435190620133653 ], [ 3114106.393768332898617, 1668227.226982156280428 ], [ 3114098.192696871235967, 1668219.566050624707714 ], [ 3114095.836886143311858, 1668219.973947479855269 ], [ 3114088.057444837875664, 1668221.321121948072687 ], [ 3114079.855245376005769, 1668226.777208986692131 ], [ 3114065.728431287221611, 1668234.268403735011816 ], [ 3114064.291715033818036, 1668234.188944838708267 ], [ 3114052.476968421600759, 1668233.53580864565447 ], [ 3114050.414711732417345, 1668232.540244354866445 ], [ 3114023.247623546048999, 1668219.426586057059467 ], [ 3114037.681333279237151, 1668186.658078471198678 ], [ 3114059.897665060590953, 1668145.478823901619762 ], [ 3114071.365686326287687, 1668111.205716984346509 ], [ 3114079.190389421768486, 1668077.403934619855136 ], [ 3114080.125363593921065, 1668073.365763335721567 ], [ 3114094.213517035357654, 1668041.666076148394495 ], [ 3114110.361932119354606, 1668006.582668 ], [ 3114113.127548373304307, 1667993.652058154111728 ], [ 3114116.412695039995015, 1667978.29249271354638 ], [ 3114086.220959361642599, 1667953.004019845509902 ], [ 3114044.950819561257958, 1667918.436223787488416 ], [ 3114025.57253082934767, 1667902.205339875537902 ], [ 3114087.123003652784973, 1667841.098801123443991 ], [ 3114131.055832480546087, 1667792.123640012228861 ], [ 3114167.755526951048523, 1667743.498202832182869 ], [ 3114188.871591363102198, 1667715.520758539205417 ], [ 3114185.91439703386277, 1667711.902435224270448 ], [ 3114179.755393815226853, 1667704.365999256493524 ], [ 3114179.480948576703668, 1667704.030207921518013 ], [ 3114184.099004203919321, 1667696.255532844690606 ], [ 3114214.886612107977271, 1667644.424450872233137 ], [ 3114223.189725181087852, 1667630.879146948456764 ], [ 3114262.773752448149025, 1667584.675374418264255 ], [ 3114278.68431606143713, 1667547.615693415980786 ], [ 3114293.924538913182914, 1667514.707873538136482 ], [ 3114315.23396804695949, 1667494.87475300533697 ], [ 3114341.34281378146261, 1667475.219598592957482 ], [ 3114359.473391169682145, 1667466.026852351846173 ], [ 3114382.502909708302468, 1667462.039567522471771 ], [ 3114409.837714812718332, 1667464.36959644802846 ], [ 3114435.917230405379087, 1667462.786466278834268 ], [ 3114436.758286014199257, 1667462.735295881517231 ], [ 3114437.148120816797018, 1667462.826717024901882 ], [ 3114454.08159595541656, 1667466.798824903089553 ], [ 3114461.449653110932559, 1667465.523218364920467 ], [ 3114468.95943129947409, 1667464.222977075027302 ], [ 3114486.758774497546256, 1667467.25043354765512 ], [ 3114492.47716950206086, 1667468.222871120553464 ], [ 3114507.404362780041993, 1667474.719084758777171 ], [ 3114530.095638094469905, 1667496.014802038902417 ], [ 3114542.044080052990466, 1667510.089484165655449 ], [ 3114552.967923609074205, 1667518.287758077727631 ], [ 3114560.144332204945385, 1667520.072347548091784 ], [ 3114567.676116400398314, 1667518.768214526586235 ], [ 3114571.699012596625835, 1667513.027028775541112 ], [ 3114570.841849108226597, 1667498.040840066038072 ], [ 3114568.875329861417413, 1667475.867238688282669 ], [ 3114568.021518746390939, 1667466.242015374125913 ], [ 3114567.203729457221925, 1667410.890635891351849 ], [ 3114573.661483271978796, 1667343.181038257898763 ], [ 3114573.576751033775508, 1667325.497380728600547 ], [ 3114573.531194282695651, 1667316.011327950051054 ], [ 3114573.120833904482424, 1667230.270711232209578 ], [ 3114573.072826502844691, 1667156.624528317013755 ], [ 3114571.443638705182821, 1667064.08220956614241 ], [ 3114577.983492276631296, 1666870.238845112035051 ], [ 3114584.228923254646361, 1666833.843753854511306 ], [ 3114605.440163731575012, 1666776.697060675127432 ], [ 3114623.529707812704146, 1666750.359004374360666 ], [ 3114646.642348953522742, 1666729.205641500419006 ], [ 3114675.942829643841833, 1666702.94479197030887 ], [ 3114710.460225177463144, 1666673.763276633573696 ], [ 3114731.827147514559329, 1666654.929524031933397 ], [ 3114746.492675775196403, 1666632.211609774734825 ], [ 3114755.314790463075042, 1666607.478604750009254 ], [ 3114757.650372478179634, 1666572.76991230272688 ], [ 3114744.15813303552568, 1666525.666789525421336 ], [ 3114747.037020669784397, 1666493.891034804983065 ], [ 3114754.033546714112163, 1666462.411147395148873 ], [ 3114748.955128056462854, 1666443.111246647080407 ], [ 3114746.796610049437732, 1666428.35064488183707 ], [ 3114752.510776678100228, 1666393.05687175062485 ], [ 3114759.507309542968869, 1666361.577232894022018 ], [ 3114768.117575254291296, 1666335.871857865713537 ], [ 3114783.153598037548363, 1666307.036064211046323 ], [ 3114788.085130935534835, 1666279.949731989996508 ], [ 3114787.711411978118122, 1666254.790823926916346 ], [ 3114789.608249302022159, 1666221.16689682751894 ], [ 3114792.370132987387478, 1666175.286383602535352 ], [ 3114790.195333209820092, 1666138.33162254630588 ], [ 3114794.528051919303834, 1666094.197034038603306 ], [ 3114799.159328239969909, 1666065.144770202459767 ], [ 3114801.381361396051943, 1666047.607859691372141 ], [ 3114812.30008225236088, 1666018.476295243483037 ], [ 3114830.147190344519913, 1665972.001729473471642 ], [ 3114845.263564423192292, 1665952.233137445757166 ], [ 3114867.913538313470781, 1665937.213555488968268 ], [ 3114877.161749379709363, 1665920.478654986713082 ], [ 3114887.920897269621491, 1665892.383652307325974 ], [ 3114893.151186912786216, 1665861.209830110194162 ], [ 3114903.976809122134, 1665832.094312765169889 ], [ 3114907.59554701577872, 1665801.199477034155279 ], [ 3114915.329869588837028, 1665783.717435321537778 ], [ 3114929.559024833608419, 1665748.968126662774011 ], [ 3114945.195810443721712, 1665724.064692981773987 ], [ 3114882.376440002582967, 1665694.581549947848544 ], [ 3114902.494967320468277, 1665639.643098606728017 ], [ 3114911.345587422605604, 1665583.628106388496235 ], [ 3114911.436265453696251, 1665579.559000700479373 ], [ 3114912.137210927903652, 1665548.178043961059302 ], [ 3114912.501210222952068, 1665517.846805304987356 ], [ 3114897.599508352577686, 1665429.621961690485477 ], [ 3114890.667228356469423, 1665352.124778670724481 ], [ 3114858.591907766181976, 1665178.086619138717651 ], [ 3114838.469628996215761, 1665119.015863208798692 ], [ 3114816.566434278152883, 1665044.110592527780682 ], [ 3114805.942554954905063, 1665017.580148447770625 ], [ 3114781.80657046334818, 1664957.305731851607561 ], [ 3114773.221572173759341, 1664931.349506225902587 ], [ 3114755.924671323038638, 1664879.053755911067128 ], [ 3114750.787102490663528, 1664859.258845933713019 ], [ 3114737.380520286969841, 1664807.602673079119995 ], [ 3114726.225595199503005, 1664783.301636085147038 ], [ 3114710.329776174388826, 1664765.87459397688508 ], [ 3114687.368100103456527, 1664740.684782596770674 ], [ 3114676.967113881371915, 1664729.274606663035229 ], [ 3114629.7318036230281, 1664594.303845929913223 ], [ 3114624.032446302473545, 1664578.018230471061543 ], [ 3114595.831044244579971, 1664472.222320464905351 ], [ 3114575.187186922412366, 1664394.777150771347806 ], [ 3114554.834080390632153, 1664338.773637519218028 ], [ 3114537.355454762466252, 1664306.326884018955752 ], [ 3114517.051510706543922, 1664268.635572167346254 ], [ 3114494.301993058994412, 1664215.064994007116184 ], [ 3114567.883827267680317, 1664095.381704038707539 ], [ 3114742.192431644536555, 1663853.335544275119901 ], [ 3114789.073815716430545, 1663791.747926902957261 ], [ 3114839.664904567413032, 1663731.536225837189704 ], [ 3114869.135485392995179, 1663715.336945008020848 ], [ 3114877.249954174272716, 1663711.450785434106365 ], [ 3114941.715416490565985, 1663680.578161361161619 ], [ 3114931.475210178643465, 1663608.69990816898644 ], [ 3114931.00681132171303, 1663546.228196583455428 ], [ 3114911.346264323219657, 1663403.471854619681835 ], [ 3114911.32825992256403, 1663403.34189540729858 ], [ 3114965.248528938740492, 1663397.035913277883083 ], [ 3115186.240327721461654, 1663368.875586031936109 ], [ 3115215.718749855645001, 1663363.773532159393653 ], [ 3115218.074438009876758, 1663363.365848836954683 ], [ 3115245.949593981262296, 1663350.470032242126763 ], [ 3115280.806730561889708, 1663337.513870154507458 ], [ 3115281.507160698063672, 1663337.253524674801156 ], [ 3115305.520229739136994, 1663335.115417045075446 ], [ 3115411.601991273928434, 1663333.907038024859503 ], [ 3115462.016148980241269, 1663335.271203889511526 ], [ 3115508.11930999532342, 1663350.496843244181946 ], [ 3115527.697810609359294, 1663350.795448205433786 ], [ 3115539.375292031094432, 1663351.417244870914146 ], [ 3115559.339413845911622, 1663351.721574371447787 ], [ 3115632.837024176493287, 1663357.963952359277755 ], [ 3115633.639351489953697, 1663358.03233824018389 ], [ 3115631.094814351759851, 1663356.6178007745184 ], [ 3115629.993966037407517, 1663356.005719660781324 ], [ 3115629.796720313839614, 1663355.896084257401526 ], [ 3115623.674902856349945, 1663352.49157081823796 ], [ 3115619.801056721247733, 1663350.336909427773207 ], [ 3115618.153808644041419, 1663348.475623761303723 ], [ 3115611.720597453415394, 1663341.205304669914767 ], [ 3115611.270617770962417, 1663340.697202418697998 ], [ 3115610.521183720324188, 1663339.850071499589831 ], [ 3115610.514860501512885, 1663339.8473318987526 ], [ 3115594.848489307798445, 1663332.074184141820297 ], [ 3115574.321880626492202, 1663321.887289168778807 ], [ 3115543.362719198688865, 1663295.451239144662395 ], [ 3115512.675935899373144, 1663269.246838404564187 ], [ 3115502.867923030629754, 1663259.730884843505919 ], [ 3115488.850031066685915, 1663246.131501282565296 ], [ 3115462.366396480239928, 1663231.911457014968619 ], [ 3115461.401432006619871, 1663231.393200799357146 ], [ 3115461.200080411508679, 1663231.284680334385484 ], [ 3115460.430520258843899, 1663230.871332861483097 ], [ 3115458.424101864919066, 1663230.28087726351805 ], [ 3115457.901801763102412, 1663230.127411581808701 ], [ 3115436.145455427933484, 1663223.724213904468343 ], [ 3115414.913857590872794, 1663220.577560536330566 ], [ 3115410.820270214229822, 1663219.970873255748302 ], [ 3115410.536525160539895, 1663219.928872969700024 ], [ 3115409.452564214356244, 1663219.768286027712747 ], [ 3115408.888868920039386, 1663219.921931971097365 ], [ 3115408.552234643138945, 1663220.013684190344065 ], [ 3115393.584129831753671, 1663224.096683038398623 ], [ 3115382.010114141739905, 1663227.253831294132397 ], [ 3115381.62617985252291, 1663227.357199695892632 ], [ 3115378.747032329440117, 1663229.266106840223074 ], [ 3115369.780360562261194, 1663235.211129939649254 ], [ 3115361.705770384520292, 1663236.1034407063853 ], [ 3115345.532013460062444, 1663237.893128687981516 ], [ 3115339.110828397795558, 1663237.527330793440342 ], [ 3115314.849354000762105, 1663236.145130844786763 ], [ 3115314.100837615318596, 1663236.102448297431692 ], [ 3115270.974702588748187, 1663233.645482436055318 ], [ 3115267.311826007440686, 1663233.51402587397024 ], [ 3115264.587831856682897, 1663233.415107565699145 ], [ 3115264.52143131615594, 1663233.412978653097525 ], [ 3115263.366543235257268, 1663233.372018565423787 ], [ 3115262.822661640588194, 1663233.352641199482605 ], [ 3115260.646897722035646, 1663233.275576487649232 ], [ 3115255.411266245879233, 1663233.087601915933192 ], [ 3115245.506406818516552, 1663232.731170201906934 ], [ 3115236.171097599901259, 1663232.395527691114694 ], [ 3115235.976930599659681, 1663232.388774290680885 ], [ 3115227.972949041984975, 1663235.159083331236616 ], [ 3115223.875156950205564, 1663236.57660766155459 ], [ 3115221.388998998329043, 1663237.437568994937465 ], [ 3115219.362255319021642, 1663238.138714440865442 ], [ 3115211.194747942034155, 1663240.964266274590045 ], [ 3115182.357088812626898, 1663251.249128601979464 ], [ 3115175.46936748130247, 1663253.705906715011224 ], [ 3115132.495265575125813, 1663264.791497477330267 ], [ 3115127.035858228802681, 1663260.747486913343892 ], [ 3115117.461734250187874, 1663253.657110691769049 ], [ 3115104.266205912455916, 1663243.077036226633936 ], [ 3115103.078871627338231, 1663241.13526641135104 ], [ 3115098.0595592870377, 1663232.926802049856633 ], [ 3115092.031556324567646, 1663223.066484625916928 ], [ 3115091.689063516445458, 1663222.506188787519932 ], [ 3115090.739525241777301, 1663220.953059463528916 ], [ 3115088.038261165842414, 1663212.84535342711024 ], [ 3115079.276260680519044, 1663202.758524009725079 ], [ 3115078.40273161046207, 1663202.678561752429232 ], [ 3115067.976239357143641, 1663201.722767932107672 ], [ 3115063.078318656422198, 1663201.273988703731447 ], [ 3115056.561827248893678, 1663203.846328858751804 ], [ 3115049.425017373636365, 1663206.66424752259627 ], [ 3115045.415909519884735, 1663212.133955071214586 ], [ 3115038.628611121326685, 1663221.395913137122989 ], [ 3115038.578548326157033, 1663221.680917046032846 ], [ 3115038.220772648230195, 1663223.720597159583122 ], [ 3115035.606877920217812, 1663238.619218812556937 ], [ 3115035.480655535589904, 1663239.338420645566657 ], [ 3115034.748921720311046, 1663243.50785325653851 ], [ 3115027.091491549275815, 1663246.063875452149659 ], [ 3115005.192106438800693, 1663253.373845845926553 ], [ 3114989.248177743982524, 1663258.696781751234084 ], [ 3114976.952644020318985, 1663258.80089511605911 ], [ 3114963.192434805445373, 1663258.918888926040381 ], [ 3114951.741935263387859, 1663257.869063666788861 ], [ 3114946.995529353152961, 1663257.433730004122481 ], [ 3114945.191307979635894, 1663254.906919879838824 ], [ 3114943.311591110192239, 1663252.271703368751332 ], [ 3114943.30843200488016, 1663252.272351013263687 ], [ 3114936.117242718115449, 1663253.283172354567796 ], [ 3114924.559720783494413, 1663254.909948356449604 ], [ 3114906.372383834328502, 1663257.47007253440097 ], [ 3114896.497204449493438, 1663258.859467496629804 ], [ 3114891.214885033201426, 1663259.369421206880361 ], [ 3114886.939904732629657, 1663259.782113641733304 ], [ 3114881.796952288597822, 1663260.27864273567684 ], [ 3114848.607583405449986, 1663263.480081870686263 ], [ 3114836.311033789534122, 1663264.667386081069708 ], [ 3114827.150312168523669, 1663265.551478132139891 ], [ 3114820.776456186547875, 1663266.16601578425616 ], [ 3114815.772692355327308, 1663267.332292484352365 ], [ 3114795.584056615829468, 1663272.039456287398934 ], [ 3114791.37810592353344, 1663274.77866518846713 ], [ 3114784.313435387331992, 1663279.379723141202703 ], [ 3114774.486799455247819, 1663285.779477109434083 ], [ 3114751.067253510467708, 1663321.187167280819267 ], [ 3114750.936969518195838, 1663321.38415713631548 ], [ 3114750.934864844195545, 1663321.387043686350808 ], [ 3114747.769210033118725, 1663325.756297184620053 ], [ 3114745.375537228770554, 1663329.060007724678144 ], [ 3114737.770796027965844, 1663339.554180789506063 ], [ 3114709.532414715737104, 1663344.442240685923025 ], [ 3114703.553778126835823, 1663346.573400934925303 ], [ 3114703.471518320962787, 1663346.602772062178701 ], [ 3114702.658028278965503, 1663346.892788176890463 ], [ 3114677.583949055988342, 1663355.832226001657546 ], [ 3114677.238368501886725, 1663355.955398736288771 ], [ 3114671.03055858425796, 1663358.168605713173747 ], [ 3114663.934649741277099, 1663361.848524456610903 ], [ 3114663.4790646629408, 1663362.084767580032349 ], [ 3114660.068839572370052, 1663363.853218432050198 ], [ 3114659.581264367792755, 1663364.105995637364686 ], [ 3114658.176218441687524, 1663364.834670289885253 ], [ 3114646.173959495034069, 1663371.058660130714998 ], [ 3114644.143885255791247, 1663372.11142336926423 ], [ 3114637.449857033789158, 1663375.582763739395887 ], [ 3114608.24126122193411, 1663387.188203741330653 ], [ 3114599.203812184743583, 1663390.779334273422137 ], [ 3114593.396088687703013, 1663392.849559844937176 ], [ 3114588.565928244497627, 1663394.572110309265554 ], [ 3114588.563027553260326, 1663394.573116828687489 ], [ 3114581.7057572780177, 1663397.016999845160171 ], [ 3114575.819479335099459, 1663399.114849512698129 ], [ 3114572.121679784730077, 1663405.112912383396178 ], [ 3114568.857227722648531, 1663410.408225214341655 ], [ 3114561.332049710210413, 1663427.602308598579839 ], [ 3114561.17070072889328, 1663427.713168255984783 ], [ 3114560.832424920517951, 1663427.945554268313572 ], [ 3114560.821912435814738, 1663427.952721057226881 ], [ 3114560.319804565515369, 1663428.297708101570606 ], [ 3114558.237673583440483, 1663428.803981281118467 ], [ 3114549.740977725014091, 1663430.869886841392145 ], [ 3114515.322223159484565, 1663432.79120591818355 ], [ 3114504.291230203583837, 1663432.624574337387457 ], [ 3114502.885940468870103, 1663432.603273246670142 ], [ 3114499.692594652529806, 1663432.554281017743051 ], [ 3114496.675189255271107, 1663432.508029484422877 ], [ 3114496.619059187360108, 1663432.507151236059144 ], [ 3114487.738224328961223, 1663432.370616116560996 ], [ 3114487.195378107018769, 1663432.362675212789327 ], [ 3114478.356415004003793, 1663428.896742802113295 ], [ 3114477.955726987682283, 1663428.739595429273322 ], [ 3114455.959315363317728, 1663420.114447249332443 ], [ 3114454.769606582354754, 1663419.414466963149607 ], [ 3114447.304520164616406, 1663415.022358643589541 ], [ 3114442.048261080868542, 1663411.929790395777673 ], [ 3114433.738819343503565, 1663405.751257268944755 ], [ 3114433.260385241825134, 1663405.395594417117536 ], [ 3114424.713638198561966, 1663399.040414247661829 ], [ 3114414.562980775721371, 1663389.446486141299829 ], [ 3114405.490458027459681, 1663385.124778107041493 ], [ 3114400.266987303737551, 1663382.636529547860846 ], [ 3114395.143556588795036, 1663380.196040822425857 ], [ 3114394.521428261417896, 1663380.002866197843105 ], [ 3114374.802236306946725, 1663373.881001037778333 ], [ 3114373.655266470741481, 1663373.35896304436028 ], [ 3114360.536756355315447, 1663367.384997811866924 ], [ 3114341.089542459696531, 1663358.52943561039865 ], [ 3114333.598161422647536, 1663354.769444694044068 ], [ 3114332.687202430795878, 1663354.312189954565838 ], [ 3114331.56488013220951, 1663353.748859781073406 ], [ 3114320.852281829342246, 1663348.372627529781312 ], [ 3114320.174402237869799, 1663348.032318872399628 ], [ 3114319.821911685168743, 1663347.855429830029607 ], [ 3114319.796433062292635, 1663347.842587518272921 ], [ 3114319.790203229524195, 1663347.839125728001818 ], [ 3114319.41639338620007, 1663347.6512976156082 ], [ 3114317.190652096178383, 1663346.240282560931519 ], [ 3114310.988406149670482, 1663342.312244928441942 ], [ 3114303.87168843485415, 1663337.802557745482773 ], [ 3114286.021743852179497, 1663316.304691924480721 ], [ 3114285.875430768821388, 1663316.128537366865203 ], [ 3114267.895586635451764, 1663298.809386843349785 ], [ 3114267.688520411960781, 1663298.744135195156559 ], [ 3114267.466288891620934, 1663298.674244355875999 ], [ 3114261.081917682196945, 1663296.665215359302238 ], [ 3114258.069629360921681, 1663295.718044166453183 ], [ 3114238.921458112075925, 1663288.055870573269203 ], [ 3114230.350504157599062, 1663284.626233121147379 ], [ 3114229.330401939339936, 1663284.327708184486255 ], [ 3114225.486594676971436, 1663283.202928876737133 ], [ 3114220.661236178595573, 1663281.789397639920935 ], [ 3114213.565921079367399, 1663279.712347920518368 ], [ 3114205.845043376088142, 1663277.64773370581679 ], [ 3114194.096125660464168, 1663274.507991428952664 ], [ 3114189.485257572960109, 1663273.967377788387239 ], [ 3114184.078682659193873, 1663273.334363827947527 ], [ 3114178.449246539734304, 1663272.675356246996671 ], [ 3114162.276089075021446, 1663265.596767885377631 ], [ 3114159.868045085575432, 1663264.542187780607492 ], [ 3114149.392805267125368, 1663248.447071873350069 ], [ 3114145.853900766931474, 1663246.500427892198786 ], [ 3114144.049030461348593, 1663245.507509412476793 ], [ 3114141.370471505448222, 1663244.034040481550619 ], [ 3114140.032429889775813, 1663243.31141839409247 ], [ 3114138.701159073039889, 1663242.592467147158459 ], [ 3114134.140532460995018, 1663240.129253042396158 ], [ 3114129.911779656074941, 1663237.846596364863217 ], [ 3114128.991297358181328, 1663237.349629269680008 ], [ 3114127.95294333435595, 1663237.364406546810642 ], [ 3114115.936638600192964, 1663237.534708295715973 ], [ 3114108.355228845030069, 1663237.642378830350935 ], [ 3114101.056733711156994, 1663240.4879030873999 ], [ 3114100.814378303941339, 1663240.582317569991574 ], [ 3114098.126023604534566, 1663241.629907652037218 ], [ 3114094.93779637478292, 1663242.872381829656661 ], [ 3114093.221436559222639, 1663243.541162624489516 ], [ 3114093.21819329354912, 1663243.541925805155188 ], [ 3114091.732963210903108, 1663243.454470355063677 ], [ 3114085.267526037059724, 1663243.07205133093521 ], [ 3114079.094090955797583, 1663242.707694893702865 ], [ 3114062.983357877470553, 1663234.675410770811141 ], [ 3114061.997531986329705, 1663234.183904382865876 ], [ 3114059.568965889979154, 1663232.972868964774534 ], [ 3114058.155140096321702, 1663231.726423350628465 ], [ 3114056.176861605141312, 1663229.982322851428762 ], [ 3114049.53890587342903, 1663230.404619145207107 ], [ 3114047.109941216185689, 1663230.559623195556924 ], [ 3114042.762226086109877, 1663230.837208457291126 ], [ 3114035.382732301950455, 1663234.852884053718299 ], [ 3114027.133984913118184, 1663239.343495905864984 ], [ 3114027.129954784177244, 1663239.341772122774273 ], [ 3114018.868020760826766, 1663236.229769923025742 ], [ 3114011.538104283623397, 1663233.468865751754493 ], [ 3113992.11498395120725, 1663226.488612899323925 ], [ 3113980.183146195951849, 1663222.602727536577731 ], [ 3113976.118289282079786, 1663221.277729874942452 ], [ 3113971.561284455470741, 1663219.793362649390474 ], [ 3113967.338638473302126, 1663218.41779103805311 ], [ 3113957.31138270907104, 1663213.061246213503182 ], [ 3113953.441926835104823, 1663210.994067439809442 ], [ 3113937.02949061524123, 1663202.225189629942179 ], [ 3113918.812060142401606, 1663191.018564403988421 ], [ 3113914.310677946545184, 1663188.249811022309586 ], [ 3113914.308349053841084, 1663188.247893654042855 ], [ 3113913.846144061535597, 1663187.754434835165739 ], [ 3113912.04787133494392, 1663185.835613236995414 ], [ 3113897.434724495746195, 1663170.237396460259333 ], [ 3113893.691443982534111, 1663165.10630137915723 ], [ 3113892.693540918640792, 1663163.738629240076989 ], [ 3113889.594402940012515, 1663159.490519648650661 ], [ 3113885.737251292914152, 1663154.202375006629154 ], [ 3113885.368746904656291, 1663153.697135986294597 ], [ 3113881.097847798839211, 1663147.841465019155294 ], [ 3113879.232502907048911, 1663144.318679987452924 ], [ 3113878.611801017075777, 1663143.145711175864562 ], [ 3113877.71452899184078, 1663141.4514885104727 ], [ 3113874.803502069786191, 1663135.959212094312534 ], [ 3113870.327588221058249, 1663127.510505607351661 ], [ 3113862.869587851688266, 1663113.667583615751937 ], [ 3113857.507422829512507, 1663105.443723441101611 ], [ 3113854.147859589196742, 1663100.291208643931895 ], [ 3113851.196192961651832, 1663095.763934461865574 ], [ 3113850.911813775077462, 1663095.014101062202826 ], [ 3113844.912681974470615, 1663079.194314974360168 ], [ 3113837.668756833299994, 1663063.908422674750909 ], [ 3113837.212129899300635, 1663062.94525784952566 ], [ 3113836.841918161604553, 1663062.163368100067601 ], [ 3113834.394719683565199, 1663057.001737881451845 ], [ 3113833.353529083076864, 1663054.804868662031367 ], [ 3113832.935606677550822, 1663053.923183161066845 ], [ 3113832.42886019917205, 1663052.853778987657279 ], [ 3113832.320214569568634, 1663052.60290315351449 ], [ 3113832.279998106881976, 1663052.510184033773839 ], [ 3113832.141598566435277, 1663052.191110639600083 ], [ 3113822.261575218290091, 1663029.392129471991211 ], [ 3113810.409327258355916, 1663008.236959965433925 ], [ 3113800.786088591441512, 1662999.212125585181639 ], [ 3113798.524449762422591, 1662997.091025018831715 ], [ 3113790.65750839188695, 1662989.712704486446455 ], [ 3113790.100590551272035, 1662989.293756057042629 ], [ 3113788.496156190522015, 1662988.08586462913081 ], [ 3113787.740882712416351, 1662987.517327420413494 ], [ 3113787.662089752033353, 1662987.458022339269519 ], [ 3113786.8278191043064, 1662986.829509181668982 ], [ 3113782.507832138799131, 1662983.574956036871299 ], [ 3113779.458449110388756, 1662981.277556032175198 ], [ 3113778.068084231577814, 1662980.230153994401917 ], [ 3113773.377385779749602, 1662976.697348297107965 ], [ 3113770.237135428003967, 1662974.332241386640817 ], [ 3113761.146234176587313, 1662974.594430684344843 ], [ 3113753.778321655467153, 1662974.806860093260184 ], [ 3113738.751111577730626, 1662975.241706684231758 ], [ 3113723.049492223653942, 1662973.502060676924884 ], [ 3113719.288366332650185, 1662973.085702762473375 ], [ 3113716.262418816797435, 1662972.750724843237549 ], [ 3113715.912248382344842, 1662972.711761645972729 ], [ 3113715.521485004108399, 1662972.668323728023097 ], [ 3113715.515888678375632, 1662972.667678224621341 ], [ 3113711.20986309973523, 1662972.190576532157138 ], [ 3113696.400682451203465, 1662967.694668008945882 ], [ 3113686.02271942794323, 1662964.544054131489247 ], [ 3113684.754255285486579, 1662964.15919360681437 ], [ 3113684.486752775963396, 1662964.116211245767772 ], [ 3113680.620460642501712, 1662963.493780706077814 ], [ 3113680.075820022728294, 1662963.4060537382029 ], [ 3113667.40072276070714, 1662961.362160163465887 ], [ 3113666.080314402468503, 1662961.1512496676296 ], [ 3113665.980005659162998, 1662961.134411672828719 ], [ 3113664.749862008728087, 1662960.937235141871497 ], [ 3113652.26797494199127, 1662958.93718355265446 ], [ 3113652.246866717934608, 1662958.656828181585297 ], [ 3113652.238029319792986, 1662958.538902550935745 ], [ 3113651.902646860573441, 1662954.059267153497785 ], [ 3113651.60982128418982, 1662950.162580746691674 ], [ 3113651.588252147659659, 1662949.874536552233621 ], [ 3113651.315103000961244, 1662946.23948593554087 ], [ 3113661.086457417346537, 1662942.200448773568496 ], [ 3113662.993933335877955, 1662941.411699136253446 ], [ 3113670.094530475325882, 1662938.476864337222651 ], [ 3113675.467647925950587, 1662936.256036384962499 ], [ 3113679.242042999714613, 1662934.690301883267239 ], [ 3113680.101342345587909, 1662934.334219541633502 ], [ 3113683.752064415253699, 1662932.819354603998363 ], [ 3113683.759346972219646, 1662932.819708204828203 ], [ 3113702.167782047763467, 1662933.844094493892044 ], [ 3113702.276728693861514, 1662933.850155337247998 ], [ 3113705.736941860057414, 1662934.042664228007197 ], [ 3113708.177822068333626, 1662934.283191330498084 ], [ 3113709.451769871171564, 1662934.409830601420254 ], [ 3113716.4063501926139, 1662935.094638708746061 ], [ 3113723.485679581295699, 1662935.791652042418718 ], [ 3113730.804852848872542, 1662936.512526146601886 ], [ 3113733.574371609836817, 1662936.333461586851627 ], [ 3113749.392527084797621, 1662935.312129180878401 ], [ 3113754.673244760371745, 1662930.076736864168197 ], [ 3113755.041907689068466, 1662929.711254650959745 ], [ 3113761.413544826209545, 1662923.394738640636206 ], [ 3113770.076091419905424, 1662911.405751857208088 ], [ 3113770.32051598560065, 1662911.067426033318043 ], [ 3113770.345777804031968, 1662911.033491971436888 ], [ 3113775.45834086323157, 1662904.360255486797541 ], [ 3113781.512289459817111, 1662896.458652283297852 ], [ 3113782.103625888004899, 1662895.97118811449036 ], [ 3113794.682988229673356, 1662885.603211010806262 ], [ 3113803.661553426645696, 1662871.689118379261345 ], [ 3113803.704237811267376, 1662871.611912898952141 ], [ 3113804.934279032051563, 1662869.386513137957081 ], [ 3113805.398996193427593, 1662868.545753475278616 ], [ 3113805.426287730224431, 1662868.496435333043337 ], [ 3113810.443208643235266, 1662859.416966133285314 ], [ 3113823.581620556302369, 1662848.56733796140179 ], [ 3113823.584212012588978, 1662848.564972452120855 ], [ 3113827.226099204272032, 1662845.12120670452714 ], [ 3113837.622152815572917, 1662835.290904823690653 ], [ 3113849.673414358403534, 1662817.314775548409671 ], [ 3113856.575869076885283, 1662797.706327748019248 ], [ 3113866.763756503351033, 1662783.583249006886035 ], [ 3113882.816159575246274, 1662767.435621707467362 ], [ 3113889.844494751188904, 1662753.029344107955694 ], [ 3113893.164517832919955, 1662746.224130817921832 ], [ 3113895.178558688145131, 1662742.142033376498148 ], [ 3113895.598353984765708, 1662741.291094624437392 ], [ 3113895.600056075491011, 1662741.287571485852823 ], [ 3113900.005159487947822, 1662732.364390255417675 ], [ 3113904.463507971726358, 1662723.333121477859095 ], [ 3113905.760463082231581, 1662720.214665917679667 ], [ 3113909.886316294781864, 1662710.287030583014712 ], [ 3113913.631718790158629, 1662702.179140023188666 ], [ 3113915.458658856339753, 1662698.223262535408139 ], [ 3113918.799255666788667, 1662687.812088076490909 ], [ 3113918.799995862878859, 1662687.808933228254318 ], [ 3113914.763033465482295, 1662677.409723167540506 ], [ 3113908.690542679745704, 1662670.138769578421488 ], [ 3113895.659320163540542, 1662657.512734096730128 ], [ 3113896.921105535700917, 1662641.402904115617275 ], [ 3113897.170802058652043, 1662640.550134264631197 ], [ 3113897.877349742688239, 1662638.132667267462239 ], [ 3113897.905254592187703, 1662638.037337942514569 ], [ 3113899.095869255717844, 1662633.963999604107812 ], [ 3113897.882307637482882, 1662619.544995972653851 ], [ 3113897.880454010330141, 1662617.590456555364653 ], [ 3113897.880406930111349, 1662617.528114187531173 ], [ 3113897.877644218504429, 1662614.586414787219837 ], [ 3113897.870137475430965, 1662599.873195685446262 ], [ 3113893.622233600355685, 1662584.970827674493194 ], [ 3113893.582981730811298, 1662584.625614164862782 ], [ 3113893.543588149361312, 1662584.282140323193744 ], [ 3113892.694374634884298, 1662576.87736202776432 ], [ 3113890.644811392761767, 1662559.003497195662931 ], [ 3113890.941792723722756, 1662555.88975428417325 ], [ 3113891.532580032013357, 1662549.693489315221086 ], [ 3113891.794941424857825, 1662546.945919282967225 ], [ 3113892.16238185018301, 1662543.101134354248643 ], [ 3113892.580750722438097, 1662541.809250144287944 ], [ 3113893.011991442646831, 1662540.476294982945547 ], [ 3113893.658873446285725, 1662538.477665801998228 ], [ 3113893.659757851622999, 1662538.474788669496775 ], [ 3113894.059531062841415, 1662537.240503517678007 ], [ 3113895.07774225063622, 1662534.096050458494574 ], [ 3113895.0955920512788, 1662534.04090112214908 ], [ 3113897.524994554929435, 1662526.535230895504355 ], [ 3113902.048817998729646, 1662520.400025269482285 ], [ 3113902.426364121492952, 1662519.88792966818437 ], [ 3113902.42777448752895, 1662519.885163270169869 ], [ 3113909.622971152421087, 1662516.128233765484765 ], [ 3113916.159884514287114, 1662512.71568644605577 ], [ 3113921.57294833753258, 1662502.949870940996334 ], [ 3113929.900836477521807, 1662492.680828901473433 ], [ 3113937.235316729638726, 1662482.583644024096429 ], [ 3113937.578721802216023, 1662481.358916063327342 ], [ 3113938.686874929815531, 1662477.403578996425495 ], [ 3113939.979955307208002, 1662472.786776001565158 ], [ 3113940.42808841727674, 1662471.186263320501894 ], [ 3113940.46593950688839, 1662469.649907580576837 ], [ 3113940.535116504877806, 1662466.853958717314526 ], [ 3113940.547322304919362, 1662466.347594846505672 ], [ 3113940.836257603019476, 1662454.467456060927361 ], [ 3113936.075585362501442, 1662442.891747937072068 ], [ 3113932.993562332354486, 1662435.397568745771423 ], [ 3113932.992829686030746, 1662435.394769737031311 ], [ 3113932.759338187985122, 1662426.376022374955937 ], [ 3113932.656734020449221, 1662422.414559083990753 ], [ 3113932.623076450079679, 1662421.118090065894648 ], [ 3113932.589504708535969, 1662419.826852517202497 ], [ 3113942.59046929795295, 1662414.059622367843986 ], [ 3113944.178692671470344, 1662409.963684904854745 ], [ 3113944.303701100405306, 1662409.641393054509535 ], [ 3113945.421895194333047, 1662406.759714404819533 ], [ 3113945.423663154244423, 1662406.757289682980627 ], [ 3113952.509553604293615, 1662401.496965652797371 ], [ 3113952.663082858547568, 1662401.346194592537358 ], [ 3113955.940459433943033, 1662398.127400466008112 ], [ 3113958.207523426041007, 1662396.678058887831867 ], [ 3113964.932216216810048, 1662392.376469935290515 ], [ 3113966.751618826761842, 1662391.212652289075777 ], [ 3113966.636696592904627, 1662391.079392758896574 ], [ 3113966.236366296187043, 1662390.615077335620299 ], [ 3113965.93810694757849, 1662390.269195412984118 ], [ 3113965.079160477034748, 1662389.272866892861202 ], [ 3113964.066305334214121, 1662388.097967661451548 ], [ 3113963.438381110318005, 1662387.369871276430786 ], [ 3113963.156097943894565, 1662387.042612804565579 ], [ 3113961.876316036097705, 1662386.133353464771062 ], [ 3113953.334799334406853, 1662380.065626107621938 ], [ 3113953.319269014522433, 1662380.054593191249296 ], [ 3113953.165201120544225, 1662379.944352907827124 ], [ 3113952.542965431697667, 1662379.049408148042858 ], [ 3113952.514401473104954, 1662379.008346316870302 ], [ 3113951.288462680298835, 1662377.242489398922771 ], [ 3113943.851878497749567, 1662368.947942284401506 ], [ 3113943.849642986431718, 1662368.945302524603903 ], [ 3113943.087476525921375, 1662358.578568486031145 ], [ 3113942.695537013467401, 1662353.255027352832258 ], [ 3113943.508321360684931, 1662351.138602759223431 ], [ 3113944.428078101482242, 1662348.74447459098883 ], [ 3113944.785295883193612, 1662347.813673485536128 ], [ 3113948.00263008615002, 1662339.442006065277383 ], [ 3113949.754329209215939, 1662334.881527240620926 ], [ 3113951.941804561764002, 1662308.775843155337498 ], [ 3113951.31387290591374, 1662302.701870806748047 ], [ 3113950.319476800970733, 1662293.097515780245885 ], [ 3113949.325825893320143, 1662283.500700496369973 ], [ 3113948.487784806638956, 1662280.860277502331883 ], [ 3113946.874772183597088, 1662275.777862336020917 ], [ 3113944.545461103785783, 1662268.438421446830034 ], [ 3113941.807569976896048, 1662250.501259221462533 ], [ 3113945.180392081383616, 1662240.081050746841356 ], [ 3113946.045508508570492, 1662238.889815749134868 ], [ 3113949.337845738977194, 1662234.356767394347116 ], [ 3113952.30615723785013, 1662230.270251300884411 ], [ 3113965.468389129266143, 1662222.591025354573503 ], [ 3113966.267618740908802, 1662222.124792562564835 ], [ 3113966.775446563027799, 1662221.82855376903899 ], [ 3113967.058728798292577, 1662221.66339549026452 ], [ 3113969.206133504398167, 1662215.775121704442427 ], [ 3113970.467331073246896, 1662212.316730092046782 ], [ 3113972.147715774364769, 1662207.710493328981102 ], [ 3113972.263451895676553, 1662207.394145892001688 ], [ 3113985.244399425573647, 1662195.310472450917587 ], [ 3113985.251615467481315, 1662195.154962309170514 ], [ 3113985.264029764570296, 1662194.881418886361644 ], [ 3113985.284220317844301, 1662194.448030968895182 ], [ 3113985.448830015026033, 1662190.919758677482605 ], [ 3113985.825061469338834, 1662182.85243064770475 ], [ 3113986.605174921452999, 1662181.007514016935602 ], [ 3113993.071385409217328, 1662165.706450720783323 ], [ 3113993.196627518162131, 1662158.112563322531059 ], [ 3113993.235842391382903, 1662155.734554604627192 ], [ 3113993.241787694394588, 1662155.375264640897512 ], [ 3113993.313463799655437, 1662151.035276663023978 ], [ 3113983.465629007667303, 1662149.036157873924822 ], [ 3113982.42326832190156, 1662148.824621682055295 ], [ 3113980.574334231205285, 1662148.449520311085507 ], [ 3113977.397447982802987, 1662148.635294765001163 ], [ 3113975.469755109399557, 1662148.748110593762249 ], [ 3113973.461235592141747, 1662148.866341162938625 ], [ 3113971.047576704062521, 1662149.00838891020976 ], [ 3113969.536219438537955, 1662149.097366985399276 ], [ 3113953.816972931846976, 1662150.564860253827646 ], [ 3113953.726337966974825, 1662150.573385124094784 ], [ 3113948.219947835896164, 1662152.513902753125876 ], [ 3113942.942932739388198, 1662154.373656405834481 ], [ 3113940.849978323560208, 1662155.112046832451597 ], [ 3113939.657478502951562, 1662155.53244611620903 ], [ 3113929.176652210764587, 1662159.615506304893643 ], [ 3113919.390451662242413, 1662163.67297151661478 ], [ 3113918.732406994327903, 1662163.945574030280113 ], [ 3113910.831990165635943, 1662167.198711637174711 ], [ 3113908.165572624653578, 1662168.296259809983894 ], [ 3113901.152977178804576, 1662168.611760318744928 ], [ 3113900.717250661924481, 1662168.631288131698966 ], [ 3113900.298220759723336, 1662168.650145485298708 ], [ 3113899.282960652839392, 1662168.998401750577614 ], [ 3113882.490954663604498, 1662174.759970307582989 ], [ 3113870.230944074224681, 1662178.647373670944944 ], [ 3113866.2597298277542, 1662180.492178778164089 ], [ 3113859.072245448827744, 1662183.830971964402124 ], [ 3113856.385691400617361, 1662185.079411438433453 ], [ 3113852.176932908128947, 1662189.306192743359134 ], [ 3113849.824342219159007, 1662191.668767535826191 ], [ 3113846.978484983555973, 1662194.52704520104453 ], [ 3113846.561918374150991, 1662194.823530609020963 ], [ 3113846.140668069943786, 1662195.12334899767302 ], [ 3113841.283044520299882, 1662198.58086829748936 ], [ 3113838.081854315474629, 1662200.859394696075469 ], [ 3113833.462630702182651, 1662203.358052500989288 ], [ 3113833.348636870272458, 1662203.419653743505478 ], [ 3113829.853702198714018, 1662205.311162980739027 ], [ 3113829.743435448501259, 1662205.406522702425718 ], [ 3113823.738797475583851, 1662210.569688296644017 ], [ 3113822.87790756020695, 1662211.310325300553814 ], [ 3113811.764768791384995, 1662216.261376947397366 ], [ 3113804.777534042485058, 1662220.462540407665074 ], [ 3113802.751222976483405, 1662221.680237780790776 ], [ 3113798.214782159775496, 1662224.406407309928909 ], [ 3113795.608376951888204, 1662226.113248069304973 ], [ 3113795.010532854124904, 1662226.504774745553732 ], [ 3113790.875978950411081, 1662229.2084963938687 ], [ 3113790.738789182156324, 1662229.298225781880319 ], [ 3113785.630004037171602, 1662232.639018545625731 ], [ 3113785.549967067316175, 1662232.693632399197668 ], [ 3113779.180333931930363, 1662237.07362052006647 ], [ 3113779.100807936862111, 1662237.12824684730731 ], [ 3113773.047172809019685, 1662241.290600459324196 ], [ 3113770.941631103865802, 1662242.737618104787543 ], [ 3113770.427610075101256, 1662243.091330213937908 ], [ 3113769.421988249756396, 1662243.817573937820271 ], [ 3113769.405667442828417, 1662243.829378274502233 ], [ 3113767.438184964936227, 1662245.252397686708719 ], [ 3113765.077719623222947, 1662246.959649822674692 ], [ 3113756.487842557951808, 1662253.17244735523127 ], [ 3113756.215171822346747, 1662253.369771047960967 ], [ 3113756.212718700058758, 1662253.371709037572145 ], [ 3113746.229228131473064, 1662262.449398618889973 ], [ 3113744.539496722631156, 1662263.98586765001528 ], [ 3113743.194951030425727, 1662265.208442653529346 ], [ 3113738.832239999435842, 1662270.12343634548597 ], [ 3113738.586999281775206, 1662270.399751291144639 ], [ 3113733.894721175543964, 1662275.686269539874047 ], [ 3113729.70376411639154, 1662280.407790066674352 ], [ 3113719.897138936445117, 1662293.707313790917397 ], [ 3113715.347053960897028, 1662298.926850179443136 ], [ 3113715.300608708523214, 1662298.980088791577145 ], [ 3113709.797913242131472, 1662305.292514394503087 ], [ 3113706.505956117995083, 1662307.956839472288266 ], [ 3113700.809351664967835, 1662312.567213305272162 ], [ 3113700.586351304780692, 1662312.747767724562436 ], [ 3113697.508734286297113, 1662315.239495954243466 ], [ 3113691.926516618579626, 1662316.79911722172983 ], [ 3113691.47284681443125, 1662316.925873359665275 ], [ 3113690.161148707848042, 1662317.292359705548733 ], [ 3113690.148800677619874, 1662317.295506059890613 ], [ 3113688.017753818072379, 1662317.89099165587686 ], [ 3113687.395818432793021, 1662317.927218503551558 ], [ 3113686.730709219351411, 1662317.966076030163094 ], [ 3113682.603240764699876, 1662318.207366776652634 ], [ 3113679.219249008223414, 1662318.405617700889707 ], [ 3113675.877884176094085, 1662316.762601981405169 ], [ 3113675.134451412595809, 1662316.3970279074274 ], [ 3113674.828470600768924, 1662316.246698942966759 ], [ 3113674.072743258439004, 1662315.875282738357782 ], [ 3113670.395969875156879, 1662314.06856952374801 ], [ 3113669.854451614432037, 1662313.802531080786139 ], [ 3113668.729164263233542, 1662313.249114966019988 ], [ 3113668.655643516220152, 1662313.213010442210361 ], [ 3113668.650808213278651, 1662313.21001360216178 ], [ 3113667.455663486383855, 1662312.622482022736222 ], [ 3113665.798612135462463, 1662311.339966454310343 ], [ 3113656.271631438750774, 1662303.964638024335727 ], [ 3113646.48443506564945, 1662296.138478471897542 ], [ 3113646.160070247016847, 1662295.879040813073516 ], [ 3113644.889357963576913, 1662294.578279471024871 ], [ 3113642.240852924063802, 1662291.866859025554731 ], [ 3113637.940375365316868, 1662287.463942853035405 ], [ 3113632.84486120287329, 1662284.647337383357808 ], [ 3113628.525116036646068, 1662282.259414765518159 ], [ 3113627.168577616102993, 1662281.50964323268272 ], [ 3113622.330888345837593, 1662279.587801273912191 ], [ 3113620.813981070183218, 1662278.985345505876467 ], [ 3113620.718591729179025, 1662278.947376706637442 ], [ 3113619.758440981153399, 1662278.566047820495442 ], [ 3113619.754966822452843, 1662278.564631391316652 ], [ 3113618.768348122015595, 1662278.172649715328589 ], [ 3113614.876229485031217, 1662278.594460980966687 ], [ 3113613.799659850075841, 1662278.7111024572514 ], [ 3113610.975178002379835, 1662279.017112793400884 ], [ 3113610.884534729178995, 1662278.840808589477092 ], [ 3113610.85501323454082, 1662278.783467563567683 ], [ 3113610.828808302525431, 1662278.732513879658654 ], [ 3113610.765766937285662, 1662278.609645581571385 ], [ 3113609.2062156368047, 1662275.573221656028181 ], [ 3113608.209005591925234, 1662273.62966130534187 ], [ 3113606.228437008801848, 1662269.771923555294052 ], [ 3113605.337127867154777, 1662268.035925631411374 ], [ 3113603.958629275672138, 1662265.351242923876271 ], [ 3113599.131249873898923, 1662260.83674911595881 ], [ 3113598.999180987011641, 1662260.713218384189531 ], [ 3113596.060436994768679, 1662257.965276406612247 ], [ 3113595.310852777212858, 1662257.263895036187023 ], [ 3113596.356888063717633, 1662249.226071396842599 ], [ 3113596.452775094658136, 1662248.489518050570041 ], [ 3113599.110702492296696, 1662241.723158714361489 ], [ 3113603.968881081324071, 1662224.992340171476826 ], [ 3113604.371740735601634, 1662224.441961798584089 ], [ 3113607.461347018834203, 1662220.225043779471889 ], [ 3113607.560511970426887, 1662220.089634435484186 ], [ 3113609.30906673707068, 1662217.701851733261719 ], [ 3113610.104391993954778, 1662216.615707634715363 ], [ 3113623.003423504531384, 1662212.113128675846383 ], [ 3113626.682685608044267, 1662203.908952042227611 ], [ 3113628.42450167844072, 1662200.239616355625913 ], [ 3113629.074768801219761, 1662198.869454548694193 ], [ 3113630.719163186382502, 1662195.405648327432573 ], [ 3113632.2916892869398, 1662192.091998382471502 ], [ 3113633.875070098321885, 1662184.060648237355053 ], [ 3113634.079692411702126, 1662183.022578640142456 ], [ 3113635.071840505115688, 1662177.990237982943654 ], [ 3113637.035358494147658, 1662174.733507979428396 ], [ 3113637.208830549381673, 1662174.445906554348767 ], [ 3113639.997533154673874, 1662169.823040497722104 ], [ 3113640.388827646151185, 1662169.047459951136261 ], [ 3113643.326327722519636, 1662163.224876904394478 ], [ 3113644.036329022608697, 1662161.815824360353872 ], [ 3113644.735546631738544, 1662160.427505043335259 ], [ 3113645.970953576266766, 1662155.648162956582382 ], [ 3113647.056092747487128, 1662151.45053699077107 ], [ 3113647.778365944512188, 1662141.592817137017846 ], [ 3113647.818467920646071, 1662141.046414593001828 ], [ 3113647.824127109721303, 1662140.968758297618479 ], [ 3113647.861176053993404, 1662140.465056419605389 ], [ 3113647.735642533749342, 1662136.710156665882096 ], [ 3113647.685450070537627, 1662135.206599122146145 ], [ 3113647.685175971593708, 1662135.197465541074052 ], [ 3113647.676259931176901, 1662134.896236885804683 ], [ 3113647.618213287554681, 1662133.156442099949345 ], [ 3113647.165274763479829, 1662119.64985717064701 ], [ 3113645.552791645750403, 1662109.084274030989036 ], [ 3113644.588358812499791, 1662104.751205291831866 ], [ 3113644.251700847875327, 1662103.238517270423472 ], [ 3113642.931370645295829, 1662097.305390807101503 ], [ 3113641.607868015766144, 1662091.357478545978665 ], [ 3113641.606624423060566, 1662091.354667101055384 ], [ 3113641.996524009853601, 1662089.117730941157788 ], [ 3113642.005046028178185, 1662089.068837327416986 ], [ 3113642.362492380663753, 1662087.017507229698822 ], [ 3113642.886301341466606, 1662084.008280961075798 ], [ 3113644.235300270840526, 1662076.273575256811455 ], [ 3113644.2360705062747, 1662076.270617002854124 ], [ 3113645.007437545340508, 1662074.289691386977211 ], [ 3113645.019958620890975, 1662074.257660462753847 ], [ 3113647.519274213351309, 1662067.844051769934595 ], [ 3113650.069869035854936, 1662061.300801954697818 ], [ 3113650.455403751693666, 1662060.312029926339164 ], [ 3113652.977520870510489, 1662051.496920070843771 ], [ 3113653.551258888095617, 1662049.491890371544287 ], [ 3113653.932416104711592, 1662048.160244103521109 ], [ 3113653.93591800192371, 1662048.147833767114207 ], [ 3113654.478760221973062, 1662046.24722646176815 ], [ 3113656.983160763978958, 1662039.383275480940938 ], [ 3113658.236120933666825, 1662035.949605043511838 ], [ 3113658.614894720725715, 1662034.911861416185275 ], [ 3113659.683624964207411, 1662031.978817305760458 ], [ 3113661.274681876413524, 1662027.539062333060429 ], [ 3113662.486524811014533, 1662024.154177786083892 ], [ 3113665.752072495408356, 1662015.038168172119185 ], [ 3113668.063564737327397, 1662010.089518880238757 ], [ 3113668.103388510644436, 1662010.004233767278492 ], [ 3113669.469173590652645, 1662007.080305771203712 ], [ 3113670.197724473197013, 1662005.363156621810049 ], [ 3113670.744291517883539, 1662004.073300812859088 ], [ 3113672.791329180821776, 1661999.249729154631495 ], [ 3113676.746319049969316, 1661989.930039661936462 ], [ 3113679.887434173841029, 1661981.15539796766825 ], [ 3113681.944233017507941, 1661975.409819401567802 ], [ 3113683.363987750839442, 1661960.535195736447349 ], [ 3113682.86199296079576, 1661958.889099986758083 ], [ 3113682.053612719289958, 1661956.24082896229811 ], [ 3113681.22032058890909, 1661953.507380665279925 ], [ 3113680.879749777261168, 1661952.38995376159437 ], [ 3113680.460270865820348, 1661950.549385138321668 ], [ 3113679.768942145165056, 1661947.515328184701502 ], [ 3113677.225017989054322, 1661936.344030394917354 ], [ 3113677.173468852415681, 1661936.11767769115977 ], [ 3113677.120537757873535, 1661935.888941066805273 ], [ 3113676.277674120850861, 1661933.331589142559096 ], [ 3113676.265958593226969, 1661933.296186845051125 ], [ 3113676.260705939494073, 1661933.280449199024588 ], [ 3113673.807360525708646, 1661925.837908845860511 ], [ 3113672.558650708757341, 1661922.049628623295575 ], [ 3113672.51089698728174, 1661921.937532785348594 ], [ 3113672.264267655089498, 1661921.358236271189526 ], [ 3113672.243025070056319, 1661921.308441558619961 ], [ 3113671.956541940104216, 1661920.635456214193255 ], [ 3113666.756744724698365, 1661908.424760370049626 ], [ 3113666.345450333319604, 1661908.45761607773602 ], [ 3113666.086654566694051, 1661908.477694852743298 ], [ 3113665.992605435661972, 1661908.485197065165266 ], [ 3113665.624716806225479, 1661908.514272296568379 ], [ 3113656.423554670065641, 1661909.242644688580185 ], [ 3113653.333432876504958, 1661909.48727672197856 ], [ 3113653.330213745590299, 1661909.487531274557114 ], [ 3113639.400715653784573, 1661910.133928860304877 ], [ 3113634.273056483827531, 1661907.955871004611254 ], [ 3113628.854023203253746, 1661905.653811239637434 ], [ 3113620.211195163428783, 1661906.72704184637405 ], [ 3113608.246652201749384, 1661908.212524677161127 ], [ 3113604.679271703120321, 1661906.6976216386538 ], [ 3113604.050788290333003, 1661906.430797695182264 ], [ 3113603.87648606672883, 1661906.356749780476093 ], [ 3113603.64982224162668, 1661906.260489678941667 ], [ 3113603.435888941865414, 1661906.169592697406188 ], [ 3113602.400939853861928, 1661905.729780708905309 ], [ 3113600.114418585784733, 1661904.75831300043501 ], [ 3113597.700120327994227, 1661903.732791495509446 ], [ 3113593.200269471853971, 1661899.10077430261299 ], [ 3113589.161058654077351, 1661894.941999792121351 ], [ 3113584.486643018200994, 1661890.130147551186383 ], [ 3113578.697680975310504, 1661880.519887452013791 ], [ 3113577.882265507243574, 1661879.166348792845383 ], [ 3113577.835370014887303, 1661878.859083937248215 ], [ 3113575.670157579239458, 1661864.66767270443961 ], [ 3113574.702777267899364, 1661850.206165864365175 ], [ 3113573.42805989086628, 1661841.851365417940542 ], [ 3113573.255028206855059, 1661841.480783591046929 ], [ 3113573.082114079035819, 1661841.108970744069666 ], [ 3113572.62678118608892, 1661840.130158198764548 ], [ 3113571.94337055599317, 1661838.660245019011199 ], [ 3113571.89842896675691, 1661838.56390584888868 ], [ 3113569.735324400942773, 1661833.914921717718244 ], [ 3113566.048593138810247, 1661828.880954014370218 ], [ 3113563.504236078355461, 1661825.408260052325204 ], [ 3113563.245980020612478, 1661825.044964754255489 ], [ 3113556.09985782019794, 1661815.03301989287138 ], [ 3113555.654278624802828, 1661814.40896382345818 ], [ 3113555.647525000851601, 1661814.142572499345988 ], [ 3113555.400389884132892, 1661804.615629667183384 ], [ 3113557.533581519499421, 1661794.410002092365175 ], [ 3113557.584258387796581, 1661794.360470383428037 ], [ 3113557.629980598576367, 1661794.315831928048283 ], [ 3113564.993525958154351, 1661787.121889509493485 ], [ 3113565.064319055527449, 1661787.052733317250386 ], [ 3113565.756358068436384, 1661786.309744426747784 ], [ 3113575.758706947322935, 1661775.570554999634624 ], [ 3111144.168977980036288, 1661775.570554999634624 ], [ 3111146.924770158715546, 1661783.021440018434078 ], [ 3111153.076133464928716, 1661796.086283426033333 ], [ 3111160.454653759486973, 1661811.757938625756651 ], [ 3111180.304138679988682, 1661853.918296616757289 ], [ 3111183.730552892200649, 1661858.160174658987671 ], [ 3111197.592719379812479, 1661875.321943941526115 ], [ 3111205.197561031207442, 1661884.737059909850359 ], [ 3111220.161407561041415, 1661903.262700432445854 ], [ 3111228.250837453640997, 1661911.030785730108619 ], [ 3111233.003149317577481, 1661915.594231899827719 ], [ 3111268.668554821051657, 1661949.842435993021354 ], [ 3111270.676429665647447, 1661951.770446736831218 ], [ 3111302.820071894675493, 1661976.21902889572084 ], [ 3111304.929172292817384, 1661978.051825310802087 ], [ 3111332.993243122473359, 1662002.438302145106718 ], [ 3111357.035115966573358, 1662023.329363417578861 ], [ 3111404.046529133804142, 1662061.598022076301277 ], [ 3111432.414998467545956, 1662086.95278578530997 ], [ 3111477.441192326601595, 1662054.688714483054355 ], [ 3111540.458716102875769, 1662024.606098549906164 ], [ 3111578.655504066031426, 1662005.12749590864405 ], [ 3111622.944870701991022, 1661993.674106226302683 ], [ 3111690.300051840953529, 1661966.371949477121234 ], [ 3111823.678435113746673, 1661932.428607021691278 ], [ 3111925.343840449117124, 1661901.455723224906251 ], [ 3111919.103313609026372, 1661854.108430380467325 ], [ 3111903.067397993989289, 1661813.249577766517177 ], [ 3111906.710422459058464, 1661815.645623828750104 ], [ 3111927.233920719474554, 1661830.251993306912482 ], [ 3111961.764850433915854, 1661844.703145545674488 ], [ 3111992.048476221971214, 1661844.251295070163906 ], [ 3112016.014494280330837, 1661834.300176037009805 ], [ 3112041.477134362794459, 1661836.448913263389841 ], [ 3112055.206415450200438, 1661847.187589233275503 ], [ 3112087.71208548778668, 1661873.59170918725431 ], [ 3112104.238433495163918, 1661869.721131020225585 ], [ 3112132.197984590195119, 1661860.087344358908013 ], [ 3112163.831210904754698, 1661852.844247667351738 ], [ 3112184.749897640198469, 1661840.646277436986566 ], [ 3112203.270581068471074, 1661824.827978630783036 ], [ 3112204.241944395005703, 1661825.867763786343858 ], [ 3112216.656902157701552, 1661839.156972746597603 ], [ 3112246.709600530564785, 1661876.398996319621801 ], [ 3112249.695124950259924, 1661880.09841987863183 ], [ 3112314.632059169467539, 1661922.831368662882596 ], [ 3112390.877740527503192, 1661964.61476169899106 ], [ 3112450.765648591332138, 1661980.729083857731894 ], [ 3112487.501314495224506, 1661987.160526569467038 ], [ 3112505.815318903885782, 1661990.366765200858936 ], [ 3112538.277576301246881, 1661998.864142534323037 ], [ 3112555.691162146162242, 1662003.422462294111028 ], [ 3112688.404244210571051, 1662032.655231632990763 ], [ 3112723.879720747936517, 1662048.708829288138077 ], [ 3112752.328008850570768, 1662103.561452380381525 ], [ 3112826.40764479059726, 1662168.673499740893021 ], [ 3112800.197800290770829, 1662244.592177611077204 ], [ 3112817.171818124130368, 1662312.024914572946727 ], [ 3112824.029569583013654, 1662381.965792395640165 ], [ 3112825.914364168420434, 1662416.432665586471558 ], [ 3112826.271510028280318, 1662422.961965246824548 ], [ 3112826.694106889888644, 1662430.689117103582248 ], [ 3112823.223206760827452, 1662476.943591924384236 ], [ 3112806.27429120009765, 1662510.145486280787736 ], [ 3112787.389687209855765, 1662531.424216310027987 ], [ 3112778.502815471030772, 1662541.437898230273277 ], [ 3112777.680159384384751, 1662543.796912895748392 ], [ 3112758.187368865124881, 1662599.689237309619784 ], [ 3112718.83718023262918, 1662649.129294659709558 ], [ 3112932.695330591872334, 1662745.782629400026053 ], [ 3113219.12750175781548, 1662763.031671246746555 ], [ 3113249.982929493300617, 1662783.416839162353426 ], [ 3113309.743647475261241, 1662825.195980007061735 ], [ 3113322.855035929940641, 1662834.362228637561202 ], [ 3113365.470456955488771, 1662857.655521421926096 ], [ 3113374.020689357072115, 1662862.32942188042216 ], [ 3113453.380414288025349, 1662924.510955001460388 ], [ 3113501.677186836488545, 1662947.267925312044099 ], [ 3113510.905123462434858, 1662951.615993504878134 ], [ 3113504.319124392233789, 1662954.581743241054937 ], [ 3113262.156461089849472, 1663039.087770097889006 ], [ 3113195.73327570874244, 1663062.695009010611102 ], [ 3113148.066429403610528, 1663075.99237705161795 ], [ 3113114.153994685970247, 1663085.165063209366053 ], [ 3113096.245979678817093, 1663090.009023141581565 ], [ 3113023.722298597916961, 1663094.494412330677733 ], [ 3112986.847475821617991, 1663104.914712288649753 ], [ 3112962.491831723134965, 1663120.229952164459974 ], [ 3112921.260265581309795, 1663147.547481250949204 ], [ 3112895.896570224780589, 1663160.01045064185746 ], [ 3112800.471998956054449, 1663192.675754045601934 ], [ 3112748.213228847831488, 1663207.778053096029907 ], [ 3112690.371395180001855, 1663230.909474238287657 ], [ 3112647.770108107943088, 1663253.419991987990215 ], [ 3112611.097021838650107, 1663286.002143169054762 ], [ 3112571.949742786586285, 1663298.834422735497355 ], [ 3112548.632099530659616, 1663310.943475420353934 ], [ 3112538.725861106999218, 1663322.747970024123788 ], [ 3112514.771184293087572, 1663351.110302147455513 ], [ 3112492.999911973252892, 1663370.014163789572194 ], [ 3112470.948037957306951, 1663382.912963147973642 ], [ 3112375.855361027643085, 1663417.540317028993741 ], [ 3112281.734283714555204, 1663475.205079979961738 ], [ 3112239.546368583105505, 1663495.626787712797523 ], [ 3112173.037823976948857, 1663524.295928785344586 ], [ 3112139.935298013966531, 1663536.082155747339129 ], [ 3112086.136534755118191, 1663568.604195130756125 ], [ 3112071.636552696116269, 1663576.15981968306005 ], [ 3112055.242774035315961, 1663586.752175911562517 ], [ 3112046.036671845242381, 1663592.700394041836262 ], [ 3112041.344487269409001, 1663608.646930313436314 ], [ 3112042.668293870985508, 1663621.185361040290445 ], [ 3112042.91359681263566, 1663623.509037506766617 ], [ 3112081.292316975072026, 1663660.247137868776917 ], [ 3112104.809576606377959, 1663683.41576384101063 ], [ 3112134.671407331246883, 1663707.139813542598858 ], [ 3112187.180990692228079, 1663748.85716042900458 ], [ 3112216.342630522325635, 1663783.155394276371226 ], [ 3112238.356909506954253, 1663806.559541824273765 ], [ 3112248.170108606107533, 1663816.992441194597632 ], [ 3112262.343437518458813, 1663827.965012405766174 ], [ 3112276.925784667022526, 1663839.253993214806542 ], [ 3112304.263631938025355, 1663872.85937216761522 ], [ 3112308.638638137839735, 1663890.262755939271301 ], [ 3112306.507766938302666, 1663901.730136025696993 ], [ 3112289.28004411701113, 1663928.927955836523324 ], [ 3112287.582235521636903, 1663934.295286440756172 ], [ 3112284.21577622089535, 1663944.938838073983788 ], [ 3112275.001757197082043, 1663954.605936684180051 ], [ 3112261.555963029153645, 1663961.979306860594079 ], [ 3112240.266484982334077, 1663964.656876123743132 ], [ 3112192.05617688735947, 1663968.969927341910079 ], [ 3112158.005980369634926, 1663971.840066366363317 ], [ 3112150.005700048059225, 1663980.287796134827659 ], [ 3112155.101967925205827, 1663989.494893761817366 ], [ 3112179.38506230711937, 1664013.211310279555619 ], [ 3112181.425391757395118, 1664015.204286738997325 ], [ 3112182.511917972005904, 1664015.915911628631875 ], [ 3112183.083166535012424, 1664016.289982720976695 ], [ 3112197.262421827763319, 1664025.578097758814692 ], [ 3112203.86107571516186, 1664031.915626154048368 ], [ 3112231.972720688208938, 1664058.915577878244221 ], [ 3112263.899688586592674, 1664078.61031233263202 ], [ 3112302.034259124659002, 1664108.328186614438891 ], [ 3112360.389324570540339, 1664138.580280604539439 ], [ 3112382.16654675360769, 1664143.88950812490657 ], [ 3112395.613932354841381, 1664142.569716870086268 ], [ 3112411.204856093972921, 1664139.869822227396071 ], [ 3112433.719441339373589, 1664140.00670769950375 ], [ 3112456.385605409741402, 1664147.180031471885741 ], [ 3112491.872799369506538, 1664148.097381250467151 ], [ 3112553.32482897117734, 1664146.536330041941255 ], [ 3112557.382044803351164, 1664146.562363573582843 ], [ 3112616.354006999637932, 1664146.943156502209604 ], [ 3112643.197431485634297, 1664147.116598153021187 ], [ 3112687.728698689956218, 1664148.064608334796503 ], [ 3112689.89512076927349, 1664148.110725166508928 ], [ 3112686.216569984331727, 1664153.028985964599997 ], [ 3112607.536847888492048, 1664258.221440901514143 ], [ 3112529.386976240668446, 1664363.398266921052709 ], [ 3112373.515476489439607, 1664573.179162992862985 ], [ 3112368.346989385783672, 1664623.512457115575671 ], [ 3112325.680067228619009, 1664685.384641653159633 ], [ 3112325.240591484121978, 1664686.935823381645605 ], [ 3112318.464585226029158, 1664710.84893543459475 ], [ 3112322.046705312561244, 1664797.154385906411335 ], [ 3112323.400505187921226, 1664829.769686348270625 ], [ 3112326.918753721285611, 1664914.526687779929489 ], [ 3112327.206846691668034, 1664921.466295928694308 ], [ 3112324.887492184527218, 1664923.012889484874904 ], [ 3112313.924395687878132, 1664930.324564640875906 ], [ 3112301.038243450690061, 1664962.824841519352049 ], [ 3112290.883310185745358, 1664992.581837868783623 ], [ 3112278.473555135075003, 1665014.657814104808494 ], [ 3112272.636467872653157, 1665028.203832914121449 ], [ 3112266.845280130393803, 1665041.643030544742942 ], [ 3112257.116341594606638, 1665055.738308744039387 ], [ 3112235.009653096087277, 1665087.766871442552656 ], [ 3112214.625996007118374, 1665119.29529861244373 ], [ 3112202.366842581424862, 1665142.354336405405775 ], [ 3112194.980186603963375, 1665169.614062796346843 ], [ 3112184.394411128945649, 1665182.79807979403995 ], [ 3112168.882061452139169, 1665198.096559099154547 ], [ 3112149.997769524343312, 1665219.023966147331521 ], [ 3112131.059687849134207, 1665246.266376273706555 ], [ 3112113.413596702739596, 1665275.303081831196323 ], [ 3112093.217792703770101, 1665308.060478277271613 ], [ 3112074.699092544615269, 1665338.257519223727286 ], [ 3112063.709039306733757, 1665369.420626579551026 ], [ 3112058.975409981794655, 1665389.792678680503741 ], [ 3112058.915854155085981, 1665390.049379999749362 ], [ 3112057.296837756410241, 1665397.01622436195612 ], [ 3112050.378675732761621, 1665426.717374364845455 ], [ 3112034.590546162799001, 1665439.793610110878944 ], [ 3112032.855063356924802, 1665441.227325403597206 ], [ 3112030.851737013086677, 1665442.882480802945793 ], [ 3112016.820671586319804, 1665454.474260337883607 ], [ 3112002.685219415929168, 1665465.246389386011288 ], [ 3111952.14963043667376, 1665478.286925042746589 ], [ 3111923.087483975104988, 1665487.356203215196729 ], [ 3111884.676129098981619, 1665497.28835595655255 ], [ 3111852.514299051836133, 1665506.894632475683466 ], [ 3111814.253026797436178, 1665517.809443384874612 ], [ 3111774.358803116716444, 1665531.781963038723916 ], [ 3111755.177833150140941, 1665543.68031291407533 ], [ 3111743.71963236713782, 1665558.024863889440894 ], [ 3111723.531731410883367, 1665563.539178855717182 ], [ 3111721.847461616620421, 1665563.508115203119814 ], [ 3111707.738783128559589, 1665563.247923595365137 ], [ 3111677.745083064772189, 1665566.425021381350234 ], [ 3111634.935768978204578, 1665574.848741753958166 ], [ 3111587.250273685902357, 1665586.13519167015329 ], [ 3111558.910890435799956, 1665593.061836724635214 ], [ 3111527.444216181524098, 1665593.467203109757975 ], [ 3111508.545085062272847, 1665593.461690427502617 ], [ 3111480.081413328647614, 1665586.031991076422855 ], [ 3111462.177108343690634, 1665578.791347716934979 ], [ 3111446.346837358083576, 1665578.254237465560436 ], [ 3111430.25029806047678, 1665583.060316588031128 ], [ 3111420.80994641315192, 1665589.992369601503015 ], [ 3111415.976781371049583, 1665606.468441330594942 ], [ 3111419.822665907908231, 1665645.404410208342597 ], [ 3111422.664777727797627, 1665668.475025964900851 ], [ 3111424.203767615836114, 1665680.968253323342651 ], [ 3111429.795288795139641, 1665717.583468139404431 ], [ 3111434.026443149894476, 1665752.164445672184229 ], [ 3111438.798367653973401, 1665769.247092401841655 ], [ 3111437.134021749254316, 1665777.347794229630381 ], [ 3111434.929517866577953, 1665788.078698895638809 ], [ 3111421.77333725662902, 1665812.554686142364517 ], [ 3111416.323122260160744, 1665818.295017794473097 ], [ 3111408.015177079010755, 1665827.045378414681181 ], [ 3111394.485436000395566, 1665845.532391175860539 ], [ 3111392.806876011192799, 1665846.831994588719681 ], [ 3111373.622806486673653, 1665865.794004517840222 ], [ 3111369.812560339923948, 1665882.093080683378503 ], [ 3111378.426426144316792, 1665897.248987887520343 ], [ 3111391.347386843524873, 1665919.982877012575045 ], [ 3111400.507891211193055, 1665945.386046937899664 ], [ 3111414.132415084168315, 1665979.601340952562168 ], [ 3111423.264367267489433, 1665973.983651029644534 ], [ 3111433.350617989897728, 1665967.948331605410203 ], [ 3111449.193876717239618, 1665954.609815493691713 ], [ 3111465.108899590093642, 1665948.826351257972419 ], [ 3111481.624351018574089, 1665946.974573262967169 ], [ 3111494.736828597262502, 1665936.379250379279256 ], [ 3111514.677662597969174, 1665922.583410039311275 ], [ 3111533.596004594117403, 1665908.964584663277492 ], [ 3111547.543584263883531, 1665896.963646153220907 ], [ 3111566.311553384643048, 1665882.362028747564182 ], [ 3111581.738695756532252, 1665873.383592691970989 ], [ 3111592.655378880910575, 1665862.159980204422027 ], [ 3111609.978198364842683, 1665851.844266394153237 ], [ 3111627.066262484528124, 1665846.866601255955175 ], [ 3111635.121565882116556, 1665844.971089839702472 ], [ 3111643.31279621925205, 1665843.043663935968652 ], [ 3111647.556086997501552, 1665854.163988776039332 ], [ 3111651.613336910493672, 1665864.669385756365955 ], [ 3111653.765259413514286, 1665870.24080203496851 ], [ 3111630.977824236266315, 1665893.10587671934627 ], [ 3111626.144653963856399, 1665909.582068547373638 ], [ 3111616.647606667131186, 1665929.893050380749628 ], [ 3111615.333351574838161, 1665948.786683093989268 ], [ 3111591.035416511353105, 1665968.634198072832078 ], [ 3111543.793137114495039, 1666010.113213523989543 ], [ 3111525.362979788333178, 1666026.926457775989547 ], [ 3111497.123625419102609, 1666048.465826414292678 ], [ 3111465.008767241612077, 1666079.000701685901731 ], [ 3111437.738638032227755, 1666106.678248266456649 ], [ 3111411.310478474479169, 1666133.201131142908707 ], [ 3111382.529768848791718, 1666157.861349192913622 ], [ 3111334.643629368394613, 1666199.704552727285773 ], [ 3111333.361469524912536, 1666200.683164900634438 ], [ 3111333.237688413821161, 1666200.704605146776885 ], [ 3111308.006411081179976, 1666213.399282900849357 ], [ 3111298.265702308155596, 1666218.365655001718551 ], [ 3111294.187551640439779, 1666219.576527558732778 ], [ 3111277.09938167501241, 1666224.554664587136358 ], [ 3111266.23128844704479, 1666227.877975469920784 ], [ 3111264.475346918683499, 1666228.414797327015549 ], [ 3111261.630488927010447, 1666228.44040978862904 ], [ 3111245.073443687986583, 1666228.588828468695283 ], [ 3111238.588825915008783, 1666232.613159133819863 ], [ 3111203.974843285512179, 1666254.095261964481324 ], [ 3111200.219870212487876, 1666256.425624768249691 ], [ 3110913.552088988944888, 1666434.336881866212934 ], [ 3110882.324835384264588, 1666455.89015287370421 ], [ 3110851.951968573965132, 1666434.918604166712612 ], [ 3110833.265959330368787, 1666417.976156061980873 ], [ 3110817.114929182454944, 1666395.549586827633902 ], [ 3110729.447067351080477, 1666446.05113541171886 ], [ 3110701.081024384126067, 1666465.091194936074317 ], [ 3110651.020799781195819, 1666493.943261756794527 ], [ 3110619.31914647622034, 1666517.596895233727992 ], [ 3110520.958641426637769, 1666602.239374249707907 ], [ 3110485.532849034294486, 1666627.547571738017723 ], [ 3110423.187394714448601, 1666654.492716198321432 ], [ 3110453.204642753582448, 1666678.552621287060902 ], [ 3110482.871579992584884, 1666704.691512952791527 ], [ 3110525.532899403013289, 1666752.794529402861372 ], [ 3110569.393421493005008, 1666802.707922472851351 ], [ 3110608.299792001023889, 1666857.542615497251973 ], [ 3110609.886626393534243, 1666859.779384255409241 ], [ 3110618.378109351731837, 1666871.747224140213802 ], [ 3110620.395671042613685, 1666874.590440802043304 ], [ 3110525.680967284366488, 1666967.682748328428715 ], [ 3110460.929179235361516, 1667049.326828353106976 ], [ 3110441.012832384556532, 1667074.439188589574769 ], [ 3110406.008293163962662, 1667118.57622129865922 ], [ 3110428.917058385908604, 1667135.762550065759569 ], [ 3110463.731676410883665, 1667161.881020297296345 ], [ 3110469.567817164584994, 1667166.259356272406876 ], [ 3110476.533423121087253, 1667171.485011958051473 ], [ 3110532.409698836505413, 1667213.403813442680985 ], [ 3110532.412178799044341, 1667213.40005412674509 ], [ 3110532.678361762315035, 1667213.605077285319567 ], [ 3110531.312435249798, 1667215.055434506153688 ], [ 3110530.114081479609013, 1667216.327833371469751 ], [ 3110345.237039979081601, 1667412.632195443147793 ], [ 3110282.110566819086671, 1667597.117043797159567 ], [ 3110223.63415049854666, 1667780.796942052664235 ], [ 3110127.997652297839522, 1667957.799295452423394 ], [ 3110134.978156547062099, 1667961.634740786859766 ], [ 3110208.597979762591422, 1667829.816519744461402 ], [ 3110241.050238029100001, 1667784.84243908082135 ], [ 3110269.905463059898466, 1667779.84269558917731 ], [ 3110284.65449007647112, 1667765.179183370433748 ], [ 3110324.040519061498344, 1667766.426951325731352 ], [ 3110359.976674164645374, 1667770.290577962528914 ], [ 3110393.344854725524783, 1667773.590155304176733 ], [ 3110427.781293482519686, 1667773.677481964929029 ], [ 3110458.573017572052777, 1667765.315606223186478 ], [ 3110477.048305607866496, 1667755.051614836789668 ], [ 3110499.657884153537452, 1667734.990373329957947 ], [ 3110521.499872976448387, 1667720.106935609830543 ], [ 3110555.059686170890927, 1667709.247501296224073 ], [ 3110575.992371254600585, 1667709.656822757329792 ], [ 3110595.439453766215593, 1667716.377220676047727 ], [ 3110634.526710607111454, 1667734.830289682140574 ], [ 3110665.555608231574297, 1667754.679378316970542 ], [ 3110712.837225872091949, 1667775.748469958081841 ], [ 3110813.887330827303231, 1667665.413809725083411 ], [ 3110844.378831437788904, 1667655.086366085568443 ], [ 3110912.540115230716765, 1667596.863725743722171 ], [ 3110985.58259704336524, 1667567.056834088871256 ], [ 3111103.380565274972469, 1667451.804440742358565 ], [ 3111115.355593751184642, 1667466.882752337958664 ], [ 3111145.94759038137272, 1667493.870828052051365 ], [ 3111173.102028170600533, 1667514.391271339263767 ], [ 3111183.182061651721597, 1667517.689877437893301 ], [ 3111210.484685939271003, 1667533.139922318747267 ], [ 3111218.020722028799355, 1667543.942267027683556 ], [ 3111168.211892527528107, 1667611.092708735261112 ], [ 3111140.19354263227433, 1667648.234304937068373 ], [ 3111197.07866251654923, 1667668.649178190622479 ], [ 3111212.708953343797475, 1667677.040480141760781 ], [ 3111237.119563773740083, 1667695.009710588958114 ], [ 3111265.585228690877557, 1667713.284997278125957 ], [ 3111294.605205083731562, 1667719.356669905828312 ], [ 3111382.284138699062169, 1667737.464497088687494 ], [ 3111430.980644395574927, 1667741.136623369995505 ], [ 3111540.050669049844146, 1667754.530323083512485 ], [ 3111582.314207756891847, 1667769.407189520075917 ], [ 3111638.527711977250874, 1667774.804390867939219 ], [ 3111675.896778546273708, 1667783.465826 ], [ 3111702.43482200615108, 1667783.914088998222724 ], [ 3111737.130852779839188, 1667801.110621155705303 ], [ 3111727.872286215424538, 1667813.813334034755826 ], [ 3111702.069271238520741, 1667847.543643340701237 ], [ 3111626.860380169935524, 1667948.353947508148849 ], [ 3111614.754587945528328, 1667973.657953613903373 ], [ 3111586.315952434204519, 1668034.078979320358485 ], [ 3111670.776546207256615, 1668097.140630138106644 ], [ 3111918.649065347388387, 1668292.326131109846756 ], [ 3111950.877306424081326, 1668313.986371414503083 ], [ 3111951.34383711963892, 1668333.07627878524363 ], [ 3111925.252955563366413, 1668414.279492342146114 ], [ 3111928.01087470119819, 1668426.918845533858985 ], [ 3111948.86457338463515, 1668437.432457610033453 ], [ 3111966.359919649083167, 1668431.374739948194474 ], [ 3111995.633849167730659, 1668397.043033897643909 ], [ 3112013.099414236377925, 1668364.756918282713741 ], [ 3112015.274970836937428, 1668337.137107775779441 ], [ 3112011.520996471866965, 1668312.562555057927966 ], [ 3112008.968258360400796, 1668295.851800578180701 ], [ 3112023.689083993434906, 1668274.131007784977555 ], [ 3112034.719307093881071, 1668246.995411903597414 ], [ 3112032.617138915229589, 1668233.233509269542992 ], [ 3112030.76820954028517, 1668205.301935082301497 ], [ 3112033.725903201848269, 1668182.591882957611233 ], [ 3112046.241905656643212, 1668149.145127029623836 ], [ 3112054.92356191854924, 1668127.461447401670739 ], [ 3112071.264463661704212, 1668129.675748972222209 ], [ 3112088.623587684705853, 1668132.722889579134062 ], [ 3112100.308382825925946, 1668130.698912090621889 ], [ 3112115.185744403395802, 1668128.121969386469573 ], [ 3112128.768969411030412, 1668117.697250421624631 ], [ 3112139.457804488949478, 1668103.737794394372031 ], [ 3112150.177607221528888, 1668089.773083616280928 ], [ 3112163.40343680139631, 1668076.383319586049765 ], [ 3112173.562677420675755, 1668069.578551087761298 ], [ 3112178.093679030425847, 1668067.39127144869417 ], [ 3112199.63669098354876, 1668056.990239506354555 ], [ 3112241.014949237927794, 1668036.706095498986542 ], [ 3112309.850409490056336, 1667999.558501857565716 ], [ 3112339.646298508159816, 1667979.262594251893461 ], [ 3112355.315825053490698, 1667966.45849968935363 ], [ 3112369.166419920511544, 1667951.951674892799929 ], [ 3112384.764901014044881, 1667928.061450787354261 ], [ 3112386.729101676959544, 1667925.077815033262596 ], [ 3112404.261897525750101, 1667898.450707988347858 ], [ 3112406.491700809448957, 1667893.788029421120882 ], [ 3112415.836199504323304, 1667874.248403142439201 ], [ 3112430.675933089107275, 1667866.633025873452425 ], [ 3112440.534808780066669, 1667857.862635844154283 ], [ 3112446.497079204302281, 1667850.724741682875901 ], [ 3112449.196623279247433, 1667847.493084412300959 ], [ 3112451.374126202426851, 1667844.886099045863375 ], [ 3112462.719015349633992, 1667829.804643386276439 ], [ 3112790.268239390105009, 1667670.157813000958413 ], [ 3112538.991619325242937, 1668068.737531288526952 ], [ 3112511.070803453214467, 1668113.026969147846103 ], [ 3112456.143102339934558, 1668136.666666931705549 ], [ 3112432.932281763292849, 1668152.794851265847683 ], [ 3112395.647436917759478, 1668223.828155614668503 ], [ 3112386.727113323286176, 1668243.53497840766795 ], [ 3112382.188171029556543, 1668251.111425563693047 ], [ 3112361.097690153867006, 1668286.316050505032763 ], [ 3112350.367602468468249, 1668315.417593344813213 ], [ 3112339.844753799960017, 1668346.500843561021611 ], [ 3112335.717127891257405, 1668361.341857145074755 ], [ 3112324.072346162050962, 1668374.457874280633405 ], [ 3112309.888567122630775, 1668380.950702299829572 ], [ 3112284.642607253044844, 1668382.296576843596995 ], [ 3112265.187552344985306, 1668383.648360514547676 ], [ 3112246.188820120412856, 1668373.82228386728093 ], [ 3112211.965339135378599, 1668348.471415495732799 ], [ 3112191.741642520297319, 1668322.713731543160975 ], [ 3112153.892123402096331, 1668343.395899486262351 ], [ 3112050.70585143007338, 1668447.034341817721725 ], [ 3112052.853578123264015, 1668457.761194640072063 ], [ 3112051.925178033299744, 1668477.092840891331434 ], [ 3112049.57394450251013, 1668489.607962601352483 ], [ 3112038.069311081431806, 1668518.843923042993993 ], [ 3112039.272775894030929, 1668532.761536525096744 ], [ 3112066.822876905091107, 1668561.286172279389575 ], [ 3112075.000119873322546, 1668573.99545244150795 ], [ 3112091.523821266368032, 1668596.358422186458483 ], [ 3112124.352505099028349, 1668621.95039658783935 ], [ 3112172.277747869957238, 1668650.982035650638863 ], [ 3112186.801722386851907, 1668657.547143226256594 ], [ 3112203.214221711736172, 1668657.731261263368651 ], [ 3112254.807845017872751, 1668644.75829616910778 ], [ 3112264.87632155418396, 1668644.023273958126083 ], [ 3112278.30383971426636, 1668646.742238606326282 ], [ 3112460.43577778711915, 1668346.802479907870293 ], [ 3112473.390403491910547, 1668337.063385515008122 ], [ 3112473.745818587951362, 1668336.796196395065635 ], [ 3112476.131439509801567, 1668335.002714948728681 ], [ 3112616.032187178730965, 1668241.151132673723623 ], [ 3112675.015199759043753, 1668197.821658696979284 ], [ 3112967.987930826842785, 1667982.604950010543689 ], [ 3113043.803419357631356, 1667926.91217152797617 ], [ 3113230.69707006495446, 1667789.624573617009446 ], [ 3113307.255239288322628, 1667561.000600102823228 ], [ 3113335.07079157140106, 1667477.937270557973534 ], [ 3113355.527513882145286, 1667409.820433264132589 ], [ 3113389.740463475696743, 1667321.159776237094775 ], [ 3113454.661744543351233, 1667183.796158737270162 ], [ 3113484.178104991558939, 1667140.490335877751932 ], [ 3113484.681343127042055, 1667139.752413403708488 ], [ 3113470.788310866802931, 1667201.6874492270872 ], [ 3113458.088375466875732, 1667242.479718185029924 ], [ 3113447.042814969085157, 1667287.021440416341648 ], [ 3113435.969463353045285, 1667324.505510943010449 ], [ 3113431.565104130655527, 1667364.617864610860124 ], [ 3113422.265232761390507, 1667406.839659108081833 ], [ 3113410.234822767786682, 1667451.804390843492001 ], [ 3113402.342442127410322, 1667489.494188278913498 ], [ 3113387.175102402456105, 1667534.749936148291454 ], [ 3113375.379119365010411, 1667574.37685991008766 ], [ 3113354.206150534562767, 1667635.302891052560881 ], [ 3113337.164931060746312, 1667661.20811265707016 ], [ 3113323.255095848813653, 1667700.949244368588552 ], [ 3113309.920726834796369, 1667730.500677217030898 ], [ 3113291.234607976861298, 1667773.339361305814236 ], [ 3113272.176135507877916, 1667806.656964781228453 ], [ 3113246.545948785729706, 1667859.021801485214382 ], [ 3113225.779628964141011, 1667894.905441734474152 ], [ 3113207.985425464808941, 1667922.959428977454081 ], [ 3113187.219002964906394, 1667958.843260856112465 ], [ 3113169.640414903871715, 1667995.183871326735243 ], [ 3113157.929694623686373, 1668028.490500363986939 ], [ 3113149.288678297773004, 1668048.177941411733627 ], [ 3113147.02605752274394, 1668053.333074352005497 ], [ 3113142.649662938900292, 1668060.682635022327304 ], [ 3113135.302898190915585, 1668073.020721737295389 ], [ 3113115.343809857033193, 1668100.440679490566254 ], [ 3113108.356438165530562, 1668110.055349263828248 ], [ 3113097.099165371619165, 1668125.545798738952726 ], [ 3113081.231506976764649, 1668152.257175420876592 ], [ 3113061.053990964312106, 1668178.45391103066504 ], [ 3113040.222205102443695, 1668207.034198556328192 ], [ 3113021.020466584712267, 1668239.620220202719793 ], [ 3112965.282526257447898, 1668432.909556242637336 ], [ 3113079.510142932645977, 1668540.25892470148392 ], [ 3113096.736315065994859, 1668557.255627365782857 ], [ 3113181.290328615345061, 1668640.683540645753965 ], [ 3113189.368133523501456, 1668647.6703687813133 ], [ 3113253.213119212538004, 1668702.892700605094433 ], [ 3113259.88769160117954, 1668697.26477908086963 ], [ 3113263.507403534837067, 1668694.212320674210787 ], [ 3113263.753987789154053, 1668694.004446615464985 ], [ 3113264.411121857352555, 1668693.81234956276603 ], [ 3113280.717828024178743, 1668689.048651421442628 ], [ 3113290.888737045228481, 1668686.278015676885843 ], [ 3113312.037329837679863, 1668667.480778924888 ], [ 3113325.618568018078804, 1668651.002712987596169 ], [ 3113330.597607936710119, 1668632.987658633384854 ], [ 3113333.683913150802255, 1668609.246344945393503 ], [ 3113325.93505975138396, 1668565.183941579889506 ], [ 3113325.113435048144311, 1668549.182410485111177 ], [ 3113328.2706533446908, 1668536.527710209367797 ], [ 3113340.502650345675647, 1668517.256581685505807 ], [ 3113351.408618599176407, 1668503.260032272431999 ], [ 3113352.215126782190055, 1668490.003331008832902 ], [ 3113351.847854615189135, 1668486.590466117719188 ], [ 3113348.805016288533807, 1668458.306375300278887 ], [ 3113356.595716336742043, 1668428.705429496476427 ], [ 3113366.300566332414746, 1668406.845118325203657 ], [ 3113369.34578990843147, 1668398.245789810782298 ], [ 3113391.35949063161388, 1668386.361514433054253 ], [ 3113400.639284493401647, 1668375.673679089872167 ], [ 3113405.722995814867318, 1668361.676332243485376 ], [ 3113405.929344813339412, 1668344.488154641585425 ], [ 3113407.885494221933186, 1668323.969715544953942 ], [ 3113414.180304137989879, 1668315.816364937229082 ], [ 3113429.990304307546467, 1668306.015808598836884 ], [ 3113437.613008178304881, 1668298.641806777799502 ], [ 3113438.193794368766248, 1668274.32561727729626 ], [ 3113431.306787079200149, 1668257.356503574177623 ], [ 3113431.350166788324714, 1668248.267836014973 ], [ 3113435.452131695579737, 1668232.423066774616018 ], [ 3113451.193477335385978, 1668217.589111595181748 ], [ 3113461.94912033341825, 1668202.609533296432346 ], [ 3113467.920440703164786, 1668184.423010661965236 ], [ 3113470.322309011593461, 1668173.377564477734268 ], [ 3113471.340362879447639, 1668168.69576466572471 ], [ 3113482.722983620595187, 1668158.652750675799325 ], [ 3113497.381500190123916, 1668150.060544529696926 ], [ 3113501.251890431623906, 1668137.282455208944157 ], [ 3113499.104364888742566, 1668126.555730449967086 ], [ 3113484.213231954257935, 1668119.044504605000839 ], [ 3113481.085554847028106, 1668112.523231762927026 ], [ 3113484.381601667962968, 1668096.817959891632199 ], [ 3113487.689171221107244, 1668085.146015824750066 ], [ 3113486.268826378043741, 1668071.266332927159965 ], [ 3113488.181976318359375, 1668059.836459824349731 ], [ 3113498.2008644528687, 1668050.029622281668708 ], [ 3113499.665601653978229, 1668041.784759203903377 ], [ 3113502.871343873441219, 1668023.743716001044959 ], [ 3113497.987643913365901, 1668002.391923552844673 ], [ 3113508.197292293421924, 1668008.122746943030506 ], [ 3113925.916887804865837, 1668242.587231867481023 ], [ 3113933.717948318459094, 1668246.965966914081946 ], [ 3114124.905493415426463, 1668354.280350495362654 ], [ 3114129.920376840047538, 1668357.095125349937007 ], [ 3114146.017460125498474, 1668343.965854105772451 ], [ 3114157.064534765668213, 1668350.469616285059601 ], [ 3114167.560916421934962, 1668356.649298041826114 ], [ 3114191.04401269229129, 1668370.474668750306591 ], [ 3114189.738056509289891, 1668373.93214435945265 ], [ 3114184.519752279855311, 1668387.748178706038743 ], [ 3114149.48050971608609, 1668442.246391001623124 ], [ 3114141.564758277498186, 1668484.98519077221863 ], [ 3114134.08616572804749, 1668525.378219586331397 ], [ 3114115.013278735801578, 1668584.427114276215434 ], [ 3114104.228619539178908, 1668660.454732873477042 ], [ 3114102.066527337301522, 1668698.161810209276155 ], [ 3114097.94457567576319, 1668728.869102988857776 ], [ 3114095.96525700436905, 1668743.613566940650344 ], [ 3114096.232149926479906, 1668744.169819307280704 ], [ 3114099.092996445484459, 1668750.134994221152738 ], [ 3114100.260706072673202, 1668760.759719294728711 ], [ 3114102.684185952879488, 1668782.809589348966256 ], [ 3114101.427158984355628, 1668815.81927595147863 ], [ 3114093.045147662051022, 1668834.675837936811149 ], [ 3114077.684969952795655, 1668865.334846692625433 ], [ 3114073.850633419118822, 1668877.097724257037044 ], [ 3114069.764876046217978, 1668892.059342042542994 ], [ 3114069.729557435028255, 1668892.189361146651208 ], [ 3114054.403028938919306, 1668933.689507673960179 ], [ 3114053.232528459280729, 1668943.729915015166625 ], [ 3114052.696644194424152, 1668978.128096421947703 ], [ 3114054.541822118684649, 1668980.835662756115198 ], [ 3114047.60734061524272, 1669006.252219153102487 ], [ 3114054.177913269028068, 1669009.118871191516519 ], [ 3114059.196646803058684, 1669011.308304329402745 ], [ 3114040.867968335282058, 1669042.73388373432681 ], [ 3114037.049380156211555, 1669047.260931723518297 ], [ 3114020.053608444519341, 1669067.409933241549879 ], [ 3114017.945047996006906, 1669069.910165328998119 ], [ 3114004.919362735468894, 1669093.354528896976262 ], [ 3114003.857268167193979, 1669099.103825009427965 ], [ 3113998.48750139772892, 1669128.171854424057528 ], [ 3113998.179797806311399, 1669129.8363924655132 ], [ 3113998.319858821574599, 1669134.200946464203298 ], [ 3113999.339410697109997, 1669165.959267033729702 ], [ 3113995.644886220805347, 1669193.841562826419249 ], [ 3113992.470119118224829, 1669229.706208800431341 ], [ 3113989.695761637762189, 1669253.06863455940038 ], [ 3113989.53404060844332, 1669254.430525646544993 ], [ 3113980.198929708451033, 1669283.28987800097093 ], [ 3113963.065257122740149, 1669304.418603854486719 ], [ 3113947.555774, 1669316.185466234339401 ], [ 3113924.135644240304828, 1669324.277186733204871 ], [ 3113922.409304996952415, 1669402.533229373861104 ], [ 3113920.739351339638233, 1669478.232580022886395 ], [ 3113928.954284564591944, 1669473.278577624820173 ], [ 3113944.06730592250824, 1669461.832463430473581 ], [ 3113957.637059575878084, 1669450.906145706539974 ], [ 3113970.944289489649236, 1669438.259252421325073 ], [ 3113988.126280711963773, 1669429.734542324673384 ], [ 3114003.034038761630654, 1669422.360092095565051 ], [ 3114020.990852770395577, 1669413.701236641732976 ], [ 3114039.541334041394293, 1669403.930299126077443 ], [ 3114053.592851892579347, 1669395.947600852930918 ], [ 3114065.257571634836495, 1669388.3783031438943 ], [ 3114076.240363209974021, 1669376.134273508796468 ], [ 3114088.209671629592776, 1669359.935605489881709 ], [ 3114100.079710596241057, 1669348.294704561587423 ], [ 3114112.226040340494365, 1669343.668816414428875 ], [ 3114124.379081780090928, 1669339.294120559468865 ], [ 3114140.031203959137201, 1669336.583679987350479 ], [ 3114153.665719898417592, 1669336.492936960188672 ], [ 3114168.887599646113813, 1669336.379589688032866 ], [ 3114184.539957666303962, 1669333.66933201928623 ], [ 3114200.448014195542783, 1669327.635181100573391 ], [ 3114215.762341005727649, 1669322.71334093529731 ], [ 3114231.701366329099983, 1669316.673946856055409 ], [ 3114244.510229332372546, 1669311.176754534011707 ], [ 3114255.512778166681528, 1669304.478745579253882 ], [ 3114267.226639308035374, 1669296.396440549753606 ], [ 3114266.007800221443176, 1669294.085006008390337 ], [ 3114262.171089111827314, 1669286.809484971687198 ], [ 3114259.791692539583892, 1669282.296897639287636 ] ] ], [ [ [ 3107975.203451526816934, 1663112.146329382201657 ], [ 3107997.071317470632493, 1663135.346504397457466 ], [ 3108006.849617751780897, 1663149.795317393727601 ], [ 3108007.617875723168254, 1663158.994759212248027 ], [ 3108011.257505116052926, 1663182.831431085476652 ], [ 3108013.824191823601723, 1663187.968126157764345 ], [ 3108022.161358234472573, 1663204.65230704122223 ], [ 3108024.52313777897507, 1663224.187255223747343 ], [ 3108029.419618743471801, 1663264.688880645437166 ], [ 3108042.902811133302748, 1663319.86279851407744 ], [ 3108057.6992217018269, 1663354.882502403575927 ], [ 3108074.076013627462089, 1663375.250359878875315 ], [ 3108095.42549336515367, 1663395.261219295673072 ], [ 3108103.618625115603209, 1663400.00714243715629 ], [ 3108137.657455566339195, 1663419.724992499686778 ], [ 3108185.907278025522828, 1663442.136961712967604 ], [ 3108167.221794376149774, 1663410.817894803592935 ], [ 3108155.755060013383627, 1663385.310989354737103 ], [ 3108141.371442744974047, 1663352.994672156870365 ], [ 3108136.43492039386183, 1663333.16649428429082 ], [ 3108130.175285140052438, 1663321.134593184106052 ], [ 3108123.916078626178205, 1663309.102821468142793 ], [ 3108118.840796312317252, 1663292.325678697554395 ], [ 3108109.470287238247693, 1663243.249094127677381 ], [ 3108105.961228843778372, 1663224.434885574504733 ], [ 3108107.230243841186166, 1663203.783666152739897 ], [ 3108105.192763748113066, 1663186.479843121487647 ], [ 3108098.081790971569717, 1663172.830107136629522 ], [ 3108091.879308333154768, 1663157.00503140874207 ], [ 3108082.582177837379277, 1663116.744287767680362 ], [ 3108082.084516441449523, 1663101.191674831323326 ], [ 3108083.391301633790135, 1663080.786178801907226 ], [ 3108084.717547171749175, 1663056.341386235319078 ], [ 3108088.21025822404772, 1663033.79134753998369 ], [ 3108083.967092215083539, 1663022.67156574758701 ], [ 3108087.311342734843493, 1662990.814314260846004 ], [ 3108090.616568872705102, 1662967.035488096764311 ], [ 3108084.47143614385277, 1662947.416922415373847 ], [ 3108084.763476217165589, 1662928.70053490344435 ], [ 3108090.042477310169488, 1662897.012750380672514 ], [ 3108094.53030823264271, 1662876.812918132869527 ], [ 3108098.323244153521955, 1662856.228622810216621 ], [ 3108104.858395178802311, 1662836.935139858629555 ], [ 3108113.409895257093012, 1662818.553266164148226 ], [ 3108118.551964753773063, 1662815.139974138699472 ], [ 3108124.043026617262512, 1662817.971869903849438 ], [ 3108124.311487840022892, 1662818.403898374177516 ], [ 3108133.238683480769396, 1662832.773969566216692 ], [ 3108132.824296934064478, 1662838.394920206395909 ], [ 3108132.514459990896285, 1662852.826205937424675 ], [ 3108132.850308489054441, 1662863.362132836133242 ], [ 3108135.403374494984746, 1662871.747791881440207 ], [ 3108156.687237637117505, 1662903.625321611994877 ], [ 3108163.434408322907984, 1662918.851502788253129 ], [ 3108171.524056701455265, 1662922.2422848388087 ], [ 3108183.347991751041263, 1662917.166400576243177 ], [ 3108194.56679196562618, 1662899.583546455251053 ], [ 3108197.223617599811405, 1662893.838580802548677 ], [ 3108209.276695321314037, 1662867.775000411318615 ], [ 3108224.988292721100152, 1662838.567433170974255 ], [ 3108244.024237687699497, 1662810.29709518677555 ], [ 3108257.329033922869712, 1662787.9623968093656 ], [ 3108260.612089957110584, 1662782.451378575759009 ], [ 3108278.726569074206054, 1662760.64681184059009 ], [ 3108290.3860201863572, 1662733.654793326044455 ], [ 3108294.565532059408724, 1662719.561994353309274 ], [ 3108292.914725692011416, 1662708.749769099056721 ], [ 3108283.77432762645185, 1662698.478262795833871 ], [ 3108265.922657933551818, 1662693.248012931086123 ], [ 3108249.96829828619957, 1662687.941055480157956 ], [ 3108224.078336023725569, 1662674.318529650103301 ], [ 3108214.266578384209424, 1662669.155961754499003 ], [ 3108188.431118139997125, 1662661.02088390965946 ], [ 3108164.195934103801847, 1662667.742709250887856 ], [ 3108147.35923607647419, 1662678.536882292246446 ], [ 3108146.402885106857866, 1662679.149964087642729 ], [ 3108144.725462372414768, 1662677.833562173880637 ], [ 3108130.60665287123993, 1662666.752893254393712 ], [ 3108113.566131881903857, 1662645.995444921543822 ], [ 3108095.22829975374043, 1662629.24646931909956 ], [ 3108070.90358804538846, 1662614.543946505757049 ], [ 3108066.791059645358473, 1662608.446232271380723 ], [ 3108060.476327412761748, 1662591.883680029306561 ], [ 3108060.427319527138025, 1662590.877873032120988 ], [ 3108059.877548331394792, 1662579.627981535159051 ], [ 3108063.605451963376254, 1662570.910409455420449 ], [ 3108070.494453033432364, 1662566.437308460939676 ], [ 3108100.622175973840058, 1662561.216576340841129 ], [ 3108121.757618651725352, 1662555.031637140084058 ], [ 3108129.798267353326082, 1662551.135185417952016 ], [ 3108137.094136729836464, 1662547.599846373312175 ], [ 3108151.737122065387666, 1662540.504050843417645 ], [ 3108154.813794687390327, 1662531.899341751122847 ], [ 3108157.866106907837093, 1662518.758681663312018 ], [ 3108151.156741348095238, 1662503.778144160052761 ], [ 3108130.559640037827194, 1662480.357888977276161 ], [ 3108118.979100918862969, 1662462.43784922384657 ], [ 3108108.614248229190707, 1662438.26345982006751 ], [ 3108108.207585855852813, 1662437.314986321376637 ], [ 3108111.268201501108706, 1662416.101204082835466 ], [ 3108114.300974562764168, 1662406.99943560641259 ], [ 3108122.167258750647306, 1662400.591770098777488 ], [ 3108128.992398936767131, 1662397.53533295635134 ], [ 3108146.973669596016407, 1662389.482772607589141 ], [ 3108152.247957167215645, 1662382.767429115483537 ], [ 3108158.088270721957088, 1662363.08982344972901 ], [ 3108166.468681089580059, 1662356.088517883326858 ], [ 3108182.96979031804949, 1662352.472629810450599 ], [ 3108196.907887086737901, 1662356.867750873789191 ], [ 3108213.220148518681526, 1662331.592134537175298 ], [ 3108217.606988728046417, 1662314.68877371866256 ], [ 3108216.481472716666758, 1662307.316691228654236 ], [ 3108209.685737720225006, 1662287.810984849464148 ], [ 3108203.840871512889862, 1662270.158216433366761 ], [ 3108203.671054448466748, 1662269.045916976872832 ], [ 3108202.494506154209375, 1662261.339537838473916 ], [ 3108202.077557429205626, 1662258.608526383759454 ], [ 3108203.449581924825907, 1662255.091821471694857 ], [ 3108207.617965628392994, 1662236.965449231211096 ], [ 3108204.091340820305049, 1662213.865978250512853 ], [ 3108205.32354278024286, 1662192.969395582564175 ], [ 3108209.061455105897039, 1662167.854709410574287 ], [ 3108213.304864785633981, 1662150.219531392911449 ], [ 3108226.392128498293459, 1662124.2416256677825 ], [ 3108228.63528203079477, 1662118.303765604505315 ], [ 3108252.784247441217303, 1662107.056725456845015 ], [ 3108264.940292020328343, 1662105.561502429423854 ], [ 3108291.991449994035065, 1662102.233497976092622 ], [ 3108302.96960180439055, 1662100.883254045620561 ], [ 3108316.12360859522596, 1662100.283104957547039 ], [ 3108328.656820358708501, 1662099.711220004595816 ], [ 3108342.162620237097144, 1662105.442590148421004 ], [ 3108353.643863722681999, 1662113.379487863741815 ], [ 3108372.503636611625552, 1662126.417809196049348 ], [ 3108390.286917125806212, 1662131.407964037498459 ], [ 3108396.585401356220245, 1662135.361386133125052 ], [ 3108397.98681804491207, 1662141.927425979170948 ], [ 3108400.422725342214108, 1662153.340278785210103 ], [ 3108403.178784901276231, 1662166.252646238775924 ], [ 3108402.305677323136479, 1662176.997932162834331 ], [ 3108395.394913267344236, 1662193.834043498383835 ], [ 3108388.892134934198111, 1662204.797942575532943 ], [ 3108388.043575044721365, 1662220.079231627751142 ], [ 3108390.444628005847335, 1662235.806326401652768 ], [ 3108395.925679701380432, 1662255.035448818001896 ], [ 3108398.230064540170133, 1662282.634200401138514 ], [ 3108397.78761288151145, 1662300.367301023099571 ], [ 3108390.813357042614371, 1662320.745655997656286 ], [ 3108381.641758653335273, 1662339.234816374955699 ], [ 3108380.2614043103531, 1662350.824525323230773 ], [ 3108382.324745578225702, 1662364.340028971200809 ], [ 3108388.090985108166933, 1662398.149589475011453 ], [ 3108395.335382454097271, 1662428.928141614655033 ], [ 3108398.560044784564525, 1662458.385594845283777 ], [ 3108403.008487191051245, 1662475.019173956243321 ], [ 3108411.732430447358638, 1662499.235473352018744 ], [ 3108419.47633804846555, 1662508.487771391868591 ], [ 3108429.995246943552047, 1662515.493398753460497 ], [ 3108429.169841260649264, 1662510.087099438067526 ], [ 3108430.10169958230108, 1662487.224521910073236 ], [ 3108432.571530248969793, 1662474.436779771931469 ], [ 3108441.873858760576695, 1662460.969986052485183 ], [ 3108450.50063783954829, 1662443.079684530152008 ], [ 3108460.347658975981176, 1662429.014056374551728 ], [ 3108463.024846233427525, 1662413.415901175700128 ], [ 3108463.317068292759359, 1662394.699665649794042 ], [ 3108464.361611428670585, 1662372.574112459784374 ], [ 3108479.220457806251943, 1662350.072955073323101 ], [ 3108494.438076233491302, 1662317.420104831689969 ], [ 3108498.579311623238027, 1662307.960284322034568 ], [ 3108516.423167085275054, 1662267.199202545685694 ], [ 3108523.184846905991435, 1662254.338754991302267 ], [ 3108535.97554925782606, 1662230.01194584206678 ], [ 3108544.179960137698799, 1662215.698885568184778 ], [ 3108569.365718950051814, 1662171.761479585198686 ], [ 3108569.835321311838925, 1662169.51048769406043 ], [ 3108570.26762231066823, 1662167.439294930780306 ], [ 3108575.208152513019741, 1662143.76003083284013 ], [ 3108573.096093529369682, 1662125.965007253689691 ], [ 3108573.307078232988715, 1662106.506427383748814 ], [ 3108576.196211230009794, 1662096.673156759236008 ], [ 3108581.163893634919077, 1662087.740841034799814 ], [ 3108601.006528301164508, 1662072.290023683104664 ], [ 3108606.438693793490529, 1662068.060025203507394 ], [ 3108609.912089365534484, 1662065.355506525142118 ], [ 3108623.846800717990845, 1662044.009283390827477 ], [ 3108624.764575314708054, 1662042.603224230464548 ], [ 3108630.159949988126755, 1662024.333647608757019 ], [ 3108630.574213990941644, 1662022.931183524196967 ], [ 3108630.313268996309489, 1662021.83477782108821 ], [ 3108627.984844096004963, 1662012.052636627806351 ], [ 3108627.114777013659477, 1662008.396750467829406 ], [ 3108613.010644252412021, 1661990.409326066495851 ], [ 3108597.589547928422689, 1661980.469562546582893 ], [ 3108584.460735923144966, 1661968.871479721507058 ], [ 3108581.803506814874709, 1661963.351672178832814 ], [ 3108576.167302542831749, 1661951.642980361124501 ], [ 3108573.953980148769915, 1661937.144897047430277 ], [ 3108574.623621199745685, 1661912.562103536678478 ], [ 3108574.514971859753132, 1661911.206853584153578 ], [ 3108572.550799806602299, 1661886.688719588331878 ], [ 3108570.184849642217159, 1661874.337173052830622 ], [ 3108569.417549553327262, 1661870.332051137229428 ], [ 3108576.02641436457634, 1661859.854252499528229 ], [ 3108591.972603156231344, 1661873.234315974172205 ], [ 3108609.753780696541071, 1661886.548802722012624 ], [ 3108632.923154221847653, 1661914.315683083143085 ], [ 3108644.730774831958115, 1661925.386277171084657 ], [ 3108657.428992241155356, 1661929.99640736496076 ], [ 3108664.182485501281917, 1661928.826245713979006 ], [ 3108669.703487970866263, 1661927.869617495685816 ], [ 3108683.181747847236693, 1661916.958201584871858 ], [ 3108691.970379541628063, 1661904.085002567619085 ], [ 3108700.785106286872178, 1661887.423973816679791 ], [ 3108702.962875744327903, 1661887.641744557302445 ], [ 3108723.854174353182316, 1661889.732497065793723 ], [ 3108748.199322770815343, 1661888.904529415303841 ], [ 3108763.816027600318193, 1661888.373508452903479 ], [ 3108787.251969110686332, 1661887.576568109448999 ], [ 3108856.543387287762016, 1661907.352719360264018 ], [ 3108857.602033591363579, 1661891.743275638436899 ], [ 3108858.415877964347601, 1661879.743441924219951 ], [ 3108862.758297158405185, 1661815.724087205948308 ], [ 3108866.059417646378279, 1661775.570554999634624 ], [ 3107952.647855000570416, 1661775.570554999634624 ], [ 3107952.647855000570416, 1663119.702779735205695 ], [ 3107975.203451526816934, 1663112.146329382201657 ] ] ], [ [ [ 3116036.591246342286468, 1665440.645782888866961 ], [ 3116036.040139302611351, 1665440.450988765107468 ], [ 3116036.034591291565448, 1665440.449325685156509 ], [ 3116035.653489938005805, 1665440.315107070142403 ], [ 3116035.486820090562105, 1665440.25637570512481 ], [ 3116030.49724082229659, 1665439.00878265267238 ], [ 3116030.316568129695952, 1665438.962362105259672 ], [ 3116030.618514472153038, 1665404.960694954264909 ], [ 3116030.653664061799645, 1665401.008998893899843 ], [ 3116030.736691026482731, 1665391.641166156623513 ], [ 3116037.260044999420643, 1665377.035541748860851 ], [ 3116037.260044999420643, 1664984.512810937827453 ], [ 3116035.240583166014403, 1664981.539736611302942 ], [ 3116032.667801713570952, 1664977.752134182490408 ], [ 3116028.617257613688707, 1664971.789165825815871 ], [ 3116024.518515164963901, 1664969.254482086980715 ], [ 3116012.260436224751174, 1664961.674906456843019 ], [ 3116010.772124303504825, 1664960.754246020223945 ], [ 3116009.383777080569416, 1664951.660564193502069 ], [ 3116011.228253728710115, 1664949.143534122500569 ], [ 3116023.886379017494619, 1664931.865680778166279 ], [ 3116024.502121214754879, 1664931.02533568488434 ], [ 3116025.943454921245575, 1664929.059328559553251 ], [ 3116026.102836193982512, 1664928.841565353795886 ], [ 3116026.104733261279762, 1664928.839320112485439 ], [ 3116033.557054742705077, 1664920.588415204314515 ], [ 3116037.260044999420643, 1664916.488517372170463 ], [ 3116037.260044999420643, 1664877.322529393015429 ], [ 3116033.700720849446952, 1664873.611190582159907 ], [ 3116027.426010958850384, 1664867.068495972314849 ], [ 3116019.91086276108399, 1664859.981049444526434 ], [ 3115988.103376097977161, 1664829.983745014062151 ], [ 3115987.760715221054852, 1664829.200998654123396 ], [ 3115977.744028224609792, 1664806.30253921286203 ], [ 3115975.155441159382463, 1664789.347739398945123 ], [ 3115980.899120282381773, 1664756.319458179175854 ], [ 3115990.213885068427771, 1664736.66409406485036 ], [ 3116004.337277130223811, 1664706.862156025599688 ], [ 3116010.640774886123836, 1664695.305002125911415 ], [ 3116011.288676631636918, 1664694.117071630200371 ], [ 3116018.008885208982974, 1664681.795590763911605 ], [ 3116019.251817240379751, 1664672.749537934083492 ], [ 3116021.204624542035162, 1664658.541095406282693 ], [ 3116020.702233168762177, 1664641.934073443291709 ], [ 3116020.544818378053606, 1664636.711208171444014 ], [ 3115983.087204565759748, 1664603.089621383463964 ], [ 3115982.106086790561676, 1664601.557865771465003 ], [ 3115979.584411782212555, 1664597.621394973015413 ], [ 3115971.210287508089095, 1664584.544055659556761 ], [ 3115960.112043459899724, 1664567.212465012678877 ], [ 3115955.636208860203624, 1664529.144612691830844 ], [ 3115935.873367946594954, 1664479.092628439888358 ], [ 3115931.710488845128566, 1664451.814888296183199 ], [ 3115931.708526676986367, 1664451.812705559656024 ], [ 3115931.603988938964903, 1664451.616098646540195 ], [ 3115922.806806631851941, 1664435.202966185519472 ], [ 3115914.76163425296545, 1664420.192647204268724 ], [ 3115914.407512480393052, 1664418.611817213706672 ], [ 3115912.875324011780322, 1664411.768649020697922 ], [ 3115911.595115948468447, 1664406.055950861424208 ], [ 3115909.267674372065812, 1664395.667861649300903 ], [ 3115902.601541712880135, 1664384.115065781865269 ], [ 3115894.028630548622459, 1664369.257727059070021 ], [ 3115893.521117865107954, 1664368.378104272764176 ], [ 3115893.572606014087796, 1664367.578910721931607 ], [ 3115893.586202688515186, 1664367.368519435171038 ], [ 3115893.84175189351663, 1664363.402843930292875 ], [ 3115895.674356904346496, 1664334.963308588834479 ], [ 3115894.193695562891662, 1664329.636809916933998 ], [ 3115889.18273798795417, 1664311.620712311239913 ], [ 3115887.015017154160887, 1664309.942194447619841 ], [ 3115878.453763153403997, 1664303.311355669051409 ], [ 3115869.483772536274046, 1664296.363929220009595 ], [ 3115865.694587178062648, 1664281.129958034493029 ], [ 3115867.520112688653171, 1664269.890732553321868 ], [ 3115871.682059550657868, 1664244.277561361435801 ], [ 3115875.842133735772222, 1664222.238296736031771 ], [ 3115876.986742594279349, 1664216.181257640710101 ], [ 3115877.294755941256881, 1664214.551427244674414 ], [ 3115879.822858919389546, 1664211.345578364329413 ], [ 3115883.623178572393954, 1664206.526262215338647 ], [ 3115884.352612171322107, 1664205.601579019334167 ], [ 3115886.281512051820755, 1664203.156428299611434 ], [ 3115891.148809135891497, 1664196.985160141251981 ], [ 3115891.282583608757704, 1664196.815717981895432 ], [ 3115908.855454893317074, 1664174.535060744034126 ], [ 3115909.450581869110465, 1664174.155833807773888 ], [ 3115909.4747059578076, 1664174.140460210153833 ], [ 3115955.107701157219708, 1664145.090759159997106 ], [ 3115956.107286036945879, 1664144.201051782350987 ], [ 3115956.292904443573207, 1664144.035754485055804 ], [ 3115957.107797010801733, 1664143.310074396664277 ], [ 3115959.520821494515985, 1664141.161111480789259 ], [ 3115960.770059437491, 1664140.048716967692599 ], [ 3115965.29991284571588, 1664136.014726976631209 ], [ 3115965.302642662078142, 1664136.011934095760807 ], [ 3115979.662446605041623, 1664135.040071178693324 ], [ 3115999.383880417328328, 1664136.636482599657029 ], [ 3116001.080232345499098, 1664136.773739859694615 ], [ 3116013.422946889419109, 1664137.773372582625598 ], [ 3116017.059357428923249, 1664138.814055935945362 ], [ 3116033.558280924800783, 1664143.53530462202616 ], [ 3116037.260044999420643, 1664144.595392707269639 ], [ 3116037.260044999420643, 1664044.428857562830672 ], [ 3116035.966838634572923, 1664042.519617270445451 ], [ 3116021.77277049748227, 1664021.564976325491443 ], [ 3116020.49738753028214, 1664013.209637751802802 ], [ 3116020.554161542095244, 1664012.941935942741111 ], [ 3116024.971018016338348, 1663992.018395763123408 ], [ 3116028.068664175923914, 1663977.344214644283056 ], [ 3116028.069443527143449, 1663977.340649492805824 ], [ 3116035.718510426580906, 1663939.939646649640054 ], [ 3116036.410818066447973, 1663936.555926404660568 ], [ 3116036.420610427856445, 1663936.508023879956454 ], [ 3116037.260044999420643, 1663932.405753748491406 ], [ 3116037.260044999420643, 1663649.732597001595423 ], [ 3116034.845107124652714, 1663651.555595513898879 ], [ 3116033.745133316610008, 1663652.348655873443931 ], [ 3116023.567698252387345, 1663659.686090426053852 ], [ 3116019.971590116620064, 1663662.279262426076457 ], [ 3116019.196318736299872, 1663662.838367445860058 ], [ 3116018.995756773278117, 1663662.91978529910557 ], [ 3116017.975058316718787, 1663663.334409246919677 ], [ 3115995.377570130862296, 1663672.508181436918676 ], [ 3115995.07506940793246, 1663672.631452922942117 ], [ 3115990.570036925375462, 1663674.461184385465458 ], [ 3115990.290303595364094, 1663674.574866325827315 ], [ 3115987.798708532936871, 1663675.586946107214317 ], [ 3115980.575168570037931, 1663680.464649584610015 ], [ 3115970.722795961424708, 1663687.117511329706758 ], [ 3115964.456148855853826, 1663690.56557785323821 ], [ 3115963.80286482302472, 1663691.593702261103317 ], [ 3115961.378144497983158, 1663694.358587698312476 ], [ 3115958.946726973168552, 1663706.054260716307908 ], [ 3115947.533560995012522, 1663728.207574338885024 ], [ 3115925.464231424964964, 1663777.680112957488745 ], [ 3115914.582775778137147, 1663803.524662509560585 ], [ 3115904.826678809709847, 1663836.741705631138757 ], [ 3115890.102705871220678, 1663862.867034880211577 ], [ 3115882.144609256181866, 1663876.987795382039621 ], [ 3115859.643781940452754, 1663913.41915901680477 ], [ 3115825.848526764661074, 1663952.562053744448349 ], [ 3115766.226853764150292, 1664011.56034125527367 ], [ 3115734.744021044578403, 1664040.214031267911196 ], [ 3115702.529923494905233, 1664074.290915433084592 ], [ 3115665.966329800430685, 1664120.723483756184578 ], [ 3115643.209726204164326, 1664155.685996019979939 ], [ 3115620.540745740756392, 1664201.227299888851121 ], [ 3115605.678572088479996, 1664241.633776200003922 ], [ 3115596.410586919635534, 1664278.045607355888933 ], [ 3115585.979628436267376, 1664306.839420109987259 ], [ 3115568.941887542139739, 1664332.993394335731864 ], [ 3115552.891142962500453, 1664350.400577328633517 ], [ 3115535.934952444396913, 1664377.297270958544686 ], [ 3115530.710426212288439, 1664399.136703799013048 ], [ 3115528.298602180555463, 1664414.183221688494086 ], [ 3115531.64274597261101, 1664420.667003363370895 ], [ 3115539.893979947082698, 1664433.868336589308456 ], [ 3115553.813951086252928, 1664448.358385691186413 ], [ 3115571.34120577480644, 1664466.260030418401584 ], [ 3115585.130682390648872, 1664490.105279082199559 ], [ 3115592.250801442656666, 1664511.321708848932758 ], [ 3115597.770692576188594, 1664532.05809118389152 ], [ 3115613.404119358863682, 1664547.765111146960407 ], [ 3115628.087386567611247, 1664572.46452328003943 ], [ 3115633.751033978536725, 1664589.140561605338007 ], [ 3115635.120583568699658, 1664608.325259771663696 ], [ 3115626.15860531013459, 1664631.315908050397411 ], [ 3115615.602653070352972, 1664654.078168497188017 ], [ 3115607.240602931007743, 1664681.000500112771988 ], [ 3115605.391511228866875, 1664704.525812094565481 ], [ 3115603.061230010353029, 1664725.107743112603202 ], [ 3115592.172673548571765, 1664745.310769149102271 ], [ 3115590.317540308460593, 1664748.753030902240425 ], [ 3115587.845088235568255, 1664761.000859018182382 ], [ 3115583.844456437043846, 1664780.816657598130405 ], [ 3115581.875288811512291, 1664790.571109197800979 ], [ 3115582.288887004368007, 1664813.704967098776251 ], [ 3115585.771483374759555, 1664831.515102237230167 ], [ 3115597.387011969927698, 1664881.968789431732148 ], [ 3115600.157906264066696, 1664915.540540365735069 ], [ 3115596.745937025174499, 1664934.039452924858779 ], [ 3115578.959311435930431, 1664975.709428837988526 ], [ 3115566.16656459402293, 1665009.45247862720862 ], [ 3115558.336624843068421, 1665044.859062592731789 ], [ 3115556.781444962136447, 1665065.306750896386802 ], [ 3115557.289450380951166, 1665072.530221317196265 ], [ 3115557.705998293124139, 1665078.447725548408926 ], [ 3115558.113709616474807, 1665084.245990965748206 ], [ 3115557.791159193497151, 1665087.695643655955791 ], [ 3115556.627274308819324, 1665100.14161936705932 ], [ 3115555.853203009814024, 1665104.877708862069994 ], [ 3115553.403003560379148, 1665119.869466713629663 ], [ 3115547.291226719040424, 1665141.105888922465965 ], [ 3115538.042284564115107, 1665167.425146340625361 ], [ 3115531.087098460178822, 1665193.348040426149964 ], [ 3115531.050672978162766, 1665213.532921133562922 ], [ 3115540.003300192765892, 1665246.53929819422774 ], [ 3115538.83586750458926, 1665274.739040432497859 ], [ 3115532.662985853850842, 1665285.84190686722286 ], [ 3115523.024520136415958, 1665303.17733069928363 ], [ 3115518.043146290816367, 1665312.137044404633343 ], [ 3115501.462662915699184, 1665341.491616116836667 ], [ 3115495.914473951794207, 1665353.817267801612616 ], [ 3115489.513611670583487, 1665368.037968133110553 ], [ 3115488.657232285477221, 1665369.940111588686705 ], [ 3115488.140312260948122, 1665372.363235318334773 ], [ 3115484.576911507640034, 1665389.05941062187776 ], [ 3115482.948369944933802, 1665415.382605308666825 ], [ 3115482.778577237855643, 1665418.125514591811225 ], [ 3115479.874238139018416, 1665450.157313711475581 ], [ 3115476.376796800643206, 1665469.21449768031016 ], [ 3115475.61918524838984, 1665473.342609577113762 ], [ 3115466.488188001327217, 1665485.012294416315854 ], [ 3115457.564721371978521, 1665491.602914240444079 ], [ 3115441.956419007387012, 1665503.131305078510195 ], [ 3115422.712655749171972, 1665515.038104242412373 ], [ 3115419.237828667275608, 1665516.684069140348583 ], [ 3115389.986575941089541, 1665530.539792177034542 ], [ 3115378.302765658125281, 1665540.423229052685201 ], [ 3115376.490092549938709, 1665541.956565451109782 ], [ 3115369.983978852629662, 1665555.189955968875438 ], [ 3115357.811614386737347, 1665603.203391447663307 ], [ 3115358.756418693810701, 1665612.737750207306817 ], [ 3115360.047872611321509, 1665625.769517281791195 ], [ 3115351.898865444585681, 1665644.079931584652513 ], [ 3115330.669426466338336, 1665664.654341058339924 ], [ 3115303.332039744593203, 1665685.024585770443082 ], [ 3115272.895117457024753, 1665701.139400047482923 ], [ 3115265.555339817423373, 1665717.039291413733736 ], [ 3115265.338349769823253, 1665731.454208476934582 ], [ 3115273.584601411595941, 1665745.665340601000935 ], [ 3115290.206803966313601, 1665782.641339216614142 ], [ 3115311.450155928730965, 1665826.132107272278517 ], [ 3115320.005171095021069, 1665834.236385446274653 ], [ 3115336.588043983094394, 1665845.327948408899829 ], [ 3115343.072780666407198, 1665849.665518143447116 ], [ 3115362.829921012744308, 1665868.148327752714977 ], [ 3115365.825487202033401, 1665870.950464596273378 ], [ 3115378.724668061360717, 1665891.671090501826257 ], [ 3115389.831176470965147, 1665916.485726406332105 ], [ 3115397.274750787764788, 1665957.320484185125679 ], [ 3115403.66808525333181, 1665991.274560459889472 ], [ 3115422.578903775662184, 1666019.278459232533351 ], [ 3115441.369158807210624, 1666030.655724762240425 ], [ 3115476.735810730140656, 1666038.911392979091033 ], [ 3115495.73640351369977, 1666035.622550117783248 ], [ 3115516.755323630291969, 1666029.714272981043905 ], [ 3115515.167926019057631, 1666039.321509096305817 ], [ 3115515.180541579145938, 1666039.737531081773341 ], [ 3115517.804087774362415, 1666126.391105175716802 ], [ 3115528.020285580307245, 1666159.525472460081801 ], [ 3115535.892623693682253, 1666185.057662025326863 ], [ 3115573.397967045661062, 1666231.283209734829143 ], [ 3115590.86266108462587, 1666243.71185859804973 ], [ 3115595.635345961898565, 1666247.108325675828382 ], [ 3115581.873159871902317, 1666260.95488961180672 ], [ 3115581.101399302482605, 1666261.731363917700946 ], [ 3115572.968814012594521, 1666278.273490705061704 ], [ 3115564.281704998575151, 1666330.980802145320922 ], [ 3115565.266231932677329, 1666342.083420625189319 ], [ 3115566.396120934747159, 1666354.829471440054476 ], [ 3115554.283289319835603, 1666405.103447975125164 ], [ 3115548.404846486635506, 1666436.297216364648193 ], [ 3115542.490553203038871, 1666467.681439332198352 ], [ 3115532.297917387448251, 1666492.476404844084755 ], [ 3115526.192344220355153, 1666507.328997992444783 ], [ 3115525.857494607102126, 1666508.143765260931104 ], [ 3115497.87618659157306, 1666514.500524037051946 ], [ 3115495.244835504330695, 1666527.063424565829337 ], [ 3115484.796403250657022, 1666598.23727794457227 ], [ 3115476.116504306904972, 1666651.195870550582185 ], [ 3115498.814401729032397, 1666663.586487268330529 ], [ 3115561.341184203512967, 1666697.719871733570471 ], [ 3115564.172295660246164, 1666699.26550167077221 ], [ 3115562.547431708313525, 1666708.627170474501327 ], [ 3115561.58062884118408, 1666742.089796003652737 ], [ 3115550.161541777662933, 1666777.109645795775577 ], [ 3115546.432760390918702, 1666801.480986858252436 ], [ 3115546.355923924595118, 1666801.983222973532975 ], [ 3115546.259700490161777, 1666805.894825413357466 ], [ 3115546.024460048880428, 1666815.445292902877554 ], [ 3115545.720029679127038, 1666827.821596654364839 ], [ 3115549.493528654798865, 1666829.596894532907754 ], [ 3115590.007026123814285, 1666848.658345101866871 ], [ 3115606.205070352181792, 1666854.935042839497328 ], [ 3115606.426684045232832, 1666855.109573110938072 ], [ 3115623.528968267142773, 1666868.584100508596748 ], [ 3115637.201702906750143, 1666878.324751871405169 ], [ 3115650.737226443365216, 1666897.169702853541821 ], [ 3115657.383764280937612, 1666910.901400537462905 ], [ 3115672.695846259128302, 1666912.729550166986883 ], [ 3115672.906381721608341, 1666912.754857626277953 ], [ 3115705.68186988029629, 1666898.000924913445488 ], [ 3115741.351659911684692, 1666872.40446152864024 ], [ 3115767.138522723224014, 1666861.887460827128962 ], [ 3115789.618905299343169, 1666859.509576429380104 ], [ 3115821.92891157604754, 1666891.500501973321661 ], [ 3115829.584100154228508, 1666941.631923822220415 ], [ 3115833.149024148471653, 1666964.977346161846071 ], [ 3115832.798113472294062, 1666971.394057418219745 ], [ 3115831.144530815072358, 1667001.646559241693467 ], [ 3115820.888897871598601, 1667044.284175348002464 ], [ 3115818.485086883883923, 1667088.337336638243869 ], [ 3115822.224355514161289, 1667102.824706 ], [ 3115825.217941020615399, 1667106.039692000485957 ], [ 3115833.146562154404819, 1667114.554917749715969 ], [ 3115839.335636103991419, 1667116.419352802447975 ], [ 3115852.289078929461539, 1667120.322079474339262 ], [ 3115850.979250680655241, 1667131.323069863254204 ], [ 3115850.295941774733365, 1667137.06230474403128 ], [ 3115854.573983852751553, 1667165.077173470752314 ], [ 3115855.084313256666064, 1667171.484677020693198 ], [ 3115856.238437830470502, 1667185.977072444744408 ], [ 3115840.111104941926897, 1667209.956499819876626 ], [ 3115831.129193146713078, 1667230.933738936437294 ], [ 3115828.555423583835363, 1667254.080546042416245 ], [ 3115829.527057075873017, 1667290.234783719293773 ], [ 3115831.328304572030902, 1667302.030358343152329 ], [ 3115842.83999959519133, 1667337.621506619499996 ], [ 3115854.212558660656214, 1667352.300652399891987 ], [ 3115873.836626272648573, 1667361.01132213906385 ], [ 3115888.184799050912261, 1667375.175554270856082 ], [ 3115897.814595161005855, 1667386.205794463166967 ], [ 3115902.914934797212481, 1667392.048405755776912 ], [ 3115918.075330896303058, 1667401.531775795621797 ], [ 3115946.370039375498891, 1667407.228026863420382 ], [ 3115997.564282591454685, 1667413.501266259234399 ], [ 3116022.207576983608305, 1667415.289569570682943 ], [ 3116037.260044999420643, 1667423.920723494142294 ], [ 3116037.260044999420643, 1665440.88117732363753 ], [ 3116036.591246342286468, 1665440.645782888866961 ] ] ] ] } },
{ "type": "Feature", "properties": { "ENP_GRAL": 5.0, "ENP_GRAL_NAME": "Espacios Protegidos Red Natura 2000", "color": "#A87000" }, "geometry": { "type": "MultiPolygon", "coordinates": [ [ [ [ 3107975.203451526816934, 1663112.146329382201657 ], [ 3107997.071317470632493, 1663135.346504397457466 ], [ 3108006.849617751780897, 1663149.795317393727601 ], [ 3108007.617875723168254, 1663158.994759212248027 ], [ 3108011.257505116052926, 1663182.831431085476652 ], [ 3108013.824191823601723, 1663187.968126157764345 ], [ 3108022.161358234472573, 1663204.65230704122223 ], [ 3108024.52313777897507, 1663224.187255223747343 ], [ 3108029.419618743471801, 1663264.688880645437166 ], [ 3108042.902811133302748, 1663319.86279851407744 ], [ 3108057.6992217018269, 1663354.882502403575927 ], [ 3108074.076013627462089, 1663375.250359878875315 ], [ 3108095.42549336515367, 1663395.261219295673072 ], [ 3108103.618625115603209, 1663400.00714243715629 ], [ 3108137.657455566339195, 1663419.724992499686778 ], [ 3108185.907278025522828, 1663442.136961712967604 ], [ 3108167.221794376149774, 1663410.817894803592935 ], [ 3108155.755060013383627, 1663385.310989354737103 ], [ 3108141.371442744974047, 1663352.994672156870365 ], [ 3108136.43492039386183, 1663333.16649428429082 ], [ 3108130.175285140052438, 1663321.134593184106052 ], [ 3108123.916078626178205, 1663309.102821468142793 ], [ 3108118.840796312317252, 1663292.325678697554395 ], [ 3108109.470287238247693, 1663243.249094127677381 ], [ 3108105.961228843778372, 1663224.434885574504733 ], [ 3108107.230243841186166, 1663203.783666152739897 ], [ 3108105.192763748113066, 1663186.479843121487647 ], [ 3108098.081790971569717, 1663172.830107136629522 ], [ 3108091.879308333154768, 1663157.00503140874207 ], [ 3108082.582177837379277, 1663116.744287767680362 ], [ 3108082.084516441449523, 1663101.191674831323326 ], [ 3108083.391301633790135, 1663080.786178801907226 ], [ 3108084.717547171749175, 1663056.341386235319078 ], [ 3108088.21025822404772, 1663033.79134753998369 ], [ 3108083.967092215083539, 1663022.67156574758701 ], [ 3108087.311342734843493, 1662990.814314260846004 ], [ 3108090.616568872705102, 1662967.035488096764311 ], [ 3108084.47143614385277, 1662947.416922415373847 ], [ 3108084.763476217165589, 1662928.70053490344435 ], [ 3108090.042477310169488, 1662897.012750380672514 ], [ 3108094.53030823264271, 1662876.812918132869527 ], [ 3108098.323244153521955, 1662856.228622810216621 ], [ 3108104.858395178802311, 1662836.935139858629555 ], [ 3108113.409895257093012, 1662818.553266164148226 ], [ 3108118.551964753773063, 1662815.139974138699472 ], [ 3108124.043026617262512, 1662817.971869903849438 ], [ 3108124.311487840022892, 1662818.403898374177516 ], [ 3108133.238683480769396, 1662832.773969566216692 ], [ 3108132.824296934064478, 1662838.394920206395909 ], [ 3108132.514459990896285, 1662852.826205937424675 ], [ 3108132.850308489054441, 1662863.362132836133242 ], [ 3108135.403374494984746, 1662871.747791881440207 ], [ 3108156.687237637117505, 1662903.625321611994877 ], [ 3108163.434408322907984, 1662918.851502788253129 ], [ 3108171.524056701455265, 1662922.2422848388087 ], [ 3108183.347991751041263, 1662917.166400576243177 ], [ 3108194.56679196562618, 1662899.583546455251053 ], [ 3108197.223617599811405, 1662893.838580802548677 ], [ 3108209.276695321314037, 1662867.775000411318615 ], [ 3108224.988292721100152, 1662838.567433170974255 ], [ 3108244.024237687699497, 1662810.29709518677555 ], [ 3108257.329033922869712, 1662787.9623968093656 ], [ 3108260.612089957110584, 1662782.451378575759009 ], [ 3108278.726569074206054, 1662760.64681184059009 ], [ 3108290.3860201863572, 1662733.654793326044455 ], [ 3108294.565532059408724, 1662719.561994353309274 ], [ 3108292.914725692011416, 1662708.749769099056721 ], [ 3108283.77432762645185, 1662698.478262795833871 ], [ 3108265.922657933551818, 1662693.248012931086123 ], [ 3108249.96829828619957, 1662687.941055480157956 ], [ 3108224.078336023725569, 1662674.318529650103301 ], [ 3108214.266578384209424, 1662669.155961754499003 ], [ 3108188.431118139997125, 1662661.02088390965946 ], [ 3108164.195934103801847, 1662667.742709250887856 ], [ 3108147.35923607647419, 1662678.536882292246446 ], [ 3108146.402885106857866, 1662679.149964087642729 ], [ 3108144.725462372414768, 1662677.833562173880637 ], [ 3108130.60665287123993, 1662666.752893254393712 ], [ 3108113.566131881903857, 1662645.995444921543822 ], [ 3108095.22829975374043, 1662629.24646931909956 ], [ 3108070.90358804538846, 1662614.543946505757049 ], [ 3108066.791059645358473, 1662608.446232271380723 ], [ 3108060.476327412761748, 1662591.883680029306561 ], [ 3108060.427319527138025, 1662590.877873032120988 ], [ 3108059.877548331394792, 1662579.627981535159051 ], [ 3108063.605451963376254, 1662570.910409455420449 ], [ 3108070.494453033432364, 1662566.437308460939676 ], [ 3108100.622175973840058, 1662561.216576340841129 ], [ 3108121.757618651725352, 1662555.031637140084058 ], [ 3108129.798267353326082, 1662551.135185417952016 ], [ 3108137.094136729836464, 1662547.599846373312175 ], [ 3108151.737122065387666, 1662540.504050843417645 ], [ 3108154.813794687390327, 1662531.899341751122847 ], [ 3108157.866106907837093, 1662518.758681663312018 ], [ 3108151.156741348095238, 1662503.778144160052761 ], [ 3108130.559640037827194, 1662480.357888977276161 ], [ 3108118.979100918862969, 1662462.43784922384657 ], [ 3108108.614248229190707, 1662438.26345982006751 ], [ 3108108.207585855852813, 1662437.314986321376637 ], [ 3108111.268201501108706, 1662416.101204082835466 ], [ 3108114.300974562764168, 1662406.99943560641259 ], [ 3108122.167258750647306, 1662400.591770098777488 ], [ 3108128.992398936767131, 1662397.53533295635134 ], [ 3108146.973669596016407, 1662389.482772607589141 ], [ 3108152.247957167215645, 1662382.767429115483537 ], [ 3108158.088270721957088, 1662363.08982344972901 ], [ 3108166.468681089580059, 1662356.088517883326858 ], [ 3108182.96979031804949, 1662352.472629810450599 ], [ 3108196.907887086737901, 1662356.867750873789191 ], [ 3108213.220148518681526, 1662331.592134537175298 ], [ 3108217.606988728046417, 1662314.68877371866256 ], [ 3108216.481472716666758, 1662307.316691228654236 ], [ 3108209.685737720225006, 1662287.810984849464148 ], [ 3108203.840871512889862, 1662270.158216433366761 ], [ 3108203.671054448466748, 1662269.045916976872832 ], [ 3108202.494506154209375, 1662261.339537838473916 ], [ 3108202.077557429205626, 1662258.608526383759454 ], [ 3108203.449581924825907, 1662255.091821471694857 ], [ 3108207.617965628392994, 1662236.965449231211096 ], [ 3108204.091340820305049, 1662213.865978250512853 ], [ 3108205.32354278024286, 1662192.969395582564175 ], [ 3108209.061455105897039, 1662167.854709410574287 ], [ 3108213.304864785633981, 1662150.219531392911449 ], [ 3108226.392128498293459, 1662124.2416256677825 ], [ 3108228.63528203079477, 1662118.303765604505315 ], [ 3108252.784247441217303, 1662107.056725456845015 ], [ 3108264.940292020328343, 1662105.561502429423854 ], [ 3108291.991449994035065, 1662102.233497976092622 ], [ 3108302.96960180439055, 1662100.883254045620561 ], [ 3108316.12360859522596, 1662100.283104957547039 ], [ 3108328.656820358708501, 1662099.711220004595816 ], [ 3108342.162620237097144, 1662105.442590148421004 ], [ 3108353.643863722681999, 1662113.379487863741815 ], [ 3108372.503636611625552, 1662126.417809196049348 ], [ 3108390.286917125806212, 1662131.407964037498459 ], [ 3108396.585401356220245, 1662135.361386133125052 ], [ 3108397.98681804491207, 1662141.927425979170948 ], [ 3108400.422725342214108, 1662153.340278785210103 ], [ 3108403.178784901276231, 1662166.252646238775924 ], [ 3108402.305677323136479, 1662176.997932162834331 ], [ 3108395.394913267344236, 1662193.834043498383835 ], [ 3108388.892134934198111, 1662204.797942575532943 ], [ 3108388.043575044721365, 1662220.079231627751142 ], [ 3108390.444628005847335, 1662235.806326401652768 ], [ 3108395.925679701380432, 1662255.035448818001896 ], [ 3108398.230064540170133, 1662282.634200401138514 ], [ 3108397.78761288151145, 1662300.367301023099571 ], [ 3108390.813357042614371, 1662320.745655997656286 ], [ 3108381.641758653335273, 1662339.234816374955699 ], [ 3108380.2614043103531, 1662350.824525323230773 ], [ 3108382.324745578225702, 1662364.340028971200809 ], [ 3108388.090985108166933, 1662398.149589475011453 ], [ 3108395.335382454097271, 1662428.928141614655033 ], [ 3108398.560044784564525, 1662458.385594845283777 ], [ 3108403.008487191051245, 1662475.019173956243321 ], [ 3108411.732430447358638, 1662499.235473352018744 ], [ 3108419.47633804846555, 1662508.487771391868591 ], [ 3108429.995246943552047, 1662515.493398753460497 ], [ 3108429.169841260649264, 1662510.087099438067526 ], [ 3108430.10169958230108, 1662487.224521910073236 ], [ 3108432.571530248969793, 1662474.436779771931469 ], [ 3108441.873858760576695, 1662460.969986052485183 ], [ 3108450.50063783954829, 1662443.079684530152008 ], [ 3108460.347658975981176, 1662429.014056374551728 ], [ 3108463.024846233427525, 1662413.415901175700128 ], [ 3108463.317068292759359, 1662394.699665649794042 ], [ 3108464.361611428670585, 1662372.574112459784374 ], [ 3108479.220457806251943, 1662350.072955073323101 ], [ 3108494.438076233491302, 1662317.420104831689969 ], [ 3108498.579311623238027, 1662307.960284322034568 ], [ 3108516.423167085275054, 1662267.199202545685694 ], [ 3108523.184846905991435, 1662254.338754991302267 ], [ 3108535.97554925782606, 1662230.01194584206678 ], [ 3108544.179960137698799, 1662215.698885568184778 ], [ 3108569.365718950051814, 1662171.761479585198686 ], [ 3108569.835321311838925, 1662169.51048769406043 ], [ 3108570.26762231066823, 1662167.439294930780306 ], [ 3108575.208152513019741, 1662143.76003083284013 ], [ 3108573.096093529369682, 1662125.965007253689691 ], [ 3108573.307078232988715, 1662106.506427383748814 ], [ 3108576.196211230009794, 1662096.673156759236008 ], [ 3108581.163893634919077, 1662087.740841034799814 ], [ 3108601.006528301164508, 1662072.290023683104664 ], [ 3108606.438693793490529, 1662068.060025203507394 ], [ 3108609.912089365534484, 1662065.355506525142118 ], [ 3108623.846800717990845, 1662044.009283390827477 ], [ 3108624.764575314708054, 1662042.603224230464548 ], [ 3108630.159949988126755, 1662024.333647608757019 ], [ 3108630.574213990941644, 1662022.931183524196967 ], [ 3108630.313268996309489, 1662021.83477782108821 ], [ 3108627.984844096004963, 1662012.052636627806351 ], [ 3108627.114777013659477, 1662008.396750467829406 ], [ 3108613.010644252412021, 1661990.409326066495851 ], [ 3108597.589547928422689, 1661980.469562546582893 ], [ 3108584.460735923144966, 1661968.871479721507058 ], [ 3108581.803506814874709, 1661963.351672178832814 ], [ 3108576.167302542831749, 1661951.642980361124501 ], [ 3108573.953980148769915, 1661937.144897047430277 ], [ 3108574.623621199745685, 1661912.562103536678478 ], [ 3108574.514971859753132, 1661911.206853584153578 ], [ 3108572.550799806602299, 1661886.688719588331878 ], [ 3108570.184849642217159, 1661874.337173052830622 ], [ 3108569.417549553327262, 1661870.332051137229428 ], [ 3108576.02641436457634, 1661859.854252499528229 ], [ 3108591.972603156231344, 1661873.234315974172205 ], [ 3108609.753780696541071, 1661886.548802722012624 ], [ 3108632.923154221847653, 1661914.315683083143085 ], [ 3108644.730774831958115, 1661925.386277171084657 ], [ 3108657.428992241155356, 1661929.99640736496076 ], [ 3108664.182485501281917, 1661928.826245713979006 ], [ 3108669.703487970866263, 1661927.869617495685816 ], [ 3108683.181747847236693, 1661916.958201584871858 ], [ 3108691.970379541628063, 1661904.085002567619085 ], [ 3108700.785106286872178, 1661887.423973816679791 ], [ 3108702.962875744327903, 1661887.641744557302445 ], [ 3108723.854174353182316, 1661889.732497065793723 ], [ 3108748.199322770815343, 1661888.904529415303841 ], [ 3108763.816027600318193, 1661888.373508452903479 ], [ 3108787.251969110686332, 1661887.576568109448999 ], [ 3108856.543387287762016, 1661907.352719360264018 ], [ 3108857.602033591363579, 1661891.743275638436899 ], [ 3108858.415877964347601, 1661879.743441924219951 ], [ 3108862.758297158405185, 1661815.724087205948308 ], [ 3108866.059417646378279, 1661775.570554999634624 ], [ 3107952.647855000570416, 1661775.570554999634624 ], [ 3107952.647855000570416, 1663119.702779735205695 ], [ 3107975.203451526816934, 1663112.146329382201657 ] ] ], [ [ [ 3111146.924770158715546, 1661783.021440018434078 ], [ 3111153.076133464928716, 1661796.086283426033333 ], [ 3111160.454653759486973, 1661811.757938625756651 ], [ 3111180.304138679988682, 1661853.918296616757289 ], [ 3111183.730552892200649, 1661858.160174658987671 ], [ 3111197.592719379812479, 1661875.321943941526115 ], [ 3111205.197561031207442, 1661884.737059909850359 ], [ 3111220.161407561041415, 1661903.262700432445854 ], [ 3111228.250837453640997, 1661911.030785730108619 ], [ 3111233.003149317577481, 1661915.594231899827719 ], [ 3111268.668554821051657, 1661949.842435993021354 ], [ 3111270.676429665647447, 1661951.770446736831218 ], [ 3111302.820071894675493, 1661976.21902889572084 ], [ 3111304.929172292817384, 1661978.051825310802087 ], [ 3111332.993243122473359, 1662002.438302145106718 ], [ 3111357.035115966573358, 1662023.329363417578861 ], [ 3111404.046529133804142, 1662061.598022076301277 ], [ 3111432.414998467545956, 1662086.95278578530997 ], [ 3111477.441192326601595, 1662054.688714483054355 ], [ 3111540.458716102875769, 1662024.606098549906164 ], [ 3111578.655504066031426, 1662005.12749590864405 ], [ 3111622.944870701991022, 1661993.674106226302683 ], [ 3111690.300051840953529, 1661966.371949477121234 ], [ 3111823.678435113746673, 1661932.428607021691278 ], [ 3111925.343840449117124, 1661901.455723224906251 ], [ 3111919.103313609026372, 1661854.108430380467325 ], [ 3111903.067397993989289, 1661813.249577766517177 ], [ 3111906.710422459058464, 1661815.645623828750104 ], [ 3111927.233920719474554, 1661830.251993306912482 ], [ 3111961.764850433915854, 1661844.703145545674488 ], [ 3111992.048476221971214, 1661844.251295070163906 ], [ 3112016.014494280330837, 1661834.300176037009805 ], [ 3112041.477134362794459, 1661836.448913263389841 ], [ 3112055.206415450200438, 1661847.187589233275503 ], [ 3112087.71208548778668, 1661873.59170918725431 ], [ 3112104.238433495163918, 1661869.721131020225585 ], [ 3112132.197984590195119, 1661860.087344358908013 ], [ 3112163.831210904754698, 1661852.844247667351738 ], [ 3112184.749897640198469, 1661840.646277436986566 ], [ 3112203.270581068471074, 1661824.827978630783036 ], [ 3112204.241944395005703, 1661825.867763786343858 ], [ 3112216.656902157701552, 1661839.156972746597603 ], [ 3112246.709600530564785, 1661876.398996319621801 ], [ 3112249.695124950259924, 1661880.09841987863183 ], [ 3112314.632059169467539, 1661922.831368662882596 ], [ 3112390.877740527503192, 1661964.61476169899106 ], [ 3112450.765648591332138, 1661980.729083857731894 ], [ 3112487.501314495224506, 1661987.160526569467038 ], [ 3112505.815318903885782, 1661990.366765200858936 ], [ 3112538.277576301246881, 1661998.864142534323037 ], [ 3112555.691162146162242, 1662003.422462294111028 ], [ 3112688.404244210571051, 1662032.655231632990763 ], [ 3112723.879720747936517, 1662048.708829288138077 ], [ 3112752.328008850570768, 1662103.561452380381525 ], [ 3112826.40764479059726, 1662168.673499740893021 ], [ 3112800.197800290770829, 1662244.592177611077204 ], [ 3112817.171818124130368, 1662312.024914572946727 ], [ 3112824.029569583013654, 1662381.965792395640165 ], [ 3112825.914364168420434, 1662416.432665586471558 ], [ 3112826.271510028280318, 1662422.961965246824548 ], [ 3112826.694106889888644, 1662430.689117103582248 ], [ 3112823.223206760827452, 1662476.943591924384236 ], [ 3112806.27429120009765, 1662510.145486280787736 ], [ 3112787.389687209855765, 1662531.424216310027987 ], [ 3112778.502815471030772, 1662541.437898230273277 ], [ 3112777.680159384384751, 1662543.796912895748392 ], [ 3112758.187368865124881, 1662599.689237309619784 ], [ 3112718.83718023262918, 1662649.129294659709558 ], [ 3112932.695330591872334, 1662745.782629400026053 ], [ 3113219.12750175781548, 1662763.031671246746555 ], [ 3113249.982929493300617, 1662783.416839162353426 ], [ 3113309.743647475261241, 1662825.195980007061735 ], [ 3113322.855035929940641, 1662834.362228637561202 ], [ 3113365.470456955488771, 1662857.655521421926096 ], [ 3113374.020689357072115, 1662862.32942188042216 ], [ 3113453.380414288025349, 1662924.510955001460388 ], [ 3113501.677186836488545, 1662947.267925312044099 ], [ 3113510.905123462434858, 1662951.615993504878134 ], [ 3113504.319124392233789, 1662954.581743241054937 ], [ 3113262.156461089849472, 1663039.087770097889006 ], [ 3113195.73327570874244, 1663062.695009010611102 ], [ 3113148.066429403610528, 1663075.99237705161795 ], [ 3113114.153994685970247, 1663085.165063209366053 ], [ 3113096.245979678817093, 1663090.009023141581565 ], [ 3113023.722298597916961, 1663094.494412330677733 ], [ 3112986.847475821617991, 1663104.914712288649753 ], [ 3112962.491831723134965, 1663120.229952164459974 ], [ 3112921.260265581309795, 1663147.547481250949204 ], [ 3112895.896570224780589, 1663160.01045064185746 ], [ 3112800.471998956054449, 1663192.675754045601934 ], [ 3112748.213228847831488, 1663207.778053096029907 ], [ 3112690.371395180001855, 1663230.909474238287657 ], [ 3112647.770108107943088, 1663253.419991987990215 ], [ 3112611.097021838650107, 1663286.002143169054762 ], [ 3112571.949742786586285, 1663298.834422735497355 ], [ 3112548.632099530659616, 1663310.943475420353934 ], [ 3112538.725861106999218, 1663322.747970024123788 ], [ 3112514.771184293087572, 1663351.110302147455513 ], [ 3112492.999911973252892, 1663370.014163789572194 ], [ 3112470.948037957306951, 1663382.912963147973642 ], [ 3112375.855361027643085, 1663417.540317028993741 ], [ 3112281.734283714555204, 1663475.205079979961738 ], [ 3112239.546368583105505, 1663495.626787712797523 ], [ 3112173.037823976948857, 1663524.295928785344586 ], [ 3112139.935298013966531, 1663536.082155747339129 ], [ 3112086.136534755118191, 1663568.604195130756125 ], [ 3112071.636552696116269, 1663576.15981968306005 ], [ 3112055.242774035315961, 1663586.752175911562517 ], [ 3112046.036671845242381, 1663592.700394041836262 ], [ 3112041.344487269409001, 1663608.646930313436314 ], [ 3112042.668293870985508, 1663621.185361040290445 ], [ 3112042.91359681263566, 1663623.509037506766617 ], [ 3112081.292316975072026, 1663660.247137868776917 ], [ 3112104.809576606377959, 1663683.41576384101063 ], [ 3112134.671407331246883, 1663707.139813542598858 ], [ 3112187.180990692228079, 1663748.85716042900458 ], [ 3112216.342630522325635, 1663783.155394276371226 ], [ 3112238.356909506954253, 1663806.559541824273765 ], [ 3112248.170108606107533, 1663816.992441194597632 ], [ 3112262.343437518458813, 1663827.965012405766174 ], [ 3112276.925784667022526, 1663839.253993214806542 ], [ 3112304.263631938025355, 1663872.85937216761522 ], [ 3112308.638638137839735, 1663890.262755939271301 ], [ 3112306.507766938302666, 1663901.730136025696993 ], [ 3112289.28004411701113, 1663928.927955836523324 ], [ 3112287.582235521636903, 1663934.295286440756172 ], [ 3112284.21577622089535, 1663944.938838073983788 ], [ 3112275.001757197082043, 1663954.605936684180051 ], [ 3112261.555963029153645, 1663961.979306860594079 ], [ 3112240.266484982334077, 1663964.656876123743132 ], [ 3112192.05617688735947, 1663968.969927341910079 ], [ 3112158.005980369634926, 1663971.840066366363317 ], [ 3112150.005700048059225, 1663980.287796134827659 ], [ 3112155.101967925205827, 1663989.494893761817366 ], [ 3112179.38506230711937, 1664013.211310279555619 ], [ 3112181.425391757395118, 1664015.204286738997325 ], [ 3112182.511917972005904, 1664015.915911628631875 ], [ 3112183.083166535012424, 1664016.289982720976695 ], [ 3112197.262421827763319, 1664025.578097758814692 ], [ 3112203.86107571516186, 1664031.915626154048368 ], [ 3112231.972720688208938, 1664058.915577878244221 ], [ 3112263.899688586592674, 1664078.61031233263202 ], [ 3112302.034259124659002, 1664108.328186614438891 ], [ 3112360.389324570540339, 1664138.580280604539439 ], [ 3112382.16654675360769, 1664143.88950812490657 ], [ 3112395.613932354841381, 1664142.569716870086268 ], [ 3112411.204856093972921, 1664139.869822227396071 ], [ 3112433.719441339373589, 1664140.00670769950375 ], [ 3112456.385605409741402, 1664147.180031471885741 ], [ 3112491.872799369506538, 1664148.097381250467151 ], [ 3112553.32482897117734, 1664146.536330041941255 ], [ 3112557.382044803351164, 1664146.562363573582843 ], [ 3112616.354006999637932, 1664146.943156502209604 ], [ 3112643.197431485634297, 1664147.116598153021187 ], [ 3112687.728698689956218, 1664148.064608334796503 ], [ 3112689.89512076927349, 1664148.110725166508928 ], [ 3112686.216569984331727, 1664153.028985964599997 ], [ 3112607.536847888492048, 1664258.221440901514143 ], [ 3112529.386976240668446, 1664363.398266921052709 ], [ 3112373.515476489439607, 1664573.179162992862985 ], [ 3112368.346989385783672, 1664623.512457115575671 ], [ 3112325.680067228619009, 1664685.384641653159633 ], [ 3112325.240591484121978, 1664686.935823381645605 ], [ 3112318.464585226029158, 1664710.84893543459475 ], [ 3112322.046705312561244, 1664797.154385906411335 ], [ 3112323.400505187921226, 1664829.769686348270625 ], [ 3112326.918753721285611, 1664914.526687779929489 ], [ 3112327.206846691668034, 1664921.466295928694308 ], [ 3112324.887492184527218, 1664923.012889484874904 ], [ 3112313.924395687878132, 1664930.324564640875906 ], [ 3112301.038243450690061, 1664962.824841519352049 ], [ 3112290.883310185745358, 1664992.581837868783623 ], [ 3112278.473555135075003, 1665014.657814104808494 ], [ 3112272.636467872653157, 1665028.203832914121449 ], [ 3112266.845280130393803, 1665041.643030544742942 ], [ 3112257.116341594606638, 1665055.738308744039387 ], [ 3112235.009653096087277, 1665087.766871442552656 ], [ 3112214.625996007118374, 1665119.29529861244373 ], [ 3112202.366842581424862, 1665142.354336405405775 ], [ 3112194.980186603963375, 1665169.614062796346843 ], [ 3112184.394411128945649, 1665182.79807979403995 ], [ 3112168.882061452139169, 1665198.096559099154547 ], [ 3112149.997769524343312, 1665219.023966147331521 ], [ 3112131.059687849134207, 1665246.266376273706555 ], [ 3112113.413596702739596, 1665275.303081831196323 ], [ 3112093.217792703770101, 1665308.060478277271613 ], [ 3112074.699092544615269, 1665338.257519223727286 ], [ 3112063.709039306733757, 1665369.420626579551026 ], [ 3112058.975409981794655, 1665389.792678680503741 ], [ 3112058.915854155085981, 1665390.049379999749362 ], [ 3112057.296837756410241, 1665397.01622436195612 ], [ 3112050.378675732761621, 1665426.717374364845455 ], [ 3112034.590546162799001, 1665439.793610110878944 ], [ 3112032.855063356924802, 1665441.227325403597206 ], [ 3112030.851737013086677, 1665442.882480802945793 ], [ 3112016.820671586319804, 1665454.474260337883607 ], [ 3112002.685219415929168, 1665465.246389386011288 ], [ 3111952.14963043667376, 1665478.286925042746589 ], [ 3111923.087483975104988, 1665487.356203215196729 ], [ 3111884.676129098981619, 1665497.28835595655255 ], [ 3111852.514299051836133, 1665506.894632475683466 ], [ 3111814.253026797436178, 1665517.809443384874612 ], [ 3111774.358803116716444, 1665531.781963038723916 ], [ 3111755.177833150140941, 1665543.68031291407533 ], [ 3111743.71963236713782, 1665558.024863889440894 ], [ 3111723.531731410883367, 1665563.539178855717182 ], [ 3111721.847461616620421, 1665563.508115203119814 ], [ 3111707.738783128559589, 1665563.247923595365137 ], [ 3111677.745083064772189, 1665566.425021381350234 ], [ 3111634.935768978204578, 1665574.848741753958166 ], [ 3111587.250273685902357, 1665586.13519167015329 ], [ 3111558.910890435799956, 1665593.061836724635214 ], [ 3111527.444216181524098, 1665593.467203109757975 ], [ 3111508.545085062272847, 1665593.461690427502617 ], [ 3111480.081413328647614, 1665586.031991076422855 ], [ 3111462.177108343690634, 1665578.791347716934979 ], [ 3111446.346837358083576, 1665578.254237465560436 ], [ 3111430.25029806047678, 1665583.060316588031128 ], [ 3111420.80994641315192, 1665589.992369601503015 ], [ 3111415.976781371049583, 1665606.468441330594942 ], [ 3111419.822665907908231, 1665645.404410208342597 ], [ 3111422.664777727797627, 1665668.475025964900851 ], [ 3111424.203767615836114, 1665680.968253323342651 ], [ 3111429.795288795139641, 1665717.583468139404431 ], [ 3111434.026443149894476, 1665752.164445672184229 ], [ 3111438.798367653973401, 1665769.247092401841655 ], [ 3111437.134021749254316, 1665777.347794229630381 ], [ 3111434.929517866577953, 1665788.078698895638809 ], [ 3111421.77333725662902, 1665812.554686142364517 ], [ 3111416.323122260160744, 1665818.295017794473097 ], [ 3111408.015177079010755, 1665827.045378414681181 ], [ 3111394.485436000395566, 1665845.532391175860539 ], [ 3111392.806876011192799, 1665846.831994588719681 ], [ 3111373.622806486673653, 1665865.794004517840222 ], [ 3111369.812560339923948, 1665882.093080683378503 ], [ 3111378.426426144316792, 1665897.248987887520343 ], [ 3111391.347386843524873, 1665919.982877012575045 ], [ 3111400.507891211193055, 1665945.386046937899664 ], [ 3111414.132415084168315, 1665979.601340952562168 ], [ 3111423.264367267489433, 1665973.983651029644534 ], [ 3111433.350617989897728, 1665967.948331605410203 ], [ 3111449.193876717239618, 1665954.609815493691713 ], [ 3111465.108899590093642, 1665948.826351257972419 ], [ 3111481.624351018574089, 1665946.974573262967169 ], [ 3111494.736828597262502, 1665936.379250379279256 ], [ 3111514.677662597969174, 1665922.583410039311275 ], [ 3111533.596004594117403, 1665908.964584663277492 ], [ 3111547.543584263883531, 1665896.963646153220907 ], [ 3111566.311553384643048, 1665882.362028747564182 ], [ 3111581.738695756532252, 1665873.383592691970989 ], [ 3111592.655378880910575, 1665862.159980204422027 ], [ 3111609.978198364842683, 1665851.844266394153237 ], [ 3111627.066262484528124, 1665846.866601255955175 ], [ 3111635.121565882116556, 1665844.971089839702472 ], [ 3111643.31279621925205, 1665843.043663935968652 ], [ 3111647.556086997501552, 1665854.163988776039332 ], [ 3111651.613336910493672, 1665864.669385756365955 ], [ 3111653.765259413514286, 1665870.24080203496851 ], [ 3111630.977824236266315, 1665893.10587671934627 ], [ 3111626.144653963856399, 1665909.582068547373638 ], [ 3111616.647606667131186, 1665929.893050380749628 ], [ 3111615.333351574838161, 1665948.786683093989268 ], [ 3111591.035416511353105, 1665968.634198072832078 ], [ 3111543.793137114495039, 1666010.113213523989543 ], [ 3111525.362979788333178, 1666026.926457775989547 ], [ 3111497.123625419102609, 1666048.465826414292678 ], [ 3111465.008767241612077, 1666079.000701685901731 ], [ 3111437.738638032227755, 1666106.678248266456649 ], [ 3111411.310478474479169, 1666133.201131142908707 ], [ 3111382.529768848791718, 1666157.861349192913622 ], [ 3111334.643629368394613, 1666199.704552727285773 ], [ 3111333.361469524912536, 1666200.683164900634438 ], [ 3111333.237688413821161, 1666200.704605146776885 ], [ 3111308.006411081179976, 1666213.399282900849357 ], [ 3111298.265702308155596, 1666218.365655001718551 ], [ 3111294.187551640439779, 1666219.576527558732778 ], [ 3111277.09938167501241, 1666224.554664587136358 ], [ 3111266.23128844704479, 1666227.877975469920784 ], [ 3111264.475346918683499, 1666228.414797327015549 ], [ 3111261.630488927010447, 1666228.44040978862904 ], [ 3111245.073443687986583, 1666228.588828468695283 ], [ 3111238.588825915008783, 1666232.613159133819863 ], [ 3111203.974843285512179, 1666254.095261964481324 ], [ 3111200.219870212487876, 1666256.425624768249691 ], [ 3110913.552088988944888, 1666434.336881866212934 ], [ 3110882.324835384264588, 1666455.89015287370421 ], [ 3110851.951968573965132, 1666434.918604166712612 ], [ 3110833.265959330368787, 1666417.976156061980873 ], [ 3110817.114929182454944, 1666395.549586827633902 ], [ 3110729.447067351080477, 1666446.05113541171886 ], [ 3110701.081024384126067, 1666465.091194936074317 ], [ 3110651.020799781195819, 1666493.943261756794527 ], [ 3110619.31914647622034, 1666517.596895233727992 ], [ 3110520.958641426637769, 1666602.239374249707907 ], [ 3110485.532849034294486, 1666627.547571738017723 ], [ 3110423.187394714448601, 1666654.492716198321432 ], [ 3110453.204642753582448, 1666678.552621287060902 ], [ 3110482.871579992584884, 1666704.691512952791527 ], [ 3110525.532899403013289, 1666752.794529402861372 ], [ 3110569.393421493005008, 1666802.707922472851351 ], [ 3110608.299792001023889, 1666857.542615497251973 ], [ 3110609.886626393534243, 1666859.779384255409241 ], [ 3110618.378109351731837, 1666871.747224140213802 ], [ 3110620.395671042613685, 1666874.590440802043304 ], [ 3110525.680967284366488, 1666967.682748328428715 ], [ 3110460.929179235361516, 1667049.326828353106976 ], [ 3110441.012832384556532, 1667074.439188589574769 ], [ 3110406.008293163962662, 1667118.57622129865922 ], [ 3110428.917058385908604, 1667135.762550065759569 ], [ 3110463.731676410883665, 1667161.881020297296345 ], [ 3110469.567817164584994, 1667166.259356272406876 ], [ 3110476.533423121087253, 1667171.485011958051473 ], [ 3110532.409698836505413, 1667213.403813442680985 ], [ 3110532.412178799044341, 1667213.40005412674509 ], [ 3110532.678361762315035, 1667213.605077285319567 ], [ 3110531.312435249798, 1667215.055434506153688 ], [ 3110530.114081479609013, 1667216.327833371469751 ], [ 3110345.237039979081601, 1667412.632195443147793 ], [ 3110282.110566819086671, 1667597.117043797159567 ], [ 3110223.63415049854666, 1667780.796942052664235 ], [ 3110127.997652297839522, 1667957.799295452423394 ], [ 3110134.978156547062099, 1667961.634740786859766 ], [ 3110208.597979762591422, 1667829.816519744461402 ], [ 3110241.050238029100001, 1667784.84243908082135 ], [ 3110269.905463059898466, 1667779.84269558917731 ], [ 3110284.65449007647112, 1667765.179183370433748 ], [ 3110324.040519061498344, 1667766.426951325731352 ], [ 3110359.976674164645374, 1667770.290577962528914 ], [ 3110393.344854725524783, 1667773.590155304176733 ], [ 3110427.781293482519686, 1667773.677481964929029 ], [ 3110458.573017572052777, 1667765.315606223186478 ], [ 3110477.048305607866496, 1667755.051614836789668 ], [ 3110499.657884153537452, 1667734.990373329957947 ], [ 3110521.499872976448387, 1667720.106935609830543 ], [ 3110555.059686170890927, 1667709.247501296224073 ], [ 3110575.992371254600585, 1667709.656822757329792 ], [ 3110595.439453766215593, 1667716.377220676047727 ], [ 3110634.526710607111454, 1667734.830289682140574 ], [ 3110665.555608231574297, 1667754.679378316970542 ], [ 3110712.837225872091949, 1667775.748469958081841 ], [ 3110813.887330827303231, 1667665.413809725083411 ], [ 3110844.378831437788904, 1667655.086366085568443 ], [ 3110912.540115230716765, 1667596.863725743722171 ], [ 3110985.58259704336524, 1667567.056834088871256 ], [ 3111103.380565274972469, 1667451.804440742358565 ], [ 3111115.355593751184642, 1667466.882752337958664 ], [ 3111145.94759038137272, 1667493.870828052051365 ], [ 3111173.102028170600533, 1667514.391271339263767 ], [ 3111183.182061651721597, 1667517.689877437893301 ], [ 3111210.484685939271003, 1667533.139922318747267 ], [ 3111218.020722028799355, 1667543.942267027683556 ], [ 3111168.211892527528107, 1667611.092708735261112 ], [ 3111140.19354263227433, 1667648.234304937068373 ], [ 3111197.07866251654923, 1667668.649178190622479 ], [ 3111212.708953343797475, 1667677.040480141760781 ], [ 3111237.119563773740083, 1667695.009710588958114 ], [ 3111265.585228690877557, 1667713.284997278125957 ], [ 3111294.605205083731562, 1667719.356669905828312 ], [ 3111382.284138699062169, 1667737.464497088687494 ], [ 3111430.980644395574927, 1667741.136623369995505 ], [ 3111540.050669049844146, 1667754.530323083512485 ], [ 3111582.314207756891847, 1667769.407189520075917 ], [ 3111638.527711977250874, 1667774.804390867939219 ], [ 3111675.896778546273708, 1667783.465826 ], [ 3111702.43482200615108, 1667783.914088998222724 ], [ 3111737.130852779839188, 1667801.110621155705303 ], [ 3111727.872286215424538, 1667813.813334034755826 ], [ 3111702.069271238520741, 1667847.543643340701237 ], [ 3111626.860380169935524, 1667948.353947508148849 ], [ 3111614.754587945528328, 1667973.657953613903373 ], [ 3111586.315952434204519, 1668034.078979320358485 ], [ 3111670.776546207256615, 1668097.140630138106644 ], [ 3111918.649065347388387, 1668292.326131109846756 ], [ 3111950.877306424081326, 1668313.986371414503083 ], [ 3111951.34383711963892, 1668333.07627878524363 ], [ 3111925.252955563366413, 1668414.279492342146114 ], [ 3111928.01087470119819, 1668426.918845533858985 ], [ 3111948.86457338463515, 1668437.432457610033453 ], [ 3111966.359919649083167, 1668431.374739948194474 ], [ 3111995.633849167730659, 1668397.043033897643909 ], [ 3112013.099414236377925, 1668364.756918282713741 ], [ 3112015.274970836937428, 1668337.137107775779441 ], [ 3112011.520996471866965, 1668312.562555057927966 ], [ 3112008.968258360400796, 1668295.851800578180701 ], [ 3112023.689083993434906, 1668274.131007784977555 ], [ 3112034.719307093881071, 1668246.995411903597414 ], [ 3112032.617138915229589, 1668233.233509269542992 ], [ 3112030.76820954028517, 1668205.301935082301497 ], [ 3112033.725903201848269, 1668182.591882957611233 ], [ 3112046.241905656643212, 1668149.145127029623836 ], [ 3112054.92356191854924, 1668127.461447401670739 ], [ 3112071.264463661704212, 1668129.675748972222209 ], [ 3112088.623587684705853, 1668132.722889579134062 ], [ 3112100.308382825925946, 1668130.698912090621889 ], [ 3112115.185744403395802, 1668128.121969386469573 ], [ 3112128.768969411030412, 1668117.697250421624631 ], [ 3112139.457804488949478, 1668103.737794394372031 ], [ 3112150.177607221528888, 1668089.773083616280928 ], [ 3112163.40343680139631, 1668076.383319586049765 ], [ 3112173.562677420675755, 1668069.578551087761298 ], [ 3112178.093679030425847, 1668067.39127144869417 ], [ 3112199.63669098354876, 1668056.990239506354555 ], [ 3112241.014949237927794, 1668036.706095498986542 ], [ 3112309.850409490056336, 1667999.558501857565716 ], [ 3112339.646298508159816, 1667979.262594251893461 ], [ 3112355.315825053490698, 1667966.45849968935363 ], [ 3112369.166419920511544, 1667951.951674892799929 ], [ 3112384.764901014044881, 1667928.061450787354261 ], [ 3112386.729101676959544, 1667925.077815033262596 ], [ 3112404.261897525750101, 1667898.450707988347858 ], [ 3112406.491700809448957, 1667893.788029421120882 ], [ 3112415.836199504323304, 1667874.248403142439201 ], [ 3112430.675933089107275, 1667866.633025873452425 ], [ 3112440.534808780066669, 1667857.862635844154283 ], [ 3112446.497079204302281, 1667850.724741682875901 ], [ 3112449.196623279247433, 1667847.493084412300959 ], [ 3112451.374126202426851, 1667844.886099045863375 ], [ 3112462.719015349633992, 1667829.804643386276439 ], [ 3112790.268239390105009, 1667670.157813000958413 ], [ 3112538.991619325242937, 1668068.737531288526952 ], [ 3112511.070803453214467, 1668113.026969147846103 ], [ 3112456.143102339934558, 1668136.666666931705549 ], [ 3112432.932281763292849, 1668152.794851265847683 ], [ 3112395.647436917759478, 1668223.828155614668503 ], [ 3112386.727113323286176, 1668243.53497840766795 ], [ 3112382.188171029556543, 1668251.111425563693047 ], [ 3112361.097690153867006, 1668286.316050505032763 ], [ 3112350.367602468468249, 1668315.417593344813213 ], [ 3112339.844753799960017, 1668346.500843561021611 ], [ 3112335.717127891257405, 1668361.341857145074755 ], [ 3112324.072346162050962, 1668374.457874280633405 ], [ 3112309.888567122630775, 1668380.950702299829572 ], [ 3112284.642607253044844, 1668382.296576843596995 ], [ 3112265.187552344985306, 1668383.648360514547676 ], [ 3112246.188820120412856, 1668373.82228386728093 ], [ 3112211.965339135378599, 1668348.471415495732799 ], [ 3112191.741642520297319, 1668322.713731543160975 ], [ 3112153.892123402096331, 1668343.395899486262351 ], [ 3112050.70585143007338, 1668447.034341817721725 ], [ 3112052.853578123264015, 1668457.761194640072063 ], [ 3112051.925178033299744, 1668477.092840891331434 ], [ 3112049.57394450251013, 1668489.607962601352483 ], [ 3112038.069311081431806, 1668518.843923042993993 ], [ 3112039.272775894030929, 1668532.761536525096744 ], [ 3112066.822876905091107, 1668561.286172279389575 ], [ 3112075.000119873322546, 1668573.99545244150795 ], [ 3112091.523821266368032, 1668596.358422186458483 ], [ 3112124.352505099028349, 1668621.95039658783935 ], [ 3112172.277747869957238, 1668650.982035650638863 ], [ 3112186.801722386851907, 1668657.547143226256594 ], [ 3112203.214221711736172, 1668657.731261263368651 ], [ 3112254.807845017872751, 1668644.75829616910778 ], [ 3112264.87632155418396, 1668644.023273958126083 ], [ 3112278.30383971426636, 1668646.742238606326282 ], [ 3112460.43577778711915, 1668346.802479907870293 ], [ 3112473.390403491910547, 1668337.063385515008122 ], [ 3112473.745818587951362, 1668336.796196395065635 ], [ 3112476.131439509801567, 1668335.002714948728681 ], [ 3112616.032187178730965, 1668241.151132673723623 ], [ 3112675.015199759043753, 1668197.821658696979284 ], [ 3112967.987930826842785, 1667982.604950010543689 ], [ 3113043.803419357631356, 1667926.91217152797617 ], [ 3113230.69707006495446, 1667789.624573617009446 ], [ 3113307.255239288322628, 1667561.000600102823228 ], [ 3113335.07079157140106, 1667477.937270557973534 ], [ 3113355.527513882145286, 1667409.820433264132589 ], [ 3113389.740463475696743, 1667321.159776237094775 ], [ 3113454.661744543351233, 1667183.796158737270162 ], [ 3113484.178104991558939, 1667140.490335877751932 ], [ 3113484.681343127042055, 1667139.752413403708488 ], [ 3113470.788310866802931, 1667201.6874492270872 ], [ 3113458.088375466875732, 1667242.479718185029924 ], [ 3113447.042814969085157, 1667287.021440416341648 ], [ 3113435.969463353045285, 1667324.505510943010449 ], [ 3113431.565104130655527, 1667364.617864610860124 ], [ 3113422.265232761390507, 1667406.839659108081833 ], [ 3113410.234822767786682, 1667451.804390843492001 ], [ 3113402.342442127410322, 1667489.494188278913498 ], [ 3113387.175102402456105, 1667534.749936148291454 ], [ 3113375.379119365010411, 1667574.37685991008766 ], [ 3113354.206150534562767, 1667635.302891052560881 ], [ 3113337.164931060746312, 1667661.20811265707016 ], [ 3113323.255095848813653, 1667700.949244368588552 ], [ 3113309.920726834796369, 1667730.500677217030898 ], [ 3113291.234607976861298, 1667773.339361305814236 ], [ 3113272.176135507877916, 1667806.656964781228453 ], [ 3113246.545948785729706, 1667859.021801485214382 ], [ 3113225.779628964141011, 1667894.905441734474152 ], [ 3113207.985425464808941, 1667922.959428977454081 ], [ 3113187.219002964906394, 1667958.843260856112465 ], [ 3113169.640414903871715, 1667995.183871326735243 ], [ 3113157.929694623686373, 1668028.490500363986939 ], [ 3113149.288678297773004, 1668048.177941411733627 ], [ 3113147.02605752274394, 1668053.333074352005497 ], [ 3113142.649662938900292, 1668060.682635022327304 ], [ 3113135.302898190915585, 1668073.020721737295389 ], [ 3113115.343809857033193, 1668100.440679490566254 ], [ 3113108.356438165530562, 1668110.055349263828248 ], [ 3113097.099165371619165, 1668125.545798738952726 ], [ 3113081.231506976764649, 1668152.257175420876592 ], [ 3113061.053990964312106, 1668178.45391103066504 ], [ 3113040.222205102443695, 1668207.034198556328192 ], [ 3113021.020466584712267, 1668239.620220202719793 ], [ 3112965.282526257447898, 1668432.909556242637336 ], [ 3113079.510142932645977, 1668540.25892470148392 ], [ 3113096.736315065994859, 1668557.255627365782857 ], [ 3113181.290328615345061, 1668640.683540645753965 ], [ 3113189.368133523501456, 1668647.6703687813133 ], [ 3113253.213119212538004, 1668702.892700605094433 ], [ 3113259.88769160117954, 1668697.26477908086963 ], [ 3113263.507403534837067, 1668694.212320674210787 ], [ 3113263.753987789154053, 1668694.004446615464985 ], [ 3113264.411121857352555, 1668693.81234956276603 ], [ 3113280.717828024178743, 1668689.048651421442628 ], [ 3113290.888737045228481, 1668686.278015676885843 ], [ 3113312.037329837679863, 1668667.480778924888 ], [ 3113325.618568018078804, 1668651.002712987596169 ], [ 3113330.597607936710119, 1668632.987658633384854 ], [ 3113333.683913150802255, 1668609.246344945393503 ], [ 3113325.93505975138396, 1668565.183941579889506 ], [ 3113325.113435048144311, 1668549.182410485111177 ], [ 3113328.2706533446908, 1668536.527710209367797 ], [ 3113340.502650345675647, 1668517.256581685505807 ], [ 3113351.408618599176407, 1668503.260032272431999 ], [ 3113352.215126782190055, 1668490.003331008832902 ], [ 3113351.847854615189135, 1668486.590466117719188 ], [ 3113348.805016288533807, 1668458.306375300278887 ], [ 3113356.595716336742043, 1668428.705429496476427 ], [ 3113366.300566332414746, 1668406.845118325203657 ], [ 3113369.34578990843147, 1668398.245789810782298 ], [ 3113391.35949063161388, 1668386.361514433054253 ], [ 3113400.639284493401647, 1668375.673679089872167 ], [ 3113405.722995814867318, 1668361.676332243485376 ], [ 3113405.929344813339412, 1668344.488154641585425 ], [ 3113407.885494221933186, 1668323.969715544953942 ], [ 3113414.180304137989879, 1668315.816364937229082 ], [ 3113429.990304307546467, 1668306.015808598836884 ], [ 3113437.613008178304881, 1668298.641806777799502 ], [ 3113438.193794368766248, 1668274.32561727729626 ], [ 3113431.306787079200149, 1668257.356503574177623 ], [ 3113431.350166788324714, 1668248.267836014973 ], [ 3113435.452131695579737, 1668232.423066774616018 ], [ 3113451.193477335385978, 1668217.589111595181748 ], [ 3113461.94912033341825, 1668202.609533296432346 ], [ 3113467.920440703164786, 1668184.423010661965236 ], [ 3113470.322309011593461, 1668173.377564477734268 ], [ 3113471.340362879447639, 1668168.69576466572471 ], [ 3113482.722983620595187, 1668158.652750675799325 ], [ 3113497.381500190123916, 1668150.060544529696926 ], [ 3113501.251890431623906, 1668137.282455208944157 ], [ 3113499.104364888742566, 1668126.555730449967086 ], [ 3113484.213231954257935, 1668119.044504605000839 ], [ 3113481.085554847028106, 1668112.523231762927026 ], [ 3113484.381601667962968, 1668096.817959891632199 ], [ 3113487.689171221107244, 1668085.146015824750066 ], [ 3113486.268826378043741, 1668071.266332927159965 ], [ 3113488.181976318359375, 1668059.836459824349731 ], [ 3113498.2008644528687, 1668050.029622281668708 ], [ 3113499.665601653978229, 1668041.784759203903377 ], [ 3113502.871343873441219, 1668023.743716001044959 ], [ 3113497.987643913365901, 1668002.391923552844673 ], [ 3113508.197292293421924, 1668008.122746943030506 ], [ 3113925.916887804865837, 1668242.587231867481023 ], [ 3113933.717948318459094, 1668246.965966914081946 ], [ 3114124.905493415426463, 1668354.280350495362654 ], [ 3114129.920376840047538, 1668357.095125349937007 ], [ 3114146.017460125498474, 1668343.965854105772451 ], [ 3114157.064534765668213, 1668350.469616285059601 ], [ 3114167.560916421934962, 1668356.649298041826114 ], [ 3114191.04401269229129, 1668370.474668750306591 ], [ 3114189.738056509289891, 1668373.93214435945265 ], [ 3114184.519752279855311, 1668387.748178706038743 ], [ 3114149.48050971608609, 1668442.246391001623124 ], [ 3114141.564758277498186, 1668484.98519077221863 ], [ 3114134.08616572804749, 1668525.378219586331397 ], [ 3114115.013278735801578, 1668584.427114276215434 ], [ 3114104.228619539178908, 1668660.454732873477042 ], [ 3114102.066527337301522, 1668698.161810209276155 ], [ 3114097.94457567576319, 1668728.869102988857776 ], [ 3114095.96525700436905, 1668743.613566940650344 ], [ 3114096.232149926479906, 1668744.169819307280704 ], [ 3114099.092996445484459, 1668750.134994221152738 ], [ 3114100.260706072673202, 1668760.759719294728711 ], [ 3114102.684185952879488, 1668782.809589348966256 ], [ 3114101.427158984355628, 1668815.81927595147863 ], [ 3114093.045147662051022, 1668834.675837936811149 ], [ 3114077.684969952795655, 1668865.334846692625433 ], [ 3114073.850633419118822, 1668877.097724257037044 ], [ 3114069.764876046217978, 1668892.059342042542994 ], [ 3114069.729557435028255, 1668892.189361146651208 ], [ 3114054.403028938919306, 1668933.689507673960179 ], [ 3114053.232528459280729, 1668943.729915015166625 ], [ 3114052.696644194424152, 1668978.128096421947703 ], [ 3114054.541822118684649, 1668980.835662756115198 ], [ 3114047.60734061524272, 1669006.252219153102487 ], [ 3114054.177913269028068, 1669009.118871191516519 ], [ 3114059.196646803058684, 1669011.308304329402745 ], [ 3114040.867968335282058, 1669042.73388373432681 ], [ 3114037.049380156211555, 1669047.260931723518297 ], [ 3114020.053608444519341, 1669067.409933241549879 ], [ 3114017.945047996006906, 1669069.910165328998119 ], [ 3114004.919362735468894, 1669093.354528896976262 ], [ 3114003.857268167193979, 1669099.103825009427965 ], [ 3113998.48750139772892, 1669128.171854424057528 ], [ 3113998.179797806311399, 1669129.8363924655132 ], [ 3113998.319858821574599, 1669134.200946464203298 ], [ 3113999.339410697109997, 1669165.959267033729702 ], [ 3113995.644886220805347, 1669193.841562826419249 ], [ 3113992.470119118224829, 1669229.706208800431341 ], [ 3113989.695761637762189, 1669253.06863455940038 ], [ 3113989.53404060844332, 1669254.430525646544993 ], [ 3113980.198929708451033, 1669283.28987800097093 ], [ 3113963.065257122740149, 1669304.418603854486719 ], [ 3113947.555774, 1669316.185466234339401 ], [ 3113924.135644240304828, 1669324.277186733204871 ], [ 3113922.409304996952415, 1669402.533229373861104 ], [ 3113920.739351339638233, 1669478.232580022886395 ], [ 3113928.954284564591944, 1669473.278577624820173 ], [ 3113944.06730592250824, 1669461.832463430473581 ], [ 3113957.637059575878084, 1669450.906145706539974 ], [ 3113970.944289489649236, 1669438.259252421325073 ], [ 3113988.126280711963773, 1669429.734542324673384 ], [ 3114003.034038761630654, 1669422.360092095565051 ], [ 3114020.990852770395577, 1669413.701236641732976 ], [ 3114039.541334041394293, 1669403.930299126077443 ], [ 3114053.592851892579347, 1669395.947600852930918 ], [ 3114065.257571634836495, 1669388.3783031438943 ], [ 3114076.240363209974021, 1669376.134273508796468 ], [ 3114088.209671629592776, 1669359.935605489881709 ], [ 3114100.079710596241057, 1669348.294704561587423 ], [ 3114112.226040340494365, 1669343.668816414428875 ], [ 3114124.379081780090928, 1669339.294120559468865 ], [ 3114140.031203959137201, 1669336.583679987350479 ], [ 3114153.665719898417592, 1669336.492936960188672 ], [ 3114168.887599646113813, 1669336.379589688032866 ], [ 3114184.539957666303962, 1669333.66933201928623 ], [ 3114200.448014195542783, 1669327.635181100573391 ], [ 3114215.762341005727649, 1669322.71334093529731 ], [ 3114231.701366329099983, 1669316.673946856055409 ], [ 3114244.510229332372546, 1669311.176754534011707 ], [ 3114255.512778166681528, 1669304.478745579253882 ], [ 3114267.226639308035374, 1669296.396440549753606 ], [ 3114266.007800221443176, 1669294.085006008390337 ], [ 3114262.171089111827314, 1669286.809484971687198 ], [ 3114259.791692539583892, 1669282.296897639287636 ], [ 3114257.882861136924475, 1669260.42962240264751 ], [ 3114258.256057858467102, 1669234.131259775720537 ], [ 3114266.29924823064357, 1669203.477680577198043 ], [ 3114277.954402242787182, 1669175.225881088292226 ], [ 3114288.46585460100323, 1669140.109109316486865 ], [ 3114291.966671273112297, 1669120.332069942029193 ], [ 3114289.632894933223724, 1669109.637186736566946 ], [ 3114276.711698425468057, 1669091.69490327546373 ], [ 3114270.274877283256501, 1669077.674505305476487 ], [ 3114266.890386012382805, 1669060.098944604163989 ], [ 3114268.145228704437613, 1669056.09191367495805 ], [ 3114272.236496695782989, 1669043.029376002261415 ], [ 3114277.954665257129818, 1669025.895493421936408 ], [ 3114283.260814854409546, 1669003.960760951973498 ], [ 3114283.497594474814832, 1669002.982212744187564 ], [ 3114289.928260567598045, 1668976.399722443427891 ], [ 3114287.444577002897859, 1668964.721926657482982 ], [ 3114279.293091732077301, 1668953.260377417784184 ], [ 3114279.138559476006776, 1668953.043161260895431 ], [ 3114279.139783739577979, 1668952.820568719645962 ], [ 3114279.181852789595723, 1668943.954991487320513 ], [ 3114283.583934593945742, 1668930.075767743401229 ], [ 3114293.694527907297015, 1668901.082547683501616 ], [ 3114290.298326293006539, 1668879.472907423274592 ], [ 3114290.752740113995969, 1668849.124677683692425 ], [ 3114288.358058552257717, 1668825.323773799929768 ], [ 3114279.9018335621804, 1668812.662144375266507 ], [ 3114278.992363830562681, 1668811.492194690508768 ], [ 3114270.914057039655745, 1668801.101436544209719 ], [ 3114270.653125261887908, 1668796.748452994041145 ], [ 3114269.537393506616354, 1668778.133263384457678 ], [ 3114262.660088523291051, 1668713.740195328835398 ], [ 3114263.703720377758145, 1668683.289801611332223 ], [ 3114267.780026257969439, 1668653.323616126785055 ], [ 3114271.452897694893181, 1668635.694804056780413 ], [ 3114273.231931119225919, 1668627.1550957437139 ], [ 3114273.687969267368317, 1668615.97713157441467 ], [ 3114268.752836959436536, 1668611.786909358808771 ], [ 3114252.459065557457507, 1668625.592156731756404 ], [ 3114246.302140822634101, 1668630.809146006824449 ], [ 3114231.450065862387419, 1668647.506458961637691 ], [ 3114228.65943958517164, 1668654.748111199587584 ], [ 3114222.701211288571358, 1668670.209921440109611 ], [ 3114214.246390141081065, 1668676.719055078690872 ], [ 3114212.856115723028779, 1668676.383746779290959 ], [ 3114204.502339472994208, 1668674.370466844178736 ], [ 3114194.754314958117902, 1668659.91456908499822 ], [ 3114192.771956041455269, 1668655.046409415313974 ], [ 3114179.786007826216519, 1668623.155840483494103 ], [ 3114176.864124692976475, 1668599.446069909492508 ], [ 3114177.938995053991675, 1668568.990592864342034 ], [ 3114173.497731059323996, 1668562.196956385625526 ], [ 3114171.421136277727783, 1668559.020633819047362 ], [ 3114165.711339838802814, 1668554.964251639321446 ], [ 3114170.36298019811511, 1668514.80865319701843 ], [ 3114175.476667143404484, 1668481.635742290178314 ], [ 3114181.619197306223214, 1668466.446361260255799 ], [ 3114199.757737470790744, 1668436.062898966483772 ], [ 3114212.493580484297127, 1668408.633168560219929 ], [ 3114211.892922418192029, 1668404.701249457662925 ], [ 3114216.990080134943128, 1668395.17044442309998 ], [ 3114231.517050440888852, 1668368.006749291438609 ], [ 3114258.186082894913852, 1668341.191490310244262 ], [ 3114275.472602040506899, 1668327.099724891129881 ], [ 3114283.439256450626999, 1668312.603458112571388 ], [ 3114296.057106629014015, 1668303.355959392618388 ], [ 3114320.894438439980149, 1668283.920374817680568 ], [ 3114333.820385709870607, 1668268.565995390061289 ], [ 3114339.281058440450579, 1668255.459245092933998 ], [ 3114345.600360035896301, 1668240.292735379887745 ], [ 3114357.463529660366476, 1668214.023143655154854 ], [ 3114368.123129897750914, 1668194.107723660767078 ], [ 3114369.963123618159443, 1668190.670510486699641 ], [ 3114355.044914945028722, 1668190.636820221552625 ], [ 3114346.953089077956975, 1668190.618689046008512 ], [ 3114339.191799702588469, 1668197.058693712810054 ], [ 3114330.746070352382958, 1668204.067308067344129 ], [ 3114328.514863384887576, 1668205.918950324179605 ], [ 3114311.974863963667303, 1668220.601501165423542 ], [ 3114307.5906598768197, 1668224.493548948783427 ], [ 3114300.274840640835464, 1668230.987910779658705 ], [ 3114295.370557402260602, 1668234.016423180233687 ], [ 3114259.194766982924193, 1668256.354710981249809 ], [ 3114257.130749500356615, 1668257.629236306296661 ], [ 3114245.300277922302485, 1668257.659717152826488 ], [ 3114278.871540434658527, 1668199.379875451559201 ], [ 3114297.2154889870435, 1668164.925258969888091 ], [ 3114309.925600363872945, 1668148.112767925485969 ], [ 3114319.156923428177834, 1668135.901872266549617 ], [ 3114312.698383533395827, 1668132.984185237670317 ], [ 3114287.197182448580861, 1668129.327907327096909 ], [ 3114268.99809867143631, 1668133.48794709937647 ], [ 3114246.83190552610904, 1668138.335164149058983 ], [ 3114234.511440532281995, 1668140.135465649422258 ], [ 3114209.487637332174927, 1668143.79218355123885 ], [ 3114200.894265424460173, 1668153.563543682917953 ], [ 3114195.879965595435351, 1668159.265228555072099 ], [ 3114176.104315400123596, 1668175.805918876780197 ], [ 3114161.576427221298218, 1668189.420566539280117 ], [ 3114149.201553968712687, 1668199.635109331924468 ], [ 3114136.957723442930728, 1668214.871557120233774 ], [ 3114121.091580021195114, 1668242.843542513204738 ], [ 3114119.765966733917594, 1668241.435190620133653 ], [ 3114106.393768332898617, 1668227.226982156280428 ], [ 3114098.192696871235967, 1668219.566050624707714 ], [ 3114095.836886143311858, 1668219.973947479855269 ], [ 3114088.057444837875664, 1668221.321121948072687 ], [ 3114079.855245376005769, 1668226.777208986692131 ], [ 3114065.728431287221611, 1668234.268403735011816 ], [ 3114064.291715033818036, 1668234.188944838708267 ], [ 3114052.476968421600759, 1668233.53580864565447 ], [ 3114050.414711732417345, 1668232.540244354866445 ], [ 3114023.247623546048999, 1668219.426586057059467 ], [ 3114037.681333279237151, 1668186.658078471198678 ], [ 3114059.897665060590953, 1668145.478823901619762 ], [ 3114071.365686326287687, 1668111.205716984346509 ], [ 3114079.190389421768486, 1668077.403934619855136 ], [ 3114080.125363593921065, 1668073.365763335721567 ], [ 3114094.213517035357654, 1668041.666076148394495 ], [ 3114110.361932119354606, 1668006.582668 ], [ 3114113.127548373304307, 1667993.652058154111728 ], [ 3114116.412695039995015, 1667978.29249271354638 ], [ 3114086.220959361642599, 1667953.004019845509902 ], [ 3114044.950819561257958, 1667918.436223787488416 ], [ 3114025.57253082934767, 1667902.205339875537902 ], [ 3114087.123003652784973, 1667841.098801123443991 ], [ 3114131.055832480546087, 1667792.123640012228861 ], [ 3114167.755526951048523, 1667743.498202832182869 ], [ 3114188.871591363102198, 1667715.520758539205417 ], [ 3114185.91439703386277, 1667711.902435224270448 ], [ 3114179.755393815226853, 1667704.365999256493524 ], [ 3114179.480948576703668, 1667704.030207921518013 ], [ 3114184.099004203919321, 1667696.255532844690606 ], [ 3114214.886612107977271, 1667644.424450872233137 ], [ 3114223.189725181087852, 1667630.879146948456764 ], [ 3114262.773752448149025, 1667584.675374418264255 ], [ 3114278.68431606143713, 1667547.615693415980786 ], [ 3114293.924538913182914, 1667514.707873538136482 ], [ 3114315.23396804695949, 1667494.87475300533697 ], [ 3114341.34281378146261, 1667475.219598592957482 ], [ 3114359.473391169682145, 1667466.026852351846173 ], [ 3114382.502909708302468, 1667462.039567522471771 ], [ 3114409.837714812718332, 1667464.36959644802846 ], [ 3114435.917230405379087, 1667462.786466278834268 ], [ 3114436.758286014199257, 1667462.735295881517231 ], [ 3114437.148120816797018, 1667462.826717024901882 ], [ 3114454.08159595541656, 1667466.798824903089553 ], [ 3114461.449653110932559, 1667465.523218364920467 ], [ 3114468.95943129947409, 1667464.222977075027302 ], [ 3114486.758774497546256, 1667467.25043354765512 ], [ 3114492.47716950206086, 1667468.222871120553464 ], [ 3114507.404362780041993, 1667474.719084758777171 ], [ 3114530.095638094469905, 1667496.014802038902417 ], [ 3114542.044080052990466, 1667510.089484165655449 ], [ 3114552.967923609074205, 1667518.287758077727631 ], [ 3114560.144332204945385, 1667520.072347548091784 ], [ 3114567.676116400398314, 1667518.768214526586235 ], [ 3114571.699012596625835, 1667513.027028775541112 ], [ 3114570.841849108226597, 1667498.040840066038072 ], [ 3114568.875329861417413, 1667475.867238688282669 ], [ 3114568.021518746390939, 1667466.242015374125913 ], [ 3114567.203729457221925, 1667410.890635891351849 ], [ 3114573.661483271978796, 1667343.181038257898763 ], [ 3114573.576751033775508, 1667325.497380728600547 ], [ 3114573.531194282695651, 1667316.011327950051054 ], [ 3114573.120833904482424, 1667230.270711232209578 ], [ 3114573.072826502844691, 1667156.624528317013755 ], [ 3114571.443638705182821, 1667064.08220956614241 ], [ 3114577.983492276631296, 1666870.238845112035051 ], [ 3114584.228923254646361, 1666833.843753854511306 ], [ 3114605.440163731575012, 1666776.697060675127432 ], [ 3114623.529707812704146, 1666750.359004374360666 ], [ 3114646.642348953522742, 1666729.205641500419006 ], [ 3114675.942829643841833, 1666702.94479197030887 ], [ 3114710.460225177463144, 1666673.763276633573696 ], [ 3114731.827147514559329, 1666654.929524031933397 ], [ 3114746.492675775196403, 1666632.211609774734825 ], [ 3114755.314790463075042, 1666607.478604750009254 ], [ 3114757.650372478179634, 1666572.76991230272688 ], [ 3114744.15813303552568, 1666525.666789525421336 ], [ 3114747.037020669784397, 1666493.891034804983065 ], [ 3114754.033546714112163, 1666462.411147395148873 ], [ 3114748.955128056462854, 1666443.111246647080407 ], [ 3114746.796610049437732, 1666428.35064488183707 ], [ 3114752.510776678100228, 1666393.05687175062485 ], [ 3114759.507309542968869, 1666361.577232894022018 ], [ 3114768.117575254291296, 1666335.871857865713537 ], [ 3114783.153598037548363, 1666307.036064211046323 ], [ 3114788.085130935534835, 1666279.949731989996508 ], [ 3114787.711411978118122, 1666254.790823926916346 ], [ 3114789.608249302022159, 1666221.16689682751894 ], [ 3114792.370132987387478, 1666175.286383602535352 ], [ 3114790.195333209820092, 1666138.33162254630588 ], [ 3114794.528051919303834, 1666094.197034038603306 ], [ 3114799.159328239969909, 1666065.144770202459767 ], [ 3114801.381361396051943, 1666047.607859691372141 ], [ 3114812.30008225236088, 1666018.476295243483037 ], [ 3114830.147190344519913, 1665972.001729473471642 ], [ 3114845.263564423192292, 1665952.233137445757166 ], [ 3114867.913538313470781, 1665937.213555488968268 ], [ 3114877.161749379709363, 1665920.478654986713082 ], [ 3114887.920897269621491, 1665892.383652307325974 ], [ 3114893.151186912786216, 1665861.209830110194162 ], [ 3114903.976809122134, 1665832.094312765169889 ], [ 3114907.59554701577872, 1665801.199477034155279 ], [ 3114915.329869588837028, 1665783.717435321537778 ], [ 3114929.559024833608419, 1665748.968126662774011 ], [ 3114945.195810443721712, 1665724.064692981773987 ], [ 3114882.376440002582967, 1665694.581549947848544 ], [ 3114902.494967320468277, 1665639.643098606728017 ], [ 3114911.345587422605604, 1665583.628106388496235 ], [ 3114911.436265453696251, 1665579.559000700479373 ], [ 3114912.137210927903652, 1665548.178043961059302 ], [ 3114912.501210222952068, 1665517.846805304987356 ], [ 3114897.599508352577686, 1665429.621961690485477 ], [ 3114890.667228356469423, 1665352.124778670724481 ], [ 3114858.591907766181976, 1665178.086619138717651 ], [ 3114838.469628996215761, 1665119.015863208798692 ], [ 3114816.566434278152883, 1665044.110592527780682 ], [ 3114805.942554954905063, 1665017.580148447770625 ], [ 3114781.80657046334818, 1664957.305731851607561 ], [ 3114773.221572173759341, 1664931.349506225902587 ], [ 3114755.924671323038638, 1664879.053755911067128 ], [ 3114750.787102490663528, 1664859.258845933713019 ], [ 3114737.380520286969841, 1664807.602673079119995 ], [ 3114726.225595199503005, 1664783.301636085147038 ], [ 3114710.329776174388826, 1664765.87459397688508 ], [ 3114687.368100103456527, 1664740.684782596770674 ], [ 3114676.967113881371915, 1664729.274606663035229 ], [ 3114629.7318036230281, 1664594.303845929913223 ], [ 3114624.032446302473545, 1664578.018230471061543 ], [ 3114595.831044244579971, 1664472.222320464905351 ], [ 3114575.187186922412366, 1664394.777150771347806 ], [ 3114554.834080390632153, 1664338.773637519218028 ], [ 3114537.355454762466252, 1664306.326884018955752 ], [ 3114517.051510706543922, 1664268.635572167346254 ], [ 3114494.301993058994412, 1664215.064994007116184 ], [ 3114567.883827267680317, 1664095.381704038707539 ], [ 3114742.192431644536555, 1663853.335544275119901 ], [ 3114789.073815716430545, 1663791.747926902957261 ], [ 3114839.664904567413032, 1663731.536225837189704 ], [ 3114869.135485392995179, 1663715.336945008020848 ], [ 3114877.249954174272716, 1663711.450785434106365 ], [ 3114941.715416490565985, 1663680.578161361161619 ], [ 3114931.475210178643465, 1663608.69990816898644 ], [ 3114931.00681132171303, 1663546.228196583455428 ], [ 3114911.346264323219657, 1663403.471854619681835 ], [ 3114911.32825992256403, 1663403.34189540729858 ], [ 3114965.248528938740492, 1663397.035913277883083 ], [ 3115186.240327721461654, 1663368.875586031936109 ], [ 3115215.718749855645001, 1663363.773532159393653 ], [ 3115218.074438009876758, 1663363.365848836954683 ], [ 3115245.949593981262296, 1663350.470032242126763 ], [ 3115280.806730561889708, 1663337.513870154507458 ], [ 3115281.507160698063672, 1663337.253524674801156 ], [ 3115305.520229739136994, 1663335.115417045075446 ], [ 3115411.601991273928434, 1663333.907038024859503 ], [ 3115462.016148980241269, 1663335.271203889511526 ], [ 3115508.11930999532342, 1663350.496843244181946 ], [ 3115527.697810609359294, 1663350.795448205433786 ], [ 3115539.375292031094432, 1663351.417244870914146 ], [ 3115559.339413845911622, 1663351.721574371447787 ], [ 3115632.837024176493287, 1663357.963952359277755 ], [ 3115633.639351489953697, 1663358.03233824018389 ], [ 3115634.368276969529688, 1663358.358892800519243 ], [ 3115637.717454417608678, 1663359.858971117995679 ], [ 3115638.89028380997479, 1663360.384340734453872 ], [ 3115644.580240519717336, 1663363.395458442624658 ], [ 3115644.620006085373461, 1663363.416523658903316 ], [ 3115653.013012079056352, 1663367.858133262721822 ], [ 3115658.948779203929007, 1663376.232425431022421 ], [ 3115668.101255437359214, 1663389.145036190515384 ], [ 3115694.963897962123156, 1663419.265445050084963 ], [ 3115696.357062120456249, 1663420.827473789919168 ], [ 3115696.975058143958449, 1663421.713292416883633 ], [ 3115713.785730917006731, 1663445.808872996363789 ], [ 3115723.305084594059736, 1663460.650801527546719 ], [ 3115731.697480668313801, 1663473.735722035402432 ], [ 3115735.21097110863775, 1663477.649025481427088 ], [ 3115742.278784875757992, 1663485.521030443487689 ], [ 3115764.901532754302025, 1663497.030251143267378 ], [ 3115771.875187402591109, 1663500.578043460380286 ], [ 3115809.036808982491493, 1663514.325842074118555 ], [ 3115831.736097503453493, 1663528.811847121920437 ], [ 3115856.544876179192215, 1663557.309726561186835 ], [ 3115887.653879447374493, 1663588.75070361699909 ], [ 3115920.767894736491144, 1663620.596789922798052 ], [ 3115925.018891389481723, 1663625.537182385334745 ], [ 3115946.840069188736379, 1663650.896947618108243 ], [ 3115957.969429382588714, 1663672.794177057454363 ], [ 3115963.570238602813333, 1663683.813723475905135 ], [ 3115962.390640741214156, 1663689.484602957731113 ], [ 3115961.870190459303558, 1663691.987967079039663 ], [ 3115964.456148855853826, 1663690.56557785323821 ], [ 3115963.80286482302472, 1663691.593702261103317 ], [ 3115961.378144497983158, 1663694.358587698312476 ], [ 3115958.946726973168552, 1663706.054260716307908 ], [ 3115947.533560995012522, 1663728.207574338885024 ], [ 3115925.464231424964964, 1663777.680112957488745 ], [ 3115914.582775778137147, 1663803.524662509560585 ], [ 3115904.826678809709847, 1663836.741705631138757 ], [ 3115890.102705871220678, 1663862.867034880211577 ], [ 3115882.144609256181866, 1663876.987795382039621 ], [ 3115859.643781940452754, 1663913.41915901680477 ], [ 3115825.848526764661074, 1663952.562053744448349 ], [ 3115766.226853764150292, 1664011.56034125527367 ], [ 3115734.744021044578403, 1664040.214031267911196 ], [ 3115702.529923494905233, 1664074.290915433084592 ], [ 3115665.966329800430685, 1664120.723483756184578 ], [ 3115643.209726204164326, 1664155.685996019979939 ], [ 3115620.540745740756392, 1664201.227299888851121 ], [ 3115605.678572088479996, 1664241.633776200003922 ], [ 3115596.410586919635534, 1664278.045607355888933 ], [ 3115585.979628436267376, 1664306.839420109987259 ], [ 3115568.941887542139739, 1664332.993394335731864 ], [ 3115552.891142962500453, 1664350.400577328633517 ], [ 3115535.934952444396913, 1664377.297270958544686 ], [ 3115530.710426212288439, 1664399.136703799013048 ], [ 3115528.298602180555463, 1664414.183221688494086 ], [ 3115531.64274597261101, 1664420.667003363370895 ], [ 3115539.893979947082698, 1664433.868336589308456 ], [ 3115553.813951086252928, 1664448.358385691186413 ], [ 3115571.34120577480644, 1664466.260030418401584 ], [ 3115585.130682390648872, 1664490.105279082199559 ], [ 3115592.250801442656666, 1664511.321708848932758 ], [ 3115597.770692576188594, 1664532.05809118389152 ], [ 3115613.404119358863682, 1664547.765111146960407 ], [ 3115628.087386567611247, 1664572.46452328003943 ], [ 3115633.751033978536725, 1664589.140561605338007 ], [ 3115635.120583568699658, 1664608.325259771663696 ], [ 3115626.15860531013459, 1664631.315908050397411 ], [ 3115615.602653070352972, 1664654.078168497188017 ], [ 3115607.240602931007743, 1664681.000500112771988 ], [ 3115605.391511228866875, 1664704.525812094565481 ], [ 3115603.061230010353029, 1664725.107743112603202 ], [ 3115592.172673548571765, 1664745.310769149102271 ], [ 3115590.317540308460593, 1664748.753030902240425 ], [ 3115587.845088235568255, 1664761.000859018182382 ], [ 3115583.844456437043846, 1664780.816657598130405 ], [ 3115581.875288811512291, 1664790.571109197800979 ], [ 3115582.288887004368007, 1664813.704967098776251 ], [ 3115585.771483374759555, 1664831.515102237230167 ], [ 3115597.387011969927698, 1664881.968789431732148 ], [ 3115600.157906264066696, 1664915.540540365735069 ], [ 3115596.745937025174499, 1664934.039452924858779 ], [ 3115578.959311435930431, 1664975.709428837988526 ], [ 3115566.16656459402293, 1665009.45247862720862 ], [ 3115558.336624843068421, 1665044.859062592731789 ], [ 3115556.781444962136447, 1665065.306750896386802 ], [ 3115557.289450380951166, 1665072.530221317196265 ], [ 3115557.705998293124139, 1665078.447725548408926 ], [ 3115558.113709616474807, 1665084.245990965748206 ], [ 3115557.791159193497151, 1665087.695643655955791 ], [ 3115556.627274308819324, 1665100.14161936705932 ], [ 3115555.853203009814024, 1665104.877708862069994 ], [ 3115553.403003560379148, 1665119.869466713629663 ], [ 3115547.291226719040424, 1665141.105888922465965 ], [ 3115538.042284564115107, 1665167.425146340625361 ], [ 3115531.087098460178822, 1665193.348040426149964 ], [ 3115531.050672978162766, 1665213.532921133562922 ], [ 3115540.003300192765892, 1665246.53929819422774 ], [ 3115538.83586750458926, 1665274.739040432497859 ], [ 3115532.662985853850842, 1665285.84190686722286 ], [ 3115523.024520136415958, 1665303.17733069928363 ], [ 3115518.043146290816367, 1665312.137044404633343 ], [ 3115501.462662915699184, 1665341.491616116836667 ], [ 3115495.914473951794207, 1665353.817267801612616 ], [ 3115489.513611670583487, 1665368.037968133110553 ], [ 3115488.657232285477221, 1665369.940111588686705 ], [ 3115488.140312260948122, 1665372.363235318334773 ], [ 3115484.576911507640034, 1665389.05941062187776 ], [ 3115482.948369944933802, 1665415.382605308666825 ], [ 3115482.778577237855643, 1665418.125514591811225 ], [ 3115479.874238139018416, 1665450.157313711475581 ], [ 3115476.376796800643206, 1665469.21449768031016 ], [ 3115475.61918524838984, 1665473.342609577113762 ], [ 3115466.488188001327217, 1665485.012294416315854 ], [ 3115457.564721371978521, 1665491.602914240444079 ], [ 3115441.956419007387012, 1665503.131305078510195 ], [ 3115422.712655749171972, 1665515.038104242412373 ], [ 3115419.237828667275608, 1665516.684069140348583 ], [ 3115389.986575941089541, 1665530.539792177034542 ], [ 3115378.302765658125281, 1665540.423229052685201 ], [ 3115376.490092549938709, 1665541.956565451109782 ], [ 3115369.983978852629662, 1665555.189955968875438 ], [ 3115357.811614386737347, 1665603.203391447663307 ], [ 3115358.756418693810701, 1665612.737750207306817 ], [ 3115360.047872611321509, 1665625.769517281791195 ], [ 3115351.898865444585681, 1665644.079931584652513 ], [ 3115330.669426466338336, 1665664.654341058339924 ], [ 3115303.332039744593203, 1665685.024585770443082 ], [ 3115272.895117457024753, 1665701.139400047482923 ], [ 3115265.555339817423373, 1665717.039291413733736 ], [ 3115265.338349769823253, 1665731.454208476934582 ], [ 3115273.584601411595941, 1665745.665340601000935 ], [ 3115290.206803966313601, 1665782.641339216614142 ], [ 3115311.450155928730965, 1665826.132107272278517 ], [ 3115320.005171095021069, 1665834.236385446274653 ], [ 3115336.588043983094394, 1665845.327948408899829 ], [ 3115343.072780666407198, 1665849.665518143447116 ], [ 3115362.829921012744308, 1665868.148327752714977 ], [ 3115365.825487202033401, 1665870.950464596273378 ], [ 3115378.724668061360717, 1665891.671090501826257 ], [ 3115389.831176470965147, 1665916.485726406332105 ], [ 3115397.274750787764788, 1665957.320484185125679 ], [ 3115403.66808525333181, 1665991.274560459889472 ], [ 3115422.578903775662184, 1666019.278459232533351 ], [ 3115441.369158807210624, 1666030.655724762240425 ], [ 3115476.735810730140656, 1666038.911392979091033 ], [ 3115495.73640351369977, 1666035.622550117783248 ], [ 3115516.755323630291969, 1666029.714272981043905 ], [ 3115515.167926019057631, 1666039.321509096305817 ], [ 3115515.180541579145938, 1666039.737531081773341 ], [ 3115517.804087774362415, 1666126.391105175716802 ], [ 3115528.020285580307245, 1666159.525472460081801 ], [ 3115535.892623693682253, 1666185.057662025326863 ], [ 3115573.397967045661062, 1666231.283209734829143 ], [ 3115590.86266108462587, 1666243.71185859804973 ], [ 3115595.635345961898565, 1666247.108325675828382 ], [ 3115581.873159871902317, 1666260.95488961180672 ], [ 3115581.101399302482605, 1666261.731363917700946 ], [ 3115572.968814012594521, 1666278.273490705061704 ], [ 3115564.281704998575151, 1666330.980802145320922 ], [ 3115565.266231932677329, 1666342.083420625189319 ], [ 3115566.396120934747159, 1666354.829471440054476 ], [ 3115554.283289319835603, 1666405.103447975125164 ], [ 3115548.404846486635506, 1666436.297216364648193 ], [ 3115542.490553203038871, 1666467.681439332198352 ], [ 3115532.297917387448251, 1666492.476404844084755 ], [ 3115526.192344220355153, 1666507.328997992444783 ], [ 3115525.857494607102126, 1666508.143765260931104 ], [ 3115497.87618659157306, 1666514.500524037051946 ], [ 3115495.244835504330695, 1666527.063424565829337 ], [ 3115484.796403250657022, 1666598.23727794457227 ], [ 3115476.116504306904972, 1666651.195870550582185 ], [ 3115498.814401729032397, 1666663.586487268330529 ], [ 3115561.341184203512967, 1666697.719871733570471 ], [ 3115564.172295660246164, 1666699.26550167077221 ], [ 3115562.547431708313525, 1666708.627170474501327 ], [ 3115561.58062884118408, 1666742.089796003652737 ], [ 3115550.161541777662933, 1666777.109645795775577 ], [ 3115546.432760390918702, 1666801.480986858252436 ], [ 3115546.355923924595118, 1666801.983222973532975 ], [ 3115546.259700490161777, 1666805.894825413357466 ], [ 3115546.024460048880428, 1666815.445292902877554 ], [ 3115545.720029679127038, 1666827.821596654364839 ], [ 3115549.493528654798865, 1666829.596894532907754 ], [ 3115590.007026123814285, 1666848.658345101866871 ], [ 3115606.205070352181792, 1666854.935042839497328 ], [ 3115606.426684045232832, 1666855.109573110938072 ], [ 3115623.528968267142773, 1666868.584100508596748 ], [ 3115637.201702906750143, 1666878.324751871405169 ], [ 3115650.737226443365216, 1666897.169702853541821 ], [ 3115657.383764280937612, 1666910.901400537462905 ], [ 3115672.695846259128302, 1666912.729550166986883 ], [ 3115672.906381721608341, 1666912.754857626277953 ], [ 3115705.68186988029629, 1666898.000924913445488 ], [ 3115741.351659911684692, 1666872.40446152864024 ], [ 3115767.138522723224014, 1666861.887460827128962 ], [ 3115789.618905299343169, 1666859.509576429380104 ], [ 3115821.92891157604754, 1666891.500501973321661 ], [ 3115829.584100154228508, 1666941.631923822220415 ], [ 3115833.149024148471653, 1666964.977346161846071 ], [ 3115832.798113472294062, 1666971.394057418219745 ], [ 3115831.144530815072358, 1667001.646559241693467 ], [ 3115820.888897871598601, 1667044.284175348002464 ], [ 3115818.485086883883923, 1667088.337336638243869 ], [ 3115822.224355514161289, 1667102.824706 ], [ 3115825.217941020615399, 1667106.039692000485957 ], [ 3115833.146562154404819, 1667114.554917749715969 ], [ 3115839.335636103991419, 1667116.419352802447975 ], [ 3115852.289078929461539, 1667120.322079474339262 ], [ 3115850.979250680655241, 1667131.323069863254204 ], [ 3115850.295941774733365, 1667137.06230474403128 ], [ 3115854.573983852751553, 1667165.077173470752314 ], [ 3115855.084313256666064, 1667171.484677020693198 ], [ 3115856.238437830470502, 1667185.977072444744408 ], [ 3115840.111104941926897, 1667209.956499819876626 ], [ 3115831.129193146713078, 1667230.933738936437294 ], [ 3115828.555423583835363, 1667254.080546042416245 ], [ 3115829.527057075873017, 1667290.234783719293773 ], [ 3115831.328304572030902, 1667302.030358343152329 ], [ 3115842.83999959519133, 1667337.621506619499996 ], [ 3115854.212558660656214, 1667352.300652399891987 ], [ 3115873.836626272648573, 1667361.01132213906385 ], [ 3115888.184799050912261, 1667375.175554270856082 ], [ 3115897.814595161005855, 1667386.205794463166967 ], [ 3115902.914934797212481, 1667392.048405755776912 ], [ 3115918.075330896303058, 1667401.531775795621797 ], [ 3115946.370039375498891, 1667407.228026863420382 ], [ 3115997.564282591454685, 1667413.501266259234399 ], [ 3116022.207576983608305, 1667415.289569570682943 ], [ 3116037.260044999420643, 1667423.920723494142294 ], [ 3116037.260044999420643, 1661775.570554999634624 ], [ 3111144.168977980036288, 1661775.570554999634624 ], [ 3111146.924770158715546, 1661783.021440018434078 ] ] ] ] } },
{ "type": "Feature", "properties": { "ENP_GRAL": 8.0, "ENP_GRAL_NAME": "Parques Nacionales", "color": "#E60000" }, "geometry": { "type": "MultiPolygon", "coordinates": [ [ [ [ 3113565.756358068436384, 1661786.309744426747784 ], [ 3113565.064319055527449, 1661787.052733317250386 ], [ 3113564.993525958154351, 1661787.121889509493485 ], [ 3113557.629980598576367, 1661794.315831928048283 ], [ 3113557.584258387796581, 1661794.360470383428037 ], [ 3113557.533581519499421, 1661794.410002092365175 ], [ 3113555.400389884132892, 1661804.615629667183384 ], [ 3113555.647525000851601, 1661814.142572499345988 ], [ 3113555.654278624802828, 1661814.40896382345818 ], [ 3113556.09985782019794, 1661815.03301989287138 ], [ 3113563.245980020612478, 1661825.044964754255489 ], [ 3113563.504236078355461, 1661825.408260052325204 ], [ 3113566.048593138810247, 1661828.880954014370218 ], [ 3113569.735324400942773, 1661833.914921717718244 ], [ 3113571.89842896675691, 1661838.56390584888868 ], [ 3113571.94337055599317, 1661838.660245019011199 ], [ 3113572.62678118608892, 1661840.130158198764548 ], [ 3113573.082114079035819, 1661841.108970744069666 ], [ 3113573.255028206855059, 1661841.480783591046929 ], [ 3113573.42805989086628, 1661841.851365417940542 ], [ 3113574.702777267899364, 1661850.206165864365175 ], [ 3113575.670157579239458, 1661864.66767270443961 ], [ 3113577.835370014887303, 1661878.859083937248215 ], [ 3113577.882265507243574, 1661879.166348792845383 ], [ 3113578.697680975310504, 1661880.519887452013791 ], [ 3113584.486643018200994, 1661890.130147551186383 ], [ 3113589.161058654077351, 1661894.941999792121351 ], [ 3113593.200269471853971, 1661899.10077430261299 ], [ 3113597.700120327994227, 1661903.732791495509446 ], [ 3113600.114418585784733, 1661904.75831300043501 ], [ 3113602.400939853861928, 1661905.729780708905309 ], [ 3113603.435888941865414, 1661906.169592697406188 ], [ 3113603.64982224162668, 1661906.260489678941667 ], [ 3113603.87648606672883, 1661906.356749780476093 ], [ 3113604.050788290333003, 1661906.430797695182264 ], [ 3113604.679271703120321, 1661906.6976216386538 ], [ 3113608.246652201749384, 1661908.212524677161127 ], [ 3113620.211195163428783, 1661906.72704184637405 ], [ 3113628.854023203253746, 1661905.653811239637434 ], [ 3113634.273056483827531, 1661907.955871004611254 ], [ 3113639.400715653784573, 1661910.133928860304877 ], [ 3113653.330213745590299, 1661909.487531274557114 ], [ 3113653.333432876504958, 1661909.48727672197856 ], [ 3113656.423554670065641, 1661909.242644688580185 ], [ 3113665.624716806225479, 1661908.514272296568379 ], [ 3113665.992605435661972, 1661908.485197065165266 ], [ 3113666.086654566694051, 1661908.477694852743298 ], [ 3113666.345450333319604, 1661908.45761607773602 ], [ 3113666.756744724698365, 1661908.424760370049626 ], [ 3113671.956541940104216, 1661920.635456214193255 ], [ 3113672.243025070056319, 1661921.308441558619961 ], [ 3113672.264267655089498, 1661921.358236271189526 ], [ 3113672.51089698728174, 1661921.937532785348594 ], [ 3113672.558650708757341, 1661922.049628623295575 ], [ 3113673.807360525708646, 1661925.837908845860511 ], [ 3113676.260705939494073, 1661933.280449199024588 ], [ 3113676.265958593226969, 1661933.296186845051125 ], [ 3113676.277674120850861, 1661933.331589142559096 ], [ 3113677.120537757873535, 1661935.888941066805273 ], [ 3113677.173468852415681, 1661936.11767769115977 ], [ 3113677.225017989054322, 1661936.344030394917354 ], [ 3113679.768942145165056, 1661947.515328184701502 ], [ 3113680.460270865820348, 1661950.549385138321668 ], [ 3113680.879749777261168, 1661952.38995376159437 ], [ 3113681.22032058890909, 1661953.507380665279925 ], [ 3113682.053612719289958, 1661956.24082896229811 ], [ 3113682.86199296079576, 1661958.889099986758083 ], [ 3113683.363987750839442, 1661960.535195736447349 ], [ 3113681.944233017507941, 1661975.409819401567802 ], [ 3113679.887434173841029, 1661981.15539796766825 ], [ 3113676.746319049969316, 1661989.930039661936462 ], [ 3113672.791329180821776, 1661999.249729154631495 ], [ 3113670.744291517883539, 1662004.073300812859088 ], [ 3113670.197724473197013, 1662005.363156621810049 ], [ 3113669.469173590652645, 1662007.080305771203712 ], [ 3113668.103388510644436, 1662010.004233767278492 ], [ 3113668.063564737327397, 1662010.089518880238757 ], [ 3113665.752072495408356, 1662015.038168172119185 ], [ 3113662.486524811014533, 1662024.154177786083892 ], [ 3113661.274681876413524, 1662027.539062333060429 ], [ 3113659.683624964207411, 1662031.978817305760458 ], [ 3113658.614894720725715, 1662034.911861416185275 ], [ 3113658.236120933666825, 1662035.949605043511838 ], [ 3113656.983160763978958, 1662039.383275480940938 ], [ 3113654.478760221973062, 1662046.24722646176815 ], [ 3113653.93591800192371, 1662048.147833767114207 ], [ 3113653.932416104711592, 1662048.160244103521109 ], [ 3113653.551258888095617, 1662049.491890371544287 ], [ 3113652.977520870510489, 1662051.496920070843771 ], [ 3113650.455403751693666, 1662060.312029926339164 ], [ 3113650.069869035854936, 1662061.300801954697818 ], [ 3113647.519274213351309, 1662067.844051769934595 ], [ 3113645.019958620890975, 1662074.257660462753847 ], [ 3113645.007437545340508, 1662074.289691386977211 ], [ 3113644.2360705062747, 1662076.270617002854124 ], [ 3113644.235300270840526, 1662076.273575256811455 ], [ 3113642.886301341466606, 1662084.008280961075798 ], [ 3113642.362492380663753, 1662087.017507229698822 ], [ 3113642.005046028178185, 1662089.068837327416986 ], [ 3113641.996524009853601, 1662089.117730941157788 ], [ 3113641.606624423060566, 1662091.354667101055384 ], [ 3113641.607868015766144, 1662091.357478545978665 ], [ 3113642.931370645295829, 1662097.305390807101503 ], [ 3113644.251700847875327, 1662103.238517270423472 ], [ 3113644.588358812499791, 1662104.751205291831866 ], [ 3113645.552791645750403, 1662109.084274030989036 ], [ 3113647.165274763479829, 1662119.64985717064701 ], [ 3113647.618213287554681, 1662133.156442099949345 ], [ 3113647.676259931176901, 1662134.896236885804683 ], [ 3113647.685175971593708, 1662135.197465541074052 ], [ 3113647.685450070537627, 1662135.206599122146145 ], [ 3113647.735642533749342, 1662136.710156665882096 ], [ 3113647.861176053993404, 1662140.465056419605389 ], [ 3113647.824127109721303, 1662140.968758297618479 ], [ 3113647.818467920646071, 1662141.046414593001828 ], [ 3113647.778365944512188, 1662141.592817137017846 ], [ 3113647.056092747487128, 1662151.45053699077107 ], [ 3113645.970953576266766, 1662155.648162956582382 ], [ 3113644.735546631738544, 1662160.427505043335259 ], [ 3113644.036329022608697, 1662161.815824360353872 ], [ 3113643.326327722519636, 1662163.224876904394478 ], [ 3113640.388827646151185, 1662169.047459951136261 ], [ 3113639.997533154673874, 1662169.823040497722104 ], [ 3113637.208830549381673, 1662174.445906554348767 ], [ 3113637.035358494147658, 1662174.733507979428396 ], [ 3113635.071840505115688, 1662177.990237982943654 ], [ 3113634.079692411702126, 1662183.022578640142456 ], [ 3113633.875070098321885, 1662184.060648237355053 ], [ 3113632.2916892869398, 1662192.091998382471502 ], [ 3113630.719163186382502, 1662195.405648327432573 ], [ 3113629.074768801219761, 1662198.869454548694193 ], [ 3113628.42450167844072, 1662200.239616355625913 ], [ 3113626.682685608044267, 1662203.908952042227611 ], [ 3113623.003423504531384, 1662212.113128675846383 ], [ 3113610.104391993954778, 1662216.615707634715363 ], [ 3113609.30906673707068, 1662217.701851733261719 ], [ 3113607.560511970426887, 1662220.089634435484186 ], [ 3113607.461347018834203, 1662220.225043779471889 ], [ 3113604.371740735601634, 1662224.441961798584089 ], [ 3113603.968881081324071, 1662224.992340171476826 ], [ 3113599.110702492296696, 1662241.723158714361489 ], [ 3113596.452775094658136, 1662248.489518050570041 ], [ 3113596.356888063717633, 1662249.226071396842599 ], [ 3113595.310852777212858, 1662257.263895036187023 ], [ 3113596.060436994768679, 1662257.965276406612247 ], [ 3113598.999180987011641, 1662260.713218384189531 ], [ 3113599.131249873898923, 1662260.83674911595881 ], [ 3113603.958629275672138, 1662265.351242923876271 ], [ 3113605.337127867154777, 1662268.035925631411374 ], [ 3113606.228437008801848, 1662269.771923555294052 ], [ 3113608.209005591925234, 1662273.62966130534187 ], [ 3113609.2062156368047, 1662275.573221656028181 ], [ 3113610.765766937285662, 1662278.609645581571385 ], [ 3113610.828808302525431, 1662278.732513879658654 ], [ 3113610.85501323454082, 1662278.783467563567683 ], [ 3113610.884534729178995, 1662278.840808589477092 ], [ 3113610.975178002379835, 1662279.017112793400884 ], [ 3113613.799659850075841, 1662278.7111024572514 ], [ 3113614.876229485031217, 1662278.594460980966687 ], [ 3113618.768348122015595, 1662278.172649715328589 ], [ 3113619.754966822452843, 1662278.564631391316652 ], [ 3113619.758440981153399, 1662278.566047820495442 ], [ 3113620.718591729179025, 1662278.947376706637442 ], [ 3113620.813981070183218, 1662278.985345505876467 ], [ 3113622.330888345837593, 1662279.587801273912191 ], [ 3113627.168577616102993, 1662281.50964323268272 ], [ 3113628.525116036646068, 1662282.259414765518159 ], [ 3113632.84486120287329, 1662284.647337383357808 ], [ 3113637.940375365316868, 1662287.463942853035405 ], [ 3113642.240852924063802, 1662291.866859025554731 ], [ 3113644.889357963576913, 1662294.578279471024871 ], [ 3113646.160070247016847, 1662295.879040813073516 ], [ 3113646.48443506564945, 1662296.138478471897542 ], [ 3113656.271631438750774, 1662303.964638024335727 ], [ 3113665.798612135462463, 1662311.339966454310343 ], [ 3113667.455663486383855, 1662312.622482022736222 ], [ 3113668.650808213278651, 1662313.21001360216178 ], [ 3113668.655643516220152, 1662313.213010442210361 ], [ 3113668.729164263233542, 1662313.249114966019988 ], [ 3113669.854451614432037, 1662313.802531080786139 ], [ 3113670.395969875156879, 1662314.06856952374801 ], [ 3113674.072743258439004, 1662315.875282738357782 ], [ 3113674.828470600768924, 1662316.246698942966759 ], [ 3113675.134451412595809, 1662316.3970279074274 ], [ 3113675.877884176094085, 1662316.762601981405169 ], [ 3113679.219249008223414, 1662318.405617700889707 ], [ 3113682.603240764699876, 1662318.207366776652634 ], [ 3113686.730709219351411, 1662317.966076030163094 ], [ 3113687.395818432793021, 1662317.927218503551558 ], [ 3113688.017753818072379, 1662317.89099165587686 ], [ 3113690.148800677619874, 1662317.295506059890613 ], [ 3113690.161148707848042, 1662317.292359705548733 ], [ 3113691.47284681443125, 1662316.925873359665275 ], [ 3113691.926516618579626, 1662316.79911722172983 ], [ 3113697.508734286297113, 1662315.239495954243466 ], [ 3113700.586351304780692, 1662312.747767724562436 ], [ 3113700.809351664967835, 1662312.567213305272162 ], [ 3113706.505956117995083, 1662307.956839472288266 ], [ 3113709.797913242131472, 1662305.292514394503087 ], [ 3113715.300608708523214, 1662298.980088791577145 ], [ 3113715.347053960897028, 1662298.926850179443136 ], [ 3113719.897138936445117, 1662293.707313790917397 ], [ 3113729.70376411639154, 1662280.407790066674352 ], [ 3113733.894721175543964, 1662275.686269539874047 ], [ 3113738.586999281775206, 1662270.399751291144639 ], [ 3113738.832239999435842, 1662270.12343634548597 ], [ 3113743.194951030425727, 1662265.208442653529346 ], [ 3113744.539496722631156, 1662263.98586765001528 ], [ 3113746.229228131473064, 1662262.449398618889973 ], [ 3113756.212718700058758, 1662253.371709037572145 ], [ 3113756.215171822346747, 1662253.369771047960967 ], [ 3113756.487842557951808, 1662253.17244735523127 ], [ 3113765.077719623222947, 1662246.959649822674692 ], [ 3113767.438184964936227, 1662245.252397686708719 ], [ 3113769.405667442828417, 1662243.829378274502233 ], [ 3113769.421988249756396, 1662243.817573937820271 ], [ 3113770.427610075101256, 1662243.091330213937908 ], [ 3113770.941631103865802, 1662242.737618104787543 ], [ 3113773.047172809019685, 1662241.290600459324196 ], [ 3113779.100807936862111, 1662237.12824684730731 ], [ 3113779.180333931930363, 1662237.07362052006647 ], [ 3113785.549967067316175, 1662232.693632399197668 ], [ 3113785.630004037171602, 1662232.639018545625731 ], [ 3113790.738789182156324, 1662229.298225781880319 ], [ 3113790.875978950411081, 1662229.2084963938687 ], [ 3113795.010532854124904, 1662226.504774745553732 ], [ 3113795.608376951888204, 1662226.113248069304973 ], [ 3113798.214782159775496, 1662224.406407309928909 ], [ 3113802.751222976483405, 1662221.680237780790776 ], [ 3113804.777534042485058, 1662220.462540407665074 ], [ 3113811.764768791384995, 1662216.261376947397366 ], [ 3113822.87790756020695, 1662211.310325300553814 ], [ 3113823.738797475583851, 1662210.569688296644017 ], [ 3113829.743435448501259, 1662205.406522702425718 ], [ 3113829.853702198714018, 1662205.311162980739027 ], [ 3113833.348636870272458, 1662203.419653743505478 ], [ 3113833.462630702182651, 1662203.358052500989288 ], [ 3113838.081854315474629, 1662200.859394696075469 ], [ 3113841.283044520299882, 1662198.58086829748936 ], [ 3113846.140668069943786, 1662195.12334899767302 ], [ 3113846.561918374150991, 1662194.823530609020963 ], [ 3113846.978484983555973, 1662194.52704520104453 ], [ 3113849.824342219159007, 1662191.668767535826191 ], [ 3113852.176932908128947, 1662189.306192743359134 ], [ 3113856.385691400617361, 1662185.079411438433453 ], [ 3113859.072245448827744, 1662183.830971964402124 ], [ 3113866.2597298277542, 1662180.492178778164089 ], [ 3113870.230944074224681, 1662178.647373670944944 ], [ 3113882.490954663604498, 1662174.759970307582989 ], [ 3113899.282960652839392, 1662168.998401750577614 ], [ 3113900.298220759723336, 1662168.650145485298708 ], [ 3113900.717250661924481, 1662168.631288131698966 ], [ 3113901.152977178804576, 1662168.611760318744928 ], [ 3113908.165572624653578, 1662168.296259809983894 ], [ 3113910.831990165635943, 1662167.198711637174711 ], [ 3113918.732406994327903, 1662163.945574030280113 ], [ 3113919.390451662242413, 1662163.67297151661478 ], [ 3113929.176652210764587, 1662159.615506304893643 ], [ 3113939.657478502951562, 1662155.53244611620903 ], [ 3113940.849978323560208, 1662155.112046832451597 ], [ 3113942.942932739388198, 1662154.373656405834481 ], [ 3113948.219947835896164, 1662152.513902753125876 ], [ 3113953.726337966974825, 1662150.573385124094784 ], [ 3113953.816972931846976, 1662150.564860253827646 ], [ 3113969.536219438537955, 1662149.097366985399276 ], [ 3113971.047576704062521, 1662149.00838891020976 ], [ 3113973.461235592141747, 1662148.866341162938625 ], [ 3113975.469755109399557, 1662148.748110593762249 ], [ 3113977.397447982802987, 1662148.635294765001163 ], [ 3113980.574334231205285, 1662148.449520311085507 ], [ 3113982.42326832190156, 1662148.824621682055295 ], [ 3113983.465629007667303, 1662149.036157873924822 ], [ 3113993.313463799655437, 1662151.035276663023978 ], [ 3113993.241787694394588, 1662155.375264640897512 ], [ 3113993.235842391382903, 1662155.734554604627192 ], [ 3113993.196627518162131, 1662158.112563322531059 ], [ 3113993.071385409217328, 1662165.706450720783323 ], [ 3113986.605174921452999, 1662181.007514016935602 ], [ 3113985.825061469338834, 1662182.85243064770475 ], [ 3113985.448830015026033, 1662190.919758677482605 ], [ 3113985.284220317844301, 1662194.448030968895182 ], [ 3113985.264029764570296, 1662194.881418886361644 ], [ 3113985.251615467481315, 1662195.154962309170514 ], [ 3113985.244399425573647, 1662195.310472450917587 ], [ 3113972.263451895676553, 1662207.394145892001688 ], [ 3113972.147715774364769, 1662207.710493328981102 ], [ 3113970.467331073246896, 1662212.316730092046782 ], [ 3113969.206133504398167, 1662215.775121704442427 ], [ 3113967.058728798292577, 1662221.66339549026452 ], [ 3113966.775446563027799, 1662221.82855376903899 ], [ 3113966.267618740908802, 1662222.124792562564835 ], [ 3113965.468389129266143, 1662222.591025354573503 ], [ 3113952.30615723785013, 1662230.270251300884411 ], [ 3113949.337845738977194, 1662234.356767394347116 ], [ 3113946.045508508570492, 1662238.889815749134868 ], [ 3113945.180392081383616, 1662240.081050746841356 ], [ 3113941.807569976896048, 1662250.501259221462533 ], [ 3113944.545461103785783, 1662268.438421446830034 ], [ 3113946.874772183597088, 1662275.777862336020917 ], [ 3113948.487784806638956, 1662280.860277502331883 ], [ 3113949.325825893320143, 1662283.500700496369973 ], [ 3113950.319476800970733, 1662293.097515780245885 ], [ 3113951.31387290591374, 1662302.701870806748047 ], [ 3113951.941804561764002, 1662308.775843155337498 ], [ 3113949.754329209215939, 1662334.881527240620926 ], [ 3113948.00263008615002, 1662339.442006065277383 ], [ 3113944.785295883193612, 1662347.813673485536128 ], [ 3113944.428078101482242, 1662348.74447459098883 ], [ 3113943.508321360684931, 1662351.138602759223431 ], [ 3113942.695537013467401, 1662353.255027352832258 ], [ 3113943.087476525921375, 1662358.578568486031145 ], [ 3113943.849642986431718, 1662368.945302524603903 ], [ 3113943.851878497749567, 1662368.947942284401506 ], [ 3113951.288462680298835, 1662377.242489398922771 ], [ 3113952.514401473104954, 1662379.008346316870302 ], [ 3113952.542965431697667, 1662379.049408148042858 ], [ 3113953.165201120544225, 1662379.944352907827124 ], [ 3113953.319269014522433, 1662380.054593191249296 ], [ 3113953.334799334406853, 1662380.065626107621938 ], [ 3113961.876316036097705, 1662386.133353464771062 ], [ 3113963.156097943894565, 1662387.042612804565579 ], [ 3113963.438381110318005, 1662387.369871276430786 ], [ 3113964.066305334214121, 1662388.097967661451548 ], [ 3113965.079160477034748, 1662389.272866892861202 ], [ 3113965.93810694757849, 1662390.269195412984118 ], [ 3113966.236366296187043, 1662390.615077335620299 ], [ 3113966.636696592904627, 1662391.079392758896574 ], [ 3113966.751618826761842, 1662391.212652289075777 ], [ 3113964.932216216810048, 1662392.376469935290515 ], [ 3113958.207523426041007, 1662396.678058887831867 ], [ 3113955.940459433943033, 1662398.127400466008112 ], [ 3113952.663082858547568, 1662401.346194592537358 ], [ 3113952.509553604293615, 1662401.496965652797371 ], [ 3113945.423663154244423, 1662406.757289682980627 ], [ 3113945.421895194333047, 1662406.759714404819533 ], [ 3113944.303701100405306, 1662409.641393054509535 ], [ 3113944.178692671470344, 1662409.963684904854745 ], [ 3113942.59046929795295, 1662414.059622367843986 ], [ 3113932.589504708535969, 1662419.826852517202497 ], [ 3113932.623076450079679, 1662421.118090065894648 ], [ 3113932.656734020449221, 1662422.414559083990753 ], [ 3113932.759338187985122, 1662426.376022374955937 ], [ 3113932.992829686030746, 1662435.394769737031311 ], [ 3113932.993562332354486, 1662435.397568745771423 ], [ 3113936.075585362501442, 1662442.891747937072068 ], [ 3113940.836257603019476, 1662454.467456060927361 ], [ 3113940.547322304919362, 1662466.347594846505672 ], [ 3113940.535116504877806, 1662466.853958717314526 ], [ 3113940.46593950688839, 1662469.649907580576837 ], [ 3113940.42808841727674, 1662471.186263320501894 ], [ 3113939.979955307208002, 1662472.786776001565158 ], [ 3113938.686874929815531, 1662477.403578996425495 ], [ 3113937.578721802216023, 1662481.358916063327342 ], [ 3113937.235316729638726, 1662482.583644024096429 ], [ 3113929.900836477521807, 1662492.680828901473433 ], [ 3113921.57294833753258, 1662502.949870940996334 ], [ 3113916.159884514287114, 1662512.71568644605577 ], [ 3113909.622971152421087, 1662516.128233765484765 ], [ 3113902.42777448752895, 1662519.885163270169869 ], [ 3113902.426364121492952, 1662519.88792966818437 ], [ 3113902.048817998729646, 1662520.400025269482285 ], [ 3113897.524994554929435, 1662526.535230895504355 ], [ 3113895.0955920512788, 1662534.04090112214908 ], [ 3113895.07774225063622, 1662534.096050458494574 ], [ 3113894.059531062841415, 1662537.240503517678007 ], [ 3113893.659757851622999, 1662538.474788669496775 ], [ 3113893.658873446285725, 1662538.477665801998228 ], [ 3113893.011991442646831, 1662540.476294982945547 ], [ 3113892.580750722438097, 1662541.809250144287944 ], [ 3113892.16238185018301, 1662543.101134354248643 ], [ 3113891.794941424857825, 1662546.945919282967225 ], [ 3113891.532580032013357, 1662549.693489315221086 ], [ 3113890.941792723722756, 1662555.88975428417325 ], [ 3113890.644811392761767, 1662559.003497195662931 ], [ 3113892.694374634884298, 1662576.87736202776432 ], [ 3113893.543588149361312, 1662584.282140323193744 ], [ 3113893.582981730811298, 1662584.625614164862782 ], [ 3113893.622233600355685, 1662584.970827674493194 ], [ 3113897.870137475430965, 1662599.873195685446262 ], [ 3113897.877644218504429, 1662614.586414787219837 ], [ 3113897.880406930111349, 1662617.528114187531173 ], [ 3113897.880454010330141, 1662617.590456555364653 ], [ 3113897.882307637482882, 1662619.544995972653851 ], [ 3113899.095869255717844, 1662633.963999604107812 ], [ 3113897.905254592187703, 1662638.037337942514569 ], [ 3113897.877349742688239, 1662638.132667267462239 ], [ 3113897.170802058652043, 1662640.550134264631197 ], [ 3113896.921105535700917, 1662641.402904115617275 ], [ 3113895.659320163540542, 1662657.512734096730128 ], [ 3113908.690542679745704, 1662670.138769578421488 ], [ 3113914.763033465482295, 1662677.409723167540506 ], [ 3113918.799995862878859, 1662687.808933228254318 ], [ 3113918.799255666788667, 1662687.812088076490909 ], [ 3113915.458658856339753, 1662698.223262535408139 ], [ 3113913.631718790158629, 1662702.179140023188666 ], [ 3113909.886316294781864, 1662710.287030583014712 ], [ 3113905.760463082231581, 1662720.214665917679667 ], [ 3113904.463507971726358, 1662723.333121477859095 ], [ 3113900.005159487947822, 1662732.364390255417675 ], [ 3113895.600056075491011, 1662741.287571485852823 ], [ 3113895.598353984765708, 1662741.291094624437392 ], [ 3113895.178558688145131, 1662742.142033376498148 ], [ 3113893.164517832919955, 1662746.224130817921832 ], [ 3113889.844494751188904, 1662753.029344107955694 ], [ 3113882.816159575246274, 1662767.435621707467362 ], [ 3113866.763756503351033, 1662783.583249006886035 ], [ 3113856.575869076885283, 1662797.706327748019248 ], [ 3113849.673414358403534, 1662817.314775548409671 ], [ 3113837.622152815572917, 1662835.290904823690653 ], [ 3113827.226099204272032, 1662845.12120670452714 ], [ 3113823.584212012588978, 1662848.564972452120855 ], [ 3113823.581620556302369, 1662848.56733796140179 ], [ 3113810.443208643235266, 1662859.416966133285314 ], [ 3113805.426287730224431, 1662868.496435333043337 ], [ 3113805.398996193427593, 1662868.545753475278616 ], [ 3113804.934279032051563, 1662869.386513137957081 ], [ 3113803.704237811267376, 1662871.611912898952141 ], [ 3113803.661553426645696, 1662871.689118379261345 ], [ 3113794.682988229673356, 1662885.603211010806262 ], [ 3113782.103625888004899, 1662895.97118811449036 ], [ 3113781.512289459817111, 1662896.458652283297852 ], [ 3113775.45834086323157, 1662904.360255486797541 ], [ 3113770.345777804031968, 1662911.033491971436888 ], [ 3113770.32051598560065, 1662911.067426033318043 ], [ 3113770.076091419905424, 1662911.405751857208088 ], [ 3113761.413544826209545, 1662923.394738640636206 ], [ 3113755.041907689068466, 1662929.711254650959745 ], [ 3113754.673244760371745, 1662930.076736864168197 ], [ 3113749.392527084797621, 1662935.312129180878401 ], [ 3113733.574371609836817, 1662936.333461586851627 ], [ 3113730.804852848872542, 1662936.512526146601886 ], [ 3113723.485679581295699, 1662935.791652042418718 ], [ 3113716.4063501926139, 1662935.094638708746061 ], [ 3113709.451769871171564, 1662934.409830601420254 ], [ 3113708.177822068333626, 1662934.283191330498084 ], [ 3113705.736941860057414, 1662934.042664228007197 ], [ 3113702.276728693861514, 1662933.850155337247998 ], [ 3113702.167782047763467, 1662933.844094493892044 ], [ 3113683.759346972219646, 1662932.819708204828203 ], [ 3113683.752064415253699, 1662932.819354603998363 ], [ 3113680.101342345587909, 1662934.334219541633502 ], [ 3113679.242042999714613, 1662934.690301883267239 ], [ 3113675.467647925950587, 1662936.256036384962499 ], [ 3113670.094530475325882, 1662938.476864337222651 ], [ 3113662.993933335877955, 1662941.411699136253446 ], [ 3113661.086457417346537, 1662942.200448773568496 ], [ 3113651.315103000961244, 1662946.23948593554087 ], [ 3113651.588252147659659, 1662949.874536552233621 ], [ 3113651.60982128418982, 1662950.162580746691674 ], [ 3113651.902646860573441, 1662954.059267153497785 ], [ 3113652.238029319792986, 1662958.538902550935745 ], [ 3113652.246866717934608, 1662958.656828181585297 ], [ 3113652.26797494199127, 1662958.93718355265446 ], [ 3113664.749862008728087, 1662960.937235141871497 ], [ 3113665.980005659162998, 1662961.134411672828719 ], [ 3113666.080314402468503, 1662961.1512496676296 ], [ 3113667.40072276070714, 1662961.362160163465887 ], [ 3113680.075820022728294, 1662963.4060537382029 ], [ 3113680.620460642501712, 1662963.493780706077814 ], [ 3113684.486752775963396, 1662964.116211245767772 ], [ 3113684.754255285486579, 1662964.15919360681437 ], [ 3113686.02271942794323, 1662964.544054131489247 ], [ 3113696.400682451203465, 1662967.694668008945882 ], [ 3113711.20986309973523, 1662972.190576532157138 ], [ 3113715.515888678375632, 1662972.667678224621341 ], [ 3113715.521485004108399, 1662972.668323728023097 ], [ 3113715.912248382344842, 1662972.711761645972729 ], [ 3113716.262418816797435, 1662972.750724843237549 ], [ 3113719.288366332650185, 1662973.085702762473375 ], [ 3113723.049492223653942, 1662973.502060676924884 ], [ 3113738.751111577730626, 1662975.241706684231758 ], [ 3113753.778321655467153, 1662974.806860093260184 ], [ 3113761.146234176587313, 1662974.594430684344843 ], [ 3113770.237135428003967, 1662974.332241386640817 ], [ 3113773.377385779749602, 1662976.697348297107965 ], [ 3113778.068084231577814, 1662980.230153994401917 ], [ 3113779.458449110388756, 1662981.277556032175198 ], [ 3113782.507832138799131, 1662983.574956036871299 ], [ 3113786.8278191043064, 1662986.829509181668982 ], [ 3113787.662089752033353, 1662987.458022339269519 ], [ 3113787.740882712416351, 1662987.517327420413494 ], [ 3113788.496156190522015, 1662988.08586462913081 ], [ 3113790.100590551272035, 1662989.293756057042629 ], [ 3113790.65750839188695, 1662989.712704486446455 ], [ 3113798.524449762422591, 1662997.091025018831715 ], [ 3113800.786088591441512, 1662999.212125585181639 ], [ 3113810.409327258355916, 1663008.236959965433925 ], [ 3113822.261575218290091, 1663029.392129471991211 ], [ 3113832.141598566435277, 1663052.191110639600083 ], [ 3113832.279998106881976, 1663052.510184033773839 ], [ 3113832.320214569568634, 1663052.60290315351449 ], [ 3113832.42886019917205, 1663052.853778987657279 ], [ 3113832.935606677550822, 1663053.923183161066845 ], [ 3113833.353529083076864, 1663054.804868662031367 ], [ 3113834.394719683565199, 1663057.001737881451845 ], [ 3113836.841918161604553, 1663062.163368100067601 ], [ 3113837.212129899300635, 1663062.94525784952566 ], [ 3113837.668756833299994, 1663063.908422674750909 ], [ 3113844.912681974470615, 1663079.194314974360168 ], [ 3113850.911813775077462, 1663095.014101062202826 ], [ 3113851.196192961651832, 1663095.763934461865574 ], [ 3113854.147859589196742, 1663100.291208643931895 ], [ 3113857.507422829512507, 1663105.443723441101611 ], [ 3113862.869587851688266, 1663113.667583615751937 ], [ 3113870.327588221058249, 1663127.510505607351661 ], [ 3113874.803502069786191, 1663135.959212094312534 ], [ 3113877.71452899184078, 1663141.4514885104727 ], [ 3113878.611801017075777, 1663143.145711175864562 ], [ 3113879.232502907048911, 1663144.318679987452924 ], [ 3113881.097847798839211, 1663147.841465019155294 ], [ 3113885.368746904656291, 1663153.697135986294597 ], [ 3113885.737251292914152, 1663154.202375006629154 ], [ 3113889.594402940012515, 1663159.490519648650661 ], [ 3113892.693540918640792, 1663163.738629240076989 ], [ 3113893.691443982534111, 1663165.10630137915723 ], [ 3113897.434724495746195, 1663170.237396460259333 ], [ 3113912.04787133494392, 1663185.835613236995414 ], [ 3113913.846144061535597, 1663187.754434835165739 ], [ 3113914.308349053841084, 1663188.247893654042855 ], [ 3113914.310677946545184, 1663188.249811022309586 ], [ 3113918.812060142401606, 1663191.018564403988421 ], [ 3113937.02949061524123, 1663202.225189629942179 ], [ 3113953.441926835104823, 1663210.994067439809442 ], [ 3113957.31138270907104, 1663213.061246213503182 ], [ 3113967.338638473302126, 1663218.41779103805311 ], [ 3113971.561284455470741, 1663219.793362649390474 ], [ 3113976.118289282079786, 1663221.277729874942452 ], [ 3113980.183146195951849, 1663222.602727536577731 ], [ 3113992.11498395120725, 1663226.488612899323925 ], [ 3114011.538104283623397, 1663233.468865751754493 ], [ 3114018.868020760826766, 1663236.229769923025742 ], [ 3114027.129954784177244, 1663239.341772122774273 ], [ 3114027.133984913118184, 1663239.343495905864984 ], [ 3114035.382732301950455, 1663234.852884053718299 ], [ 3114042.762226086109877, 1663230.837208457291126 ], [ 3114047.109941216185689, 1663230.559623195556924 ], [ 3114049.53890587342903, 1663230.404619145207107 ], [ 3114056.176861605141312, 1663229.982322851428762 ], [ 3114058.155140096321702, 1663231.726423350628465 ], [ 3114059.568965889979154, 1663232.972868964774534 ], [ 3114061.997531986329705, 1663234.183904382865876 ], [ 3114062.983357877470553, 1663234.675410770811141 ], [ 3114079.094090955797583, 1663242.707694893702865 ], [ 3114085.267526037059724, 1663243.07205133093521 ], [ 3114091.732963210903108, 1663243.454470355063677 ], [ 3114093.21819329354912, 1663243.541925805155188 ], [ 3114093.221436559222639, 1663243.541162624489516 ], [ 3114094.93779637478292, 1663242.872381829656661 ], [ 3114098.126023604534566, 1663241.629907652037218 ], [ 3114100.814378303941339, 1663240.582317569991574 ], [ 3114101.056733711156994, 1663240.4879030873999 ], [ 3114108.355228845030069, 1663237.642378830350935 ], [ 3114115.936638600192964, 1663237.534708295715973 ], [ 3114127.95294333435595, 1663237.364406546810642 ], [ 3114128.991297358181328, 1663237.349629269680008 ], [ 3114129.911779656074941, 1663237.846596364863217 ], [ 3114134.140532460995018, 1663240.129253042396158 ], [ 3114138.701159073039889, 1663242.592467147158459 ], [ 3114140.032429889775813, 1663243.31141839409247 ], [ 3114141.370471505448222, 1663244.034040481550619 ], [ 3114144.049030461348593, 1663245.507509412476793 ], [ 3114145.853900766931474, 1663246.500427892198786 ], [ 3114149.392805267125368, 1663248.447071873350069 ], [ 3114159.868045085575432, 1663264.542187780607492 ], [ 3114162.276089075021446, 1663265.596767885377631 ], [ 3114178.449246539734304, 1663272.675356246996671 ], [ 3114184.078682659193873, 1663273.334363827947527 ], [ 3114189.485257572960109, 1663273.967377788387239 ], [ 3114194.096125660464168, 1663274.507991428952664 ], [ 3114205.845043376088142, 1663277.64773370581679 ], [ 3114213.565921079367399, 1663279.712347920518368 ], [ 3114220.661236178595573, 1663281.789397639920935 ], [ 3114225.486594676971436, 1663283.202928876737133 ], [ 3114229.330401939339936, 1663284.327708184486255 ], [ 3114230.350504157599062, 1663284.626233121147379 ], [ 3114238.921458112075925, 1663288.055870573269203 ], [ 3114258.069629360921681, 1663295.718044166453183 ], [ 3114261.081917682196945, 1663296.665215359302238 ], [ 3114267.466288891620934, 1663298.674244355875999 ], [ 3114267.688520411960781, 1663298.744135195156559 ], [ 3114267.895586635451764, 1663298.809386843349785 ], [ 3114285.875430768821388, 1663316.128537366865203 ], [ 3114286.021743852179497, 1663316.304691924480721 ], [ 3114303.87168843485415, 1663337.802557745482773 ], [ 3114310.988406149670482, 1663342.312244928441942 ], [ 3114317.190652096178383, 1663346.240282560931519 ], [ 3114319.41639338620007, 1663347.6512976156082 ], [ 3114319.790203229524195, 1663347.839125728001818 ], [ 3114319.796433062292635, 1663347.842587518272921 ], [ 3114319.821911685168743, 1663347.855429830029607 ], [ 3114320.174402237869799, 1663348.032318872399628 ], [ 3114320.852281829342246, 1663348.372627529781312 ], [ 3114331.56488013220951, 1663353.748859781073406 ], [ 3114332.687202430795878, 1663354.312189954565838 ], [ 3114333.598161422647536, 1663354.769444694044068 ], [ 3114341.089542459696531, 1663358.52943561039865 ], [ 3114360.536756355315447, 1663367.384997811866924 ], [ 3114373.655266470741481, 1663373.35896304436028 ], [ 3114374.802236306946725, 1663373.881001037778333 ], [ 3114394.521428261417896, 1663380.002866197843105 ], [ 3114395.143556588795036, 1663380.196040822425857 ], [ 3114400.266987303737551, 1663382.636529547860846 ], [ 3114405.490458027459681, 1663385.124778107041493 ], [ 3114414.562980775721371, 1663389.446486141299829 ], [ 3114424.713638198561966, 1663399.040414247661829 ], [ 3114433.260385241825134, 1663405.395594417117536 ], [ 3114433.738819343503565, 1663405.751257268944755 ], [ 3114442.048261080868542, 1663411.929790395777673 ], [ 3114447.304520164616406, 1663415.022358643589541 ], [ 3114454.769606582354754, 1663419.414466963149607 ], [ 3114455.959315363317728, 1663420.114447249332443 ], [ 3114477.955726987682283, 1663428.739595429273322 ], [ 3114478.356415004003793, 1663428.896742802113295 ], [ 3114487.195378107018769, 1663432.362675212789327 ], [ 3114487.738224328961223, 1663432.370616116560996 ], [ 3114496.619059187360108, 1663432.507151236059144 ], [ 3114496.675189255271107, 1663432.508029484422877 ], [ 3114499.692594652529806, 1663432.554281017743051 ], [ 3114502.885940468870103, 1663432.603273246670142 ], [ 3114504.291230203583837, 1663432.624574337387457 ], [ 3114515.322223159484565, 1663432.79120591818355 ], [ 3114549.740977725014091, 1663430.869886841392145 ], [ 3114558.237673583440483, 1663428.803981281118467 ], [ 3114560.319804565515369, 1663428.297708101570606 ], [ 3114560.821912435814738, 1663427.952721057226881 ], [ 3114560.832424920517951, 1663427.945554268313572 ], [ 3114561.17070072889328, 1663427.713168255984783 ], [ 3114561.332049710210413, 1663427.602308598579839 ], [ 3114568.857227722648531, 1663410.408225214341655 ], [ 3114572.121679784730077, 1663405.112912383396178 ], [ 3114575.819479335099459, 1663399.114849512698129 ], [ 3114581.7057572780177, 1663397.016999845160171 ], [ 3114588.563027553260326, 1663394.573116828687489 ], [ 3114588.565928244497627, 1663394.572110309265554 ], [ 3114593.396088687703013, 1663392.849559844937176 ], [ 3114599.203812184743583, 1663390.779334273422137 ], [ 3114608.24126122193411, 1663387.188203741330653 ], [ 3114637.449857033789158, 1663375.582763739395887 ], [ 3114644.143885255791247, 1663372.11142336926423 ], [ 3114646.173959495034069, 1663371.058660130714998 ], [ 3114658.176218441687524, 1663364.834670289885253 ], [ 3114659.581264367792755, 1663364.105995637364686 ], [ 3114660.068839572370052, 1663363.853218432050198 ], [ 3114663.4790646629408, 1663362.084767580032349 ], [ 3114663.934649741277099, 1663361.848524456610903 ], [ 3114671.03055858425796, 1663358.168605713173747 ], [ 3114677.238368501886725, 1663355.955398736288771 ], [ 3114677.583949055988342, 1663355.832226001657546 ], [ 3114702.658028278965503, 1663346.892788176890463 ], [ 3114703.471518320962787, 1663346.602772062178701 ], [ 3114703.553778126835823, 1663346.573400934925303 ], [ 3114709.532414715737104, 1663344.442240685923025 ], [ 3114737.770796027965844, 1663339.554180789506063 ], [ 3114745.375537228770554, 1663329.060007724678144 ], [ 3114747.769210033118725, 1663325.756297184620053 ], [ 3114750.934864844195545, 1663321.387043686350808 ], [ 3114750.936969518195838, 1663321.38415713631548 ], [ 3114751.067253510467708, 1663321.187167280819267 ], [ 3114774.486799455247819, 1663285.779477109434083 ], [ 3114784.313435387331992, 1663279.379723141202703 ], [ 3114791.37810592353344, 1663274.77866518846713 ], [ 3114795.584056615829468, 1663272.039456287398934 ], [ 3114815.772692355327308, 1663267.332292484352365 ], [ 3114820.776456186547875, 1663266.16601578425616 ], [ 3114827.150312168523669, 1663265.551478132139891 ], [ 3114836.311033789534122, 1663264.667386081069708 ], [ 3114848.607583405449986, 1663263.480081870686263 ], [ 3114881.796952288597822, 1663260.27864273567684 ], [ 3114886.939904732629657, 1663259.782113641733304 ], [ 3114891.214885033201426, 1663259.369421206880361 ], [ 3114896.497204449493438, 1663258.859467496629804 ], [ 3114906.372383834328502, 1663257.47007253440097 ], [ 3114924.559720783494413, 1663254.909948356449604 ], [ 3114936.117242718115449, 1663253.283172354567796 ], [ 3114943.30843200488016, 1663252.272351013263687 ], [ 3114943.311591110192239, 1663252.271703368751332 ], [ 3114945.191307979635894, 1663254.906919879838824 ], [ 3114946.995529353152961, 1663257.433730004122481 ], [ 3114951.741935263387859, 1663257.869063666788861 ], [ 3114963.192434805445373, 1663258.918888926040381 ], [ 3114976.952644020318985, 1663258.80089511605911 ], [ 3114989.248177743982524, 1663258.696781751234084 ], [ 3115005.192106438800693, 1663253.373845845926553 ], [ 3115027.091491549275815, 1663246.063875452149659 ], [ 3115034.748921720311046, 1663243.50785325653851 ], [ 3115035.480655535589904, 1663239.338420645566657 ], [ 3115035.606877920217812, 1663238.619218812556937 ], [ 3115038.220772648230195, 1663223.720597159583122 ], [ 3115038.578548326157033, 1663221.680917046032846 ], [ 3115038.628611121326685, 1663221.395913137122989 ], [ 3115045.415909519884735, 1663212.133955071214586 ], [ 3115049.425017373636365, 1663206.66424752259627 ], [ 3115056.561827248893678, 1663203.846328858751804 ], [ 3115063.078318656422198, 1663201.273988703731447 ], [ 3115067.976239357143641, 1663201.722767932107672 ], [ 3115078.40273161046207, 1663202.678561752429232 ], [ 3115079.276260680519044, 1663202.758524009725079 ], [ 3115088.038261165842414, 1663212.84535342711024 ], [ 3115090.739525241777301, 1663220.953059463528916 ], [ 3115091.689063516445458, 1663222.506188787519932 ], [ 3115092.031556324567646, 1663223.066484625916928 ], [ 3115098.0595592870377, 1663232.926802049856633 ], [ 3115103.078871627338231, 1663241.13526641135104 ], [ 3115104.266205912455916, 1663243.077036226633936 ], [ 3115117.461734250187874, 1663253.657110691769049 ], [ 3115127.035858228802681, 1663260.747486913343892 ], [ 3115132.495265575125813, 1663264.791497477330267 ], [ 3115175.46936748130247, 1663253.705906715011224 ], [ 3115182.357088812626898, 1663251.249128601979464 ], [ 3115211.194747942034155, 1663240.964266274590045 ], [ 3115219.362255319021642, 1663238.138714440865442 ], [ 3115221.388998998329043, 1663237.437568994937465 ], [ 3115223.875156950205564, 1663236.57660766155459 ], [ 3115227.972949041984975, 1663235.159083331236616 ], [ 3115235.976930599659681, 1663232.388774290680885 ], [ 3115236.171097599901259, 1663232.395527691114694 ], [ 3115245.506406818516552, 1663232.731170201906934 ], [ 3115255.411266245879233, 1663233.087601915933192 ], [ 3115260.646897722035646, 1663233.275576487649232 ], [ 3115262.822661640588194, 1663233.352641199482605 ], [ 3115263.366543235257268, 1663233.372018565423787 ], [ 3115264.52143131615594, 1663233.412978653097525 ], [ 3115264.587831856682897, 1663233.415107565699145 ], [ 3115267.311826007440686, 1663233.51402587397024 ], [ 3115270.974702588748187, 1663233.645482436055318 ], [ 3115314.100837615318596, 1663236.102448297431692 ], [ 3115314.849354000762105, 1663236.145130844786763 ], [ 3115339.110828397795558, 1663237.527330793440342 ], [ 3115345.532013460062444, 1663237.893128687981516 ], [ 3115361.705770384520292, 1663236.1034407063853 ], [ 3115369.780360562261194, 1663235.211129939649254 ], [ 3115378.747032329440117, 1663229.266106840223074 ], [ 3115381.62617985252291, 1663227.357199695892632 ], [ 3115382.010114141739905, 1663227.253831294132397 ], [ 3115393.584129831753671, 1663224.096683038398623 ], [ 3115408.552234643138945, 1663220.013684190344065 ], [ 3115408.888868920039386, 1663219.921931971097365 ], [ 3115409.452564214356244, 1663219.768286027712747 ], [ 3115410.536525160539895, 1663219.928872969700024 ], [ 3115410.820270214229822, 1663219.970873255748302 ], [ 3115414.913857590872794, 1663220.577560536330566 ], [ 3115436.145455427933484, 1663223.724213904468343 ], [ 3115457.901801763102412, 1663230.127411581808701 ], [ 3115458.424101864919066, 1663230.28087726351805 ], [ 3115460.430520258843899, 1663230.871332861483097 ], [ 3115461.200080411508679, 1663231.284680334385484 ], [ 3115461.401432006619871, 1663231.393200799357146 ], [ 3115462.366396480239928, 1663231.911457014968619 ], [ 3115488.850031066685915, 1663246.131501282565296 ], [ 3115502.867923030629754, 1663259.730884843505919 ], [ 3115512.675935899373144, 1663269.246838404564187 ], [ 3115543.362719198688865, 1663295.451239144662395 ], [ 3115574.321880626492202, 1663321.887289168778807 ], [ 3115594.848489307798445, 1663332.074184141820297 ], [ 3115610.514860501512885, 1663339.8473318987526 ], [ 3115610.521183720324188, 1663339.850071499589831 ], [ 3115611.270617770962417, 1663340.697202418697998 ], [ 3115611.720597453415394, 1663341.205304669914767 ], [ 3115618.153808644041419, 1663348.475623761303723 ], [ 3115619.801056721247733, 1663350.336909427773207 ], [ 3115623.674902856349945, 1663352.49157081823796 ], [ 3115629.796720313839614, 1663355.896084257401526 ], [ 3115629.993966037407517, 1663356.005719660781324 ], [ 3115631.094814351759851, 1663356.6178007745184 ], [ 3115633.639351489953697, 1663358.03233824018389 ], [ 3115634.368276969529688, 1663358.358892800519243 ], [ 3115637.717454417608678, 1663359.858971117995679 ], [ 3115638.89028380997479, 1663360.384340734453872 ], [ 3115644.580240519717336, 1663363.395458442624658 ], [ 3115644.620006085373461, 1663363.416523658903316 ], [ 3115653.013012079056352, 1663367.858133262721822 ], [ 3115658.948779203929007, 1663376.232425431022421 ], [ 3115668.101255437359214, 1663389.145036190515384 ], [ 3115694.963897962123156, 1663419.265445050084963 ], [ 3115696.357062120456249, 1663420.827473789919168 ], [ 3115696.975058143958449, 1663421.713292416883633 ], [ 3115713.785730917006731, 1663445.808872996363789 ], [ 3115723.305084594059736, 1663460.650801527546719 ], [ 3115731.697480668313801, 1663473.735722035402432 ], [ 3115735.21097110863775, 1663477.649025481427088 ], [ 3115742.278784875757992, 1663485.521030443487689 ], [ 3115764.901532754302025, 1663497.030251143267378 ], [ 3115771.875187402591109, 1663500.578043460380286 ], [ 3115809.036808982491493, 1663514.325842074118555 ], [ 3115831.736097503453493, 1663528.811847121920437 ], [ 3115856.544876179192215, 1663557.309726561186835 ], [ 3115887.653879447374493, 1663588.75070361699909 ], [ 3115920.767894736491144, 1663620.596789922798052 ], [ 3115925.018891389481723, 1663625.537182385334745 ], [ 3115946.840069188736379, 1663650.896947618108243 ], [ 3115957.969429382588714, 1663672.794177057454363 ], [ 3115963.570238602813333, 1663683.813723475905135 ], [ 3115962.390640741214156, 1663689.484602957731113 ], [ 3115961.870190459303558, 1663691.987967079039663 ], [ 3115964.456148855853826, 1663690.56557785323821 ], [ 3115970.722795961424708, 1663687.117511329706758 ], [ 3115980.575168570037931, 1663680.464649584610015 ], [ 3115987.798708532936871, 1663675.586946107214317 ], [ 3115990.290303595364094, 1663674.574866325827315 ], [ 3115990.570036925375462, 1663674.461184385465458 ], [ 3115995.07506940793246, 1663672.631452922942117 ], [ 3115995.377570130862296, 1663672.508181436918676 ], [ 3116017.975058316718787, 1663663.334409246919677 ], [ 3116018.995756773278117, 1663662.91978529910557 ], [ 3116019.196318736299872, 1663662.838367445860058 ], [ 3116019.971590116620064, 1663662.279262426076457 ], [ 3116023.567698252387345, 1663659.686090426053852 ], [ 3116033.745133316610008, 1663652.348655873443931 ], [ 3116034.845107124652714, 1663651.555595513898879 ], [ 3116037.260044999420643, 1663649.732597001595423 ], [ 3116037.260044999420643, 1661775.570554999634624 ], [ 3113575.758706947322935, 1661775.570554999634624 ], [ 3113565.756358068436384, 1661786.309744426747784 ] ] ], [ [ [ 3116036.420610427856445, 1663936.508023879956454 ], [ 3116036.410818066447973, 1663936.555926404660568 ], [ 3116035.718510426580906, 1663939.939646649640054 ], [ 3116028.069443527143449, 1663977.340649492805824 ], [ 3116028.068664175923914, 1663977.344214644283056 ], [ 3116024.971018016338348, 1663992.018395763123408 ], [ 3116020.554161542095244, 1664012.941935942741111 ], [ 3116020.49738753028214, 1664013.209637751802802 ], [ 3116021.77277049748227, 1664021.564976325491443 ], [ 3116035.966838634572923, 1664042.519617270445451 ], [ 3116037.260044999420643, 1664044.428857562830672 ], [ 3116037.260044999420643, 1663932.405753748491406 ], [ 3116036.420610427856445, 1663936.508023879956454 ] ] ], [ [ [ 3116033.558280924800783, 1664143.53530462202616 ], [ 3116017.059357428923249, 1664138.814055935945362 ], [ 3116013.422946889419109, 1664137.773372582625598 ], [ 3116001.080232345499098, 1664136.773739859694615 ], [ 3115999.383880417328328, 1664136.636482599657029 ], [ 3115979.662446605041623, 1664135.040071178693324 ], [ 3115965.302642662078142, 1664136.011934095760807 ], [ 3115965.29991284571588, 1664136.014726976631209 ], [ 3115960.770059437491, 1664140.048716967692599 ], [ 3115959.520821494515985, 1664141.161111480789259 ], [ 3115957.107797010801733, 1664143.310074396664277 ], [ 3115956.292904443573207, 1664144.035754485055804 ], [ 3115956.107286036945879, 1664144.201051782350987 ], [ 3115955.107701157219708, 1664145.090759159997106 ], [ 3115909.4747059578076, 1664174.140460210153833 ], [ 3115909.450581869110465, 1664174.155833807773888 ], [ 3115908.855454893317074, 1664174.535060744034126 ], [ 3115891.282583608757704, 1664196.815717981895432 ], [ 3115891.148809135891497, 1664196.985160141251981 ], [ 3115886.281512051820755, 1664203.156428299611434 ], [ 3115884.352612171322107, 1664205.601579019334167 ], [ 3115883.623178572393954, 1664206.526262215338647 ], [ 3115879.822858919389546, 1664211.345578364329413 ], [ 3115877.294755941256881, 1664214.551427244674414 ], [ 3115876.986742594279349, 1664216.181257640710101 ], [ 3115875.842133735772222, 1664222.238296736031771 ], [ 3115871.682059550657868, 1664244.277561361435801 ], [ 3115867.520112688653171, 1664269.890732553321868 ], [ 3115865.694587178062648, 1664281.129958034493029 ], [ 3115869.483772536274046, 1664296.363929220009595 ], [ 3115878.453763153403997, 1664303.311355669051409 ], [ 3115887.015017154160887, 1664309.942194447619841 ], [ 3115889.18273798795417, 1664311.620712311239913 ], [ 3115894.193695562891662, 1664329.636809916933998 ], [ 3115895.674356904346496, 1664334.963308588834479 ], [ 3115893.84175189351663, 1664363.402843930292875 ], [ 3115893.586202688515186, 1664367.368519435171038 ], [ 3115893.572606014087796, 1664367.578910721931607 ], [ 3115893.521117865107954, 1664368.378104272764176 ], [ 3115894.028630548622459, 1664369.257727059070021 ], [ 3115902.601541712880135, 1664384.115065781865269 ], [ 3115909.267674372065812, 1664395.667861649300903 ], [ 3115911.595115948468447, 1664406.055950861424208 ], [ 3115912.875324011780322, 1664411.768649020697922 ], [ 3115914.407512480393052, 1664418.611817213706672 ], [ 3115914.76163425296545, 1664420.192647204268724 ], [ 3115922.806806631851941, 1664435.202966185519472 ], [ 3115931.603988938964903, 1664451.616098646540195 ], [ 3115931.708526676986367, 1664451.812705559656024 ], [ 3115931.710488845128566, 1664451.814888296183199 ], [ 3115935.873367946594954, 1664479.092628439888358 ], [ 3115955.636208860203624, 1664529.144612691830844 ], [ 3115960.112043459899724, 1664567.212465012678877 ], [ 3115971.210287508089095, 1664584.544055659556761 ], [ 3115979.584411782212555, 1664597.621394973015413 ], [ 3115982.106086790561676, 1664601.557865771465003 ], [ 3115983.087204565759748, 1664603.089621383463964 ], [ 3116020.544818378053606, 1664636.711208171444014 ], [ 3116020.702233168762177, 1664641.934073443291709 ], [ 3116021.204624542035162, 1664658.541095406282693 ], [ 3116019.251817240379751, 1664672.749537934083492 ], [ 3116018.008885208982974, 1664681.795590763911605 ], [ 3116011.288676631636918, 1664694.117071630200371 ], [ 3116010.640774886123836, 1664695.305002125911415 ], [ 3116004.337277130223811, 1664706.862156025599688 ], [ 3115990.213885068427771, 1664736.66409406485036 ], [ 3115980.899120282381773, 1664756.319458179175854 ], [ 3115975.155441159382463, 1664789.347739398945123 ], [ 3115977.744028224609792, 1664806.30253921286203 ], [ 3115987.760715221054852, 1664829.200998654123396 ], [ 3115988.103376097977161, 1664829.983745014062151 ], [ 3116019.91086276108399, 1664859.981049444526434 ], [ 3116027.426010958850384, 1664867.068495972314849 ], [ 3116033.700720849446952, 1664873.611190582159907 ], [ 3116037.260044999420643, 1664877.322529393015429 ], [ 3116037.260044999420643, 1664144.595392707269639 ], [ 3116033.558280924800783, 1664143.53530462202616 ] ] ], [ [ [ 3116033.557054742705077, 1664920.588415204314515 ], [ 3116026.104733261279762, 1664928.839320112485439 ], [ 3116026.102836193982512, 1664928.841565353795886 ], [ 3116025.943454921245575, 1664929.059328559553251 ], [ 3116024.502121214754879, 1664931.02533568488434 ], [ 3116023.886379017494619, 1664931.865680778166279 ], [ 3116011.228253728710115, 1664949.143534122500569 ], [ 3116009.383777080569416, 1664951.660564193502069 ], [ 3116010.772124303504825, 1664960.754246020223945 ], [ 3116012.260436224751174, 1664961.674906456843019 ], [ 3116024.518515164963901, 1664969.254482086980715 ], [ 3116028.617257613688707, 1664971.789165825815871 ], [ 3116032.667801713570952, 1664977.752134182490408 ], [ 3116035.240583166014403, 1664981.539736611302942 ], [ 3116037.260044999420643, 1664984.512810937827453 ], [ 3116037.260044999420643, 1664916.488517372170463 ], [ 3116033.557054742705077, 1664920.588415204314515 ] ] ], [ [ [ 3116030.736691026482731, 1665391.641166156623513 ], [ 3116030.653664061799645, 1665401.008998893899843 ], [ 3116030.618514472153038, 1665404.960694954264909 ], [ 3116030.316568129695952, 1665438.962362105259672 ], [ 3116030.49724082229659, 1665439.00878265267238 ], [ 3116035.486820090562105, 1665440.25637570512481 ], [ 3116035.653489938005805, 1665440.315107070142403 ], [ 3116036.034591291565448, 1665440.449325685156509 ], [ 3116036.040139302611351, 1665440.450988765107468 ], [ 3116036.591246342286468, 1665440.645782888866961 ], [ 3116037.260044999420643, 1665440.88117732363753 ], [ 3116037.260044999420643, 1665377.035541748860851 ], [ 3116030.736691026482731, 1665391.641166156623513 ] ] ] ] } }
]
}
