{
"type": "FeatureCollection",
"name": "Cilleros",
"crs": { "type": "name", "properties": { "name": "urn:ogc:def:crs:EPSG::3035" } },
"features": [
{ "type": "Feature", "properties": { "ENP_GRAL": 6.0, "ENP_GRAL_NAME": "Otros Espacios Naturales Protegidos", "color": "#7F8F0D" }, "geometry": { "type": "MultiPolygon", "coordinates": [ [ [ [ 2892266.83042277302593, 2028866.949102961923927 ], [ 2892270.415250949095935, 2028895.867241417290643 ], [ 2892276.091104813851416, 2028942.768268127460033 ], [ 2892281.169902085326612, 2028982.621569896815345 ], [ 2892299.854601692873985, 2029059.150298983091488 ], [ 2892324.59996522963047, 2029121.811172678833827 ], [ 2892377.08852323750034, 2029215.527249233098701 ], [ 2892389.875582102686167, 2029230.814025359693915 ], [ 2892412.758896424435079, 2029249.725677425041795 ], [ 2892459.34733301308006, 2029295.568725402001292 ], [ 2892479.986188949085772, 2029318.131232891231775 ], [ 2892480.583527730312198, 2029325.179048567311838 ], [ 2892469.885233134496957, 2029341.244288388639688 ], [ 2892454.176682701334357, 2029353.430788320722058 ], [ 2892434.427661848720163, 2029374.862584175076336 ], [ 2892407.794661022722721, 2029415.511705493321642 ], [ 2892398.517287028487772, 2029433.275480985408649 ], [ 2892389.086851635947824, 2029472.673184768762439 ], [ 2892381.303842063993216, 2029501.372200349112973 ], [ 2892372.324112233240157, 2029529.344461078522727 ], [ 2892330.720299932174385, 2029647.808674753410742 ], [ 2892320.617458679713309, 2029684.29104094277136 ], [ 2892301.461884110234678, 2029739.509138874476776 ], [ 2892297.495005152653903, 2029757.991099430713803 ], [ 2892302.199685880448669, 2029805.137514192378148 ], [ 2892308.027722522616386, 2029843.774042477365583 ], [ 2892313.260343137197196, 2029861.993617165600881 ], [ 2892327.688554699532688, 2029906.688841543858871 ], [ 2892338.828830488957465, 2029932.674313868163154 ], [ 2892348.250559560954571, 2029946.752786497585475 ], [ 2892387.213748976588249, 2029972.92269722931087 ], [ 2892403.217730414122343, 2029984.31345646828413 ], [ 2892404.338848279323429, 2029989.172526402166113 ], [ 2892402.767265528906137, 2029995.738832279341295 ], [ 2892392.218237053602934, 2030016.908636166248471 ], [ 2892384.729462868068367, 2030082.554408947937191 ], [ 2892385.995583064854145, 2030119.255970451747999 ], [ 2892389.357266953215003, 2030147.20239937887527 ], [ 2892396.759077868424356, 2030165.903530939482152 ], [ 2892406.853699058759958, 2030182.897508279420435 ], [ 2892419.416749697178602, 2030197.212322250707075 ], [ 2892433.700344052165747, 2030210.065212442772463 ], [ 2892435.269881044514477, 2030216.867970014922321 ], [ 2892434.071530988905579, 2030229.510303158080205 ], [ 2892424.794806041754782, 2030247.27430387143977 ], [ 2892421.726902218535542, 2030256.274594608461484 ], [ 2892419.181382341310382, 2030276.455159476725385 ], [ 2892420.822550536133349, 2030305.863858135649934 ], [ 2892425.381047764793038, 2030334.536985143553466 ], [ 2892422.307827149983495, 2030383.644518401706591 ], [ 2892430.897453469689935, 2030469.917937317397445 ], [ 2892435.45593161508441, 2030498.591109384782612 ], [ 2892443.152172209694982, 2030554.239128324436024 ], [ 2892446.740146631374955, 2030569.788381980732083 ], [ 2892452.647735483013093, 2030577.55423123575747 ], [ 2892461.023856258019805, 2030582.641089476179332 ], [ 2892486.150411105714738, 2030611.27085500699468 ], [ 2892500.209791884757578, 2030623.15186010603793 ], [ 2892507.688991562463343, 2030624.351374349789694 ], [ 2892514.719482651446015, 2030623.607257602270693 ], [ 2892522.422857562080026, 2030625.778724833624437 ], [ 2892529.302731516771019, 2030633.299458367982879 ], [ 2892530.423914915882051, 2030638.158647105330601 ], [ 2892529.076862830668688, 2030645.696771287592128 ], [ 2892526.604823752772063, 2030675.114111855393276 ], [ 2892524.061062772292644, 2030681.925665718270466 ], [ 2892517.627870453987271, 2030689.717589075211436 ], [ 2892508.577273557893932, 2030695.084383666748181 ], [ 2892477.161553441546857, 2030719.458412889624014 ], [ 2892470.728293849620968, 2030727.250461658928543 ], [ 2892466.46414017258212, 2030735.524033679161221 ], [ 2892449.109621805604547, 2030758.409806292504072 ], [ 2892420.75144822942093, 2030853.998619218822569 ], [ 2892409.60414042044431, 2030881.489746218081564 ], [ 2892397.484499591402709, 2030909.226128498790786 ], [ 2892385.814912885427475, 2030925.536920010112226 ], [ 2892370.778155076317489, 2030954.008470647502691 ], [ 2892365.841270885895938, 2030959.366558774141595 ], [ 2892358.88615704793483, 2030955.978310381760821 ], [ 2892356.568148191086948, 2030950.392664858372882 ], [ 2892349.84204185474664, 2030907.868606462841853 ], [ 2892347.15398427285254, 2030869.468352769501507 ], [ 2892345.736367601901293, 2030841.031467598630115 ], [ 2892339.085555610246956, 2030794.374868920538574 ], [ 2892330.637433872092515, 2030766.682258965680376 ], [ 2892321.514852976426482, 2030749.443131086183712 ], [ 2892307.979236835148185, 2030735.373374220682308 ], [ 2892290.478906257078052, 2030726.416694645071402 ], [ 2892271.482554048299789, 2030719.893956629792228 ], [ 2892252.634918379597366, 2030718.475483084795997 ], [ 2892233.48799105733633, 2030720.217616257956252 ], [ 2892195.342871351633221, 2030728.806164382724091 ], [ 2892176.12052021920681, 2030734.680728556821123 ], [ 2892151.885977890342474, 2030750.04599256045185 ], [ 2892122.639135921373963, 2030774.901788711780682 ], [ 2892109.772974090650678, 2030790.48606381053105 ], [ 2892102.889760019257665, 2030809.703767839353532 ], [ 2892095.782392823137343, 2030827.949624048545957 ], [ 2892087.254146297927946, 2030844.49697282910347 ], [ 2892084.708746919408441, 2030864.677764889318496 ], [ 2892084.931420493870974, 2030879.018883736338466 ], [ 2892085.453659253194928, 2030890.19924837583676 ], [ 2892081.040460175834596, 2030893.36867854767479 ], [ 2892072.364692392759025, 2030891.442559324204922 ], [ 2892065.185522849671543, 2030887.082390054361895 ], [ 2892045.741982699371874, 2030865.246747741242871 ], [ 2892039.46117196790874, 2030851.404783594654873 ], [ 2892034.001964352093637, 2030845.582463913364336 ], [ 2892027.570605899207294, 2030840.0053650890477 ], [ 2892010.443425552919507, 2030837.124866449041292 ], [ 2891989.651352447923273, 2030836.196786127053201 ], [ 2891981.124524938873947, 2030839.374909056117758 ], [ 2891947.090099236927927, 2030874.693473155610263 ], [ 2891941.480287380516529, 2030877.136243721470237 ], [ 2891936.170164124108851, 2030876.418437734246254 ], [ 2891931.383845974691212, 2030873.511610195506364 ], [ 2891912.989693408366293, 2030833.929172699106857 ], [ 2891906.03587311739102, 2030817.17157031246461 ], [ 2891907.083549849689007, 2030812.793920906027779 ], [ 2891912.544334540143609, 2030805.246941887075081 ], [ 2891919.650269048288465, 2030800.370301221497357 ], [ 2891953.60790578275919, 2030782.553382742218673 ], [ 2891969.540050393901765, 2030771.337905723368749 ], [ 2891975.973117910325527, 2030763.545796328224242 ], [ 2891981.7335045626387, 2030752.838173280935735 ], [ 2891982.55663523171097, 2030747.488748958567157 ], [ 2891980.687327168416232, 2030743.846559937112033 ], [ 2891976.649226780980825, 2030739.722819457063451 ], [ 2891971.86280996305868, 2030736.816007293295115 ], [ 2891915.619971781037748, 2030729.400306138908491 ], [ 2891897.296367852948606, 2030725.793045407859609 ], [ 2891894.454516712576151, 2030722.396154646761715 ], [ 2891894.529920674860477, 2030718.263550968840718 ], [ 2891896.774245192296803, 2030714.612674069823697 ], [ 2891923.62608067272231, 2030701.672464327188209 ], [ 2891941.427547323517501, 2030694.099168539047241 ], [ 2891949.281525147147477, 2030688.005662086186931 ], [ 2891955.714491396211088, 2030680.21347305434756 ], [ 2891967.834363698493689, 2030652.476845823694021 ], [ 2891978.908230997622013, 2030615.748799098888412 ], [ 2891983.699680080637336, 2030578.54779597488232 ], [ 2891981.607791498769075, 2030560.564614194678143 ], [ 2891974.95199622027576, 2030554.015735222492367 ], [ 2891966.575906780082732, 2030548.928870440460742 ], [ 2891958.947943360544741, 2030542.625116494018584 ], [ 2891949.82550276722759, 2030525.385965824825689 ], [ 2891935.992026164196432, 2030501.107728438684717 ], [ 2891923.652997095137835, 2030487.764695762423798 ], [ 2891917.670176352374256, 2030484.131283758673817 ], [ 2891909.966765318065882, 2030481.95994098787196 ], [ 2891900.991671607363969, 2030483.194257761584595 ], [ 2891892.465026007965207, 2030486.372452402021736 ], [ 2891876.08416819665581, 2030495.644096584059298 ], [ 2891850.652946594171226, 2030510.282853044336662 ], [ 2891831.430548216216266, 2030516.157479191664606 ], [ 2891827.594370600301772, 2030515.724271311657503 ], [ 2891822.97925290511921, 2030515.203205557074398 ], [ 2891813.106965058948845, 2030512.550353730795905 ], [ 2891803.459034423343837, 2030510.869316489435732 ], [ 2891780.422531438060105, 2030513.592129286145791 ], [ 2891769.651576575823128, 2030520.421227607876062 ], [ 2891764.565584164578468, 2030520.675093537662178 ], [ 2891758.134258174337447, 2030515.098042171448469 ], [ 2891756.340279310010374, 2030507.323285277932882 ], [ 2891756.490863166749477, 2030499.058436225401238 ], [ 2891756.268350733444095, 2030484.717328892089427 ], [ 2891759.03653556574136, 2030478.877627378329635 ], [ 2891766.890290408395231, 2030472.783934829290956 ], [ 2891790.525887427851558, 2030463.739830531179905 ], [ 2891805.859006139915437, 2030458.845700202509761 ], [ 2891809.82362368516624, 2030453.73270731116645 ], [ 2891812.59170331293717, 2030447.892929871566594 ], [ 2891815.734638235997409, 2030434.760137297213078 ], [ 2891815.137194849550724, 2030427.712068336317316 ], [ 2891810.874774822033942, 2030422.616635828977451 ], [ 2891796.740034892223775, 2030414.868159459671006 ], [ 2891779.38868759246543, 2030411.015708093065768 ], [ 2891760.316985166165978, 2030408.625498547684401 ], [ 2891746.630880314856768, 2030402.820778175722808 ], [ 2891741.171614712104201, 2030396.998524957569316 ], [ 2891733.170489961281419, 2030384.618576772511005 ], [ 2891726.217074484564364, 2030367.860987927298993 ], [ 2891720.011788382194936, 2030349.88650791044347 ], [ 2891715.076381654944271, 2030341.875438244547695 ], [ 2891695.633303181733936, 2030320.039854535833001 ], [ 2891679.62930026371032, 2030308.6492498901207 ], [ 2891667.139631382655352, 2030303.571256852708757 ], [ 2891654.350431254133582, 2030301.653702434385195 ], [ 2891647.768334298860282, 2030304.341647649183869 ], [ 2891641.410674428101629, 2030308.001288013299927 ], [ 2891632.508894763421267, 2030318.472596192965284 ], [ 2891631.685427672229707, 2030323.821970266290009 ], [ 2891633.927897782996297, 2030333.540371891576797 ], [ 2891638.863089682534337, 2030341.551369791617617 ], [ 2891658.530633923597634, 2030364.358823031885549 ], [ 2891663.465731077827513, 2030372.369842788437381 ], [ 2891671.389867359772325, 2030402.25160985160619 ], [ 2891674.977855700533837, 2030417.80079542286694 ], [ 2891674.07897770870477, 2030427.282769344747066 ], [ 2891658.593672302551568, 2030453.811147363623604 ], [ 2891645.503086872398853, 2030468.423739003716037 ], [ 2891631.291419577784836, 2030478.177153557306156 ], [ 2891624.946311812382191, 2030479.776806007837877 ], [ 2891624.485152992419899, 2030479.893061516340822 ], [ 2891615.330336849205196, 2030478.913512433879077 ], [ 2891604.441453819163144, 2030477.748130048392341 ], [ 2891585.817802094854414, 2030477.301547140348703 ], [ 2891565.47421698179096, 2030478.317242502467707 ], [ 2891556.947512198239565, 2030481.495422531152144 ], [ 2891548.869242964312434, 2030486.617378722177818 ], [ 2891542.211820691823959, 2030493.437630052911118 ], [ 2891519.396378114819527, 2030523.871150355087593 ], [ 2891506.75446686334908, 2030540.427333239698783 ], [ 2891499.722192450426519, 2030554.540931513765827 ], [ 2891489.173776503652334, 2030575.711234896443784 ], [ 2891482.066397558897734, 2030593.957289438229054 ], [ 2891477.650155180133879, 2030623.865299743134528 ], [ 2891477.049244969151914, 2030643.556022180709988 ], [ 2891481.310108742676675, 2030662.020802076673135 ], [ 2891493.945570808369666, 2030698.941719420719892 ], [ 2891509.273677940946072, 2030734.155445492593572 ], [ 2891519.368734783492982, 2030751.149422882823274 ], [ 2891533.128547931555659, 2030766.190873543731868 ], [ 2891556.01282464293763, 2030785.102167218690738 ], [ 2891596.248149488586932, 2030807.865689425962046 ], [ 2891628.107612412422895, 2030825.542308375239372 ], [ 2891651.291191172786057, 2030841.293049822095782 ], [ 2891662.957750941626728, 2030851.720483912155032 ], [ 2891665.499756939243525, 2030858.278174681589007 ], [ 2891665.1249043000862, 2030865.571424923837185 ], [ 2891661.160354657098651, 2030870.684444551588967 ], [ 2891649.865774067584425, 2030879.702400373993441 ], [ 2891645.153052762150764, 2030886.032535878010094 ], [ 2891641.924356268718839, 2030892.512575010536239 ], [ 2891643.677230382338166, 2030894.263936924282461 ], [ 2891652.181792777962983, 2030902.841986756306142 ], [ 2891652.201370599679649, 2030902.866108316695318 ], [ 2891666.559667790308595, 2030917.346657949732617 ], [ 2891667.105142991058528, 2030917.899244536180049 ], [ 2891690.355011723469943, 2030941.346305146580562 ], [ 2891737.768364953808486, 2030988.158006915589795 ], [ 2891737.020879308693111, 2030989.412210633745417 ], [ 2891727.180888042785227, 2031005.992595792049542 ], [ 2891685.303446259349585, 2031076.48207541089505 ], [ 2891635.265681970864534, 2031144.151250682538375 ], [ 2891576.619064469821751, 2031224.88577420823276 ], [ 2891530.782211560290307, 2031282.53358680405654 ], [ 2891502.48992647184059, 2031311.663514613639563 ], [ 2891485.022763702087104, 2031330.568415273912251 ], [ 2891467.867166400887072, 2031351.030819087289274 ], [ 2891457.90063255559653, 2031362.87071730219759 ], [ 2891439.990430383011699, 2031383.47541606426239 ], [ 2891429.908224765211344, 2031394.142113778507337 ], [ 2891417.242030431516469, 2031406.754349956987426 ], [ 2891400.35281091555953, 2031422.968091197777539 ], [ 2891377.55069918371737, 2031444.479183675255626 ], [ 2891301.728378401137888, 2031501.884335738839582 ], [ 2891246.438913760241121, 2031541.795266138389707 ], [ 2891201.917847476899624, 2031572.245506216073409 ], [ 2891160.034725387580693, 2031600.014164011925459 ], [ 2891119.194053705781698, 2031626.82391926413402 ], [ 2891079.418372119776905, 2031653.145653796149418 ], [ 2891040.295810253359377, 2031679.577162891859189 ], [ 2890999.495683298911899, 2031707.368818862596527 ], [ 2890954.204462677240372, 2031737.880773741286248 ], [ 2890903.262254050001502, 2031771.603896892163903 ], [ 2890851.93609691504389, 2031805.309662335552275 ], [ 2890807.172045805491507, 2031834.885141726117581 ], [ 2890773.38832419551909, 2031857.826211164938286 ], [ 2890745.130579633638263, 2031878.089316901983693 ], [ 2890714.422600237652659, 2031901.306126912822947 ], [ 2890675.603485119529068, 2031931.318115236470476 ], [ 2890632.203005538322031, 2031965.146958221448585 ], [ 2890590.015504278242588, 2031998.063734780997038 ], [ 2890553.59507461078465, 2032026.439220380736515 ], [ 2890522.480909759178758, 2032050.958291206276044 ], [ 2890494.919535822700709, 2032073.398064237320796 ], [ 2890469.626808183733374, 2032095.143599749077111 ], [ 2890447.066316870972514, 2032116.061748869949952 ], [ 2890428.135525024496019, 2032135.634965052129701 ], [ 2890412.879066817462444, 2032153.900853371247649 ], [ 2890397.976992405019701, 2032173.181432511657476 ], [ 2890379.242100963834673, 2032196.318885839078575 ], [ 2890353.713212203234434, 2032225.239778565941378 ], [ 2890323.472384165041149, 2032257.873949338216335 ], [ 2890291.804468116723001, 2032291.231203589821234 ], [ 2890261.476640172302723, 2032322.724024766124785 ], [ 2890233.028686181176454, 2032351.697140524163842 ], [ 2890229.89573142491281, 2032354.786372223868966 ], [ 2890206.417117751203477, 2032377.903216338250786 ], [ 2890181.656421110033989, 2032401.234449884854257 ], [ 2890138.32256071921438, 2032440.870091802440584 ], [ 2890120.132481701206416, 2032458.077875030227005 ], [ 2890104.687398624606431, 2032473.80761198955588 ], [ 2890092.36555840075016, 2032488.116406711982563 ], [ 2890082.956774760968983, 2032501.337502725655213 ], [ 2890073.647907015867531, 2032514.831153886159882 ], [ 2890060.990692128892988, 2032530.29184325854294 ], [ 2890042.220939736813307, 2032549.030667511280626 ], [ 2890017.29506862629205, 2032571.229078288655728 ], [ 2889986.813208065927029, 2032596.703840150497854 ], [ 2889951.798130391631275, 2032624.975756801664829 ], [ 2889914.828267497941852, 2032654.147441397653893 ], [ 2889878.887406751513481, 2032682.010729356436059 ], [ 2889846.239727799780667, 2032706.853277754737064 ], [ 2889816.375010542105883, 2032728.971462753368542 ], [ 2889788.088376342318952, 2032749.209241453092545 ], [ 2889760.380503815598786, 2032768.230786818312481 ], [ 2889733.110720792785287, 2032786.172640127595514 ], [ 2889706.368688466027379, 2032803.043021332239732 ], [ 2889679.963736028410494, 2032819.018501859391108 ], [ 2889652.598384329117835, 2032834.99276215932332 ], [ 2889622.713527937419713, 2032852.042079825187102 ], [ 2889611.541109582874924, 2032858.370705718407407 ], [ 2889589.421359999105334, 2032870.910437852144241 ], [ 2889554.593898748978972, 2032890.974087181733921 ], [ 2889520.78631744813174, 2032911.330686934292316 ], [ 2889490.045787057839334, 2032931.135769486892968 ], [ 2889462.476033347658813, 2032950.003958694403991 ], [ 2889437.688125305809081, 2032967.680518532171845 ], [ 2889415.472861684858799, 2032984.003442584071308 ], [ 2889396.379414513707161, 2032999.257610370637849 ], [ 2889381.109753062948585, 2033013.86487757996656 ], [ 2889369.658763927407563, 2033028.407035172684118 ], [ 2889359.070961000397801, 2033044.22944167163223 ], [ 2889345.640513106249273, 2033062.837969386484474 ], [ 2889326.517371523194015, 2033085.411248485092074 ], [ 2889302.31818970059976, 2033111.705014683771878 ], [ 2889274.493949835188687, 2033141.114543010247871 ], [ 2889265.045250197872519, 2033151.128476020647213 ], [ 2889244.765183595940471, 2033172.631315260659903 ], [ 2889216.055649066343904, 2033203.508088627364486 ], [ 2889191.537916950881481, 2033230.531676176236942 ], [ 2889179.388163881376386, 2033244.41388806537725 ], [ 2889172.18404495716095, 2033252.653422474628314 ], [ 2889150.00235590711236, 2033277.205620771273971 ], [ 2889114.824080903548747, 2033313.652078289538622 ], [ 2889066.448259298224002, 2033373.65408107615076 ], [ 2889035.73599913623184, 2033414.259475396946073 ], [ 2889016.100093025714159, 2033442.78694738750346 ], [ 2889001.787706853821874, 2033465.728678855113685 ], [ 2888990.224414965603501, 2033486.143355928361416 ], [ 2888979.692720312159508, 2033506.229200673755258 ], [ 2888968.867660418152809, 2033527.704918191069737 ], [ 2888958.10912387445569, 2033550.327331096399575 ], [ 2888948.206904770806432, 2033573.336514390073717 ], [ 2888939.641489568166435, 2033596.575944832991809 ], [ 2888931.583715479355305, 2033622.290137761738151 ], [ 2888922.906489797867835, 2033653.267243034439161 ], [ 2888921.873606355860829, 2033657.195417630719021 ], [ 2888912.797407319769263, 2033691.54764017299749 ], [ 2888902.392307814210653, 2033733.418267699191347 ], [ 2888901.758409893605858, 2033735.970714382361621 ], [ 2888890.650416701100767, 2033784.589182552183047 ], [ 2888880.655251509509981, 2033832.91758980229497 ], [ 2888880.032293514348567, 2033835.91515985946171 ], [ 2888869.624488912057132, 2033890.335505430120975 ], [ 2888858.859871921129525, 2033948.654704505577683 ], [ 2888847.361133058555424, 2034011.177629175363109 ], [ 2888835.478527165949345, 2034075.968009148258716 ], [ 2888829.097156339325011, 2034111.090762685984373 ], [ 2888828.742207323201001, 2034113.037429057992995 ], [ 2888823.736332866828889, 2034140.583802416455001 ], [ 2888802.738514577038586, 2034257.436428097775206 ], [ 2888794.546539009548724, 2034302.043678116751835 ], [ 2888788.300649953074753, 2034334.289207180263475 ], [ 2888782.998964978381991, 2034360.674710812512785 ], [ 2888781.591082555241883, 2034367.877645484404638 ], [ 2888781.343260889872909, 2034369.133485554950312 ], [ 2888777.29844489460811, 2034389.86408577254042 ], [ 2888770.20741552207619, 2034428.233165305573493 ], [ 2888762.025090407114476, 2034473.381179781630635 ], [ 2888760.513275829143822, 2034481.683662870898843 ], [ 2888760.344012585002929, 2034482.607487710891291 ], [ 2888753.429857228882611, 2034520.622330419020727 ], [ 2888744.929933506064117, 2034565.899698606925085 ], [ 2888736.686724648810923, 2034607.357917277142406 ], [ 2888728.754353795200586, 2034643.728026433615014 ], [ 2888720.924314904026687, 2034674.314582055900246 ], [ 2888711.97525425022468, 2034700.841489528072998 ], [ 2888700.3947116676718, 2034725.575156428618357 ], [ 2888685.2700274894014, 2034750.350424634758383 ], [ 2888667.917590352706611, 2034775.049960468662903 ], [ 2888650.171381589956582, 2034799.115179407410324 ], [ 2888633.252279687207192, 2034822.35516414209269 ], [ 2888615.818828481249511, 2034846.159237554064021 ], [ 2888595.891059812624007, 2034872.261745194671676 ], [ 2888571.991182842291892, 2034901.959406830137596 ], [ 2888544.809320887550712, 2034934.543593519134447 ], [ 2888515.553985342383385, 2034968.87381091946736 ], [ 2888485.778414847329259, 2035003.379495448432863 ], [ 2888469.187872068025172, 2035022.613219863269478 ], [ 2888458.449360539205372, 2035035.064503288827837 ], [ 2888436.886029285378754, 2035060.51043423707597 ], [ 2888421.421439460478723, 2035079.803285656264052 ], [ 2888406.689294894225895, 2035098.739804838551208 ], [ 2888400.482325541786849, 2035106.717002615099773 ], [ 2888359.50503607140854, 2035158.474271299317479 ], [ 2888354.504967210814357, 2035165.444718745071441 ], [ 2888349.081570213660598, 2035173.349050510209054 ], [ 2888342.296024027746171, 2035183.609482985688373 ], [ 2888333.40265201870352, 2035197.375568804796785 ], [ 2888295.829532604664564, 2035256.179033055203035 ], [ 2888282.105042218230665, 2035277.734566527185962 ], [ 2888270.351950765121728, 2035296.40558191225864 ], [ 2888261.761041177436709, 2035310.322399289812893 ], [ 2888255.559671374037862, 2035320.536140462383628 ], [ 2888250.430326090659946, 2035328.802445271750912 ], [ 2888245.256768716499209, 2035336.745695592602715 ], [ 2888239.720460898242891, 2035345.418516633566469 ], [ 2888238.905948461964726, 2035346.802895157132298 ], [ 2888237.737654737196863, 2035348.781652628444135 ], [ 2888233.665354181081057, 2035355.703904135152698 ], [ 2888227.020826566964388, 2035368.217702638125047 ], [ 2888219.986812319606543, 2035382.29578318935819 ], [ 2888205.879689709749073, 2035411.365377733949572 ], [ 2888199.04777302313596, 2035424.607357870787382 ], [ 2888192.363776360172778, 2035435.930395040195435 ], [ 2888185.838012252934277, 2035444.884883480379358 ], [ 2888179.693471564911306, 2035452.200945351971313 ], [ 2888174.219199699815363, 2035458.964898929931223 ], [ 2888169.582348769996315, 2035466.024629231542349 ], [ 2888165.739208729937673, 2035473.561404418200254 ], [ 2888162.530104697216302, 2035481.544867873424664 ], [ 2888161.193984158337116, 2035485.561303121503443 ], [ 2888159.638091763481498, 2035490.217999148182571 ], [ 2888155.917790726292878, 2035500.811948861461133 ], [ 2888150.090747324284166, 2035514.844952577259392 ], [ 2888141.245585134252906, 2035533.333062507444993 ], [ 2888132.14558147918433, 2035551.364983362844214 ], [ 2888117.62506693508476, 2035580.128825321327895 ], [ 2888104.918153212405741, 2035606.024897125782445 ], [ 2888092.421748253516853, 2035632.196926973527297 ], [ 2888080.517031037248671, 2035657.682696687290445 ], [ 2888069.52811351697892, 2035681.884806965244934 ], [ 2888059.683734338730574, 2035705.417840651469305 ], [ 2888051.172426864504814, 2035729.200936004985124 ], [ 2888044.20785594265908, 2035753.737841228256002 ], [ 2888039.0796555923298, 2035777.658091353718191 ], [ 2888036.117739788256586, 2035799.144676170544699 ], [ 2888035.406552718020976, 2035816.826254020677879 ], [ 2888036.185304790735245, 2035831.027626160066575 ], [ 2888037.472194444388151, 2035842.533369826618582 ], [ 2888038.421688585542142, 2035852.03987159836106 ], [ 2888038.877043961081654, 2035860.068322493927553 ], [ 2888038.801741531584412, 2035867.045820784755051 ], [ 2888037.62423587590456, 2035880.567347145872191 ], [ 2888037.394050172995776, 2035889.32258737552911 ], [ 2888037.936173378489912, 2035900.48304060078226 ], [ 2888039.112354903947562, 2035912.946998869068921 ], [ 2888040.736015509814024, 2035925.128593828296289 ], [ 2888042.545748931355774, 2035935.792061478830874 ], [ 2888044.339907876681536, 2035945.0594006201718 ], [ 2888045.886643874458969, 2035953.373395569855347 ], [ 2888047.021847961936146, 2035961.181027874816209 ], [ 2888047.835591848939657, 2035968.813941396772861 ], [ 2888048.473898867145181, 2035976.59136229311116 ], [ 2888049.077766136266291, 2035984.700380614725873 ], [ 2888049.798287776298821, 2035992.735325880348682 ], [ 2888050.769023891538382, 2036000.170708169229329 ], [ 2888052.048625716473907, 2036006.612515277229249 ], [ 2888053.353857691865414, 2036012.181881819153205 ], [ 2888054.339359821751714, 2036017.157386405393481 ], [ 2888054.684673960320652, 2036021.868545830249786 ], [ 2888054.277453899383545, 2036026.731418854091316 ], [ 2888053.024067547637969, 2036032.252665305975825 ], [ 2888050.907736456952989, 2036038.779225202975795 ], [ 2888048.152897086925805, 2036046.155034221941605 ], [ 2888041.669215387664735, 2036062.832110180985183 ], [ 2888037.042986624874175, 2036074.860230097780004 ], [ 2888020.044029406271875, 2036119.355732185067609 ], [ 2888008.802814373746514, 2036148.881246666889638 ], [ 2887998.646228943951428, 2036175.770765492226928 ], [ 2887991.348718465771526, 2036195.508270022226498 ], [ 2887986.643207409884781, 2036209.287515555275604 ], [ 2887983.702570810448378, 2036219.714662557467818 ], [ 2887982.246849628631026, 2036227.138626858126372 ], [ 2887981.847721044905484, 2036229.152712375624105 ], [ 2887980.866026035510004, 2036238.954465273069218 ], [ 2887980.662060664966702, 2036250.189031644025818 ], [ 2887981.105954128317535, 2036263.542881350731477 ], [ 2887981.985572344157845, 2036278.054721708642319 ], [ 2887983.082143955864012, 2036292.374642809387296 ], [ 2887984.212293850723654, 2036305.46816929616034 ], [ 2887985.464539740234613, 2036317.657898660749197 ], [ 2887986.989002399146557, 2036329.604980613803491 ], [ 2887988.881800041534007, 2036341.954131630249321 ], [ 2887990.96072599478066, 2036355.279859636211768 ], [ 2887993.000830463133752, 2036370.128352426923811 ], [ 2887994.775162569712847, 2036386.713127258466557 ], [ 2887996.173224653117359, 2036403.783110224409029 ], [ 2887997.115089260041714, 2036419.737876005005091 ], [ 2887997.499504894949496, 2036433.371923465747386 ], [ 2887997.411127082072198, 2036445.132579506142065 ], [ 2887996.929199332371354, 2036455.868427844019607 ], [ 2887996.099928670562804, 2036466.340363190509379 ], [ 2887994.833663975354284, 2036476.930397915886715 ], [ 2887992.963860395364463, 2036487.933538458077237 ], [ 2887990.364441296085715, 2036499.663993368158117 ], [ 2887987.023692884482443, 2036512.419510474661365 ], [ 2887982.94363385764882, 2036526.495033338433132 ], [ 2887978.13276707706973, 2036542.183615347836167 ], [ 2887976.616822835523635, 2036547.03145610447973 ], [ 2887976.401501845568419, 2036547.623047910630703 ], [ 2887972.48130876943469, 2036559.9102835545782 ], [ 2887965.901215520687401, 2036580.104220256442204 ], [ 2887958.399286090396345, 2036602.868846472352743 ], [ 2887950.491290037054569, 2036627.077888573519886 ], [ 2887942.81831775419414, 2036651.290594493504614 ], [ 2887935.862802274059504, 2036674.359882751014084 ], [ 2887929.527830496896058, 2036696.279058140469715 ], [ 2887923.518549292348325, 2036717.324503439245746 ], [ 2887920.294731792062521, 2036728.473090702202171 ], [ 2887917.62536046653986, 2036737.686598424334079 ], [ 2887911.799081159755588, 2036757.09085137071088 ], [ 2887905.998055525124073, 2036775.156438742065802 ], [ 2887900.227141875773668, 2036791.729546240298077 ], [ 2887894.542026427574456, 2036807.435886561404914 ], [ 2887888.992950621061027, 2036823.092311362968758 ], [ 2887883.61080332333222, 2036839.310794898541644 ], [ 2887878.261359687894583, 2036855.759820056846365 ], [ 2887875.737895513884723, 2036863.188294965075329 ], [ 2887872.783000317402184, 2036871.866832081461325 ], [ 2887867.039074970874935, 2036887.215264868922532 ], [ 2887861.022040174808353, 2036901.911351623479277 ], [ 2887854.780928861349821, 2036916.229915343457833 ], [ 2887848.353885914199054, 2036930.286009463481605 ], [ 2887841.930038842372596, 2036943.6081134933047 ], [ 2887835.724078031256795, 2036955.566717338748276 ], [ 2887829.786445321049541, 2036965.874361775116995 ], [ 2887823.706801675260067, 2036975.347586573334411 ], [ 2887816.917270315811038, 2036985.143863127566874 ], [ 2887808.994400032795966, 2036996.054231802234426 ], [ 2887800.142146594822407, 2037007.537439527688548 ], [ 2887790.682417989708483, 2037018.701370492810383 ], [ 2887780.933915673755109, 2037028.816751309903339 ], [ 2887771.177957898005843, 2037037.933975890278816 ], [ 2887761.647166613489389, 2037046.257424988783896 ], [ 2887752.410840264055878, 2037054.019086674554273 ], [ 2887742.793930530548096, 2037061.638399129966274 ], [ 2887731.935276458971202, 2037069.558648214675486 ], [ 2887719.15760348085314, 2037078.190451024333015 ], [ 2887687.973824501503259, 2037098.569186570588499 ], [ 2887651.434450471308082, 2037122.963121301028877 ], [ 2887633.111521457321942, 2037134.900904753711075 ], [ 2887615.941003465093672, 2037145.567793369758874 ], [ 2887600.573607246391475, 2037154.854329780675471 ], [ 2887587.624283088836819, 2037162.792242438299581 ], [ 2887577.313684843480587, 2037169.636258546728641 ], [ 2887568.439824172761291, 2037176.48741903854534 ], [ 2887559.442499737255275, 2037184.661674773553386 ], [ 2887549.131326540373266, 2037195.029070281423628 ], [ 2887537.777870905585587, 2037206.775714546674863 ], [ 2887526.014182264916599, 2037218.663180577335879 ], [ 2887514.446336011402309, 2037229.687265426851809 ], [ 2887512.983050395734608, 2037231.047739171423018 ], [ 2887503.513503362424672, 2037239.881483724806458 ], [ 2887493.633597352541983, 2037249.532187649048865 ], [ 2887484.97243976034224, 2037259.020612744148821 ], [ 2887476.728293485939503, 2037269.004670273279771 ], [ 2887447.138198411092162, 2037306.534883216023445 ], [ 2887428.65520241111517, 2037329.907896090997383 ], [ 2887421.398304799105972, 2037339.172900188015774 ], [ 2887414.858166602440178, 2037347.684926091460511 ], [ 2887402.46051604533568, 2037364.144456284819171 ], [ 2887396.564753313083202, 2037371.872268211562186 ], [ 2887390.860385394655168, 2037379.07084572291933 ], [ 2887385.35729537717998, 2037386.071427605114877 ], [ 2887380.016981555148959, 2037393.330281663918868 ], [ 2887373.212922037579119, 2037403.692476632073522 ], [ 2887321.257678957656026, 2037486.237217949936166 ], [ 2887299.097766073886305, 2037503.370523418998346 ], [ 2887277.908765841275454, 2037518.245660472428426 ], [ 2887258.491143091581762, 2037530.585743328090757 ], [ 2887241.277066657319665, 2037540.359332652995363 ], [ 2887225.170873718336225, 2037548.681589190848172 ], [ 2887208.698903513140976, 2037556.934666787041351 ], [ 2887190.538779020309448, 2037566.237491984851658 ], [ 2887169.837612635456026, 2037576.717280437238514 ], [ 2887145.862500236369669, 2037588.226073132827878 ], [ 2887118.272377152461559, 2037600.603280181996524 ], [ 2887088.343556706793606, 2037613.359114917460829 ], [ 2887057.723362251184881, 2037625.958031497430056 ], [ 2887027.864266379270703, 2037637.841546282405034 ], [ 2886999.367902089841664, 2037648.339694483671337 ], [ 2886972.663787924684584, 2037656.726433033589274 ], [ 2886947.65256380662322, 2037662.51978399278596 ], [ 2886922.411985153798014, 2037666.308304824167863 ], [ 2886894.51545400172472, 2037668.86225285497494 ], [ 2886862.372981232590973, 2037670.961603907635435 ], [ 2886827.720888532698154, 2037673.107265155296773 ], [ 2886793.108520722016692, 2037675.767797138076276 ], [ 2886782.401210943236947, 2037676.904192328220233 ], [ 2886766.231597453355789, 2037678.61442896281369 ], [ 2886760.604499785695225, 2037679.206716616870835 ], [ 2886730.365471790544689, 2037682.940858636284247 ], [ 2886702.040583982132375, 2037686.297548030503094 ], [ 2886675.132994510233402, 2037688.818310047732666 ], [ 2886648.505937679670751, 2037690.923222080571577 ], [ 2886620.915246137883514, 2037693.256574743194506 ], [ 2886591.4980130456388, 2037696.357128968695179 ], [ 2886561.034526457078755, 2037700.247892311308533 ], [ 2886530.749443028122187, 2037704.898023622808978 ], [ 2886501.610606702510267, 2037710.278520151972771 ], [ 2886473.638672759756446, 2037716.631950084585696 ], [ 2886446.632130317389965, 2037724.261319142533466 ], [ 2886420.286862075328827, 2037733.359423844143748 ], [ 2886393.826755288057029, 2037743.893274696543813 ], [ 2886366.414167351089418, 2037755.776692586019635 ], [ 2886337.557771760504693, 2037768.721597215393558 ], [ 2886308.322841035667807, 2037781.714470935752615 ], [ 2886280.125025373883545, 2037793.624436559854075 ], [ 2886254.159299003425986, 2037803.427530641201884 ], [ 2886230.56507046893239, 2037810.768462081206962 ], [ 2886225.982030767016113, 2037811.771561554865912 ], [ 2886218.888491752091795, 2037813.316446856595576 ], [ 2886209.244678989984095, 2037815.421619930071756 ], [ 2886189.984739379957318, 2037817.311771331122145 ], [ 2886172.172183610964566, 2037816.768602343741804 ], [ 2886155.0899898102507, 2037814.259690263075754 ], [ 2886138.098687653429806, 2037810.092252461472526 ], [ 2886120.993088259361684, 2037804.01767290616408 ], [ 2886103.647010395303369, 2037795.636039377655834 ], [ 2886085.891356504056603, 2037784.623912702314556 ], [ 2886067.544708815403283, 2037771.060781233012676 ], [ 2886048.312232212163508, 2037755.079951672814786 ], [ 2886028.095741888042539, 2037736.951623430475593 ], [ 2886007.157057963311672, 2037717.378166282782331 ], [ 2886003.425312137231231, 2037713.835977407870814 ], [ 2885985.862788040190935, 2037697.180685315281153 ], [ 2885964.518900004215539, 2037677.099245347548276 ], [ 2885943.143718989100307, 2037657.577436168212444 ], [ 2885921.661065171472728, 2037638.956188826356083 ], [ 2885900.150971584953368, 2037621.626883349614218 ], [ 2885879.334358248393983, 2037606.101585110183805 ], [ 2885860.035563005600125, 2037592.897963304072618 ], [ 2885842.879912539385259, 2037582.34996617375873 ], [ 2885827.339496751315892, 2037573.920514713041484 ], [ 2885812.658746297471225, 2037566.857419385807589 ], [ 2885798.166548015549779, 2037560.532451610546559 ], [ 2885783.554416475817561, 2037554.834565065801144 ], [ 2885768.659032579045743, 2037549.753548218403012 ], [ 2885753.372297126799822, 2037545.332820001291111 ], [ 2885738.144305538386106, 2037541.660677588311955 ], [ 2885723.510327490977943, 2037538.882009315537289 ], [ 2885709.881579152774066, 2037537.036719135474414 ], [ 2885697.103829814586788, 2037535.874314732383937 ], [ 2885684.849543783813715, 2037535.049913303693756 ], [ 2885672.775442102923989, 2037534.317943554138765 ], [ 2885660.286391085479409, 2037533.775541037321091 ], [ 2885646.740838710684329, 2037533.616119991755113 ], [ 2885631.700407948810607, 2037533.986862341407686 ], [ 2885615.691536375787109, 2037534.882551635848358 ], [ 2885599.448400986380875, 2037536.241068795789033 ], [ 2885583.52040758728981, 2037538.099256525747478 ], [ 2885567.633448238950223, 2037540.691002047853544 ], [ 2885551.344342543743551, 2037544.316988602979109 ], [ 2885534.278525058180094, 2037549.186098165810108 ], [ 2885516.529945588670671, 2037555.115207387367263 ], [ 2885498.2828269302845, 2037561.824228863464668 ], [ 2885479.753015963360667, 2037569.0451635774225 ], [ 2885465.994989030063152, 2037574.648258334724233 ], [ 2885443.03180187009275, 2037584.27689000684768 ], [ 2885425.317431221716106, 2037592.007908226922154 ], [ 2885407.751559289637953, 2037599.819487622473389 ], [ 2885348.792316742241383, 2037626.172949670115486 ], [ 2885321.277379582636058, 2037638.52237788378261 ], [ 2885286.769362694118172, 2037654.185383207397535 ], [ 2885285.976206173654646, 2037654.558638164307922 ], [ 2885285.814258515834808, 2037654.452343360520899 ], [ 2885279.744101653341204, 2037642.13695529405959 ], [ 2885272.24280893523246, 2037629.399627253646031 ], [ 2885263.1758101596497, 2037613.990377294830978 ], [ 2885258.289559949189425, 2037606.918627909384668 ], [ 2885248.71259164204821, 2037593.990853616967797 ], [ 2885246.04682940710336, 2037590.836685536429286 ], [ 2885242.873437572270632, 2037583.111801163526252 ], [ 2885238.743307655211538, 2037572.262820698320866 ], [ 2885233.92019230639562, 2037557.10415401798673 ], [ 2885231.401467781513929, 2037550.624846858438104 ], [ 2885226.046972720883787, 2037538.520277043804526 ], [ 2885215.273355320096016, 2037516.028985899640247 ], [ 2885203.724259024951607, 2037490.835328187095001 ], [ 2885195.480696701444685, 2037472.773860462475568 ], [ 2885192.100483288988471, 2037465.882851587142795 ], [ 2885189.698609678074718, 2037461.543277515796944 ], [ 2885186.673666661605239, 2037456.862354486947879 ], [ 2885183.033520795404911, 2037450.473630874650553 ], [ 2885179.862709157634526, 2037445.59170699538663 ], [ 2885175.118593119550496, 2037439.404065805021673 ], [ 2885168.623629324138165, 2037430.805598455946892 ], [ 2885164.007696066983044, 2037424.708295403514057 ], [ 2885156.476061046123505, 2037417.436000779969618 ], [ 2885151.265162453986704, 2037412.584415618563071 ], [ 2885141.064153188839555, 2037402.84123522718437 ], [ 2885132.541835362557322, 2037398.59281001216732 ], [ 2885122.371313649229705, 2037393.279783192556351 ], [ 2885114.6822908539325, 2037377.960854797391221 ], [ 2885107.173344699665904, 2037366.589789921417832 ], [ 2885102.991575731895864, 2037360.275595133658499 ], [ 2885091.012855347245932, 2037346.926582990214229 ], [ 2885080.385901726782322, 2037335.190863859374076 ], [ 2885073.184964873362333, 2037327.096438180888072 ], [ 2885065.751057486981153, 2037319.591368665685877 ], [ 2885063.31444943882525, 2037315.988508736249059 ], [ 2885058.157076736912131, 2037309.053092459682375 ], [ 2885048.883220008574426, 2037295.539689591852948 ], [ 2885039.821542430203408, 2037281.987540914677083 ], [ 2885033.124457131139934, 2037272.27021874091588 ], [ 2885027.231352582108229, 2037264.156435874756426 ], [ 2885014.408179583959281, 2037246.914592176442966 ], [ 2885008.61774720158428, 2037239.438252991996706 ], [ 2885008.662805022671819, 2037239.392117426963523 ], [ 2885001.174789238255471, 2037229.552052057581022 ], [ 2884976.393462846986949, 2037206.673299689777195 ], [ 2884954.119126886129379, 2037192.380190442549065 ], [ 2884937.253539187833667, 2037180.423063477268443 ], [ 2884921.311817017383873, 2037165.081153185805306 ], [ 2884898.80067059583962, 2037143.441364693688229 ], [ 2884880.670243675820529, 2037126.647464690264314 ], [ 2884864.046321165747941, 2037108.606108198873699 ], [ 2884851.230634206905961, 2037096.97839547903277 ], [ 2884828.792095176875591, 2037080.013739694142714 ], [ 2884814.332086293492466, 2037070.964097459800541 ], [ 2884792.976603374350816, 2037060.086120954481885 ], [ 2884774.900618923828006, 2037048.487062708474696 ], [ 2884749.370334605686367, 2037030.407853837590665 ], [ 2884722.064076638314873, 2037012.962790757650509 ], [ 2884700.242282304912806, 2036999.715011501219124 ], [ 2884681.133178962394595, 2036986.73665047599934 ], [ 2884660.655249314382672, 2036971.254183306591585 ], [ 2884645.092687665484846, 2036961.651743978261948 ], [ 2884622.188670378644019, 2036950.354162904201075 ], [ 2884596.539445999078453, 2036938.002505475888029 ], [ 2884574.046814002096653, 2036926.54543816531077 ], [ 2884573.530800171196461, 2036926.248691116692498 ], [ 2884559.99009529594332, 2036894.763098204275593 ], [ 2884545.85444005113095, 2036856.330009931698442 ], [ 2884537.586846122518182, 2036834.234270885353908 ], [ 2884536.644992124289274, 2036806.378855061484501 ], [ 2884526.606826323084533, 2036776.935213629156351 ], [ 2884526.115869558416307, 2036753.718023020075634 ], [ 2884531.746264255605638, 2036735.581172933103517 ], [ 2884537.471983468160033, 2036708.871503775008023 ], [ 2884538.633240199647844, 2036688.598460697103292 ], [ 2884547.100458915345371, 2036666.109762330772355 ], [ 2884560.280138904228806, 2036636.272270467830822 ], [ 2884566.746210919693112, 2036605.002238108543679 ], [ 2884573.623916205950081, 2036585.458283220417798 ], [ 2884592.832957438658923, 2036560.12790448544547 ], [ 2884612.410486690700054, 2036537.090487614506856 ], [ 2884613.149326307699084, 2036528.408167497254908 ], [ 2884625.379172739107162, 2036518.913541041780263 ], [ 2884642.960732130333781, 2036501.497342890594155 ], [ 2884661.281734530813992, 2036478.359462315915152 ], [ 2884665.812174139078707, 2036472.179052778054029 ], [ 2884681.924039535224438, 2036448.392759241629392 ], [ 2884695.500928576104343, 2036430.477556455647573 ], [ 2884714.040802191011608, 2036409.158534541958943 ], [ 2884733.037446666508913, 2036386.449731944594532 ], [ 2884752.330837784335017, 2036363.066656013252214 ], [ 2884756.570649115368724, 2036357.559845886193216 ], [ 2884773.695162661373615, 2036333.695651317946613 ], [ 2884779.038436184171587, 2036325.445246675051749 ], [ 2884793.150663020089269, 2036301.191493807127699 ], [ 2884808.209972616285086, 2036276.677419662242755 ], [ 2884823.913336798548698, 2036251.114981247810647 ], [ 2884827.715867581777275, 2036244.368567941477522 ], [ 2884840.502448660321534, 2036219.542082539992407 ], [ 2884844.384581023827195, 2036211.084349454846233 ], [ 2884850.197131388820708, 2036196.738817791221663 ], [ 2884854.660279522649944, 2036190.97949939314276 ], [ 2884874.294905425049365, 2036169.523679403122514 ], [ 2884884.473627314902842, 2036155.170236830366775 ], [ 2884892.05219320487231, 2036139.309530552476645 ], [ 2884894.696827976033092, 2036131.296671140938997 ], [ 2884900.379077177494764, 2036111.348970560356975 ], [ 2884895.987024008762091, 2036107.00890747224912 ], [ 2884902.150415460579097, 2036090.635757026029751 ], [ 2884908.313798315823078, 2036074.262510544154793 ], [ 2884909.384890633635223, 2036063.754850372672081 ], [ 2884910.04784504044801, 2036056.861817067489028 ], [ 2884909.894405299797654, 2036035.377387591637671 ], [ 2884914.677184723317623, 2036004.942267531529069 ], [ 2884915.017192706931382, 2035994.942595679545775 ], [ 2884914.566201971843839, 2035966.257585518993437 ], [ 2884913.336612763814628, 2035952.107354628155008 ], [ 2884908.17468682769686, 2035920.054098521126434 ], [ 2884902.637944093905389, 2035891.623600450577214 ], [ 2884898.965837711468339, 2035878.013902989216149 ], [ 2884891.858902236446738, 2035862.233623292995617 ], [ 2884882.742489892989397, 2035848.769306189613417 ], [ 2884866.885726926848292, 2035829.114867608994246 ], [ 2884861.759994618594646, 2035823.25858829007484 ], [ 2884849.947837396524847, 2035810.808382253861055 ], [ 2884844.019403166137636, 2035803.24664127943106 ], [ 2884840.80150793120265, 2035799.355043462244794 ], [ 2884814.755556857213378, 2035769.473980487557128 ], [ 2884796.219643355347216, 2035743.068317448254675 ], [ 2884784.087007696740329, 2035728.902012629201636 ], [ 2884762.920090003870428, 2035708.530722062801942 ], [ 2884741.753262923564762, 2035688.15932712238282 ], [ 2884726.901906163431704, 2035676.432313727680594 ], [ 2884702.74387090280652, 2035660.930074935546145 ], [ 2884688.212020752485842, 2035653.2589395144023 ], [ 2884660.838360183872283, 2035641.653740604640916 ], [ 2884651.244021906051785, 2035638.167410252150148 ], [ 2884635.245157787576318, 2035633.285514099523425 ], [ 2884618.996986766345799, 2035626.500110873719677 ], [ 2884613.487213302403688, 2035622.528885833453387 ], [ 2884606.337980315089226, 2035617.998655845178291 ], [ 2884599.407455949578434, 2035613.607073126593605 ], [ 2884592.385858571156859, 2035606.730869136285037 ], [ 2884586.279867329634726, 2035598.261534956051037 ], [ 2884582.965858813840896, 2035593.664710373617709 ], [ 2884581.058464510831982, 2035583.198849921580404 ], [ 2884577.948008899576962, 2035566.131301396526396 ], [ 2884571.724231546279043, 2035549.992082607233897 ], [ 2884561.088721808977425, 2035536.106557554798201 ], [ 2884559.211100161075592, 2035521.613000642042607 ], [ 2884544.176618821453303, 2035496.608168037142605 ], [ 2884535.881264355964959, 2035484.870512045454234 ], [ 2884521.238716357853264, 2035470.512566463090479 ], [ 2884498.576394179835916, 2035452.575725534930825 ], [ 2884469.377283866517246, 2035436.725879804929718 ], [ 2884439.817182037979364, 2035426.765154299559072 ], [ 2884432.643553645350039, 2035424.486373919760808 ], [ 2884416.0340491598472, 2035411.622265965212137 ], [ 2884395.199830357916653, 2035399.107173064723611 ], [ 2884370.33051002305001, 2035385.614785369718447 ], [ 2884344.41619700845331, 2035370.782572955824435 ], [ 2884318.538210625760257, 2035356.74298327206634 ], [ 2884311.996940780431032, 2035353.506307974690571 ], [ 2884285.595548569224775, 2035341.655820427462459 ], [ 2884276.863843319006264, 2035338.232002446660772 ], [ 2884248.966911098919809, 2035328.816156141459942 ], [ 2884221.069973325356841, 2035319.400229287333786 ], [ 2884213.90437275916338, 2035317.283501649741083 ], [ 2884182.559734531678259, 2035309.360677433200181 ], [ 2884166.476854356005788, 2035305.792951134266332 ], [ 2884151.844179564155638, 2035298.339256654027849 ], [ 2884141.403330533299595, 2035293.770849966444075 ], [ 2884120.853139600716531, 2035286.179807763546705 ], [ 2884109.526122691109776, 2035279.702323807869107 ], [ 2884093.976784508675337, 2035267.945629875874147 ], [ 2884079.561742240563035, 2035255.86193912057206 ], [ 2884064.813032579608262, 2035239.302609031554312 ], [ 2884060.893434382043779, 2035235.154360221000388 ], [ 2884045.282926437444985, 2035219.578732839087024 ], [ 2884036.389330068603158, 2035207.082197111099958 ], [ 2884031.705623097252101, 2035198.671900857705623 ], [ 2884028.113043336197734, 2035183.114045021822676 ], [ 2884021.991173752583563, 2035156.602812086930498 ], [ 2884017.437751917168498, 2035133.219062594464049 ], [ 2884015.950134705752134, 2035121.240099345566705 ], [ 2884019.414777115918696, 2035113.989249142352492 ], [ 2884024.163099689409137, 2035097.103445124579594 ], [ 2884025.936698971316218, 2035079.70577319082804 ], [ 2884024.670098681002855, 2035062.251732323784381 ], [ 2884019.881873744539917, 2035032.603819566080347 ], [ 2884015.648289573844522, 2035015.840761213796213 ], [ 2884008.541544751729816, 2035000.060690591577441 ], [ 2883998.789266017265618, 2034985.816411273088306 ], [ 2883994.259333248250186, 2034981.126068467739969 ], [ 2883991.174840234685689, 2034972.042859969427809 ], [ 2883981.615237430669367, 2034944.204538382356986 ], [ 2883974.508508894126862, 2034928.424479093169793 ], [ 2883964.756244788877666, 2034914.180212473496795 ], [ 2883952.654798035044223, 2034901.904425242217258 ], [ 2883942.134631345979869, 2034894.138944911304861 ], [ 2883926.898312115110457, 2034882.755709045333788 ], [ 2883917.365092290565372, 2034865.637323434464633 ], [ 2883909.030923921614885, 2034849.404168649576604 ], [ 2883905.146546673960984, 2034836.677572211250663 ], [ 2883902.237654992379248, 2034818.399412601720542 ], [ 2883900.729751187376678, 2034800.646195148350671 ], [ 2883901.122669838368893, 2034792.975599650992081 ], [ 2883906.162687527947128, 2034778.673271588981152 ], [ 2883908.661512429825962, 2034770.510034074541181 ], [ 2883914.120089428499341, 2034749.59036480798386 ], [ 2883917.393752171657979, 2034725.828239609953016 ], [ 2883917.827151174657047, 2034701.810974333668128 ], [ 2883920.922550495248288, 2034674.912350010825321 ], [ 2883922.942383335903287, 2034653.560296285664663 ], [ 2883925.477339835837483, 2034642.957949647214264 ], [ 2883931.454559978563339, 2034630.684111856389791 ], [ 2883942.774047307670116, 2034611.189187231240794 ], [ 2883945.354099721647799, 2034606.573826746782288 ], [ 2883952.926429774146527, 2034593.028579421341419 ], [ 2883958.883193385787308, 2034580.03166916128248 ], [ 2883963.631788448430598, 2034563.145892315544188 ], [ 2883979.057843711227179, 2034552.455291835824028 ], [ 2883984.44997137458995, 2034545.532405076548457 ], [ 2884002.3236217899248, 2034520.451187009690329 ], [ 2884013.410666488111019, 2034500.55142985121347 ], [ 2884025.543848904781044, 2034471.422595704207197 ], [ 2884036.06511191977188, 2034443.216455153888091 ], [ 2884046.131866011768579, 2034415.348268930800259 ], [ 2884056.417799095623195, 2034384.957031534519047 ], [ 2884065.286740801297128, 2034355.60904711834155 ], [ 2884067.943985015619546, 2034346.660374916158617 ], [ 2884074.351244951598346, 2034324.034174293745309 ], [ 2884081.764027806464583, 2034294.997710542520508 ], [ 2884084.0882245185785, 2034274.523582877358422 ], [ 2884085.174423726741225, 2034264.956116227200255 ], [ 2884088.331839044578373, 2034258.348769764881581 ], [ 2884091.685330984648317, 2034246.008577343076468 ], [ 2884093.400042997673154, 2034239.699022661428899 ], [ 2884094.854375174734741, 2034224.065473792608827 ], [ 2884097.162497829180211, 2034213.400559909641743 ], [ 2884096.674186774529517, 2034188.751594302710146 ], [ 2884101.894055021926761, 2034088.655947774415836 ], [ 2884091.083063784986734, 2034042.064626914216205 ], [ 2884085.194095366168767, 2034016.685752024874091 ], [ 2884078.262064260430634, 2033994.850518387742341 ], [ 2884071.069904204457998, 2033975.627030791249126 ], [ 2884065.275357028469443, 2033946.733644765103236 ], [ 2884032.008322841022164, 2033904.414514131378382 ], [ 2883967.375280939973891, 2033845.923119051847607 ], [ 2883938.978403573855758, 2033798.109374159248546 ], [ 2883925.114877735264599, 2033747.648324978072196 ], [ 2883929.420512832701206, 2033710.003948050783947 ], [ 2883982.451872793026268, 2033600.738762657623738 ], [ 2883984.100685205310583, 2033595.515883840154856 ], [ 2883984.174569484312087, 2033594.794280901784077 ], [ 2883984.261314383242279, 2033594.877049631206319 ], [ 2883986.311250139027834, 2033588.094942819327116 ], [ 2883995.692928656935692, 2033564.945828611496836 ], [ 2883996.805291921366006, 2033549.347282566828653 ], [ 2883997.191930467262864, 2033543.926781934453174 ], [ 2884001.095878324005753, 2033532.986849845154211 ], [ 2884006.982640950009227, 2033516.490513360360637 ], [ 2884008.756752099841833, 2033499.092898736242205 ], [ 2884007.502472592517734, 2033481.712002392159775 ], [ 2884005.129732615314424, 2033472.301606155699119 ], [ 2884003.257435847073793, 2033464.8758032345213 ], [ 2884010.654740609228611, 2033444.63976120040752 ], [ 2884012.150308939628303, 2033415.464080792386085 ], [ 2884012.15745660290122, 2033405.296978340717033 ], [ 2884010.736221294850111, 2033376.857580214040354 ], [ 2884006.602035034447908, 2033353.002832153113559 ], [ 2883998.886208572424948, 2033327.508461904013529 ], [ 2883993.872162605635822, 2033305.789861454395577 ], [ 2883989.383071281481534, 2033278.046838588314131 ], [ 2883986.092191448900849, 2033259.3353124440182 ], [ 2883983.988433487713337, 2033251.244355835951865 ], [ 2883983.452115345280617, 2033243.818994401954114 ], [ 2883982.489079851657152, 2033230.486283020349219 ], [ 2883980.937721876427531, 2033202.755956163164228 ], [ 2883980.332449800334871, 2033196.02361535304226 ], [ 2883976.74257096555084, 2033167.102929075248539 ], [ 2883970.80537894833833, 2033143.496649100445211 ], [ 2883959.559374402277172, 2033114.609599624061957 ], [ 2883952.142716203816235, 2033097.021824498660862 ], [ 2883948.34632007451728, 2033077.639106732793152 ], [ 2883946.823324606753886, 2033071.059140101540834 ], [ 2883939.344446501228958, 2033043.119900288060308 ], [ 2883936.028372631408274, 2033032.966465787496418 ], [ 2883928.410262663848698, 2033013.319781298283488 ], [ 2883922.18603777140379, 2032986.642014784971252 ], [ 2883914.931526197120547, 2032959.674599488265812 ], [ 2883912.971306283958256, 2032953.263525381684303 ], [ 2883904.100631114095449, 2032927.42471161368303 ], [ 2883896.146693704649806, 2032901.359789913054556 ], [ 2883893.945285538211465, 2032894.944992395117879 ], [ 2883884.760161378886551, 2032870.909130771411583 ], [ 2883877.300231486093253, 2032846.462166954297572 ], [ 2883872.516707893460989, 2032833.920567788882181 ], [ 2883861.570896054618061, 2032810.22542883711867 ], [ 2883852.363569253589958, 2032786.130659579532221 ], [ 2883848.000717710703611, 2032776.350167029770091 ], [ 2883833.35422529745847, 2032747.940496475668624 ], [ 2883821.086501728743315, 2032725.908952965866774 ], [ 2883810.293537158984691, 2032702.544484415790066 ], [ 2883805.840929360128939, 2032694.030521998880431 ], [ 2883791.152005417272449, 2032669.020234300056472 ], [ 2883778.441205088049173, 2032646.193052387563512 ], [ 2883766.108335817698389, 2032622.167743792524561 ], [ 2883759.211338851135224, 2032608.801367848878726 ], [ 2883754.508380182087421, 2032599.686945647466928 ], [ 2883751.520644679665565, 2032593.34442422282882 ], [ 2883747.430964030325413, 2032587.552497903816402 ], [ 2883742.054611475672573, 2032578.884240461979061 ], [ 2883731.380685037467629, 2032561.67484399327077 ], [ 2883718.223973258864135, 2032547.722795843379572 ], [ 2883696.834529410116374, 2032526.378939394373447 ], [ 2883688.536268390715122, 2032518.997949166921899 ], [ 2883665.87516173440963, 2032501.060468410840258 ], [ 2883642.906273546628654, 2032487.552525972016156 ], [ 2883616.729937697760761, 2032476.673084807116538 ], [ 2883608.837740418501198, 2032473.78569448669441 ], [ 2883580.803170257247984, 2032464.879393821116537 ], [ 2883549.379256154410541, 2032454.384598396252841 ], [ 2883523.821304336190224, 2032447.0686377028469 ], [ 2883498.167164289392531, 2032437.88107224390842 ], [ 2883471.148123117163777, 2032428.760646047303453 ], [ 2883445.095419432967901, 2032419.411366135580465 ], [ 2883434.791680742055178, 2032416.342803013278171 ], [ 2883414.179448437876999, 2032411.420616790186614 ], [ 2883397.780303147621453, 2032404.997242671204731 ], [ 2883376.365390974096954, 2032394.087694824673235 ], [ 2883361.658677319996059, 2032388.054322321666405 ], [ 2883333.624084538314492, 2032379.148101367754862 ], [ 2883309.71250911289826, 2032371.076521864626557 ], [ 2883286.609498976264149, 2032361.474543010815978 ], [ 2883258.577120658010244, 2032349.846364697674289 ], [ 2883233.630849151406437, 2032340.074995886534452 ], [ 2883210.578806504607201, 2032329.727144230389968 ], [ 2883190.457374601624906, 2032320.036360293626785 ], [ 2883173.452332583256066, 2032309.123156126821414 ], [ 2883162.6167978560552, 2032299.181927895871922 ], [ 2883154.914230063557625, 2032270.27025104011409 ], [ 2883150.262261657975614, 2032256.804307046113536 ], [ 2883139.119251585565507, 2032230.817943718517199 ], [ 2883128.752192794345319, 2032206.64082211535424 ], [ 2883119.598411947954446, 2032182.685424496652558 ], [ 2883110.02122897002846, 2032155.219737817533314 ], [ 2883101.728477886877954, 2032133.217196496669203 ], [ 2883096.710213986225426, 2032111.476744726067409 ], [ 2883095.139843269716948, 2032104.673361229011789 ], [ 2883090.331786015070975, 2032089.525216880952939 ], [ 2883075.167179189622402, 2032052.432009201962501 ], [ 2883068.678285936359316, 2032036.559877838240936 ], [ 2883066.699747417122126, 2032031.72030202485621 ], [ 2883062.136854554526508, 2032020.537906650220975 ], [ 2883056.557904651388526, 2032006.865766301052645 ], [ 2883045.415169882588089, 2031980.87932646390982 ], [ 2883039.859886292833835, 2031969.888379107462242 ], [ 2883022.414469650480896, 2031940.360237307380885 ], [ 2883007.88867163611576, 2031917.887689091963693 ], [ 2882995.402726829051971, 2031895.976991920731962 ], [ 2882986.433037421666086, 2031882.855569862760603 ], [ 2882967.736363097093999, 2031859.803902722662315 ], [ 2882956.250284981448203, 2031847.885266471887007 ], [ 2882934.337447416968644, 2031828.730628491612151 ], [ 2882920.864640100859106, 2031818.866252841660753 ], [ 2882895.735753579996526, 2031803.608730362728238 ], [ 2882882.611627045087516, 2031796.946598290698603 ], [ 2882856.755188707262278, 2031786.200257275952026 ], [ 2882827.206801934167743, 2031773.712626266526058 ], [ 2882800.058308384381235, 2031763.078808739315718 ], [ 2882766.427556155715138, 2031756.361577196978033 ], [ 2882736.891497808042914, 2031755.711795479059219 ], [ 2882709.95526508660987, 2031754.871512220008299 ], [ 2882689.127714869566262, 2031753.53457599808462 ], [ 2882667.306149197276682, 2031749.077705983538181 ], [ 2882639.334927336778492, 2031743.794311714125797 ], [ 2882631.545351495034993, 2031747.266299245646223 ], [ 2882624.459281726740301, 2031745.161955115152523 ], [ 2882603.944621294736862, 2031739.069507583742961 ], [ 2882597.657015631906688, 2031738.68449334288016 ], [ 2882590.792795499321073, 2031738.192286277655512 ], [ 2882573.721209926530719, 2031736.967875154456124 ], [ 2882568.431850773282349, 2031736.588599386857823 ], [ 2882555.057020842563361, 2031736.634778979700059 ], [ 2882526.711486022919416, 2031738.645309081999585 ], [ 2882519.401342528872192, 2031739.435540147125721 ], [ 2882490.532131020911038, 2031743.635386575013399 ], [ 2882483.899201910942793, 2031744.829158335691318 ], [ 2882452.969986354932189, 2031751.540621529798955 ], [ 2882429.784645641222596, 2031757.39155813655816 ], [ 2882409.979261079803109, 2031760.272906807716936 ], [ 2882382.493505940772593, 2031762.130649355938658 ], [ 2882354.37242825794965, 2031765.113381836097687 ], [ 2882347.146485758945346, 2031766.147606478771195 ], [ 2882315.014014861546457, 2031772.013220672262833 ], [ 2882287.479539024177939, 2031777.998510143719614 ], [ 2882269.848090634681284, 2031781.137421699240804 ], [ 2882254.232066671364009, 2031781.301211453275755 ], [ 2882238.464573783800006, 2031779.589169044746086 ], [ 2882216.749115408398211, 2031774.066986460937187 ], [ 2882199.885610708966851, 2031771.313820145325735 ], [ 2882174.847741036210209, 2031769.434392943279818 ], [ 2882156.275610820390284, 2031766.804954357212409 ], [ 2882153.682314130477607, 2031750.238105778582394 ], [ 2882151.359386934898794, 2031724.345157717121765 ], [ 2882149.922750669065863, 2031714.209108397131786 ], [ 2882145.367559053003788, 2031690.804095812374726 ], [ 2882143.168194390833378, 2031666.298528198851272 ], [ 2882140.506340213585645, 2031638.059513597283512 ], [ 2882138.968867851421237, 2031610.553870842326432 ], [ 2882136.573250563815236, 2031593.700143706053495 ], [ 2882130.067641231231391, 2031565.514807115774602 ], [ 2882120.610454106237739, 2031540.576788638019934 ], [ 2882106.326624292880297, 2031514.354355253977701 ], [ 2882097.452139146160334, 2031500.85976394219324 ], [ 2882079.952218489255756, 2031478.534609149675816 ], [ 2882067.459812362678349, 2031465.353828112827614 ], [ 2882045.547193894162774, 2031446.199467068072408 ], [ 2882029.997802257537842, 2031435.109391928184777 ], [ 2882005.093177248723805, 2031420.823951662518084 ], [ 2881998.917814478743821, 2031417.571242573671043 ], [ 2881974.299218246713281, 2031405.714758240384981 ], [ 2881947.191972488537431, 2031391.233696361538023 ], [ 2881921.763859764207155, 2031379.137467224616557 ], [ 2881912.83321438357234, 2031375.422108318656683 ], [ 2881889.898453038185835, 2031367.192086755065247 ], [ 2881881.209490208886564, 2031363.303808975499123 ], [ 2881854.344977423548698, 2031358.78198834718205 ], [ 2881847.592957503162324, 2031357.645501251099631 ], [ 2881840.014161225873977, 2031351.131195132154971 ], [ 2881831.544935965910554, 2031348.825521495426074 ], [ 2881824.040564492810518, 2031345.244070449844003 ], [ 2881814.59534087497741, 2031342.956315962364897 ], [ 2881808.359375410713255, 2031339.193949213251472 ], [ 2881790.779321818612516, 2031328.58745473716408 ], [ 2881760.815000041387975, 2031313.45503803784959 ], [ 2881739.900745699182153, 2031304.066876115044579 ], [ 2881723.115451140329242, 2031293.875473031075671 ], [ 2881696.723180146887898, 2031276.179680757923052 ], [ 2881675.879546428099275, 2031263.524298263248056 ], [ 2881661.17408228199929, 2031253.020779114449397 ], [ 2881641.690431735478342, 2031234.421721528284252 ], [ 2881620.831045286264271, 2031216.187945216428488 ], [ 2881603.264710924122483, 2031199.913981869583949 ], [ 2881594.956953891552985, 2031185.524668154073879 ], [ 2881601.712879103608429, 2031157.084859277820215 ], [ 2881609.709436072967947, 2031150.697315138066188 ], [ 2881625.786672228015959, 2031138.217517917277291 ], [ 2881640.431241237092763, 2031130.411851941840723 ], [ 2881664.092417540028691, 2031119.946331577375531 ], [ 2881690.30375473247841, 2031103.171816346235573 ], [ 2881709.974509550724179, 2031085.865461612353101 ], [ 2881730.96881947433576, 2031060.33238907600753 ], [ 2881745.70400146394968, 2031035.014872228959575 ], [ 2881756.058756648562849, 2031010.253160726977512 ], [ 2881763.226786790415645, 2030983.805544962408021 ], [ 2881771.488359581679106, 2030958.055736999725923 ], [ 2881771.211247758939862, 2030948.571770006325096 ], [ 2881770.954707852564752, 2030939.796546276193112 ], [ 2881773.196103144437075, 2030932.631852083606645 ], [ 2881779.683257333934307, 2030911.895075935404748 ], [ 2881780.755811695940793, 2030898.655774995451793 ], [ 2881779.501921120099723, 2030881.274898595875129 ], [ 2881776.780763261020184, 2030864.163807754404843 ], [ 2881771.532659496180713, 2030854.73398620961234 ], [ 2881770.056088385172188, 2030848.188536674482748 ], [ 2881763.761543761007488, 2030820.287439348641783 ], [ 2881749.702586067840457, 2030795.036951762856916 ], [ 2881735.399789799470454, 2030775.527374221244827 ], [ 2881714.983275406062603, 2030753.938054274767637 ], [ 2881707.263941598590463, 2030746.625063883373514 ], [ 2881693.18172528129071, 2030736.691593282623217 ], [ 2881679.904383643064648, 2030730.290538069559261 ], [ 2881652.756118815392256, 2030719.657099361997098 ], [ 2881628.850977364461869, 2030713.634951258776709 ], [ 2881601.328323455993086, 2030710.295563238207251 ], [ 2881591.60315652936697, 2030709.600876332493499 ], [ 2881561.612303487025201, 2030708.941308953100815 ], [ 2881555.119335378054529, 2030709.011166550917551 ], [ 2881525.577074762433767, 2030710.295605283463374 ], [ 2881519.909237626940012, 2030710.704206495080143 ], [ 2881497.223383917473257, 2030712.991691177012399 ], [ 2881475.631252116523683, 2030713.218356135766953 ], [ 2881457.669104640372097, 2030712.065623341593891 ], [ 2881436.883802437223494, 2030707.454581788275391 ], [ 2881430.696728955954313, 2030706.288944965461269 ], [ 2881401.636024733074009, 2030701.782769615761936 ], [ 2881385.613896799273789, 2030699.514485018793494 ], [ 2881378.772991621866822, 2030696.614062760956585 ], [ 2881372.172495900187641, 2030690.406030770391226 ], [ 2881371.338803965598345, 2030685.163973424118012 ], [ 2881371.605430305469781, 2030678.853672775905579 ], [ 2881376.979674645699561, 2030677.037670445861295 ], [ 2881402.780997435562313, 2030667.633824733551592 ], [ 2881429.758739268407226, 2030658.893215252785012 ], [ 2881459.423543902114034, 2030643.513848362257704 ], [ 2881486.079269541427493, 2030623.421685806242749 ], [ 2881510.569189183413982, 2030603.195248096017167 ], [ 2881532.932919334620237, 2030584.180797800654545 ], [ 2881555.296490531414747, 2030565.166495830053464 ], [ 2881569.325540834106505, 2030550.639674474485219 ], [ 2881587.650796875357628, 2030527.501993667101488 ], [ 2881598.299548379145563, 2030511.057864726521075 ], [ 2881611.838512824848294, 2030485.013990297680721 ], [ 2881617.924713458865881, 2030470.776005014078692 ], [ 2881624.716132658533752, 2030450.842565463157371 ], [ 2881626.234665680676699, 2030443.598883707541972 ], [ 2881628.237418348435313, 2030437.368458598153666 ], [ 2881630.987447333522141, 2030428.812995059881359 ], [ 2881637.897644668351859, 2030415.958969694096595 ], [ 2881645.526367562822998, 2030401.768697404302657 ], [ 2881651.189141448587179, 2030387.76455712155439 ], [ 2881661.044225339312106, 2030356.904424842447042 ], [ 2881669.048928884323686, 2030329.171783036319539 ], [ 2881671.759921142365783, 2030317.050767746986821 ], [ 2881675.547401497140527, 2030293.424171467544511 ], [ 2881680.305157046765089, 2030275.871727974386886 ], [ 2881689.131900747772306, 2030254.096169013297185 ], [ 2881693.063486345112324, 2030242.426510342396796 ], [ 2881699.605151004623622, 2030218.292520246934146 ], [ 2881704.20497393514961, 2030205.970445163315162 ], [ 2881705.576072634197772, 2030201.095949138747528 ], [ 2881710.890812467318028, 2030189.98847396322526 ], [ 2881717.118773846887052, 2030176.972735487157479 ], [ 2881720.176935818046331, 2030170.152715591248125 ], [ 2881730.41904526297003, 2030144.886342280078679 ], [ 2881741.753584149293602, 2030120.302664020564407 ], [ 2881744.700079591013491, 2030113.2288935596589 ], [ 2881754.712346038781106, 2030086.410506252199411 ], [ 2881763.784297700971365, 2030062.763686361955479 ], [ 2881775.018495766445994, 2030039.970205591991544 ], [ 2881777.596304437145591, 2030034.31486784433946 ], [ 2881782.90751812979579, 2030021.661001395434141 ], [ 2881785.641139497514814, 2030014.387620758730918 ], [ 2881789.610209127888083, 2030002.472865363582969 ], [ 2881797.820615537464619, 2029981.722863474395126 ], [ 2881809.590098332613707, 2029956.560570797184482 ], [ 2881812.77415494993329, 2029948.975236410507932 ], [ 2881817.160992634948343, 2029937.224909814540297 ], [ 2881820.190645080059767, 2029931.446082092821598 ], [ 2881827.278589295223355, 2029917.92669128626585 ], [ 2881832.572118083015084, 2029906.167029823176563 ], [ 2881834.167793676257133, 2029900.494531793287024 ], [ 2881839.301500565838069, 2029890.251631032442674 ], [ 2881847.236662045121193, 2029874.41923825070262 ], [ 2881851.952397889457643, 2029860.869467302458361 ], [ 2881859.733365079388022, 2029832.165125912288204 ], [ 2881861.995827035978436, 2029821.647719749715179 ], [ 2881866.635708598885685, 2029792.707494306145236 ], [ 2881871.275525611359626, 2029763.767390703083947 ], [ 2881875.915344838984311, 2029734.827193946344778 ], [ 2881876.837473361287266, 2029727.269780931761488 ], [ 2881879.529696317855269, 2029694.577686621109024 ], [ 2881881.028555937111378, 2029665.401689379476011 ], [ 2881880.719762532040477, 2029650.831881708465517 ], [ 2881877.880737178958952, 2029620.693555546691641 ], [ 2881875.771591604687274, 2029607.646045268513262 ], [ 2881868.437780394218862, 2029576.12931118789129 ], [ 2881860.019732584245503, 2029544.898867103038356 ], [ 2881851.571128478273749, 2029517.204464931506664 ], [ 2881848.123693169560283, 2029507.685968710808083 ], [ 2881837.314733913168311, 2029482.047386484686285 ], [ 2881826.589515478350222, 2029454.495835311012343 ], [ 2881815.224145006854087, 2029427.537540028803051 ], [ 2881800.168357546441257, 2029402.843534656101838 ], [ 2881782.171077015344054, 2029381.330064261332154 ], [ 2881763.940912232268602, 2029358.851768434746191 ], [ 2881757.906899701803923, 2029352.084594328422099 ], [ 2881737.715530264656991, 2029331.467407412827015 ], [ 2881732.264254298061132, 2029326.316142692696303 ], [ 2881712.101389298215508, 2029308.690232099732384 ], [ 2881689.189022201113403, 2029286.789681286085397 ], [ 2881667.277239857241511, 2029267.634939128998667 ], [ 2881659.560085082426667, 2029261.551389056956396 ], [ 2881635.242681448347867, 2029244.308215711498633 ], [ 2881616.211201230064034, 2029230.604260088177398 ], [ 2881597.256618128158152, 2029214.712661196710542 ], [ 2881591.32992962282151, 2029210.122623925097287 ], [ 2881574.855251701548696, 2029198.35472872829996 ], [ 2881565.948890218511224, 2029189.260427228175104 ], [ 2881558.876120354048908, 2029179.319829638581723 ], [ 2881552.298817644827068, 2029165.078875486506149 ], [ 2881548.297432093881071, 2029153.704020927194506 ], [ 2881545.901522787287831, 2029135.378409755416214 ], [ 2881544.658212979789823, 2029120.710924878017977 ], [ 2881545.555841193534434, 2029114.317382350796834 ], [ 2881551.622330329380929, 2029097.110651968512684 ], [ 2881556.042035903315991, 2029077.122758925426751 ], [ 2881557.278291309252381, 2029071.531802845653147 ], [ 2881562.807386715896428, 2029061.71308172121644 ], [ 2881568.831633111461997, 2029051.015101557131857 ], [ 2881566.493426097091287, 2029040.650927851209417 ], [ 2881575.167201519943774, 2029037.405513867735863 ], [ 2881578.01418210240081, 2029019.597651245770976 ], [ 2881581.998245428316295, 2029015.670641637640074 ], [ 2881589.821068240329623, 2029005.781920913141221 ], [ 2881592.263277370482683, 2028997.10033138981089 ], [ 2881596.851796903647482, 2028987.528854360803962 ], [ 2881604.361054298467934, 2028971.865009672241285 ], [ 2881615.039889856241643, 2028948.333070621592924 ], [ 2881626.365136059466749, 2028924.780811922391877 ], [ 2881639.432978320401162, 2028897.506146104075015 ], [ 2881647.914375614374876, 2028871.980629893718287 ], [ 2881652.44469048269093, 2028868.768799647456035 ], [ 2881660.89852740848437, 2028851.185794999124482 ], [ 2881532.06683393381536, 2028851.185794999124482 ], [ 2881527.23703295737505, 2028862.113591563189402 ], [ 2881520.940707970410585, 2028875.802513427566737 ], [ 2881514.332707613706589, 2028889.829021296929568 ], [ 2881507.789464554749429, 2028903.707443516934291 ], [ 2881500.661416408140212, 2028918.947527230950072 ], [ 2881470.421166380867362, 2028984.120006233919412 ], [ 2881457.694679067935795, 2029012.090574100147933 ], [ 2881446.251890293788165, 2029038.530976881738752 ], [ 2881437.617544572800398, 2029060.875360601581633 ], [ 2881431.839904297143221, 2029080.141257644630969 ], [ 2881428.560497229918838, 2029098.219597114482895 ], [ 2881427.448888561222702, 2029116.604469559853896 ], [ 2881428.312710392288864, 2029135.215830383589491 ], [ 2881430.935856541618705, 2029153.50297410483472 ], [ 2881435.1376973669976, 2029171.088118452345952 ], [ 2881440.654834406450391, 2029187.973726314026862 ], [ 2881447.248263974208385, 2029204.281328436220065 ], [ 2881454.660493751987815, 2029220.07852992368862 ], [ 2881462.759432296268642, 2029235.186282786540687 ], [ 2881471.433632011525333, 2029249.42035769764334 ], [ 2881480.561154642142355, 2029262.579777949489653 ], [ 2881490.096604289487004, 2029274.694110453128815 ], [ 2881499.976217720657587, 2029285.844436824554577 ], [ 2881510.210200724657625, 2029296.152308940188959 ], [ 2881521.158222344238311, 2029306.116821927716956 ], [ 2881533.169195763766766, 2029316.258399901213124 ], [ 2881546.502464948222041, 2029327.051321643637493 ], [ 2881560.758896294049919, 2029338.481713303131983 ], [ 2881570.340148440562189, 2029346.341233230894431 ], [ 2881605.073392072692513, 2029377.030931822257116 ], [ 2881663.303684876300395, 2029428.482459329999983 ], [ 2881701.938369465991855, 2029473.762906456366181 ], [ 2881726.636544501408935, 2029522.387772818794474 ], [ 2881749.34065150283277, 2029578.620075600687414 ], [ 2881762.014424619264901, 2029637.484852438094094 ], [ 2881768.214531497098505, 2029691.090077407192439 ], [ 2881758.229504849296063, 2029761.151506779249758 ], [ 2881755.024109438061714, 2029780.298649169737473 ], [ 2881751.484078237321228, 2029798.959982927655801 ], [ 2881747.31091389991343, 2029817.146493802312762 ], [ 2881742.095214134082198, 2029834.970196465961635 ], [ 2881735.489480172749609, 2029852.596118706511334 ], [ 2881727.91130550717935, 2029869.84341982123442 ], [ 2881727.670614153612405, 2029870.383864363655448 ], [ 2881718.910687136463821, 2029888.728631414240226 ], [ 2881709.528710107319057, 2029907.86252113757655 ], [ 2881700.089190719649196, 2029927.285770626738667 ], [ 2881691.231403038837016, 2029946.329029196174815 ], [ 2881683.359002938028425, 2029964.567067767959088 ], [ 2881676.189408496022224, 2029982.550093061057851 ], [ 2881669.190069310832769, 2030001.075151629978791 ], [ 2881665.850810285657644, 2030010.101178799988702 ], [ 2881661.927791937254369, 2030020.707725771469995 ], [ 2881654.196683261543512, 2030041.161235292907804 ], [ 2881645.83404319640249, 2030061.929897674592212 ], [ 2881636.823165982030332, 2030082.541462978580967 ], [ 2881627.629542851820588, 2030102.72797339851968 ], [ 2881618.866524581797421, 2030122.264094109646976 ], [ 2881610.983322941232473, 2030140.981067400658503 ], [ 2881603.880953913554549, 2030158.82523333770223 ], [ 2881591.12884138058871, 2030191.954254477517679 ], [ 2881585.17018648982048, 2030207.661982228280976 ], [ 2881579.392385967075825, 2030223.357243955135345 ], [ 2881573.671396493911743, 2030239.363212521653622 ], [ 2881567.752625336870551, 2030255.69048120547086 ], [ 2881565.733438959345222, 2030260.853338174987584 ], [ 2881546.864950424991548, 2030330.285195872653276 ], [ 2881530.437719827517867, 2030383.183810226386413 ], [ 2881507.760847906116396, 2030437.221335825510323 ], [ 2881471.218388239853084, 2030479.891094700433314 ], [ 2881435.768748680129647, 2030518.54054591525346 ], [ 2881400.285403751768172, 2030542.579621910117567 ], [ 2881377.619024251122028, 2030551.933037095936015 ], [ 2881324.662437670398504, 2030568.785502783721313 ], [ 2881301.69290910102427, 2030574.681146667804569 ], [ 2881265.248590844683349, 2030596.763993504457176 ], [ 2881256.479907560162246, 2030619.846243052044883 ], [ 2881253.487060389947146, 2030666.272452776553109 ], [ 2881254.400188361294568, 2030711.987130481051281 ], [ 2881274.286078886128962, 2030760.683961097849533 ], [ 2881311.412827205844223, 2030796.580186936771497 ], [ 2881380.498014672193676, 2030816.188940856372938 ], [ 2881442.760319661814719, 2030823.357209010981023 ], [ 2881559.858739791437984, 2030827.080890734447166 ], [ 2881610.000572596676648, 2030828.301225783536211 ], [ 2881646.931135007180274, 2030852.96438148454763 ], [ 2881662.419146760832518, 2030874.290292641147971 ], [ 2881662.055282028391957, 2030923.318986178841442 ], [ 2881647.004093059338629, 2030977.107947404496372 ], [ 2881607.501368264202029, 2031017.915365977911279 ], [ 2881544.966682565398514, 2031059.09228697209619 ], [ 2881503.92908928450197, 2031093.937570582143962 ], [ 2881475.030746283009648, 2031144.279397204983979 ], [ 2881466.372501416131854, 2031180.469162449240685 ], [ 2881470.492378134746104, 2031211.110828063683584 ], [ 2881491.941233545076102, 2031259.523148393724114 ], [ 2881529.418519562110305, 2031302.600212693214417 ], [ 2881624.362082698848099, 2031373.038325132103637 ], [ 2881730.997103575617075, 2031432.868837459245697 ], [ 2881753.805191393941641, 2031445.666053916327655 ], [ 2881849.833900398574769, 2031489.08342946274206 ], [ 2881945.428227047435939, 2031524.626133990474045 ], [ 2881982.319189805071801, 2031551.684671999420971 ], [ 2881991.237161152530462, 2031558.225767583586276 ], [ 2882019.08486707508564, 2031590.006880313623697 ], [ 2882028.130811934359372, 2031643.981835782993585 ], [ 2882032.437448779121041, 2031710.811886999290437 ], [ 2882040.568560587707907, 2031791.433873100206256 ], [ 2882054.834095701575279, 2031845.180323384935036 ], [ 2882085.515223121736199, 2031870.982809517998248 ], [ 2882157.852088417392224, 2031890.805680606048554 ], [ 2882219.670984325930476, 2031896.479217647807673 ], [ 2882305.356786167249084, 2031881.506861197063699 ], [ 2882450.023681075777858, 2031870.381993997376412 ], [ 2882473.997560140676796, 2031865.876675988780335 ], [ 2882494.540368476882577, 2031864.427455964265391 ], [ 2882532.890357003547251, 2031862.739043374313042 ], [ 2882568.930957624688745, 2031862.366958277765661 ], [ 2882602.054487471003085, 2031863.420488404110074 ], [ 2882632.953369638882577, 2031865.561225604265928 ], [ 2882662.624927625991404, 2031868.362358646467328 ], [ 2882691.79465720243752, 2031871.468102080514655 ], [ 2882720.027067933697253, 2031874.863384559052065 ], [ 2882746.660850662738085, 2031878.613114193081856 ], [ 2882771.136693864595145, 2031882.882364094723016 ], [ 2882793.66382859647274, 2031888.261540584964678 ], [ 2882814.590868097729981, 2031895.480953140184283 ], [ 2882834.218487628269941, 2031905.005336180096492 ], [ 2882852.540033519733697, 2031916.445883527165279 ], [ 2882869.48652430716902, 2031929.21816966496408 ], [ 2882885.076284637209028, 2031942.984815350035205 ], [ 2882898.861241505481303, 2031957.704138102708384 ], [ 2882904.728076962288469, 2031965.156448246678337 ], [ 2882931.836123499087989, 2032019.931496794801205 ], [ 2882952.674039681442082, 2032084.555019333958626 ], [ 2882975.549856019206345, 2032156.856726636178792 ], [ 2883007.691706771031022, 2032246.789045476121828 ], [ 2883028.458536019548774, 2032300.961506904568523 ], [ 2883065.243692467920482, 2032374.754179505631328 ], [ 2883089.549809650052339, 2032400.913922354578972 ], [ 2883155.52898408472538, 2032441.215572434943169 ], [ 2883209.395836905576289, 2032461.185400777030736 ], [ 2883346.079116058535874, 2032511.145601328928024 ], [ 2883437.08472086628899, 2032542.059089607093483 ], [ 2883489.919197578914464, 2032560.607609877362847 ], [ 2883549.15637543099001, 2032573.965012956876308 ], [ 2883588.234699002932757, 2032586.970073691802099 ], [ 2883622.571133046876639, 2032610.498184907017276 ], [ 2883650.281533, 2032637.842415321618319 ], [ 2883679.654598261229694, 2032689.761229718336836 ], [ 2883685.974858152680099, 2032703.235199017217383 ], [ 2883694.277593240141869, 2032722.774015625705943 ], [ 2883705.822863719891757, 2032737.556785329943523 ], [ 2883713.564081835560501, 2032748.814517986495048 ], [ 2883719.356835009995848, 2032758.724942839238793 ], [ 2883724.809635193552822, 2032769.2268545483239 ], [ 2883730.42112822458148, 2032781.283158817095682 ], [ 2883736.460810991004109, 2032795.632306053070351 ], [ 2883743.06166351120919, 2032812.672543148510158 ], [ 2883750.027430552989244, 2032831.591639450751245 ], [ 2883757.051777025684714, 2032851.259217096259817 ], [ 2883763.890027791261673, 2032870.769137080293149 ], [ 2883770.437221509870142, 2032890.040631418116391 ], [ 2883806.156731489580125, 2033022.049649881431833 ], [ 2883813.002429676242173, 2033044.378946079872549 ], [ 2883839.852854657918215, 2033131.959982921602204 ], [ 2883856.714315996970981, 2033186.8436949334573 ], [ 2883867.828760573640466, 2033245.993875531246886 ], [ 2883881.228767601773143, 2033314.269565653521568 ], [ 2883881.201587844640017, 2033317.056483364198357 ], [ 2883881.419702948071063, 2033341.004459169926122 ], [ 2883884.566741463728249, 2033356.325404847739264 ], [ 2883889.534525008872151, 2033373.584429468261078 ], [ 2883895.981537335552275, 2033392.973651475505903 ], [ 2883900.364657333586365, 2033413.765207310207188 ], [ 2883901.373630881775171, 2033438.314296113094315 ], [ 2883899.76595011819154, 2033456.525725968880579 ], [ 2883900.133902514819056, 2033467.786964801838621 ], [ 2883886.416008848696947, 2033526.749535132665187 ], [ 2883867.902685491368175, 2033573.761220805812627 ], [ 2883863.964860957115889, 2033583.760786240221933 ], [ 2883831.233523183036596, 2033648.687379508744925 ], [ 2883815.33846817119047, 2033699.878934904001653 ], [ 2883807.884119386319071, 2033753.557567361509427 ], [ 2883823.560804780572653, 2033811.072154690278694 ], [ 2883848.358529686927795, 2033844.734396550571546 ], [ 2883895.191559043247253, 2033908.308417757740244 ], [ 2883932.514124189503491, 2033958.65232849214226 ], [ 2883963.747939144726843, 2034002.159750032471493 ], [ 2883973.673664231784642, 2034064.651149268262088 ], [ 2883987.250812159851193, 2034128.119768659351394 ], [ 2883989.374910287559032, 2034162.405602207873017 ], [ 2883991.089421746786684, 2034170.937472379999235 ], [ 2883977.764889900572598, 2034240.187394223175943 ], [ 2883963.827446716837585, 2034313.560914215398952 ], [ 2883945.158206928987056, 2034372.502545525319874 ], [ 2883914.896651178598404, 2034434.360736841103062 ], [ 2883885.596006183885038, 2034487.189588635461405 ], [ 2883837.007518243975937, 2034570.095217077294365 ], [ 2883813.651433700695634, 2034629.890868913847953 ], [ 2883804.806153243407607, 2034699.922208394855261 ], [ 2883792.000899994280189, 2034780.33436836162582 ], [ 2883791.632530404254794, 2034823.063505061436445 ], [ 2883800.432003608904779, 2034877.806634394684806 ], [ 2883815.81357976840809, 2034918.471736151725054 ], [ 2883849.75536865927279, 2034989.563441971782595 ], [ 2883875.894183738622814, 2035037.123362404759973 ], [ 2883890.560720330569893, 2035065.027725249528885 ], [ 2883894.564467405900359, 2035085.839808632154018 ], [ 2883898.554208378307521, 2035113.320910693146288 ], [ 2883903.181132161058486, 2035140.8000323115848 ], [ 2883909.939645282924175, 2035163.7945504442323 ], [ 2883914.999149216804653, 2035190.137264918768778 ], [ 2883920.005752203986049, 2035206.658515240531415 ], [ 2883930.44370792247355, 2035261.425849694525823 ], [ 2883953.476027992554009, 2035306.314266989938915 ], [ 2883995.271891618613154, 2035343.040992301655933 ], [ 2884087.09617877472192, 2035391.216991529799998 ], [ 2884139.971135462634265, 2035420.743948849616572 ], [ 2884165.712803370319307, 2035429.465606119483709 ], [ 2884269.793107741512358, 2035471.682888646610081 ], [ 2884296.195551327429712, 2035485.679147524526343 ], [ 2884333.080001902766526, 2035505.232143885688856 ], [ 2884382.134640504606068, 2035525.274851548485458 ], [ 2884425.819572938606143, 2035551.930368582485244 ], [ 2884438.639777015894651, 2035560.73969561047852 ], [ 2884451.22114438470453, 2035581.244199747452512 ], [ 2884464.974355702288449, 2035606.229284993140027 ], [ 2884468.501899241004139, 2035617.43837703554891 ], [ 2884568.041609214153141, 2035685.929534216411412 ], [ 2884686.802296478301287, 2035781.934141202364117 ], [ 2884761.375718219671398, 2035867.733688920503482 ], [ 2884768.945724751800299, 2035884.654857366112992 ], [ 2884783.011868780478835, 2035895.740608997177333 ], [ 2884794.450226452201605, 2035920.356999380514026 ], [ 2884801.169904062524438, 2035958.506317063001916 ], [ 2884805.561827885918319, 2035983.440373032586649 ], [ 2884806.226593730039895, 2036027.591502275783569 ], [ 2884799.734863463789225, 2036072.24138986482285 ], [ 2884787.199944493360817, 2036104.307643997715786 ], [ 2884771.682957924436778, 2036123.718440829077736 ], [ 2884751.049218520056456, 2036149.530003369785845 ], [ 2884729.364312807563692, 2036189.702635552966967 ], [ 2884695.919708577916026, 2036252.773746448103338 ], [ 2884681.946698980405927, 2036272.757061333861202 ], [ 2884665.578645191621035, 2036295.439153043786064 ], [ 2884648.806480722501874, 2036317.936977064004168 ], [ 2884631.212550092488527, 2036340.783777202712372 ], [ 2884612.508347165770829, 2036364.321132202632725 ], [ 2884605.175545385107398, 2036373.258486837847158 ], [ 2884483.897851295769215, 2036555.137577110435814 ], [ 2884447.201730722561479, 2036641.936974364798516 ], [ 2884443.674724107608199, 2036746.019250028766692 ], [ 2884450.815568266436458, 2036847.144539596978575 ], [ 2884482.493516189046204, 2036955.969549132045358 ], [ 2884533.164590598084033, 2037038.010368748800829 ], [ 2884547.970830890350044, 2037058.177293512737378 ], [ 2884574.12012058403343, 2037069.623085859930143 ], [ 2884630.151997767388821, 2037098.054932313039899 ], [ 2884680.868117743171751, 2037123.430182349169627 ], [ 2884772.845421113073826, 2037190.392286870162934 ], [ 2884834.758522539399564, 2037246.593245749361813 ], [ 2884893.306298621930182, 2037280.703396828379482 ], [ 2884931.487031030468643, 2037310.257215857738629 ], [ 2884987.087258588522673, 2037407.229473581071943 ], [ 2885013.100627929437906, 2037439.705699948361143 ], [ 2885044.078501605428755, 2037475.900186239043251 ], [ 2885085.552863727789372, 2037514.985728488536552 ], [ 2885098.292904659174383, 2037544.414369502803311 ], [ 2885105.159746469464153, 2037560.276149723213166 ], [ 2885183.113243977539241, 2037678.187601349549368 ], [ 2885328.331193213351071, 2037938.735300589120016 ], [ 2885356.405746380798519, 2037977.921379705192521 ], [ 2885401.536779570393264, 2037999.978175655007362 ], [ 2885433.20082523394376, 2038009.127907019574195 ], [ 2885441.586650075856596, 2038013.918477728497237 ], [ 2885468.056521962396801, 2038028.690575012238696 ], [ 2885493.78118500020355, 2038042.83224255987443 ], [ 2885506.500435241498053, 2038049.75942784268409 ], [ 2885518.846716895699501, 2038056.476270192768425 ], [ 2885543.226098068989813, 2038069.704753492958844 ], [ 2885566.344112406484783, 2038082.534533159807324 ], [ 2885587.489990088623017, 2038094.92691973503679 ], [ 2885606.739121824502945, 2038107.569554581074044 ], [ 2885627.255473813042045, 2038124.019174062181264 ], [ 2885649.132080573122948, 2038144.885369325056672 ], [ 2885736.343868980184197, 2038256.960506951902062 ], [ 2885779.922816417180002, 2038302.956388676539063 ], [ 2885803.522300283424556, 2038339.711559722665697 ], [ 2885819.732445084489882, 2038395.521845269482583 ], [ 2885833.850624670740217, 2038453.323115737875924 ], [ 2885878.667356990277767, 2038555.376475291792303 ], [ 2885899.973193444311619, 2038609.518691589822993 ], [ 2885927.650114569813013, 2038661.630756353726611 ], [ 2885958.542833331972361, 2038702.222716938471422 ], [ 2885973.411696857772768, 2038730.031064827460796 ], [ 2885984.078892712015659, 2038751.862050178926438 ], [ 2885991.370189094915986, 2038769.174814053811133 ], [ 2885996.827851896174252, 2038784.694985007168725 ], [ 2886001.633754920214415, 2038801.210789071628824 ], [ 2886005.327054463792592, 2038821.712584593333304 ], [ 2886007.104642546735704, 2038849.306208975845948 ], [ 2886006.350900439545512, 2038866.666643971577287 ], [ 2886010.495114874094725, 2038896.885367110138759 ], [ 2886012.526008603163064, 2038954.472770533990115 ], [ 2886012.662596414797008, 2039000.330626373644918 ], [ 2886004.063072491437197, 2039056.314414431340992 ], [ 2885998.174733796156943, 2039074.50831861840561 ], [ 2885977.25137921795249, 2039138.973355125170201 ], [ 2885966.944377551786602, 2039193.721436559455469 ], [ 2885960.370185541454703, 2039234.946159673854709 ], [ 2885957.044256697408855, 2039282.451038830215111 ], [ 2885955.396539282985032, 2039329.78405168838799 ], [ 2885955.905897370539606, 2039371.732082577655092 ], [ 2885958.11322163278237, 2039399.237837870139629 ], [ 2885963.554318035952747, 2039420.828131859889254 ], [ 2885982.586917629465461, 2039473.364917273633182 ], [ 2886003.441176753491163, 2039525.859087496297434 ], [ 2886022.275133099406958, 2039575.831736565567553 ], [ 2886039.095558288507164, 2039611.758369879797101 ], [ 2886046.042323378846049, 2039624.171076067490503 ], [ 2886050.816239071078598, 2039628.519297515507787 ], [ 2886104.393849710933864, 2039659.326511227991432 ], [ 2886220.507737242151052, 2039701.055404662853107 ], [ 2886282.059843352995813, 2039712.156348023563623 ], [ 2886416.508883997797966, 2039697.812079485040158 ], [ 2886542.042999014258385, 2039665.823341994080693 ], [ 2886652.430395512841642, 2039646.734615837456658 ], [ 2886716.484007804654539, 2039679.691408294718713 ], [ 2886860.522911706008017, 2039802.011779069434851 ], [ 2886931.16659962432459, 2039832.016583351185545 ], [ 2886966.636903468519449, 2039862.585793658392504 ], [ 2886990.129767043050379, 2039918.679968655807897 ], [ 2887022.593344232533127, 2039975.55556245171465 ], [ 2887027.083820190280676, 2039990.29964041011408 ], [ 2887026.879496839828789, 2040021.378846565959975 ], [ 2887015.458972119726241, 2040060.550399734871462 ], [ 2887002.608371578156948, 2040104.617875378346071 ], [ 2886979.212158728390932, 2040182.249541022116318 ], [ 2886972.926000314764678, 2040192.582300346344709 ], [ 2886971.772877709940076, 2040204.565777061739936 ], [ 2886959.715754140168428, 2040244.594896725611761 ], [ 2886958.172528322786093, 2040265.000150001607835 ], [ 2886959.22425329964608, 2040286.542711738497019 ], [ 2886954.178880552761257, 2040305.170740360626951 ], [ 2886941.447334578260779, 2040326.003522321116179 ], [ 2886905.855268012732267, 2040364.68379001528956 ], [ 2886870.263371033128351, 2040403.364078504731879 ], [ 2886819.440150945447385, 2040428.195733458036557 ], [ 2886788.253739727661014, 2040449.193651075242087 ], [ 2886749.535148628056049, 2040469.932655080920085 ], [ 2886700.774638743139803, 2040489.791986764641479 ], [ 2886645.614225313998759, 2040519.600612232461572 ], [ 2886618.196451348252594, 2040530.297160594956949 ], [ 2886581.956739401910454, 2040542.093695253366604 ], [ 2886535.097744764760137, 2040560.341598727274686 ], [ 2886493.597080344799906, 2040573.039148800540715 ], [ 2886485.526200932450593, 2040575.511416796362028 ], [ 2886426.489562770351768, 2040587.94728652224876 ], [ 2886315.484736072830856, 2040638.079232481541112 ], [ 2886230.354042415972799, 2040682.246639611199498 ], [ 2886170.289613214321434, 2040712.155927723040804 ], [ 2886108.966113654896617, 2040768.47472709370777 ], [ 2886066.071937875822186, 2040816.166896536946297 ], [ 2886064.333804031834006, 2040818.997161975363269 ], [ 2886055.533065451309085, 2040854.760695198783651 ], [ 2886059.994228292256594, 2040907.697601963067427 ], [ 2886084.038251825608313, 2040975.32231983426027 ], [ 2886157.440066618844867, 2041066.409988081082702 ], [ 2886239.407209437806159, 2041179.263050936395302 ], [ 2886289.569121672771871, 2041263.783343193586916 ], [ 2886352.676957078743726, 2041310.504394219722599 ], [ 2886375.405912610702217, 2041337.660278107272461 ], [ 2886387.291075807530433, 2041359.614699626574293 ], [ 2886393.486342230811715, 2041379.034133963519707 ], [ 2886400.124112067744136, 2041402.876576061360538 ], [ 2886402.943046107888222, 2041433.377208154648542 ], [ 2886400.368405020330101, 2041460.151702440110967 ], [ 2886400.030519681051373, 2041461.247484734281898 ], [ 2886392.465218981727958, 2041485.718554026447237 ], [ 2886377.424512441270053, 2041519.812388633610681 ], [ 2886352.373028236906976, 2041560.743516305228695 ], [ 2886303.718999341130257, 2041633.144209121353924 ], [ 2886261.252151309512556, 2041665.56898522679694 ], [ 2886239.778636230621487, 2041681.961935503408313 ], [ 2886235.140413926914334, 2041688.126106350449845 ], [ 2886231.522452021017671, 2041692.07531213783659 ], [ 2886222.415649541188031, 2041707.692229563137516 ], [ 2886218.465026739984751, 2041721.561449668137357 ], [ 2886217.596948621794581, 2041724.596745680784807 ], [ 2886223.628369188401848, 2041743.110592684475705 ], [ 2886232.562204990535975, 2041759.155110287480056 ], [ 2886241.369368347339332, 2041782.190132603049278 ], [ 2886247.211245689541101, 2041799.889959268737584 ], [ 2886255.197156957350671, 2041823.130752793513238 ], [ 2886258.941506480798125, 2041854.421336924191564 ], [ 2886252.862906832247972, 2041884.716603095410392 ], [ 2886239.493757657241076, 2041921.193229979136959 ], [ 2886227.719282569363713, 2041950.99219767539762 ], [ 2886196.565781847108155, 2042040.682806890225038 ], [ 2886198.434525409713387, 2042077.144943112041801 ], [ 2886181.437267046421766, 2042128.919986661756411 ], [ 2885987.897952696308494, 2042582.001614257227629 ], [ 2885976.765220435336232, 2042670.232534303329885 ], [ 2886016.183855264447629, 2042833.431160028791055 ], [ 2886103.242703909985721, 2043034.604026387445629 ], [ 2886233.599831002764404, 2043379.001048291102052 ], [ 2886233.155360782984644, 2043439.118027274264023 ], [ 2886235.11434022244066, 2043443.148676291573793 ], [ 2886247.349982836283743, 2043481.004241660237312 ], [ 2886251.222308878786862, 2043516.628390651894733 ], [ 2886241.595325488597155, 2043550.417847405187786 ], [ 2886225.320480824448168, 2043589.376409060088918 ], [ 2886205.044799174182117, 2043622.378203356172889 ], [ 2886176.021107136271894, 2043651.493545620469376 ], [ 2886123.11669831816107, 2043684.716811665333807 ], [ 2886089.373994747176766, 2043713.125061008613557 ], [ 2886043.861163226887584, 2043747.163167925784364 ], [ 2886043.71305447164923, 2043747.225438737310469 ], [ 2886027.938391937874258, 2043754.127963787177578 ], [ 2886019.263218837790191, 2043760.29414730053395 ], [ 2886010.397960387170315, 2043805.037974594160914 ], [ 2886005.33052968326956, 2043893.179396036546677 ], [ 2885994.581492053810507, 2043926.882357745431364 ], [ 2885997.77141344640404, 2043946.717219612328336 ], [ 2885993.481759413145483, 2043998.789276170544326 ], [ 2885984.404644163325429, 2044043.397968567209318 ], [ 2885971.288445296697319, 2044079.344310267129913 ], [ 2885950.527338325977325, 2044113.134526769630611 ], [ 2885921.384226427413523, 2044145.98421964677982 ], [ 2885908.947446411475539, 2044158.651601065183058 ], [ 2885858.413016659207642, 2044208.003046983154491 ], [ 2885794.99520802590996, 2044304.706451814621687 ], [ 2885695.163194404449314, 2044433.436250149039552 ], [ 2885621.51893651811406, 2044508.711447465699166 ], [ 2885602.765010165050626, 2044545.644492194755003 ], [ 2885578.869512133300304, 2044587.027415653690696 ], [ 2885533.757502729073167, 2044631.470216680085286 ], [ 2885490.584272596053779, 2044665.130044205347076 ], [ 2885467.280487156007439, 2044683.7210061121732 ], [ 2885446.850988850928843, 2044699.0854652072303 ], [ 2885438.024429433979094, 2044702.83735008072108 ], [ 2885411.49986407905817, 2044708.83620206778869 ], [ 2885385.099804261699319, 2044716.006912087090313 ], [ 2885363.042315671686083, 2044722.0940801280085 ], [ 2885350.476265802979469, 2044726.735813226550817 ], [ 2885285.341497236862779, 2044771.835395155474544 ], [ 2885275.090114544611424, 2044783.049397178459913 ], [ 2885245.353693583980203, 2044808.914768080459908 ], [ 2885212.965784468222409, 2044843.917842354625463 ], [ 2885210.255762815941125, 2044846.849149528658018 ], [ 2885189.273800021968782, 2044873.046051037264988 ], [ 2885170.763177673798054, 2044887.917828284902498 ], [ 2885158.424630522262305, 2044907.34687782311812 ], [ 2885150.200399775989354, 2044918.096003656741232 ], [ 2885141.914491758681834, 2044931.017523034010082 ], [ 2885139.88513271510601, 2044942.287816516356543 ], [ 2885152.665998064447194, 2045002.8386840459425 ], [ 2885185.478752126451582, 2045055.683546899119392 ], [ 2885245.906025382690132, 2045122.76729315565899 ], [ 2885337.249568282160908, 2045199.431685580406338 ], [ 2885456.622716217767447, 2045274.032384763704613 ], [ 2885564.246403534896672, 2045370.04328941158019 ], [ 2885643.740881183184683, 2045486.391188711626455 ], [ 2885704.980272037908435, 2045615.192399002844468 ], [ 2885709.158392002806067, 2045652.134419695241377 ], [ 2885721.008198995143175, 2045670.432243892224506 ], [ 2885744.683657603338361, 2045717.639969228999689 ], [ 2885751.252754424698651, 2045753.473561184480786 ], [ 2885745.753653657622635, 2045784.260528990998864 ], [ 2885725.916539253201336, 2045820.879519472364336 ], [ 2885690.612898077815771, 2045851.591738182585686 ], [ 2885663.754868179094046, 2045871.082911893259734 ], [ 2885634.824894362594932, 2045892.077714483020827 ], [ 2885550.378709233365953, 2045909.207015734165907 ], [ 2885503.109632417093962, 2045917.818018430378288 ], [ 2885473.028000321239233, 2045916.729583830107003 ], [ 2885416.004878812469542, 2045921.014878606190905 ], [ 2885378.847057203762233, 2045925.80699062673375 ], [ 2885314.443753213621676, 2045938.507220836589113 ], [ 2885270.906106215901673, 2045951.02915725694038 ], [ 2885236.31137169431895, 2045966.896873719990253 ], [ 2885221.779592135921121, 2045974.653451565885916 ], [ 2885206.615961615927517, 2045977.467797613702714 ], [ 2885167.273646350950003, 2045983.835066159721464 ], [ 2885055.959900964982808, 2046003.276202039327472 ], [ 2884996.976587510667741, 2046010.154646848794073 ], [ 2884965.421380240470171, 2046017.102477817097679 ], [ 2884892.969899208284914, 2046036.926205109804869 ], [ 2884867.866182168014348, 2046045.319790708599612 ], [ 2884842.315110068768263, 2046065.016507177148014 ], [ 2884822.08022528886795, 2046083.388426613295451 ], [ 2884776.777168748900294, 2046127.976632466539741 ], [ 2884740.188633788842708, 2046161.684341088403016 ], [ 2884735.394475234206766, 2046166.176678749499843 ], [ 2884732.67320856731385, 2046168.730087895644829 ], [ 2884710.424985038116574, 2046189.608777484158054 ], [ 2884665.601220455951989, 2046220.811522081494331 ], [ 2884651.0862549059093, 2046225.136946546612307 ], [ 2884642.52275795256719, 2046234.440829137107357 ], [ 2884610.757119279354811, 2046266.946289112325758 ], [ 2884598.11750380974263, 2046276.245141133200377 ], [ 2884586.625787442550063, 2046281.459052299847826 ], [ 2884549.742737854365259, 2046310.087336619850248 ], [ 2884539.426454174332321, 2046318.094653194537386 ], [ 2884532.675963682122529, 2046326.132644153665751 ], [ 2884515.154805904719979, 2046360.344252241076902 ], [ 2884533.376041606999934, 2046536.536104510072619 ], [ 2884528.562146629672498, 2046579.551931950030848 ], [ 2884537.481122270226479, 2046609.752182495081797 ], [ 2884546.619945597834885, 2046651.558006663341075 ], [ 2884548.4330267123878, 2046684.684698547003791 ], [ 2884549.10656894557178, 2046696.990987090393901 ], [ 2884546.085425479337573, 2046711.557673326693475 ], [ 2884542.892214666586369, 2046726.953594849444926 ], [ 2884541.119909887202084, 2046732.467050609644502 ], [ 2884535.58244008384645, 2046749.694572406588122 ], [ 2884532.518458044156432, 2046759.226289711194113 ], [ 2884522.179016817361116, 2046771.826184378936887 ], [ 2884490.229369285516441, 2046810.76040372159332 ], [ 2884446.105989003553987, 2046841.339981987606734 ], [ 2884390.387451104354113, 2046858.689269850263372 ], [ 2884376.051101567223668, 2046864.208588340552524 ], [ 2884334.047097469680011, 2046875.522718352032825 ], [ 2884265.991262746043503, 2046885.73448782437481 ], [ 2884258.340535843744874, 2046886.181896504247561 ], [ 2884229.314470957033336, 2046886.632700329180807 ], [ 2884204.217941164970398, 2046887.022430778713897 ], [ 2884142.919306054711342, 2046870.820817767176777 ], [ 2884094.647440102417022, 2046850.635566759156063 ], [ 2884052.047089679166675, 2046815.731641806662083 ], [ 2884024.801097312476486, 2046777.323882121359929 ], [ 2883999.119375244248658, 2046755.072392432019114 ], [ 2883960.138683611061424, 2046744.892562828259543 ], [ 2883901.538512748666108, 2046749.77375684841536 ], [ 2883855.402249754406512, 2046767.840531437657773 ], [ 2883807.022464649751782, 2046791.951362204970792 ], [ 2883788.774849609471858, 2046812.066094163572416 ], [ 2883786.413590225856751, 2046867.361690188059583 ], [ 2883791.094712091144174, 2046971.985240223351866 ], [ 2883851.071960773784667, 2047275.457889216020703 ], [ 2883856.427442796994001, 2047359.562914179172367 ], [ 2883857.802176396828145, 2047362.313705615932122 ], [ 2883872.179823534563184, 2047421.680761622730643 ], [ 2883874.171380871906877, 2047464.701882128370926 ], [ 2883877.52636840660125, 2047481.244017635239288 ], [ 2883894.231222048401833, 2047592.692977429600433 ], [ 2883912.296517281793058, 2047682.895327290752903 ], [ 2883919.542770533822477, 2047741.548758191755041 ], [ 2883919.42305598128587, 2047777.027509496547282 ], [ 2883926.892673008143902, 2047841.594611189793795 ], [ 2883923.209399561397731, 2047873.661861239932477 ], [ 2883910.505108871031553, 2047914.618017197353765 ], [ 2883894.82816399494186, 2047952.09089425439015 ], [ 2883880.219450302422047, 2047971.015975520247594 ], [ 2883861.564078332856297, 2047995.183433092432097 ], [ 2883855.406631159596145, 2048024.006333608180285 ], [ 2883855.404991964343935, 2048026.192802034551278 ], [ 2883859.057777517475188, 2048046.631984195904806 ], [ 2883863.740700455382466, 2048063.21479302784428 ], [ 2883880.366503616794944, 2048127.002006584079936 ], [ 2883885.281421178020537, 2048164.839350470108911 ], [ 2883921.015723709948361, 2048257.647184966597706 ], [ 2883946.900686496403068, 2048380.720917608821765 ], [ 2883950.325528437271714, 2048430.953891044249758 ], [ 2883971.827388341538608, 2048519.738386189797893 ], [ 2883998.841600191779435, 2048612.454695329070091 ], [ 2884007.214813522994518, 2048648.657350467285141 ], [ 2884010.522196260280907, 2048693.121073062065989 ], [ 2884006.384209446143359, 2048741.549475941574201 ], [ 2884003.918901694007218, 2048753.610058868071064 ], [ 2883960.89889202453196, 2048827.195379186887294 ], [ 2883932.825581618584692, 2048872.562597040319815 ], [ 2883907.499041024595499, 2048915.014144456712529 ], [ 2883890.461000473704189, 2048964.005808918271214 ], [ 2883894.034286305308342, 2049001.191413694527 ], [ 2883905.397927735000849, 2049023.611430868739262 ], [ 2883920.103192723356187, 2049073.843215921660885 ], [ 2883938.171508023981005, 2049149.376921454211697 ], [ 2883942.759342827834189, 2049220.125811984064057 ], [ 2883917.030505176633596, 2049276.250240116612986 ], [ 2883871.545081597752869, 2049331.898140345467255 ], [ 2883834.758932013064623, 2049366.825653878971934 ], [ 2883782.282398592680693, 2049413.943087069550529 ], [ 2883742.323693105950952, 2049452.871703129028901 ], [ 2883717.171050398610532, 2049508.761592855444178 ], [ 2883702.126702887006104, 2049566.42328166984953 ], [ 2883693.343188602477312, 2049612.836068101460114 ], [ 2883690.744310697540641, 2049658.952941335039213 ], [ 2883687.820202524773777, 2049714.850731306709349 ], [ 2883674.248111268505454, 2049767.776208438444883 ], [ 2883648.002998630516231, 2049824.830353562952951 ], [ 2883603.108687269967049, 2049880.98096314468421 ], [ 2883535.573993599973619, 2049982.061917954590172 ], [ 2883531.264954688493162, 2049987.051926510641351 ], [ 2883456.180388753302395, 2050083.132195253390819 ], [ 2883391.515005224384367, 2050161.795447565848008 ], [ 2883349.834544891025871, 2050216.153733351035044 ], [ 2883308.645954855717719, 2050254.245479762786999 ], [ 2883267.171148260589689, 2050301.251358926761895 ], [ 2883238.923010293394327, 2050355.507198664359748 ], [ 2883229.417835391126573, 2050431.303808820899576 ], [ 2883226.918756094761193, 2050485.697358242003247 ], [ 2883251.017861577216536, 2050625.408988768002018 ], [ 2883263.40574717707932, 2050717.3420930292923 ], [ 2883273.163456175010651, 2050777.086469642585143 ], [ 2883272.898991648107767, 2050808.141548258718103 ], [ 2883266.696597564034164, 2050832.669529343023896 ], [ 2883261.778120295610279, 2050901.995159721467644 ], [ 2883262.781354155391455, 2050958.16591087798588 ], [ 2883265.16978772263974, 2051022.939824467990547 ], [ 2883265.416698251850903, 2051070.963712345110252 ], [ 2883263.964120755903423, 2051085.853314645355567 ], [ 2883263.605592301115394, 2051126.263486528536305 ], [ 2883259.469121254049242, 2051187.127940282924101 ], [ 2883236.991737149190158, 2051240.600947632221505 ], [ 2883229.76887606177479, 2051245.674189500743523 ], [ 2883216.95786034502089, 2051248.009029751410708 ], [ 2883202.239736475516111, 2051250.691334187518805 ], [ 2883180.824021099600941, 2051254.594352875370532 ], [ 2883121.180598758161068, 2051253.656966749345884 ], [ 2883102.923294661566615, 2051250.031670302152634 ], [ 2883100.841036214493215, 2051250.002106586238369 ], [ 2883044.919280473608524, 2051246.54690725193359 ], [ 2883037.909550377633423, 2051247.250558122061193 ], [ 2882901.138938415795565, 2051240.736343551892787 ], [ 2882877.188269440084696, 2051247.451471109176055 ], [ 2882870.90263341832906, 2051252.90075796097517 ], [ 2882856.702147140167654, 2051281.954238832462579 ], [ 2882847.331451206468046, 2051321.290734770242125 ], [ 2882847.668987203389406, 2051333.680378908291459 ], [ 2882841.490044749807566, 2051345.812058361014351 ], [ 2882840.931579926982522, 2051348.156472821254283 ], [ 2882838.923331484664232, 2051350.851532582892105 ], [ 2882835.012435835320503, 2051358.530255019199103 ], [ 2882831.097150463610888, 2051361.354208178119734 ], [ 2882824.631645929068327, 2051370.031010426115245 ], [ 2882813.223503608256578, 2051374.246139741502702 ], [ 2882812.123539561405778, 2051375.03955139988102 ], [ 2882801.102968021295965, 2051378.724587447941303 ], [ 2882794.341181660071015, 2051381.222965065157041 ], [ 2882786.308041031472385, 2051383.671599051915109 ], [ 2882767.998384363017976, 2051389.793918938376009 ], [ 2882761.47438784642145, 2051391.24139694753103 ], [ 2882740.357009880244732, 2051397.678488628007472 ], [ 2882722.938841600436717, 2051399.791562053607777 ], [ 2882703.826903871726245, 2051404.03201951389201 ], [ 2882684.897203256841749, 2051404.406480039702728 ], [ 2882678.327734266873449, 2051405.203396108001471 ], [ 2882675.725546202622354, 2051404.587845383910462 ], [ 2882666.755631725303829, 2051404.765305421547964 ], [ 2882639.777270349673927, 2051401.688580890186131 ], [ 2882557.868637749925256, 2051384.165455574868247 ], [ 2882524.019909113645554, 2051392.803634831914678 ], [ 2882501.889570800587535, 2051407.571324222721159 ], [ 2882475.685014608316123, 2051456.830172325251624 ], [ 2882472.942800630815327, 2051487.746493820333853 ], [ 2882464.134807982482016, 2051521.99481316190213 ], [ 2882459.930135513655841, 2051556.698927551973611 ], [ 2882459.600581949111074, 2051599.598639081930742 ], [ 2882458.857506013475358, 2051627.491228187689558 ], [ 2882462.269693179987371, 2051650.016124416841194 ], [ 2882483.672090555075556, 2051667.094749815529212 ], [ 2882497.363492453470826, 2051679.580777610652149 ], [ 2882528.134411040693521, 2051685.89054116839543 ], [ 2882554.574417305644602, 2051686.475076871458441 ], [ 2882592.223366946913302, 2051686.98169327294454 ], [ 2882618.040999562479556, 2051683.329123054863885 ], [ 2882654.826862833928317, 2051684.82875972869806 ], [ 2882659.409120818600059, 2051684.529124746797606 ], [ 2882660.224888880271465, 2051685.048842141404748 ], [ 2882667.078633231576532, 2051685.328271044418216 ], [ 2882697.809253558050841, 2051710.843703107209876 ], [ 2882703.831516314297915, 2051734.758551612496376 ], [ 2882709.697041562758386, 2051763.982842251425609 ], [ 2882704.133378232829273, 2051820.604147064033896 ], [ 2882698.579566747881472, 2051874.35899498173967 ], [ 2882692.987439442425966, 2051906.175586810335517 ], [ 2882693.00429227296263, 2051907.732253273716196 ], [ 2882695.061029020231217, 2051957.613262277329341 ], [ 2882700.007635391317308, 2051992.91877173143439 ], [ 2882729.802809940651059, 2052079.291517841164023 ], [ 2882756.523362899664789, 2052135.684101024642587 ], [ 2882772.343904017005116, 2052173.894125479040667 ], [ 2882783.194756224751472, 2052192.341685958206654 ], [ 2882810.039605430327356, 2052231.328146049520001 ], [ 2882818.97049673134461, 2052241.515729352133349 ], [ 2882823.096649324521422, 2052250.305840781191364 ], [ 2882844.005028397776186, 2052280.818883904255927 ], [ 2882845.925613618921489, 2052287.121127547696233 ], [ 2882853.053438168950379, 2052297.846690795850009 ], [ 2882851.853644182905555, 2052306.573660813737661 ], [ 2882852.009722319431603, 2052307.085718356072903 ], [ 2882851.049213901162148, 2052312.425336057087407 ], [ 2882849.901878549251705, 2052320.77101662219502 ], [ 2882849.245102237444371, 2052322.454215585952625 ], [ 2882848.025105315260589, 2052329.236356984823942 ], [ 2882845.203547854907811, 2052332.812485570786521 ], [ 2882843.678571701981127, 2052336.720901178428903 ], [ 2882836.510567010845989, 2052343.83016925980337 ], [ 2882827.1207465082407, 2052355.731100969016552 ], [ 2882803.022493653465062, 2052370.205475898925215 ], [ 2882735.975023809820414, 2052383.686211943160743 ], [ 2882627.123367231339216, 2052372.019738509319723 ], [ 2882532.429635404609144, 2052377.937247864436358 ], [ 2882483.998530601151288, 2052374.162237288197502 ], [ 2882428.666007317602634, 2052366.604175669141114 ], [ 2882407.745598474983126, 2052360.439644236583263 ], [ 2882404.765736576169729, 2052359.938591495389119 ], [ 2882399.396890239790082, 2052357.979538780404255 ], [ 2882389.03025172278285, 2052354.924802316818386 ], [ 2882379.101402215659618, 2052350.573756535770372 ], [ 2882366.891325059346855, 2052346.118396373 ], [ 2882357.791974811814725, 2052341.235608282964677 ], [ 2882319.974171855486929, 2052324.663060224615037 ], [ 2882282.548804904799908, 2052279.81399078015238 ], [ 2882252.029072895180434, 2052240.996419836534187 ], [ 2882237.779256640933454, 2052228.044319385895506 ], [ 2882217.400344222784042, 2052214.717714002821594 ], [ 2882202.287847929168493, 2052206.272059842944145 ], [ 2882161.817950562573969, 2052214.781347650801763 ], [ 2882153.619238409213722, 2052241.28421920328401 ], [ 2882151.284350241534412, 2052266.00188533985056 ], [ 2882151.059733801987022, 2052293.203667405759916 ], [ 2882149.204821122810245, 2052319.398775455541909 ], [ 2882143.256704670842737, 2052327.483168688369915 ], [ 2882143.208061156794429, 2052336.719566522864625 ], [ 2882108.308723484165967, 2052368.425517516909167 ], [ 2882096.947551988530904, 2052380.461012066574767 ], [ 2882066.300819604191929, 2052410.51502466481179 ], [ 2882031.926253722049296, 2052438.45294345729053 ], [ 2882014.415802018716931, 2052440.726629408309236 ], [ 2882001.341239409521222, 2052448.277582060312852 ], [ 2881937.528600325807929, 2052466.21111554838717 ], [ 2881923.4146768162027, 2052482.599546660669148 ], [ 2881917.052712647244334, 2052509.585141962394118 ], [ 2881910.836305354256183, 2052545.698129083961248 ], [ 2881921.526235721074045, 2052598.765142106218264 ], [ 2881933.459557501599193, 2052620.705372348660603 ], [ 2881937.283107602037489, 2052667.898669183952734 ], [ 2881936.572418755386025, 2052686.932158409617841 ], [ 2881929.513112016953528, 2052705.394979644101113 ], [ 2881925.814468617551029, 2052724.131688110530376 ], [ 2881899.8749876068905, 2052788.54880720586516 ], [ 2881895.038775047287345, 2052804.146800328744575 ], [ 2881889.543585035018623, 2052817.708466604119167 ], [ 2881883.087850457988679, 2052831.530731873353943 ], [ 2881871.354838597588241, 2052853.13415040448308 ], [ 2881862.325124097056687, 2052876.04788383981213 ], [ 2881851.494440391194075, 2052916.6869900978636 ], [ 2881823.492384724318981, 2052938.174999460810795 ], [ 2881812.291735038626939, 2052938.956494115525857 ], [ 2881772.025368933565915, 2052931.173588786507025 ], [ 2881725.568064186256379, 2052900.574016632512212 ], [ 2881693.624347835313529, 2052858.506843589944765 ], [ 2881658.130776937585324, 2052833.470415511634201 ], [ 2881608.43964515812695, 2052798.419335812563077 ], [ 2881565.671317809261382, 2052771.17204272816889 ], [ 2881558.446590959560126, 2052766.751606517937034 ], [ 2881494.386367984116077, 2052730.992128404090181 ], [ 2881468.121891567949206, 2052692.930929277092218 ], [ 2881437.480351733975112, 2052635.503383947303519 ], [ 2881412.241344390437007, 2052595.99496940872632 ], [ 2881388.934032585006207, 2052576.298923172522336 ], [ 2881354.977990673854947, 2052568.626220682635903 ], [ 2881293.967414332553744, 2052557.063807529164478 ], [ 2881241.041277090553194, 2052556.63035366893746 ], [ 2881210.732486757449806, 2052557.987111702561378 ], [ 2881184.768207310698926, 2052562.415657507022843 ], [ 2881146.690508446656168, 2052578.01091405376792 ], [ 2881127.085322267375886, 2052593.581142683746293 ], [ 2881101.280975923873484, 2052629.788468687329441 ], [ 2881084.296446864958853, 2052676.89983230130747 ], [ 2881073.01193207455799, 2052738.989331562304869 ], [ 2881067.395308292470872, 2052765.381854709470645 ], [ 2881068.470838298555464, 2052779.014226507861167 ], [ 2881070.217660261318088, 2052794.880080614471808 ], [ 2881091.311453955247998, 2052819.952413190156221 ], [ 2881112.300981228239834, 2052840.861700549721718 ], [ 2881195.433619717136025, 2052901.397252577822655 ], [ 2881213.782710654661059, 2052928.602715907385573 ], [ 2881222.39594254642725, 2052950.92767446837388 ], [ 2881226.317325965967029, 2052957.560430199839175 ], [ 2881228.385493820533156, 2052967.56372426613234 ], [ 2881239.478248367086053, 2052998.633538538124412 ], [ 2881250.861467460170388, 2053050.742847199318931 ], [ 2881245.669810765422881, 2053093.614020344335586 ], [ 2881236.919824971817434, 2053128.266361205838621 ], [ 2881234.081276267766953, 2053146.446504773106426 ], [ 2881220.118641471490264, 2053170.902109157061204 ], [ 2881218.307211957406253, 2053175.283678060630336 ], [ 2881201.970187794417143, 2053205.131277604028583 ], [ 2881197.408852387219667, 2053209.007291755639017 ], [ 2881173.147366449702531, 2053236.952755773905665 ], [ 2881126.4734374624677, 2053255.98503594729118 ], [ 2881117.335953969974071, 2053257.951489073690027 ], [ 2881106.209197799675167, 2053262.179843445541337 ], [ 2881057.608095308765769, 2053269.827606178121641 ], [ 2881047.14267412899062, 2053270.051627201260999 ], [ 2881045.131061824504286, 2053270.373428049497306 ], [ 2881041.485178192146122, 2053270.17271812655963 ], [ 2880960.516312813386321, 2053271.906167084816843 ], [ 2880918.431425624527037, 2053268.797399779083207 ], [ 2880895.502791658043861, 2053262.737983088940382 ], [ 2880886.393755025230348, 2053261.504622386302799 ], [ 2880878.530598106794059, 2053253.991094889119267 ], [ 2880870.213418481405824, 2053247.971513159805909 ], [ 2880845.421226263977587, 2053225.196328597143292 ], [ 2880837.451604538131505, 2053214.73849077988416 ], [ 2880834.336982022970915, 2053211.762328465702012 ], [ 2880791.823998629115522, 2053166.581363820238039 ], [ 2880739.608721481170505, 2053147.114575605839491 ], [ 2880693.559394999872893, 2053139.358875719830394 ], [ 2880693.559394999872893, 2053190.300354540115222 ], [ 2880725.810216735117137, 2053195.732177793281153 ], [ 2880763.047192191239446, 2053209.614746481878683 ], [ 2880797.804379660636187, 2053246.553120536962524 ], [ 2880797.839816098101437, 2053246.590781208593398 ], [ 2880799.618283530697227, 2053248.381114955293015 ], [ 2880851.675156489480287, 2053298.123360208701342 ], [ 2880852.193866829387844, 2053298.611700215376914 ], [ 2880854.637542210984975, 2053300.731507542543113 ], [ 2880857.217030117288232, 2053302.683338000439107 ], [ 2880859.92164399009198, 2053304.458692797226831 ], [ 2880862.739576833322644, 2053306.050291712861508 ], [ 2880865.658643940463662, 2053307.451024795649573 ], [ 2880868.666670095175505, 2053308.655098944669589 ], [ 2880871.75055961497128, 2053309.657294559990987 ], [ 2880874.897229496389627, 2053310.453099744627252 ], [ 2880878.093031730502844, 2053311.039525600615889 ], [ 2880878.763395494781435, 2053311.13497467036359 ], [ 2880926.364729905501008, 2053317.579923377605155 ], [ 2880928.925686297938228, 2053317.858731735963374 ], [ 2880932.17870363779366, 2053318.019281071377918 ], [ 2880935.439610917121172, 2053317.965291610918939 ], [ 2880937.815761815756559, 2053317.790835902094841 ], [ 2880984.641598919872195, 2053317.250486095901579 ], [ 2881041.405488461256027, 2053320.374912455212325 ], [ 2881043.314594658091664, 2053320.443025945918635 ], [ 2881046.575523886829615, 2053320.38914317637682 ], [ 2881049.830120627768338, 2053320.121083120349795 ], [ 2881051.993660552892834, 2053319.823211469687521 ], [ 2881108.429444758221507, 2053310.794788554543629 ], [ 2881109.500566582661122, 2053310.611484325956553 ], [ 2881111.057591659482569, 2053310.302068287041038 ], [ 2881135.964164714794606, 2053304.942206153413281 ], [ 2881137.607636361382902, 2053304.559521730756387 ], [ 2881140.760663382709026, 2053303.659426066791639 ], [ 2881143.852355802897364, 2053302.55518038989976 ], [ 2881144.404833371285349, 2053302.33365959348157 ], [ 2881191.078745409380645, 2053283.301392635563388 ], [ 2881193.543513715732843, 2053282.219244266627356 ], [ 2881196.473535218276083, 2053280.721724145114422 ], [ 2881199.303600598592311, 2053279.036831926787272 ], [ 2881202.021597692742944, 2053277.171745681436732 ], [ 2881204.616033243946731, 2053275.134342059493065 ], [ 2881207.07578532025218, 2053272.933545737992972 ], [ 2881209.390189027413726, 2053270.578603771049529 ], [ 2881210.410281210206449, 2053269.438097026199102 ], [ 2881237.671458406373858, 2053238.03764961543493 ], [ 2881238.810409212484956, 2053236.679212446557358 ], [ 2881240.805171969346702, 2053234.046919488348067 ], [ 2881242.626974791754037, 2053231.292798595968634 ], [ 2881243.618385984562337, 2053229.613766069058329 ], [ 2881250.732732307165861, 2053217.026235232828185 ], [ 2881277.180851328186691, 2053170.702464575879276 ], [ 2881277.940903436392546, 2053169.322629791917279 ], [ 2881279.394014245830476, 2053166.360145998653024 ], [ 2881280.653231379110366, 2053163.312513056909665 ], [ 2881281.7128507331945, 2053160.192739334888756 ], [ 2881282.568691716063768, 2053157.013859725324437 ], [ 2881283.21673240698874, 2053153.789894486078992 ], [ 2881283.307282363530248, 2053153.230747365858406 ], [ 2881293.839089503046125, 2053085.776460311142728 ], [ 2881294.186304424889386, 2053083.080093858530745 ], [ 2881294.411701379343867, 2053079.80710461968556 ], [ 2881294.423951487056911, 2053076.530676949303597 ], [ 2881294.420121598988771, 2053076.401851700851694 ], [ 2881293.198630344122648, 2053037.556027507176623 ], [ 2881293.001377893611789, 2053034.418917179806158 ], [ 2881292.587804764509201, 2053031.177519118180498 ], [ 2881292.190347299911082, 2053029.014911474660039 ], [ 2881275.116060159634799, 2052946.428964521270245 ], [ 2881274.889381094835699, 2052945.388560918392614 ], [ 2881274.057214854285121, 2052942.23777675605379 ], [ 2881273.020583171397448, 2052939.152565344935283 ], [ 2881271.783938690088689, 2052936.146112002898008 ], [ 2881270.352619613520801, 2052933.231440604198724 ], [ 2881269.293086051009595, 2052931.34502099105157 ], [ 2881245.07937391474843, 2052890.389561542309821 ], [ 2881244.519042914733291, 2052889.46536343335174 ], [ 2881242.717564970254898, 2052886.771026199683547 ], [ 2881240.742111927829683, 2052884.204558595782146 ], [ 2881238.601196071133018, 2052881.776681562419981 ], [ 2881236.70069231139496, 2052879.870031069498509 ], [ 2881196.593286478891969, 2052841.812067674938589 ], [ 2881196.196809705812484, 2052841.439991684630513 ], [ 2881193.753150781616569, 2052839.320269298506901 ], [ 2881191.173463704064488, 2052837.368459935765713 ], [ 2881141.096842305734754, 2052802.045798130100593 ], [ 2881118.483365323394537, 2052778.316190203651786 ], [ 2881116.745327261276543, 2052756.28649878478609 ], [ 2881127.76717106346041, 2052694.665919397957623 ], [ 2881142.243730640038848, 2052642.331230723531917 ], [ 2881163.40124185802415, 2052623.218837300082669 ], [ 2881196.581485405098647, 2052608.701204588869587 ], [ 2881240.941620631609112, 2052606.715456765145063 ], [ 2881288.121941614430398, 2052607.101861387491226 ], [ 2881343.949977418407798, 2052617.682113012531772 ], [ 2881365.466190547682345, 2052622.543980472721159 ], [ 2881374.110321704298258, 2052629.848660302814096 ], [ 2881394.357219342142344, 2052661.542416012147442 ], [ 2881424.097460240125656, 2052717.281064592301846 ], [ 2881425.705977939069271, 2052720.070322594372556 ], [ 2881426.985679200850427, 2052722.023308791453019 ], [ 2881453.250262710265815, 2052760.084472089773044 ], [ 2881453.77201968152076, 2052760.82572991005145 ], [ 2881455.747388991527259, 2052763.392321592895314 ], [ 2881457.888289291411638, 2052765.820108851417899 ], [ 2881460.185484583489597, 2052768.09890835499391 ], [ 2881462.629050108604133, 2052770.218662338098511 ], [ 2881465.208629393018782, 2052772.170405999757349 ], [ 2881467.913272394798696, 2052773.945891310460865 ], [ 2881469.520273896399885, 2052774.883968958165497 ], [ 2881525.965920863673091, 2052806.392842736793682 ], [ 2881541.724552983883768, 2052802.72129528503865 ], [ 2881566.079781907144934, 2052804.985963654238731 ], [ 2881602.98817550484091, 2052822.841048555914313 ], [ 2881634.546085527166724, 2052845.58246404142119 ], [ 2881664.285637851804495, 2052870.890132196480408 ], [ 2881699.270467120222747, 2052894.124438108177856 ], [ 2881743.451334021985531, 2052936.354620294878259 ], [ 2881782.964758597314358, 2052956.528533926233649 ], [ 2881829.245105849578977, 2052959.824958865530789 ], [ 2881846.239917064551264, 2052954.49197132117115 ], [ 2881885.73761136084795, 2052926.060853886185214 ], [ 2881905.999216007534415, 2052904.765612035756931 ], [ 2881912.16467066667974, 2052881.631442554993555 ], [ 2881926.719853306189179, 2052854.831596188480034 ], [ 2881926.947701194789261, 2052854.407376879127696 ], [ 2881928.122465153224766, 2052852.051491336198524 ], [ 2881934.578203391283751, 2052838.229231257922947 ], [ 2881934.856717118993402, 2052837.622741074766964 ], [ 2881935.64358200179413, 2052835.784656587988138 ], [ 2881941.138776044361293, 2052822.222994888434187 ], [ 2881941.61108226235956, 2052821.013489658012986 ], [ 2881942.589641179889441, 2052818.15803568973206 ], [ 2881956.181925993412733, 2052774.319460304221138 ], [ 2881983.043880461249501, 2052704.064956941641867 ], [ 2881983.144760874565691, 2052703.798882442992181 ], [ 2881984.204425014089793, 2052700.679035985609517 ], [ 2881985.060340181924403, 2052697.500277607701719 ], [ 2881985.708534995559603, 2052694.276313939131796 ], [ 2881986.146250556223094, 2052691.020833421964198 ], [ 2881986.369811396114528, 2052687.800332433311269 ], [ 2881987.080492377281189, 2052668.766745787579566 ], [ 2881987.082488123327494, 2052668.714349734596908 ], [ 2881987.094683237373829, 2052665.437948593869805 ], [ 2881986.951899298466742, 2052662.835788527969271 ], [ 2881983.128385184332728, 2052615.642588277813047 ], [ 2881983.070125235244632, 2052614.978817456401885 ], [ 2881982.656687477603555, 2052611.737403409089893 ], [ 2881982.032386109232903, 2052608.534426025580615 ], [ 2881981.200229464098811, 2052605.383536763954908 ], [ 2881980.16361946798861, 2052602.298315359978005 ], [ 2881978.927107068710029, 2052599.291929237777367 ], [ 2881977.495786001440138, 2052596.377142600947991 ], [ 2881977.298551916144788, 2052596.010833914391696 ], [ 2881958.354509041644633, 2052561.180750402389094 ], [ 2881963.068123569712043, 2052528.8814117370639 ], [ 2881966.144507412333041, 2052509.893435996025801 ], [ 2882013.859643501695246, 2052496.48386345943436 ], [ 2882015.627608260139823, 2052495.951947992434725 ], [ 2882018.719390730839223, 2052494.84776958823204 ], [ 2882021.736840606667101, 2052493.544245026772842 ], [ 2882024.666855109389871, 2052492.046805486548692 ], [ 2882025.511981961783022, 2052491.569405602524057 ], [ 2882066.963211744558066, 2052467.63005302590318 ], [ 2882068.948328852653503, 2052466.422507904702798 ], [ 2882071.666523103602231, 2052464.557466917438433 ], [ 2882074.088648821227252, 2052462.664034273475409 ], [ 2882120.70719603355974, 2052423.919893737183884 ], [ 2882120.879622004460543, 2052423.776083076139912 ], [ 2882122.417784462682903, 2052422.433362747309729 ], [ 2882176.214720852673054, 2052373.559027420822531 ], [ 2882177.13640271872282, 2052372.700917096110061 ], [ 2882179.450902801007032, 2052370.34594069304876 ], [ 2882181.610284501686692, 2052367.847218428971246 ], [ 2882183.605155191384256, 2052365.214982207398862 ], [ 2882185.426966467406601, 2052362.460932893678546 ], [ 2882187.068122162483633, 2052359.596394923748448 ], [ 2882188.521362476050854, 2052356.634152817772701 ], [ 2882189.780659174546599, 2052353.586462336825207 ], [ 2882190.840355335734785, 2052350.466627268353477 ], [ 2882191.696301717311144, 2052347.287879433948547 ], [ 2882192.344510930590332, 2052344.06382685364224 ], [ 2882192.78227154770866, 2052340.808453557314351 ], [ 2882193.007856104988605, 2052337.53556420118548 ], [ 2882193.040297549217939, 2052335.973151077516377 ], [ 2882193.326527314260602, 2052281.586407914990559 ], [ 2882198.17317802971229, 2052262.439124118071049 ], [ 2882211.726441539824009, 2052271.302161337574944 ], [ 2882243.207923807669431, 2052311.342886577360332 ], [ 2882243.908695825375617, 2052312.213399111060426 ], [ 2882244.097972416318953, 2052312.441594981355593 ], [ 2882281.52323193103075, 2052357.290559706510976 ], [ 2882283.474889541044831, 2052359.490381829673424 ], [ 2882285.772060241550207, 2052361.769021451007575 ], [ 2882288.215751936193556, 2052363.888896376360208 ], [ 2882290.795249450951815, 2052365.840701308567077 ], [ 2882293.499929595738649, 2052367.616331297205761 ], [ 2882296.317775754258037, 2052369.207833958556876 ], [ 2882299.237107683904469, 2052370.608716996619478 ], [ 2882299.284527260810137, 2052370.629588985117152 ], [ 2882368.340572099201381, 2052400.891206916421652 ], [ 2882371.301242038141936, 2052402.074505120515823 ], [ 2882374.123431496787816, 2052403.000367171363905 ], [ 2882413.759075001813471, 2052414.679747481131926 ], [ 2882414.020732653327286, 2052414.756100545404479 ], [ 2882417.167499830015004, 2052415.552110266173258 ], [ 2882420.363375331740826, 2052416.138546484755352 ], [ 2882420.977847537491471, 2052416.226459693629295 ], [ 2882476.310431229416281, 2052423.784396138042212 ], [ 2882478.927474377211183, 2052424.070834269979969 ], [ 2882479.149430852383375, 2052424.088699259795249 ], [ 2882527.580401385203004, 2052427.863623925019056 ], [ 2882530.611666731070727, 2052428.006407485809177 ], [ 2882533.872604293283075, 2052427.952653371961787 ], [ 2882534.521367769688368, 2052427.916358486749232 ], [ 2882625.018397450447083, 2052422.261180209228769 ], [ 2882729.703018499538302, 2052433.480962491827086 ], [ 2882730.903770395554602, 2052433.594893653877079 ], [ 2882734.156971363350749, 2052433.755360266659409 ], [ 2882737.417919993400574, 2052433.701621090527624 ], [ 2882740.672739144414663, 2052433.433669726829976 ], [ 2882743.907348455861211, 2052432.952753924299031 ], [ 2882744.800470482558012, 2052432.781553924549371 ], [ 2882811.848010667599738, 2052419.300808192929253 ], [ 2882814.155633131973445, 2052418.780113742453977 ], [ 2882817.308570098131895, 2052417.879982122220099 ], [ 2882820.400519190356135, 2052416.775941100437194 ], [ 2882823.418006097432226, 2052415.472373588941991 ], [ 2882826.348089672625065, 2052413.975086739519611 ], [ 2882827.949520256835967, 2052413.052234044065699 ], [ 2882852.047667924314737, 2052398.577886848710477 ], [ 2882853.276548746041954, 2052397.815944273257628 ], [ 2882855.994680291041732, 2052395.950872115325183 ], [ 2882858.589381211437285, 2052393.913658044300973 ], [ 2882861.049186129588634, 2052391.712984442245215 ], [ 2882863.363740569911897, 2052389.35814266349189 ], [ 2882865.523128025233746, 2052386.859257055679336 ], [ 2882865.928634242620319, 2052386.35195281310007 ], [ 2882886.832896504551172, 2052359.857240726938471 ], [ 2882888.422397993505001, 2052357.732323143864051 ], [ 2882890.244247106835246, 2052354.97830372932367 ], [ 2882891.885356604587287, 2052352.113909291569144 ], [ 2882893.338714128360152, 2052349.151574832387269 ], [ 2882894.597945304587483, 2052346.103923363378271 ], [ 2882895.65786918438971, 2052342.984070349717513 ], [ 2882896.513761880807579, 2052339.805453705368564 ], [ 2882897.058422448113561, 2052337.177409136202186 ], [ 2882901.043048076797277, 2052315.026774415513501 ], [ 2882901.146607791539282, 2052314.430679390672594 ], [ 2882901.584492672700435, 2052311.175296713365242 ], [ 2882901.810002231970429, 2052307.902430461253971 ], [ 2882901.822342082858086, 2052304.626019486924633 ], [ 2882901.621324086096138, 2052301.359993540914729 ], [ 2882901.207839279435575, 2052298.118694284697995 ], [ 2882900.583765892311931, 2052294.915674872230738 ], [ 2882899.751636009663343, 2052291.764775021467358 ], [ 2882899.684951841831207, 2052291.544356798753142 ], [ 2882891.680169802159071, 2052265.277534445747733 ], [ 2882890.710283176973462, 2052262.412815384566784 ], [ 2882889.473757788538933, 2052259.406213505426422 ], [ 2882888.042466556187719, 2052256.491502481745556 ], [ 2882886.422636325471103, 2052253.680935803800821 ], [ 2882885.233129487372935, 2052251.859051792416722 ], [ 2882862.202500539831817, 2052218.248881143052131 ], [ 2882862.139919061679393, 2052218.157744553871453 ], [ 2882825.345879049040377, 2052164.722311348188668 ], [ 2882798.680942411534488, 2052119.388849227223545 ], [ 2882772.550704704597592, 2052053.56287859287113 ], [ 2882772.307914294768125, 2052052.9626640973147 ], [ 2882751.976069847121835, 2052003.648345818044618 ], [ 2882744.750855498947203, 2051952.079838114557788 ], [ 2882742.847859884146601, 2051905.926740467082709 ], [ 2882749.222481805831194, 2051850.629904526518658 ], [ 2882749.296078503131866, 2051849.950220009312034 ], [ 2882749.313773503527045, 2051849.773251295788214 ], [ 2882755.983005912508816, 2051781.763813861412928 ], [ 2882756.190947005525231, 2051778.667906974442303 ], [ 2882756.203216467984021, 2051775.39152324362658 ], [ 2882756.05225227214396, 2051772.689144701696932 ], [ 2882750.692247899249196, 2051708.132510258117691 ], [ 2882750.642336508259177, 2051707.568953600246459 ], [ 2882750.228866279125214, 2051704.327567496336997 ], [ 2882749.604838341940194, 2051701.124658856075257 ], [ 2882748.772524400614202, 2051697.973709053359926 ], [ 2882747.736062516458333, 2051694.888467869954184 ], [ 2882746.499495573341846, 2051691.882093880558386 ], [ 2882745.068196447566152, 2051688.967198974918574 ], [ 2882743.448388663120568, 2051686.156645707553253 ], [ 2882741.646857633255422, 2051683.46238283556886 ], [ 2882739.671490234788507, 2051680.89565120334737 ], [ 2882737.530598677694798, 2051678.467817021999508 ], [ 2882735.233418914489448, 2051676.189063840778545 ], [ 2882732.789729716256261, 2051674.069172028684989 ], [ 2882730.210131981410086, 2051672.1173663912341 ], [ 2882727.505559974350035, 2051670.341796724591404 ], [ 2882724.687573296949267, 2051668.750093126669526 ], [ 2882721.76834102999419, 2051667.349267497193068 ], [ 2882718.760235485620797, 2051666.145077563589439 ], [ 2882715.676270181313157, 2051665.142859915969893 ], [ 2882713.631688009016216, 2051664.600435385946184 ], [ 2882713.526391639374197, 2051664.574897605925798 ], [ 2882710.257746685296297, 2051661.875701906392351 ], [ 2882709.915847414173186, 2051661.5960065680556 ], [ 2882707.336120366118848, 2051659.644023227272555 ], [ 2882704.631663460284472, 2051657.868535637157038 ], [ 2882703.072065300773829, 2051656.956970516592264 ], [ 2882685.343609376810491, 2051647.034170866478235 ], [ 2882684.085237883962691, 2051646.354132980341092 ], [ 2882681.165991323068738, 2051644.953211604384705 ], [ 2882678.157903240062296, 2051643.749123053392395 ], [ 2882675.073825291357934, 2051642.746827699709684 ], [ 2882671.927234476432204, 2051641.95076623535715 ], [ 2882670.292673646472394, 2051641.623591258656234 ], [ 2882665.601962505839765, 2051640.767054033465683 ], [ 2882665.060810077935457, 2051640.507345442194492 ], [ 2882662.052821037359536, 2051639.303240062436089 ], [ 2882658.968743763398379, 2051638.300945842638612 ], [ 2882655.8219727082178, 2051637.505019919713959 ], [ 2882652.626057974994183, 2051636.918469697004184 ], [ 2882649.394616336561739, 2051636.544087537797168 ], [ 2882646.141385259572417, 2051636.38352813036181 ], [ 2882643.776766871102154, 2051636.401193491183221 ], [ 2882607.534681036137044, 2051637.535590582061559 ], [ 2882534.690397280268371, 2051635.925244001904503 ], [ 2882516.130597443319857, 2051632.119333643000573 ], [ 2882515.325595771428198, 2051631.487812174484134 ], [ 2882508.166256505064666, 2051612.363406127085909 ], [ 2882507.193211623467505, 2051569.490956080611795 ], [ 2882512.084817153401673, 2051524.090995346428826 ], [ 2882518.300445974804461, 2051475.523788861464709 ], [ 2882526.677633090876043, 2051443.227767964126542 ], [ 2882534.629112222231925, 2051430.083861991530284 ], [ 2882549.647576915565878, 2051431.738204785855487 ], [ 2882600.673321429174393, 2051438.510746789397672 ], [ 2882665.98517772462219, 2051453.95947794127278 ], [ 2882666.828451137058437, 2051454.151139246765524 ], [ 2882670.024436021223664, 2051454.737475160509348 ], [ 2882673.255882249213755, 2051455.111858710646629 ], [ 2882676.509036501403898, 2051455.272536674747244 ], [ 2882679.770205692388117, 2051455.218759124167264 ], [ 2882683.024938051588833, 2051454.950725803850219 ], [ 2882683.31357616558671, 2051454.916578367352486 ], [ 2882745.342742748558521, 2051447.391790884081274 ], [ 2882751.48961079493165, 2051446.253017526352778 ], [ 2882753.936557161621749, 2051445.573965761810541 ], [ 2882807.920790047384799, 2051429.118336818180978 ], [ 2882808.626948950812221, 2051428.897438735701144 ], [ 2882810.702306066639721, 2051428.181443401845172 ], [ 2882840.992857293225825, 2051416.98947853082791 ], [ 2882842.009297686628997, 2051416.60147623019293 ], [ 2882845.026736048050225, 2051415.297936695860699 ], [ 2882847.956970731262118, 2051413.800642955116928 ], [ 2882850.787222220562398, 2051412.115778309293091 ], [ 2882853.50552347721532, 2051410.250797959277406 ], [ 2882856.100167716387659, 2051408.21351538063027 ], [ 2882858.560032095294446, 2051406.012854706728831 ], [ 2882860.874647628050297, 2051403.658026640303433 ], [ 2882863.034097544848919, 2051401.159155466360971 ], [ 2882864.305539888795465, 2051399.52267790492624 ], [ 2882880.605460159946233, 2051377.648052946431562 ], [ 2882881.329020972363651, 2051376.652538085589185 ], [ 2882883.150902197696269, 2051373.898337019374594 ], [ 2882884.792091960087419, 2051371.034057088661939 ], [ 2882886.245498306117952, 2051368.071640544570982 ], [ 2882887.504810035694391, 2051365.024104458745569 ], [ 2882888.564798338804394, 2051361.904268637765199 ], [ 2882889.384189542382956, 2051358.879807090153918 ], [ 2882903.841879634186625, 2051298.188890007091686 ], [ 2882910.238850555382669, 2051285.101107468828559 ], [ 2882915.886305133812129, 2051284.071842983365059 ], [ 2882945.649357420392334, 2051283.868764741579071 ], [ 2883029.951453510671854, 2051295.705253144260496 ], [ 2883032.750236459076405, 2051296.016827348386869 ], [ 2883033.764766439329833, 2051296.090058626141399 ], [ 2883095.183850297704339, 2051299.885022613452747 ], [ 2883110.776056099683046, 2051301.873685153666884 ], [ 2883121.866393573582172, 2051301.964997630566359 ], [ 2883128.938421444501728, 2051302.023278751177713 ], [ 2883138.350767623633146, 2051311.630288208834827 ], [ 2883138.682518683373928, 2051311.923702744534239 ], [ 2883138.717284963000566, 2051312.004390171961859 ], [ 2883143.249529684893787, 2051316.630352118751034 ], [ 2883143.380779465660453, 2051316.764251051237807 ], [ 2883145.965992113109678, 2051324.489539595320821 ], [ 2883149.76010597217828, 2051337.926003257744014 ], [ 2883151.606452877633274, 2051347.971781007014215 ], [ 2883151.924793200567365, 2051356.135153075680137 ], [ 2883150.379814742598683, 2051374.97200077585876 ], [ 2883148.21993962302804, 2051394.785369048360735 ], [ 2883147.626918512396514, 2051405.082299962406978 ], [ 2883147.520239268429577, 2051421.844850782072172 ], [ 2883143.377834747545421, 2051427.477270803181455 ], [ 2883137.535732829943299, 2051436.344179566716775 ], [ 2883129.962919420562685, 2051452.206532065290958 ], [ 2883125.008083015214652, 2051470.248320303158835 ], [ 2883120.982346081640571, 2051492.87026708945632 ], [ 2883119.608623611740768, 2051516.806571146473289 ], [ 2883121.117566924542189, 2051541.116155239986256 ], [ 2883124.732734132558107, 2051562.231267395196483 ], [ 2883130.202349931001663, 2051581.424846080364659 ], [ 2883134.544378662016243, 2051593.580372543539852 ], [ 2883143.379712200257927, 2051613.980959814973176 ], [ 2883147.448451299685985, 2051622.279053935082629 ], [ 2883159.87446371326223, 2051644.858699201839045 ], [ 2883163.093855991028249, 2051650.28563702153042 ], [ 2883174.395543215796351, 2051668.00547552946955 ], [ 2883179.522509333211929, 2051675.28672976559028 ], [ 2883185.423780124634504, 2051685.248549550306052 ], [ 2883191.771043656393886, 2051700.056176907382905 ], [ 2883200.903776800259948, 2051717.295295415446162 ], [ 2883207.642128173261881, 2051728.213662900263444 ], [ 2883224.406078333035111, 2051751.754605354275554 ], [ 2883230.549267900176346, 2051759.5127782758791 ], [ 2883244.947487035766244, 2051775.847677489276975 ], [ 2883257.788136230781674, 2051789.664235993521288 ], [ 2883269.236834610812366, 2051806.442966496804729 ], [ 2883288.534347248263657, 2051827.335565343499184 ], [ 2883292.932336613535881, 2051830.876422440866008 ], [ 2883299.151004280429333, 2051838.640327980974689 ], [ 2883312.051911326125264, 2051854.770722226239741 ], [ 2883327.466596577316523, 2051872.479846361558884 ], [ 2883330.889674690552056, 2051876.211160129634663 ], [ 2883347.972684058826417, 2051893.883308002026752 ], [ 2883371.35028445487842, 2051918.733300804393366 ], [ 2883379.368451310321689, 2051928.526326200226322 ], [ 2883366.647530185990036, 2051946.668578854529187 ], [ 2883354.48234451841563, 2051969.798331095138565 ], [ 2883346.866155163384974, 2051990.241640884196386 ], [ 2883342.233612249605358, 2052006.834901163587347 ], [ 2883340.465375058352947, 2052024.234139086445794 ], [ 2883340.732798481360078, 2052033.17352104303427 ], [ 2883342.691700172610581, 2052059.426902652485296 ], [ 2883350.897456922568381, 2052092.211717125726864 ], [ 2883359.508068344090134, 2052111.640331388451159 ], [ 2883367.343141307123005, 2052125.95993670495227 ], [ 2883378.420193427708, 2052142.707881778944284 ], [ 2883384.486451014410704, 2052150.910269691143185 ], [ 2883396.589476959779859, 2052163.18667790805921 ], [ 2883411.578173867426813, 2052173.639341135276482 ], [ 2883431.700371471233666, 2052185.014807630795985 ], [ 2883454.373013199772686, 2052194.286126853432506 ], [ 2883474.117876090109348, 2052199.584025139221922 ], [ 2883499.880769521929324, 2052202.938390146940947 ], [ 2883524.558091869112104, 2052202.874846453312784 ], [ 2883544.717842981219292, 2052200.759862362639979 ], [ 2883568.2708157915622, 2052195.836506327614188 ], [ 2883581.437857906334102, 2052192.13504638383165 ], [ 2883601.400087260641158, 2052185.032831628341228 ], [ 2883613.256421240512282, 2052179.943766522919759 ], [ 2883633.516020899638534, 2052169.680071155540645 ], [ 2883643.371367345098406, 2052163.975281258346513 ], [ 2883661.983032829593867, 2052151.765014002332464 ], [ 2883685.361246067099273, 2052136.129562849411741 ], [ 2883706.665397505741566, 2052121.486741381697357 ], [ 2883711.869453863240778, 2052117.663037335732952 ], [ 2883730.982291835360229, 2052102.642842528177425 ], [ 2883749.145596710033715, 2052087.764965138863772 ], [ 2883753.116741131059825, 2052084.3391833815258 ], [ 2883769.723074407316744, 2052069.258103442145512 ], [ 2883784.189774379134178, 2052058.541647189296782 ], [ 2883803.243706409819424, 2052046.137982539366931 ], [ 2883819.283092056401074, 2052036.667097002035007 ], [ 2883830.403565705753863, 2052047.421141011174768 ], [ 2883843.468928242102265, 2052061.817682813620195 ], [ 2883848.553712326101959, 2052067.014700571773574 ], [ 2883865.687457665801048, 2052083.260703336680308 ], [ 2883884.667957248166203, 2052097.293890528380871 ], [ 2883902.096589844673872, 2052107.146812825230882 ], [ 2883915.479205494746566, 2052115.883072037482634 ], [ 2883933.180410423316061, 2052128.862814217340201 ], [ 2883943.153229255229235, 2052135.275934729725122 ], [ 2883960.881518811453134, 2052145.198931116610765 ], [ 2883978.954990157857537, 2052153.026851346250623 ], [ 2884004.554925046861172, 2052161.746177462628111 ], [ 2884013.409135310910642, 2052167.119363725418225 ], [ 2884025.57103909086436, 2052176.801787573611364 ], [ 2884043.980160991661251, 2052192.004256894579157 ], [ 2884066.785380185116082, 2052206.038487298646942 ], [ 2884081.670348297804594, 2052212.564804051304236 ], [ 2884087.897853244096041, 2052215.043213141616434 ], [ 2884105.380504033528268, 2052219.608246383722872 ], [ 2884119.033996479585767, 2052230.328211644431576 ], [ 2884123.475312346592546, 2052233.815222749020904 ], [ 2884130.164033985696733, 2052235.119358914671466 ], [ 2884113.044296581298113, 2052248.917498771101236 ], [ 2884098.583046957850456, 2052260.019697977695614 ], [ 2884082.371689239516854, 2052274.929591687396169 ], [ 2884064.156641962006688, 2052291.036521908594295 ], [ 2884049.859007643535733, 2052304.021127597661689 ], [ 2884037.241211055777967, 2052312.234926877077669 ], [ 2884023.760754736606032, 2052319.427657788619399 ], [ 2884000.087855895515531, 2052329.140669769374654 ], [ 2883973.470186972059309, 2052340.865267871180549 ], [ 2883949.359047123230994, 2052352.712268966017291 ], [ 2883931.079729815945029, 2052360.837345636915416 ], [ 2883909.05676643550396, 2052369.846478924853727 ], [ 2883890.189588242676109, 2052376.242067557061091 ], [ 2883866.45959061384201, 2052383.177251853747293 ], [ 2883836.782062728889287, 2052391.698044641409069 ], [ 2883829.658930356614292, 2052394.032594215357676 ], [ 2883813.807220249436796, 2052401.497172799427062 ], [ 2883803.467278713360429, 2052408.373685310361907 ], [ 2883791.20871395803988, 2052417.644300348591059 ], [ 2883771.440489614848047, 2052437.340248763328418 ], [ 2883755.990388373844326, 2052457.792000887449831 ], [ 2883741.345754463225603, 2052478.98243603319861 ], [ 2883731.982085370924324, 2052495.654979567974806 ], [ 2883721.505700004287064, 2052519.203690694645047 ], [ 2883711.56482951156795, 2052540.568771841470152 ], [ 2883703.692613267339766, 2052565.263422810705379 ], [ 2883707.08658710680902, 2052572.212788712466136 ], [ 2883709.434648476541042, 2052577.020546703832224 ], [ 2883704.384361182339489, 2052586.421611950267106 ], [ 2883702.926451964303851, 2052591.460755918873474 ], [ 2883701.138847298920155, 2052597.639774870593101 ], [ 2883698.951362588442862, 2052603.543874041410163 ], [ 2883698.700943855568767, 2052620.93434223649092 ], [ 2883698.897075677290559, 2052626.603363293455914 ], [ 2883699.460639075376093, 2052642.898168499814346 ], [ 2883701.053733054082841, 2052656.971947364974767 ], [ 2883706.138843040447682, 2052683.813448565546423 ], [ 2883711.986275198869407, 2052709.084287752164528 ], [ 2883714.2977001122199, 2052717.403744517359883 ], [ 2883721.414475008845329, 2052739.267485324759036 ], [ 2883729.278066478203982, 2052757.154290169477463 ], [ 2883741.479720174334943, 2052778.761822134256363 ], [ 2883758.305735242553055, 2052800.614136486081406 ], [ 2883770.709215546958148, 2052812.692636609310284 ], [ 2883781.228602931834757, 2052822.426162594463676 ], [ 2883787.494981784373522, 2052828.224259256385267 ], [ 2883790.163747804239392, 2052835.924003260675818 ], [ 2883802.682091342285275, 2052850.862927899230272 ], [ 2883812.425127898342907, 2052862.125162938376889 ], [ 2883820.940635095350444, 2052871.96858717338182 ], [ 2883827.109991097822785, 2052873.820494805462658 ], [ 2883842.860653456300497, 2052894.107539715478197 ], [ 2883856.605071850121021, 2052908.132333613932133 ], [ 2883868.776785982772708, 2052922.058816803852096 ], [ 2883875.179551113396883, 2052928.716522039379925 ], [ 2883892.38723255507648, 2052944.981208361685276 ], [ 2883895.514731223229319, 2052948.849833437474445 ], [ 2883901.253064072690904, 2052964.684561767848209 ], [ 2883907.73698178306222, 2052985.085187262389809 ], [ 2883912.351703797467053, 2053001.425412714714184 ], [ 2883915.980649620294571, 2053017.107897546840832 ], [ 2883917.091332025825977, 2053028.472573910374194 ], [ 2883916.92521357582882, 2053048.940663046436384 ], [ 2883917.200192345306277, 2053057.22859325655736 ], [ 2883918.858031046111137, 2053079.437173934420571 ], [ 2883918.782359014265239, 2053091.409559393068776 ], [ 2883916.791362997144461, 2053108.29876593966037 ], [ 2883913.943132342770696, 2053122.527957683429122 ], [ 2883908.525683069601655, 2053139.453406413784251 ], [ 2883906.8335369406268, 2053145.343021212844178 ], [ 2883901.044648514129221, 2053168.036793804261833 ], [ 2883895.412716687191278, 2053183.626894034445286 ], [ 2883890.687336746603251, 2053193.010871570324525 ], [ 2883880.027786261402071, 2053207.643106712726876 ], [ 2883877.028051863890141, 2053211.99096164596267 ], [ 2883864.289675743319094, 2053231.50511742499657 ], [ 2883852.120711490046233, 2053248.86140354978852 ], [ 2883848.664150098338723, 2053254.126856019254774 ], [ 2883835.686173752415925, 2053275.315649917116389 ], [ 2883828.113815335091203, 2053291.177947161719203 ], [ 2883822.617395775392652, 2053312.593931579962373 ], [ 2883819.862061349675059, 2053331.808642058633268 ], [ 2883819.822136263363063, 2053360.166673188796267 ], [ 2883823.051350250840187, 2053383.013058043085039 ], [ 2883829.647966767661273, 2053407.146031537326053 ], [ 2883831.969643080607057, 2053412.732529302826151 ], [ 2883837.019882445689291, 2053423.113673725165427 ], [ 2883846.774882496334612, 2053437.359105184907094 ], [ 2883852.352540945168585, 2053443.562888865824789 ], [ 2883860.433719269, 2053451.808708917815238 ], [ 2883885.105362864211202, 2053470.042918741935864 ], [ 2883900.697497308719903, 2053479.189939883770421 ], [ 2883914.781201492995024, 2053489.124674533028156 ], [ 2883930.417261448223144, 2053496.415790570434183 ], [ 2883942.547774218954146, 2053499.940024405485019 ], [ 2883956.994712920393795, 2053503.071139449020848 ], [ 2883979.758420239202678, 2053507.227839914616197 ], [ 2884001.55349126458168, 2053511.614522874122486 ], [ 2884009.508160171099007, 2053512.928831022465602 ], [ 2884010.521203466691077, 2053526.901612593559548 ], [ 2884012.835835974663496, 2053537.53138366015628 ], [ 2884019.205943890847266, 2053560.612803727621213 ], [ 2884031.060864104889333, 2053587.290719568962231 ], [ 2884042.363160922192037, 2053605.010422359220684 ], [ 2884052.337182031478733, 2053618.067639995599166 ], [ 2884067.527448827400804, 2053634.804682919988409 ], [ 2884075.41003071051091, 2053642.552321858005598 ], [ 2884091.706077485345304, 2053656.828765451908112 ], [ 2884100.901896680705249, 2053664.711367059033364 ], [ 2884109.521076605655253, 2053675.832768572727218 ], [ 2884114.367771266028285, 2053681.6088029704988 ], [ 2884129.558057104237378, 2053698.345872001722455 ], [ 2884138.139471509493887, 2053706.700211698189378 ], [ 2884150.451383625622839, 2053717.285829999251291 ], [ 2884154.633821226656437, 2053732.333036338211969 ], [ 2884157.719808199908584, 2053741.623795305145904 ], [ 2884168.296892365440726, 2053759.660304839489982 ], [ 2884170.218227920122445, 2053765.413000878877938 ], [ 2884173.667270028963685, 2053775.740024798316881 ], [ 2884177.320268732961267, 2053781.283053423278034 ], [ 2884176.816807316616178, 2053781.459389606723562 ], [ 2884171.563945727422833, 2053783.299645493505523 ], [ 2884170.65210500638932, 2053783.638946983031929 ], [ 2884169.143353498075157, 2053784.290690449532121 ], [ 2884168.825536010786891, 2053784.443035518517718 ], [ 2884152.2826455719769, 2053792.514836200512946 ], [ 2884122.630027932114899, 2053797.199714630143717 ], [ 2884119.956960630603135, 2053797.619784981245175 ], [ 2884119.355453999713063, 2053797.7218921657186 ], [ 2884118.07567467354238, 2053797.989693968323991 ], [ 2884088.44227619888261, 2053805.001709836302325 ], [ 2884056.323088204488158, 2053810.253479064442217 ], [ 2884056.135958681814373, 2053810.292144346050918 ], [ 2884055.874214788433164, 2053810.331018267199397 ], [ 2884054.273782860022038, 2053810.676932519068941 ], [ 2884052.697298583574593, 2053811.126909367972985 ], [ 2884051.334695702884346, 2053811.607489813119173 ], [ 2884021.831991132348776, 2053822.969826502259821 ], [ 2884021.648621727712452, 2053823.041277998359874 ], [ 2884020.139875726774335, 2053823.693026730092242 ], [ 2884018.880807618610561, 2053824.329095765249804 ], [ 2884000.54565617069602, 2053834.238550452748314 ], [ 2884000.339723453857005, 2053834.351033674785867 ], [ 2883998.924578731879592, 2053835.193450715392828 ], [ 2883997.565568, 2053836.125950667308643 ], [ 2883996.268233455717564, 2053837.144582129316404 ], [ 2883995.038250628858805, 2053838.244963710429147 ], [ 2883994.255204949062318, 2053839.024933715118095 ], [ 2883979.006736900657415, 2053854.879731128923595 ], [ 2883978.632649571634829, 2053855.277036825427786 ], [ 2883977.553061437327415, 2053856.526395576540381 ], [ 2883976.555518685374409, 2053857.842452494893223 ], [ 2883975.644589115865529, 2053859.219608044950292 ], [ 2883974.824154935311526, 2053860.651779070030898 ], [ 2883974.097476223949343, 2053862.132792915450409 ], [ 2883973.467844792641699, 2053863.656674002995715 ], [ 2883973.102263479027897, 2053864.696193826152012 ], [ 2883968.281870590057224, 2053879.409632428316399 ], [ 2883968.117524966131896, 2053879.930088246008381 ], [ 2883967.689648668281734, 2053881.51934102550149 ], [ 2883967.365511508658528, 2053883.131375915370882 ], [ 2883967.146707181818783, 2053884.759106800192967 ], [ 2883967.033927924931049, 2053886.395510414149612 ], [ 2883967.025295692496002, 2053886.675909404177219 ], [ 2883966.57290178630501, 2053904.660415425663814 ], [ 2883966.575504262465984, 2053906.018266737693921 ], [ 2883966.67598267365247, 2053907.651206110138446 ], [ 2883966.88277580961585, 2053909.271972659043968 ], [ 2883967.194839661940932, 2053910.873453812673688 ], [ 2883967.610996890813112, 2053912.448967005359009 ], [ 2883967.658957984298468, 2053912.607177539728582 ], [ 2883970.080413759686053, 2053920.495081703877077 ], [ 2883970.083635077811778, 2053920.505651760846376 ], [ 2883976.545699447859079, 2053941.522345196688548 ], [ 2883984.469648407772183, 2053968.985255817184225 ], [ 2883988.944425181485713, 2053984.957481508841738 ], [ 2883997.609713498037308, 2054015.87748835189268 ], [ 2884000.204037469811738, 2054036.494382049888372 ], [ 2884000.638123776763678, 2054038.946722747059539 ], [ 2884000.795313777402043, 2054039.592676587868482 ], [ 2884005.361866324208677, 2054057.317908627912402 ], [ 2884005.620821017771959, 2054058.247370930854231 ], [ 2884006.139161266386509, 2054059.790065133478492 ], [ 2884006.17480630427599, 2054059.884997644228861 ], [ 2884013.947286330163479, 2054080.454076298745349 ], [ 2884018.404201824218035, 2054100.275430922396481 ], [ 2884020.162274633534253, 2054115.637894545681775 ], [ 2884018.042274322360754, 2054130.988154054386541 ], [ 2884012.554287458304316, 2054138.563142707571387 ], [ 2883999.108645015396178, 2054149.686136713251472 ], [ 2883980.161477441899478, 2054157.510741089005023 ], [ 2883959.363886014092714, 2054160.132653497159481 ], [ 2883913.549425401724875, 2054157.521980713354424 ], [ 2883887.816871117800474, 2054154.534910607384518 ], [ 2883887.001976798754185, 2054154.454085579840466 ], [ 2883885.375448365230113, 2054154.373694156762213 ], [ 2883883.744932729750872, 2054154.400630632881075 ], [ 2883882.117460580077022, 2054154.53452661796473 ], [ 2883881.058208728209138, 2054154.679789720568806 ], [ 2883856.985081381630152, 2054158.506949943024665 ], [ 2883856.765529533848166, 2054158.551829323871061 ], [ 2883856.427033917978406, 2054158.602156306151301 ], [ 2883854.826614636927843, 2054158.948078689631075 ], [ 2883853.250143697485328, 2054159.398063767002895 ], [ 2883851.7041852385737, 2054159.950103875016794 ], [ 2883850.195452596060932, 2054160.60185986594297 ], [ 2883848.730465503409505, 2054161.350419311784208 ], [ 2883847.315334234386683, 2054162.192842966876924 ], [ 2883846.368788616731763, 2054162.82856381055899 ], [ 2883828.022531535942107, 2054175.751983241643757 ], [ 2883827.610080520622432, 2054176.04876912641339 ], [ 2883826.312761024571955, 2054177.06740774656646 ], [ 2883825.082891886122525, 2054178.167778432834893 ], [ 2883823.925691508222371, 2054179.345177337992936 ], [ 2883823.388055987656116, 2054179.94705210882239 ], [ 2883809.066685339435935, 2054196.495876729022712 ], [ 2883808.524649452418089, 2054197.143385117873549 ], [ 2883807.52712232992053, 2054198.45944855408743 ], [ 2883806.616306771524251, 2054199.836592473089695 ], [ 2883806.288793417625129, 2054200.382830701069906 ], [ 2883794.71520624216646, 2054220.245125256711617 ], [ 2883783.394210582599044, 2054239.2662973634433 ], [ 2883783.122373018413782, 2054239.480861371848732 ], [ 2883782.530960807576776, 2054239.961998996324837 ], [ 2883781.301094863563776, 2054241.062371336156502 ], [ 2883780.143897705245763, 2054242.239771849708632 ], [ 2883779.064229054376483, 2054243.489156314637512 ], [ 2883778.066802634857595, 2054244.805202858988196 ], [ 2883777.155875106342137, 2054246.182267171796411 ], [ 2883776.335360327735543, 2054247.61446311394684 ], [ 2883775.608813502825797, 2054249.095564226619899 ], [ 2883775.272891774307936, 2054249.873882301151752 ], [ 2883771.584749976638705, 2054258.822881972650066 ], [ 2883771.291057826019824, 2054259.56845136010088 ], [ 2883770.76124650426209, 2054261.128415066748857 ], [ 2883770.333288230001926, 2054262.71769123384729 ], [ 2883770.009167023003101, 2054264.32973115099594 ], [ 2883769.790378110483289, 2054265.957466616062447 ], [ 2883769.67761366488412, 2054267.593874337384477 ], [ 2883769.671499197371304, 2054269.232146047288552 ], [ 2883769.763791428413242, 2054270.775804078439251 ], [ 2883771.216142846271396, 2054286.763421314070001 ], [ 2883771.224341937340796, 2054286.852705626282841 ], [ 2883771.431147628463805, 2054288.473474761471152 ], [ 2883771.743239067029208, 2054290.075056512840092 ], [ 2883772.159391264431179, 2054291.650472698733211 ], [ 2883772.677738048136234, 2054293.193166280398145 ], [ 2883773.296070447191596, 2054294.69633839186281 ], [ 2883774.011668442748487, 2054296.153790455544367 ], [ 2883774.821681884117424, 2054297.559144749073312 ], [ 2883775.722489304840565, 2054298.906265546334907 ], [ 2883775.744561080355197, 2054298.937033144989982 ], [ 2883791.107522772159427, 2054320.266307958168909 ], [ 2883792.073231359943748, 2054321.518937418470159 ], [ 2883793.143639067187905, 2054322.733012176584452 ], [ 2883793.989965989254415, 2054323.587078022072092 ], [ 2883812.659992939792573, 2054341.515369680011645 ], [ 2883812.668892867863178, 2054341.524093467276543 ], [ 2883812.835144455078989, 2054341.686002830276266 ], [ 2883812.962965138722211, 2054341.809273007092997 ], [ 2883813.302527611143887, 2054342.13038524822332 ], [ 2883814.524361280258745, 2054343.190383384702727 ], [ 2883815.814104398712516, 2054344.166397160617635 ], [ 2883816.102053271606565, 2054344.366376954363659 ], [ 2883840.247685953043401, 2054360.880747607676312 ], [ 2883840.266460410319269, 2054360.893554726848379 ], [ 2883841.134491032455117, 2054361.486139330314472 ], [ 2883842.18016763124615, 2054362.161065511871129 ], [ 2883843.589180717244744, 2054362.956913122907281 ], [ 2883845.048779331613332, 2054363.657429244369268 ], [ 2883846.552786758169532, 2054364.259479515952989 ], [ 2883847.396427381783724, 2054364.547760523390025 ], [ 2883861.084265183657408, 2054368.946281519019976 ], [ 2883875.086957959923893, 2054373.453974133590236 ], [ 2883875.797444019466639, 2054373.670773103833199 ], [ 2883877.37071102950722, 2054374.06890847440809 ], [ 2883878.968726646155119, 2054374.362220893613994 ], [ 2883880.584469784982502, 2054374.549251307034865 ], [ 2883881.1123929284513, 2054374.587131833657622 ], [ 2883929.599490518216044, 2054377.543122046394274 ], [ 2883958.722242972813547, 2054379.557699616532773 ], [ 2883985.980812302324921, 2054385.333408124977723 ], [ 2883986.450651387684047, 2054385.428227914031595 ], [ 2884029.146943130064756, 2054393.606319079175591 ], [ 2884050.883766847662628, 2054401.099341697525233 ], [ 2884082.171153802890331, 2054414.830109263770282 ], [ 2884104.402074856683612, 2054427.504160248441622 ], [ 2884107.62936752056703, 2054433.680921150604263 ], [ 2884105.482266427949071, 2054444.508586989715695 ], [ 2884093.83422626554966, 2054462.315862795338035 ], [ 2884081.776978448964655, 2054477.899547362001613 ], [ 2884071.92901709722355, 2054486.548322294373065 ], [ 2884070.428069161251187, 2054486.759062022669241 ], [ 2884064.943723128177226, 2054484.718478878727183 ], [ 2884053.078247966244817, 2054474.67647906136699 ], [ 2884052.683223185129464, 2054474.349344609770924 ], [ 2884051.39347585523501, 2054473.373323450330645 ], [ 2884050.041056131012738, 2054472.485504890792072 ], [ 2884048.632039160002023, 2054471.689650414511561 ], [ 2884047.17255088314414, 2054470.989207946462557 ], [ 2884045.880288795568049, 2054470.464901213999838 ], [ 2884045.785250480286777, 2054470.429477619938552 ], [ 2884045.581988687627017, 2054470.354744645534083 ], [ 2884018.139816027134657, 2054460.403470926452428 ], [ 2884018.131214269436896, 2054460.400372756645083 ], [ 2884016.589155483990908, 2054459.899173075100407 ], [ 2884015.015901592560112, 2054459.501131224678829 ], [ 2884013.417883306276053, 2054459.207813865272328 ], [ 2884011.802121727727354, 2054459.020680082496256 ], [ 2884010.175593547523022, 2054458.940284188371152 ], [ 2884008.545062794815749, 2054458.967117832740769 ], [ 2884006.9176902808249, 2054459.100991764338687 ], [ 2884006.641001720912755, 2054459.134475744329393 ], [ 2883979.99081065133214, 2054462.511361109325662 ], [ 2883979.796550679486245, 2054462.547878075856715 ], [ 2883978.650202043354511, 2054462.718343181768432 ], [ 2883977.049800897948444, 2054463.064360490767285 ], [ 2883976.710028563626111, 2054463.152042302535847 ], [ 2883950.812744089402258, 2054470.025016333209351 ], [ 2883949.575950547587126, 2054470.387334889499471 ], [ 2883948.030094620771706, 2054470.939354864181951 ], [ 2883946.521366570144892, 2054471.59110889188014 ], [ 2883945.056384508498013, 2054472.339666625950485 ], [ 2883943.641258685849607, 2054473.182088830508292 ], [ 2883942.31695503462106, 2054474.089102803962305 ], [ 2883921.586919616907835, 2054489.261698428774253 ], [ 2883921.552133818622679, 2054489.287207742221653 ], [ 2883920.254820667672902, 2054490.305845520459116 ], [ 2883919.024859821423888, 2054491.40623357379809 ], [ 2883917.867764841765165, 2054492.583614248782396 ], [ 2883916.788084380328655, 2054493.832898612832651 ], [ 2883916.562206669710577, 2054494.1158681162633 ], [ 2883906.615462723188102, 2054506.760723904240876 ], [ 2883905.843918852042407, 2054507.79379994678311 ], [ 2883904.933012411929667, 2054509.170962196309119 ], [ 2883904.112503067590296, 2054510.603157879086211 ], [ 2883903.385945991612971, 2054512.084160511381924 ], [ 2883902.756337708327919, 2054513.608048296533525 ], [ 2883902.226433532312512, 2054515.168030521133915 ], [ 2883901.798480921424925, 2054516.757307602092624 ], [ 2883901.670392646919936, 2054517.332422349601984 ], [ 2883899.731513080652803, 2054526.539472619304433 ], [ 2883899.535486119799316, 2054527.57639909023419 ], [ 2883899.316703362390399, 2054529.204136203974485 ], [ 2883899.2039451058954, 2054530.840545885032043 ], [ 2883899.197836839593947, 2054532.478819854324684 ], [ 2883899.298350188881159, 2054534.111863269470632 ], [ 2883899.505145718809217, 2054535.732536553405225 ], [ 2883899.817242812365294, 2054537.334121252875775 ], [ 2883900.233400585129857, 2054538.909540637861937 ], [ 2883900.751752843614668, 2054540.452237657969818 ], [ 2883901.064193017780781, 2054541.247097308048978 ], [ 2883909.13057964714244, 2054560.764721253653988 ], [ 2883909.43649329058826, 2054561.473136041779071 ], [ 2883910.151998504064977, 2054562.930610191775486 ], [ 2883910.962001504842192, 2054564.335870303446427 ], [ 2883911.862830011174083, 2054565.683094180189073 ], [ 2883912.118180500343442, 2054566.032232965808362 ], [ 2883928.955420572310686, 2054588.625719484407455 ], [ 2883929.687839478254318, 2054589.55988383339718 ], [ 2883930.324551586061716, 2054590.301633538212627 ], [ 2883934.13786864746362, 2054594.566162140574306 ], [ 2883934.17443642904982, 2054594.607068184530362 ], [ 2883945.465793326497078, 2054607.177308700280264 ], [ 2883945.48613874707371, 2054607.199871042976156 ], [ 2883945.742303780280054, 2054607.48425157694146 ], [ 2883946.119091066531837, 2054607.893113301834092 ], [ 2883947.267719103954732, 2054609.032488138414919 ], [ 2883948.489458512980491, 2054610.092509221285582 ], [ 2883949.779303853865713, 2054611.068510164273903 ], [ 2883949.927576323971152, 2054611.172231005737558 ], [ 2883972.55348789319396, 2054626.881005300208926 ], [ 2883973.757536324672401, 2054627.66511919349432 ], [ 2883974.171544537879527, 2054627.912012154236436 ], [ 2883993.735458669252694, 2054639.31337205809541 ], [ 2884006.274245029781014, 2054650.950157830724493 ], [ 2884006.27651128731668, 2054650.952280553523451 ], [ 2884006.300805321894586, 2054650.974833358544856 ], [ 2884008.984001351520419, 2054653.457619585562497 ], [ 2884019.382401949726045, 2054670.431656814413145 ], [ 2884022.215243388898671, 2054682.429697909392416 ], [ 2884019.66381177213043, 2054689.250495566986501 ], [ 2883999.389241179451346, 2054708.034730258164927 ], [ 2883975.728999911807477, 2054725.991121912375093 ], [ 2883946.853647032752633, 2054746.877512978389859 ], [ 2883946.702452263329178, 2054746.987731008790433 ], [ 2883945.405244293622673, 2054748.006351708434522 ], [ 2883944.176163387484848, 2054749.105871683685109 ], [ 2883926.207884650677443, 2054766.249572924803942 ], [ 2883925.05025521479547, 2054767.427358550950885 ], [ 2883924.127448777668178, 2054768.484655756503344 ], [ 2883910.354112352244556, 2054785.166043158620596 ], [ 2883910.197246980853379, 2054785.358032227726653 ], [ 2883909.199736065231264, 2054786.674097861163318 ], [ 2883908.688964555040002, 2054787.422614382579923 ], [ 2883902.297659372910857, 2054797.150603062938899 ], [ 2883901.897632092237473, 2054797.779233118286356 ], [ 2883901.077116473577917, 2054799.211332701612264 ], [ 2883900.56281257700175, 2054800.234148486983031 ], [ 2883894.626710109878331, 2054812.725889038760215 ], [ 2883894.414384203031659, 2054813.184194922912866 ], [ 2883894.082984480075538, 2054813.951549072284251 ], [ 2883885.389286623802036, 2054835.01958405203186 ], [ 2883879.070895331446081, 2054842.770628469996154 ], [ 2883871.738767426460981, 2054847.290289923083037 ], [ 2883856.347461583092809, 2054853.255133849335834 ], [ 2883842.055325475521386, 2054857.156520618358627 ], [ 2883837.309235036373138, 2054858.449181479634717 ], [ 2883836.230597687885165, 2054858.768990322714671 ], [ 2883834.684655621647835, 2054859.321033644955605 ], [ 2883834.162042699754238, 2054859.533730296883732 ], [ 2883813.162280088290572, 2054868.353915940970182 ], [ 2883794.011730548925698, 2054876.078114994801581 ], [ 2883792.691283509135246, 2054876.654892771039158 ], [ 2883791.226218149997294, 2054877.403475499013439 ], [ 2883789.811107953079045, 2054878.245904794195667 ], [ 2883788.452132953330874, 2054879.178417231189087 ], [ 2883787.79847244406119, 2054879.674858282553032 ], [ 2883779.288218105211854, 2054886.354958577314392 ], [ 2883771.229349966160953, 2054886.202594031812623 ], [ 2883757.917245586402714, 2054882.627589286770672 ], [ 2883736.26657101418823, 2054875.527467905776575 ], [ 2883735.429768867790699, 2054875.269689790671691 ], [ 2883733.856409479863942, 2054874.871576606994495 ], [ 2883732.258401201572269, 2054874.578268939629197 ], [ 2883730.642749225720763, 2054874.391127292066813 ], [ 2883729.016150867566466, 2054874.310858264099807 ], [ 2883727.38573195785284, 2054874.337684651371092 ], [ 2883725.758275527507067, 2054874.471587427891791 ], [ 2883724.140894728712738, 2054874.712081714533269 ], [ 2883722.540591623168439, 2054875.05799283226952 ], [ 2883720.964041354134679, 2054875.508002847665921 ], [ 2883719.418201568070799, 2054876.060032336041331 ], [ 2883717.909490322694182, 2054876.711795923532918 ], [ 2883716.444525653496385, 2054877.460363206453621 ], [ 2883715.029417742043734, 2054878.302794906077906 ], [ 2883713.670346615836024, 2054879.235327593749389 ], [ 2883713.537566203158349, 2054879.333467920776457 ], [ 2883691.5005226386711, 2054895.73947759764269 ], [ 2883690.336008570622653, 2054896.659984294790775 ], [ 2883689.106165189296007, 2054897.760363578097895 ], [ 2883687.948991079814732, 2054898.937771141063422 ], [ 2883686.869444265961647, 2054900.187144812894985 ], [ 2883685.871943176724017, 2054901.503216469660401 ], [ 2883684.961039559915662, 2054902.880287971813232 ], [ 2883684.140647178515792, 2054904.312473171390593 ], [ 2883683.414025934413075, 2054905.7935993548017 ], [ 2883682.784419862553477, 2054907.317395282210782 ], [ 2883682.254533407278359, 2054908.877383761340752 ], [ 2883681.826712341979146, 2054910.466747239232063 ], [ 2883681.502613667864352, 2054912.078793712658808 ], [ 2883681.283830906264484, 2054913.706437005661428 ], [ 2883681.171103743836284, 2054915.34294942766428 ], [ 2883681.164994125720114, 2054916.981128520099446 ], [ 2883681.265521222725511, 2054918.614175046328455 ], [ 2883681.334707227069885, 2054919.257001033285633 ], [ 2883684.213873958215117, 2054943.12162467953749 ], [ 2883684.281386690214276, 2054943.636447915574536 ], [ 2883688.653735605068505, 2054974.467339982511476 ], [ 2883688.723861805628985, 2054974.930465340847149 ], [ 2883689.035972348414361, 2054976.53205252205953 ], [ 2883689.452142580412328, 2054978.107473817188293 ], [ 2883689.571636703796685, 2054978.494760281639174 ], [ 2883696.326847956515849, 2054999.759726657066494 ], [ 2883696.725619469303638, 2055000.915156647097319 ], [ 2883697.34398387093097, 2055002.418431946774945 ], [ 2883698.059580827131867, 2055003.875789752695709 ], [ 2883698.869607724715024, 2055005.281147925881669 ], [ 2883699.770427170209587, 2055006.628272186266258 ], [ 2883700.758217663038522, 2055007.911671815207228 ], [ 2883701.828716506250203, 2055009.125632204581052 ], [ 2883702.068266586400568, 2055009.376018442912027 ], [ 2883718.074939555488527, 2055025.872421070700511 ], [ 2883720.579278108198196, 2055030.532612858340144 ], [ 2883721.349503830075264, 2055031.863777657039464 ], [ 2883722.250339700840414, 2055033.211001077434048 ], [ 2883723.23801647964865, 2055034.494320763275027 ], [ 2883724.308531734161079, 2055035.708380382973701 ], [ 2883725.457146652974188, 2055036.847653531236574 ], [ 2883726.323696637526155, 2055037.614053325727582 ], [ 2883746.191594146192074, 2055054.355346669675782 ], [ 2883746.762045195326209, 2055054.838457298465073 ], [ 2883747.163773961830884, 2055055.171366948168725 ], [ 2883748.453635736368597, 2055056.147462813183665 ], [ 2883749.805939649231732, 2055057.035194214666262 ], [ 2883750.974709001835436, 2055057.704017949523404 ], [ 2883780.107019890099764, 2055073.317541274940595 ], [ 2883780.347264341078699, 2055073.444565012818202 ], [ 2883781.806862492579967, 2055074.145081338938326 ], [ 2883783.310883685946465, 2055074.747229896252975 ], [ 2883784.025947264395654, 2055074.993723588762805 ], [ 2883808.964507007040083, 2055083.16035100701265 ], [ 2883834.060668297577649, 2055091.716262224130332 ], [ 2883856.887337242253125, 2055102.56080666766502 ], [ 2883876.894245695322752, 2055115.107282324694097 ], [ 2883877.153191630728543, 2055115.267413001507521 ], [ 2883878.258668986149132, 2055115.902334709418938 ], [ 2883901.623844005633146, 2055128.513949771411717 ], [ 2883913.563876900821924, 2055140.081551196984947 ], [ 2883913.955616884399205, 2055140.463751881383359 ], [ 2883914.165154370479286, 2055140.663620106177405 ], [ 2883914.408666844945401, 2055140.89269551821053 ], [ 2883915.630509345792234, 2055141.952700591646135 ], [ 2883916.920358203351498, 2055142.928703131852672 ], [ 2883917.297496256884187, 2055143.189415522152558 ], [ 2883954.684183125849813, 2055168.516156082041562 ], [ 2883968.272110213991255, 2055180.706268044887111 ], [ 2883976.642019017599523, 2055191.813249378232285 ], [ 2883984.00727729825303, 2055207.084318243898451 ], [ 2883984.453061394393444, 2055207.963107307208702 ], [ 2883985.263076970353723, 2055209.368373472476378 ], [ 2883985.974850091617554, 2055210.448509368579835 ], [ 2883996.863640351220965, 2055226.054323441116139 ], [ 2883997.052608959376812, 2055226.321435387711972 ], [ 2883998.040404693223536, 2055227.604842886328697 ], [ 2883999.110908929258585, 2055228.818811618024483 ], [ 2883999.845563375856727, 2055229.564929902087897 ], [ 2884012.069945490919054, 2055241.455326176248491 ], [ 2884012.483926911838353, 2055241.848587767919526 ], [ 2884013.399666049517691, 2055242.643052083672956 ], [ 2884009.85743570420891, 2055243.729901601327583 ], [ 2883978.326057433150709, 2055247.228978368686512 ], [ 2883978.21792543400079, 2055247.241178501630202 ], [ 2883976.600543841719627, 2055247.481664353050292 ], [ 2883975.272315171547234, 2055247.761045912047848 ], [ 2883950.683055059518665, 2055253.631362094078213 ], [ 2883950.410980505868793, 2055253.697883678367361 ], [ 2883948.83452975936234, 2055254.147868860978633 ], [ 2883947.288593246601522, 2055254.699909735936671 ], [ 2883946.270100482273847, 2055255.127124725142494 ], [ 2883933.362786376383156, 2055260.874401446664706 ], [ 2883932.872570277191699, 2055261.098944022553042 ], [ 2883931.407608884386718, 2055261.847506001591682 ], [ 2883931.239018897525966, 2055261.941521858330816 ], [ 2883918.520189380273223, 2055269.093737329822034 ], [ 2883917.27377416472882, 2055269.842130754841492 ], [ 2883915.914707932621241, 2055270.774659432703629 ], [ 2883914.617516207508743, 2055271.79328429652378 ], [ 2883913.46470418991521, 2055272.820387576939538 ], [ 2883901.988475373014808, 2055283.680906750727445 ], [ 2883901.911350360140204, 2055283.754196887137368 ], [ 2883900.754182065837085, 2055284.931601507589221 ], [ 2883900.557398300152272, 2055285.147399391978979 ], [ 2883896.844382051378489, 2055289.268607123522088 ], [ 2883889.743877775035799, 2055286.670971944462508 ], [ 2883882.033455558121204, 2055283.307430731598288 ], [ 2883880.590682569891214, 2055282.732152027543634 ], [ 2883879.048629503231496, 2055282.230955402832478 ], [ 2883877.475383281707764, 2055281.832917182706296 ], [ 2883875.877374587580562, 2055281.53960402472876 ], [ 2883875.107901338022202, 2055281.437012481503189 ], [ 2883863.835632860194892, 2055280.113900238880888 ], [ 2883862.989356150850654, 2055280.029362957226112 ], [ 2883861.362841558642685, 2055279.948972752084956 ], [ 2883859.732326176948845, 2055279.975812585558742 ], [ 2883859.610380901955068, 2055279.98211178695783 ], [ 2883847.346560789272189, 2055280.647787429857999 ], [ 2883845.841150969266891, 2055280.775369255337864 ], [ 2883845.171713112387806, 2055280.861869242740795 ], [ 2883831.231158802751452, 2055282.853502612095326 ], [ 2883830.955546023789793, 2055282.907484064809978 ], [ 2883830.283318157773465, 2055283.00747573771514 ], [ 2883828.68292141193524, 2055283.353402033913881 ], [ 2883827.889289700426161, 2055283.566196665167809 ], [ 2883810.404443205334246, 2055288.558140826644376 ], [ 2883809.621546243317425, 2055288.79545258753933 ], [ 2883808.075713142752647, 2055289.347480525728315 ], [ 2883806.567009198013693, 2055289.999242846155539 ], [ 2883806.286110657267272, 2055290.133607009425759 ], [ 2883793.198694106657058, 2055296.493730088695884 ], [ 2883780.24293797602877, 2055302.531762731028721 ], [ 2883780.150552633684129, 2055302.575072545325384 ], [ 2883778.685498583130538, 2055303.323657730128616 ], [ 2883777.270498651545495, 2055304.166071743005887 ], [ 2883775.911437632516026, 2055305.098604950588197 ], [ 2883774.711915420368314, 2055306.035636250162497 ], [ 2883762.364093003794551, 2055316.285602851305157 ], [ 2883762.266330349259079, 2055316.367218736093491 ], [ 2883761.036497518420219, 2055317.467598766321316 ], [ 2883759.879318480379879, 2055318.644908826332539 ], [ 2883758.945037339814007, 2055319.716377722332254 ], [ 2883749.762695578392595, 2055330.853894865838811 ], [ 2883749.617342875804752, 2055331.031818925635889 ], [ 2883748.619838105514646, 2055332.347793918801472 ], [ 2883747.708962785545737, 2055333.724966076202691 ], [ 2883746.888583019375801, 2055335.157153631327674 ], [ 2883746.161974524147809, 2055336.638282406609505 ], [ 2883745.532381277531385, 2055338.162081134039909 ], [ 2883745.002507671248168, 2055339.722072623670101 ], [ 2883744.901323563884944, 2055340.06356584187597 ], [ 2883740.975980295799673, 2055353.649531598202884 ], [ 2883740.649356566369534, 2055354.897405189927667 ], [ 2883740.325271135661751, 2055356.509455198654905 ], [ 2883740.106501461006701, 2055358.137102185282856 ], [ 2883740.046392505522817, 2055358.82043283758685 ], [ 2883739.037780921906233, 2055372.410386712523177 ], [ 2883736.005400594323874, 2055390.432838089531288 ], [ 2883736.002461217343807, 2055390.449805360520259 ], [ 2883735.783708559814841, 2055392.077551216352731 ], [ 2883735.670979520305991, 2055393.713969247881323 ], [ 2883735.656996762380004, 2055394.986212238902226 ], [ 2883736.076480959542096, 2055424.299882087856531 ], [ 2883736.084383855108172, 2055424.665921054547653 ], [ 2883736.184925132896751, 2055426.298972190124914 ], [ 2883736.391747313551605, 2055427.919652704615146 ], [ 2883736.482209482230246, 2055428.445510106161237 ], [ 2883739.226993502583355, 2055443.433373587206006 ], [ 2883739.448653944768012, 2055444.509107697987929 ], [ 2883739.810338791459799, 2055445.900227662175894 ], [ 2883744.233105954714119, 2055461.086189662339166 ], [ 2883744.287603052332997, 2055461.270495416829363 ], [ 2883744.805978171527386, 2055462.813198338961229 ], [ 2883745.063183010090142, 2055463.473186472896487 ], [ 2883750.589800968766212, 2055477.073363377014175 ], [ 2883750.9509710483253, 2055477.916654972592369 ], [ 2883751.66657798178494, 2055479.374017256312072 ], [ 2883751.947589910123497, 2055479.886245325906202 ], [ 2883760.283291294705123, 2055494.664703868096694 ], [ 2883760.812315721996129, 2055495.557838569395244 ], [ 2883761.524482566863298, 2055496.638510023709387 ], [ 2883771.740637612063438, 2055511.279257061891258 ], [ 2883780.50139840412885, 2055526.841090941336006 ], [ 2883780.586370267905295, 2055526.990732645383105 ], [ 2883788.182750935666263, 2055540.264532313449308 ], [ 2883792.514471551869065, 2055555.803240871289745 ], [ 2883794.738390645012259, 2055570.631459535332397 ], [ 2883796.032288565766066, 2055582.024462847271934 ], [ 2883796.343283209949732, 2055591.255701090907678 ], [ 2883794.810486557893455, 2055596.067634296603501 ], [ 2883793.548312282189727, 2055596.579127020668238 ], [ 2883787.475313209462911, 2055597.385468499734998 ], [ 2883778.616501959040761, 2055597.60326109896414 ], [ 2883766.890361226629466, 2055597.49485133215785 ], [ 2883755.861805235035717, 2055596.3829602568876 ], [ 2883743.655800620093942, 2055593.964111415203661 ], [ 2883732.920858351513743, 2055591.223310580709949 ], [ 2883720.864178961608559, 2055584.722501292359084 ], [ 2883711.569050247780979, 2055579.09541971120052 ], [ 2883706.024801700841635, 2055573.686664392938837 ], [ 2883705.794667372014374, 2055573.465192910050973 ], [ 2883693.557095012161881, 2055561.837631889618933 ], [ 2883683.917350605130196, 2055550.77912040380761 ], [ 2883683.799872955307364, 2055550.645241650752723 ], [ 2883673.057391153182834, 2055538.502794261090457 ], [ 2883672.538238413631916, 2055537.934464695630595 ], [ 2883672.070247844327241, 2055537.451749078230932 ], [ 2883662.625145602971315, 2055527.975979750277475 ], [ 2883661.944516086950898, 2055527.319420858286321 ], [ 2883660.722672914620489, 2055526.25942058977671 ], [ 2883659.432808833196759, 2055525.283324980875477 ], [ 2883658.080405426677316, 2055524.395612225867808 ], [ 2883656.671490223612636, 2055523.599748151842505 ], [ 2883656.639743319712579, 2055523.583118027308956 ], [ 2883656.295862961560488, 2055523.404387188144028 ], [ 2883656.135944512207061, 2055523.322060925653204 ], [ 2883641.239819482434541, 2055515.719742596149445 ], [ 2883640.191755740903318, 2055515.216160959564149 ], [ 2883628.124171231873333, 2055509.768890151754022 ], [ 2883627.904304355382919, 2055509.670914992690086 ], [ 2883626.40020429296419, 2055509.068886978551745 ], [ 2883625.377789167221636, 2055508.723933019908145 ], [ 2883612.492347059305757, 2055504.692374383332208 ], [ 2883611.972912283614278, 2055504.536104279570282 ], [ 2883610.399575058370829, 2055504.138093054061756 ], [ 2883609.322584214620292, 2055503.928452949272469 ], [ 2883595.790187411475927, 2055501.607150984928012 ], [ 2883595.269276263192296, 2055501.52346950606443 ], [ 2883593.65353546012193, 2055501.336350562050939 ], [ 2883592.026932233013213, 2055501.255988182267174 ], [ 2883590.396525704301894, 2055501.282820144435391 ], [ 2883588.769082987681031, 2055501.416728872107342 ], [ 2883588.130260463804007, 2055501.4989726790227 ], [ 2883571.105339755769819, 2055503.909820471424609 ], [ 2883570.830106719397008, 2055503.963633364066482 ], [ 2883570.126812661066651, 2055504.068176145898178 ], [ 2883568.526526296045631, 2055504.414094478357583 ], [ 2883567.410976989194751, 2055504.720963943284005 ], [ 2883552.774972765240818, 2055509.111072284867987 ], [ 2883536.783294570166618, 2055513.338991658994928 ], [ 2883535.523214721120894, 2055513.707500552060083 ], [ 2883534.715210873167962, 2055513.981953442795202 ], [ 2883523.667528623715043, 2055517.943269622977823 ], [ 2883522.929630483500659, 2055518.220971756847575 ], [ 2883521.421039198059589, 2055518.872726867441088 ], [ 2883520.147760228253901, 2055519.516487684100866 ], [ 2883504.166425742208958, 2055528.167405961547047 ], [ 2883503.974664230830967, 2055528.272240040358156 ], [ 2883502.55958036147058, 2055529.114682009443641 ], [ 2883502.469446211587638, 2055529.172593933995813 ], [ 2883496.650377447716892, 2055532.930251700570807 ], [ 2883491.856097040697932, 2055536.02502888161689 ], [ 2883491.062486909795552, 2055536.558649523416534 ], [ 2883483.039101746864617, 2055542.172960547497496 ], [ 2883482.560496099758893, 2055542.516095076920465 ], [ 2883481.263325327076018, 2055543.534734447253868 ], [ 2883480.033409263007343, 2055544.635141816455871 ], [ 2883479.980932259466499, 2055544.68537922995165 ], [ 2883474.542111898772418, 2055549.904719606274739 ], [ 2883467.75806598039344, 2055555.326734232949093 ], [ 2883467.290509305894375, 2055555.709542908938602 ], [ 2883466.06067654909566, 2055556.809834278887138 ], [ 2883464.903529346454889, 2055557.987252373714 ], [ 2883463.823911338113248, 2055559.236654356354848 ], [ 2883463.3729730672203, 2055559.81006366526708 ], [ 2883454.824086550623178, 2055571.003549388609827 ], [ 2883454.277649846393615, 2055571.746204160852358 ], [ 2883453.679234092123806, 2055572.628973828395829 ], [ 2883447.454179346561432, 2055582.234318814240396 ], [ 2883447.141818087548018, 2055582.728613018291071 ], [ 2883446.321355761494488, 2055584.160826291423291 ], [ 2883445.594762785360217, 2055585.641962282825261 ], [ 2883444.965200542472303, 2055587.165866162162274 ], [ 2883444.950098193716258, 2055587.206046211766079 ], [ 2883441.568071008659899, 2055596.247799143893644 ], [ 2883441.053314795717597, 2055597.767616684082896 ], [ 2883440.625406817533076, 2055599.356908211251721 ], [ 2883440.301433220505714, 2055600.968944888096303 ], [ 2883440.082692224532366, 2055602.59669431950897 ], [ 2883440.074931309558451, 2055602.674282527295873 ], [ 2883439.276700033806264, 2055610.783014643704519 ], [ 2883439.17174316663295, 2055612.34184740530327 ], [ 2883439.155285272747278, 2055613.176063904771581 ], [ 2883439.113379000686109, 2055626.666356053669006 ], [ 2883439.12376759853214, 2055627.470423739869148 ], [ 2883439.12516399519518, 2055627.51682694372721 ], [ 2883439.429776928387582, 2055637.422019321471453 ], [ 2883439.528931443579495, 2055639.008668711176142 ], [ 2883439.735778344795108, 2055640.629448485327885 ], [ 2883440.047892852686346, 2055642.230941333342344 ], [ 2883440.238720391876996, 2055643.005774768069386 ], [ 2883443.143088191747665, 2055654.032236272934824 ], [ 2883443.368465350940824, 2055654.832926217699423 ], [ 2883443.886846295092255, 2055656.375627442263067 ], [ 2883444.012915359809995, 2055656.706235096091405 ], [ 2883448.192424376495183, 2055667.431934090331197 ], [ 2883448.684703434817493, 2055668.604406671831384 ], [ 2883448.791728558018804, 2055668.83877969533205 ], [ 2883453.81302032340318, 2055679.677111967466772 ], [ 2883454.421622140798718, 2055680.900196705944836 ], [ 2883455.231645667925477, 2055682.305457051843405 ], [ 2883456.132491772063076, 2055683.652679804246873 ], [ 2883456.420110575854778, 2055684.044928402174264 ], [ 2883464.52156671974808, 2055694.865756621351466 ], [ 2883465.221747598610818, 2055695.756907037924975 ], [ 2883465.55934192892164, 2055696.157594849588349 ], [ 2883473.348833813332021, 2055705.20366228162311 ], [ 2883479.743721874430776, 2055713.836393754696473 ], [ 2883479.818768915720284, 2055713.94138906756416 ], [ 2883480.705615440383554, 2055715.101693161064759 ], [ 2883480.744767263066024, 2055715.149836858035997 ], [ 2883480.84562249109149, 2055715.27295025694184 ], [ 2883481.916129182558507, 2055716.486909856786951 ], [ 2883483.064765445422381, 2055717.626279320102185 ], [ 2883484.28660833556205, 2055718.686275809304789 ], [ 2883485.12549003213644, 2055719.33620378584601 ], [ 2883495.158858922310174, 2055726.764987789560109 ], [ 2883498.782364627812058, 2055732.078810279490426 ], [ 2883503.940582726150751, 2055742.716420100536197 ], [ 2883504.364021791145205, 2055743.548870036145672 ], [ 2883504.701660357415676, 2055744.161132949171588 ], [ 2883511.951225280296057, 2055756.873613015050068 ], [ 2883514.936135413125157, 2055766.800211233086884 ], [ 2883515.698622231371701, 2055773.229947155574337 ], [ 2883515.520485335029662, 2055779.537678370019421 ], [ 2883514.030353702604771, 2055789.718860405264422 ], [ 2883512.26415469776839, 2055793.588875864166766 ], [ 2883510.003295029513538, 2055795.840863825054839 ], [ 2883500.575429859571159, 2055802.812181091867387 ], [ 2883487.319400352891535, 2055810.456754792481661 ], [ 2883475.004999224562198, 2055815.324794127838686 ], [ 2883459.364483186043799, 2055819.913250129204243 ], [ 2883441.128760091029108, 2055822.311253573512658 ], [ 2883439.904472113586962, 2055822.503247502492741 ], [ 2883438.582515460904688, 2055822.781203030608594 ], [ 2883417.908657389692962, 2055827.711415122961625 ], [ 2883365.771727508399636, 2055831.536676118616015 ], [ 2883365.556866890285164, 2055831.553419995354488 ], [ 2883339.250900578685105, 2055833.712527746101841 ], [ 2883338.730271780397743, 2055833.760758672375232 ], [ 2883311.327941321767867, 2055836.589733125409111 ], [ 2883311.274747557006776, 2055836.595269517973065 ], [ 2883297.483224266208708, 2055838.048952975543216 ], [ 2883280.347775615286082, 2055835.448047421639785 ], [ 2883280.29347412660718, 2055835.439788413699716 ], [ 2883278.677843005396426, 2055835.252662836108357 ], [ 2883277.051267950795591, 2055835.172410585917532 ], [ 2883275.420874687843025, 2055835.199254378909245 ], [ 2883273.793446141295135, 2055835.333175118546933 ], [ 2883272.176095341332257, 2055835.573687838157639 ], [ 2883270.575824223458767, 2055835.919617794221267 ], [ 2883268.99930779542774, 2055836.369646970648319 ], [ 2883267.453503551892936, 2055836.921695849858224 ], [ 2883265.944829405285418, 2055837.573478979524225 ], [ 2883264.479903224855661, 2055838.322065872373059 ], [ 2883263.777076202444732, 2055838.725038366392255 ], [ 2883247.618331450968981, 2055848.333577750483528 ], [ 2883246.616396479774266, 2055848.942704004235566 ], [ 2883245.257366912905127, 2055849.875256755156443 ], [ 2883243.960196380037814, 2055850.893806505948305 ], [ 2883242.730296613648534, 2055851.994222576264292 ], [ 2883241.57326343189925, 2055853.171630718512461 ], [ 2883240.493661094456911, 2055854.421040413668379 ], [ 2883239.496203038375825, 2055855.737129668705165 ], [ 2883238.585456693544984, 2055857.114298801869154 ], [ 2883237.764992838725448, 2055858.546419775579125 ], [ 2883237.038413994945586, 2055860.02756163245067 ], [ 2883236.408964012749493, 2055861.551453046267852 ], [ 2883235.879102754872292, 2055863.111357017885894 ], [ 2883235.451223433949053, 2055864.7007515670266 ], [ 2883235.127163797151297, 2055866.312810210278258 ], [ 2883234.908517193049192, 2055867.940446724183857 ], [ 2883234.795826364774257, 2055869.576969236135483 ], [ 2883234.789767364040017, 2055871.215255856281146 ], [ 2883234.890311605297029, 2055872.848211691249162 ], [ 2883235.097167056519538, 2055874.468992717331275 ], [ 2883235.409305312670767, 2055876.07058484479785 ], [ 2883235.825501172803342, 2055877.646009841701016 ], [ 2883236.343888287432492, 2055879.188710632734001 ], [ 2883236.962257509119809, 2055880.691888331435621 ], [ 2883237.677888668142259, 2055882.149344324832782 ], [ 2883238.487915593199432, 2055883.554602341959253 ], [ 2883239.388764303643256, 2055884.90182225801982 ], [ 2883240.37656562961638, 2055886.185217744670808 ], [ 2883241.446974305901676, 2055887.399190691765398 ], [ 2883242.595610143151134, 2055888.538555059349164 ], [ 2883243.81743593653664, 2055889.598447429249063 ], [ 2883245.107297038193792, 2055890.574532924685627 ], [ 2883245.222479857504368, 2055890.655172559199855 ], [ 2883247.59741573408246, 2055892.30994896334596 ], [ 2883249.66657179640606, 2055894.171587875578552 ], [ 2883254.755796382203698, 2055901.46087316959165 ], [ 2883261.712528473231941, 2055912.983877695631236 ], [ 2883261.877436293289065, 2055913.253141711466014 ], [ 2883262.778285617940128, 2055914.600362296914682 ], [ 2883263.766071680933237, 2055915.883659944171086 ], [ 2883264.836595215834677, 2055917.097714231349528 ], [ 2883265.686404772102833, 2055917.955100008286536 ], [ 2883276.941996995359659, 2055928.759208735311404 ], [ 2883288.772877227980644, 2055942.012682121945545 ], [ 2883300.65584357175976, 2055957.389944832073525 ], [ 2883301.13164964877069, 2055957.985950780566782 ], [ 2883301.852016133256257, 2055958.820677606156096 ], [ 2883307.303458912298083, 2055964.854281081818044 ], [ 2883307.37401168840006, 2055964.931999282212928 ], [ 2883307.733364893123507, 2055965.326286549679935 ], [ 2883308.012970085255802, 2055965.627897006925195 ], [ 2883309.161607496906072, 2055966.767263501649722 ], [ 2883310.383336434140801, 2055967.827176010934636 ], [ 2883311.630676340311766, 2055968.773180498275906 ], [ 2883320.974496647715569, 2055975.394453400745988 ], [ 2883321.017019345425069, 2055975.424536695936695 ], [ 2883321.755737286061049, 2055975.92545991577208 ], [ 2883334.298852922394872, 2055984.09843606618233 ], [ 2883351.692800264805555, 2056000.065775924827904 ], [ 2883367.281298032961786, 2056018.499010903062299 ], [ 2883367.327169462572783, 2056018.553030014969409 ], [ 2883369.409383918624371, 2056021.000692694913596 ], [ 2883369.570178530644625, 2056022.085191107587889 ], [ 2883369.258813707157969, 2056022.659842132823542 ], [ 2883362.112553684506565, 2056032.883086951216683 ], [ 2883347.614144873805344, 2056051.03999641048722 ], [ 2883335.391611633356661, 2056063.834505 ], [ 2883420.095331128686666, 2056063.834505 ], [ 2883421.541786429472268, 2056062.132820397382602 ], [ 2883421.935927501879632, 2056061.657699204981327 ], [ 2883422.933399784378707, 2056060.341711099725217 ], [ 2883423.844242758583277, 2056058.964526292402297 ], [ 2883424.447024162393063, 2056057.933476618025452 ], [ 2883431.600895201787353, 2056045.019433907466009 ], [ 2883431.818461670540273, 2056044.618283966556191 ], [ 2883432.545039120595902, 2056043.137143854983151 ], [ 2883433.174601853825152, 2056041.613334376597777 ], [ 2883433.704347214661539, 2056040.053350709844381 ], [ 2883433.780399550683796, 2056039.798593078041449 ], [ 2883437.08010560600087, 2056028.526952553307638 ], [ 2883437.431848681531847, 2056027.192432691343129 ], [ 2883437.755906878970563, 2056025.580374220386147 ], [ 2883437.974634438287467, 2056023.952620954252779 ], [ 2883438.08733943849802, 2056022.31619624607265 ], [ 2883438.101706473622471, 2056021.737556015141308 ], [ 2883438.308352425228804, 2056006.151567404391244 ], [ 2883438.299960340373218, 2056005.092036393471062 ], [ 2883438.199398723896593, 2056003.458980535855517 ], [ 2883437.992557485587895, 2056001.83829610934481 ], [ 2883437.680417423136532, 2056000.236701626330614 ], [ 2883437.26420373050496, 2055998.66117530525662 ], [ 2883436.745830370578915, 2055997.118569864192978 ], [ 2883436.127443015575409, 2055995.615290065761656 ], [ 2883435.411825313232839, 2055994.15792867843993 ], [ 2883435.404912210069597, 2055994.145191278774291 ], [ 2883427.953850655816495, 2055980.18440615828149 ], [ 2883427.150718688964844, 2055978.791782966814935 ], [ 2883426.24986755894497, 2055977.444558712188154 ], [ 2883425.262177933938801, 2055976.161239209817722 ], [ 2883424.290714480914176, 2055975.052870813524351 ], [ 2883410.647745764814317, 2055960.410178921883926 ], [ 2883410.548683607950807, 2055960.304488941561431 ], [ 2883409.400061124935746, 2055959.165218450361863 ], [ 2883408.31944935163483, 2055958.220571416663006 ], [ 2883394.165118181146681, 2055946.569450159557164 ], [ 2883378.366741268895566, 2055932.15001848526299 ], [ 2883377.290586444549263, 2055931.224237532820553 ], [ 2883376.808645332232118, 2055930.843569327378646 ], [ 2883374.968338708858937, 2055929.427484259242192 ], [ 2883361.763847067952156, 2055919.262961024418473 ], [ 2883361.757518016733229, 2055919.257623015902936 ], [ 2883346.107770013157278, 2055906.054649776313454 ], [ 2883337.7457713233307, 2055896.420372054213658 ], [ 2883343.542247243691236, 2055896.000390869099647 ], [ 2883368.528692663647234, 2055895.98642730852589 ], [ 2883397.951060617808253, 2055896.185606457525864 ], [ 2883429.8310950640589, 2055896.871561309788376 ], [ 2883429.957269769627601, 2055896.873922746861354 ], [ 2883431.587666445411742, 2055896.847084552515298 ], [ 2883433.215098505839705, 2055896.713169496739283 ], [ 2883434.832437044940889, 2055896.47256397549063 ], [ 2883435.503674851264805, 2055896.340692667290568 ], [ 2883461.215634658001363, 2055890.925979636609554 ], [ 2883462.144672176800668, 2055890.711927310563624 ], [ 2883462.640937764197588, 2055890.582227043807507 ], [ 2883480.051000997424126, 2055885.841154720401391 ], [ 2883481.06910908408463, 2055885.628619610331953 ], [ 2883495.365160026587546, 2055882.668200051411986 ], [ 2883496.376894941553473, 2055882.436845178483054 ], [ 2883497.953318849205971, 2055881.986841888632625 ], [ 2883497.957946613430977, 2055881.985389878274873 ], [ 2883506.687332321889699, 2055879.182134228991345 ], [ 2883508.228515112772584, 2055878.631545556942001 ], [ 2883509.737195677123964, 2055877.979770526057109 ], [ 2883511.202128356788307, 2055877.231191591126844 ], [ 2883511.374888809863478, 2055877.134790177224204 ], [ 2883536.429284426383674, 2055863.038791789906099 ], [ 2883537.572461315430701, 2055862.355752188712358 ], [ 2883556.061781249009073, 2055850.64523582579568 ], [ 2883556.160821331199259, 2055850.582252068212256 ], [ 2883557.519761921837926, 2055849.649726855568588 ], [ 2883558.81702442932874, 2055848.631069920258597 ], [ 2883560.046933641657233, 2055847.530662755481899 ], [ 2883561.203992091119289, 2055846.353361631976441 ], [ 2883561.703671437688172, 2055845.795209017116576 ], [ 2883574.681459933519363, 2055830.865650440333411 ], [ 2883575.261392699554563, 2055830.174401605501771 ], [ 2883576.258860783651471, 2055828.858320261817425 ], [ 2883577.169715380761772, 2055827.481140533927828 ], [ 2883577.990090479608625, 2055826.049044217681512 ], [ 2883578.486076384782791, 2055825.06484935618937 ], [ 2883582.639445329550654, 2055816.361363271251321 ], [ 2883582.87004777463153, 2055815.864422402111813 ], [ 2883583.499621476978064, 2055814.340617114445195 ], [ 2883584.029475959949195, 2055812.780619407072663 ], [ 2883584.457265581004322, 2055811.191246855538338 ], [ 2883584.502105845138431, 2055810.996747886762023 ], [ 2883588.12191554158926, 2055795.022231382317841 ], [ 2883588.401143671013415, 2055793.604675146983936 ], [ 2883588.619881122373044, 2055791.976924833608791 ], [ 2883588.72103821951896, 2055790.618396960897371 ], [ 2883589.749813507311046, 2055768.871470887446776 ], [ 2883589.761370996013284, 2055768.593576674582437 ], [ 2883589.767437847796828, 2055766.955291294259951 ], [ 2883589.666802406311035, 2055765.322353799594566 ], [ 2883589.459953456185758, 2055763.701572346035391 ], [ 2883589.208289207424968, 2055762.371035038493574 ], [ 2883584.6364751663059, 2055741.350479024229571 ], [ 2883584.576007018331438, 2055741.079422982875258 ], [ 2883584.159800802357495, 2055739.503897588932887 ], [ 2883583.641434259712696, 2055737.961292684543878 ], [ 2883583.236027651466429, 2055736.944604756310582 ], [ 2883574.824494825210422, 2055717.143777013756335 ], [ 2883574.611536211334169, 2055716.657283897046 ], [ 2883573.895908463746309, 2055715.199823983712122 ], [ 2883573.08586817746982, 2055713.794462780002505 ], [ 2883573.060717076994479, 2055713.75401175278239 ], [ 2883561.885219473391771, 2055695.851586614968255 ], [ 2883561.009523802436888, 2055694.544812704436481 ], [ 2883560.754299056716263, 2055694.195852981414646 ], [ 2883549.754424216225743, 2055679.435266114305705 ], [ 2883549.021848860196769, 2055678.500824935268611 ], [ 2883548.561361777596176, 2055677.958420539740473 ], [ 2883535.576587287709117, 2055663.112691186601296 ], [ 2883529.355596704408526, 2055653.695043936837465 ], [ 2883526.578761665150523, 2055646.542571279220283 ], [ 2883526.457932958379388, 2055646.237582980422303 ], [ 2883523.434821860864758, 2055638.748315080534667 ], [ 2883523.02041853312403, 2055637.666324497200549 ], [ 2883523.011350356973708, 2055637.642721188487485 ], [ 2883518.324950936250389, 2055625.443730527767912 ], [ 2883517.293265840504318, 2055618.523458518087864 ], [ 2883518.268738806247711, 2055612.878003573277965 ], [ 2883521.773229835554957, 2055605.946193984942511 ], [ 2883530.956419859081507, 2055596.586900949245319 ], [ 2883541.588126176036894, 2055588.790061538107693 ], [ 2883552.615971637889743, 2055584.41822427790612 ], [ 2883561.881746941711754, 2055582.069317755755037 ], [ 2883572.326060994993895, 2055582.184991060057655 ], [ 2883587.735005737282336, 2055584.80541976285167 ], [ 2883608.867165824398398, 2055588.467583946185187 ], [ 2883619.876822032034397, 2055591.875291557516903 ], [ 2883629.701579789631069, 2055597.241511988919228 ], [ 2883637.541860575787723, 2055603.426446924451739 ], [ 2883637.823268672451377, 2055603.649325016187504 ], [ 2883652.072800958529115, 2055620.006430868292227 ], [ 2883652.714383362792432, 2055620.714228256372735 ], [ 2883653.863004353828728, 2055621.853502948768437 ], [ 2883655.084848357364535, 2055622.913503531133756 ], [ 2883655.130383287556469, 2055622.950341069605201 ], [ 2883673.044207188300788, 2055637.399562655715272 ], [ 2883673.110986060462892, 2055637.453220203984529 ], [ 2883676.045660333707929, 2055639.803143508732319 ], [ 2883676.056134704500437, 2055639.811580400681123 ], [ 2883677.974093635566533, 2055641.34568713279441 ], [ 2883679.141170638613403, 2055642.222851800499484 ], [ 2883680.493575000204146, 2055643.110565691953525 ], [ 2883681.902490991633385, 2055643.906430953647941 ], [ 2883682.473926077596843, 2055644.195023833075538 ], [ 2883696.481860016472638, 2055651.038048190297559 ], [ 2883696.76442740065977, 2055651.173790171509609 ], [ 2883713.685964416712523, 2055659.171179216587916 ], [ 2883714.291460734792054, 2055659.447377768578008 ], [ 2883715.795578281395137, 2055660.049507665680721 ], [ 2883717.337610674556345, 2055660.55060091172345 ], [ 2883717.692651838995516, 2055660.650211750296876 ], [ 2883733.181351586245, 2055664.86879294551909 ], [ 2883734.399665398523211, 2055665.167296286206692 ], [ 2883734.823069805279374, 2055665.255564001854509 ], [ 2883751.989003797061741, 2055668.681517203804106 ], [ 2883753.163586142472923, 2055668.886459843255579 ], [ 2883754.779313532169908, 2055669.073486068286002 ], [ 2883755.305904192849994, 2055669.111302574630827 ], [ 2883770.65682281088084, 2055670.04809405351989 ], [ 2883780.727480518631637, 2055671.555881185689941 ], [ 2883780.732784385792911, 2055671.556740311905742 ], [ 2883781.870859439950436, 2055671.699770595179871 ], [ 2883790.836881982628256, 2055672.615593404276296 ], [ 2883790.897421013563871, 2055672.621702057542279 ], [ 2883792.524027027189732, 2055672.783824120182544 ], [ 2883792.941141085699201, 2055672.82171251764521 ], [ 2883794.567747646942735, 2055672.902082174783573 ], [ 2883796.198157444130629, 2055672.875257535837591 ], [ 2883796.519275237806141, 2055672.857307156547904 ], [ 2883800.508339421823621, 2055672.608762418618426 ], [ 2883802.232962668407708, 2055672.505330222193152 ], [ 2883803.598046199418604, 2055672.385670161806047 ], [ 2883805.215415311045945, 2055672.145177128957585 ], [ 2883806.523341181222349, 2055671.870603387942538 ], [ 2883819.505379000678658, 2055668.782815228682011 ], [ 2883819.797841740772128, 2055668.711460882565007 ], [ 2883821.374378271400928, 2055668.261451849713922 ], [ 2883822.513971560169011, 2055667.865513237426057 ], [ 2883835.426894076634198, 2055663.0310277370736 ], [ 2883835.833125831093639, 2055662.874937585787848 ], [ 2883835.891966974362731, 2055662.851636824896559 ], [ 2883846.284444963559508, 2055658.726009615696967 ], [ 2883847.734103237278759, 2055658.097583685535938 ], [ 2883849.199150302447379, 2055657.348999097477645 ], [ 2883850.614142910111696, 2055656.506585531169549 ], [ 2883851.973196297883987, 2055655.574052611133084 ], [ 2883853.270374920219183, 2055654.555423515383154 ], [ 2883854.500298693776131, 2055653.455025917850435 ], [ 2883855.65747008472681, 2055652.277716022450477 ], [ 2883856.736997809261084, 2055651.028341005090624 ], [ 2883857.733720776624978, 2055649.71321720071137 ], [ 2883865.272770500276238, 2055639.074479428119957 ], [ 2883866.183969051577151, 2055637.696841430850327 ], [ 2883867.004440267570317, 2055636.264635722385719 ], [ 2883867.730943370610476, 2055634.783524393802509 ], [ 2883868.020897038280964, 2055634.116119618527591 ], [ 2883873.082327120006084, 2055621.99505685037002 ], [ 2883873.421959965489805, 2055621.138662232318893 ], [ 2883873.951728667132556, 2055619.578687817789614 ], [ 2883874.379644683562219, 2055617.989400583785027 ], [ 2883874.703724164981395, 2055616.377349299145862 ], [ 2883874.922472062520683, 2055614.749602203723043 ], [ 2883875.035196365788579, 2055613.11318262736313 ], [ 2883875.041271725669503, 2055611.474898893386126 ], [ 2883875.034080972895026, 2055611.257932676468045 ], [ 2883874.475387861486524, 2055596.380717448657379 ], [ 2883874.386997726745903, 2055595.018092446262017 ], [ 2883873.328448601067066, 2055583.551260238047689 ], [ 2883873.323484789580107, 2055583.497798559721559 ], [ 2883873.277940451167524, 2055583.057779612485319 ], [ 2883871.19568738155067, 2055564.527016329811886 ], [ 2883871.034390989225358, 2055563.346254440024495 ], [ 2883870.722266079857945, 2055561.744661028729752 ], [ 2883870.306081981398165, 2055560.169233227614313 ], [ 2883870.288415574468672, 2055560.110479300376028 ], [ 2883869.712648077402264, 2055558.206392185529694 ], [ 2883861.473389086313546, 2055530.862066249130294 ], [ 2883861.373110232874751, 2055530.537509308429435 ], [ 2883848.34016389772296, 2055489.343493532389402 ], [ 2883842.45751295145601, 2055461.366444903193042 ], [ 2883842.421463499777019, 2055461.197947273030877 ], [ 2883838.492723317351192, 2055443.137601451016963 ], [ 2883834.018168053589761, 2055414.652504405239597 ], [ 2883833.178706956095994, 2055388.122532749781385 ], [ 2883837.241897379979491, 2055378.830725512700155 ], [ 2883842.644657082855701, 2055370.908535048831254 ], [ 2883848.344415159430355, 2055364.522329901112244 ], [ 2883848.446913249790668, 2055364.472004338400438 ], [ 2883855.416825124062598, 2055363.912300125695765 ], [ 2883870.261777570005506, 2055364.239048118470237 ], [ 2883883.313776933588088, 2055366.257489619310945 ], [ 2883883.435674241743982, 2055366.276049429085106 ], [ 2883885.051423760131001, 2055366.463178822537884 ], [ 2883886.35374023206532, 2055366.536114619579166 ], [ 2883900.912278746720403, 2055366.966089824680239 ], [ 2883901.236574957147241, 2055366.973527245922014 ], [ 2883902.866991890128702, 2055366.946706785820425 ], [ 2883904.494445621501654, 2055366.812809754395857 ], [ 2883906.111823025625199, 2055366.572321029147133 ], [ 2883907.411947843618691, 2055366.299579620826989 ], [ 2883916.689930812455714, 2055364.095817846711725 ], [ 2883916.990105086471885, 2055364.022653527325019 ], [ 2883918.566552560776472, 2055363.572666861582547 ], [ 2883918.901505783665925, 2055363.462634134571999 ], [ 2883923.308318638708442, 2055361.980359653010964 ], [ 2883923.358263110741973, 2055361.963447651593015 ], [ 2883925.256613316945732, 2055361.320504762232304 ], [ 2883926.417648978531361, 2055360.895407384959981 ], [ 2883927.926354869268835, 2055360.243648856179789 ], [ 2883929.068865383043885, 2055359.670189151540399 ], [ 2883941.947443740442395, 2055352.795579172438011 ], [ 2883942.269793719984591, 2055352.62049434450455 ], [ 2883943.684895782731473, 2055351.77806744701229 ], [ 2883943.770346131175756, 2055351.723140301648527 ], [ 2883953.659560509957373, 2055345.34067662153393 ], [ 2883954.933175405021757, 2055344.46307579940185 ], [ 2883956.230366214178503, 2055343.44445167761296 ], [ 2883957.46030242415145, 2055342.344059033319354 ], [ 2883958.617372180335224, 2055341.166673447936773 ], [ 2883959.697011075913906, 2055339.917285338044167 ], [ 2883960.694505515974015, 2055338.601216606562957 ], [ 2883960.983134280424565, 2055338.185296687763184 ], [ 2883967.422314372844994, 2055328.70809854217805 ], [ 2883970.735725094098598, 2055325.70424041012302 ], [ 2883987.50016978662461, 2055320.326159150805324 ], [ 2884004.828225614503026, 2055315.616338620660827 ], [ 2884028.050124512519687, 2055310.777358300983906 ], [ 2884028.748795583844185, 2055310.62143062800169 ], [ 2884049.62103992048651, 2055305.647524768486619 ], [ 2884049.902957706712186, 2055305.578601450892165 ], [ 2884051.479410405270755, 2055305.128619693452492 ], [ 2884053.025348939932883, 2055304.576582278124988 ], [ 2884054.53396166767925, 2055303.924846251262352 ], [ 2884055.137196512427181, 2055303.631022768793628 ], [ 2884068.737446033395827, 2055296.7826680499129 ], [ 2884069.599274021573365, 2055296.327915804693475 ], [ 2884071.014381491579115, 2055295.485493299318478 ], [ 2884072.373353336006403, 2055294.552987210685387 ], [ 2884073.670647526159883, 2055293.534348944434896 ], [ 2884074.900490312837064, 2055292.433977861423045 ], [ 2884075.858958507888019, 2055291.469884836114943 ], [ 2884083.367633458226919, 2055283.506489724619314 ], [ 2884083.566338443662971, 2055283.293182737659663 ], [ 2884084.645884304307401, 2055282.043816087767482 ], [ 2884085.643384035211056, 2055280.727750676916912 ], [ 2884086.554270021617413, 2055279.350586067186669 ], [ 2884087.083120518829674, 2055278.452106891432777 ], [ 2884093.817263931035995, 2055266.464160330127925 ], [ 2884094.108819734305143, 2055265.930557510117069 ], [ 2884094.83534059394151, 2055264.449453187175095 ], [ 2884095.464928416535258, 2055262.925561741460115 ], [ 2884095.994812102522701, 2055261.365575352683663 ], [ 2884096.078311275225133, 2055261.085323942592368 ], [ 2884096.411686218343675, 2055259.942218591226265 ], [ 2884096.432157114613801, 2055259.871848983224481 ], [ 2884099.674741882830858, 2055248.633186863269657 ], [ 2884099.998704361729324, 2055247.394526260439306 ], [ 2884100.322815841529518, 2055245.782578664133325 ], [ 2884100.541579285636544, 2055244.154836192028597 ], [ 2884100.654204228892922, 2055242.518340108683333 ], [ 2884100.670726749580353, 2055241.667481526732445 ], [ 2884100.690210490487516, 2055233.746359403943643 ], [ 2884100.679793508723378, 2055232.95903636678122 ], [ 2884100.57926209224388, 2055231.32598640746437 ], [ 2884100.372448963113129, 2055229.705306200077757 ], [ 2884100.06033480912447, 2055228.103714242577553 ], [ 2884099.644144706428051, 2055226.528188755968586 ], [ 2884099.125792520586401, 2055224.985582438064739 ], [ 2884099.076053424738348, 2055224.853457120480016 ], [ 2884095.959994074888527, 2055216.647682191804051 ], [ 2884095.39136464567855, 2055215.276525230612606 ], [ 2884094.675763195380569, 2055213.819159681675956 ], [ 2884093.86573142837733, 2055212.413793031126261 ], [ 2884092.96490675676614, 2055211.066659597447142 ], [ 2884091.977110699750483, 2055209.783250163774937 ], [ 2884091.071814845316112, 2055208.746088050771505 ], [ 2884083.284419909119606, 2055200.320407388964668 ], [ 2884083.119195195380598, 2055200.143500202335417 ], [ 2884081.970574807375669, 2055199.004217081703246 ], [ 2884080.748729788698256, 2055197.944207226159051 ], [ 2884079.458960806485265, 2055196.968083278276026 ], [ 2884078.151938628405333, 2055196.108095748815686 ], [ 2884076.837945210747421, 2055195.302933326456696 ], [ 2884076.820748121943325, 2055195.292374313576147 ], [ 2884062.278789116535336, 2055186.398382970597595 ], [ 2884062.250600242055953, 2055186.381205585086718 ], [ 2884061.780057631898671, 2055186.1015061782673 ], [ 2884055.158027415163815, 2055182.266236470080912 ], [ 2884049.168042979203165, 2055174.5883617780637 ], [ 2884040.961016692686826, 2055160.292163578327745 ], [ 2884032.829035260714591, 2055145.108479605056345 ], [ 2884032.042628979310393, 2055143.74729253584519 ], [ 2884031.141805761493742, 2055142.400160792516544 ], [ 2884030.154011149890721, 2055141.116753141162917 ], [ 2884029.168346717953682, 2055139.993114078883082 ], [ 2884019.280265340581536, 2055129.398618309292942 ], [ 2884019.195410628337413, 2055129.308189932722598 ], [ 2884018.046775833237916, 2055128.168810299132019 ], [ 2884016.824948118068278, 2055127.10890107578598 ], [ 2884016.443296868354082, 2055126.805700003169477 ], [ 2884014.378911578096449, 2055125.200083749601617 ], [ 2884014.36282230168581, 2055125.187598589807749 ], [ 2884000.622790795750916, 2055114.519653524970636 ], [ 2883999.730779822915792, 2055113.85931685869582 ], [ 2883999.649600140750408, 2055113.802400449989364 ], [ 2883974.975334999617189, 2055096.547611247049645 ], [ 2883957.870689244009554, 2055081.43731048097834 ], [ 2883957.086975869722664, 2055080.773974609794095 ], [ 2883955.79711105581373, 2055079.797872677212581 ], [ 2883954.983394075185061, 2055079.248229637043551 ], [ 2883954.135066737420857, 2055078.700025378726423 ], [ 2883930.784811433870345, 2055063.567888035904616 ], [ 2883930.221777969971299, 2055063.213861026568338 ], [ 2883928.812761171255261, 2055062.418008089531213 ], [ 2883928.698923352174461, 2055062.358929123729467 ], [ 2883905.868724189698696, 2055050.603242937242612 ], [ 2883904.933377953246236, 2055050.14676717761904 ], [ 2883877.184818705543876, 2055037.332172390306368 ], [ 2883876.774418290238827, 2055037.147305581485853 ], [ 2883875.431304691359401, 2055036.604073021095246 ], [ 2883836.299347284249961, 2055022.117848236812279 ], [ 2883811.114858202636242, 2055011.916624982608482 ], [ 2883810.265842788852751, 2055011.591186301084235 ], [ 2883810.054459323175251, 2055011.515703047160059 ], [ 2883805.790433936752379, 2055010.015503856819123 ], [ 2883795.927643882110715, 2055001.696790537796915 ], [ 2883787.320435478817672, 2054990.501653594896197 ], [ 2883785.032015762291849, 2054980.115485233720392 ], [ 2883785.833400151692331, 2054972.699809540528804 ], [ 2883789.074404670391232, 2054966.40093001187779 ], [ 2883795.120228282175958, 2054960.197235590079799 ], [ 2883795.721076254732907, 2054959.586066833464429 ], [ 2883796.291963788215071, 2054958.986342494608834 ], [ 2883797.371511827223003, 2054957.736971110804006 ], [ 2883798.369014157447964, 2054956.420901584904641 ], [ 2883799.279903152957559, 2054955.043733507394791 ], [ 2883800.100296784192324, 2054953.61155009130016 ], [ 2883800.492403918877244, 2054952.842563384445384 ], [ 2883801.261005563661456, 2054951.269906523637474 ], [ 2883810.607569046318531, 2054944.360917691141367 ], [ 2883818.902967222966254, 2054938.647342283511534 ], [ 2883818.935886179562658, 2054938.624708686955273 ], [ 2883819.274553738534451, 2054938.390559667022899 ], [ 2883836.18430957570672, 2054929.659087445121258 ], [ 2883850.691432112827897, 2054923.196480649057776 ], [ 2883850.701170322485268, 2054923.192170222988352 ], [ 2883852.88898856099695, 2054922.216429111082107 ], [ 2883853.365395996719599, 2054921.997953024227172 ], [ 2883853.567651247605681, 2054921.901656311936677 ], [ 2883863.170839047990739, 2054917.275436757365242 ], [ 2883873.522601895965636, 2054914.335884853731841 ], [ 2883874.392883656546474, 2054914.091475000604987 ], [ 2883875.166707559488714, 2054913.86068799556233 ], [ 2883899.341277124360204, 2054906.227427803212777 ], [ 2883899.453710747882724, 2054906.191622098209336 ], [ 2883900.999653716571629, 2054905.639580857707188 ], [ 2883902.22533918172121, 2054905.119024742860347 ], [ 2883913.978574708569795, 2054899.759178488980979 ], [ 2883914.261507081333548, 2054899.6279951648321 ], [ 2883915.72657563816756, 2054898.879416429437697 ], [ 2883917.141590728424489, 2054898.037009006133303 ], [ 2883918.50066749798134, 2054897.104482508962974 ], [ 2883919.797886167652905, 2054896.085958626819775 ], [ 2883921.027834814507514, 2054894.985567918978631 ], [ 2883922.185015792492777, 2054893.808166564442217 ], [ 2883922.621864728163928, 2054893.322027874179184 ], [ 2883931.423979030456394, 2054883.272245581494644 ], [ 2883931.427572199609131, 2054883.268142177257687 ], [ 2883932.574190141633153, 2054881.958475715480745 ], [ 2883933.213400480337441, 2054881.199332285672426 ], [ 2883934.210909002926201, 2054879.883266479242593 ], [ 2883935.12170569691807, 2054878.506119815865532 ], [ 2883935.942203695420176, 2054877.073921688832343 ], [ 2883936.668847869150341, 2054875.592898575123399 ], [ 2883937.135924967005849, 2054874.490040191449225 ], [ 2883939.907699903473258, 2054867.494269681163132 ], [ 2883947.557556070387363, 2054855.322120701195672 ], [ 2883956.830869964789599, 2054843.52578115882352 ], [ 2883971.829318478703499, 2054830.364476714050397 ], [ 2883971.848131767939776, 2054830.347963885869831 ], [ 2883971.957884946838021, 2054830.251485248561949 ], [ 2883990.349147709086537, 2054816.511853874661028 ], [ 2884010.849258527159691, 2054806.496099891839549 ], [ 2884011.985154863912612, 2054805.905392024898902 ], [ 2884013.400273800361902, 2054805.06297026341781 ], [ 2884014.759273579344153, 2054804.130563748301938 ], [ 2884016.056580385193229, 2054803.111926822690293 ], [ 2884017.286534681916237, 2054802.011539438506588 ], [ 2884018.443622934632003, 2054800.834159224759787 ], [ 2884019.523280657362193, 2054799.58477658033371 ], [ 2884019.760091973468661, 2054799.287947135046124 ], [ 2884031.910207131877542, 2054783.8201378013473 ], [ 2884056.273926800116897, 2054760.756934464909136 ], [ 2884056.302494457922876, 2054760.729921212187037 ], [ 2884056.791217306628823, 2054760.26587594137527 ], [ 2884056.83687795791775, 2054760.222359128994867 ], [ 2884057.99406704865396, 2054759.04496232769452 ], [ 2884058.559769534505904, 2054758.410485333064571 ], [ 2884070.232500005979091, 2054744.876407398842275 ], [ 2884093.996799493674189, 2054724.058261560974643 ], [ 2884094.144726032391191, 2054723.927745396737009 ], [ 2884094.274337550625205, 2054723.8124340379145 ], [ 2884094.934060828760266, 2054723.204539853613824 ], [ 2884095.501758981496096, 2054722.645974494982511 ], [ 2884098.177285871468484, 2054719.929908447666094 ], [ 2884098.766795014962554, 2054719.311176869319752 ], [ 2884099.846359193790704, 2054718.061814757063985 ], [ 2884100.843877546489239, 2054716.745754037285224 ], [ 2884101.754798245616257, 2054715.368692795280367 ], [ 2884102.575207455083728, 2054713.936517135007307 ], [ 2884103.301845195237547, 2054712.455399706494063 ], [ 2884103.931451490148902, 2054710.93151317932643 ], [ 2884104.369461540132761, 2054709.667612624354661 ], [ 2884104.404979643411934, 2054709.555451179854572 ], [ 2884112.258658103179187, 2054685.385525948135182 ], [ 2884112.40386399673298, 2054684.923630660865456 ], [ 2884112.831799472682178, 2054683.334255720023066 ], [ 2884113.15591351268813, 2054681.722214772831649 ], [ 2884113.374612517654896, 2054680.09459395869635 ], [ 2884113.487353530246764, 2054678.458085094112903 ], [ 2884113.493476135656238, 2054676.819908533710986 ], [ 2884113.392961099743843, 2054675.186863519484177 ], [ 2884113.279760778881609, 2054674.198985919822007 ], [ 2884108.144183679949492, 2054636.102430221391842 ], [ 2884108.050571154803038, 2054635.469534079078585 ], [ 2884107.738473041914403, 2054633.867947220336646 ], [ 2884107.322314048651606, 2054632.292525241384283 ], [ 2884106.803960367571563, 2054630.749825204024091 ], [ 2884106.185620991513133, 2054629.246646004728973 ], [ 2884105.470015960279852, 2054627.789186258334666 ], [ 2884104.660011320374906, 2054626.383922272361815 ], [ 2884104.056609151884913, 2054625.460323560284451 ], [ 2884091.018037362489849, 2054606.458054671762511 ], [ 2884090.720609288662672, 2054606.034425428370014 ], [ 2884089.732822661288083, 2054604.751020034076646 ], [ 2884088.662326190620661, 2054603.537053030682728 ], [ 2884087.513795203529298, 2054602.397656722692773 ], [ 2884086.291955821216106, 2054601.33764985576272 ], [ 2884085.002108687534928, 2054600.361645069671795 ], [ 2884083.649687768425792, 2054599.473824965534732 ], [ 2884082.240768215619028, 2054598.677951032994315 ], [ 2884080.781180780380964, 2054597.977524998830631 ], [ 2884080.299486089497805, 2054597.771974424365908 ], [ 2884078.96673530433327, 2054597.220153313362971 ], [ 2884046.439578578341752, 2054583.744518283987418 ], [ 2884016.902040206827223, 2054571.044797621434554 ], [ 2883985.695548579562455, 2054551.413319199346006 ], [ 2883976.960914960131049, 2054539.128426222130656 ], [ 2883998.965515404939651, 2054540.885822536889464 ], [ 2884015.542808638885617, 2054543.555701958015561 ], [ 2884032.334785113111138, 2054551.163368786219507 ], [ 2884032.585121064912528, 2054551.275064619723707 ], [ 2884034.089147950522602, 2054551.877220206893981 ], [ 2884035.631190942600369, 2054552.378322140546516 ], [ 2884037.204559069592506, 2054552.776445461902767 ], [ 2884038.802478827536106, 2054553.069781680358574 ], [ 2884039.055683180689812, 2054553.106201880145818 ], [ 2884064.564846373163164, 2054556.649024131242186 ], [ 2884065.927403898909688, 2054556.799739503767341 ], [ 2884067.553932412993163, 2054556.880137397907674 ], [ 2884069.184463444165885, 2054556.853305825265124 ], [ 2884070.811934587545693, 2054556.71941609447822 ], [ 2884072.429232641123235, 2054556.478953035082668 ], [ 2884072.931812173686922, 2054556.382091462379321 ], [ 2884093.66330180503428, 2054552.165021633496508 ], [ 2884094.761042384430766, 2054551.915986090200022 ], [ 2884096.337610710412264, 2054551.465990429744124 ], [ 2884097.883567712269723, 2054550.913957417244092 ], [ 2884099.392200066708028, 2054550.262226149905473 ], [ 2884100.857283253222704, 2054549.5136552460026 ], [ 2884101.945455866865814, 2054548.876877377508208 ], [ 2884124.732457572128624, 2054534.778636293020099 ], [ 2884125.059315378777683, 2054534.573014741996303 ], [ 2884126.418310296721756, 2054533.640514707425609 ], [ 2884127.715644233394414, 2054532.621981311589479 ], [ 2884128.945609998423606, 2054531.521598854567856 ], [ 2884130.10270987637341, 2054530.344223508378491 ], [ 2884130.993871051352471, 2054529.324955351185054 ], [ 2884151.417178309056908, 2054504.68685329076834 ], [ 2884151.605686835478991, 2054504.456743701128289 ], [ 2884152.603213502559811, 2054503.140685822581872 ], [ 2884153.514126689173281, 2054501.763528852723539 ], [ 2884153.923764866776764, 2054501.075033528730273 ], [ 2884167.784775177016854, 2054476.93437218782492 ], [ 2884168.195555155165493, 2054476.190694829216227 ], [ 2884168.922202358022332, 2054474.709580539725721 ], [ 2884169.551818029023707, 2054473.18569704820402 ], [ 2884170.08164681866765, 2054471.62583504174836 ], [ 2884170.509590421803296, 2054470.036462605232373 ], [ 2884170.833712410181761, 2054468.424424046417698 ], [ 2884170.925101084634662, 2054467.837132848566398 ], [ 2884176.221712706144899, 2054430.951397221768275 ], [ 2884176.349129968322814, 2054429.91105217160657 ], [ 2884176.461879690177739, 2054428.27454578015022 ], [ 2884176.468010684009641, 2054426.636371538974345 ], [ 2884176.367503680754453, 2054425.003328663296998 ], [ 2884176.160713950172067, 2054423.382655286230147 ], [ 2884175.848622070625424, 2054421.781069839373231 ], [ 2884175.432468898128718, 2054420.205649068579078 ], [ 2884174.914120600558817, 2054418.662950043799356 ], [ 2884174.783757624216378, 2054418.321360602043569 ], [ 2884167.595285888761282, 2054399.898908929200843 ], [ 2884167.107298851944506, 2054398.737221618881449 ], [ 2884166.391714515630156, 2054397.27986124670133 ], [ 2884165.581796710845083, 2054395.874481414444745 ], [ 2884164.680985982529819, 2054394.527352287899703 ], [ 2884163.693202195223421, 2054393.243946694070473 ], [ 2884162.622708008624613, 2054392.029979264596477 ], [ 2884161.47408034093678, 2054390.890600229380652 ], [ 2884160.882044136989862, 2054390.358980998164043 ], [ 2884140.407459325157106, 2054372.577212102711201 ], [ 2884139.777673368807882, 2054372.048922456568107 ], [ 2884138.487909744493663, 2054371.072800759924576 ], [ 2884137.135489223990589, 2054370.184980037622154 ], [ 2884135.72648695204407, 2054369.389221745776013 ], [ 2884134.944735340774059, 2054368.999080860987306 ], [ 2884134.555178077891469, 2054368.813456566538662 ], [ 2884091.76105906907469, 2054348.144103711238131 ], [ 2884090.970571887213737, 2054347.779594177380204 ], [ 2884089.46646108198911, 2054347.177553685382009 ], [ 2884089.032379565294832, 2054347.024893630295992 ], [ 2884059.157880645245314, 2054336.838188909459859 ], [ 2884026.578713056165725, 2054323.293049794156104 ], [ 2884025.52361762104556, 2054322.882941037416458 ], [ 2884023.981558220461011, 2054322.381741388933733 ], [ 2884023.087788177654147, 2054322.141946305986494 ], [ 2883983.603545279242098, 2054312.347895334474742 ], [ 2883982.924045012332499, 2054312.189550568116829 ], [ 2883981.326026390306652, 2054311.896234484389424 ], [ 2883979.874079913832247, 2054311.723167336545885 ], [ 2883946.805140983313322, 2054308.772195669589564 ], [ 2883946.641325358301401, 2054308.758130361093208 ], [ 2883945.099936382845044, 2054308.679362717550248 ], [ 2883922.271152094937861, 2054308.225835079327226 ], [ 2883899.46089964453131, 2054302.454799769679084 ], [ 2883868.517604592256248, 2054285.164421495981514 ], [ 2883868.420484865549952, 2054285.110410524299368 ], [ 2883844.911776798777282, 2054272.115459464956075 ], [ 2883848.112202380783856, 2054264.314159727888182 ], [ 2883859.696173314005136, 2054250.470369757851586 ], [ 2883870.348261856473982, 2054238.923263588920236 ], [ 2883879.802001600153744, 2054235.398654278600588 ], [ 2883904.99507102323696, 2054232.391935131046921 ], [ 2883926.209027670323849, 2054234.068618805380538 ], [ 2883953.21849378850311, 2054236.327331474749371 ], [ 2883953.245483235456049, 2054236.329513009404764 ], [ 2883954.872012512292713, 2054236.409906885121018 ], [ 2883956.502544845920056, 2054236.383071479620412 ], [ 2883958.130017819814384, 2054236.249178097350523 ], [ 2883959.747302361764014, 2054236.008613065583631 ], [ 2883961.347723256796598, 2054235.662694269092754 ], [ 2883962.924195839092135, 2054235.21271279733628 ], [ 2883964.470155967865139, 2054234.660676301456988 ], [ 2883965.978791911154985, 2054234.008941838517785 ], [ 2883966.185566820204258, 2054233.910504368832335 ], [ 2883985.346623587887734, 2054224.675695918733254 ], [ 2884020.015079292468727, 2054216.409651960479096 ], [ 2884020.293982179835439, 2054216.341481959680095 ], [ 2884021.870555340312421, 2054215.891484724590555 ], [ 2884023.416419298388064, 2054215.339468288235366 ], [ 2884024.925155908800662, 2054214.687717990716919 ], [ 2884026.390147026628256, 2054213.939164153300226 ], [ 2884027.805282369721681, 2054213.09674598602578 ], [ 2884029.164381793700159, 2054212.164226863766089 ], [ 2884029.285487188026309, 2054212.074707424733788 ], [ 2884052.374017697758973, 2054194.906876114895567 ], [ 2884052.415714081842452, 2054194.875847672112286 ], [ 2884053.169137615710497, 2054194.313259375980124 ], [ 2884054.303563116118312, 2054193.415193111402914 ], [ 2884055.533536961767823, 2054192.314810844138265 ], [ 2884056.246530555654317, 2054191.607447757385671 ], [ 2884061.155337759759277, 2054186.543279901845381 ], [ 2884061.599550961982459, 2054186.073250205488876 ], [ 2884062.679229411296546, 2054184.823873181827366 ], [ 2884063.676665564533323, 2054183.507833652663976 ], [ 2884064.587602719664574, 2054182.130775894736871 ], [ 2884065.408126972150058, 2054180.698585998499766 ], [ 2884065.742753804661334, 2054180.046177085023373 ], [ 2884078.76283043762669, 2054153.744310218375176 ], [ 2884079.154858765657991, 2054152.915605843765661 ], [ 2884079.784400506876409, 2054151.391840285388753 ], [ 2884080.31432050280273, 2054149.831863516941667 ], [ 2884080.742272823117673, 2054148.242493028752506 ], [ 2884081.066419397480786, 2054146.630555195268244 ], [ 2884081.076166115701199, 2054146.571573448134586 ], [ 2884087.042887041345239, 2054110.447657975601032 ], [ 2884087.251939474139363, 2054108.878907461417839 ], [ 2884087.364697792101651, 2054107.242403682088479 ], [ 2884087.370837272610515, 2054105.604232256999239 ], [ 2884087.270338611677289, 2054103.971192395314574 ], [ 2884087.063458640128374, 2054102.350540122017264 ], [ 2884086.751374703831971, 2054100.748958024196327 ], [ 2884086.335213354323059, 2054099.173442203784361 ], [ 2884086.014933323021978, 2054098.18141630385071 ], [ 2884078.206781062297523, 2054075.636509896954522 ], [ 2884072.37979092169553, 2054053.502343945903704 ], [ 2884059.579867040738463, 2053993.528769766679034 ], [ 2884059.499172715470195, 2053993.164133463054895 ], [ 2884059.083029826171696, 2053991.588717336300761 ], [ 2884058.691998432390392, 2053990.395065070362762 ], [ 2884042.148922635242343, 2053943.936036247527227 ], [ 2884032.037321348674595, 2053905.031370392302051 ], [ 2884033.231481303460896, 2053895.224335083737969 ], [ 2884038.308199401944876, 2053888.506123095517978 ], [ 2884047.865408874582499, 2053882.328832432162017 ], [ 2884048.211928344797343, 2053882.108167439233512 ], [ 2884048.257760829292238, 2053882.078921071719378 ], [ 2884048.363220958039165, 2053882.011118737747893 ], [ 2884050.623532490804791, 2053880.549334045033902 ], [ 2884068.397422323934734, 2053875.539726341608912 ], [ 2884090.114999026060104, 2053871.159137897426262 ], [ 2884119.682065487839282, 2053867.874918977264315 ], [ 2884119.787510773167014, 2053867.863006421597674 ], [ 2884121.404920741915703, 2053867.622528659412637 ], [ 2884123.00535355694592, 2053867.276616683462635 ], [ 2884123.57350475108251, 2053867.127135208807886 ], [ 2884171.923949468880892, 2053853.808162582339719 ], [ 2884172.932284596376121, 2053853.507670664926991 ], [ 2884174.478145502507687, 2053852.955562349874526 ], [ 2884175.236311460379511, 2053852.642540375469252 ], [ 2884194.92244481202215, 2053844.140054948627949 ], [ 2884195.349689045920968, 2053843.95083080069162 ], [ 2884208.237494968809187, 2053838.101009366102517 ], [ 2884208.241173871792853, 2053838.099324689945206 ], [ 2884214.339864108711481, 2053844.573468798305839 ], [ 2884226.24580823071301, 2053856.672970236977562 ], [ 2884231.330173810012639, 2053857.190589484293014 ], [ 2884248.074662325438112, 2053877.681846079882234 ], [ 2884267.827893909066916, 2053896.35221986961551 ], [ 2884278.942900620400906, 2053905.399060587631539 ], [ 2884297.178106668405235, 2053918.12042082939297 ], [ 2884313.451508626807481, 2053929.575620832853019 ], [ 2884327.508448029868305, 2053939.882772967452183 ], [ 2884337.521054096519947, 2053949.416443303460255 ], [ 2884341.275658204220235, 2053952.80885748914443 ], [ 2884357.960056959185749, 2053967.110820109024644 ], [ 2884362.851073092781007, 2053971.03586926870048 ], [ 2884379.180328717455268, 2053983.292650126386434 ], [ 2884392.108067314140499, 2053993.584279418224469 ], [ 2884407.309504499658942, 2054008.284194994019344 ], [ 2884416.495576882734895, 2054016.120481802849099 ], [ 2884436.318667317740619, 2054030.943324899300933 ], [ 2884447.756669615861028, 2054038.994874929776415 ], [ 2884459.425094095990062, 2054050.0581381584052 ], [ 2884473.212629302404821, 2054063.390848654322326 ], [ 2884482.382041683420539, 2054074.837989017367363 ], [ 2884496.318220528773963, 2054088.984970011049882 ], [ 2884506.772797759622335, 2054097.618106345878914 ], [ 2884510.917009884491563, 2054103.060813497751951 ], [ 2884523.752661629579961, 2054121.028116115368903 ], [ 2884538.74626733828336, 2054137.594206858891994 ], [ 2884554.087560051120818, 2054151.041423350106925 ], [ 2884572.048301382455975, 2054166.912685414310545 ], [ 2884581.977074671536684, 2054174.600191654870287 ], [ 2884605.322150488849729, 2054190.365968153811991 ], [ 2884627.713915778324008, 2054206.350605987478048 ], [ 2884639.120394698344171, 2054213.357063224539161 ], [ 2884659.018090521916747, 2054223.760493028908968 ], [ 2884664.821481170598418, 2054226.553735661087558 ], [ 2884690.028931566979736, 2054237.672953071305528 ], [ 2884704.514987852424383, 2054242.741084164474159 ], [ 2884716.52537483535707, 2054245.908206548308954 ], [ 2884725.520376560743898, 2054250.444832914276049 ], [ 2884733.532412927597761, 2054256.084889676887542 ], [ 2884747.879378133453429, 2054268.14244855614379 ], [ 2884763.542206887155771, 2054281.568388379877433 ], [ 2884778.278531135059893, 2054294.668898228090256 ], [ 2884784.621730761602521, 2054302.245441405102611 ], [ 2884796.362367326859385, 2054318.107115417020395 ], [ 2884801.066684403922409, 2054323.973604106344283 ], [ 2884812.733995496295393, 2054337.42176978639327 ], [ 2884821.760111337527633, 2054352.057246232870966 ], [ 2884827.863987416028976, 2054360.836530524305999 ], [ 2884841.792279272340238, 2054378.689964570803568 ], [ 2884855.198774526827037, 2054398.658937581349164 ], [ 2884870.071575254201889, 2054419.83165218657814 ], [ 2884884.454092828556895, 2054440.905865672044456 ], [ 2884895.915800366550684, 2054456.39068345236592 ], [ 2884907.390380053780973, 2054474.256323591573164 ], [ 2884886.512071819975972, 2054476.630477279890329 ], [ 2884868.182030146941543, 2054478.783133297460154 ], [ 2884842.685365680605173, 2054484.197909125126898 ], [ 2884828.697448199614882, 2054488.244808144168928 ], [ 2884809.384267227724195, 2054497.812340972246602 ], [ 2884798.620384363457561, 2054504.648034670157358 ], [ 2884774.953732118941844, 2054525.391081142239273 ], [ 2884759.635537166148424, 2054543.66588082909584 ], [ 2884749.007812916301191, 2054558.966657174052671 ], [ 2884742.39631574228406, 2054570.607978930231184 ], [ 2884733.728439597412944, 2054581.806091133039445 ], [ 2884724.663035525009036, 2054591.661410091212019 ], [ 2884713.018026562873274, 2054601.844782673986629 ], [ 2884702.580239733681083, 2054606.57973956502974 ], [ 2884688.772005122154951, 2054614.181993512669578 ], [ 2884670.907189493998885, 2054625.898680729558691 ], [ 2884656.508274774532765, 2054637.309510317863896 ], [ 2884638.796400869265199, 2054654.131550759542733 ], [ 2884619.518122700043023, 2054679.10442378371954 ], [ 2884613.431626094505191, 2054690.149973211809993 ], [ 2884608.711049388162792, 2054697.844123835908249 ], [ 2884605.932937167584896, 2054707.834650184260681 ], [ 2884597.073700501117855, 2054722.455705737229437 ], [ 2884592.304246495477855, 2054733.781802628422156 ], [ 2884590.034853184130043, 2054738.535775989526883 ], [ 2884588.115265564061701, 2054744.927373614162207 ], [ 2884584.987068031914532, 2054755.343394450843334 ], [ 2884581.985959648154676, 2054766.182544837938622 ], [ 2884580.15096348291263, 2054772.152812178712338 ], [ 2884582.443377667106688, 2054781.081138681620359 ], [ 2884580.123442966956645, 2054788.893781690625474 ], [ 2884574.699774204287678, 2054807.159174715634435 ], [ 2884571.228828135412186, 2054831.018760626669973 ], [ 2884570.617906423751265, 2054836.124339375179261 ], [ 2884568.368106367532164, 2054860.067118265666068 ], [ 2884566.209056087769568, 2054877.900025215698406 ], [ 2884561.243312859907746, 2054901.999556854832917 ], [ 2884559.315276322886348, 2054916.779254654655233 ], [ 2884557.910545936785638, 2054941.825881217606366 ], [ 2884558.625919677317142, 2054960.678966984851286 ], [ 2884561.406271012499928, 2054981.581544350134209 ], [ 2884570.089937816374004, 2055010.964740873780102 ], [ 2884580.123961820267141, 2055032.091623705346137 ], [ 2884591.327298691961914, 2055050.250218343222514 ], [ 2884607.418117431923747, 2055070.875105225713924 ], [ 2884613.551825848408043, 2055077.997604474425316 ], [ 2884629.590555752627552, 2055094.874961217865348 ], [ 2884643.816580349113792, 2055109.390002175699919 ], [ 2884659.284570897463709, 2055126.901341863442212 ], [ 2884678.936114682350308, 2055147.165181403048337 ], [ 2884694.554908704943955, 2055162.373800959670916 ], [ 2884711.396314616315067, 2055179.077345674857497 ], [ 2884725.936275545507669, 2055193.668697810731828 ], [ 2884747.055912052281201, 2055209.718150025233626 ], [ 2884765.981948104687035, 2055220.36710340436548 ], [ 2884783.147818076424301, 2055227.946023936383426 ], [ 2884804.314732757396996, 2055234.942150621442124 ], [ 2884819.058036043308675, 2055238.573073414620012 ], [ 2884843.662907583639026, 2055242.642656002659351 ], [ 2884876.428291843272746, 2055242.557892308803275 ], [ 2884898.333271499257535, 2055238.926431389059871 ], [ 2884906.477311142254621, 2055244.671418864978477 ], [ 2884922.113485811278224, 2055251.962955368915573 ], [ 2884938.827075094450265, 2055256.389170709298924 ], [ 2884949.931353415828198, 2055252.13406615681015 ], [ 2884966.639419586863369, 2055257.538569366559386 ], [ 2884976.98465071618557, 2055257.388573991833255 ], [ 2884983.924487981013954, 2055257.944594179978594 ], [ 2885003.217645436991006, 2055255.992557110963389 ], [ 2885018.313127310946584, 2055252.929973473772407 ], [ 2885023.057413795031607, 2055250.310578889213502 ], [ 2885034.622092724777758, 2055247.936290931422263 ], [ 2885038.720369814895093, 2055243.830000395653769 ], [ 2885057.446444087661803, 2055240.099911584053189 ], [ 2885072.082048641517758, 2055241.016428395872936 ], [ 2885083.26572094950825, 2055241.083904510363936 ], [ 2885088.350838656537235, 2055240.827484036330134 ], [ 2885101.223633177578449, 2055239.33555417554453 ], [ 2885112.951645392924547, 2055236.376610548235476 ], [ 2885116.622298590373248, 2055230.299784564645961 ], [ 2885146.556080288253725, 2055236.518128741066903 ], [ 2885163.846767008304596, 2055241.343895304948092 ], [ 2885187.713274247013032, 2055260.003598700044677 ], [ 2885199.87953826226294, 2055268.114828014979139 ], [ 2885210.532382083125412, 2055275.458112240303308 ], [ 2885222.669961811043322, 2055291.524286154424772 ], [ 2885228.013991735409945, 2055297.996579281520098 ], [ 2885236.158030045218766, 2055307.034023692598566 ], [ 2885238.449551765341312, 2055311.492799930740148 ], [ 2885245.401284640654922, 2055331.467439474770799 ], [ 2885253.160913349594921, 2055348.374834627378732 ], [ 2885251.536386236548424, 2055372.375849548494443 ], [ 2885252.031468475237489, 2055391.226836278801784 ], [ 2885253.144557311199605, 2055400.42245514690876 ], [ 2885244.581219946965575, 2055406.433571144938469 ], [ 2885232.117923766374588, 2055418.845369956223294 ], [ 2885221.945696821436286, 2055433.200388439698145 ], [ 2885214.373746048659086, 2055449.062635686947033 ], [ 2885211.880948901176453, 2055457.940646498929709 ], [ 2885210.324818108696491, 2055457.760350160300732 ], [ 2885208.698171406984329, 2055457.679928794037551 ], [ 2885207.067719805985689, 2055457.706701522227377 ], [ 2885205.440230609849095, 2055457.840551014523953 ], [ 2885204.869713263586164, 2055457.913060959195718 ], [ 2885190.889875135850161, 2055459.852846763562411 ], [ 2885188.242659979965538, 2055460.366737045813352 ], [ 2885186.666078014299273, 2055460.81669674650766 ], [ 2885185.305661517195404, 2055461.296342598972842 ], [ 2885157.136147687677294, 2055472.141586633399129 ], [ 2885156.950693328864872, 2055472.213921344140545 ], [ 2885155.441952619701624, 2055472.865638350136578 ], [ 2885154.393196465447545, 2055473.38931858423166 ], [ 2885123.307928011752665, 2055489.815527439815924 ], [ 2885122.891675332095474, 2055490.040271335281432 ], [ 2885121.476541012525558, 2055490.882661036215723 ], [ 2885120.646420549601316, 2055491.436896535102278 ], [ 2885104.281585680320859, 2055502.828862344613299 ], [ 2885103.752609956078231, 2055503.207119749626145 ], [ 2885102.455389422364533, 2055504.225710890023038 ], [ 2885101.225424309726804, 2055505.326072398805991 ], [ 2885100.068228206597269, 2055506.503446753602475 ], [ 2885098.988660829141736, 2055507.752789851045236 ], [ 2885097.991140689700842, 2055509.068833685247228 ], [ 2885097.739553993567824, 2055509.430526627693325 ], [ 2885081.602208624593914, 2055533.050254461588338 ], [ 2885080.94287513801828, 2055534.06560848117806 ], [ 2885080.122369775082916, 2055535.497790171764791 ], [ 2885079.395834070630372, 2055536.97888003801927 ], [ 2885078.76623279042542, 2055538.502759248018265 ], [ 2885078.236321217380464, 2055540.062637130497023 ], [ 2885077.808394377119839, 2055541.652009737910703 ], [ 2885077.484388620592654, 2055543.264032758306712 ], [ 2885077.265602304134518, 2055544.891673845006153 ], [ 2885077.250484155956656, 2055545.04434118559584 ], [ 2885074.920142164453864, 2055569.458734443644062 ], [ 2885074.822516379877925, 2055570.94248230359517 ], [ 2885074.816423727199435, 2055572.580764583777636 ], [ 2885074.916937966831028, 2055574.213720506057143 ], [ 2885075.123767201788723, 2055575.834506064886227 ], [ 2885075.139737698249519, 2055575.932416887255386 ], [ 2885078.872339485213161, 2055598.535111754201353 ], [ 2885079.168485460802913, 2055600.038802205119282 ], [ 2885079.584663545712829, 2055601.614240743918344 ], [ 2885080.103036924265325, 2055603.156959398183972 ], [ 2885080.721396510489285, 2055604.660159196006134 ], [ 2885080.984230828937143, 2055605.224292851286009 ], [ 2885083.557063771411777, 2055610.568108715582639 ], [ 2885098.322626184672117, 2055641.262341823894531 ], [ 2885098.779195092618465, 2055642.163421174511313 ], [ 2885099.589237293228507, 2055643.568808590061963 ], [ 2885100.490089550614357, 2055644.916063299635425 ], [ 2885101.357051984872669, 2055646.051622655009851 ], [ 2885144.298782159108669, 2055698.997825667029247 ], [ 2885144.419612982310355, 2055699.145601994125172 ], [ 2885145.49003448523581, 2055700.359618453774601 ], [ 2885145.864430912770331, 2055700.74793363828212 ], [ 2885185.367870666086674, 2055740.81768090929836 ], [ 2885185.389432271942496, 2055740.839616706129164 ], [ 2885186.667080572806299, 2055742.132215472171083 ], [ 2885214.510095511563122, 2055776.324158909497783 ], [ 2885238.041859664022923, 2055810.510322408750653 ], [ 2885238.318791452329606, 2055810.904124636435881 ], [ 2885239.306603877805173, 2055812.187562761828303 ], [ 2885239.958171279169619, 2055812.946004634024575 ], [ 2885277.493837658315897, 2055854.846259403740987 ], [ 2885277.912694400176406, 2055855.30183735769242 ], [ 2885279.061350208707154, 2055856.441252960823476 ], [ 2885280.28311731852591, 2055857.501316474983469 ], [ 2885280.472951220814139, 2055857.653662048047408 ], [ 2885304.331760466098785, 2055876.599519270239398 ], [ 2885304.348354714456946, 2055876.612622992601246 ], [ 2885306.604810559656471, 2055878.401286411099136 ], [ 2885328.299897824414074, 2055896.96820745896548 ], [ 2885330.803653434384614, 2055900.005649402970448 ], [ 2885314.542405530810356, 2055911.220269737998024 ], [ 2885313.921314094681293, 2055911.662373448954895 ], [ 2885313.205441215075552, 2055912.207759388256818 ], [ 2885279.743979363236576, 2055938.639621253591031 ], [ 2885253.434664589352906, 2055953.922653960064054 ], [ 2885239.162956993561238, 2055950.03097759373486 ], [ 2885218.871453758329153, 2055944.338324177078903 ], [ 2885217.47471890412271, 2055943.990533216390759 ], [ 2885215.876780977007002, 2055943.697153673740104 ], [ 2885214.934478651732206, 2055943.574907087720931 ], [ 2885194.887807408813387, 2055941.364670638926327 ], [ 2885194.214332041796297, 2055941.29973983974196 ], [ 2885192.587789829820395, 2055941.21930129523389 ], [ 2885190.957246905192733, 2055941.246092992369086 ], [ 2885189.329864135012031, 2055941.37992588034831 ], [ 2885187.712475444655865, 2055941.620467608561739 ], [ 2885186.309635668992996, 2055941.917767419479787 ], [ 2885155.288468416314572, 2055949.422575574135408 ], [ 2885155.090982548892498, 2055949.471137036103755 ], [ 2885154.554256509058177, 2055949.611940846778452 ], [ 2885130.319745815824717, 2055956.253730062395334 ], [ 2885113.814608843065798, 2055950.765920112840831 ], [ 2885112.883305215276778, 2055950.476747091859579 ], [ 2885111.309919863939285, 2055950.078583950176835 ], [ 2885109.711886168457568, 2055949.785226123407483 ], [ 2885108.281610442325473, 2055949.614053942263126 ], [ 2885071.075750524178147, 2055946.260007944423705 ], [ 2885070.890349621884525, 2055946.243988493224606 ], [ 2885069.263728212099522, 2055946.163670914014801 ], [ 2885069.185647740028799, 2055946.162480919621885 ], [ 2885027.436579497531056, 2055945.60739495488815 ], [ 2885025.969569218344986, 2055945.631375796627253 ], [ 2884987.834279458038509, 2055947.38111895788461 ], [ 2884957.007767973933369, 2055946.395634984364733 ], [ 2884956.62392094777897, 2055946.386361598037183 ], [ 2884954.99338457826525, 2055946.41316193738021 ], [ 2884953.366008563898504, 2055946.547003457322717 ], [ 2884953.089024424552917, 2055946.580535799264908 ], [ 2884919.937310743145645, 2055950.781000971095636 ], [ 2884916.996580476872623, 2055951.333792299032211 ], [ 2884915.4200169891119, 2055951.783763243583962 ], [ 2884913.874165359884501, 2055952.335755016421899 ], [ 2884912.36544369161129, 2055952.98748238873668 ], [ 2884910.90047007240355, 2055953.736015139846131 ], [ 2884909.485354716423899, 2055954.578414117451757 ], [ 2884908.12627768702805, 2055955.510916038881987 ], [ 2884908.102281135506928, 2055955.528575939126313 ], [ 2884903.593339134939015, 2055958.848502875072882 ], [ 2884887.294337120838463, 2055971.886804673122242 ], [ 2884881.708794600795954, 2055985.406021249480546 ], [ 2884882.257394266314805, 2055993.740453236037865 ], [ 2884886.485484847333282, 2056009.905249001691118 ], [ 2884887.32404696661979, 2056013.111499540507793 ], [ 2884909.505800792947412, 2056044.399321186821908 ], [ 2884932.707434044685215, 2056063.834505 ], [ 2885037.717316813766956, 2056063.834505 ], [ 2885025.913795074447989, 2056053.493878799024969 ], [ 2885025.205579662229866, 2056052.896891466109082 ], [ 2885023.915692986920476, 2056051.920754465973005 ], [ 2885022.563265700824559, 2056051.032998617971316 ], [ 2885022.452581317164004, 2056050.965835890732706 ], [ 2885009.027392554096878, 2056042.877708501182497 ], [ 2884975.396423581056297, 2056020.834884543437511 ], [ 2884966.024441288784146, 2056014.258331881603226 ], [ 2884961.61785370670259, 2056009.536199493566528 ], [ 2884978.328102515079081, 2056007.437151457648724 ], [ 2885016.666065073572099, 2056008.939629559637979 ], [ 2885057.490852824412286, 2056012.574963122839108 ], [ 2885113.659362640231848, 2056022.058565442916006 ], [ 2885133.626893062144518, 2056024.215931609505787 ], [ 2885141.679090497083962, 2056023.018932747188956 ], [ 2885166.87605297844857, 2056013.763706096680835 ], [ 2885186.42627726495266, 2056008.62055447534658 ], [ 2885190.857042964547873, 2056007.757130736717954 ], [ 2885250.371655236929655, 2056018.24213860463351 ], [ 2885272.810190779156983, 2056016.85745160211809 ], [ 2885283.182793677318841, 2056015.291442355141044 ], [ 2885294.598800557665527, 2056008.384411760605872 ], [ 2885322.370975786820054, 2055986.89015846606344 ], [ 2885322.840360375586897, 2055986.517992787295952 ], [ 2885367.92192275216803, 2055949.91426905314438 ], [ 2885368.234389459714293, 2055949.656403557630256 ], [ 2885369.102142279036343, 2055948.89499009703286 ], [ 2885391.498349307570606, 2055928.335504326503724 ], [ 2885398.831455291248858, 2055940.327639510622248 ], [ 2885406.156731708906591, 2055965.402996783144772 ], [ 2885380.160375857260078, 2055982.963530887849629 ], [ 2885357.364345469512045, 2056000.042092447401956 ], [ 2885327.088999480009079, 2056026.348319734679535 ], [ 2885295.653685191646218, 2056063.834505 ], [ 2886068.965304965153337, 2056063.834505 ], [ 2886065.641550423577428, 2056061.004956007469445 ], [ 2886060.128173125907779, 2056056.646336178528145 ], [ 2886041.07454272126779, 2056042.675747375469655 ], [ 2886018.355445137247443, 2056025.366811306914315 ], [ 2885996.135487535968423, 2056009.377330100396648 ], [ 2885965.250390876550227, 2055994.594524576328695 ], [ 2885939.97022632136941, 2055987.608660956611857 ], [ 2885930.500480011105537, 2055985.490900405682623 ], [ 2885913.217296819668263, 2055984.063958903774619 ], [ 2885895.889814076945186, 2055985.680174421519041 ], [ 2885877.411766733974218, 2055990.909290610812604 ], [ 2885869.861029527150095, 2055993.846389631507918 ], [ 2885847.276658426970243, 2056006.111593007808551 ], [ 2885842.866801577620208, 2056009.283728056587279 ], [ 2885831.457050913479179, 2056018.817088754847646 ], [ 2885814.959779412485659, 2056029.441688695224002 ], [ 2885808.763335084542632, 2056026.143445621011779 ], [ 2885801.806593385525048, 2056022.757537711411715 ], [ 2885780.232391535304487, 2056015.23856848012656 ], [ 2885771.556664780713618, 2056013.315866806311533 ], [ 2885760.295746146701276, 2056011.499133118661121 ], [ 2885737.112766559235752, 2056009.127622644882649 ], [ 2885707.220160315744579, 2056010.610802772920579 ], [ 2885686.584090493619442, 2056014.797360219294205 ], [ 2885658.157547173090279, 2056025.19376523187384 ], [ 2885632.943147677928209, 2056035.109212037641555 ], [ 2885637.381545955780894, 2056023.598183210473508 ], [ 2885639.323355139233172, 2056017.936266608303413 ], [ 2885645.218258908484131, 2055998.956127720186487 ], [ 2885648.01791051030159, 2055987.731003468623385 ], [ 2885649.785119107924402, 2055970.331510874209926 ], [ 2885648.524499312508851, 2055952.948544523445889 ], [ 2885647.228508851490915, 2055946.336447484092787 ], [ 2885645.428607788868248, 2055938.560768201481551 ], [ 2885633.338021375238895, 2055909.114271342288703 ], [ 2885627.473230705130845, 2055899.822506480384618 ], [ 2885612.322485803626478, 2055877.725712005980313 ], [ 2885601.711733778007329, 2055857.317701899912208 ], [ 2885592.762557708192617, 2055841.756029872922227 ], [ 2885583.029273303225636, 2055822.363825254840776 ], [ 2885574.84074111096561, 2055805.12336447276175 ], [ 2885571.351276992820203, 2055796.323055593995377 ], [ 2885568.300773464608938, 2055783.143983636284247 ], [ 2885565.614123797044158, 2055765.048058032058179 ], [ 2885563.91357603110373, 2055746.552568352082744 ], [ 2885562.015735565219074, 2055721.15261674975045 ], [ 2885560.851441067643464, 2055711.68199224374257 ], [ 2885554.9211564832367, 2055677.172223802423105 ], [ 2885553.79703777236864, 2055671.592620635870844 ], [ 2885550.647398767992854, 2055657.985235127387568 ], [ 2885546.305169393774122, 2055644.020341202616692 ], [ 2885537.293523301370442, 2055621.170317706651986 ], [ 2885530.80052567506209, 2055601.837025818182155 ], [ 2885522.440409613307565, 2055578.436924886656925 ], [ 2885516.738577783107758, 2055561.156551073538139 ], [ 2885507.077715586405247, 2055535.194515889044851 ], [ 2885503.360553554724902, 2055520.491251838859171 ], [ 2885500.517668202519417, 2055509.245764992199838 ], [ 2885498.983359364327043, 2055503.686338777421042 ], [ 2885493.413294780533761, 2055483.503813657676801 ], [ 2885486.492133172228932, 2055462.24553663469851 ], [ 2885480.776549431029707, 2055443.888989206636325 ], [ 2885479.117823504842818, 2055431.81644162745215 ], [ 2885477.724823721684515, 2055415.527652769815177 ], [ 2885477.269607294816524, 2055403.884771293727681 ], [ 2885478.766079881228507, 2055390.144245231291279 ], [ 2885478.995360259432346, 2055370.668237550882623 ], [ 2885477.187003901228309, 2055349.520101193338633 ], [ 2885475.985659601166844, 2055340.420997575158253 ], [ 2885472.458243675064296, 2055320.736287075327709 ], [ 2885470.389157876837999, 2055311.662214113865048 ], [ 2885464.243064730428159, 2055289.552748345769942 ], [ 2885460.493278727401048, 2055278.599005516152829 ], [ 2885449.507362503092736, 2055251.767616476863623 ], [ 2885441.49594874959439, 2055229.342796551063657 ], [ 2885432.622057639062405, 2055210.864616121165454 ], [ 2885417.800287593621761, 2055186.832539232913405 ], [ 2885407.271825096569955, 2055172.77882263273932 ], [ 2885392.478326162323356, 2055156.36237441143021 ], [ 2885379.738579199649394, 2055140.526180550456047 ], [ 2885370.058854126371443, 2055130.149111384525895 ], [ 2885355.117740991991013, 2055116.316194729413837 ], [ 2885337.963491211645305, 2055099.728231917601079 ], [ 2885323.857075268402696, 2055085.571930866222829 ], [ 2885320.169036046601832, 2055082.060470336349681 ], [ 2885303.259115459397435, 2055066.786546532763168 ], [ 2885278.340166892390698, 2055050.452319778501987 ], [ 2885256.498358756303787, 2055040.540208433754742 ], [ 2885247.851401600986719, 2055037.10473944270052 ], [ 2885228.14230627566576, 2055030.348281321115792 ], [ 2885203.609517337288707, 2055022.145079514477402 ], [ 2885188.974355943500996, 2055018.479198455810547 ], [ 2885163.747929709497839, 2055014.191790313459933 ], [ 2885140.455303447321057, 2055009.462380320997909 ], [ 2885122.701991504523903, 2055007.512040600646287 ], [ 2885095.706515995785594, 2055007.096009189495817 ], [ 2885069.68553445674479, 2055007.787639192771167 ], [ 2885048.374470988288522, 2055009.058437461731955 ], [ 2885031.612166007980704, 2055015.5055113628041 ], [ 2885014.284670882858336, 2055017.121973029104993 ], [ 2884997.439413571264595, 2055021.73238954693079 ], [ 2884981.588021888397634, 2055029.196675731567666 ], [ 2884975.098345606587827, 2055023.21109227463603 ], [ 2884952.365251936018467, 2055022.783680082764477 ], [ 2884947.164539474528283, 2055022.822313338285312 ], [ 2884927.741857615299523, 2055023.475840168306604 ], [ 2884915.365215120837092, 2055022.879262869711965 ], [ 2884902.866670507006347, 2055020.341338726924732 ], [ 2884894.393937030807137, 2055017.681269618449733 ], [ 2884881.484401537105441, 2055011.49234982021153 ], [ 2884871.515213626436889, 2055006.575222917599604 ], [ 2884863.102093338500708, 2054999.140992132714018 ], [ 2884851.604415869340301, 2054990.416218894533813 ], [ 2884831.031524865422398, 2054977.097078241175041 ], [ 2884809.750860724598169, 2054966.755548218032345 ], [ 2884801.997969622723758, 2054964.096696334658191 ], [ 2884797.466808199882507, 2054958.464169159065932 ], [ 2884791.62408344913274, 2054951.842226551147178 ], [ 2884775.7004086044617, 2054933.679143782937899 ], [ 2884779.0026009012945, 2054924.146815337706357 ], [ 2884786.318189333193004, 2054899.097891438053921 ], [ 2884792.584583307616413, 2054878.426733057713136 ], [ 2884794.621639266144484, 2054870.604077243246138 ], [ 2884799.617184084840119, 2054847.73639150406234 ], [ 2884801.026657272130251, 2054839.780912388814613 ], [ 2884804.078148973640054, 2054817.404604376293719 ], [ 2884805.94302688119933, 2054803.731168362079188 ], [ 2884808.094480973668396, 2054797.954792018746957 ], [ 2884811.753952133469284, 2054793.516652694903314 ], [ 2884836.872463112697005, 2054782.024352034786716 ], [ 2884857.733449939638376, 2054769.25797902001068 ], [ 2884875.964229088276625, 2054749.850078091258183 ], [ 2884883.223882439080626, 2054748.16526689985767 ], [ 2884888.941476941574365, 2054741.591519251000136 ], [ 2884895.012688932940364, 2054735.250017925631255 ], [ 2884907.174148573540151, 2054722.54681532504037 ], [ 2884917.346417224034667, 2054708.191701812902465 ], [ 2884921.012523275800049, 2054701.373663887148723 ], [ 2884926.715975619386882, 2054701.076777588808909 ], [ 2884937.71567129297182, 2054701.188498059753329 ], [ 2884945.477589138317853, 2054701.267209787620232 ], [ 2884956.480816911440343, 2054703.121140484698117 ], [ 2884961.809514624066651, 2054702.852581227431074 ], [ 2884977.618529476691037, 2054705.305517483036965 ], [ 2884996.280399180948734, 2054708.944160967599601 ], [ 2885013.563571941573173, 2054710.370730199851096 ], [ 2885030.762774233706295, 2054708.77745642629452 ], [ 2885050.116077925078571, 2054703.340582771692425 ], [ 2885059.927347381599247, 2054700.584435472032055 ], [ 2885067.341845418326557, 2054701.436069171642885 ], [ 2885076.37370184995234, 2054698.964145315345377 ], [ 2885084.221692563034594, 2054695.268662193091586 ], [ 2885092.225113782100379, 2054691.49992723739706 ], [ 2885099.559284669347107, 2054686.310610801912844 ], [ 2885106.949112597852945, 2054680.600157657638192 ], [ 2885113.476977277547121, 2054675.555731575237587 ], [ 2885123.098004313185811, 2054666.366569755366072 ], [ 2885127.800357031170279, 2054660.015581939602271 ], [ 2885136.112963596358895, 2054648.789076260523871 ], [ 2885143.685176893137395, 2054632.926887933164835 ], [ 2885148.427144267596304, 2054616.039491357514635 ], [ 2885160.387029026634991, 2054602.531058572465554 ], [ 2885167.959264852106571, 2054586.668878776021302 ], [ 2885172.914350838400424, 2054568.622789832297713 ], [ 2885174.255729439668357, 2054561.081820141756907 ], [ 2885175.810315418522805, 2054544.84163469565101 ], [ 2885174.549882874824107, 2054527.45884914835915 ], [ 2885173.254517933353782, 2054520.848553188610822 ], [ 2885171.679865493439138, 2054514.044905739603564 ], [ 2885167.133575521409512, 2054499.565585467498749 ], [ 2885157.39720705896616, 2054475.277273257728666 ], [ 2885153.915477311238647, 2054467.570700597949326 ], [ 2885138.716459193266928, 2054437.461232376750559 ], [ 2885135.841688718646765, 2054432.176636586198583 ], [ 2885122.217244806699455, 2054408.870938049629331 ], [ 2885119.364178803749382, 2054404.286606834502891 ], [ 2885105.611877074465156, 2054383.699267213698477 ], [ 2885090.98930196557194, 2054363.747116962680593 ], [ 2885077.687068982049823, 2054342.939235398545861 ], [ 2885064.01925253868103, 2054323.162049218546599 ], [ 2885051.914611574262381, 2054305.299011872848496 ], [ 2885037.911838296800852, 2054284.397073414642364 ], [ 2885034.210554258897901, 2054279.243816740810871 ], [ 2885019.539617116563022, 2054260.207692000782117 ], [ 2885009.381992322392762, 2054247.625060997437686 ], [ 2885001.462504162453115, 2054232.883567445212975 ], [ 2884990.640541956294328, 2054211.825443784939125 ], [ 2884971.744765827897936, 2054186.348924450110644 ], [ 2884958.609570850618184, 2054173.647137307329103 ], [ 2884946.845053536817431, 2054158.074192606378347 ], [ 2884941.501218538731337, 2054151.601952115539461 ], [ 2884924.888849103823304, 2054133.166603992925957 ], [ 2884917.973180981352925, 2054126.231015805155039 ], [ 2884898.325288133695722, 2054108.424351091962308 ], [ 2884881.415656745433807, 2054093.150541885755956 ], [ 2884877.061273937113583, 2054089.444610772887245 ], [ 2884855.589014397002757, 2054072.237451971974224 ], [ 2884847.964081384241581, 2054066.713673361577094 ], [ 2884829.785470987670124, 2054054.846928224200383 ], [ 2884815.449256516061723, 2054047.121522926725447 ], [ 2884796.001366540323943, 2054038.661888635484502 ], [ 2884781.637119093444198, 2054033.706229197327048 ], [ 2884762.765553585253656, 2054028.801223603542894 ], [ 2884752.994075286202133, 2054025.073476424440742 ], [ 2884744.369369585998356, 2054019.056685210671276 ], [ 2884736.444481019861996, 2054014.079207228962332 ], [ 2884720.215459016151726, 2054004.947478371672332 ], [ 2884704.937448911368847, 2053995.017669840017334 ], [ 2884689.334604539908469, 2053984.015931934816763 ], [ 2884685.808984696865082, 2053976.680635338183492 ], [ 2884670.997519024182111, 2053954.353275820380077 ], [ 2884648.697806217707694, 2053929.124755454482511 ], [ 2884643.693506745621562, 2053923.872844845522195 ], [ 2884625.226261886768043, 2053905.976765005383641 ], [ 2884606.984088630415499, 2053889.443852393655106 ], [ 2884591.249363049864769, 2053874.136837580474094 ], [ 2884567.999805378261954, 2053852.318932176567614 ], [ 2884547.53964689001441, 2053834.941733819898218 ], [ 2884527.741646937094629, 2053819.628038252936676 ], [ 2884507.772698228247464, 2053803.990506175206974 ], [ 2884482.684724144171923, 2053785.100254360819235 ], [ 2884464.127168394625187, 2053772.054062725277618 ], [ 2884436.779497474431992, 2053753.640623022802174 ], [ 2884425.194974216166884, 2053746.610797095810995 ], [ 2884420.810822295490652, 2053742.926169158425182 ], [ 2884410.991540419403464, 2053730.33948041475378 ], [ 2884391.514824273996055, 2053711.520592435030267 ], [ 2884372.696651743724942, 2053697.857788347406313 ], [ 2884370.809951089788228, 2053689.704571878537536 ], [ 2884370.176752387080342, 2053676.349018009612337 ], [ 2884366.251517321914434, 2053655.622848897706717 ], [ 2884364.45001865318045, 2053649.211549633648247 ], [ 2884361.547321782447398, 2053638.880612878827378 ], [ 2884354.436722598969936, 2053623.099338136380538 ], [ 2884344.681566107552499, 2053608.853802918456495 ], [ 2884332.57825867831707, 2053596.577052261447534 ], [ 2884327.447633968666196, 2053592.95786943519488 ], [ 2884321.682732179295272, 2053584.431361754192039 ], [ 2884312.945311917923391, 2053571.508713545976207 ], [ 2884299.533516351133585, 2053558.048904319293797 ], [ 2884281.5786491651088, 2053538.573126270668581 ], [ 2884269.854503216221929, 2053530.028108154190704 ], [ 2884264.436934189870954, 2053524.604791410733014 ], [ 2884257.050579305738211, 2053516.669834663160145 ], [ 2884243.667568475008011, 2053507.816619873745367 ], [ 2884237.10169127676636, 2053494.358920409111306 ], [ 2884232.949522303882986, 2053488.9583862030413 ], [ 2884234.132822318002582, 2053481.412070392165333 ], [ 2884235.538561810739338, 2053456.365560525562614 ], [ 2884232.299138891045004, 2053424.864561456721276 ], [ 2884224.804450715892017, 2053396.923281931551173 ], [ 2884210.346470513381064, 2053365.948449002578855 ], [ 2884204.209146314300597, 2053357.211113501805812 ], [ 2884199.678777273744345, 2053351.262014915468171 ], [ 2884187.575533410534263, 2053338.985417382093146 ], [ 2884175.17036394122988, 2053330.046039754524827 ], [ 2884166.310578380245715, 2053324.692563368938863 ], [ 2884150.674389314837754, 2053317.401487305061892 ], [ 2884133.960772390943021, 2053312.975517576560378 ], [ 2884125.962812250945717, 2053312.168096235254779 ], [ 2884113.155312087386847, 2053308.790706126252189 ], [ 2884103.020549844950438, 2053306.683907567989081 ], [ 2884079.707721780985594, 2053303.228666555602103 ], [ 2884083.228429508861154, 2053294.2116063258145 ], [ 2884091.018236367963254, 2053270.389973567565903 ], [ 2884100.447227032855153, 2053245.078375044511631 ], [ 2884102.645844873506576, 2053238.503931992687285 ], [ 2884109.406238202471286, 2053215.751918672351167 ], [ 2884115.482861660420895, 2053196.165410882327706 ], [ 2884122.423619837500155, 2053172.806665407726541 ], [ 2884124.297483439557254, 2053165.528673411346972 ], [ 2884129.294157353695482, 2053142.661231460049748 ], [ 2884131.188799190334976, 2053130.496030197711661 ], [ 2884133.566871987655759, 2053105.203839526511729 ], [ 2884134.006922730710357, 2053096.577074977103621 ], [ 2884134.218704937025905, 2053069.595926612615585 ], [ 2884134.107237720862031, 2053045.174786070827395 ], [ 2884133.569464774802327, 2053020.619656596099958 ], [ 2884133.031702701002359, 2052996.064530435483903 ], [ 2884132.49373883754015, 2052971.509344921912998 ], [ 2884131.434850958175957, 2052959.011116244830191 ], [ 2884127.756133308168501, 2052934.220908622955903 ], [ 2884120.688073265366256, 2052909.425776803167537 ], [ 2884113.944679051171988, 2052893.856437404174358 ], [ 2884107.496226025279611, 2052873.14171003876254 ], [ 2884099.246110780164599, 2052854.041396068874747 ], [ 2884087.044341886416078, 2052832.43387743528001 ], [ 2884078.022642129100859, 2052819.147707127500325 ], [ 2884062.157825119793415, 2052799.494720094837248 ], [ 2884057.413671138230711, 2052794.04570616572164 ], [ 2884041.026670612860471, 2052776.582255465211347 ], [ 2884035.437049240805209, 2052771.088414904894307 ], [ 2884018.034474906511605, 2052755.316133723128587 ], [ 2884000.57644584774971, 2052737.502097122604027 ], [ 2883985.762621642556041, 2052721.715014508692548 ], [ 2883969.47706444375217, 2052703.44025890622288 ], [ 2883958.760556066874415, 2052689.501747635891661 ], [ 2883945.347141918726265, 2052671.57953674485907 ], [ 2883935.289208778180182, 2052657.025145042687654 ], [ 2883930.851982567925006, 2052648.962331025162712 ], [ 2883928.962363756261766, 2052642.069861650466919 ], [ 2883926.128278279677033, 2052622.40244976291433 ], [ 2883933.783118032850325, 2052612.388842646265402 ], [ 2883946.274181315675378, 2052594.849043375812471 ], [ 2883956.793861625250429, 2052591.654462246689945 ], [ 2883981.8260194696486, 2052586.263380564749241 ], [ 2884002.237975314259529, 2052581.105080921668559 ], [ 2884009.099139736965299, 2052579.109999092528597 ], [ 2884035.865251990966499, 2052570.288359130732715 ], [ 2884059.657474417239428, 2052558.832581746624783 ], [ 2884076.8581204675138, 2052547.599417992867529 ], [ 2884092.535460045561194, 2052539.030830938136205 ], [ 2884108.6609832723625, 2052531.04908500588499 ], [ 2884125.043054136447608, 2052524.347463371930644 ], [ 2884139.308154223486781, 2052517.157214367529377 ], [ 2884155.241120937280357, 2052507.492408603895456 ], [ 2884159.80355338472873, 2052505.222178640076891 ], [ 2884170.371327241882682, 2052499.963684930931777 ], [ 2884175.787084624171257, 2052497.784529004245996 ], [ 2884186.223127392120659, 2052492.499230013228953 ], [ 2884190.371050675399601, 2052489.587653013877571 ], [ 2884204.30307400226593, 2052479.326878010993823 ], [ 2884213.063475565053523, 2052469.996023792773485 ], [ 2884232.823908966965973, 2052456.130420713918284 ], [ 2884245.272168433759362, 2052443.962002276675776 ], [ 2884250.951709639281034, 2052437.382873451337218 ], [ 2884257.321801854297519, 2052429.206210208823904 ], [ 2884260.862122510094196, 2052424.156933739315718 ], [ 2884265.976363016292453, 2052421.775213449029252 ], [ 2884287.046002330258489, 2052413.807195330969989 ], [ 2884317.117954071145505, 2052396.035150557523593 ], [ 2884332.590071403421462, 2052382.866238501155749 ], [ 2884339.28280471637845, 2052376.636211325414479 ], [ 2884356.771314857527614, 2052358.842805749736726 ], [ 2884367.650082377716899, 2052345.772220384329557 ], [ 2884380.800848126411438, 2052327.017410554690287 ], [ 2884384.25759474793449, 2052321.752127785934135 ], [ 2884395.464441927615553, 2052303.488573052221909 ], [ 2884406.563295187428594, 2052278.397394809871912 ], [ 2884411.713244576472789, 2052260.635256231995299 ], [ 2884413.955370914191008, 2052251.269316383404657 ], [ 2884415.723617528099567, 2052233.870125915855169 ], [ 2884415.370671871118248, 2052223.858827896416187 ], [ 2884413.564046934712678, 2052202.711061089998111 ], [ 2884408.795425759628415, 2052179.637245304416865 ], [ 2884401.741243150085211, 2052158.58234012266621 ], [ 2884394.631054958328605, 2052142.800968135939911 ], [ 2884384.876182747073472, 2052128.555632376112044 ], [ 2884379.299537643790245, 2052122.352666890947148 ], [ 2884371.218634924385697, 2052114.106774061219767 ], [ 2884347.232316779904068, 2052096.230136993341148 ], [ 2884329.777725636959076, 2052087.020437903469428 ], [ 2884307.031426076311618, 2052072.465971167199314 ], [ 2884287.881274209823459, 2052060.844694691011682 ], [ 2884274.619732495862991, 2052054.129084428306669 ], [ 2884255.735903924331069, 2052046.318772157886997 ], [ 2884240.024501413106918, 2052038.671305735129863 ], [ 2884224.721912667155266, 2052030.105990541633219 ], [ 2884218.686821340117604, 2052027.000170082319528 ], [ 2884200.211320103146136, 2052018.294736217707396 ], [ 2884187.109483573585749, 2052013.241744817933068 ], [ 2884165.395157236605883, 2052009.779348011361435 ], [ 2884158.117581907659769, 2052003.700856253504753 ], [ 2884154.219282334670424, 2052000.251010610722005 ], [ 2884144.62226721458137, 2051994.135715835029259 ], [ 2884140.180917288176715, 2051990.256498210132122 ], [ 2884132.3564453125, 2051983.475589379901066 ], [ 2884123.660401137080044, 2051975.939753429498523 ], [ 2884118.590456495992839, 2051973.174741803435609 ], [ 2884099.124930127523839, 2051962.558858074480668 ], [ 2884074.367668881081045, 2051953.383366010384634 ], [ 2884065.003085256554186, 2051950.439430688973516 ], [ 2884054.745936498045921, 2051947.773467530263588 ], [ 2884048.968407568521798, 2051944.267369641223922 ], [ 2884027.064887579064816, 2051931.036667000735179 ], [ 2884012.606993320398033, 2051922.901219297200441 ], [ 2884006.330338012427092, 2051918.437029362190515 ], [ 2883993.306452716700733, 2051906.097427077591419 ], [ 2883978.817077726125717, 2051892.681591899134219 ], [ 2883962.64158248109743, 2051876.637236149050295 ], [ 2883956.749881562776864, 2051871.256097421981394 ], [ 2883938.869095031172037, 2051856.227721720933914 ], [ 2883929.191908073611557, 2051849.071345622418448 ], [ 2883908.620040624402463, 2051835.751912038307637 ], [ 2883882.65986067103222, 2051823.935426167678088 ], [ 2883861.718055302742869, 2051817.910763655323535 ], [ 2883829.522132506594062, 2051814.21172263356857 ], [ 2883809.182446893304586, 2051815.236435615690425 ], [ 2883779.116550870705396, 2051821.466867386596277 ], [ 2883766.675187080167234, 2051826.206150660058483 ], [ 2883742.30251862667501, 2051836.480376596795395 ], [ 2883733.022930239792913, 2051840.958420024253428 ], [ 2883709.509272073861212, 2051853.85602169833146 ], [ 2883688.517838794738054, 2051866.109711312921718 ], [ 2883666.711356493644416, 2051878.38729227730073 ], [ 2883645.929435227997601, 2051890.840572379762307 ], [ 2883639.38906355202198, 2051895.107103489106521 ], [ 2883616.975549879483879, 2051911.017677158117294 ], [ 2883608.255074243061244, 2051917.527065062662587 ], [ 2883607.250241274945438, 2051899.266500293277204 ], [ 2883600.49637794168666, 2051868.30183030012995 ], [ 2883590.536242160480469, 2051843.04137198952958 ], [ 2883573.238757205195725, 2051814.606820590794086 ], [ 2883559.24584922939539, 2051798.595838807057589 ], [ 2883551.354321205057204, 2051790.560148308519274 ], [ 2883533.951907880604267, 2051774.787736411206424 ], [ 2883520.225488578900695, 2051760.781177055556327 ], [ 2883501.255985715426505, 2051740.932630512164906 ], [ 2883485.364839047659189, 2051724.493630942190066 ], [ 2883474.279020933434367, 2051711.809127006679773 ], [ 2883461.079102054703981, 2051695.399196502286941 ], [ 2883456.23022696049884, 2051689.820178619818762 ], [ 2883447.835928463377059, 2051680.87414866196923 ], [ 2883437.928560388274491, 2051668.557489233324304 ], [ 2883423.872644824441522, 2051648.339126194361597 ], [ 2883408.980317549780011, 2051628.440451178466901 ], [ 2883403.569546745158732, 2051621.836794623872265 ], [ 2883391.315535045228899, 2051608.155301670311019 ], [ 2883383.053388626780361, 2051594.757142165675759 ], [ 2883370.945702016819268, 2051574.515828024130315 ], [ 2883359.419199040625244, 2051555.82408158108592 ], [ 2883350.327272947877645, 2051541.080510409548879 ], [ 2883339.294912699609995, 2051524.606265790760517 ], [ 2883345.315457958728075, 2051515.99582574958913 ], [ 2883353.468593832571059, 2051495.204130492871627 ], [ 2883354.417474558576941, 2051487.144717882620171 ], [ 2883360.467832894064486, 2051470.922199726104736 ], [ 2883363.296583592891693, 2051447.573954214109108 ], [ 2883364.014891317114234, 2051437.196381681598723 ], [ 2883364.309996308758855, 2051420.375357826706022 ], [ 2883366.328371748328209, 2051398.919030359247699 ], [ 2883366.771382096689194, 2051389.083751980913803 ], [ 2883366.615376221016049, 2051363.121573040494695 ], [ 2883365.628806075081229, 2051336.622588120400906 ], [ 2883365.17026941338554, 2051330.077257283730432 ], [ 2883362.345197788905352, 2051303.096649310784414 ], [ 2883359.566996922716498, 2051282.194276539608836 ], [ 2883350.943130319472402, 2051254.034526338567957 ], [ 2883353.698446949012578, 2051248.113311141729355 ], [ 2883358.758702478371561, 2051234.936040620552376 ], [ 2883366.970081997103989, 2051208.170154764316976 ], [ 2883371.313832528889179, 2051183.5215722580906 ], [ 2883372.234076388180256, 2051165.376854311907664 ], [ 2883374.298967712558806, 2051148.91137625859119 ], [ 2883375.084814032539725, 2051136.292794143781066 ], [ 2883375.07144552981481, 2051111.523614020552486 ], [ 2883375.87995498534292, 2051090.642316580517218 ], [ 2883375.879180622287095, 2051082.831156228203326 ], [ 2883375.133842554409057, 2051063.713446828536689 ], [ 2883375.24607427418232, 2051042.086280014831573 ], [ 2883374.836502596735954, 2051016.76210839045234 ], [ 2883375.80128119699657, 2050997.712699186522514 ], [ 2883377.087130343541503, 2050966.734232094604522 ], [ 2883377.000173477455974, 2050944.12304264283739 ], [ 2883376.42129819560796, 2050933.737378669669852 ], [ 2883376.877385677304119, 2050918.981936997268349 ], [ 2883378.554281483404338, 2050914.161482965108007 ], [ 2883380.346134008839726, 2050908.564560655970126 ], [ 2883383.411971545778215, 2050896.49810187285766 ], [ 2883385.180396283976734, 2050879.099011189304292 ], [ 2883384.998641039244831, 2050871.407971954904497 ], [ 2883384.286064545158297, 2050861.266976442420855 ], [ 2883382.757783922366798, 2050846.44069567299448 ], [ 2883384.150440108031034, 2050829.466907355701551 ], [ 2883384.375937446020544, 2050816.471446848940104 ], [ 2883383.317231753375381, 2050794.105941846733913 ], [ 2883382.347307711839676, 2050784.161961557343602 ], [ 2883379.336256376467645, 2050763.863201514817774 ], [ 2883378.333505135960877, 2050746.103684205329046 ], [ 2883377.760993595700711, 2050739.007219972321764 ], [ 2883377.05720507260412, 2050730.284184490796179 ], [ 2883374.334558594040573, 2050711.608929843874648 ], [ 2883373.275755614973605, 2050705.344841174781322 ], [ 2883371.615951221436262, 2050694.730605334741995 ], [ 2883370.872654315084219, 2050688.594831405207515 ], [ 2883369.338969874195755, 2050682.8835382044781 ], [ 2883368.063866838812828, 2050672.069879658520222 ], [ 2883366.020857200026512, 2050654.744792726589367 ], [ 2883362.357791907154024, 2050635.229011066723615 ], [ 2883360.477068592328578, 2050616.982826540479437 ], [ 2883358.993664285168052, 2050595.344892926746979 ], [ 2883358.442592651583254, 2050576.861066259909421 ], [ 2883358.123682862147689, 2050571.320408352185041 ], [ 2883356.317986550740898, 2050550.172578962752596 ], [ 2883355.554056016728282, 2050543.713476694654673 ], [ 2883351.652004809584469, 2050517.9514835330192 ], [ 2883348.652662649285048, 2050498.149040587013587 ], [ 2883348.352808767464012, 2050488.091188797261566 ], [ 2883349.51751919137314, 2050467.37127084704116 ], [ 2883349.676338068209589, 2050461.664141750661656 ], [ 2883349.663566845934838, 2050436.894999921321869 ], [ 2883350.125958592630923, 2050424.957889408804476 ], [ 2883352.776775000616908, 2050412.830698224948719 ], [ 2883357.717228137422353, 2050393.857521068071947 ], [ 2883360.550773412920535, 2050377.774926043581218 ], [ 2883361.430179556366056, 2050368.4290014738217 ], [ 2883365.643253028858453, 2050356.689259309787303 ], [ 2883374.665237348061055, 2050336.928267704555765 ], [ 2883385.235620422288775, 2050326.529105056542903 ], [ 2883393.382060933858156, 2050317.269381057005376 ], [ 2883399.481672688387334, 2050308.489771913038567 ], [ 2883414.629782116040587, 2050296.442557430593297 ], [ 2883427.122994336299598, 2050284.677636891370639 ], [ 2883442.668675851076841, 2050267.375575201585889 ], [ 2883446.644063440151513, 2050262.675868956604972 ], [ 2883453.818483014591038, 2050253.661661891266704 ], [ 2883465.599687431473285, 2050234.74988244054839 ], [ 2883471.947348681278527, 2050230.593172136694193 ], [ 2883481.740202314220369, 2050224.003571529407054 ], [ 2883499.99962374381721, 2050208.316647410392761 ], [ 2883518.798482206650078, 2050187.846515180775896 ], [ 2883535.09137511625886, 2050169.327054122462869 ], [ 2883540.424833053257316, 2050162.736897193593904 ], [ 2883554.548754653893411, 2050143.736700752517208 ], [ 2883557.604385994374752, 2050138.711798832286149 ], [ 2883564.756606369279325, 2050128.236691134283319 ], [ 2883570.108872392680496, 2050120.397820264101028 ], [ 2883574.548612604849041, 2050113.617881400277838 ], [ 2883581.968465628102422, 2050102.286464647622779 ], [ 2883610.59146171156317, 2050061.974055509548634 ], [ 2883624.354259685147554, 2050043.457787088118494 ], [ 2883639.071343584451824, 2050023.449715899769217 ], [ 2883653.040275979787111, 2050004.658365634968504 ], [ 2883659.823927078396082, 2049994.28250586730428 ], [ 2883670.80713216913864, 2049975.047174889361486 ], [ 2883673.840476758778095, 2049969.323581631761044 ], [ 2883678.867876395583153, 2049959.069077284773812 ], [ 2883682.631159060634673, 2049954.271445015212521 ], [ 2883694.879405608400702, 2049942.641060823109001 ], [ 2883708.501256429590285, 2049926.780776676721871 ], [ 2883714.36346773058176, 2049918.357311537256464 ], [ 2883726.595977533608675, 2049902.096329701133072 ], [ 2883732.073363294824958, 2049894.050210176035762 ], [ 2883741.787129415664822, 2049878.222153673646972 ], [ 2883753.682354087010026, 2049850.232454027282074 ], [ 2883758.593230572529137, 2049831.223451163852587 ], [ 2883765.061928466893733, 2049812.688218702794984 ], [ 2883772.001817286014557, 2049795.458671744912863 ], [ 2883776.108607713598758, 2049783.019620063481852 ], [ 2883780.462000597268343, 2049766.815891665639356 ], [ 2883781.809525170363486, 2049761.913537285290658 ], [ 2883783.856408007442951, 2049754.467305614380166 ], [ 2883785.601035187486559, 2049740.54431870020926 ], [ 2883788.578607317525893, 2049733.210352779133245 ], [ 2883793.12811382766813, 2049722.004488669335842 ], [ 2883795.598015093244612, 2049712.846113644074649 ], [ 2883801.119546800851822, 2049687.789700341876596 ], [ 2883802.635841353796422, 2049679.150651733158156 ], [ 2883805.988501629792154, 2049653.613567023305222 ], [ 2883806.833249519113451, 2049642.240175499813631 ], [ 2883807.064626898150891, 2049629.089223640970886 ], [ 2883809.877817776985466, 2049612.318175663473085 ], [ 2883814.337889115326107, 2049590.04832596029155 ], [ 2883815.867349807638675, 2049579.633889027638361 ], [ 2883818.248014492448419, 2049554.342410812852904 ], [ 2883819.425258909817785, 2049541.835271650459617 ], [ 2883821.181583926081657, 2049536.952253955416381 ], [ 2883828.420140280853957, 2049522.398883541347459 ], [ 2883833.091850279364735, 2049513.624636831926182 ], [ 2883839.737889401149005, 2049505.927095399936661 ], [ 2883852.545571236405522, 2049493.413406394422054 ], [ 2883861.072994069196284, 2049486.156542828772217 ], [ 2883873.351357396692038, 2049477.820929889334366 ], [ 2883877.602084360551089, 2049474.773846715223044 ], [ 2883895.991691662929952, 2049460.868979764403775 ], [ 2883906.315924977883697, 2049451.924412678927183 ], [ 2883922.818377080373466, 2049435.587564327986911 ], [ 2883941.038559507578611, 2049417.785950359888375 ], [ 2883946.041738843545318, 2049412.541030967142433 ], [ 2883956.655074048787355, 2049400.600881786551327 ], [ 2883964.957111421972513, 2049390.091981286648661 ], [ 2883974.925123237073421, 2049378.426739074056968 ], [ 2883989.89666164945811, 2049363.196413729107007 ], [ 2884008.665843564085662, 2049336.863938787020743 ], [ 2884021.002817394211888, 2049311.865512262796983 ], [ 2884029.817677124403417, 2049292.149842071114108 ], [ 2884034.626251395791769, 2049279.075684276875108 ], [ 2884042.092217876575887, 2049253.528390758205205 ], [ 2884045.72949268296361, 2049234.539129143813625 ], [ 2884048.395860325545073, 2049205.452444527298212 ], [ 2884049.804820383898914, 2049180.406700396444649 ], [ 2884048.981334041338414, 2049160.741675531957299 ], [ 2884046.257104453630745, 2049141.452107991091907 ], [ 2884044.817330191843212, 2049120.43492873176001 ], [ 2884043.572128924541175, 2049097.773819199763238 ], [ 2884037.624752160161734, 2049068.919963760999963 ], [ 2884029.737085269298404, 2049047.481802761787549 ], [ 2884025.288501782808453, 2049034.393701348686591 ], [ 2884021.013385808095336, 2049015.909895308781415 ], [ 2884017.088576678186655, 2049003.015618411358446 ], [ 2884010.153544032946229, 2048984.803406275808811 ], [ 2884019.05994148273021, 2048971.843479904346168 ], [ 2884029.234063619747758, 2048957.488721788162366 ], [ 2884036.807890547439456, 2048941.626775392098352 ], [ 2884040.865239784121513, 2048928.356573466444388 ], [ 2884041.460845703724772, 2048923.259523556334898 ], [ 2884054.996222966350615, 2048907.194905385607854 ], [ 2884061.039796977769583, 2048897.383114121621475 ], [ 2884073.449355063959956, 2048874.452192606404424 ], [ 2884087.063459418714046, 2048848.881627108203247 ], [ 2884091.139644178096205, 2048840.391855735564604 ], [ 2884098.867714817635715, 2048824.295946539146826 ], [ 2884104.716278595849872, 2048809.143649449804798 ], [ 2884107.347217093687505, 2048801.478706612950191 ], [ 2884110.690790751948953, 2048791.737190600251779 ], [ 2884110.899161643348634, 2048784.935695400461555 ], [ 2884114.989796796347946, 2048775.520446916110814 ], [ 2884119.663936080411077, 2048764.761917360126972 ], [ 2884124.558901120908558, 2048739.466190556064248 ], [ 2884125.895315815228969, 2048718.553900690749288 ], [ 2884125.988773462362587, 2048707.383540208684281 ], [ 2884124.931563027203083, 2048685.018392945174128 ], [ 2884124.114969190210104, 2048676.144865012960508 ], [ 2884122.445408483967185, 2048663.976537920068949 ], [ 2884121.353904726915061, 2048656.501425879541785 ], [ 2884120.530005266424268, 2048647.187228293158114 ], [ 2884119.593926074914634, 2048636.603873960208148 ], [ 2884119.137726036831737, 2048629.82804180518724 ], [ 2884118.04707255307585, 2048613.628036895999685 ], [ 2884114.598767086863518, 2048593.595615854486823 ], [ 2884109.291125401854515, 2048574.636600866215304 ], [ 2884104.855952391400933, 2048555.459485247265548 ], [ 2884102.139500539749861, 2048545.91963597224094 ], [ 2884095.964182674419135, 2048527.75029363273643 ], [ 2884078.525332698598504, 2048473.489147246349603 ], [ 2884072.501819780562073, 2048451.509173820726573 ], [ 2884068.463762054219842, 2048439.741405816515908 ], [ 2884060.807799864560366, 2048421.313359600491822 ], [ 2884056.940368006937206, 2048409.140558021375909 ], [ 2884054.348222087603062, 2048391.669095095479861 ], [ 2884051.291364128701389, 2048371.858197051566094 ], [ 2884051.071694700047374, 2048358.097882975125685 ], [ 2884049.31124092778191, 2048337.863238022197038 ], [ 2884046.59882496856153, 2048323.658631127793342 ], [ 2884041.578798485919833, 2048314.066216875799 ], [ 2884041.165737959556282, 2048307.860350449569523 ], [ 2884039.852446491830051, 2048288.123868496157229 ], [ 2884035.686171411536634, 2048265.693955388618633 ], [ 2884033.624344395473599, 2048256.862463534343988 ], [ 2884027.931957347784191, 2048236.697308180155233 ], [ 2884025.389866837766021, 2048228.935509430477396 ], [ 2884017.303774115629494, 2048207.317622396629304 ], [ 2884015.107016839087009, 2048201.935167301911861 ], [ 2884009.805213934741914, 2048189.722526422236115 ], [ 2884005.011899038683623, 2048173.445206430973485 ], [ 2884001.541318065486848, 2048163.634273372823372 ], [ 2883999.662770236842334, 2048150.964208316523582 ], [ 2883995.987491810228676, 2048126.174607076914981 ], [ 2883993.531091505661607, 2048114.492116615176201 ], [ 2883986.939503881148994, 2048090.439194191945717 ], [ 2883979.568875598721206, 2048071.483142318204045 ], [ 2883972.018721451051533, 2048056.786705806618556 ], [ 2883969.587988814339042, 2048049.223298109835014 ], [ 2883967.638320521451533, 2048030.618871207116172 ], [ 2883981.016603198833764, 2048012.837108775507659 ], [ 2883993.821694793179631, 2047990.441710181068629 ], [ 2884004.199425920378417, 2047965.140651139663532 ], [ 2884013.50606334162876, 2047939.081394142005593 ], [ 2884020.675338821485639, 2047916.695870050694793 ], [ 2884023.145918110385537, 2047907.537647279445082 ], [ 2884028.253717542625964, 2047884.365858672652394 ], [ 2884033.217119231820107, 2047865.311372057534754 ], [ 2884036.483956127427518, 2047838.154534812783822 ], [ 2884036.255692802369595, 2047823.95922699617222 ], [ 2884035.881241241469979, 2047797.940440163481981 ], [ 2884034.998068740591407, 2047775.397101804381236 ], [ 2884032.131948535330594, 2047718.512947343289852 ], [ 2884031.049967218190432, 2047708.042270336067304 ], [ 2884026.198349351063371, 2047677.420091078151017 ], [ 2884022.157759423367679, 2047655.882529693422839 ], [ 2884019.030276225879788, 2047634.293100358452648 ], [ 2884015.830138088669628, 2047611.625202389201149 ], [ 2884011.94410883076489, 2047584.71006625588052 ], [ 2884007.871839486528188, 2047562.548056262778118 ], [ 2884002.405045979656279, 2047534.103779759490862 ], [ 2883996.786155692301691, 2047509.80527658527717 ], [ 2883992.51331749279052, 2047491.328496563248336 ], [ 2883988.792459297925234, 2047466.724830695893615 ], [ 2883984.785091584082693, 2047445.363715607440099 ], [ 2883982.259602395351976, 2047427.47456520004198 ], [ 2883980.690269096754491, 2047409.074676172807813 ], [ 2883979.448993812315166, 2047399.742612500675023 ], [ 2883975.701235057320446, 2047379.086353938328102 ], [ 2883973.623396919574589, 2047370.056423150002956 ], [ 2883968.316415103152394, 2047351.097495548427105 ], [ 2883963.881913270801306, 2047331.920466527342796 ], [ 2883961.782149774488062, 2047324.255519374739379 ], [ 2883954.21919713402167, 2047300.448315071407706 ], [ 2883951.775501358322799, 2047293.634089077124372 ], [ 2883942.04361180961132, 2047269.34601333620958 ], [ 2883936.039689324330539, 2047256.958864512154832 ], [ 2883924.984738998115063, 2047244.182512945495546 ], [ 2883920.562726588919759, 2047220.610535297077149 ], [ 2883918.814547328744084, 2047212.970075556309894 ], [ 2883910.747887991834432, 2047183.444615128450096 ], [ 2883902.735523919109255, 2047157.693428594153374 ], [ 2883899.646923962049186, 2047149.170212761266157 ], [ 2883890.364710805471987, 2047126.825941736111417 ], [ 2883878.680740988813341, 2047106.189820929197595 ], [ 2883868.55609237914905, 2047092.50776256644167 ], [ 2883861.223412401042879, 2047079.752095835516229 ], [ 2883856.175447945017368, 2047070.810336134862155 ], [ 2883854.663404974155128, 2047064.270900886273012 ], [ 2883849.22069742763415, 2047040.733931059716269 ], [ 2883844.295013344381005, 2047015.313066098373383 ], [ 2883841.36284928675741, 2046999.68251346424222 ], [ 2883840.03652380220592, 2046955.029269333695993 ], [ 2883841.315853792242706, 2046946.250552728772163 ], [ 2883845.744146829470992, 2046931.102098725736141 ], [ 2883852.869933513924479, 2046911.985286997398362 ], [ 2883858.937853353098035, 2046896.925003294833004 ], [ 2883862.77095597051084, 2046888.978452664101496 ], [ 2883870.030535654630512, 2046878.717768055852503 ], [ 2883874.541602740529925, 2046875.318769937613979 ], [ 2883890.416675697080791, 2046868.628708153963089 ], [ 2883909.405871025286615, 2046863.020141450688243 ], [ 2883927.049883904401213, 2046857.7431025786791 ], [ 2883941.792092198505998, 2046854.897787617985159 ], [ 2883948.377303330227733, 2046861.836283725686371 ], [ 2883964.035840018186718, 2046879.782217966858298 ], [ 2883977.802001536358148, 2046894.821486875414848 ], [ 2883992.337164502590895, 2046907.799104885198176 ], [ 2884006.509059410076588, 2046918.090432642726228 ], [ 2884018.206559738144279, 2046930.193195547908545 ], [ 2884028.584895903244615, 2046939.4894102467224 ], [ 2884033.596893475390971, 2046943.366945353802294 ], [ 2884042.6103764786385, 2046949.559453894151375 ], [ 2884062.956319658551365, 2046961.907954127760604 ], [ 2884077.573745736852288, 2046969.173549668630585 ], [ 2884093.430277660489082, 2046975.455248860409483 ], [ 2884108.257494430057704, 2046980.00276070390828 ], [ 2884129.946368733886629, 2046984.811127986991778 ], [ 2884138.222616683226079, 2046985.369416033383459 ], [ 2884156.19644139520824, 2046991.129756785696372 ], [ 2884166.741074209101498, 2046993.87144344043918 ], [ 2884189.40203745290637, 2046998.434162705903873 ], [ 2884205.245329656172544, 2047000.304439436411485 ], [ 2884230.148509450256824, 2047001.214866048656404 ], [ 2884246.019360182806849, 2047000.52309003751725 ], [ 2884267.651668980717659, 2046997.839968844782561 ], [ 2884281.574476269073784, 2046996.55708249961026 ], [ 2884288.504234354943037, 2046995.918516573263332 ], [ 2884298.263761810027063, 2046995.03992679156363 ], [ 2884315.997815835755318, 2046991.927220962243155 ], [ 2884323.416894125752151, 2046987.612216616747901 ], [ 2884331.434484829194844, 2046987.728109824471176 ], [ 2884359.110842502675951, 2046980.979759453330189 ], [ 2884377.954141941852868, 2046976.220123680075631 ], [ 2884403.808739277534187, 2046971.640783490845934 ], [ 2884429.852056628093123, 2046966.197142203105614 ], [ 2884454.154094343073666, 2046960.058687613345683 ], [ 2884477.037214468698949, 2046951.210054618772119 ], [ 2884499.018605932593346, 2046939.485610972624272 ], [ 2884512.254411392379552, 2046930.132493576966226 ], [ 2884519.525975739583373, 2046924.263445943128318 ], [ 2884525.961838525719941, 2046919.068982896627858 ], [ 2884536.842975706793368, 2046908.651146981632337 ], [ 2884542.858104327693582, 2046900.289167322451249 ], [ 2884550.543246659450233, 2046896.856281633721665 ], [ 2884557.725580682046711, 2046893.648173195542768 ], [ 2884569.227986170910299, 2046885.166890602326021 ], [ 2884579.544790992047638, 2046876.388630576431751 ], [ 2884591.432245360687375, 2046864.465946985175833 ], [ 2884602.57133439136669, 2046848.219598815776408 ], [ 2884606.077504622749984, 2046842.93873061449267 ], [ 2884609.745336676947773, 2046839.445682308636606 ], [ 2884624.096619138959795, 2046821.41895450395532 ], [ 2884637.193212339654565, 2046800.084157663863152 ], [ 2884646.051219539251179, 2046780.697081189369783 ], [ 2884655.830439866520464, 2046761.040853575337678 ], [ 2884665.358632646035403, 2046731.010420768056065 ], [ 2884666.179168639238924, 2046725.659827881492674 ], [ 2884667.142617026809603, 2046716.779388841241598 ], [ 2884667.941248360089958, 2046703.800616375170648 ], [ 2884668.829623130150139, 2046680.945095325354487 ], [ 2884667.534855518490076, 2046660.512105183210224 ], [ 2884659.568065735977143, 2046612.919922895962372 ], [ 2884655.78598381858319, 2046587.929791700327769 ], [ 2884654.350132227875292, 2046580.410442370921373 ], [ 2884648.956648685969412, 2046557.083900790195912 ], [ 2884646.000973999500275, 2046546.847289793426171 ], [ 2884638.891994302161038, 2046531.06636970397085 ], [ 2884633.67270139278844, 2046522.777387273032218 ], [ 2884630.919580408837646, 2046517.497559058945626 ], [ 2884627.828688496723771, 2046497.358265353599563 ], [ 2884623.974018930457532, 2046476.119571782881394 ], [ 2884619.552721870131791, 2046452.547774673672393 ], [ 2884612.413509574253112, 2046429.918227842310444 ], [ 2884608.261903893202543, 2046421.052880521165207 ], [ 2884607.288924914784729, 2046414.726815081667155 ], [ 2884619.278738686349243, 2046400.430144781712443 ], [ 2884628.141845239326358, 2046388.125367336906493 ], [ 2884631.010423336178064, 2046383.452582783531398 ], [ 2884635.743606010917574, 2046379.576814451487735 ], [ 2884642.454408974386752, 2046373.57236344111152 ], [ 2884660.393489806912839, 2046356.049191151279956 ], [ 2884673.745565871708095, 2046343.373854387784377 ], [ 2884689.168642179574817, 2046331.483903182437643 ], [ 2884708.161443334072828, 2046318.434564820956439 ], [ 2884713.665671105496585, 2046314.376142784487456 ], [ 2884727.144379541743547, 2046303.727278706850484 ], [ 2884742.681807690300047, 2046294.660674208542332 ], [ 2884752.012561665847898, 2046288.509357128757983 ], [ 2884773.536174055188894, 2046272.569435634417459 ], [ 2884798.447461225558072, 2046253.872662974754348 ], [ 2884817.586276663467288, 2046238.751939761452377 ], [ 2884824.636761995498091, 2046232.642339823534712 ], [ 2884842.354066601954401, 2046215.823185338638723 ], [ 2884846.285818616859615, 2046211.883619722677395 ], [ 2884863.078885706141591, 2046194.003942539216951 ], [ 2884874.712412434164435, 2046180.681337560294196 ], [ 2884880.411539470776916, 2046174.949997722404078 ], [ 2884884.931830875109881, 2046171.86864226963371 ], [ 2884895.176298417616636, 2046164.383247352438048 ], [ 2884913.543052825145423, 2046156.372488270513713 ], [ 2884935.002481513191015, 2046146.837954834802076 ], [ 2884941.578184041194618, 2046143.628500274149701 ], [ 2884954.1727738911286, 2046135.136977245099843 ], [ 2884960.017510975711048, 2046134.06284516165033 ], [ 2884970.277745085768402, 2046132.177195164840668 ], [ 2884976.953699741046876, 2046129.986816568300128 ], [ 2884987.220868482254446, 2046126.618148296838626 ], [ 2884992.826978963799775, 2046126.470870640594512 ], [ 2885002.552786251530051, 2046126.21516295755282 ], [ 2885022.893553340341896, 2046125.192475944757462 ], [ 2885033.878024727106094, 2046124.027547637932003 ], [ 2885060.943528760224581, 2046119.538575267186388 ], [ 2885083.333190322387964, 2046114.903374150628224 ], [ 2885126.343064930289984, 2046106.087718822760507 ], [ 2885147.386978970840573, 2046101.820946457795799 ], [ 2885170.147144048474729, 2046097.109172753058374 ], [ 2885186.509504853282124, 2046093.691331890411675 ], [ 2885202.806250669062138, 2046092.695007931441069 ], [ 2885214.920921256300062, 2046091.692700352985412 ], [ 2885234.90803380869329, 2046087.967184086097404 ], [ 2885259.958014324307442, 2046080.611930701183155 ], [ 2885274.852115438319743, 2046074.930548284901306 ], [ 2885298.674349168781191, 2046063.709088760660961 ], [ 2885310.081417171284556, 2046060.828194198431447 ], [ 2885330.536693797446787, 2046056.519974715309218 ], [ 2885352.815304092597216, 2046052.818866392364725 ], [ 2885377.985789811238647, 2046048.475034365663305 ], [ 2885443.764252729713917, 2046037.881493271095678 ], [ 2885464.212029106914997, 2046035.061338355066255 ], [ 2885486.179074473679066, 2046034.426827519899234 ], [ 2885508.449268150143325, 2046033.89096089056693 ], [ 2885520.418284174520522, 2046032.878265629056841 ], [ 2885549.283286509569734, 2046028.674418657552451 ], [ 2885559.395641153678298, 2046026.666070002131164 ], [ 2885577.498855523765087, 2046022.094151073833928 ], [ 2885600.448695003986359, 2046017.32689072121866 ], [ 2885621.834987835027277, 2046011.925797051982954 ], [ 2885631.085180821828544, 2046009.111837209900841 ], [ 2885660.546383938286453, 2045998.585628603352234 ], [ 2885666.357654037885368, 2045996.305117851356044 ], [ 2885689.761327235493809, 2045986.27994899568148 ], [ 2885705.52215265808627, 2045977.820860416861251 ], [ 2885721.93571772845462, 2045967.06172393867746 ], [ 2885727.266872664447874, 2045962.942197037627921 ], [ 2885755.105290439911187, 2045941.431677620857954 ], [ 2885799.94169800914824, 2045904.981872644508258 ], [ 2885835.13440793659538, 2045853.60949574620463 ], [ 2885855.436760256998241, 2045804.224501470336691 ], [ 2885863.663162920624018, 2045756.314095681067556 ], [ 2885863.195384133607149, 2045712.888236161321402 ], [ 2885857.164309336338192, 2045679.90310536022298 ], [ 2885844.436581997666508, 2045650.313388796057552 ], [ 2885829.031031587161124, 2045617.585589314810932 ], [ 2885817.556156987324357, 2045605.20719856955111 ], [ 2885818.391215211711824, 2045603.741897243075073 ], [ 2885810.985521506983787, 2045595.26631437567994 ], [ 2885802.399738161358982, 2045582.317746507236734 ], [ 2885789.925295572262257, 2045564.261281578335911 ], [ 2885777.429342789575458, 2045543.991998953046277 ], [ 2885766.157104702666402, 2045524.023446146165952 ], [ 2885760.005628800019622, 2045514.472248247824609 ], [ 2885748.96808077627793, 2045499.351232388988137 ], [ 2885741.24835541844368, 2045487.955174750648439 ], [ 2885733.381243593990803, 2045471.919219289673492 ], [ 2885722.018879368435591, 2045446.533216980053112 ], [ 2885712.637516750022769, 2045427.247030559694394 ], [ 2885701.357265260070562, 2045402.845478549832478 ], [ 2885692.917757533490658, 2045382.92901220661588 ], [ 2885689.856144178658724, 2045376.385887156240642 ], [ 2885680.501937577500939, 2045358.175097935600206 ], [ 2885673.255846338346601, 2045346.250494468724355 ], [ 2885653.428340695332736, 2045318.340612918836996 ], [ 2885650.06023261975497, 2045313.877364798216149 ], [ 2885637.042174715548754, 2045297.620311690494418 ], [ 2885630.046304255723953, 2045289.792337133549154 ], [ 2885612.500379145611078, 2045272.290618251543492 ], [ 2885594.172388589940965, 2045255.31737546948716 ], [ 2885590.04286500858143, 2045251.704904461279511 ], [ 2885574.782622864469886, 2045239.100337132113054 ], [ 2885551.892169763334095, 2045220.193210670724511 ], [ 2885536.631920932326466, 2045207.588559690164402 ], [ 2885527.470907614566386, 2045200.884732101345435 ], [ 2885505.703941351734102, 2045186.837383591802791 ], [ 2885498.383248087018728, 2045182.554512937786058 ], [ 2885479.861659807153046, 2045172.779887772165239 ], [ 2885460.756844792515039, 2045161.183825870510191 ], [ 2885440.313667926006019, 2045147.165753338253126 ], [ 2885422.136899351142347, 2045135.297509454656392 ], [ 2885416.017280984669924, 2045131.616043349262327 ], [ 2885387.080678161233664, 2045115.629387967055663 ], [ 2885373.458266092464328, 2045107.361032398883253 ], [ 2885357.948648448102176, 2045096.538901540450752 ], [ 2885341.916438035201281, 2045085.135505853686482 ], [ 2885321.903223580215126, 2045071.117063848534599 ], [ 2885303.726386325899512, 2045059.24889017501846 ], [ 2885289.705630135256797, 2045050.094205823261291 ], [ 2885281.903703177347779, 2045043.774397886591032 ], [ 2885266.919645945541561, 2045028.092062253272161 ], [ 2885254.999375110026449, 2045015.707993904827163 ], [ 2885250.129851588513702, 2045010.135033396538347 ], [ 2885246.586504007223994, 2045003.365211181808263 ], [ 2885245.072488725185394, 2044993.553395560244098 ], [ 2885245.985554150305688, 2044988.375604506349191 ], [ 2885251.996426379308105, 2044978.58507401868701 ], [ 2885263.743427339009941, 2044963.4183658817783 ], [ 2885278.893963986076415, 2044944.598383751465008 ], [ 2885289.810978266876191, 2044930.091608678223565 ], [ 2885305.859250796027482, 2044911.961958676343784 ], [ 2885313.270580117125064, 2044902.537422936642542 ], [ 2885325.490489575080574, 2044884.985616554506123 ], [ 2885336.644659698940814, 2044870.77095657447353 ], [ 2885348.651320422999561, 2044857.41317561478354 ], [ 2885362.334241279866546, 2044843.250145372003317 ], [ 2885372.517677765339613, 2044837.573679139371961 ], [ 2885383.790344045497477, 2044837.282861453713849 ], [ 2885408.019810961559415, 2044835.278728221310303 ], [ 2885429.113300201483071, 2044831.221943781711161 ], [ 2885448.330910786986351, 2044825.340361735550687 ], [ 2885454.493290608748794, 2044823.235145513899624 ], [ 2885479.094217545352876, 2044813.93663405906409 ], [ 2885485.885743928607553, 2044811.083957727067173 ], [ 2885505.401451787911355, 2044802.041114331455901 ], [ 2885518.448879241012037, 2044794.791867579100654 ], [ 2885531.683661646209657, 2044786.1167161478661 ], [ 2885536.18004731927067, 2044782.881225511664525 ], [ 2885546.558572767302394, 2044775.41299055237323 ], [ 2885559.333076073788106, 2044764.545232284581289 ], [ 2885562.169739682227373, 2044759.840687516378239 ], [ 2885571.459057311527431, 2044753.185474699595943 ], [ 2885579.230144135188311, 2044747.618283413583413 ], [ 2885594.706153446808457, 2044734.452355731278658 ], [ 2885599.282375225797296, 2044730.316432271385565 ], [ 2885615.281203326769173, 2044714.961169481044635 ], [ 2885621.540133826434612, 2044708.400785852922127 ], [ 2885635.370068777352571, 2044692.564658408053219 ], [ 2885638.906205533538014, 2044688.288385878549889 ], [ 2885658.750582037493587, 2044662.917882749345154 ], [ 2885670.824463399127126, 2044647.088573454879224 ], [ 2885688.566769137047231, 2044624.671277557965368 ], [ 2885694.037951715290546, 2044617.07317470642738 ], [ 2885707.716609081719071, 2044596.132014665054157 ], [ 2885717.001254018396139, 2044578.338711612857878 ], [ 2885723.508139506913722, 2044562.193177523091435 ], [ 2885733.989690964575857, 2044540.654193514958024 ], [ 2885745.128352081403136, 2044519.014385665999725 ], [ 2885755.676727388985455, 2044500.703591546975076 ], [ 2885769.871443544514477, 2044477.584109822986647 ], [ 2885779.42547204811126, 2044457.381344184279442 ], [ 2885788.182311261072755, 2044431.735901291714981 ], [ 2885790.670208767987788, 2044423.372328001307324 ], [ 2885798.094475891906768, 2044415.981677346164361 ], [ 2885803.565327321179211, 2044408.421497704461217 ], [ 2885812.587760495021939, 2044398.384178730892017 ], [ 2885824.440051158890128, 2044386.655037003336474 ], [ 2885881.674966459162533, 2044337.965388510609046 ], [ 2885891.018296773545444, 2044329.034240850014612 ], [ 2885901.352554699406028, 2044322.164468028815463 ], [ 2885910.615702393464744, 2044315.066072209039703 ], [ 2885930.272731330711395, 2044298.949547631666064 ], [ 2885949.188193086534739, 2044282.858275214442983 ], [ 2885953.352026028558612, 2044279.115989043144509 ], [ 2885971.07083359407261, 2044262.298286397242919 ], [ 2885981.595105386339128, 2044250.661719537805766 ], [ 2886000.091666103340685, 2044226.625758906127885 ], [ 2886009.776900910772383, 2044212.939922762801871 ], [ 2886021.291043694131076, 2044199.470652807503939 ], [ 2886030.777744934894145, 2044186.431530562462285 ], [ 2886045.792876904830337, 2044161.890398892806843 ], [ 2886057.527603338938206, 2044141.440569856902584 ], [ 2886060.400521330535412, 2044136.072196455672383 ], [ 2886070.503681459929794, 2044115.769763526739553 ], [ 2886079.320192934945226, 2044098.865556408884004 ], [ 2886087.314876853488386, 2044078.488161948742345 ], [ 2886092.055637910030782, 2044061.139434898737818 ], [ 2886094.435319025069475, 2044051.940666128881276 ], [ 2886096.114086922258139, 2044045.45148534537293 ], [ 2886099.859750490635633, 2044027.063846530858427 ], [ 2886098.663878128863871, 2044019.946553746704012 ], [ 2886099.592565681319684, 2044006.787073918618262 ], [ 2886104.852718157693744, 2043975.977273240452632 ], [ 2886105.293731635436416, 2043951.178868835791945 ], [ 2886105.159435012377799, 2043943.896416012197733 ], [ 2886103.712072498630732, 2043918.0556817331817 ], [ 2886101.328207973390818, 2043888.570972127141431 ], [ 2886098.880201674066484, 2043864.774759953841567 ], [ 2886096.90745013859123, 2043843.856353169772774 ], [ 2886102.312435639090836, 2043838.140389367705211 ], [ 2886109.356068041641265, 2043833.248561458196491 ], [ 2886127.181413444690406, 2043822.573198292404413 ], [ 2886136.319079247303307, 2043816.409306300338358 ], [ 2886154.712006212212145, 2043802.507595944916829 ], [ 2886159.162878276780248, 2043794.365054963622242 ], [ 2886163.61861545778811, 2043791.413143650861457 ], [ 2886171.917891092132777, 2043785.915146093582734 ], [ 2886180.311978489160538, 2043780.354141904041171 ], [ 2886190.88841025903821, 2043769.567819992080331 ], [ 2886212.29911369504407, 2043762.378255827818066 ], [ 2886231.687396067194641, 2043747.063063977984712 ], [ 2886253.538266300223768, 2043729.683654478518292 ], [ 2886269.987028380855918, 2043716.272937048459426 ], [ 2886281.493421364109963, 2043705.307835899991915 ], [ 2886297.043509567156434, 2043688.00955591048114 ], [ 2886300.390027841553092, 2043684.094498722115532 ], [ 2886317.210595680400729, 2043663.389622039860114 ], [ 2886334.160921894013882, 2043633.373126975726336 ], [ 2886343.273998479824513, 2043607.926541036460549 ], [ 2886351.717303467914462, 2043582.136037415359169 ], [ 2886354.98545338679105, 2043569.452436657156795 ], [ 2886356.717965071555227, 2043547.396349082468078 ], [ 2886357.732526821084321, 2043532.489378022961318 ], [ 2886358.499050770886242, 2043526.807967774104327 ], [ 2886361.109383448958397, 2043502.490620750933886 ], [ 2886361.495199096854776, 2043485.52731521660462 ], [ 2886361.119513851590455, 2043479.450505292275921 ], [ 2886359.70891776913777, 2043467.800213938578963 ], [ 2886355.963603229261935, 2043447.144886719528586 ], [ 2886354.218508624937385, 2043439.330003735609353 ], [ 2886338.571177412755787, 2043380.535023778676987 ], [ 2886333.559196321293712, 2043366.229683914454654 ], [ 2886327.048489146865904, 2043351.415282138157636 ], [ 2886322.783498399890959, 2043342.868415819946676 ], [ 2886313.029932076577097, 2043328.623259368818253 ], [ 2886305.256660090759397, 2043320.738097256282344 ], [ 2886296.921879086177796, 2043310.779485587961972 ], [ 2886286.537014349829406, 2043296.236954723717645 ], [ 2886274.344453821890056, 2043277.631867080694064 ], [ 2886259.529710873495787, 2043255.521897156722844 ], [ 2886252.731400427874178, 2043245.635574395768344 ], [ 2886247.278088793158531, 2043234.519003018504009 ], [ 2886242.563181689474732, 2043220.022464079549536 ], [ 2886234.555144562385976, 2043194.03396403347142 ], [ 2886232.867287018336356, 2043189.03550021816045 ], [ 2886224.559735360555351, 2043166.446224679006264 ], [ 2886222.512113539967686, 2043161.32647696766071 ], [ 2886213.55262250918895, 2043140.629852474434301 ], [ 2886205.443347198888659, 2043122.064032925758511 ], [ 2886200.955180021934211, 2043105.785171799361706 ], [ 2886197.636228299234062, 2043095.841301392065361 ], [ 2886188.908144349232316, 2043073.691821448039263 ], [ 2886182.360970798879862, 2043053.075102494796738 ], [ 2886178.474257628433406, 2043042.844696920830756 ], [ 2886168.527100869454443, 2043020.496385728241876 ], [ 2886159.488143769092858, 2042997.931142256129533 ], [ 2886155.687045468948781, 2042989.592818776611239 ], [ 2886144.463107446208596, 2042967.739948280854151 ], [ 2886135.722150126472116, 2042950.721442484529689 ], [ 2886129.998452899977565, 2042935.683753550052643 ], [ 2886121.882701717317104, 2042913.615782872773707 ], [ 2886112.097859663888812, 2042887.251616759691387 ], [ 2886103.595527266152203, 2042866.779392172582448 ], [ 2886096.804632322862744, 2042848.313860973576084 ], [ 2886090.342379192821681, 2042827.744198179803789 ], [ 2886082.276192785706371, 2042798.222661097766832 ], [ 2886074.941042851656675, 2042775.387913142563775 ], [ 2886068.237328264396638, 2042754.519149445462972 ], [ 2886062.974543265998363, 2042735.430084460880607 ], [ 2886057.257041885517538, 2042711.077413317514583 ], [ 2886051.445163005031645, 2042689.996326472843066 ], [ 2886047.386219364125282, 2042672.434010348748416 ], [ 2886043.9035534854047, 2042654.14666682574898 ], [ 2886045.751260287128389, 2042647.386033297516406 ], [ 2886049.858236056752503, 2042635.976570803206414 ], [ 2886059.079607226885855, 2042619.063166241161525 ], [ 2886064.704819614998996, 2042606.926681093638763 ], [ 2886073.505995695479214, 2042584.13529468444176 ], [ 2886082.156715993303806, 2042560.939281198894605 ], [ 2886116.334820064716041, 2042472.953750770539045 ], [ 2886125.842461095191538, 2042455.391106156865135 ], [ 2886136.60639947745949, 2042435.187336262781173 ], [ 2886140.095411023590714, 2042427.974031602730975 ], [ 2886148.383708680048585, 2042408.983226203359663 ], [ 2886159.232156999409199, 2042389.085573361255229 ], [ 2886171.801447626203299, 2042366.032079112483189 ], [ 2886183.622409042902291, 2042345.059364929329604 ], [ 2886196.404502270743251, 2042320.231781078269705 ], [ 2886201.669092929922044, 2042308.161442521959543 ], [ 2886209.181633442640305, 2042287.390111543936655 ], [ 2886215.078165374696255, 2042275.371613358845934 ], [ 2886222.087597690522671, 2042263.103869968326762 ], [ 2886232.498788515105844, 2042248.267113642999902 ], [ 2886238.75678969360888, 2042238.15352627588436 ], [ 2886249.682628135662526, 2042217.977446767501533 ], [ 2886260.177650169469416, 2042200.887161849765107 ], [ 2886267.508031593635678, 2042186.53892783052288 ], [ 2886276.103287036996335, 2042165.85430570342578 ], [ 2886279.261108320206404, 2042157.16894367733039 ], [ 2886288.323513378854841, 2042127.834883941803128 ], [ 2886294.285436362028122, 2042104.881998755969107 ], [ 2886299.106174375861883, 2042084.700888172723353 ], [ 2886305.808021261356771, 2042066.731866789516062 ], [ 2886310.485222011804581, 2042049.935127348639071 ], [ 2886313.606167767196894, 2042033.37203775672242 ], [ 2886318.452045902144164, 2042026.592667843447998 ], [ 2886329.048427849076688, 2042007.918606562307104 ], [ 2886339.138835514429957, 2041984.799313778989017 ], [ 2886341.638268880546093, 2041978.515258062398061 ], [ 2886349.784498292487115, 2041955.886879743309692 ], [ 2886352.520186090841889, 2041947.053077464690432 ], [ 2886357.97449438739568, 2041926.132901316508651 ], [ 2886360.087898721452802, 2041915.903153252089396 ], [ 2886362.901803940534592, 2041897.573449765564874 ], [ 2886366.724902511574328, 2041879.938824173528701 ], [ 2886364.659860390238464, 2041868.012261763680726 ], [ 2886368.502354604192078, 2041850.938493038760498 ], [ 2886370.138899323996156, 2041840.413565947674215 ], [ 2886371.178421817719936, 2041833.728192396229133 ], [ 2886369.921957045793533, 2041816.346522237407044 ], [ 2886368.282552916556597, 2041809.847141911275685 ], [ 2886365.675025357864797, 2041799.509605950210243 ], [ 2886360.216650226153433, 2041782.688367958646268 ], [ 2886353.123474353924394, 2041767.397597137605771 ], [ 2886348.680330941453576, 2041764.638780602253973 ], [ 2886347.407257770188153, 2041742.982999429572374 ], [ 2886361.463553925976157, 2041728.120089065050706 ], [ 2886376.463176224846393, 2041712.24625918478705 ], [ 2886389.918325510807335, 2041697.631182939512655 ], [ 2886403.542542304843664, 2041683.934480174910277 ], [ 2886416.547993329353631, 2041667.935141241876408 ], [ 2886431.334757142700255, 2041645.26767836487852 ], [ 2886475.74062361381948, 2041570.285487168934196 ], [ 2886481.843902777414769, 2041558.240319519303739 ], [ 2886491.187067188322544, 2041536.338569407118484 ], [ 2886494.078266639728099, 2041528.739634435158223 ], [ 2886502.000321087893099, 2041505.139578524278477 ], [ 2886499.436041510663927, 2041495.008276558481157 ], [ 2886506.844487551599741, 2041482.323709873482585 ], [ 2886509.231966340914369, 2041457.034780777990818 ], [ 2886508.644526259973645, 2041444.368376598227769 ], [ 2886508.54739803634584, 2041439.080063660629094 ], [ 2886508.187782943248749, 2041431.681923267664388 ], [ 2886507.929770725779235, 2041426.373319117119536 ], [ 2886507.51807521097362, 2041417.904174996772781 ], [ 2886504.557150088250637, 2041413.742478245869279 ], [ 2886502.758445457555354, 2041384.350621610181406 ], [ 2886498.565276903565973, 2041361.75183630688116 ], [ 2886493.141235451214015, 2041343.031761948252097 ], [ 2886482.577556652482599, 2041316.722590202465653 ], [ 2886475.843092372640967, 2041300.936725998064503 ], [ 2886469.140993750654161, 2041287.991013632621616 ], [ 2886457.619531272444874, 2041269.299229950644076 ], [ 2886452.698050151579082, 2041262.06389904441312 ], [ 2886437.811139388009906, 2041242.164634189801291 ], [ 2886423.287418889347464, 2041226.638724368764088 ], [ 2886406.606743855401874, 2041212.335038984194398 ], [ 2886391.233539581764489, 2041201.550908906385303 ], [ 2886376.327041057404131, 2041193.121047297259793 ], [ 2886363.304814651608467, 2041183.463362462818623 ], [ 2886343.44624556414783, 2041168.101121653802693 ], [ 2886327.766469929367304, 2041156.161335943033919 ], [ 2886315.745921299327165, 2041146.733086318941787 ], [ 2886304.66772423684597, 2041134.745673957280815 ], [ 2886289.46087696403265, 2041119.423951127566397 ], [ 2886278.200154089834541, 2041105.419461818179116 ], [ 2886265.756761364638805, 2041092.57537012710236 ], [ 2886249.272690200712532, 2041078.440205042948946 ], [ 2886230.924203964415938, 2041062.535462806932628 ], [ 2886221.021449588239193, 2041053.587322390871122 ], [ 2886210.132638880051672, 2041039.623332268092781 ], [ 2886205.194322918541729, 2041033.780609006527811 ], [ 2886190.620315465144813, 2041017.866713712457567 ], [ 2886173.245117665268481, 2040999.358866514638066 ], [ 2886163.001710065640509, 2040987.082652508048341 ], [ 2886157.397767760790884, 2040969.800352216698229 ], [ 2886147.451608749572188, 2040942.103253819514066 ], [ 2886140.043650048784912, 2040923.401726983953267 ], [ 2886136.66836789669469, 2040916.54962064162828 ], [ 2886140.052879448514432, 2040909.283452334813774 ], [ 2886144.331657629460096, 2040900.418361341813579 ], [ 2886155.670152265578508, 2040885.452859168872237 ], [ 2886166.303937912452966, 2040871.326637512305751 ], [ 2886175.440041830763221, 2040861.197794398991391 ], [ 2886187.768015324138105, 2040851.461516509531066 ], [ 2886202.206936750095338, 2040837.572772722225636 ], [ 2886213.140918757766485, 2040824.784743099706247 ], [ 2886226.034964513033628, 2040812.661397788440809 ], [ 2886237.834896901622415, 2040802.942817840492353 ], [ 2886251.663511746563017, 2040795.251827171305194 ], [ 2886264.187006130814552, 2040788.912289327243343 ], [ 2886278.827809502370656, 2040783.778147615492344 ], [ 2886293.013297915458679, 2040777.551122298231348 ], [ 2886307.233253760728985, 2040769.894150627311319 ], [ 2886324.711634119972587, 2040756.721019639866427 ], [ 2886332.180692545603961, 2040752.827750786906108 ], [ 2886353.540651126764715, 2040742.488023545825854 ], [ 2886377.658275901339948, 2040730.647430518874899 ], [ 2886395.649644440039992, 2040722.657064641825855 ], [ 2886412.323485242202878, 2040715.964325500885025 ], [ 2886507.848851516842842, 2040683.013721203198656 ], [ 2886529.739709676243365, 2040676.552909746998921 ], [ 2886534.576930473558605, 2040674.991961953230202 ], [ 2886559.875235509127378, 2040666.007336754817516 ], [ 2886578.647129974327981, 2040658.43929460295476 ], [ 2886586.211789078544825, 2040656.889829386491328 ], [ 2886601.183239023666829, 2040655.407214395236224 ], [ 2886607.34101374167949, 2040654.603506152518094 ], [ 2886630.150251295417547, 2040650.903066306607798 ], [ 2886643.243199470918626, 2040647.868132654577494 ], [ 2886663.434473753906786, 2040641.74298922275193 ], [ 2886686.147724364418536, 2040631.673925159499049 ], [ 2886704.75598509144038, 2040620.531947585521266 ], [ 2886724.500383972655982, 2040610.005756068741903 ], [ 2886732.276567744091153, 2040605.407583012944087 ], [ 2886749.8127376078628, 2040593.964141955366358 ], [ 2886772.180432842113078, 2040581.499957682797685 ], [ 2886796.035969263408333, 2040567.551599986851215 ], [ 2886815.852174841798842, 2040555.349781580967829 ], [ 2886823.391763545572758, 2040550.231354644754902 ], [ 2886837.823785469867289, 2040539.466851531062275 ], [ 2886847.982230015099049, 2040532.719325240002945 ], [ 2886856.352627496235073, 2040527.159457037225366 ], [ 2886889.408673279453069, 2040509.532395094167441 ], [ 2886914.085928304120898, 2040496.103722653817385 ], [ 2886929.065815165173262, 2040486.153142131865025 ], [ 2886951.648164878599346, 2040468.110582715366036 ], [ 2886958.243843510746956, 2040462.364524011965841 ], [ 2886965.692716461606324, 2040455.265377807198092 ], [ 2886969.880084832198918, 2040451.122853155946359 ], [ 2886985.214255508501083, 2040431.798665871145204 ], [ 2886989.700026908889413, 2040424.495045914081857 ], [ 2886993.153390175197273, 2040418.872675303602591 ], [ 2887021.445136038586497, 2040388.790745364967734 ], [ 2887037.990339945536107, 2040365.377165865153074 ], [ 2887039.319525541272014, 2040362.795970276696607 ], [ 2887051.088619197718799, 2040356.585796631174162 ], [ 2887061.949005448725075, 2040336.464672085363418 ], [ 2887066.215014737099409, 2040316.032423991244286 ], [ 2887072.353837243746966, 2040310.378820454468951 ], [ 2887064.707002703100443, 2040294.131794485729188 ], [ 2887067.410288202110678, 2040276.504098743200302 ], [ 2887082.457847468089312, 2040235.461190059315413 ], [ 2887102.890499374363571, 2040177.81425977521576 ], [ 2887118.286653682589531, 2040132.676070745103061 ], [ 2887129.681558007374406, 2040119.009492011507973 ], [ 2887127.724108979105949, 2040105.332138567464426 ], [ 2887126.436911016702652, 2040101.96093285176903 ], [ 2887125.14856170816347, 2040084.556129422970116 ], [ 2887136.109388886485249, 2040046.273453574161977 ], [ 2887109.139541854616255, 2040019.433737928746268 ], [ 2887098.248093767557293, 2039986.138399694114923 ], [ 2887110.732345962431282, 2039915.021322424290702 ], [ 2887086.476661968976259, 2039891.013492280384526 ], [ 2887059.337537168525159, 2039850.597231101710349 ], [ 2887019.940198070369661, 2039758.991230031475425 ], [ 2887014.262374067679048, 2039740.266658960143104 ], [ 2886991.440958292689174, 2039724.991079333238304 ], [ 2886985.469177120365202, 2039722.917169281980023 ], [ 2886974.922673703171313, 2039719.25455757137388 ], [ 2886958.467009433545172, 2039712.212587800808251 ], [ 2886951.936051649507135, 2039705.498158497270197 ], [ 2886947.868246984668076, 2039701.316057648742571 ], [ 2886936.455983402207494, 2039704.092640299815685 ], [ 2886915.872788887470961, 2039720.254029097501189 ], [ 2886907.962487294338644, 2039731.409165538381785 ], [ 2886902.688924190588295, 2039732.643439567880705 ], [ 2886889.933535880409181, 2039716.895808914676309 ], [ 2886883.37867795675993, 2039710.156839170493186 ], [ 2886877.412619938608259, 2039705.378897130489349 ], [ 2886875.775348174385726, 2039703.556475543649867 ], [ 2886871.061078514903784, 2039678.575633816653863 ], [ 2886860.047975107096136, 2039669.054414703743532 ], [ 2886859.033800025470555, 2039668.456182838184759 ], [ 2886849.342848838306963, 2039662.740434988634661 ], [ 2886839.652095744386315, 2039657.024653550237417 ], [ 2886836.238948476500809, 2039655.01156518002972 ], [ 2886833.076813774649054, 2039653.146467577666044 ], [ 2886829.039503629785031, 2039649.1136865389999 ], [ 2886820.134035511873662, 2039640.217838342301548 ], [ 2886810.854837816208601, 2039630.948797007091343 ], [ 2886799.68295328412205, 2039619.789052834035829 ], [ 2886796.881761298514903, 2039616.990827969275415 ], [ 2886792.861517320852727, 2039613.883293038234115 ], [ 2886805.033190418966115, 2039617.213894910877571 ], [ 2886806.084447521250695, 2039617.501534044276923 ], [ 2886831.494003327097744, 2039587.518243335653096 ], [ 2886831.894079619087279, 2039587.244382339762524 ], [ 2886927.208252677693963, 2039522.005839340854436 ], [ 2886994.448074388317764, 2039496.647948855301365 ], [ 2887067.848094748333097, 2039464.34021714841947 ], [ 2887206.652955224737525, 2039440.521389209898189 ], [ 2887244.230724307708442, 2039414.373837030725554 ], [ 2887253.577709896489978, 2039370.766363063827157 ], [ 2887287.013229505158961, 2039214.753772931173444 ], [ 2887288.63614033954218, 2039207.195676379371434 ], [ 2887315.990558069199324, 2039079.590035654604435 ], [ 2887340.686971022747457, 2039070.817565548233688 ], [ 2887606.293019121047109, 2038976.472085641464218 ], [ 2887626.760012923739851, 2038969.202141981339082 ], [ 2887699.613164125941694, 2038939.618626224575564 ], [ 2887706.510194882750511, 2038919.322449604980648 ], [ 2887710.656699736602604, 2038907.125429201638326 ], [ 2887716.97376599162817, 2038888.537504825973883 ], [ 2887753.846143553964794, 2038780.041445140028372 ], [ 2887761.444192431867123, 2038757.684725513216108 ], [ 2887762.765742912888527, 2038754.31862901407294 ], [ 2887763.827186825685203, 2038751.611315991962329 ], [ 2887769.354154169559479, 2038737.539842123864219 ], [ 2887770.326054927892983, 2038735.072045239619911 ], [ 2887770.667213019449264, 2038734.204094238812104 ], [ 2887772.675006447825581, 2038729.091849150834605 ], [ 2887785.629805880598724, 2038696.107139165280387 ], [ 2887837.548726208508015, 2038563.914717208128422 ], [ 2887884.229726953431964, 2038419.11293087946251 ], [ 2887895.355181162245572, 2038384.793096257373691 ], [ 2887902.75194448325783, 2038363.784317873418331 ], [ 2887910.852894643321633, 2038340.787310037063435 ], [ 2887915.032245738431811, 2038320.68968941597268 ], [ 2887914.946588169783354, 2038290.637791355838999 ], [ 2887911.68523376295343, 2038250.374973834725097 ], [ 2887910.039584479294717, 2038239.575849178712815 ], [ 2887905.516703464090824, 2038209.895500393584371 ], [ 2887904.11672977078706, 2038181.607884688768536 ], [ 2887908.039018014445901, 2038150.855686492519453 ], [ 2887910.287769512273371, 2038123.111472478834912 ], [ 2887911.154112912714481, 2038078.455018700333312 ], [ 2887911.755818613804877, 2038046.061755452305079 ], [ 2887912.02742527006194, 2038031.444939223816618 ], [ 2887911.896981744095683, 2038030.163910565664992 ], [ 2887907.982873155735433, 2037991.750038407044485 ], [ 2887911.41415870282799, 2037965.232444441178814 ], [ 2887911.705164452083409, 2037963.014395918929949 ], [ 2887912.596070128493011, 2037951.361597741488367 ], [ 2887913.823272393085063, 2037935.309533056104556 ], [ 2887913.785184760577977, 2037916.77809571987018 ], [ 2887913.753172973170877, 2037901.197378607466817 ], [ 2887913.293211182579398, 2037898.492779726861045 ], [ 2887913.019396925345063, 2037896.880072163650766 ], [ 2887911.43305772356689, 2037887.592793933581561 ], [ 2887911.076021607965231, 2037885.502676974283531 ], [ 2887909.549082367215306, 2037877.679025436984375 ], [ 2887909.293146660085768, 2037876.365983035648242 ], [ 2887910.504209785722196, 2037856.608404456172138 ], [ 2887935.573362439870834, 2037838.207622574642301 ], [ 2887963.409821005072445, 2037819.873965818202123 ], [ 2887966.58267414662987, 2037817.782793431077152 ], [ 2887995.135367345996201, 2037813.339677618118003 ], [ 2888024.285292410291731, 2037808.803462671348825 ], [ 2888026.200520891696215, 2037806.944010408129543 ], [ 2888026.515538262203336, 2037806.638092409586534 ], [ 2888042.865158236119896, 2037790.763844809727743 ], [ 2888052.927672404330224, 2037780.993886791169643 ], [ 2888062.173660308122635, 2037780.240832778858021 ], [ 2888077.544377991463989, 2037778.98894106131047 ], [ 2888100.649125312454998, 2037773.794324067421257 ], [ 2888156.097280303947628, 2037779.249315283959731 ], [ 2888199.552297771908343, 2037777.798612103797495 ], [ 2888228.33392571657896, 2037769.478667646180838 ], [ 2888244.799123564735055, 2037763.223456625593826 ], [ 2888286.007730408571661, 2037747.567778058815747 ], [ 2888400.683018007781357, 2037663.553351496579126 ], [ 2888402.618567142635584, 2037662.135322216665372 ], [ 2888403.331003732513636, 2037661.611932481871918 ], [ 2888402.910628729499876, 2037661.093478817027062 ], [ 2888697.573006177321076, 2037335.718103632563725 ], [ 2888876.68322375882417, 2037141.589535044971853 ], [ 2888911.29027933999896, 2037105.569298432208598 ], [ 2889193.178537643980235, 2036812.173120787134394 ], [ 2889413.118591970764101, 2036560.488978844834492 ], [ 2889418.126829490996897, 2036552.757422168273479 ], [ 2889328.933513110503554, 2036503.210478984052315 ], [ 2889321.086041628848761, 2036499.123716780450195 ], [ 2889110.98446, 2036389.937684981850907 ], [ 2889025.14563734550029, 2036345.328912876546383 ], [ 2889010.716513987630606, 2036337.699055158998817 ], [ 2889027.060128363315016, 2036336.188964690081775 ], [ 2889027.538983375299722, 2036336.144691361114383 ], [ 2889027.721359887160361, 2036336.127818933455274 ], [ 2889047.971577914431691, 2036320.367281436454505 ], [ 2889092.154442698694766, 2036270.064901029923931 ], [ 2889112.891551523469388, 2036244.824911450734362 ], [ 2889124.454106650315225, 2036212.534703005803749 ], [ 2889155.166465383023024, 2036186.820468087447807 ], [ 2889166.302195162512362, 2036172.719282169127837 ], [ 2889186.037065812386572, 2036132.904481477569789 ], [ 2889218.343217666260898, 2036112.937191433971748 ], [ 2889243.450965640135109, 2036081.535461857449263 ], [ 2889247.575047038495541, 2036061.331907901912928 ], [ 2889247.959032412618399, 2036059.295247783185914 ], [ 2889254.913861501030624, 2036022.412335335742682 ], [ 2889255.171968741342425, 2036021.043562793172896 ], [ 2889262.409588510170579, 2035986.857624181779101 ], [ 2889277.182589517906308, 2035962.032631222857162 ], [ 2889321.066419212147593, 2035926.542352935997769 ], [ 2889344.640101030468941, 2035898.103229522472247 ], [ 2889360.970201896503568, 2035866.286947946529835 ], [ 2889362.011498837266117, 2035835.241385043831542 ], [ 2889368.762487609870732, 2035810.535143056884408 ], [ 2889392.763614656869322, 2035763.90695963986218 ], [ 2889409.257930549792945, 2035741.451874932739884 ], [ 2889416.563833718188107, 2035695.179600947070867 ], [ 2889423.173281822353601, 2035657.083475966239348 ], [ 2889432.978591301944107, 2035609.685557973803952 ], [ 2889437.448068455327302, 2035566.612663371721283 ], [ 2889435.024842405691743, 2035534.856163700344041 ], [ 2889430.5240538418293, 2035524.107847075443715 ], [ 2889421.975251947529614, 2035503.692586154444143 ], [ 2889398.471716810483485, 2035461.686763328267261 ], [ 2889371.945083707105368, 2035417.54823901085183 ], [ 2889355.243718733079731, 2035380.341344972373918 ], [ 2889354.958020693156868, 2035378.563402140745893 ], [ 2889351.26369262393564, 2035355.576155725633726 ], [ 2889358.3150335829705, 2035316.058144505834207 ], [ 2889375.132392111234367, 2035274.762582411756739 ], [ 2889368.53404315141961, 2035233.704539495520294 ], [ 2889372.494313337374479, 2035204.140107590705156 ], [ 2889377.824677895288914, 2035191.681505511049181 ], [ 2889383.69839828601107, 2035177.952715445775539 ], [ 2889396.97541717486456, 2035162.670886588981375 ], [ 2889423.849624404218048, 2035131.739063969347626 ], [ 2889446.704944338649511, 2035115.504881147295237 ], [ 2889463.341127950232476, 2035106.439776034327224 ], [ 2889477.860102400183678, 2035088.369093222077936 ], [ 2889491.813429811038077, 2035078.187937784707174 ], [ 2889500.513074932619929, 2035100.00110173271969 ], [ 2889523.89639778714627, 2035151.550730642862618 ], [ 2889552.779791904613376, 2035193.960907383589074 ], [ 2889585.892600797582418, 2035219.324662412749603 ], [ 2889612.352367748506367, 2035224.972151081776246 ], [ 2889634.558558093383908, 2035218.605070324847475 ], [ 2889652.089889062568545, 2035190.550946486648172 ], [ 2889652.334065480157733, 2035190.160186810651794 ], [ 2889667.647592174354941, 2035165.655192806618288 ], [ 2889666.916903006844223, 2035156.688168557593599 ], [ 2889685.141470276750624, 2035116.719299398595467 ], [ 2889698.211086751427501, 2035090.435255052754655 ], [ 2889719.689999150577933, 2035053.278516757069156 ], [ 2889723.654790270142257, 2035035.246202010661364 ], [ 2889692.706357118673623, 2034966.469770289026201 ], [ 2889695.996915662661195, 2034958.440642442554235 ], [ 2889702.204469387419522, 2034949.675727783236653 ], [ 2889710.506199781782925, 2034945.524883192032576 ], [ 2889733.840713520068675, 2034939.639061160385609 ], [ 2889761.812328579369932, 2034931.555110298562795 ], [ 2889779.387975282967091, 2034923.008150224108249 ], [ 2889788.213305151090026, 2034916.668317162897438 ], [ 2889793.44842982199043, 2034908.148768193786964 ], [ 2889800.553390015847981, 2034889.901593985036016 ], [ 2889807.358952794224024, 2034861.445652913302183 ], [ 2889809.453130313195288, 2034852.689873810391873 ], [ 2889813.192607503384352, 2034846.604512695921585 ], [ 2889817.156421876512468, 2034841.490996771724895 ], [ 2889822.017777505330741, 2034840.264824099605903 ], [ 2889828.300162356346846, 2034840.737010238692164 ], [ 2889833.311136410105973, 2034844.615339593961835 ], [ 2889838.322177603840828, 2034848.493454607902095 ], [ 2889840.865213464945555, 2034855.051180606242269 ], [ 2889841.912512430921197, 2034877.412544837454334 ], [ 2889841.463993379846215, 2034902.208326503401622 ], [ 2889843.558230789843947, 2034906.822185218334198 ], [ 2889846.848996704444289, 2034912.162791349925101 ], [ 2889852.60787922795862, 2034914.823867619270459 ], [ 2889858.142441067844629, 2034916.513197973603383 ], [ 2889863.228231034241617, 2034916.258856448344886 ], [ 2889884.019893073476851, 2034903.815467794425786 ], [ 2889907.803112534806132, 2034886.503794371848926 ], [ 2889926.052030390594155, 2034880.872396394144744 ], [ 2889951.854699638672173, 2034872.307285554241389 ], [ 2889958.959773278795183, 2034867.429875337518752 ], [ 2889963.671443234197795, 2034861.099333249265328 ], [ 2889968.532953627407551, 2034846.503408913500607 ], [ 2889980.274588907603174, 2034799.319181198719889 ], [ 2889988.202118435874581, 2034762.352848678361624 ], [ 2889988.800350627861917, 2034742.661686899606138 ], [ 2889987.379296222701669, 2034714.223978377645835 ], [ 2889984.387527619488537, 2034705.722676615230739 ], [ 2889979.675649265758693, 2034698.683722547022626 ], [ 2889966.811739896424115, 2034687.530296638607979 ], [ 2889962.847597073763609, 2034679.274226609617472 ], [ 2889962.698114471510053, 2034674.169811194064096 ], [ 2889967.709081023000181, 2034664.678434213856235 ], [ 2889978.703289742581546, 2034658.820090938359499 ], [ 2890000.616979022044688, 2034651.236064285039902 ], [ 2890010.339747686870396, 2034648.783764260122553 ], [ 2890019.61393727036193, 2034644.387661017710343 ], [ 2890033.674601277336478, 2034629.528482710942626 ], [ 2890114.523648642934859, 2034520.691803862107918 ], [ 2890150.872069452889264, 2034490.955474325921386 ], [ 2890157.977230974007398, 2034486.078109227819368 ], [ 2890166.503435013350099, 2034482.899209705647081 ], [ 2890174.730554063338786, 2034482.881113752257079 ], [ 2890180.265048503875732, 2034484.570499697700143 ], [ 2890187.594467866234481, 2034494.034587889909744 ], [ 2890191.109619137831032, 2034500.346935068955645 ], [ 2890192.680216385051608, 2034507.149792877491564 ], [ 2890191.408760479651392, 2034523.925308457110077 ], [ 2890182.658086930401623, 2034552.871476655593142 ], [ 2890173.234345368109643, 2034578.902135088574141 ], [ 2890156.032487785443664, 2034633.633744909195229 ], [ 2890146.833148556295782, 2034660.636365568963811 ], [ 2890132.099358575884253, 2034726.058258531847969 ], [ 2890129.930641949176788, 2034765.685664363671094 ], [ 2890130.005490691401064, 2034774.922717678826302 ], [ 2890135.465428292751312, 2034794.114245739299804 ], [ 2890143.393233695998788, 2034810.626417060149834 ], [ 2890154.985913380049169, 2034825.185799260856584 ], [ 2890162.390199975576252, 2034830.517227710457519 ], [ 2890180.414797289296985, 2034837.283740622457117 ], [ 2890189.83849360793829, 2034837.992186544695869 ], [ 2890207.788242552429438, 2034835.521654170006514 ], [ 2890235.535632060840726, 2034826.466302398359403 ], [ 2890253.111382508650422, 2034817.919558816589415 ], [ 2890327.30364584363997, 2034769.382321243872866 ], [ 2890351.46109228907153, 2034758.147253130562603 ], [ 2890386.537882784381509, 2034745.186545163393021 ], [ 2890414.285288677550852, 2034736.13123308843933 ], [ 2890438.966317036189139, 2034722.707339669344947 ], [ 2890497.153663562610745, 2034689.520072949118912 ], [ 2890514.953879789449275, 2034681.945290683070198 ], [ 2890524.153108882717788, 2034681.681997485458851 ], [ 2890533.576850706711411, 2034682.390418857801706 ], [ 2890540.532418285496533, 2034685.778328588698059 ], [ 2890551.975332152098417, 2034695.233341715531424 ], [ 2890562.82004639133811, 2034711.009766071336344 ], [ 2890570.972243192605674, 2034728.493733654264361 ], [ 2890579.423670176416636, 2034756.186485820217058 ], [ 2890580.994317741598934, 2034776.358870831085369 ], [ 2890579.124443042092025, 2034786.086237664567307 ], [ 2890576.058064290788025, 2034795.087035801028833 ], [ 2890565.587413521483541, 2034812.125847263727337 ], [ 2890548.460363684222102, 2034835.985651546856388 ], [ 2890530.36104902997613, 2034860.090665264520794 ], [ 2890510.69129488710314, 2034890.762305087875575 ], [ 2890489.525605577044189, 2034923.868271047482267 ], [ 2890465.966814839746803, 2034955.520941303344443 ], [ 2890442.183547396212816, 2034986.201916986843571 ], [ 2890428.197925729677081, 2035010.297923740930855 ], [ 2890414.960403592325747, 2035046.546514226822183 ], [ 2890403.293804928660393, 2035102.967516811564565 ], [ 2890384.746648691594601, 2035165.237917638383806 ], [ 2890382.05449066311121, 2035193.684648783644661 ], [ 2890376.296275451313704, 2035231.132185292430222 ], [ 2890372.183488882146776, 2035271.250057731289417 ], [ 2890366.275933139957488, 2035316.962942074984312 ], [ 2890360.218460967298597, 2035344.201691674534231 ], [ 2890350.047586290165782, 2035371.449609774164855 ], [ 2890344.588125260546803, 2035378.997263336321339 ], [ 2890330.602467365562916, 2035389.723921250319108 ], [ 2890285.504697870463133, 2035421.667836956679821 ], [ 2890265.760603108908981, 2035443.103001975687221 ], [ 2890235.097396802157164, 2035479.633674953365698 ], [ 2890220.588899484369904, 2035505.918971706647426 ], [ 2890209.221473700832576, 2035532.440424443921074 ], [ 2890204.510174212511629, 2035552.14072970347479 ], [ 2890202.790747047867626, 2035580.342294548870996 ], [ 2890204.287778822239488, 2035618.017134327441454 ], [ 2890198.530177397653461, 2035655.464951166184619 ], [ 2890191.575904994271696, 2035692.186250754864886 ], [ 2890174.375904749147594, 2035746.918711577309296 ], [ 2890163.682986696250737, 2035803.095129072200507 ], [ 2890163.833230645861477, 2035821.569308452541009 ], [ 2890167.124718080274761, 2035840.279597510816529 ], [ 2890171.313433131203055, 2035849.507471403805539 ], [ 2890177.222121969796717, 2035857.273013895144686 ], [ 2890187.543336369097233, 2035861.868729709647596 ], [ 2890219.927664212882519, 2035863.984482677886263 ], [ 2890258.444499476347119, 2035861.468011232791469 ], [ 2890287.313297022134066, 2035857.271469723200426 ], [ 2890323.511331619694829, 2035849.169337485451251 ], [ 2890350.285850744694471, 2035840.358836186351255 ], [ 2890384.688828391954303, 2035824.481892766663805 ], [ 2890408.396735528018326, 2035811.302844204474241 ], [ 2890432.17940887529403, 2035793.991017553955317 ], [ 2890459.477090095169842, 2035769.622132392833009 ], [ 2890486.550245168618858, 2035744.281353246187791 ], [ 2890551.690780858509243, 2035687.74152101110667 ], [ 2890616.831994023174047, 2035644.571638841414824 ], [ 2890654.749892924912274, 2035621.637851168168709 ], [ 2890703.437700529582798, 2035591.874149657320231 ], [ 2890724.378556712530553, 2035571.165824027964845 ], [ 2890744.122612823266536, 2035549.73089023376815 ], [ 2890758.107953175902367, 2035525.634829948889092 ], [ 2890783.685047088190913, 2035475.989489958854392 ], [ 2890806.720004963222891, 2035446.525597059167922 ], [ 2890830.951443878002465, 2035417.788515217369422 ], [ 2890840.673989481292665, 2035401.966752811567858 ], [ 2890848.003094321116805, 2035384.691711568972096 ], [ 2890854.808565760962665, 2035356.236103087197989 ], [ 2890870.289159158244729, 2035289.597459516488016 ], [ 2890880.759516702499241, 2035272.558710608165711 ], [ 2890909.029933255165815, 2035234.575579386670142 ], [ 2890935.430604787543416, 2035192.950493273092434 ], [ 2890942.460373278241605, 2035165.466917488723993 ], [ 2890947.097201491240412, 2035136.529971535084769 ], [ 2890949.714553923346102, 2035098.846559001132846 ], [ 2890949.36418533558026, 2035055.60720253107138 ], [ 2891185.914353660773486, 2035022.150961118983105 ], [ 2891218.331167819909751, 2034979.575688689714298 ], [ 2891300.876279854681343, 2034906.920506971655414 ], [ 2891326.891671708784997, 2034873.369300747057423 ], [ 2891377.92689104937017, 2034832.645711881341413 ], [ 2891423.058540829457343, 2034787.756977593293414 ], [ 2891484.443523769732565, 2034713.713388388976455 ], [ 2891513.875250894576311, 2034651.020429063588381 ], [ 2891516.555884369183332, 2034648.393619048641995 ], [ 2891534.131907766219229, 2034626.478286892408505 ], [ 2891546.472801590804011, 2034599.712758438661695 ], [ 2891570.182343231979758, 2034546.426900604506955 ], [ 2891587.010828653816134, 2034512.359313869848847 ], [ 2891615.73164214938879, 2034462.951911949086934 ], [ 2891635.925485503859818, 2034443.461734616896138 ], [ 2891671.60156531073153, 2034410.811695444397628 ], [ 2891693.890185717493296, 2034382.566254889359698 ], [ 2891715.729805829934776, 2034352.377201644005254 ], [ 2891754.174023580271751, 2034287.149021274177358 ], [ 2891766.739743543788791, 2034261.355525916907936 ], [ 2891778.034049650188535, 2034225.59857310145162 ], [ 2891784.167176769115031, 2034207.597551681334153 ], [ 2891813.561307207215577, 2034147.736451638163999 ], [ 2891817.974838000722229, 2034117.828311066841707 ], [ 2891825.679190889000893, 2034079.891493998933583 ], [ 2891840.19044541567564, 2034013.499929264420643 ], [ 2891844.007238271646202, 2033936.436194123933092 ], [ 2891843.242377239279449, 2033932.087639681063592 ], [ 2891825.571854196488857, 2033910.714319090824574 ], [ 2891815.789001289755106, 2033896.349051192170009 ], [ 2891800.79122107103467, 2033881.357808333355933 ], [ 2891783.57372569385916, 2033873.875842472072691 ], [ 2891779.016715606208891, 2033864.383686486631632 ], [ 2891766.227927145548165, 2033849.097705053398386 ], [ 2891751.195587977766991, 2033837.462592984782532 ], [ 2891735.639569133520126, 2033828.016450698720291 ], [ 2891719.036041848827153, 2033822.947965025436133 ], [ 2891690.541010193992406, 2033819.84997509024106 ], [ 2891662.494353389367461, 2033818.695340120000765 ], [ 2891634.073235328774899, 2033824.833900126162916 ], [ 2891607.073143872432411, 2033832.67078559123911 ], [ 2891554.194604783784598, 2033853.204040824202821 ], [ 2891528.540736432187259, 2033866.872006240999326 ], [ 2891497.426536082755774, 2033888.087199558038265 ], [ 2891465.564680146519095, 2033910.519486396573484 ], [ 2891437.965463731437922, 2033938.047190353507176 ], [ 2891417.322511084843427, 2033955.593659761827439 ], [ 2891401.915059329941869, 2033964.620958220679313 ], [ 2891358.011839551851153, 2033983.919541670707986 ], [ 2891334.227727676276118, 2034001.229942828183994 ], [ 2891313.509695660322905, 2034022.908956395462155 ], [ 2891294.287674995604903, 2034042.153928430285305 ], [ 2891263.847027216106653, 2034066.285000125411898 ], [ 2891212.165562373585999, 2034087.545391773572192 ], [ 2891205.135099240578711, 2034088.289919598493725 ], [ 2891197.880236566066742, 2034088.062718211207539 ], [ 2891190.924812260083854, 2034084.674678661162034 ], [ 2891190.027458523400128, 2034080.787408221047372 ], [ 2891192.346189500764012, 2034073.003902953583747 ], [ 2891218.599498041905463, 2034012.906184019520879 ], [ 2891228.024217195343226, 2033986.876311773434281 ], [ 2891247.621099337469786, 2033933.599567499244586 ], [ 2891264.899484279565513, 2033888.106305763591081 ], [ 2891282.253291981294751, 2033825.111269063549116 ], [ 2891281.581092697568238, 2033795.457353754900396 ], [ 2891275.374080608598888, 2033777.483034190023318 ], [ 2891267.895594970323145, 2033762.914676530752331 ], [ 2891261.46356044197455, 2033757.337813461665064 ], [ 2891204.174295142758638, 2033727.563753024209291 ], [ 2891191.834155887831002, 2033714.221337912604213 ], [ 2891176.502195623703301, 2033705.746900053694844 ], [ 2891168.798691611271352, 2033703.57601285749115 ], [ 2891149.726928520016372, 2033701.186683836160228 ], [ 2891121.979359502438456, 2033696.871667353669181 ], [ 2891111.882696248590946, 2033693.247351969126612 ], [ 2891106.871724312193692, 2033689.369098411174491 ], [ 2891103.356737224385142, 2033683.056690879864618 ], [ 2891103.207309796474874, 2033677.952420534798875 ], [ 2891108.593167280778289, 2033661.168257191078737 ], [ 2891118.316593345720321, 2033645.347005651099607 ], [ 2891135.893505195621401, 2033623.431752068223432 ], [ 2891185.10893936548382, 2033564.742971312021837 ], [ 2891189.297503172419965, 2033560.601647440344095 ], [ 2891194.90696990583092, 2033558.15863332990557 ], [ 2891200.441359336487949, 2033559.848177182953805 ], [ 2891203.956336171831936, 2033566.160587968770415 ], [ 2891209.340391457080841, 2033589.484326488804072 ], [ 2891221.603908270597458, 2033647.067132527474314 ], [ 2891230.50340417586267, 2033663.333964150864631 ], [ 2891245.012495497241616, 2033677.157968319719657 ], [ 2891261.316766262985766, 2033685.387149811023846 ], [ 2891280.423575904686004, 2033688.7152810159605 ], [ 2891295.443008535541594, 2033715.361491784453392 ], [ 2891299.010750902816653, 2033714.960619928548113 ], [ 2891364.004927162546664, 2033706.797999945003539 ], [ 2891392.426076534204185, 2033700.659449336351827 ], [ 2891421.146416028961539, 2033691.360141153214499 ], [ 2891437.52627217490226, 2033682.087690008571371 ], [ 2891461.759353437460959, 2033666.72125301300548 ], [ 2891485.020332516636699, 2033651.599970657378435 ], [ 2891498.109365784097463, 2033636.987090423237532 ], [ 2891504.243255466688424, 2033618.986080098431557 ], [ 2891508.282326699234545, 2033609.740437177475542 ], [ 2891524.438420877791941, 2033586.126949986210093 ], [ 2891576.271698685362935, 2033529.863976858090609 ], [ 2891603.123226060532033, 2033503.553666529478505 ], [ 2891619.278813427314162, 2033493.309567395830527 ], [ 2891643.287448121234775, 2033476.971263430546969 ], [ 2891649.944103002548218, 2033470.150638954946771 ], [ 2891668.493820543866605, 2033434.621216584928334 ], [ 2891687.267768273130059, 2033400.063574778847396 ], [ 2891705.321134104859084, 2033369.433883148478344 ], [ 2891711.622222909703851, 2033358.743554002838209 ], [ 2891711.458016457501799, 2033357.792007299372926 ], [ 2891722.504310856573284, 2033341.405462780036032 ], [ 2891734.290924774948508, 2033319.732701071770862 ], [ 2891741.355534794740379, 2033306.742353352485225 ], [ 2891757.47795036341995, 2033288.871208535507321 ], [ 2891781.204218304716051, 2033284.553877744358033 ], [ 2891793.796087933704257, 2033270.041058091912419 ], [ 2891790.570304879918694, 2033258.406443690182641 ], [ 2891770.043183101341128, 2033240.414647605037317 ], [ 2891746.926116785034537, 2033214.746312929317355 ], [ 2891734.549955488648266, 2033195.365125535754487 ], [ 2891725.173777549061924, 2033180.681870107538998 ], [ 2891717.052495845593512, 2033174.542046727612615 ], [ 2891702.010354266967624, 2033163.169707093853503 ], [ 2891680.667788768187165, 2033152.792177712544799 ], [ 2891659.333171172533184, 2033142.418689918937162 ], [ 2891656.543318732641637, 2033133.46174502838403 ], [ 2891653.72944139316678, 2033124.427133681019768 ], [ 2891659.472320420667529, 2033117.950270069763064 ], [ 2891667.598167691845447, 2033116.814568426925689 ], [ 2891687.928348703309894, 2033113.973149391589686 ], [ 2891705.477209749631584, 2033111.520390802528709 ], [ 2891728.893124108202755, 2033108.247731784591451 ], [ 2891762.05313803628087, 2033103.613305165199563 ], [ 2891772.993883053772151, 2033102.838966521434486 ], [ 2891824.997758510522544, 2033102.949625224107876 ], [ 2891829.610522130969912, 2033102.959504421567544 ], [ 2891848.383619806729257, 2033095.140360709046945 ], [ 2891871.644374498166144, 2033080.019470813916996 ], [ 2891884.957921457476914, 2033066.378427502000704 ], [ 2891891.614706349559128, 2033059.55795711139217 ], [ 2891899.617447792552412, 2033058.56832140404731 ], [ 2891902.982947984710336, 2033059.776533930562437 ], [ 2891906.049075732007623, 2033064.145229689078405 ], [ 2891910.236762384418398, 2033073.372933289734647 ], [ 2891923.249444086104631, 2033089.630891521228477 ], [ 2891935.96353149600327, 2033095.680231232428923 ], [ 2891952.86621621530503, 2033097.588356038089842 ], [ 2891960.644566017203033, 2033095.626904181903228 ], [ 2891967.974237588234246, 2033091.721880425466225 ], [ 2891998.865160676650703, 2033056.166200885316357 ], [ 2892020.032103901263326, 2033036.431450672913343 ], [ 2892027.661154792644083, 2033029.365858777891845 ], [ 2892032.149294414557517, 2033022.063837214605883 ], [ 2892036.562796974554658, 2033005.525311552919447 ], [ 2892034.993546246550977, 2032985.353399404324591 ], [ 2892037.836204316467047, 2032975.381259156623855 ], [ 2892045.016693873330951, 2032966.372082642046735 ], [ 2892049.653874438256025, 2032964.174369029235095 ], [ 2892060.722770536318421, 2032967.553467253455892 ], [ 2892071.567388022318482, 2032969.960822135442868 ], [ 2892082.482338144443929, 2032968.236517883604392 ], [ 2892082.486882065422833, 2032968.235792541410774 ], [ 2892085.696321320720017, 2032966.332435425836593 ], [ 2892091.536970540881157, 2032962.868627620395273 ], [ 2892106.570916793309152, 2032947.765516596613452 ], [ 2892137.23752330802381, 2032911.238376325694844 ], [ 2892152.645115071441978, 2032902.211378807434812 ], [ 2892169.174367689993232, 2032898.043476566206664 ], [ 2892196.547873019240797, 2032896.283037519315258 ], [ 2892215.843689981848001, 2032899.644476430490613 ], [ 2892242.76787135284394, 2032909.309447665000334 ], [ 2892259.296114031225443, 2032918.510803438024595 ], [ 2892290.332894294522703, 2032941.535953836748376 ], [ 2892296.988802745938301, 2032948.084563262294978 ], [ 2892299.082701680250466, 2032952.698519095545635 ], [ 2892297.436626852024347, 2032963.397230711067095 ], [ 2892284.494501012377441, 2033009.852181655354798 ], [ 2892281.427735188044608, 2033018.852523068897426 ], [ 2892275.967417381703854, 2033026.399638184346259 ], [ 2892261.905764972325414, 2033041.257441751658916 ], [ 2892252.406244718935341, 2033058.049982326105237 ], [ 2892249.339393685571849, 2033067.050346667645499 ], [ 2892249.712089370470494, 2033086.495467260014266 ], [ 2892247.691533360630274, 2033104.487310238182545 ], [ 2892245.596917118411511, 2033113.242439636494964 ], [ 2892241.333259298466146, 2033121.516252769622952 ], [ 2892234.452129948884249, 2033127.364824865711853 ], [ 2892217.100096821784973, 2033136.882086859783158 ], [ 2892203.038524119183421, 2033151.740018824348226 ], [ 2892193.763461266644299, 2033169.504412475740537 ], [ 2892192.641003334894776, 2033178.014425446046516 ], [ 2892194.211261086165905, 2033184.817117065889761 ], [ 2892218.367067918181419, 2033213.69091017707251 ], [ 2892224.050766912288964, 2033220.484756341204047 ], [ 2892224.424391204025596, 2033226.560761637985706 ], [ 2892214.700669980607927, 2033242.381581396097317 ], [ 2892209.837766212876886, 2033270.345649709692225 ], [ 2892209.088298045098782, 2033298.300775445299223 ], [ 2892213.574630668386817, 2033317.737153488211334 ], [ 2892212.676595333963633, 2033327.219002420315519 ], [ 2892206.468703833408654, 2033335.983074906282127 ], [ 2892183.655685351230204, 2033366.416745079914108 ], [ 2892167.724670222960413, 2033377.632479872088879 ], [ 2892155.607779367826879, 2033392.00014921464026 ], [ 2892150.371934712864459, 2033400.519028948387131 ], [ 2892148.053110715933144, 2033408.302528406260535 ], [ 2892147.528747236356139, 2033423.860395763069391 ], [ 2892148.799692410044372, 2033433.823681252775714 ], [ 2892151.790920792147517, 2033442.324916316661984 ], [ 2892157.699135668575764, 2033450.090573917375877 ], [ 2892163.682176024187356, 2033453.723735847743228 ], [ 2892174.526673948392272, 2033456.131038457155228 ], [ 2892175.841963093727827, 2033456.093427539803088 ], [ 2892183.725944859907031, 2033455.86805810010992 ], [ 2892192.476527894847095, 2033453.661500474438071 ], [ 2892200.778604539111257, 2033449.511231063399464 ], [ 2892215.288567670620978, 2033436.596983891446143 ], [ 2892225.760150990914553, 2033419.559157415991649 ], [ 2892229.051316606346518, 2033411.53050382132642 ], [ 2892230.847361287102103, 2033392.566798185231164 ], [ 2892233.767033267766237, 2033338.354880439117551 ], [ 2892237.73121605720371, 2033333.241755549097434 ], [ 2892242.144100576173514, 2033330.07230801647529 ], [ 2892269.667583388276398, 2033320.046745692612603 ], [ 2892296.742629834450781, 2033308.077784264693037 ], [ 2892319.554812265560031, 2033291.013438053196296 ], [ 2892356.87717230245471, 2033261.034805020317435 ], [ 2892371.16305579803884, 2033247.148761171847582 ], [ 2892393.527419836260378, 2033214.771770861931145 ], [ 2892402.802523861639202, 2033197.007417046930641 ], [ 2892415.144684434868395, 2033170.242673465749249 ], [ 2892425.392056798096746, 2033152.23319395375438 ], [ 2892437.73343367036432, 2033138.837569122435525 ], [ 2892449.626028372906148, 2033123.498290443094447 ], [ 2892469.597486978396773, 2033089.668137737549841 ], [ 2892481.939657167065889, 2033062.903547867201269 ], [ 2892485.904762638732791, 2033044.421455394476652 ], [ 2892493.462366894353181, 2032988.012166959466413 ], [ 2892492.494433788582683, 2032921.412258437136188 ], [ 2892489.50341172516346, 2032912.911205368349329 ], [ 2892484.04400453902781, 2032907.089084353065118 ], [ 2892471.405020880512893, 2032896.907155371969566 ], [ 2892453.381056793965399, 2032890.139843213139102 ], [ 2892444.256675761193037, 2032886.270262513775378 ], [ 2892437.824942020699382, 2032880.693398622097448 ], [ 2892432.365669112186879, 2032874.871463923016563 ], [ 2892431.992174996994436, 2032868.795353344874457 ], [ 2892450.693916496820748, 2032811.633003581315279 ], [ 2892449.423196393065155, 2032801.669728186214343 ], [ 2892452.041768624447286, 2032790.725863629486412 ], [ 2892457.502058142796159, 2032783.178800262976438 ], [ 2892461.391137218102813, 2032782.198148721130565 ], [ 2892500.731024108361453, 2032787.704367731930688 ], [ 2892527.058162997942418, 2032790.321643487783149 ], [ 2892534.087765043601394, 2032789.577339871320873 ], [ 2892541.41748184710741, 2032785.672538305865601 ], [ 2892551.515060086734593, 2032775.928027007961646 ], [ 2892565.951320638880134, 2032753.777376402867958 ], [ 2892570.215124022215605, 2032745.503812120296061 ], [ 2892573.20821410510689, 2032727.266876177163795 ], [ 2892578.369908471591771, 2032709.511561769060791 ], [ 2892585.177109125070274, 2032694.426485341740772 ], [ 2892611.357239346951246, 2032651.832786588929594 ], [ 2892626.991524651646614, 2032617.039950123755261 ], [ 2892634.024127973243594, 2032589.557655194541439 ], [ 2892644.123777406290174, 2032553.075255427509546 ], [ 2892659.832189818844199, 2032527.519116561859846 ], [ 2892670.230196036864072, 2032501.245146027533337 ], [ 2892677.038610096089542, 2032472.791131356498227 ], [ 2892692.97448517754674, 2032408.100010972935706 ], [ 2892702.176325448788702, 2032381.099297075299546 ], [ 2892713.322521677240729, 2032353.608469482278451 ], [ 2892716.389795650728047, 2032344.608339762082323 ], [ 2892719.383075799793005, 2032326.371556598460302 ], [ 2892719.684839947149158, 2032296.473077790811658 ], [ 2892716.693988222628832, 2032287.971923037664965 ], [ 2892694.035007544327527, 2032256.664247779874131 ], [ 2892688.126987027004361, 2032248.898550693877041 ], [ 2892685.136436284054071, 2032240.397346387850121 ], [ 2892687.380387333687395, 2032236.746531724464148 ], [ 2892705.930640242993832, 2032214.587479520356283 ], [ 2892711.391204606276006, 2032207.040655180346221 ], [ 2892715.430637382902205, 2032197.79522712319158 ], [ 2892717.003278326243162, 2032177.86007872922346 ], [ 2892717.529502895660698, 2032148.933450376847759 ], [ 2892714.092586019542068, 2032111.751021988224238 ], [ 2892709.609478142112494, 2032065.577087766956538 ], [ 2892708.567100188694894, 2032016.478938597952947 ], [ 2892711.858715990558267, 2032008.450668857200071 ], [ 2892716.49603470787406, 2032006.253041852265596 ], [ 2892723.226990174502134, 2032008.669402526458725 ], [ 2892728.462072961963713, 2032013.519683556631207 ], [ 2892749.400433423928916, 2032046.289582866011187 ], [ 2892761.888949160929769, 2032064.736363033996895 ], [ 2892769.592270188964903, 2032066.907587853027508 ], [ 2892772.896398877259344, 2032064.099475426133722 ], [ 2892774.753312558867037, 2032062.52125353529118 ], [ 2892777.670202453620732, 2032061.785860011586919 ], [ 2892785.07398216240108, 2032067.117660930613056 ], [ 2892791.954138232395053, 2032074.638157772133127 ], [ 2892800.330380434170365, 2032079.724800837226212 ], [ 2892819.401892215944827, 2032082.114808488171548 ], [ 2892827.205095708370209, 2032081.150233839405701 ], [ 2892827.404778247699142, 2032081.125568672316149 ], [ 2892845.205941226799041, 2032073.552407266339287 ], [ 2892859.94102672720328, 2032061.610516474116594 ], [ 2892866.598170178942382, 2032054.79034087411128 ], [ 2892871.834313786122948, 2032046.27173741790466 ], [ 2892874.004588047042489, 2032033.384460341883823 ], [ 2892871.090221399441361, 2032007.382074534194544 ], [ 2892870.174431196879596, 2031986.315808416111395 ], [ 2892865.523516647983342, 2031969.152145606465638 ], [ 2892858.331435074098408, 2031960.56886279489845 ], [ 2892848.698468276299536, 2031951.265894040465355 ], [ 2892839.690040638204664, 2031931.375661358004436 ], [ 2892834.34769728872925, 2031903.686586540192366 ], [ 2892840.736388640478253, 2031893.689725030446425 ], [ 2892854.500605154316872, 2031868.62434073840268 ], [ 2892860.411101744510233, 2031849.652313153957948 ], [ 2892869.090845432132483, 2031811.47182851890102 ], [ 2892883.983712161891162, 2031724.421089580049738 ], [ 2892883.611942782066762, 2031704.976364346221089 ], [ 2892878.979015113785863, 2031667.067265150370076 ], [ 2892878.905160842463374, 2031657.830745412968099 ], [ 2892880.401273897849023, 2031655.396899508778006 ], [ 2892884.514825367368758, 2031655.388216972816736 ], [ 2892887.880164806731045, 2031656.596435223938897 ], [ 2892898.050529455766082, 2031669.457521765260026 ], [ 2892907.471424696967006, 2031696.904305333038792 ], [ 2892918.236388456076384, 2031743.550799211720005 ], [ 2892924.81398025713861, 2031780.969558704411611 ], [ 2892928.699173826724291, 2031820.095613519893959 ], [ 2892929.442902096547186, 2031858.985171726439148 ], [ 2892932.279175931587815, 2031915.857524537248537 ], [ 2892935.568129004910588, 2031934.566953384317458 ], [ 2892946.411236851941794, 2031950.343419035430998 ], [ 2892954.039399724919349, 2031956.64707027329132 ], [ 2892962.415638573467731, 2031961.733642501290888 ], [ 2892969.819330365397036, 2031967.065489334287122 ], [ 2892992.478130091913044, 2031998.37327205343172 ], [ 2893014.912471063435078, 2032028.709263071650639 ], [ 2893029.196547599043697, 2032041.56171456631273 ], [ 2893045.724685263354331, 2032050.763165183365345 ], [ 2893084.390325265005231, 2032066.723629813408479 ], [ 2893089.400839074514806, 2032070.602064977632836 ], [ 2893090.073753180447966, 2032073.517481675138697 ], [ 2893086.557842002250254, 2032080.573978109518066 ], [ 2893075.03902711160481, 2032088.619766694260761 ], [ 2893019.016894670203328, 2032122.282506856601685 ], [ 2892997.624624140560627, 2032141.044505050173029 ], [ 2892971.220598993822932, 2032169.296840485418215 ], [ 2892940.776835732161999, 2032206.794558017281815 ], [ 2892935.764879495836794, 2032216.284925047308207 ], [ 2892933.894295470323414, 2032226.011717843357474 ], [ 2892933.220160051248968, 2032236.465251691872254 ], [ 2892936.060653919354081, 2032253.231024658307433 ], [ 2892939.051579090766609, 2032261.732075032778084 ], [ 2892950.867230523843318, 2032277.26350934850052 ], [ 2892955.05468817288056, 2032286.491186474682763 ], [ 2892958.194744270760566, 2032300.096487699076533 ], [ 2892956.921850029379129, 2032316.871124372817576 ], [ 2892952.057743737474084, 2032344.834623192436993 ], [ 2892944.052582992240787, 2032372.561648032628 ], [ 2892941.50792348664254, 2032392.741992306895554 ], [ 2892943.898826046846807, 2032420.933036191156134 ], [ 2892943.372692656703293, 2032449.859702126355842 ], [ 2892936.484693357720971, 2032535.921514632878825 ], [ 2892931.620928243733943, 2032563.885114441392943 ], [ 2892908.276988780125976, 2032676.719960858579725 ], [ 2892907.299460872076452, 2032743.809888716554269 ], [ 2892910.887289820238948, 2032772.727674972033128 ], [ 2892914.85055766068399, 2032780.983722738688812 ], [ 2892921.730763634201139, 2032788.504167856182903 ], [ 2892927.48955465760082, 2032791.165573669830337 ], [ 2892932.799700355157256, 2032791.883500108961016 ], [ 2892941.329854713752866, 2032789.732858812203631 ], [ 2892941.550396572798491, 2032789.6772218903061 ], [ 2892950.376195194199681, 2032783.338432286167517 ], [ 2892967.505219575949013, 2032759.480784038780257 ], [ 2892993.909885952249169, 2032717.859253965783864 ], [ 2893036.620433082804084, 2032657.729562144028023 ], [ 2893042.229992361739278, 2032655.286839270964265 ], [ 2893048.512396913021803, 2032655.759560612495989 ], [ 2893054.944155730307102, 2032661.336505605839193 ], [ 2893059.580223198980093, 2032672.507807431742549 ], [ 2893060.476438693702221, 2032689.764047244796529 ], [ 2893057.028588665183634, 2032786.270578664494678 ], [ 2893055.82877576444298, 2032825.650733250658959 ], [ 2893053.13432093616575, 2032854.095801444724202 ], [ 2893046.400215044151992, 2032891.786164151970297 ], [ 2893033.757337069138885, 2032935.080012561753392 ], [ 2893024.854723020456731, 2032972.288951826049015 ], [ 2893014.454036275390536, 2033038.669685272267088 ], [ 2893016.47282419539988, 2033047.415997265372425 ], [ 2893028.587171948049217, 2033073.155723947100341 ], [ 2893047.880446067079902, 2033116.624324662145227 ], [ 2893055.35783745534718, 2033144.561524769989774 ], [ 2893067.247926366981119, 2033169.329424710944295 ], [ 2893078.091685178689659, 2033185.105951295001432 ], [ 2893093.12392045930028, 2033196.741211352404207 ], [ 2893101.275908822193742, 2033200.85598776768893 ], [ 2893119.82388313068077, 2033205.434714308008552 ], [ 2893148.094768884591758, 2033207.561887678457424 ], [ 2893167.017119217664003, 2033204.84755692188628 ], [ 2893223.335586653091013, 2033194.761324313934892 ], [ 2893260.058645187877119, 2033184.473929239204153 ], [ 2893278.756759004667401, 2033180.787895019166172 ], [ 2893307.402129258029163, 2033175.62229393562302 ], [ 2893327.596110204700381, 2033169.502463699551299 ], [ 2893341.283492815215141, 2033161.938010641606525 ], [ 2893377.408706791698933, 2033144.602975280955434 ], [ 2893457.513017899356782, 2033103.839379323879257 ], [ 2893498.649898584000766, 2033077.014053947525099 ], [ 2893527.89511913061142, 2033052.158594419481233 ], [ 2893554.747197621036321, 2033025.849890329875052 ], [ 2893570.679532620124519, 2033001.26586262579076 ], [ 2893597.75780935306102, 2032949.19131349795498 ], [ 2893653.932416011579335, 2032867.157602030783892 ], [ 2893672.184106966480613, 2032834.790528994519264 ], [ 2893681.683949436992407, 2032817.99846983817406 ], [ 2893691.633280913345516, 2032789.781478945398703 ], [ 2893698.666097973939031, 2032762.299661023076624 ], [ 2893704.502096223644912, 2032734.091256221057847 ], [ 2893706.821334584616125, 2032726.308156131766737 ], [ 2893709.589112722314894, 2032720.468560688663274 ], [ 2893712.730214714072645, 2032720.705094281351194 ], [ 2893720.582811378873885, 2032727.980436156503856 ], [ 2893762.013193138875067, 2032778.207948211813346 ], [ 2893767.996314900927246, 2032781.841215359279886 ], [ 2893774.502874679863453, 2032783.285927267512307 ], [ 2893778.916060840710998, 2032780.116631493205205 ], [ 2893793.501689967233688, 2032763.070817196974531 ], [ 2893804.422341110184789, 2032747.977409693878144 ], [ 2893812.276074908673763, 2032741.884099920280278 ], [ 2893821.550623157061636, 2032737.489193892339244 ], [ 2893829.180077240336686, 2032730.424036487704143 ], [ 2893831.947767795994878, 2032724.584467036882415 ], [ 2893833.669057196937501, 2032709.753663406474516 ], [ 2893831.650480065494776, 2032701.007514320779592 ], [ 2893828.43534531770274, 2032691.534617737634107 ], [ 2893827.388931256718934, 2032682.543286114232615 ], [ 2893830.231799745932221, 2032672.571408791933209 ], [ 2893833.672447202727199, 2032669.647376166656613 ], [ 2893890.965942823793739, 2032632.579742474947125 ], [ 2893898.74577075149864, 2032617.249888051534072 ], [ 2893906.824855707585812, 2032598.759517295053229 ], [ 2893906.750754036474973, 2032589.523186476668343 ], [ 2893902.189895859919488, 2032574.219499990576878 ], [ 2893888.355619522742927, 2032549.941947502084076 ], [ 2893883.419923525303602, 2032541.931063411058858 ], [ 2893882.149467717856169, 2032531.967950729653239 ], [ 2893881.552920169197023, 2032511.55156003497541 ], [ 2893874.374516592361033, 2032493.822767964564264 ], [ 2893869.214857517741621, 2032484.840082483831793 ], [ 2893861.586532316170633, 2032478.536474915919825 ], [ 2893852.462295405566692, 2032474.666656198445708 ], [ 2893845.282713702879846, 2032470.306617147754878 ], [ 2893843.188884830102324, 2032465.692801485769451 ], [ 2893842.067515247501433, 2032460.833749474259093 ], [ 2893844.087342789396644, 2032456.211124407593161 ], [ 2893852.91331519279629, 2032449.872749619651586 ], [ 2893867.273869076743722, 2032445.224050798453391 ], [ 2893876.248837985098362, 2032443.989852733444422 ], [ 2893885.747724829241633, 2032440.566819749539718 ], [ 2893889.936592194251716, 2032436.425809242064133 ], [ 2893892.928507945500314, 2032431.558122004149482 ], [ 2893894.724275363609195, 2032425.963713126722723 ], [ 2893895.322992649395019, 2032419.642645148560405 ], [ 2893889.714618967846036, 2032408.716494258493185 ], [ 2893864.363059211522341, 2032379.115749137010425 ], [ 2893849.332177366130054, 2032354.11140488833189 ], [ 2893845.144732708577067, 2032344.883743351558223 ], [ 2893843.126291701570153, 2032336.137495024129748 ], [ 2893843.950729213654995, 2032317.419606707058847 ], [ 2893845.225024712271988, 2032287.276471170131117 ], [ 2893842.908460037782788, 2032268.322026727953926 ], [ 2893842.520498562604189, 2032266.115312678972259 ], [ 2893842.323304604738951, 2032264.993526456411928 ], [ 2893846.699364468455315, 2032261.794607084710151 ], [ 2893863.398046542424709, 2032250.661793807987124 ], [ 2893871.073487997055054, 2032245.089742274954915 ], [ 2893872.733971670269966, 2032243.884276745840907 ], [ 2893872.769753233063966, 2032243.56077192327939 ], [ 2893873.034447451122105, 2032242.397256428608671 ], [ 2893874.039280817843974, 2032237.981373853050172 ], [ 2893875.820285026915371, 2032231.858391975518316 ], [ 2893877.360893718898296, 2032227.103200232377276 ], [ 2893877.640559818595648, 2032226.249901607166976 ], [ 2893877.950754733290523, 2032225.294612478464842 ], [ 2893882.814454276114702, 2032210.850680157775059 ], [ 2893885.348263849969953, 2032203.03468810999766 ], [ 2893887.814922209829092, 2032195.176557614700869 ], [ 2893892.260005619376898, 2032180.655753520783037 ], [ 2893894.233111578039825, 2032173.823076192289591 ], [ 2893896.197996430564672, 2032166.592252671020105 ], [ 2893900.302462206222117, 2032150.225654540816322 ], [ 2893902.448218651115894, 2032142.087811413221061 ], [ 2893904.642117632552981, 2032134.614955313736573 ], [ 2893908.982740535400808, 2032120.765205212403089 ], [ 2893911.101181396283209, 2032113.747295104665682 ], [ 2893913.403617012314498, 2032106.55465903878212 ], [ 2893916.185397039167583, 2032099.23467651125975 ], [ 2893919.636193791870028, 2032091.925542052835226 ], [ 2893923.481496321037412, 2032085.041439003311098 ], [ 2893927.342917942907661, 2032079.096062837867066 ], [ 2893930.913507314398885, 2032074.41579781472683 ], [ 2893934.101652320474386, 2032070.516665024682879 ], [ 2893936.889172425493598, 2032066.736645238474011 ], [ 2893939.280843428336084, 2032062.560436132596806 ], [ 2893940.508679328486323, 2032059.875465132296085 ], [ 2893940.931280623190105, 2032058.951347887283191 ], [ 2893941.403948543593287, 2032057.93081312184222 ], [ 2893943.442870845086873, 2032052.996566354297101 ], [ 2893947.718699157238007, 2032042.340845111990348 ], [ 2893949.982710983604193, 2032036.537067478522658 ], [ 2893952.315697998739779, 2032030.318060393678024 ], [ 2893954.628561017103493, 2032023.713213313138112 ], [ 2893956.817565231118351, 2032016.717564545338973 ], [ 2893958.750964036677033, 2032009.332160195801407 ], [ 2893960.267344041727483, 2032001.698211262468249 ], [ 2893961.144899731501937, 2031993.913357109529898 ], [ 2893961.293473806697875, 2031986.074208922917023 ], [ 2893960.999138749204576, 2031978.039798874873668 ], [ 2893960.658514524344355, 2031969.635158763499931 ], [ 2893960.56879969034344, 2031960.774084548465908 ], [ 2893960.793855858501047, 2031951.803735049907118 ], [ 2893961.317406414542347, 2031943.146993438247591 ], [ 2893962.099514168221503, 2031935.14566252194345 ], [ 2893963.087213416583836, 2031927.792948497924954 ], [ 2893964.12781563680619, 2031914.174164012540132 ], [ 2893965.387026679236442, 2031897.612262134440243 ], [ 2893967.808780588209629, 2031879.855063820257783 ], [ 2893972.386109660379589, 2031858.917425439227372 ], [ 2893976.873712808825076, 2031847.71901796059683 ], [ 2893979.616451924666762, 2031843.073340714909136 ], [ 2893983.53322106320411, 2031836.430183493997902 ], [ 2893989.090898968279362, 2031826.094501990824938 ], [ 2893991.358415616676211, 2031821.489531767787412 ], [ 2893993.090199458412826, 2031817.309954088414088 ], [ 2893994.416460298001766, 2031813.11743586929515 ], [ 2893995.559560702182353, 2031808.423519760603085 ], [ 2893996.652146961074322, 2031802.836583477910608 ], [ 2893997.769073882140219, 2031796.473216911312193 ], [ 2894004.398851377423853, 2031756.757716996828094 ], [ 2894006.081778266467154, 2031747.249125532573089 ], [ 2894007.896381708793342, 2031738.348444179166108 ], [ 2894009.793078658636659, 2031730.638344436418265 ], [ 2894013.438913654536009, 2031717.507249608868733 ], [ 2894015.000761755742133, 2031711.205234230263159 ], [ 2894016.515909989364445, 2031704.818724438780919 ], [ 2894018.192769415676594, 2031698.29095074837096 ], [ 2894018.922994152642787, 2031695.841513694729656 ], [ 2894020.175511096604168, 2031691.64649417437613 ], [ 2894022.428024718537927, 2031684.960169023368508 ], [ 2894024.889073251746595, 2031678.398264686111361 ], [ 2894027.498379320371896, 2031672.059866670751944 ], [ 2894030.388516614213586, 2031666.019731791224331 ], [ 2894033.672299441415817, 2031660.328628511168063 ], [ 2894038.507230343297124, 2031650.613108832621947 ], [ 2894060.359229998663068, 2031606.7292103653308 ], [ 2894061.635736847296357, 2031604.15658338740468 ], [ 2894064.153104157187045, 2031593.926637860015035 ], [ 2894066.42214747518301, 2031585.599410722730681 ], [ 2894068.834446805994958, 2031577.687242559622973 ], [ 2894071.576812610030174, 2031569.776795905316249 ], [ 2894074.731926313135773, 2031561.734995803097263 ], [ 2894078.339141711592674, 2031553.46747552161105 ], [ 2894082.205458018928766, 2031545.141471456736326 ], [ 2894086.089438227005303, 2031536.973389288177714 ], [ 2894093.197804836556315, 2031521.747426656074822 ], [ 2894100.038987342268229, 2031507.257595587987453 ], [ 2894102.23775583691895, 2031502.601571017410606 ], [ 2894104.834303265437484, 2031496.808740972308442 ], [ 2894107.233328807167709, 2031490.946173575008288 ], [ 2894109.568693581968546, 2031484.878989039221779 ], [ 2894114.52827870612964, 2031471.61343112308532 ], [ 2894117.070321298204362, 2031464.58596680383198 ], [ 2894118.716612748801708, 2031459.664359657559544 ], [ 2894119.395617801696062, 2031457.645384297240525 ], [ 2894121.353762766811997, 2031450.987576390616596 ], [ 2894123.011283474043012, 2031444.435658464673907 ], [ 2894124.507944291923195, 2031437.77731869625859 ], [ 2894127.617503147572279, 2031423.130251653026789 ], [ 2894129.560429278295487, 2031414.676787375006825 ], [ 2894131.877694411203265, 2031405.329795675119385 ], [ 2894134.30604493431747, 2031395.881475667469203 ], [ 2894136.449439795222133, 2031387.297143007395789 ], [ 2894138.066347585991025, 2031380.259481920860708 ], [ 2894139.411339871585369, 2031374.149349291576073 ], [ 2894140.853299891576171, 2031368.084045783383772 ], [ 2894142.670695909298956, 2031361.381875556427985 ], [ 2894144.657302889507264, 2031354.289243543287739 ], [ 2894146.527652540244162, 2031347.308617019793019 ], [ 2894147.994348312728107, 2031340.790401376085356 ], [ 2894148.994357760064304, 2031334.605817415751517 ], [ 2894149.516348190139979, 2031328.519637515768409 ], [ 2894149.551143128424883, 2031322.343496894696727 ], [ 2894149.232902147807181, 2031316.161396225681528 ], [ 2894148.740915191825479, 2031310.13268574886024 ], [ 2894148.206327369436622, 2031304.361080036964267 ], [ 2894147.795309798792005, 2031298.656742767663673 ], [ 2894147.622552073094994, 2031292.755947541911155 ], [ 2894147.811940370127559, 2031286.440246026031673 ], [ 2894148.228527119383216, 2031281.881848539225757 ], [ 2894148.440593015402555, 2031279.549486399861053 ], [ 2894149.619790924713016, 2031271.98230410576798 ], [ 2894150.45444358792156, 2031268.072003092849627 ], [ 2894151.382493205368519, 2031263.721854208037257 ], [ 2894153.644031932577491, 2031255.32037694612518 ], [ 2894156.274701350368559, 2031247.435146247735247 ], [ 2894159.180002767127007, 2031240.535110939992592 ], [ 2894162.293776136357337, 2031234.368549048667774 ], [ 2894164.633350271731615, 2031230.185338418930769 ], [ 2894165.589901461731642, 2031228.484495639568195 ], [ 2894168.995698968414217, 2031222.528170041041449 ], [ 2894172.364876242820174, 2031216.427716072648764 ], [ 2894175.522565074730664, 2031210.260774785419926 ], [ 2894178.302563115488738, 2031204.074409063672647 ], [ 2894180.689405956305563, 2031198.186193677131087 ], [ 2894182.676042503677309, 2031192.921299570472911 ], [ 2894184.296079308725893, 2031188.443569384049624 ], [ 2894187.505368758924305, 2031179.409339792095125 ], [ 2894196.55688020400703, 2031154.721297374460846 ], [ 2894198.600050374865532, 2031149.015354356728494 ], [ 2894200.596016597934067, 2031143.329659036826342 ], [ 2894202.591599433682859, 2031137.46302549703978 ], [ 2894204.724579564295709, 2031131.479731746716425 ], [ 2894207.071955385617912, 2031125.505306753329933 ], [ 2894209.70003221090883, 2031119.686389938928187 ], [ 2894210.321059907786548, 2031118.42299279035069 ], [ 2894212.464346231892705, 2031114.103204478044063 ], [ 2894217.676292420364916, 2031103.969851211644709 ], [ 2894220.159091452136636, 2031098.945301861735061 ], [ 2894222.871195749379694, 2031093.250232466962188 ], [ 2894225.906747110188007, 2031086.520714567508548 ], [ 2894229.032976004295051, 2031079.266259026713669 ], [ 2894231.894260031171143, 2031072.185938438633457 ], [ 2894236.489802391268313, 2031059.859562824945897 ], [ 2894238.965078072156757, 2031053.865735097089782 ], [ 2894242.020852860063314, 2031047.522040375042707 ], [ 2894245.465597530826926, 2031041.109627773053944 ], [ 2894248.998771185986698, 2031035.057953896233812 ], [ 2894252.345106636174023, 2031029.705278270645067 ], [ 2894255.424045960884541, 2031025.088764693588018 ], [ 2894258.22800250351429, 2031021.134043203433976 ], [ 2894262.973833285272121, 2031014.742153852479532 ], [ 2894264.935589388944209, 2031011.900717923650518 ], [ 2894266.648761574178934, 2031008.953604148700833 ], [ 2894268.236521849408746, 2031005.64446817454882 ], [ 2894269.79924167599529, 2031001.674669136293232 ], [ 2894271.446760044433177, 2030996.829126012278721 ], [ 2894273.251371747814119, 2030991.281680895015597 ], [ 2894275.277189295738935, 2030985.275098504498601 ], [ 2894277.575838354881853, 2030979.026122614042833 ], [ 2894280.250115781556815, 2030972.463832915760577 ], [ 2894283.355126128066331, 2030965.49982097139582 ], [ 2894286.934458521194756, 2030958.095737439580262 ], [ 2894290.765906880609691, 2030950.491866937372833 ], [ 2894294.612813829444349, 2030942.998759537469596 ], [ 2894298.228687388822436, 2030935.881499042501673 ], [ 2894301.549729918129742, 2030929.221049887593836 ], [ 2894304.532237988896668, 2030923.055680770426989 ], [ 2894309.558654475957155, 2030912.155310297152027 ], [ 2894311.83324742782861, 2030907.329981563845649 ], [ 2894314.088380447588861, 2030902.804295267444104 ], [ 2894316.343665615189821, 2030898.135701989987865 ], [ 2894318.575777456630021, 2030892.815537599846721 ], [ 2894320.748404029756784, 2030886.594967384124175 ], [ 2894324.630573962815106, 2030874.325059330789372 ], [ 2894326.156083318870515, 2030869.849636635743082 ], [ 2894328.460041914135218, 2030863.590072444407269 ], [ 2894329.431149604730308, 2030860.848510407609865 ], [ 2894330.845121692866087, 2030857.835657885530964 ], [ 2894333.295095833949745, 2030854.227338803466409 ], [ 2894337.122890617698431, 2030849.832193896407261 ], [ 2894341.794539663940668, 2030845.084816629765555 ], [ 2894345.526457823812962, 2030841.510948141571134 ], [ 2894346.488535156473517, 2030840.589524827199057 ], [ 2894350.603799453005195, 2030836.776892494410276 ], [ 2894354.230519790202379, 2030833.369398468406871 ], [ 2894357.639162040315568, 2030829.935148389777169 ], [ 2894361.023876294959337, 2030826.096994442865252 ], [ 2894364.382459610700607, 2030821.807778422255069 ], [ 2894365.27017674036324, 2030820.522349730832502 ], [ 2894367.681253097485751, 2030817.046547085978091 ], [ 2894370.878325344994664, 2030811.822853567777202 ], [ 2894374.053840812295675, 2030806.099605886731297 ], [ 2894376.804638949222863, 2030800.843304577516392 ], [ 2894377.335432949475944, 2030799.819214174291119 ], [ 2894381.821946443989873, 2030790.973063987446949 ], [ 2894384.297897398471832, 2030786.092972214333713 ], [ 2894387.735110059846193, 2030779.606211960082874 ], [ 2894391.020317338872701, 2030773.953369088238105 ], [ 2894394.201634278986603, 2030769.047306404914707 ], [ 2894397.377318399958313, 2030764.723217314342037 ], [ 2894400.628220580052584, 2030760.839133700355887 ], [ 2894403.768526933621615, 2030757.417797641130164 ], [ 2894406.600675670430064, 2030754.532457939581946 ], [ 2894412.483657469507307, 2030748.683776316698641 ], [ 2894414.101801844313741, 2030746.957434287760407 ], [ 2894416.678747305646539, 2030744.005951841827482 ], [ 2894421.440747519955039, 2030737.762965369038284 ], [ 2894411.688683189917356, 2030729.692355021601543 ], [ 2894327.041645022109151, 2030653.221168210031465 ], [ 2894232.012025065720081, 2030572.730537108844146 ], [ 2894201.761202643159777, 2030488.326664953725412 ], [ 2894196.379493447951972, 2030465.003159867832437 ], [ 2894181.875486158765852, 2030424.440867241006345 ], [ 2894175.743837863672525, 2030415.703121273079887 ], [ 2894171.332564202137291, 2030405.5033552441746 ], [ 2894150.020291829481721, 2030380.025373627431691 ], [ 2894140.971524114720523, 2030372.02294304408133 ], [ 2894116.591336017008871, 2030355.544913476798683 ], [ 2894108.812650328502059, 2030357.505584612488747 ], [ 2894090.810515010263771, 2030356.939883980667219 ], [ 2894072.538212384097278, 2030356.365631576860324 ], [ 2894016.741483754478395, 2030364.259880488505587 ], [ 2893934.614226991310716, 2030396.272951297229156 ], [ 2893897.514428921509534, 2030413.851190729765221 ], [ 2893889.285324814729393, 2030427.237063820008188 ], [ 2893880.683192766271532, 2030434.547085700323805 ], [ 2893804.829035258386284, 2030533.878027137136087 ], [ 2893797.199243283830583, 2030540.942971977870911 ], [ 2893727.850326852407306, 2030655.087569859111682 ], [ 2893723.959005078300834, 2030669.436573991784826 ], [ 2893678.846888308413327, 2030754.847138537326828 ], [ 2893641.212067985907197, 2030854.82625334803015 ], [ 2893598.4935308303684, 2030941.690476658754051 ], [ 2893576.872566746082157, 2030986.217046653386205 ], [ 2893555.775468576233834, 2031028.555049777496606 ], [ 2893535.126813635230064, 2031072.836577353067696 ], [ 2893511.186364278197289, 2031125.146387721644714 ], [ 2893497.42148654256016, 2031150.211127083515748 ], [ 2893495.476729191839695, 2031150.701475810725242 ], [ 2893491.438479708041996, 2031146.577708011260256 ], [ 2893488.447911113034934, 2031138.076639080885798 ], [ 2893504.159249288029969, 2031099.152968080714345 ], [ 2893512.165691227652133, 2031071.426506805000827 ], [ 2893517.779070759192109, 2031042.246681651799008 ], [ 2893520.626062889583409, 2031005.537557506468147 ], [ 2893524.221229558810592, 2030967.611575434217229 ], [ 2893527.298076671548188, 2030891.768552448833361 ], [ 2893529.022184454835951, 2030863.569120736559853 ], [ 2893541.677713491953909, 2030753.43359310971573 ], [ 2893552.456606913357973, 2030693.130549024092034 ], [ 2893556.127138888463378, 2030651.071802547667176 ], [ 2893567.057856935076416, 2030569.133952184347436 ], [ 2893572.15132812410593, 2030515.404529184801504 ], [ 2893570.508269129320979, 2030499.365153197199106 ], [ 2893604.935964447446167, 2030336.435776675119996 ], [ 2893627.68272075150162, 2030270.030014309333637 ], [ 2893652.223533099517226, 2030211.398887241259217 ], [ 2893658.361199377570301, 2030180.029962008818984 ], [ 2893659.262338154017925, 2030157.179430281743407 ], [ 2893657.019932894036174, 2030147.461261672899127 ], [ 2893648.197441117838025, 2030127.061758468160406 ], [ 2893644.159246806055307, 2030122.938096672296524 ], [ 2893606.549678042065352, 2030049.123109870357439 ], [ 2893603.215289939194918, 2030038.610626682406291 ], [ 2893633.884562681429088, 2030020.697931219125167 ], [ 2893634.676534895785153, 2030019.409933408955112 ], [ 2893647.691974223591387, 2030008.930864186957479 ], [ 2893694.293446235358715, 2029974.560983237111941 ], [ 2893701.02648136485368, 2029963.608783508650959 ], [ 2893733.19582700682804, 2029911.281941781751812 ], [ 2893751.672689993865788, 2029893.256392312934622 ], [ 2893775.75930013274774, 2029872.788508092518896 ], [ 2893800.594007250852883, 2029851.103706987574697 ], [ 2893815.554395865648985, 2029840.134666638448834 ], [ 2893827.895440751686692, 2029840.108998626470566 ], [ 2893840.908874794840813, 2029842.99869785620831 ], [ 2893856.464287580922246, 2029852.446155142504722 ], [ 2893886.303183384239674, 2029874.74658991699107 ], [ 2893899.614256951026618, 2029887.844680319074541 ], [ 2893911.204737106338143, 2029902.404739655787125 ], [ 2893915.991133190691471, 2029905.31166832218878 ], [ 2893919.50539443269372, 2029911.624135768273845 ], [ 2893931.320217435248196, 2029927.156020592199638 ], [ 2893941.341262164525688, 2029934.913395488634706 ], [ 2893983.150146805681288, 2029937.743468859465793 ], [ 2894001.025493429973722, 2029939.407890918897465 ], [ 2894025.483007926959544, 2029938.384895777096972 ], [ 2894045.602589999325573, 2029936.398546578595415 ], [ 2894051.137068588286638, 2029938.088560726959258 ], [ 2894057.119910409208387, 2029941.722169330576435 ], [ 2894074.171712703071535, 2029948.735812275204808 ], [ 2894086.960980527102947, 2029950.653944669524208 ], [ 2894105.884028750006109, 2029947.940877076704055 ], [ 2894123.910276513546705, 2029941.340745449764654 ], [ 2894139.843042971100658, 2029930.126622831914574 ], [ 2894152.93423711322248, 2029915.515336772426963 ], [ 2894183.307815933134407, 2029868.78340354678221 ], [ 2894193.03355722874403, 2029852.963943463284522 ], [ 2894205.30779416160658, 2029803.59577003098093 ], [ 2894212.791343027725816, 2029778.058130275225267 ], [ 2894227.232371925842017, 2029742.540430117864162 ], [ 2894234.565065948292613, 2029725.267494261497632 ], [ 2894240.101668960414827, 2029713.588963013608009 ], [ 2894245.263112553395331, 2029709.203089188085869 ], [ 2894262.017404924146831, 2029706.008533124579117 ], [ 2894280.865077834110707, 2029707.428000898100436 ], [ 2894329.928983019664884, 2029710.486574995797127 ], [ 2894355.583122797310352, 2029710.190441087121144 ], [ 2894373.085552390664816, 2029705.779104171553627 ], [ 2894398.742053801659495, 2029692.114493721397594 ], [ 2894433.824700800236315, 2029665.790930778719485 ], [ 2894453.498176459688693, 2029648.492639909731224 ], [ 2894484.167608625255525, 2029625.338034297339618 ], [ 2894504.513919333927333, 2029610.955265525029972 ], [ 2894520.822030116338283, 2029592.448680163128302 ], [ 2894530.772186745889485, 2029577.601064783753827 ], [ 2894549.702414250932634, 2029534.782571365823969 ], [ 2894555.614615082740784, 2029515.811300243251026 ], [ 2894557.412858850322664, 2029496.848389320075512 ], [ 2894560.780795137863606, 2029484.688222676282749 ], [ 2894575.668318124953657, 2029464.483160184463486 ], [ 2894590.180454267188907, 2029451.570880100131035 ], [ 2894630.422659501433372, 2029434.230356089537963 ], [ 2894652.862276202999055, 2029424.461738078854978 ], [ 2894668.795321394689381, 2029413.247968074399978 ], [ 2894684.131378032267094, 2029394.986627014819533 ], [ 2894695.054097601212561, 2029379.894072784110904 ], [ 2894704.555974247865379, 2029363.103140260791406 ], [ 2894713.090415365062654, 2029319.820050418376923 ], [ 2894720.050343447364867, 2029296.4715623955708 ], [ 2894729.927498940844089, 2029272.387914628023282 ], [ 2894739.65373480739072, 2029256.568721272516996 ], [ 2894746.986665086820722, 2029239.296044897055253 ], [ 2894756.639766712673008, 2029214.24075476708822 ], [ 2894764.57488492783159, 2029177.278603199403733 ], [ 2894769.368720777332783, 2029140.079964961390942 ], [ 2894773.112125685438514, 2029120.627003209665418 ], [ 2894791.594764404930174, 2029075.865427431184798 ], [ 2894807.308949894271791, 2029036.942985291359946 ], [ 2894815.01749057136476, 2029012.377787791658193 ], [ 2894819.360475768335164, 2028986.604062807979062 ], [ 2894826.923092667013407, 2028943.566346554784104 ], [ 2894832.46287212241441, 2028918.519360071979463 ], [ 2894833.289175741374493, 2028899.801781641552225 ], [ 2894830.601637648418546, 2028874.77184645482339 ], [ 2894828.510918389074504, 2028856.789391603088006 ], [ 2894829.306966005824506, 2028851.185794999124482 ], [ 2892266.207422086503357, 2028851.185794999124482 ], [ 2892266.83042277302593, 2028866.949102961923927 ] ] ], [ [ [ 2895638.228800185956061, 2028865.593708210159093 ], [ 2895641.188498659059405, 2028867.035720034036785 ], [ 2895645.183986647985876, 2028868.982475729193538 ], [ 2895649.839440051931888, 2028867.175758903613314 ], [ 2895652.738760077394545, 2028866.050481829093769 ], [ 2895667.66537447553128, 2028851.185794999124482 ], [ 2895629.954038803465664, 2028851.185794999124482 ], [ 2895638.228800185956061, 2028865.593708210159093 ] ] ], [ [ [ 2895724.467613223008811, 2028860.315000151051208 ], [ 2895731.63849204685539, 2028904.780576168792322 ], [ 2895730.439434143714607, 2028917.422182059381157 ], [ 2895723.929859187453985, 2028929.345328614581376 ], [ 2895710.837870011106133, 2028943.955408413894475 ], [ 2895694.080785107798874, 2028960.517528019845486 ], [ 2895693.032874781172723, 2028964.894597098231316 ], [ 2895695.498775384854525, 2028975.584406879497692 ], [ 2895702.67548946198076, 2028993.31326147611253 ], [ 2895707.831781797576696, 2029015.664474791381508 ], [ 2895702.894163111690432, 2029021.021811506710947 ], [ 2895686.288250449579209, 2029029.319495666306466 ], [ 2895668.71018925216049, 2029037.862204981734976 ], [ 2895652.776716132182628, 2029049.075260291574523 ], [ 2895627.492404749616981, 2029068.814506344962865 ], [ 2895617.617613208480179, 2029079.529229908948764 ], [ 2895620.907380322925746, 2029084.869896222138777 ], [ 2895633.921011644881219, 2029087.760254132561386 ], [ 2895644.989842060022056, 2029091.140743190888315 ], [ 2895659.797043962404132, 2029101.805351099697873 ], [ 2895673.855917622335255, 2029113.686894192360342 ], [ 2895690.607748527545482, 2029123.861521621467546 ], [ 2895698.907990829087794, 2029133.080982938408852 ], [ 2895701.225622529163957, 2029138.666772804455832 ], [ 2895702.346553325653076, 2029143.525597195839509 ], [ 2895698.978436654433608, 2029155.685524511383846 ], [ 2895693.217181095853448, 2029166.391880081966519 ], [ 2895679.901218523737043, 2029180.030429050326347 ], [ 2895662.323106782045215, 2029188.573168256785721 ], [ 2895608.019052361138165, 2029207.39899936132133 ], [ 2895578.996557217556983, 2029219.854061704594642 ], [ 2895554.46314687281847, 2029225.008317966246977 ], [ 2895523.722894953563809, 2029225.556900413008407 ], [ 2895498.592360810376704, 2029223.6635476204101 ], [ 2895461.869228250812739, 2029220.578481849981472 ], [ 2895459.100501789711416, 2029226.417691923677921 ], [ 2895459.249211895279586, 2029231.521653155330569 ], [ 2895469.194560704752803, 2029243.411519210785627 ], [ 2895479.215488311834633, 2029251.169051027623937 ], [ 2895483.402120200917125, 2029260.396874420111999 ], [ 2895482.727017018012702, 2029270.849992039380595 ], [ 2895478.535137324593961, 2029288.359005007427186 ], [ 2895477.635999248363078, 2029297.840150113683194 ], [ 2895480.925993436947465, 2029303.180875320686027 ], [ 2895483.094810646027327, 2029303.662615604698658 ], [ 2895487.508230959996581, 2029300.493820960400626 ], [ 2895508.68125513009727, 2029267.394198363181204 ], [ 2895513.842922206968069, 2029263.008589774835855 ], [ 2895519.452721710316837, 2029260.566617047414184 ], [ 2895532.017980623058975, 2029261.513248207513243 ], [ 2895551.538225771859288, 2029265.848677237750962 ], [ 2895569.862118856981397, 2029269.457394216442481 ], [ 2895589.233846212737262, 2029268.688743354054168 ], [ 2895614.215700709261, 2029265.478185423649848 ], [ 2895637.70119396597147, 2029264.701352773699909 ], [ 2895646.749592635780573, 2029272.70401382772252 ], [ 2895653.926388289779425, 2029290.432889616116881 ], [ 2895660.282043918967247, 2029300.142443653428927 ], [ 2895662.451162124983966, 2029300.624139059334993 ], [ 2895667.836655116640031, 2029297.210362058365718 ], [ 2895686.465598814189434, 2029270.922012272058055 ], [ 2895694.320020877756178, 2029264.82944027450867 ], [ 2895701.350927825085819, 2029264.086064986651763 ], [ 2895708.754531398415565, 2029269.418332615168765 ], [ 2895714.137735955417156, 2029279.372964605921879 ], [ 2895716.079931579064578, 2029292.251198195153847 ], [ 2895715.177908975630999, 2029315.100948018720374 ], [ 2895714.054335607215762, 2029323.610282672103494 ], [ 2895719.289051149506122, 2029328.461016787681729 ], [ 2895721.233851056545973, 2029327.970891815377399 ], [ 2895725.647292374633253, 2029324.802121249958873 ], [ 2895736.121579716447741, 2029307.766628877492622 ], [ 2895749.812850501388311, 2029286.835567550268024 ], [ 2895764.101279649417847, 2029272.952157875755802 ], [ 2895780.258691838011146, 2029262.710708326892927 ], [ 2895795.967720630113035, 2029250.525878916028887 ], [ 2895813.024641829542816, 2029230.803355130366981 ], [ 2895823.723197411280125, 2029214.73963725194335 ], [ 2895831.804625689983368, 2029196.250663429964334 ], [ 2895845.649796937592328, 2029153.687045616097748 ], [ 2895862.633735283277929, 2029124.728460726095363 ], [ 2895865.550999728962779, 2029123.993275306653231 ], [ 2895871.309436698444188, 2029126.655326742213219 ], [ 2895879.234356221742928, 2029143.167528870049864 ], [ 2895893.13934968970716, 2029176.681762455729768 ], [ 2895905.324032459408045, 2029211.65771295176819 ], [ 2895910.704687621444464, 2029234.980698882834986 ], [ 2895919.820926483720541, 2029278.956321381730959 ], [ 2895920.939434198196977, 2029297.183475396828726 ], [ 2895922.881634286604822, 2029310.061815944034606 ], [ 2895929.458786596078426, 2029334.111529114190489 ], [ 2895933.270200369879603, 2029350.631995737552643 ], [ 2895930.650316002778709, 2029361.574910442112014 ], [ 2895924.216551102697849, 2029369.365997813176364 ], [ 2895906.8626310788095, 2029378.880491361953318 ], [ 2895876.419378396123648, 2029389.636913488386199 ], [ 2895865.647742683533579, 2029396.46433053445071 ], [ 2895858.465849660802633, 2029405.472223872086033 ], [ 2895851.581172188743949, 2029424.687989406986162 ], [ 2895842.076782891061157, 2029454.84686426143162 ], [ 2895832.350665237754583, 2029470.665550119010732 ], [ 2895818.286510089412332, 2029485.520797124132514 ], [ 2895806.691311121918261, 2029497.697451134677976 ], [ 2895803.099256656132638, 2029508.885615174891427 ], [ 2895800.328358084429055, 2029528.093018012586981 ], [ 2895789.851509308442473, 2029558.49701203010045 ], [ 2895770.026350831612945, 2029584.058734453748912 ], [ 2895762.544815401546657, 2029596.227039430756122 ], [ 2895758.952692471444607, 2029607.415231951512396 ], [ 2895747.281960645224899, 2029623.724059310741723 ], [ 2895729.925780802033842, 2029646.607107691466808 ], [ 2895703.742627156898379, 2029675.827860058285296 ], [ 2895681.151714895386249, 2029693.860508350655437 ], [ 2895665.069843473378569, 2029699.969813292846084 ], [ 2895659.311321686487645, 2029697.30780026386492 ], [ 2895654.07652473077178, 2029692.457279287045822 ], [ 2895648.542132922913879, 2029690.767128510866314 ], [ 2895606.728359227068722, 2029714.672524572350085 ], [ 2895577.335638104937971, 2029707.683621064061299 ], [ 2895568.211455160286278, 2029703.813241626368836 ], [ 2895559.535697984043509, 2029701.886352084577084 ], [ 2895550.335956786759198, 2029702.148225244367495 ], [ 2895540.612314959987998, 2029704.598745061317459 ], [ 2895525.651699455920607, 2029715.567099980544299 ], [ 2895479.721812379546463, 2029752.849547056481242 ], [ 2895441.422166945412755, 2029783.06755282683298 ], [ 2895418.025358847808093, 2029799.709047694224864 ], [ 2895407.93122905632481, 2029806.888610386755317 ], [ 2895407.835837179329246, 2029806.956456175306812 ], [ 2895406.522846176289022, 2029807.064510030904785 ], [ 2895402.322764520999044, 2029807.410092915873975 ], [ 2895401.777572015766054, 2029807.45498353173025 ], [ 2895392.877427756786346, 2029804.556418271036819 ], [ 2895385.249597553163767, 2029798.252347215777263 ], [ 2895372.462609779089689, 2029782.965418924810365 ], [ 2895365.285460470244288, 2029765.236475539393723 ], [ 2895363.942661346867681, 2029746.037204881897196 ], [ 2895361.700542104430497, 2029736.319260962540284 ], [ 2895355.269073859788477, 2029730.741913725621998 ], [ 2895345.097125489264727, 2029731.248874995857477 ], [ 2895335.297973950393498, 2029737.831692159408703 ], [ 2895329.088696264661849, 2029746.594614501576871 ], [ 2895305.891447199508548, 2029811.054049123777077 ], [ 2895294.220860614441335, 2029827.363140110159293 ], [ 2895284.945628865621984, 2029831.757323357509449 ], [ 2895273.501495122909546, 2029835.669795969501138 ], [ 2895267.591921649873257, 2029841.272339136805385 ], [ 2895252.10060493927449, 2029894.535132145741954 ], [ 2895235.643731095362455, 2029907.937355038477108 ], [ 2895211.106170802377164, 2029939.829120411071926 ], [ 2895196.369778920896351, 2029951.769486164208502 ], [ 2895192.518986533395946, 2029953.20433461945504 ], [ 2895187.842897268012166, 2029954.9468481275253 ], [ 2895183.243318945169449, 2029955.07782913884148 ], [ 2895178.64303603861481, 2029955.208837430924177 ], [ 2895161.067534525878727, 2029950.3835481738206 ], [ 2895153.888066731393337, 2029946.023115471936762 ], [ 2895141.025642270222306, 2029934.868479066994041 ], [ 2895122.555301681626588, 2029912.787478448357433 ], [ 2895101.167872593738139, 2029891.441711422521621 ], [ 2895070.134888014756143, 2029855.045607710024342 ], [ 2895065.199760678224266, 2029847.034657103475183 ], [ 2895057.574104684405029, 2029827.361973353428766 ], [ 2895059.445735048037022, 2029817.635664441622794 ], [ 2895063.26190338935703, 2029807.4190384298563 ], [ 2895061.243977307341993, 2029798.672846735222265 ], [ 2895037.687784886918962, 2029776.845401780912653 ], [ 2895029.16307154064998, 2029766.654128134949133 ], [ 2895025.200468344148248, 2029758.397981245536357 ], [ 2895023.633280054666102, 2029738.226795888505876 ], [ 2895020.649926401209086, 2029689.620046075200662 ], [ 2895013.546116918325424, 2029681.127372094197199 ], [ 2895010.628903227858245, 2029681.862519843969494 ], [ 2895004.719261107034981, 2029687.465210435213521 ], [ 2894980.110604415647686, 2029696.752082750666887 ], [ 2894977.11806560959667, 2029701.619547175476328 ], [ 2894979.435652770102024, 2029707.205336924642324 ], [ 2894985.866786471568048, 2029712.782585043692961 ], [ 2894990.353566342033446, 2029718.850020447047427 ], [ 2894992.067051406484097, 2029757.493795697810128 ], [ 2894991.241123131010681, 2029776.211443348089233 ], [ 2894988.92115826997906, 2029783.994251538999379 ], [ 2894984.432314998935908, 2029791.295460250228643 ], [ 2894969.471732398495078, 2029802.264150636969134 ], [ 2894952.118113855831325, 2029811.77919324929826 ], [ 2894931.474313209764659, 2029815.953775495756418 ], [ 2894921.974930565804243, 2029819.376294628018513 ], [ 2894923.096047535073012, 2029824.235200868919492 ], [ 2894932.668719022534788, 2029830.049112506443635 ], [ 2894942.765157752204686, 2029833.674291175790131 ], [ 2894976.122663397341967, 2029835.55029651732184 ], [ 2894986.518886456266046, 2029836.01516958209686 ], [ 2894992.726006910204887, 2029840.620644146576524 ], [ 2894997.212599719874561, 2029846.688120031263679 ], [ 2895000.575788232497871, 2029861.265079253353179 ], [ 2895000.649047748185694, 2029870.501314638648182 ], [ 2894995.485481769312173, 2029888.255656363908201 ], [ 2894990.024128095246851, 2029895.801975970156491 ], [ 2894976.484360156580806, 2029908.46918425662443 ], [ 2894953.893877399154007, 2029926.502460723742843 ], [ 2894931.527520435862243, 2029945.507413232000545 ], [ 2894893.003955735825002, 2029974.754574624123052 ], [ 2894875.201881597749889, 2029982.326192607637495 ], [ 2894849.321254407986999, 2029995.018867321545258 ], [ 2894831.519217296503484, 2030002.59060299792327 ], [ 2894821.571521040983498, 2030004.069547863211483 ], [ 2894811.17545248195529, 2030003.604795398656279 ], [ 2894791.654983272776008, 2029999.269776268629357 ], [ 2894772.134617684409022, 2029994.934747930848971 ], [ 2894774.45232973061502, 2030000.520518632140011 ], [ 2894794.043818993493915, 2030027.460493861697614 ], [ 2894794.492178291548043, 2030029.404095062986016 ], [ 2894787.834433157928288, 2030036.223763159010559 ], [ 2894783.197012708522379, 2030038.420786963077262 ], [ 2894783.121521471068263, 2030042.553146104328334 ], [ 2894786.860020949970931, 2030049.837426226353273 ], [ 2894780.950549383182079, 2030055.440044940682128 ], [ 2894772.123826081398875, 2030061.778045840095729 ], [ 2894769.131347642745823, 2030066.645536212483421 ], [ 2894774.590261011384428, 2030072.467822428094223 ], [ 2894775.371413472108543, 2030072.942194408969954 ], [ 2894778.179947387427092, 2030074.648116845870391 ], [ 2894789.62314544711262, 2030070.735649110516533 ], [ 2894801.143411775119603, 2030062.690538444090635 ], [ 2894808.025391482748091, 2030056.842712405370548 ], [ 2894815.579871787223965, 2030053.910348386969417 ], [ 2894844.226612366735935, 2030048.746908890781924 ], [ 2894892.69330966193229, 2030044.758178986143321 ], [ 2894907.427450011018664, 2030046.186188030056655 ], [ 2894917.748118547722697, 2030050.7832053641323 ], [ 2894920.738430013880134, 2030059.284429108723998 ], [ 2894919.091213411651552, 2030069.982681034365669 ], [ 2894920.361192973330617, 2030079.945777141721919 ], [ 2894926.568301806226373, 2030084.551149314269423 ], [ 2894934.122812168672681, 2030081.618903922382742 ], [ 2894949.382925047539175, 2030067.489681232254952 ], [ 2894965.016092368401587, 2030059.436292642029002 ], [ 2894972.570709761232138, 2030056.504036628175527 ], [ 2894979.825579351279885, 2030056.73220014385879 ], [ 2894993.287676312029362, 2030061.565826385514811 ], [ 2895006.898483569268137, 2030071.503460561390966 ], [ 2895012.35732442792505, 2030077.325891972053796 ], [ 2895014.52411675080657, 2030091.176180185517296 ], [ 2895018.562255205586553, 2030095.299981529358774 ], [ 2895020.260139426682144, 2030095.57235444849357 ], [ 2895026.041447503492236, 2030096.499878366244957 ], [ 2895040.851026839576662, 2030093.795689227525145 ], [ 2895058.428792419843376, 2030085.252308766590431 ], [ 2895068.376536946743727, 2030083.773515237029642 ], [ 2895076.976886223070323, 2030089.832435829332098 ], [ 2895092.605577605776489, 2030108.516322082141414 ], [ 2895101.953940485604107, 2030113.358452653745189 ], [ 2895111.153580447658896, 2030113.096481698565185 ], [ 2895113.776907233521342, 2030111.853712025331333 ], [ 2895116.891800075769424, 2030110.377858856227249 ], [ 2895120.428636870346963, 2030108.702269928064197 ], [ 2895129.928113359957933, 2030105.279768754728138 ], [ 2895144.437868796288967, 2030105.736050168285146 ], [ 2895158.124116619583219, 2030111.541489642113447 ], [ 2895165.228089698124677, 2030120.03428539657034 ], [ 2895166.049392457120121, 2030128.053739245282486 ], [ 2895165.150468717329204, 2030137.535136149963364 ], [ 2895159.913553638383746, 2030146.053154211025685 ], [ 2895153.480171992443502, 2030153.844380293041468 ], [ 2895137.323099635075778, 2030164.086362031754106 ], [ 2895130.889544289559126, 2030171.877726786769927 ], [ 2895130.066124538425356, 2030177.226766304112971 ], [ 2895131.40911993663758, 2030196.426178568741307 ], [ 2895137.014803138561547, 2030220.721197125036269 ], [ 2895134.470787594094872, 2030227.532352956710383 ], [ 2895126.840760395862162, 2030234.596830108901486 ], [ 2895092.584207355044782, 2030242.202353276079521 ], [ 2895091.087914942298084, 2030244.63609854131937 ], [ 2895090.788272373378277, 2030247.796501253964379 ], [ 2895091.461072210222483, 2030250.71191504294984 ], [ 2895108.737094508949667, 2030258.69754787068814 ], [ 2895126.461484760977328, 2030268.626794377807528 ], [ 2895131.47206130810082, 2030272.505522696767002 ], [ 2895133.938418208621442, 2030283.195347055559978 ], [ 2895131.767556808888912, 2030296.082225328776985 ], [ 2895136.253990432247519, 2030302.149764916859567 ], [ 2895140.446933649946004, 2030300.324435342801735 ], [ 2895147.473859529476613, 2030297.265281241387129 ], [ 2895170.21297097299248, 2030284.336072699632496 ], [ 2895178.291557407937944, 2030279.215172509429976 ], [ 2895184.500663678627461, 2030270.452001567929983 ], [ 2895191.608987417537719, 2030252.207473844755441 ], [ 2895215.398178934119642, 2030221.532446415163577 ], [ 2895236.567738421261311, 2030201.800669580232352 ], [ 2895243.898141645360738, 2030197.896614035824314 ], [ 2895250.928895900957286, 2030197.152960150968283 ], [ 2895264.615063535049558, 2030202.958452457096428 ], [ 2895287.050317814107984, 2030219.926921464968473 ], [ 2895299.164875433780253, 2030232.298389769392088 ], [ 2895307.39007654087618, 2030245.649923815857619 ], [ 2895318.530217139050364, 2030271.635062388377264 ], [ 2895324.959281391464174, 2030290.580777262803167 ], [ 2895326.229112884495407, 2030300.543518262216821 ], [ 2895324.72825070284307, 2030329.713825221871957 ], [ 2895319.484776431694627, 2030378.336602868512273 ], [ 2895316.416853376664221, 2030387.33611460053362 ], [ 2895312.376307014375925, 2030396.580745694926009 ], [ 2895300.481710629537702, 2030411.918049375060946 ], [ 2895280.508542173542082, 2030432.376242539845407 ], [ 2895256.945830466225743, 2030450.654388612136245 ], [ 2895218.422763115726411, 2030479.900988267501816 ], [ 2895194.411541964393109, 2030496.235600436106324 ], [ 2895145.416836571879685, 2030529.149939559400082 ], [ 2895122.078263753093779, 2030548.399855887750164 ], [ 2895108.987249410245568, 2030563.010649820324033 ], [ 2895103.974542665295303, 2030572.500363381346688 ], [ 2895101.879023387096822, 2030581.254930539755151 ], [ 2895100.602817399427295, 2030611.397106766235083 ], [ 2895097.830359117127955, 2030643.973039295757189 ], [ 2895092.369310636073351, 2030651.519246879266575 ], [ 2895078.081776813138276, 2030665.403284789063036 ], [ 2895070.003285867162049, 2030670.52431600750424 ], [ 2895060.728425854817033, 2030674.918538713594899 ], [ 2895041.810393327847123, 2030677.63067617896013 ], [ 2895041.805341008584946, 2030677.631392180453986 ], [ 2895022.957811845932156, 2030676.211862962227315 ], [ 2895003.437415551394224, 2030671.877235821448267 ], [ 2894975.614386407658458, 2030671.691704778932035 ], [ 2894927.372258165851235, 2030676.652815642999485 ], [ 2894888.929133664816618, 2030675.030998322879896 ], [ 2894879.056863762903959, 2030672.377683471422642 ], [ 2894861.332375689409673, 2030662.448947640135884 ], [ 2894837.700756859499961, 2030644.754263779846951 ], [ 2894818.257750919554383, 2030622.919027727097273 ], [ 2894789.917302660644054, 2030584.81700827437453 ], [ 2894778.999442227184772, 2030573.172600098419935 ], [ 2894778.026927020400763, 2030573.417713185306638 ], [ 2894785.204377839807421, 2030591.146430642809719 ], [ 2894804.718388738576323, 2030635.586332788923755 ], [ 2894805.988442190922797, 2030645.549261023290455 ], [ 2894809.203117123339325, 2030655.021937734214589 ], [ 2894837.765970213338733, 2030707.464150961022824 ], [ 2894831.405876172240824, 2030724.491788905579597 ], [ 2894813.897605909965932, 2030769.008427394554019 ], [ 2894811.12738526891917, 2030788.216048050206155 ], [ 2894810.823836753610522, 2030818.113475656835362 ], [ 2894812.391479846090078, 2030838.28436775226146 ], [ 2894810.520174865610898, 2030848.010729231406003 ], [ 2894803.412255384493619, 2030866.255174262681976 ], [ 2894804.009432584047318, 2030873.302811698755249 ], [ 2894806.626979127526283, 2030875.727960744407028 ], [ 2894809.992491961456835, 2030876.936205095844343 ], [ 2894814.854083429090679, 2030875.710917801363394 ], [ 2894820.539283039979637, 2030869.136410502251238 ], [ 2894823.307538039982319, 2030863.297134830150753 ], [ 2894823.833389215171337, 2030847.739995862357318 ], [ 2894822.192324040457606, 2030818.332914226688445 ], [ 2894824.664772903546691, 2030788.917277114931494 ], [ 2894831.772827133536339, 2030770.672826371155679 ], [ 2894841.274005604442209, 2030753.881817817455158 ], [ 2894854.140724756754935, 2030738.29915878851898 ], [ 2894869.624801960308105, 2030725.141691943164915 ], [ 2894885.482008664868772, 2030718.060081525472924 ], [ 2894903.656749411486089, 2030716.564016146352515 ], [ 2894933.872951730620116, 2030718.20292636519298 ], [ 2894953.39324202761054, 2030722.53763962071389 ], [ 2894960.04883819911629, 2030729.086524066980928 ], [ 2894963.711902536451817, 2030740.502825673669577 ], [ 2894971.115572424605489, 2030745.834793312475085 ], [ 2894985.28721219766885, 2030739.32584976661019 ], [ 2894986.000387466978282, 2030738.998309986200184 ], [ 2895011.805358367972076, 2030730.437709937104955 ], [ 2895020.780589441768825, 2030729.203887088457122 ], [ 2895028.259642913937569, 2030730.403704485390335 ], [ 2895040.898135191760957, 2030740.586156630655751 ], [ 2895045.08513922477141, 2030749.813782151089981 ], [ 2895046.803480272181332, 2030761.720351184718311 ], [ 2895047.350479519926012, 2030762.303834741469473 ], [ 2895052.262515772134066, 2030767.542476162314415 ], [ 2895058.096539250575006, 2030766.072029265807942 ], [ 2895070.812485382892191, 2030758.753871072549373 ], [ 2895088.914002031087875, 2030748.0217794040218 ], [ 2895094.224187537096441, 2030748.740001945989206 ], [ 2895099.085895049851388, 2030747.514631386380643 ], [ 2895121.227662853896618, 2030727.537820300552994 ], [ 2895143.817914208397269, 2030709.504518512170762 ], [ 2895151.521228530444205, 2030711.67620295076631 ], [ 2895158.101351268589497, 2030722.357292557600886 ], [ 2895166.253143914975226, 2030726.47257364820689 ], [ 2895180.465184840839356, 2030716.720637530554086 ], [ 2895208.143474387936294, 2030685.065618552034721 ], [ 2895212.332703763619065, 2030680.924982379656285 ], [ 2895214.203971490263939, 2030671.198569857748225 ], [ 2895212.860788430087268, 2030651.999516659649089 ], [ 2895217.724545434117317, 2030637.405827285721898 ], [ 2895221.240865929052234, 2030630.349789540981874 ], [ 2895236.725131327752024, 2030617.192563973367214 ], [ 2895244.579348765313625, 2030611.099934950238094 ], [ 2895271.733800018206239, 2030581.633558372734115 ], [ 2895281.008812689688057, 2030577.239366132533178 ], [ 2895289.984183294698596, 2030576.005484376102686 ], [ 2895323.417018021456897, 2030573.749096371699125 ], [ 2895354.680956029333174, 2030571.010917913401499 ], [ 2895358.794415419455618, 2030571.002524792449549 ], [ 2895360.963262584060431, 2030569.75439322553575 ], [ 2895365.152541980147362, 2030567.343427499057725 ], [ 2895369.865462582558393, 2030561.014187659369782 ], [ 2895376.223509197123349, 2030557.355208690278232 ], [ 2895393.350611765868962, 2030560.236684484872967 ], [ 2895403.222941009793431, 2030562.890014860546216 ], [ 2895422.592269231565297, 2030575.489295289618894 ], [ 2895428.650573880411685, 2030574.990648699225858 ], [ 2895432.990537037141621, 2030562.585649609798566 ], [ 2895438.154098987113684, 2030544.831571962917224 ], [ 2895437.33279880322516, 2030536.812391390791163 ], [ 2895431.052333355881274, 2030522.970867805415764 ], [ 2895427.764470773749053, 2030504.261970232473686 ], [ 2895415.876362516079098, 2030479.494354068767279 ], [ 2895414.531174600124359, 2030473.66363604250364 ], [ 2895415.4302057470195, 2030464.182505274424329 ], [ 2895420.667013967875391, 2030455.664619100745767 ], [ 2895432.261990925297141, 2030443.48774838168174 ], [ 2895440.116159715224057, 2030437.39508177083917 ], [ 2895449.318034713156521, 2030423.764846836216748 ], [ 2895451.564556167460978, 2030406.745989342220128 ], [ 2895458.082491619512439, 2030341.34949808428064 ], [ 2895474.16412532934919, 2030335.239987415494397 ], [ 2895501.913890368305147, 2030326.189835321856663 ], [ 2895524.577646556310356, 2030317.393075230298564 ], [ 2895531.384187894873321, 2030315.677619738038629 ], [ 2895538.115119472146034, 2030318.094446741975844 ], [ 2895544.022312738932669, 2030325.860264672432095 ], [ 2895551.947838217020035, 2030342.37195342592895 ], [ 2895553.965694280806929, 2030351.118011719780043 ], [ 2895554.112153563648462, 2030369.590251144720241 ], [ 2895552.240757696330547, 2030379.316432415042073 ], [ 2895549.172609115019441, 2030388.315962116234004 ], [ 2895518.723587206564844, 2030439.177875046152622 ], [ 2895515.879694732371718, 2030449.149256888777018 ], [ 2895513.109178971499205, 2030468.356590256560594 ], [ 2895514.903026680462062, 2030476.130869352491572 ], [ 2895516.772374090738595, 2030479.772881312062964 ], [ 2895523.130351639352739, 2030476.113944070646539 ], [ 2895528.142965116072446, 2030466.624421395128593 ], [ 2895534.128079963847995, 2030456.889606887241825 ], [ 2895559.111750547308475, 2030440.310246458742768 ], [ 2895586.637164618819952, 2030430.288213958032429 ], [ 2895615.059622659813613, 2030424.153371357358992 ], [ 2895621.790560625493526, 2030426.570212017046288 ], [ 2895627.997611590661108, 2030431.175608095480129 ], [ 2895632.714145019650459, 2030432.61596144340001 ], [ 2895633.531991409137845, 2030432.865760354092345 ], [ 2895646.248171320650727, 2030425.547789527801797 ], [ 2895651.40959741640836, 2030421.162083431845531 ], [ 2895663.752666475716978, 2030407.768491165013984 ], [ 2895670.334895562380552, 2030405.081325778272003 ], [ 2895696.361927865073085, 2030410.861402530455962 ], [ 2895724.333742114715278, 2030416.151365226367489 ], [ 2895724.684400852769613, 2030416.020674301544204 ], [ 2895732.860849755816162, 2030412.97406190703623 ], [ 2895749.317438405007124, 2030399.572138234740123 ], [ 2895766.147051573731005, 2030392.245867000892758 ], [ 2895775.346754308789968, 2030391.98393486533314 ], [ 2895804.066605610772967, 2030396.05706414883025 ], [ 2895832.338122236542404, 2030398.186696406919509 ], [ 2895842.286050111055374, 2030396.707958170911297 ], [ 2895864.649994718842208, 2030391.071922186063603 ], [ 2895870.932593671604991, 2030391.545185889583081 ], [ 2895877.13957657944411, 2030396.150732085108757 ], [ 2895892.095704614184797, 2030411.918769320240244 ], [ 2895901.368498434312642, 2030420.893060433212668 ], [ 2895904.658530183136463, 2030426.2335516854655 ], [ 2895904.656271210405976, 2030439.601879628375173 ], [ 2895901.812494629528373, 2030449.573000654345378 ], [ 2895897.023859956301749, 2030460.034360765246674 ], [ 2895895.152443972416222, 2030469.7605300094001 ], [ 2895898.218452665954828, 2030474.12923675426282 ], [ 2895901.808074817061424, 2030476.309544754214585 ], [ 2895911.007791416719556, 2030476.047640435863286 ], [ 2895928.585554662160575, 2030467.5046270203311 ], [ 2895940.926437649875879, 2030467.479441413655877 ], [ 2895943.768026804551482, 2030470.876437135739252 ], [ 2895942.944280984811485, 2030476.22542258980684 ], [ 2895935.687367830425501, 2030489.365379106719047 ], [ 2895921.921083211433142, 2030514.428605035878718 ], [ 2895908.379224479198456, 2030540.463455109624192 ], [ 2895889.003373235464096, 2030567.968726359540597 ], [ 2895883.61769590433687, 2030571.382559291785583 ], [ 2895865.367107526399195, 2030577.010383151937276 ], [ 2895857.322749709710479, 2030578.004157675663009 ], [ 2895849.361043871380389, 2030578.987670621136203 ], [ 2895843.302778837271035, 2030579.486142448149621 ], [ 2895837.917222298681736, 2030582.90006201621145 ], [ 2895833.428175084292889, 2030590.201053792377934 ], [ 2895834.693894210271537, 2030626.900355162099004 ], [ 2895829.457040312699974, 2030635.418099647387862 ], [ 2895814.945100917946547, 2030648.330021298956126 ], [ 2895789.5132394451648, 2030662.965702142100781 ], [ 2895769.093809868209064, 2030668.111930281389505 ], [ 2895759.59449295187369, 2030671.534270359203219 ], [ 2895752.712741693481803, 2030677.381814128020778 ], [ 2895751.664801290258765, 2030681.759060281328857 ], [ 2895750.765778914093971, 2030691.240193670848384 ], [ 2895752.333213056437671, 2030711.410893702646717 ], [ 2895750.162228412926197, 2030724.297489868244156 ], [ 2895743.504518691450357, 2030731.116823338670656 ], [ 2895727.647354911081493, 2030738.19816403533332 ], [ 2895709.172633893787861, 2030742.854310975642875 ], [ 2895705.955988644156605, 2030746.749789133900777 ], [ 2895704.084665648639202, 2030756.476082823239267 ], [ 2895705.652326767332852, 2030776.646753537468612 ], [ 2895704.753326018806547, 2030786.127893399680033 ], [ 2895695.251793143339455, 2030802.918626482831314 ], [ 2895670.490655765868723, 2030833.838203007588163 ], [ 2895652.613275044597685, 2030845.541788713075221 ], [ 2895644.983387262560427, 2030852.606281937332824 ], [ 2895623.887195626739413, 2030881.573848192812875 ], [ 2895613.189343957230449, 2030897.637783950893208 ], [ 2895605.111108656506985, 2030902.758767431369051 ], [ 2895594.415377074852586, 2030905.454342418117449 ], [ 2895586.561066950671375, 2030911.547035505296662 ], [ 2895576.684716735035181, 2030935.630362973315641 ], [ 2895569.725578252226114, 2030958.978577788220719 ], [ 2895564.488847984932363, 2030967.496471652761102 ], [ 2895550.201268775388598, 2030981.380379072390497 ], [ 2895532.848045000806451, 2030990.895428039366379 ], [ 2895524.021533092483878, 2030997.233179507311434 ], [ 2895518.560583969578147, 2031004.779330313205719 ], [ 2895514.296196788549423, 2031013.052171271992847 ], [ 2895507.86274523101747, 2031020.843520317226648 ], [ 2895493.650661046616733, 2031030.595170931424946 ], [ 2895485.872074569575489, 2031032.555768142454326 ], [ 2895456.104471711907536, 2031032.860126671846956 ], [ 2895435.611672866158187, 2031028.770466309506446 ], [ 2895425.96370257018134, 2031027.088956249179319 ], [ 2895417.436921581625938, 2031030.266299353213981 ], [ 2895409.358528936747462, 2031035.387261643074453 ], [ 2895396.492034804075956, 2031050.969726694049314 ], [ 2895391.255153009667993, 2031059.487683016806841 ], [ 2895388.411504436284304, 2031069.459092838689685 ], [ 2895378.230023242067546, 2031136.808090437902138 ], [ 2895360.202179818879813, 2031156.776354791363701 ], [ 2895353.469270713627338, 2031167.728035125648603 ], [ 2895351.822420351672918, 2031178.42620207183063 ], [ 2895352.120099863037467, 2031188.634157594526187 ], [ 2895350.24900077143684, 2031198.360476246802136 ], [ 2895332.517023238819093, 2031241.905292381066829 ], [ 2895336.630623647943139, 2031241.89666222431697 ], [ 2895339.54759932262823, 2031241.161562223220244 ], [ 2895345.008576229214668, 2031233.615359038114548 ], [ 2895354.285274310037494, 2031215.852606611791998 ], [ 2895360.871185349300504, 2031186.428530941717327 ], [ 2895370.971562755294144, 2031163.316865604603663 ], [ 2895377.629101354628801, 2031156.497257553972304 ], [ 2895385.707386347465217, 2031151.376401445595548 ], [ 2895392.140594664029777, 2031143.585063113365322 ], [ 2895401.4174574916251, 2031125.822411671280861 ], [ 2895403.512910787947476, 2031117.067832726053894 ], [ 2895404.113965957425535, 2031097.378751412499696 ], [ 2895405.760953743942082, 2031086.68067252705805 ], [ 2895413.466217575594783, 2031075.483941988786682 ], [ 2895422.292775600217283, 2031069.146047939080745 ], [ 2895427.15449236240238, 2031067.92071069101803 ], [ 2895432.688832075335085, 2031069.610742787830532 ], [ 2895437.62406522128731, 2031077.621586995432153 ], [ 2895440.838788649067283, 2031087.09432794037275 ], [ 2895445.774023804347962, 2031095.105173751013353 ], [ 2895453.850352295674384, 2031103.352500879904255 ], [ 2895459.384807815775275, 2031105.042617139406502 ], [ 2895478.456598980352283, 2031107.433786745416 ], [ 2895484.774825488682836, 2031107.34186250413768 ], [ 2895517.423867029137909, 2031106.867234269389883 ], [ 2895527.14731332892552, 2031104.416580816730857 ], [ 2895536.646428116597235, 2031100.994196066400036 ], [ 2895552.57897219248116, 2031089.780367983039469 ], [ 2895574.944744028151035, 2031070.775651867268607 ], [ 2895635.608835244551301, 2031021.552389362361282 ], [ 2895642.266474658623338, 2031014.733026164118201 ], [ 2895658.42534323874861, 2030991.122836750000715 ], [ 2895672.936991945840418, 2030978.210752043873072 ], [ 2895678.322601181454957, 2030974.796883069211617 ], [ 2895691.635778633877635, 2030974.526349466759712 ], [ 2895700.53570801904425, 2030977.424825070658699 ], [ 2895709.360041467472911, 2030984.455401779618114 ], [ 2895717.287741344422102, 2030987.598920279880986 ], [ 2895725.290712072513998, 2030986.610197532689199 ], [ 2895725.678494030609727, 2030985.979420621879399 ], [ 2895727.53508777776733, 2030982.959655397804454 ], [ 2895729.854750862345099, 2030975.176969581283629 ], [ 2895730.307447752449661, 2030950.383830787381157 ], [ 2895729.188190405257046, 2030932.156642462126911 ], [ 2895731.507960399612784, 2030924.373941193334758 ], [ 2895742.429970629513264, 2030909.281802282202989 ], [ 2895758.138354286551476, 2030897.09652902232483 ], [ 2895766.216731333173811, 2030891.975655183428898 ], [ 2895786.636002539657056, 2030886.829433540115133 ], [ 2895794.714484632946551, 2030881.708547529531643 ], [ 2895798.754803219344467, 2030872.463973002042621 ], [ 2895804.817051926627755, 2030845.228922093519941 ], [ 2895808.109275639988482, 2030837.201156579423696 ], [ 2895812.373736283741891, 2030828.928354933159426 ], [ 2895825.688948392868042, 2030815.289738178486004 ], [ 2895865.408507292624563, 2030786.770273240748793 ], [ 2895913.879249919205904, 2030756.045361599186435 ], [ 2895934.822591981850564, 2030748.710643238155171 ], [ 2895945.742541131563485, 2030746.986924955388531 ], [ 2895962.871862642467022, 2030736.500289755640551 ], [ 2895970.950316925998777, 2030731.379558678716421 ], [ 2895990.173256202600896, 2030725.506820189533755 ], [ 2895999.672410737723112, 2030722.084565076278523 ], [ 2896011.191955228336155, 2030714.040004161652178 ], [ 2896020.393593545071781, 2030700.409925346029922 ], [ 2896032.214953103568405, 2030675.836936814012006 ], [ 2896039.172185271047056, 2030665.857383820461109 ], [ 2896048.671652531251311, 2030662.435087364166975 ], [ 2896059.067646970972419, 2030662.899968577781692 ], [ 2896068.566921390127391, 2030659.477712363237515 ], [ 2896078.217240351717919, 2030647.791117730783299 ], [ 2896082.930255983024836, 2030641.462053372291848 ], [ 2896090.262778309639543, 2030624.189922935562208 ], [ 2896095.275434266775846, 2030614.700362133095041 ], [ 2896103.129706457257271, 2030608.607909046579152 ], [ 2896120.483273562975228, 2030599.093214457854629 ], [ 2896133.123933438211679, 2030595.90766425919719 ], [ 2896140.378778119571507, 2030596.135838465299457 ], [ 2896147.33400162961334, 2030599.524610325926915 ], [ 2896153.316851609386504, 2030603.158232817891985 ], [ 2896156.606898945756257, 2030608.498747074278072 ], [ 2896163.109312511049211, 2030636.680169821251184 ], [ 2896168.113359711132944, 2030680.663421434117481 ], [ 2896167.962513046339154, 2030688.927726910449564 ], [ 2896163.922203094232827, 2030698.172236628830433 ], [ 2896156.740531454794109, 2030707.180054646916687 ], [ 2896153.672567897010595, 2030716.179519688244909 ], [ 2896155.466393905691803, 2030723.953634854406118 ], [ 2896161.373728630132973, 2030731.719432181678712 ], [ 2896165.41189984511584, 2030735.843151807552204 ], [ 2896167.281162736006081, 2030739.485212677158415 ], [ 2896165.933757629711181, 2030747.022815244970843 ], [ 2896161.669217204675078, 2030755.295477579114959 ], [ 2896154.787316974252462, 2030761.142977528972551 ], [ 2896138.630257987882942, 2030771.384392149979249 ], [ 2896125.465854412410408, 2030776.758578325388953 ], [ 2896120.604155560024083, 2030777.983816413907334 ], [ 2896115.966586174443364, 2030780.18082518922165 ], [ 2896112.898641678970307, 2030789.180297299986705 ], [ 2896114.466143152676523, 2030809.350899479584768 ], [ 2896102.716156139969826, 2030856.528289962094277 ], [ 2896097.10217769164592, 2030885.706818617181852 ], [ 2896098.148017499130219, 2030894.697722386335954 ], [ 2896098.970227718818933, 2030894.992978072725236 ], [ 2896101.513505652546883, 2030895.90618131426163 ], [ 2896105.40287325065583, 2030894.926086608087644 ], [ 2896108.843750997446477, 2030892.002289578318596 ], [ 2896129.043022865429521, 2030859.148106950568035 ], [ 2896139.516917322296649, 2030842.112536726752296 ], [ 2896143.481602432206273, 2030837.000307272188365 ], [ 2896164.724537534639239, 2030826.505211228504777 ], [ 2896174.223922397941351, 2030823.083054440794513 ], [ 2896183.947324534878135, 2030820.632589856861159 ], [ 2896193.819558529183269, 2030823.286134649533778 ], [ 2896211.319774326868355, 2030832.243510450236499 ], [ 2896221.940108918119222, 2030833.680164395365864 ], [ 2896225.605244620703161, 2030831.728229480329901 ], [ 2896228.673293337691575, 2030822.728745852829888 ], [ 2896228.375684490427375, 2030812.521027358015999 ], [ 2896230.247070133686066, 2030802.794855280546471 ], [ 2896249.025672464165837, 2030768.242190522374585 ], [ 2896274.013475940562785, 2030724.926919518504292 ], [ 2896279.474606495350599, 2030717.380978968227282 ], [ 2896293.986613265704364, 2030704.469424902461469 ], [ 2896302.513564967084676, 2030701.292164035607129 ], [ 2896312.685668464750051, 2030700.785298825940117 ], [ 2896318.198319957591593, 2030697.517172835068777 ], [ 2896321.736435074359179, 2030695.419609793461859 ], [ 2896326.225249571260065, 2030688.118818258633837 ], [ 2896326.300678361672908, 2030683.986666267970577 ], [ 2896322.337933551054448, 2030675.73078156192787 ], [ 2896310.523265283554792, 2030660.199150942033157 ], [ 2896286.818098703864962, 2030633.268026517704129 ], [ 2896282.706666363868862, 2030619.908226660452783 ], [ 2896282.109426863025874, 2030612.860819855472073 ], [ 2896288.169910580851138, 2030598.994187860982493 ], [ 2896296.548019414767623, 2030590.713241444900632 ], [ 2896301.409859943203628, 2030589.488105685450137 ], [ 2896309.337607813999057, 2030592.631626688642427 ], [ 2896325.11717838793993, 2030603.050912527134642 ], [ 2896351.739264816511422, 2030629.246845513116568 ], [ 2896367.519057705998421, 2030639.666210759198293 ], [ 2896385.019207615870982, 2030648.623665730701759 ], [ 2896403.567141570150852, 2030653.203935926314443 ], [ 2896442.607831314671785, 2030661.874500008067116 ], [ 2896470.728496262803674, 2030672.268779898062348 ], [ 2896487.03208121098578, 2030680.499464014079422 ], [ 2896492.118058818392456, 2030680.246119851479307 ], [ 2896494.886312922462821, 2030674.407098223688081 ], [ 2896494.813059310428798, 2030665.171025463147089 ], [ 2896489.429620346054435, 2030655.216642242623493 ], [ 2896478.81133549194783, 2030640.411818206077442 ], [ 2896460.714114661794156, 2030624.406783666461706 ], [ 2896447.627142091281712, 2030612.280611973255873 ], [ 2896421.977402574382722, 2030585.839682831894606 ], [ 2896407.247720478568226, 2030557.675073962658644 ], [ 2896399.921805678866804, 2030534.842573591275141 ], [ 2896395.062387702055275, 2030522.699645152315497 ], [ 2896386.985935139004141, 2030514.452093549072742 ], [ 2896367.692095956299454, 2030497.720511720981449 ], [ 2896362.084443834144622, 2030486.794301723595709 ], [ 2896358.048590984195471, 2030469.302341635571793 ], [ 2896355.730915369931608, 2030463.716873752651736 ], [ 2896348.851137850433588, 2030456.196023288881406 ], [ 2896332.771773940417916, 2030448.936951811891049 ], [ 2896299.192298319656402, 2030432.720564560964704 ], [ 2896293.060750978067517, 2030423.982911761850119 ], [ 2896293.136214826256037, 2030419.850864392472431 ], [ 2896294.408443981781602, 2030416.445489350007847 ], [ 2896307.051302462816238, 2030399.891807401785627 ], [ 2896330.165799407288432, 2030379.671013779006898 ], [ 2896346.098847174085677, 2030368.458046589046717 ], [ 2896369.286591908894479, 2030357.473335105925798 ], [ 2896381.179120047949255, 2030355.504673999268562 ], [ 2896407.057662663981318, 2030356.181274370756 ], [ 2896464.570846104528755, 2030373.564487031893805 ], [ 2896468.309121864847839, 2030380.848556003300473 ], [ 2896469.876327705569565, 2030401.019136720336974 ], [ 2896475.705912559293211, 2030426.285114014986902 ], [ 2896481.009267051704228, 2030467.107864140532911 ], [ 2896485.047436988912523, 2030471.2316068043001 ], [ 2896495.14392889617011, 2030474.856869913171977 ], [ 2896511.97155365999788, 2030480.89919230947271 ], [ 2896529.771304155699909, 2030486.696322065545246 ], [ 2896534.258907284587622, 2030487.034364935709164 ], [ 2896542.33652687817812, 2030487.643058218527585 ], [ 2896549.059886815026402, 2030485.391975444974378 ], [ 2896554.752885047346354, 2030483.485917150974274 ], [ 2896565.300079992040992, 2030475.686591585166752 ], [ 2896580.036507220007479, 2030463.747006675694138 ], [ 2896585.870504385791719, 2030462.2767061709892 ], [ 2896594.546233223285526, 2030464.203621752560139 ], [ 2896602.622481942176819, 2030472.451145525090396 ], [ 2896609.950698615983129, 2030481.91544203273952 ], [ 2896625.28187252394855, 2030490.391322697745636 ], [ 2896638.595229955390096, 2030490.121199209010229 ], [ 2896650.412243007682264, 2030492.284772595157847 ], [ 2896658.788173149805516, 2030497.371914620976895 ], [ 2896669.106667122337967, 2030515.337180208414793 ], [ 2896677.62911440897733, 2030538.89633857877925 ], [ 2896679.347530194558203, 2030550.802495016250759 ], [ 2896685.554538071155548, 2030555.407959314296022 ], [ 2896694.978391704149544, 2030556.118008458055556 ], [ 2896706.198199482169002, 2030551.234189352253452 ], [ 2896714.800707901827991, 2030543.924965283833444 ], [ 2896716.820982370525599, 2030539.302831568755209 ], [ 2896725.654337994754314, 2030492.861264753621072 ], [ 2896735.156044875271618, 2030476.071149734547362 ], [ 2896747.050811333581805, 2030460.734497079160064 ], [ 2896749.860620674677193, 2030458.656839441042393 ], [ 2896750.779807197861373, 2030454.533641649177298 ], [ 2896756.963642999529839, 2030447.205838680267334 ], [ 2896767.530022657942027, 2030440.631901251617819 ], [ 2896771.100614742841572, 2030429.097908282186836 ], [ 2896778.766907019540668, 2030427.420446117641404 ], [ 2896787.056494344957173, 2030425.606440799543634 ], [ 2896810.281846428290009, 2030420.52427371754311 ], [ 2896828.531581185758114, 2030411.190759999444708 ], [ 2896837.18731804471463, 2030401.003282079705968 ], [ 2896846.314017807133496, 2030391.505617212038487 ], [ 2896851.69953042594716, 2030388.091963145881891 ], [ 2896869.27747410396114, 2030379.549473281251267 ], [ 2896909.219791127368808, 2030365.371395845199004 ], [ 2896928.072269870899618, 2030340.055597806116566 ], [ 2896936.523911753669381, 2030341.01071026106365 ], [ 2896960.606182937510312, 2030347.281481362646446 ], [ 2896971.526377570815384, 2030345.558027520310134 ], [ 2896982.522052926477045, 2030339.702435833169147 ], [ 2896990.900376948527992, 2030331.421739176847041 ], [ 2896995.913354230113328, 2030321.932385701220483 ], [ 2896995.540402588900179, 2030315.85673850425519 ], [ 2896994.195204709656537, 2030310.026199247455224 ], [ 2896994.794418630190194, 2030303.705561177805066 ], [ 2897000.031831001397222, 2030295.188026000279933 ], [ 2897008.334653440862894, 2030291.039277383126318 ], [ 2897013.19637924619019, 2030289.814260330051184 ], [ 2897025.013468978460878, 2030291.977933519985527 ], [ 2897056.723672955296934, 2030304.55262736370787 ], [ 2897062.7797134462744, 2030317.422319039469585 ], [ 2897065.694355270825326, 2030330.05535285663791 ], [ 2897077.882027450483292, 2030351.662585362792015 ], [ 2897089.918436332605779, 2030381.534060529898852 ], [ 2897093.508172547444701, 2030383.714248358039185 ], [ 2897102.70776629075408, 2030383.452550573972985 ], [ 2897151.849795187823474, 2030369.013215783750638 ], [ 2897170.997183156665415, 2030367.273266084026545 ], [ 2897176.980196413118392, 2030370.907003874192014 ], [ 2897182.438983627129346, 2030376.729328685672954 ], [ 2897183.708882000762969, 2030386.691881323466077 ], [ 2897182.734077943023294, 2030400.305018981685862 ], [ 2897172.106511254329234, 2030438.972133889328688 ], [ 2897175.845074110664427, 2030446.256109559442848 ], [ 2897189.679845280013978, 2030457.165676951641217 ], [ 2897200.597826042678207, 2030468.810263854684308 ], [ 2897202.467158173210919, 2030472.452244383981451 ], [ 2897200.371268612332642, 2030481.206512759206817 ], [ 2897193.862185728736222, 2030493.129273087484762 ], [ 2897184.063089186325669, 2030499.711647836724296 ], [ 2897175.31170054199174, 2030501.916678986512125 ], [ 2897156.015720538329333, 2030498.552910505328327 ], [ 2897144.198537074029446, 2030496.389317974913865 ], [ 2897138.364368528593332, 2030497.859463290544227 ], [ 2897129.013788764365017, 2030506.385146365035325 ], [ 2897114.277419428806752, 2030518.324706144630909 ], [ 2897099.541027510538697, 2030530.264074915787205 ], [ 2897095.576217461843044, 2030535.376302684657276 ], [ 2897096.472897558473051, 2030539.263359314529225 ], [ 2897104.924436708912253, 2030540.218423282494769 ], [ 2897123.323734033852816, 2030539.695210878737271 ], [ 2897143.667841504327953, 2030538.68184123840183 ], [ 2897153.988443072885275, 2030543.279046467272565 ], [ 2897163.261511474847794, 2030552.253368959296495 ], [ 2897173.131460443139076, 2030568.275060926098377 ], [ 2897176.794471335597336, 2030579.691204818896949 ], [ 2897176.568040558602661, 2030592.08744405885227 ], [ 2897172.527453825809062, 2030601.33176749269478 ], [ 2897158.912286174483597, 2030618.12998288217932 ], [ 2897137.218374460935593, 2030640.048827348276973 ], [ 2897115.076044764369726, 2030660.024174134247005 ], [ 2897095.626854764297605, 2030678.292451372137293 ], [ 2897075.429086492396891, 2030697.777808354701847 ], [ 2897065.554670254699886, 2030708.49215336330235 ], [ 2897065.254995198920369, 2030711.652546287979931 ], [ 2897066.675797013565898, 2030713.351031954400241 ], [ 2897080.961484685540199, 2030712.836031907703727 ], [ 2897105.270448138937354, 2030706.710486501222476 ], [ 2897121.800457177683711, 2030702.545173016609624 ], [ 2897138.927649570163339, 2030705.427086123498157 ], [ 2897144.686362433247268, 2030708.089185152901337 ], [ 2897152.53852806519717, 2030715.364943948574364 ], [ 2897158.818851792719215, 2030729.206334189046174 ], [ 2897163.079007225111127, 2030747.669924044283107 ], [ 2897172.720547324977815, 2030789.455877001164481 ], [ 2897177.207100941799581, 2030795.523219594964758 ], [ 2897179.600362240336835, 2030796.976667551789433 ], [ 2897182.965883554890752, 2030798.185109593207017 ], [ 2897185.65873578004539, 2030796.478280886542052 ], [ 2897190.222902040462941, 2030785.045463856775314 ], [ 2897197.18686356395483, 2030734.96217208658345 ], [ 2897203.323075302876532, 2030716.963598448317498 ], [ 2897211.028565930202603, 2030705.76747607672587 ], [ 2897221.799920027144253, 2030698.940290244296193 ], [ 2897233.019901512656361, 2030694.056486402871087 ], [ 2897244.836892343126237, 2030696.220139152370393 ], [ 2897274.902233871165663, 2030706.124643519055098 ], [ 2897292.178225433453918, 2030714.110520985443145 ], [ 2897302.199361595325172, 2030721.868118959711865 ], [ 2897308.77946446929127, 2030732.549120513256639 ], [ 2897314.387026498094201, 2030743.475278785685077 ], [ 2897332.932898780331016, 2030761.423865970922634 ], [ 2897342.205902256071568, 2030770.398252583574504 ], [ 2897344.672344675753266, 2030781.087585842236876 ], [ 2897345.791096017695963, 2030799.314517351100221 ], [ 2897350.053514536935836, 2030804.410002973396331 ], [ 2897353.419141890481114, 2030805.618440075078979 ], [ 2897366.059644139371812, 2030802.433215963421389 ], [ 2897378.40066757844761, 2030802.40835148980841 ], [ 2897381.990435915533453, 2030804.588665055809543 ], [ 2897385.504716296680272, 2030810.900931545067579 ], [ 2897392.231328895315528, 2030840.05388754978776 ], [ 2897398.211999054066837, 2030857.055711273103952 ], [ 2897405.316038285382092, 2030865.548198231728747 ], [ 2897414.440286089666188, 2030869.41869480884634 ], [ 2897422.219065497629344, 2030867.458463607355952 ], [ 2897428.652523594908416, 2030859.667781901312992 ], [ 2897442.119017657823861, 2030837.765701715368778 ], [ 2897446.083841866347939, 2030832.653595445211977 ], [ 2897451.469573237001896, 2030829.239970445632935 ], [ 2897468.747604946605861, 2030823.858044006628916 ], [ 2897480.416161286644638, 2030820.91779866698198 ], [ 2897489.242793862707913, 2030814.580512162297964 ], [ 2897496.648637535050511, 2030806.54482638835907 ], [ 2897503.606139324605465, 2030796.565607657656074 ], [ 2897510.712289752904326, 2030791.690217042108998 ], [ 2897519.912012433633208, 2030791.428585496032611 ], [ 2897529.036159534938633, 2030795.29902384779416 ], [ 2897542.123047596774995, 2030807.425357917323709 ], [ 2897558.2002177182585, 2030828.052626086398959 ], [ 2897570.163697661831975, 2030848.688105912879109 ], [ 2897580.182749942876399, 2030869.813567724777386 ], [ 2897604.482928066514432, 2030917.160187234636396 ], [ 2897619.885454918257892, 2030948.239994631847367 ], [ 2897629.906523763667792, 2030955.997593453619629 ], [ 2897644.190014655701816, 2030968.850613557035103 ], [ 2897655.780655170790851, 2030983.410538705764338 ], [ 2897659.21959929773584, 2030993.854966504732147 ], [ 2897659.141971729230136, 2031011.355042707407847 ], [ 2897657.346001945436001, 2031016.948885117657483 ], [ 2897657.719084129203111, 2031023.024442513240501 ], [ 2897662.72946697100997, 2031026.903224773006514 ], [ 2897666.357220095582306, 2031027.017441817559302 ], [ 2897669.98456381354481, 2031027.1316322311759 ], [ 2897680.231909368187189, 2031022.492901248624548 ], [ 2897690.403921203687787, 2031021.986406651092693 ], [ 2897701.921348716132343, 2031027.310262259328738 ], [ 2897713.738189591094851, 2031029.473978948080912 ], [ 2897754.200013457331806, 2031039.843878175131977 ], [ 2897767.286939944140613, 2031051.970193224027753 ], [ 2897778.129643810912967, 2031067.746793574886397 ], [ 2897788.523621710948646, 2031081.580027657328174 ], [ 2897797.348108841106296, 2031088.610819914378226 ], [ 2897808.117525607347488, 2031095.151557105360553 ], [ 2897815.894184774719179, 2031106.559420065954328 ], [ 2897821.126834774389863, 2031124.777877491898835 ], [ 2897826.881358979269862, 2031154.175816948059946 ], [ 2897830.318271366413683, 2031177.988182965666056 ], [ 2897828.74664930999279, 2031184.553865677211434 ], [ 2897825.305642455816269, 2031187.477430887520313 ], [ 2897821.18825494684279, 2031189.496423427714035 ], [ 2897812.365329560823739, 2031193.822944921674207 ], [ 2897812.352810732554644, 2031193.825119306333363 ], [ 2897799.500560853164643, 2031196.036288398783654 ], [ 2897786.935380293056369, 2031195.089357051765546 ], [ 2897775.941834391094744, 2031187.576842494308949 ], [ 2897744.009126387536526, 2031160.662228703033179 ], [ 2897727.405828501097858, 2031155.591526100179181 ], [ 2897716.485603339038789, 2031157.314903989899904 ], [ 2897703.5454106554389, 2031163.660431387135759 ], [ 2897694.943112055771053, 2031170.969333532033488 ], [ 2897687.237445559352636, 2031182.165434950264171 ], [ 2897684.245002664625645, 2031187.032516170525923 ], [ 2897684.018856136593968, 2031199.428755203261971 ], [ 2897684.762751972302794, 2031224.947956813964993 ], [ 2897685.655553624499589, 2031255.571064554154873 ], [ 2897683.635579263791442, 2031260.193116466281936 ], [ 2897680.942723209038377, 2031261.899919416289777 ], [ 2897669.949186405166984, 2031254.387428530491889 ], [ 2897653.197030425537378, 2031244.212948447559029 ], [ 2897647.438228936865926, 2031241.551091405330226 ], [ 2897642.352277928031981, 2031241.80428639287129 ], [ 2897632.104878941550851, 2031246.443051850423217 ], [ 2897620.361203089356422, 2031253.515274290926754 ], [ 2897612.431543229147792, 2031263.739598104264587 ], [ 2897608.839785526506603, 2031274.927384916692972 ], [ 2897607.264127567410469, 2031308.229152000974864 ], [ 2897602.324911702424288, 2031326.954320785822347 ], [ 2897600.902217100374401, 2031338.623825007816777 ], [ 2897602.918204873800278, 2031360.737631466239691 ], [ 2897604.787599616218358, 2031364.379743791883811 ], [ 2897605.385795800946653, 2031364.743134771240875 ], [ 2897608.3772690333426, 2031366.560000296449289 ], [ 2897612.266688815318048, 2031365.579839359270409 ], [ 2897614.735304963774979, 2031362.901268954854459 ], [ 2897617.953922768123448, 2031345.637908225879073 ], [ 2897619.751826519146562, 2031326.676023429259658 ], [ 2897623.71857241820544, 2031308.195791427511722 ], [ 2897624.171214879490435, 2031283.403323925333098 ], [ 2897626.042398383840919, 2031273.677445892710239 ], [ 2897635.841432465240359, 2031267.095137166557834 ], [ 2897640.927365929819643, 2031266.841842757537961 ], [ 2897648.854936194606125, 2031269.985565997194499 ], [ 2897654.314161748625338, 2031275.807704857783392 ], [ 2897656.256808198988438, 2031288.685817791847512 ], [ 2897659.471459440886974, 2031298.158420633291826 ], [ 2897666.127095993608236, 2031304.707443487597629 ], [ 2897671.88581633195281, 2031307.369420043891296 ], [ 2897676.953355197794735, 2031307.117040126817301 ], [ 2897682.057784521020949, 2031306.862821866525337 ], [ 2897693.501773664727807, 2031302.950814481358975 ], [ 2897708.013628280255944, 2031290.039567610248923 ], [ 2897713.550136718899012, 2031278.361861055716872 ], [ 2897715.721090536564589, 2031265.475572865456343 ], [ 2897718.344653394538909, 2031227.796945411944762 ], [ 2897720.140488503500819, 2031222.203018092317507 ], [ 2897727.321963737718761, 2031213.195607990492135 ], [ 2897734.876624338328838, 2031210.263647335581481 ], [ 2897744.748931023292243, 2031212.917362092761323 ], [ 2897754.32165633328259, 2031218.731358424760401 ], [ 2897767.109021774493158, 2031234.017963578458875 ], [ 2897776.006953470408916, 2031250.284718409879133 ], [ 2897789.538527787197381, 2031291.09048925130628 ], [ 2897795.370489319320768, 2031302.988383262883872 ], [ 2897796.340736910700798, 2031316.111317235045135 ], [ 2897798.507791955024004, 2031329.961066127521917 ], [ 2897800.152743387967348, 2031332.63136035320349 ], [ 2897801.737680416554213, 2031333.593959084711969 ], [ 2897802.545926974155009, 2031334.0848629551474 ], [ 2897806.959282760508358, 2031330.916281916666776 ], [ 2897813.168567969463766, 2031322.153757075313479 ], [ 2897815.787800788879395, 2031311.211130846757442 ], [ 2897815.266095705330372, 2031300.031605452764779 ], [ 2897806.145867590792477, 2031269.425268254708499 ], [ 2897805.399647002108395, 2031257.274037065682933 ], [ 2897807.195780492387712, 2031251.680059026693925 ], [ 2897814.152841184288263, 2031241.700935781933367 ], [ 2897824.400392442941666, 2031237.062294341158122 ], [ 2897865.763197594787925, 2031224.58321205037646 ], [ 2897871.372965362854302, 2031222.141428496921435 ], [ 2897876.31031699012965, 2031216.784108162391931 ], [ 2897880.650299262721092, 2031204.379775136942044 ], [ 2897886.788082175888121, 2031173.013527810107917 ], [ 2897886.04198822658509, 2031160.862284771632403 ], [ 2897874.979453895241022, 2031117.377911599585786 ], [ 2897875.57873766310513, 2031111.057341019855812 ], [ 2897874.233386932406574, 2031105.226771007757634 ], [ 2897864.736118867062032, 2031095.280696356436238 ], [ 2897860.249444004613906, 2031089.21339374827221 ], [ 2897860.325009907595813, 2031085.081320471595973 ], [ 2897869.901794659439474, 2031064.159439840121195 ], [ 2897871.697774784639478, 2031058.565605500014499 ], [ 2897870.576735932379961, 2031053.706682213116437 ], [ 2897862.424818732775748, 2031049.591178557137027 ], [ 2897850.383630432188511, 2031046.455678634112701 ], [ 2897835.351878435350955, 2031034.819475973490626 ], [ 2897818.526503620669246, 2031015.408958510728553 ], [ 2897801.250412710942328, 2031007.422965728212148 ], [ 2897788.98491083458066, 2031003.315739978570491 ], [ 2897769.16689406754449, 2030988.772446111310273 ], [ 2897754.359548276290298, 2030978.107801301404834 ], [ 2897736.859346378594637, 2030969.150056377984583 ], [ 2897722.051727503538132, 2030958.485575394006446 ], [ 2897709.713058295659721, 2030945.14248848403804 ], [ 2897705.450605697929859, 2030940.046867167111486 ], [ 2897703.881044127047062, 2030933.244547118199989 ], [ 2897703.809857826214284, 2030910.640685426304117 ], [ 2897704.484731041826308, 2030900.188049549236894 ], [ 2897700.446519522927701, 2030896.064288175664842 ], [ 2897686.760303189978004, 2030890.258468890096992 ], [ 2897674.421647179871798, 2030876.915396078955382 ], [ 2897665.523703603073955, 2030860.648710560286418 ], [ 2897662.23583842953667, 2030841.940170711139217 ], [ 2897659.547383773140609, 2030816.911051268689334 ], [ 2897653.566751156002283, 2030799.909297618316486 ], [ 2897645.641404957976192, 2030783.397671861108392 ], [ 2897632.707793659996241, 2030749.639190257759765 ], [ 2897621.26815302297473, 2030726.815093470038846 ], [ 2897601.003972723148763, 2030696.960277382750064 ], [ 2897583.430567908100784, 2030678.76675062905997 ], [ 2897546.112524040043354, 2030655.265597422141582 ], [ 2897534.595187301747501, 2030649.941575109260157 ], [ 2897514.775191045366228, 2030648.766180157894269 ], [ 2897489.345028625801206, 2030650.032687632599846 ], [ 2897433.771745755337179, 2030658.894623547093943 ], [ 2897421.730614403262734, 2030655.759243638487533 ], [ 2897411.18556134775281, 2030650.190252860076725 ], [ 2897398.098789226729423, 2030638.063849502708763 ], [ 2897358.316726073622704, 2030590.505420385859907 ], [ 2897353.681355213746428, 2030579.334281895542517 ], [ 2897352.336026770062745, 2030573.503644135314971 ], [ 2897356.15226081199944, 2030563.287816524272785 ], [ 2897364.306361344642937, 2030554.035228168359026 ], [ 2897376.050246858969331, 2030546.963051068596542 ], [ 2897393.328420678153634, 2030541.581089198123664 ], [ 2897419.282580309547484, 2030538.125881086336449 ], [ 2897450.246960357297212, 2030538.549769637640566 ], [ 2897462.063997844234109, 2030540.713480134727433 ], [ 2897479.340028584003448, 2030548.699424918508157 ], [ 2897500.130223750136793, 2030562.997661413392052 ], [ 2897518.975607908330858, 2030577.786056728335097 ], [ 2897530.566171332262456, 2030592.345921215601265 ], [ 2897540.436336511746049, 2030608.367658878210932 ], [ 2897552.999077040702105, 2030622.682551576057449 ], [ 2897563.544147438369691, 2030628.251575215021148 ], [ 2897581.419509197585285, 2030629.916905200807378 ], [ 2897620.835533021949232, 2030631.295970746083185 ], [ 2897636.166861557401717, 2030639.772006883751601 ], [ 2897662.715735537931323, 2030656.732406840659678 ], [ 2897679.01922855572775, 2030664.963382988935336 ], [ 2897718.133424350526184, 2030682.870702759828418 ], [ 2897733.913209971506149, 2030693.290291807148606 ], [ 2897762.852938879281282, 2030725.072168587008491 ], [ 2897772.276727566495538, 2030725.782385573722422 ], [ 2897784.830206462647766, 2030721.655161164002493 ], [ 2897785.665490496437997, 2030721.380516104400158 ], [ 2897798.530439843423665, 2030719.167260020971298 ], [ 2897824.184723374899477, 2030718.872627031989396 ], [ 2897843.256736814044416, 2030721.264813024085015 ], [ 2897861.280904525890946, 2030728.0341612030752 ], [ 2897873.322206015698612, 2030731.169643531553447 ], [ 2897897.928567543625832, 2030735.25222507910803 ], [ 2897922.759337589144707, 2030740.306445952970535 ], [ 2897951.928682870231569, 2030746.324362503131852 ], [ 2897974.889304894022644, 2030747.736543240491301 ], [ 2898000.394837761297822, 2030742.338223986793309 ], [ 2898029.789896611124277, 2030735.959998921491206 ], [ 2898054.547400197479874, 2030731.778459256747738 ], [ 2898072.573989250697196, 2030725.179878852330148 ], [ 2898090.524688680656254, 2030722.713423424400389 ], [ 2898103.314187015406787, 2030724.632204339606687 ], [ 2898113.111056101508439, 2030731.418043383862823 ], [ 2898116.176815146114677, 2030735.786957401782274 ], [ 2898118.494385190308094, 2030741.372438277583569 ], [ 2898117.895139775238931, 2030747.692972876830027 ], [ 2898115.350848712492734, 2030754.503567301202565 ], [ 2898089.092747192364186, 2030787.854350808542222 ], [ 2898082.732273947447538, 2030804.880703117931262 ], [ 2898080.336914835032076, 2030816.795075113885105 ], [ 2898067.094655404798687, 2030839.668554089264944 ], [ 2898058.789574306458235, 2030857.185004709521309 ], [ 2898057.814832337200642, 2030870.797837004065514 ], [ 2898049.734199588187039, 2030889.286116822389886 ], [ 2898048.610848892014474, 2030897.795221260050312 ], [ 2898049.507732875179499, 2030901.682266483083367 ], [ 2898056.01463136356324, 2030903.127522319322452 ], [ 2898064.990092442370951, 2030901.894162359880283 ], [ 2898081.37142261583358, 2030892.625431523658335 ], [ 2898091.918586746789515, 2030884.826514866668731 ], [ 2898121.766408150084317, 2030853.656085949623957 ], [ 2898139.495426363311708, 2030836.849827462807298 ], [ 2898157.224392983131111, 2030820.043793187709525 ], [ 2898166.275491174310446, 2030814.678488438017666 ], [ 2898171.361392035149038, 2030814.425276067573577 ], [ 2898179.737458097748458, 2030819.512611500686035 ], [ 2898193.421467647887766, 2030838.68638689443469 ], [ 2898208.825999112799764, 2030856.398305718787014 ], [ 2898220.567637168802321, 2030862.694170105736703 ], [ 2898230.21580243203789, 2030864.376228787004948 ], [ 2898235.301789024844766, 2030864.122907154029235 ], [ 2898242.632179879583418, 2030860.219514103606343 ], [ 2898246.297466456890106, 2030858.267750932835042 ], [ 2898252.056113093625754, 2030860.92971710069105 ], [ 2898263.573537711054087, 2030866.253830918110907 ], [ 2898272.548853571526706, 2030865.020648512989283 ], [ 2898275.765703277662396, 2030861.125363652827218 ], [ 2898276.140922164544463, 2030853.83303001942113 ], [ 2898271.953877329826355, 2030844.605427076108754 ], [ 2898264.028638754971325, 2030828.093774310080335 ], [ 2898261.337914496660233, 2030816.432650435483083 ], [ 2898259.475478284992278, 2030772.687115700216964 ], [ 2898262.550363685004413, 2030723.584468072280288 ], [ 2898262.708470085635781, 2030675.216877934755757 ], [ 2898260.914656437002122, 2030667.442906371550635 ], [ 2898264.13162309769541, 2030663.547607632819563 ], [ 2898272.434310104697943, 2030659.399145264877006 ], [ 2898312.749728252179921, 2030651.297824437730014 ], [ 2898319.480676968581975, 2030653.714915234362707 ], [ 2898323.368003906682134, 2030654.240865047089756 ], [ 2898324.267546032555401, 2030654.362600992666557 ], [ 2898324.790912515483797, 2030654.433464846108109 ], [ 2898334.814255270175636, 2030648.823239660589024 ], [ 2898347.606063690967858, 2030637.374319368973374 ], [ 2898358.153463615104556, 2030629.575562634970993 ], [ 2898370.569732076488435, 2030625.419026867486537 ], [ 2898401.834254988934845, 2030622.683009540429339 ], [ 2898429.733036073390394, 2030618.738612903282046 ], [ 2898435.491892204619944, 2030621.400564454030246 ], [ 2898444.764739273115993, 2030630.375009097158909 ], [ 2898464.655598959885538, 2030654.154296699445695 ], [ 2898468.021095833275467, 2030655.36295202607289 ], [ 2898470.703987795859575, 2030655.565133198630065 ], [ 2898471.162460257299244, 2030655.599729363806546 ], [ 2898474.827679166570306, 2030653.648006443632767 ], [ 2898497.045803673099726, 2030629.541712909704074 ], [ 2898504.076591690536588, 2030628.798435559961945 ], [ 2898507.441992003470659, 2030630.007111666956916 ], [ 2898511.255987052805722, 2030633.159078918164596 ], [ 2898513.273919773288071, 2030641.904936039121822 ], [ 2898515.660006816498935, 2030683.46184124588035 ], [ 2898535.175830978900194, 2030714.53345397580415 ], [ 2898536.117156744468957, 2030714.296336699742824 ], [ 2898537.120598006993532, 2030714.043467049486935 ], [ 2898566.822390310931951, 2030664.401927137747407 ], [ 2898573.704510568641126, 2030658.554955224273726 ], [ 2898583.428179286420345, 2030656.105165642686188 ], [ 2898595.245096042752266, 2030658.269135295413435 ], [ 2898602.64899371098727, 2030663.601404051762074 ], [ 2898605.714724131394178, 2030667.970152011141181 ], [ 2898608.629321334417909, 2030680.603100440232083 ], [ 2898612.143581440672278, 2030686.91535647935234 ], [ 2898619.846843375824392, 2030689.087519324151799 ], [ 2898628.298571771942079, 2030690.042875786544755 ], [ 2898639.667261176742613, 2030690.263296281453222 ], [ 2898649.688284908421338, 2030698.020933417836204 ], [ 2898659.558245019987226, 2030714.042559369001538 ], [ 2898672.118993626907468, 2030741.725310372654349 ], [ 2898670.471511485986412, 2030752.42292211856693 ], [ 2898664.934770456515253, 2030764.100344970123842 ], [ 2898653.788039133418351, 2030778.219460231019184 ], [ 2898635.384039282798767, 2030805.477755375439301 ], [ 2898631.416839049197733, 2030823.957530583720654 ], [ 2898623.708915867842734, 2030848.52106662816368 ], [ 2898608.144192581996322, 2030892.544280563015491 ], [ 2898609.965739658568054, 2030894.232035849010572 ], [ 2898610.761711600236595, 2030894.969569339649752 ], [ 2898613.678745158482343, 2030894.234512242255732 ], [ 2898659.382001961115748, 2030869.352299619000405 ], [ 2898676.95993415825069, 2030860.810507949208841 ], [ 2898688.852664915844798, 2030858.84240371035412 ], [ 2898700.893888696562499, 2030861.978049675468355 ], [ 2898712.635496688075364, 2030868.274061442352831 ], [ 2898716.897940944414586, 2030873.369577691191807 ], [ 2898720.560808730777353, 2030884.785577946575359 ], [ 2898719.734908572398126, 2030903.502264044713229 ], [ 2898716.367267357651144, 2030915.6613590545021 ], [ 2898707.613680855836719, 2030931.234040536219254 ], [ 2898695.195000216364861, 2030948.758513977052644 ], [ 2898693.922988997772336, 2030952.163770080544055 ], [ 2898695.56801373930648, 2030954.833974297391251 ], [ 2898710.226659130305052, 2030960.394936067983508 ], [ 2898722.343405640218407, 2030959.398639161605388 ], [ 2898740.143312810920179, 2030965.196325419703498 ], [ 2898749.940144343301654, 2030971.98223014594987 ], [ 2898759.512856450863183, 2030977.796354516874999 ], [ 2898767.964406929910183, 2030978.75187172414735 ], [ 2898779.408490038011223, 2030974.840197360841557 ], [ 2898795.117369554005563, 2030962.656340838642791 ], [ 2898810.077895164024085, 2030951.68927961634472 ], [ 2898819.353132292628288, 2030947.296006712364033 ], [ 2898826.608056257013232, 2030947.524560928810388 ], [ 2898837.153260193765163, 2030953.093695898074657 ], [ 2898852.109232113696635, 2030968.862248869612813 ], [ 2898871.927221339195967, 2030983.40575860044919 ], [ 2898883.220303624868393, 2030987.758207090431824 ], [ 2898891.745231949724257, 2030997.949376555159688 ], [ 2898901.990518657956272, 2031006.678846476599574 ], [ 2898918.294329213909805, 2031014.910072408616543 ], [ 2898929.587417958304286, 2031019.262533174362034 ], [ 2898937.66370137874037, 2031027.510118456324562 ], [ 2898939.757282820995897, 2031032.12394471373409 ], [ 2898939.30652030184865, 2031043.548226575367153 ], [ 2898932.198048064950854, 2031061.791069211205468 ], [ 2898917.535046017728746, 2031082.965709722368047 ], [ 2898901.826264264062047, 2031095.149513196200132 ], [ 2898886.641632690094411, 2031105.144769093254581 ], [ 2898875.197433668188751, 2031109.056338622933254 ], [ 2898868.390938885509968, 2031110.771210557082668 ], [ 2898854.629164982587099, 2031109.09735577297397 ], [ 2898847.822574310470372, 2031110.812248828820884 ], [ 2898843.333793357945979, 2031118.112732989480719 ], [ 2898840.490045942366123, 2031128.083429727237672 ], [ 2898839.890606486238539, 2031134.404000737238675 ], [ 2898836.898056238424033, 2031139.270997342653573 ], [ 2898826.350842773914337, 2031147.069528630934656 ], [ 2898814.906778098084033, 2031150.981196044012904 ], [ 2898808.848357104230672, 2031151.479341682046652 ], [ 2898805.407482101581991, 2031154.402889762073755 ], [ 2898806.528575711883605, 2031159.261621072888374 ], [ 2898819.839628582354635, 2031172.359851933317259 ], [ 2898832.40281936712563, 2031186.674787951167673 ], [ 2898834.571708936244249, 2031187.156596403336152 ], [ 2898880.947448557242751, 2031165.189587279222906 ], [ 2898893.512633331120014, 2031166.136768762022257 ], [ 2898937.863867224194109, 2031175.527342783752829 ], [ 2898945.940491742454469, 2031183.775079265004024 ], [ 2898948.706438092514873, 2031191.304165181703866 ], [ 2898946.311234947293997, 2031203.218374311923981 ], [ 2898946.384334548376501, 2031212.454067521495745 ], [ 2898949.674436969682574, 2031217.794698211131617 ], [ 2898956.181297096889466, 2031219.240006936015561 ], [ 2898962.763669561129063, 2031216.553362223086879 ], [ 2898968.822086635511369, 2031216.055138881085441 ], [ 2898982.956839344929904, 2031223.804714739089832 ], [ 2898990.285178035963327, 2031233.269033625721931 ], [ 2898996.265920587815344, 2031250.270678009139374 ], [ 2898994.843109950423241, 2031261.939903812250122 ], [ 2898986.535949072800577, 2031292.823890657629818 ], [ 2898987.432842420879751, 2031296.710960627766326 ], [ 2898997.602852278854698, 2031309.57238520658575 ], [ 2899002.613392896950245, 2031313.451205216115341 ], [ 2899006.651647998951375, 2031317.574992198264226 ], [ 2899011.660110749304295, 2031334.821514126844704 ], [ 2899014.350798358209431, 2031346.482728341361508 ], [ 2899016.022666751872748, 2031343.763704666635022 ], [ 2899018.839661088772118, 2031339.182234436506405 ], [ 2899018.693005518522114, 2031320.710710498038679 ], [ 2899010.172385002952069, 2031283.78396965470165 ], [ 2899012.567577464971691, 2031271.869758986402303 ], [ 2899020.348525187000632, 2031256.54203053470701 ], [ 2899029.850143563002348, 2031239.752651075832546 ], [ 2899035.986070707440376, 2031221.754708865424618 ], [ 2899041.300651850178838, 2031195.737845651106909 ], [ 2899046.690735278651118, 2031165.588837345363572 ], [ 2899050.211305777542293, 2031131.798001155490056 ], [ 2899053.204056802205741, 2031126.930885863956064 ], [ 2899058.58974493201822, 2031123.517491507343948 ], [ 2899071.230491032358259, 2031120.33277239324525 ], [ 2899121.418124455958605, 2031114.885988006135449 ], [ 2899133.759239237755537, 2031114.861453411402181 ], [ 2899167.192376485094428, 2031112.607580654555932 ], [ 2899173.099683819338679, 2031120.37340468657203 ], [ 2899175.566184129565954, 2031131.062729585682973 ], [ 2899173.543851045425981, 2031149.052406502654776 ], [ 2899174.138964363839477, 2031169.467427854426205 ], [ 2899178.849683439359069, 2031176.506565951276571 ], [ 2899183.41196873318404, 2031178.441733924904838 ], [ 2899189.246123217977583, 2031176.971988670760766 ], [ 2899199.793300647288561, 2031169.173464756924659 ], [ 2899208.7687170766294, 2031167.940372108481824 ], [ 2899216.472212960012257, 2031170.112507392419502 ], [ 2899219.986421040259302, 2031176.424843217246234 ], [ 2899222.677133866585791, 2031188.085843061096966 ], [ 2899222.075643601827323, 2031207.774079935858026 ], [ 2899217.511210517026484, 2031219.206498932093382 ], [ 2899199.92916623968631, 2031254.483539605978876 ], [ 2899197.158721641637385, 2031273.690074654994532 ], [ 2899192.818531473632902, 2031286.094269367866218 ], [ 2899184.888711386825889, 2031296.318065126193687 ], [ 2899182.120470321271569, 2031302.156792202731594 ], [ 2899183.390474910847843, 2031312.119223694317043 ], [ 2899187.351058868691325, 2031333.742896036477759 ], [ 2899184.656238805968314, 2031348.817368133692071 ], [ 2899186.52540515223518, 2031352.459381777560338 ], [ 2899190.638964294921607, 2031352.451166664250195 ], [ 2899199.017119267955422, 2031344.17092357063666 ], [ 2899215.101117617916316, 2031324.694770599482581 ], [ 2899224.675993046257645, 2031317.141305207740515 ], [ 2899251.009175872895867, 2031279.65930899977684 ], [ 2899266.193971231114119, 2031269.664152214070782 ], [ 2899284.07162460591644, 2031257.962316979188472 ], [ 2899292.150160102173686, 2031252.84216599422507 ], [ 2899297.460553978569806, 2031253.560814858181402 ], [ 2899302.995055311359465, 2031255.251152371056378 ], [ 2899306.285148405935615, 2031260.591710925800726 ], [ 2899305.610275079030544, 2031271.044213985558599 ], [ 2899302.013996966183186, 2031308.967040501302108 ], [ 2899306.12777799833566, 2031308.958899111254141 ], [ 2899319.66742791980505, 2031296.293448061915115 ], [ 2899328.793872914277017, 2031286.796371201984584 ], [ 2899339.041331762913615, 2031282.158159441547468 ], [ 2899350.185762203298509, 2031281.406909764511511 ], [ 2899362.002843515947461, 2031283.570871534990147 ], [ 2899375.689204160589725, 2031289.376937032910064 ], [ 2899402.986411847174168, 2031305.121035195887089 ], [ 2899414.503872907254845, 2031310.445276624755934 ], [ 2899422.580294931773096, 2031318.692843365250155 ], [ 2899427.067007349338382, 2031324.760206808103248 ], [ 2899429.38471496803686, 2031330.345750878332183 ], [ 2899429.00956878811121, 2031337.637971423799172 ], [ 2899426.614335400983691, 2031349.552159910323098 ], [ 2899417.112644226290286, 2031366.341459348099306 ], [ 2899408.958869544789195, 2031375.593394461087883 ], [ 2899393.026105689350516, 2031386.805316251236945 ], [ 2899380.609453408978879, 2031390.961736969416961 ], [ 2899375.408570462837815, 2031390.757270657690242 ], [ 2899362.958248874172568, 2031390.267690925626084 ], [ 2899320.775898703373969, 2031381.35858168406412 ], [ 2899317.110483167693019, 2031383.310377146117389 ], [ 2899314.642058345954865, 2031385.988794711884111 ], [ 2899314.566629974171519, 2031390.120634915307164 ], [ 2899323.09161403728649, 2031400.311806806363165 ], [ 2899329.747233431786299, 2031406.860996070085093 ], [ 2899329.147880608215928, 2031413.181451667798683 ], [ 2899323.83551312237978, 2031425.830583969596773 ], [ 2899325.105349565856159, 2031435.793159651104361 ], [ 2899329.965108511038125, 2031447.935996806249022 ], [ 2899335.424102782271802, 2031453.758297406835482 ], [ 2899344.772569093853235, 2031458.600807072361931 ], [ 2899364.069018500857055, 2031461.965142730157822 ], [ 2899379.251593738794327, 2031465.337639416567981 ], [ 2899387.403451472520828, 2031469.453364372719079 ], [ 2899390.469336331821978, 2031473.822164659155533 ], [ 2899389.19742850586772, 2031477.227391545195132 ], [ 2899384.035964950919151, 2031481.612523045856506 ], [ 2899379.449492985382676, 2031483.264444885309786 ], [ 2899379.057251098565757, 2031483.40570366429165 ], [ 2899374.536497911438346, 2031485.034020284656435 ], [ 2899361.671630556695163, 2031487.246972077758983 ], [ 2899352.096991143189371, 2031494.800576670095325 ], [ 2899344.167107793036848, 2031505.02447228319943 ], [ 2899333.244957909919322, 2031520.115190150914714 ], [ 2899317.536396729294211, 2031532.298939388478175 ], [ 2899303.099728250876069, 2031541.077365841483697 ], [ 2899299.134911397472024, 2031546.189400153467432 ], [ 2899301.004186564590782, 2031549.831404253374785 ], [ 2899309.680070388130844, 2031551.758579920046031 ], [ 2899329.051688488572836, 2031550.990895244758576 ], [ 2899353.658301169984043, 2031555.073817180702463 ], [ 2899364.727304343134165, 2031558.454510027775541 ], [ 2899374.299985522404313, 2031564.268700000364333 ], [ 2899379.683718456886709, 2031574.223131189122796 ], [ 2899383.497656338848174, 2031577.375105553306639 ], [ 2899402.34557049209252, 2031578.796033341903239 ], [ 2899421.417585990391672, 2031581.18856093659997 ], [ 2899430.017983903177083, 2031587.247721056919545 ], [ 2899435.925656284671277, 2031595.013642469421029 ], [ 2899438.019144562538713, 2031599.627325477544218 ], [ 2899442.057343240827322, 2031603.7512733170297 ], [ 2899448.788351311348379, 2031606.168346182443202 ], [ 2899456.343037234153599, 2031603.236811520531774 ], [ 2899463.000721375457942, 2031596.418211412383243 ], [ 2899468.761405406519771, 2031585.712545945309103 ], [ 2899477.963101007044315, 2031572.083460427587852 ], [ 2899485.069343935698271, 2031567.208389414474368 ], [ 2899495.24136592913419, 2031566.702048433944583 ], [ 2899511.545091163367033, 2031574.933447120012715 ], [ 2899527.549386151134968, 2031586.324987166328356 ], [ 2899533.157218829728663, 2031597.251029378734529 ], [ 2899534.502574344165623, 2031603.081658355426043 ], [ 2899532.107390470337123, 2031614.995858662528917 ], [ 2899531.881085574161261, 2031627.391706004273146 ], [ 2899534.942981162574142, 2031658.496038604527712 ], [ 2899528.358841331675649, 2031674.550371281802654 ], [ 2899522.074119954369962, 2031687.444470969494432 ], [ 2899525.140018884092569, 2031691.813285084441304 ], [ 2899552.137661519926041, 2031710.717576001305133 ], [ 2899554.979432940483093, 2031714.114602540386841 ], [ 2899557.073043185286224, 2031718.728374359663576 ], [ 2899555.650272963568568, 2031730.397608432918787 ], [ 2899550.859948109835386, 2031754.225926643470302 ], [ 2899552.280694882385433, 2031755.924516318133101 ], [ 2899552.28507772879675, 2031755.923415544210002 ], [ 2899552.56768243573606, 2031755.852177968248725 ], [ 2899558.11501057446003, 2031754.454580117715523 ], [ 2899571.205918973311782, 2031739.845564674120396 ], [ 2899580.707411156967282, 2031723.056279839482158 ], [ 2899584.898343704640865, 2031705.548547761049122 ], [ 2899588.640896056778729, 2031686.097058598417789 ], [ 2899610.038634594064206, 2031640.604403451550752 ], [ 2899612.808956701308489, 2031621.398074783617631 ], [ 2899615.652798396535218, 2031611.427387241506949 ], [ 2899621.113889844622463, 2031603.882011062465608 ], [ 2899631.885181081481278, 2031597.055262292735279 ], [ 2899644.077334880828857, 2031591.92718831053935 ], [ 2899648.191097496077418, 2031591.91888098185882 ], [ 2899653.725439589470625, 2031593.609398313099518 ], [ 2899662.998617595527321, 2031602.583802917040884 ], [ 2899673.841344380751252, 2031618.360417972318828 ], [ 2899685.654325671494007, 2031647.259999288944528 ], [ 2899695.300444155465811, 2031662.309820347931236 ], [ 2899700.684176876209676, 2031672.264194931602105 ], [ 2899703.97233634069562, 2031690.972495694179088 ], [ 2899703.746129455044866, 2031703.368327906588092 ], [ 2899700.378653449937701, 2031715.527476052055135 ], [ 2899690.428668774198741, 2031730.373186776647344 ], [ 2899668.808694488368928, 2031761.526440845103934 ], [ 2899664.468832465820014, 2031773.930468236561865 ], [ 2899663.867680538445711, 2031793.618722410174087 ], [ 2899665.211201322264969, 2031812.816956927767023 ], [ 2899667.899989150464535, 2031837.845752912806347 ], [ 2899664.905803811270744, 2031856.080274387961254 ], [ 2899656.152513829991221, 2031871.652907728916034 ], [ 2899643.658817981369793, 2031893.309098120778799 ], [ 2899638.346524470485747, 2031905.958225907757878 ], [ 2899636.924082691315562, 2031917.627415602561086 ], [ 2899637.072749548591673, 2031922.73127327603288 ], [ 2899638.942044555675238, 2031926.373298034537584 ], [ 2899641.85919261816889, 2031925.638285256223753 ], [ 2899646.796401450876147, 2031920.281398287275806 ], [ 2899660.486687930766493, 2031899.351909419056028 ], [ 2899684.723906630650163, 2031870.623923489823937 ], [ 2899698.414150218013674, 2031849.694570037536323 ], [ 2899704.549909447319806, 2031831.696683238493279 ], [ 2899717.045516223181039, 2031796.672924490645528 ], [ 2899730.360984681174159, 2031783.035674038343132 ], [ 2899746.517779049929231, 2031772.795754929538816 ], [ 2899764.544132691808045, 2031766.197618543868884 ], [ 2899780.774552639573812, 2031765.193242989014834 ], [ 2899785.336690912023187, 2031767.128611242165789 ], [ 2899789.599316522479057, 2031772.22423247830011 ], [ 2899799.021137215197086, 2031786.302329114405438 ], [ 2899804.031929047778249, 2031790.181210961891338 ], [ 2899810.538641183637083, 2031791.626584361074492 ], [ 2899816.821240350604057, 2031792.100265611195937 ], [ 2899822.355757684912533, 2031793.790572159225121 ], [ 2899835.891497298143804, 2031807.860664245439693 ], [ 2899852.492938701994717, 2031826.299537413287908 ], [ 2899862.514203488826752, 2031834.057171660475433 ], [ 2899867.374107830226421, 2031846.199972641421482 ], [ 2899872.906586030498147, 2031861.258017314132303 ], [ 2899880.010806261561811, 2031869.750734223518521 ], [ 2899889.283928179182112, 2031878.725214937701821 ], [ 2899894.443250689655542, 2031887.707785741891712 ], [ 2899896.461493529379368, 2031896.453623030800372 ], [ 2899893.917659740429372, 2031903.263865028973669 ], [ 2899888.756105965003371, 2031907.64906424889341 ], [ 2899874.095351691357791, 2031915.455609992379323 ], [ 2899869.38255646917969, 2031921.78430762141943 ], [ 2899871.251835708506405, 2031925.426243030931801 ], [ 2899873.645079327281564, 2031926.87985999090597 ], [ 2899879.70344918500632, 2031926.381775179412216 ], [ 2899891.371633138507605, 2031923.442076400620863 ], [ 2899902.141086459159851, 2031929.98308087978512 ], [ 2899907.6755257002078, 2031931.673515189439058 ], [ 2899907.824822585098445, 2031931.635937683284283 ], [ 2899917.535553867928684, 2031929.189290960552171 ], [ 2899924.20556515827775, 2031927.508917511440814 ], [ 2899948.813955198042095, 2031918.224310851888731 ], [ 2899958.162562988698483, 2031923.066743120085448 ], [ 2899984.33708003628999, 2031947.319848926970735 ], [ 2899994.433659566566348, 2031950.945586054818705 ], [ 2900030.633248425088823, 2031956.22096946509555 ], [ 2900041.626736515201628, 2031963.733721187803894 ], [ 2900052.396110847592354, 2031970.274780762847513 ], [ 2900063.913635991513729, 2031975.599006718024611 ], [ 2900078.197380349505693, 2031988.452382651390508 ], [ 2900085.825443374924362, 2031994.756542531773448 ], [ 2900091.360092516057193, 2031996.44696429790929 ], [ 2900110.283195461146533, 2031993.735902740620077 ], [ 2900133.020525700412691, 2031994.177153048571199 ], [ 2900147.304363642353565, 2032007.03043546108529 ], [ 2900158.446802754886448, 2032019.64692525123246 ], [ 2900167.571106784977019, 2032023.517644744832069 ], [ 2900179.388157801702619, 2032025.681648015510291 ], [ 2900190.233042847830802, 2032028.090775062795728 ], [ 2900197.412655940279365, 2032032.451401641359553 ], [ 2900207.283197141252458, 2032048.47311782441102 ], [ 2900217.229035681579262, 2032060.362905237125233 ], [ 2900222.98789263702929, 2032063.024923611665145 ], [ 2900235.029197275172919, 2032066.160817348631099 ], [ 2900256.941137050744146, 2032085.318327723070979 ], [ 2900273.245088670402765, 2032093.549806734547019 ], [ 2900283.790150213986635, 2032099.119067538529634 ], [ 2900287.828448307234794, 2032103.24278696347028 ], [ 2900287.528940518386662, 2032106.403040880803019 ], [ 2900271.147670658305287, 2032115.671235609799623 ], [ 2900258.655994832515717, 2032123.9596049094107 ], [ 2900236.736636482179165, 2032158.272664038930088 ], [ 2900233.444479594007134, 2032166.299864202039316 ], [ 2900233.817657925188541, 2032172.375353986397386 ], [ 2900237.70540311280638, 2032184.763038780307397 ], [ 2900237.253026482649148, 2032209.554874252760783 ], [ 2900236.278934696689248, 2032223.16753446101211 ], [ 2900239.567283937707543, 2032241.875709563028067 ], [ 2900243.079986674711108, 2032261.55574554624036 ], [ 2900239.488433674909174, 2032272.743091209791601 ], [ 2900230.211493231356144, 2032290.504005886614323 ], [ 2900227.443466741591692, 2032296.342563130659983 ], [ 2900227.292833028826863, 2032304.606555126840249 ], [ 2900235.74257135251537, 2032318.929702515713871 ], [ 2900248.305893270298839, 2032333.244634659728035 ], [ 2900260.047781235538423, 2032339.540679435711354 ], [ 2900275.678935565985739, 2032344.856849885545671 ], [ 2900281.512988678179681, 2032343.387056621257216 ], [ 2900283.308816687203944, 2032337.793423521099612 ], [ 2900282.860249008052051, 2032335.849884050665423 ], [ 2900271.567122445441782, 2032331.497336904751137 ], [ 2900262.218375773634762, 2032326.654848890844733 ], [ 2900254.36604750296101, 2032319.378870947286487 ], [ 2900252.048392988741398, 2032313.793436564970762 ], [ 2900250.478473193943501, 2032306.991139960242435 ], [ 2900251.077478013001382, 2032300.670722673879936 ], [ 2900259.384021635167301, 2032269.787108986871317 ], [ 2900261.032593538518995, 2032245.722058502258733 ], [ 2900265.001046336255968, 2032213.874849695712328 ], [ 2900268.592617101036012, 2032202.687510302523151 ], [ 2900273.829382317140698, 2032194.170529819792137 ], [ 2900279.887875734362751, 2032193.6724804174155 ], [ 2900288.264013817068189, 2032198.759864246472716 ], [ 2900298.285246193408966, 2032206.517626518849283 ], [ 2900327.303483562078327, 2032220.800128472037613 ], [ 2900342.111009384505451, 2032231.465026522055268 ], [ 2900351.908130638767034, 2032238.251104103401303 ], [ 2900370.680698939599097, 2032243.804019122151658 ], [ 2900371.902966377325356, 2032243.703586568357423 ], [ 2900382.797389157582074, 2032242.807902333792299 ], [ 2900444.355304514989257, 2032224.214759384747595 ], [ 2900455.723845398053527, 2032224.43539595650509 ], [ 2900464.100197666324675, 2032229.522777496138588 ], [ 2900487.956993522122502, 2032248.190408553928137 ], [ 2900501.492626150138676, 2032262.260469797300175 ], [ 2900517.87017216347158, 2032279.727613967377692 ], [ 2900532.003224899992347, 2032300.844961008289829 ], [ 2900539.55593746714294, 2032311.281062388559803 ], [ 2900568.423381065018475, 2032333.827555542113259 ], [ 2900587.718016988132149, 2032350.559697087621316 ], [ 2900596.616321444977075, 2032366.826356921577826 ], [ 2900605.88951161922887, 2032375.800808303756639 ], [ 2900614.789648422971368, 2032378.699942738283426 ], [ 2900632.440927187912166, 2032379.394203388597816 ], [ 2900650.76501049939543, 2032383.003794723656029 ], [ 2900661.310108306352049, 2032388.573052598163486 ], [ 2900667.442099127918482, 2032397.310747096547857 ], [ 2900670.133041004650295, 2032408.971685506403446 ], [ 2900669.307899211533368, 2032427.688066138885915 ], [ 2900668.556310202926397, 2032455.639928734395653 ], [ 2900675.511637868359685, 2032459.028876766329631 ], [ 2900684.935514553450048, 2032459.739550293423235 ], [ 2900701.989393914118409, 2032453.38665434718132 ], [ 2900718.370494381990284, 2032444.118538456270471 ], [ 2900736.17245695181191, 2032436.54894514195621 ], [ 2900742.455119042657316, 2032437.022756894584745 ], [ 2900752.027926460374147, 2032442.836967403301969 ], [ 2900767.881573512218893, 2032462.492530117975548 ], [ 2900786.8012860333547, 2032486.516997857252136 ], [ 2900791.812033960130066, 2032490.395921250106767 ], [ 2900798.318902438040823, 2032491.841325466986746 ], [ 2900804.601453966461122, 2032492.315065308008343 ], [ 2900810.136020441539586, 2032494.005400030175224 ], [ 2900829.954473651014268, 2032508.549281424377114 ], [ 2900853.28743382403627, 2032529.405442638555542 ], [ 2900857.175111645832658, 2032541.793119366280735 ], [ 2900864.128757758066058, 2032558.54971946310252 ], [ 2900872.279128186870366, 2032576.033042818307877 ], [ 2900877.887184702791274, 2032586.95908691524528 ], [ 2900879.006759913172573, 2032605.185508415801451 ], [ 2900877.733147867489606, 2032621.958140368573368 ], [ 2900878.630177273415029, 2032625.845155057962984 ], [ 2900881.247673985548317, 2032628.270514421863481 ], [ 2900885.842525727581233, 2032628.415338630089536 ], [ 2900888.502613262273371, 2032628.499222132842988 ], [ 2900911.091005494818091, 2032623.836862156633288 ], [ 2900927.321377186104655, 2032622.832733702613041 ], [ 2900934.052507096901536, 2032625.250039753504097 ], [ 2900943.101509930565953, 2032633.252787996549159 ], [ 2900949.681961869355291, 2032643.933801519218832 ], [ 2900956.562138827051967, 2032651.454720219131559 ], [ 2900963.51749204332009, 2032654.843715699156746 ], [ 2900969.576012858189642, 2032654.345659574959427 ], [ 2900976.15806956961751, 2032651.659165987046435 ], [ 2900982.440647466108203, 2032652.133029318181798 ], [ 2901004.279185246676207, 2032662.054873736342415 ], [ 2901032.549371465109289, 2032677.554307928541675 ], [ 2901040.625982864759862, 2032685.802019580733031 ], [ 2901049.748869951814413, 2032703.040326873539016 ], [ 2901051.467546794563532, 2032714.946228372165933 ], [ 2901051.241632785648108, 2032727.342076711123809 ], [ 2901044.505369738675654, 2032765.02757430751808 ], [ 2901057.070695076603442, 2032765.975087937433273 ], [ 2901070.159653885290027, 2032764.734148779883981 ], [ 2901082.201140134595335, 2032767.870063185691833 ], [ 2901086.987673147581518, 2032770.777239910094067 ], [ 2901095.28861700091511, 2032779.996633068891242 ], [ 2901098.024885976687074, 2032781.261645884485915 ], [ 2901101.047341287136078, 2032782.658807921456173 ], [ 2901108.826141525991261, 2032780.699157870840281 ], [ 2901125.879962737672031, 2032774.346331896260381 ], [ 2901138.669426907785237, 2032776.265572761651129 ], [ 2901168.211643640883267, 2032788.359785345615819 ], [ 2901188.030070528388023, 2032802.903664325596765 ], [ 2901196.331039446871728, 2032812.123175796121359 ], [ 2901207.174233416561037, 2032827.8999162199907 ], [ 2901216.223273394629359, 2032835.902726609259844 ], [ 2901229.461424776352942, 2032839.765528731513768 ], [ 2901234.472091165371239, 2032843.644426880171522 ], [ 2901243.071091517806053, 2032863.071294846013188 ], [ 2901244.416576727293432, 2032868.901695218402892 ], [ 2901248.679292002692819, 2032873.997381555149332 ], [ 2901253.017160275951028, 2032874.96104165352881 ], [ 2901268.499518916942179, 2032875.173739976482466 ], [ 2901287.571798304095864, 2032877.566892636474222 ], [ 2901292.582370270043612, 2032881.445815788349137 ], [ 2901301.03240801487118, 2032895.768965661525726 ], [ 2901305.442296522203833, 2032919.335756945190951 ], [ 2901307.534396840259433, 2032937.31706573208794 ], [ 2901311.124299586750567, 2032939.497418557060882 ], [ 2901325.18569721840322, 2032938.011616206495091 ], [ 2901336.853922354988754, 2032935.072197620291263 ], [ 2901348.895348290447146, 2032938.208203634247184 ], [ 2901359.440656973049045, 2032943.77771923947148 ], [ 2901374.47298145852983, 2032955.414410685421899 ], [ 2901388.084159531630576, 2032965.352719513932243 ], [ 2901390.177718264050782, 2032969.966423341073096 ], [ 2901390.102650867309421, 2032974.098335221642628 ], [ 2901386.810681591741741, 2032982.125346526969224 ], [ 2901379.405162849463522, 2032990.160355877131224 ], [ 2901365.865926962345839, 2033002.825202176347375 ], [ 2901361.077834552153945, 2033013.285625628661364 ], [ 2901362.423445581458509, 2033019.11611450696364 ], [ 2901370.575449624564499, 2033023.231832832563668 ], [ 2901382.093151675537229, 2033028.556322028161958 ], [ 2901391.366544529795647, 2033037.530845672357827 ], [ 2901396.974674129858613, 2033048.456977892434224 ], [ 2901400.414065164513886, 2033058.901238043094054 ], [ 2901414.920825652312487, 2033086.093917101155967 ], [ 2901423.220395603217185, 2033108.681005560327321 ], [ 2901427.257335913833231, 2033126.172370446147397 ], [ 2901427.629020360764116, 2033145.615342404926196 ], [ 2901417.899333585053682, 2033201.535095119150355 ], [ 2901410.493839255534112, 2033209.570011944277212 ], [ 2901400.619855668861419, 2033220.283472916577011 ], [ 2901398.599918844178319, 2033224.905377043411136 ], [ 2901399.945549476891756, 2033230.735873697325587 ], [ 2901403.833427874371409, 2033243.123524027643725 ], [ 2901403.981011437252164, 2033261.594702795846388 ], [ 2901396.49882976943627, 2033287.129331770353019 ], [ 2901393.131773966364563, 2033299.288295255042613 ], [ 2901394.102673752233386, 2033312.410818203585222 ], [ 2901396.41924869036302, 2033331.364039000822231 ], [ 2901397.537577970419079, 2033362.957789678592235 ], [ 2901395.367287220433354, 2033375.843594278441742 ], [ 2901391.401296315714717, 2033394.322901255683973 ], [ 2901384.519588243216276, 2033400.169551697326824 ], [ 2901372.177155630197376, 2033413.561382409185171 ], [ 2901372.549148228019476, 2033433.004350890638307 ], [ 2901371.723070070147514, 2033465.088135468540713 ], [ 2901367.757035112008452, 2033483.567571098683402 ], [ 2901360.425428251735866, 2033500.838319955859333 ], [ 2901352.869580739177763, 2033517.137282359879464 ], [ 2901344.341457294300199, 2033533.681265302468091 ], [ 2901336.412179234437644, 2033543.904925857204944 ], [ 2901332.447681574616581, 2033549.016680843895301 ], [ 2901328.483086533844471, 2033554.128454267280176 ], [ 2901328.781251265667379, 2033564.335939600830898 ], [ 2901332.294730471912771, 2033584.015804541530088 ], [ 2901326.982981540262699, 2033596.66476841759868 ], [ 2901320.84807572606951, 2033614.662388920551166 ], [ 2901311.122085474431515, 2033643.847298440290615 ], [ 2901296.383955350145698, 2033682.520997586194426 ], [ 2901290.100156689062715, 2033695.414957060012966 ], [ 2901286.135486296843737, 2033700.52675714250654 ], [ 2901281.273937285412103, 2033701.751575740519911 ], [ 2901271.177063236013055, 2033698.125856558792293 ], [ 2901260.856036551296711, 2033693.528331663226709 ], [ 2901255.99439088627696, 2033694.753170896787196 ], [ 2901254.423001950606704, 2033701.318577365484089 ], [ 2901256.5907545639202, 2033715.16796170338057 ], [ 2901262.197837189771235, 2033739.461770692607388 ], [ 2901267.431818150915205, 2033757.679999693995342 ], [ 2901267.803752955980599, 2033777.12304291408509 ], [ 2901263.239087451249361, 2033801.923057052539662 ], [ 2901259.872198247350752, 2033814.082167886896059 ], [ 2901246.631834723986685, 2033836.954766115406528 ], [ 2901242.218610444106162, 2033840.123208129778504 ], [ 2901228.605985219590366, 2033843.552717809565365 ], [ 2901190.460477192886174, 2033852.134864970576018 ], [ 2901188.440619760658592, 2033856.756797343725339 ], [ 2901197.93850958161056, 2033866.702974072657526 ], [ 2901206.46391135500744, 2033876.894111874978989 ], [ 2901216.335227297153324, 2033892.915827774442732 ], [ 2901217.681124490685761, 2033898.746305464068428 ], [ 2901218.203504139557481, 2033909.925521510420367 ], [ 2901211.396007955539972, 2033925.008016160689294 ], [ 2901202.868206797167659, 2033941.552249204134569 ], [ 2901192.993291006423533, 2033965.633499207906425 ], [ 2901188.803256563842297, 2033983.141413945239037 ], [ 2901182.668647428508848, 2034001.139178211102262 ], [ 2901172.04595070052892, 2034026.437220101477578 ], [ 2901160.825193094089627, 2034044.688107423717156 ], [ 2901153.868668926414102, 2034054.666857842123136 ], [ 2901152.446538024581969, 2034066.336129575036466 ], [ 2901148.705346196889877, 2034085.787490539019927 ], [ 2901140.999559889547527, 2034110.350681235315278 ], [ 2901131.723704967647791, 2034128.111584111116827 ], [ 2901118.185103780124336, 2034140.776980995200574 ], [ 2901105.76902728760615, 2034144.933521402766928 ], [ 2901100.608015601523221, 2034149.318666591309011 ], [ 2901099.336221884004772, 2034152.723894006805494 ], [ 2901099.93392358161509, 2034159.771130631677806 ], [ 2901106.514992833137512, 2034170.452179374406114 ], [ 2901108.833010350354016, 2034176.037773247575387 ], [ 2901107.486238336190581, 2034183.574844407849014 ], [ 2901103.67086468078196, 2034193.790528438054025 ], [ 2901089.009708271361887, 2034214.964921578066424 ], [ 2901066.642916191369295, 2034260.702747082570568 ], [ 2901043.902712181676179, 2034300.365049547282979 ], [ 2900995.581539118662477, 2034362.924953215289861 ], [ 2900986.231863961555064, 2034371.45025642355904 ], [ 2900970.300118207931519, 2034382.662127518793568 ], [ 2900953.695535770617425, 2034390.958941128337756 ], [ 2900928.04133496247232, 2034391.253036729060113 ], [ 2900915.924849230796099, 2034392.249430808238685 ], [ 2900899.395294637419283, 2034396.414102771086618 ], [ 2900889.821119356900454, 2034403.96788736525923 ], [ 2900889.521619376726449, 2034407.128097064327449 ], [ 2900903.881312428973615, 2034415.849315717117861 ], [ 2900927.962362784892321, 2034448.856173958163708 ], [ 2900932.598727881908417, 2034460.027209305437282 ], [ 2900932.373443671036512, 2034472.42324615851976 ], [ 2900930.352752928156406, 2034490.413022027816623 ], [ 2900918.607738008722663, 2034524.220440803328529 ], [ 2900912.0249979714863, 2034540.27489799936302 ], [ 2900907.835425891913474, 2034557.782867315458134 ], [ 2900897.736833536066115, 2034580.892862248932943 ], [ 2900891.378272708039731, 2034597.919041122775525 ], [ 2900886.067216015420854, 2034610.568284121807665 ], [ 2900871.182108893990517, 2034630.77111418126151 ], [ 2900847.620948359370232, 2034649.047088479623199 ], [ 2900841.711924220435321, 2034654.64902380364947 ], [ 2900845.974900486879051, 2034659.744485539151356 ], [ 2900850.76153159327805, 2034662.651544497581199 ], [ 2900879.107975462451577, 2034660.650646780384704 ], [ 2900901.695931074209511, 2034655.987660844111815 ], [ 2900907.081307007931173, 2034652.574136167531833 ], [ 2900916.206531099043787, 2034643.077023815130815 ], [ 2900920.095891870558262, 2034642.096950648352504 ], [ 2900928.771722724661231, 2034644.024177699349821 ], [ 2900935.652230649255216, 2034651.544934778474271 ], [ 2900939.092015346512198, 2034661.989334519021213 ], [ 2900941.106645609252155, 2034737.574030010960996 ], [ 2900938.936787685379386, 2034750.460064296144992 ], [ 2900925.248375020455569, 2034771.389738923870027 ], [ 2900899.292613984085619, 2034814.947731539607048 ], [ 2900892.186151686124504, 2034833.190759328659624 ], [ 2900891.736685588024557, 2034844.615028525469825 ], [ 2900896.448235771618783, 2034851.654187862295657 ], [ 2900901.98276073532179, 2034853.344447313109413 ], [ 2900904.899850451387465, 2034852.609401278197765 ], [ 2900921.355113884434104, 2034839.20875144097954 ], [ 2900930.405386794358492, 2034833.843588897027075 ], [ 2900935.266932569909841, 2034832.618700708495453 ], [ 2900939.829184508882463, 2034834.553895802004263 ], [ 2900942.671089688315988, 2034837.950962928822264 ], [ 2900944.465729026123881, 2034845.725036012241617 ], [ 2900938.031447301618755, 2034880.251152903074399 ], [ 2900936.235270115546882, 2034899.212748308200389 ], [ 2900939.150740588083863, 2034925.213395787402987 ], [ 2900941.019668748602271, 2034942.223225162597373 ], [ 2900939.223612169735134, 2034961.184809302911162 ], [ 2900934.286103123798966, 2034979.909662565449253 ], [ 2900918.054673697333783, 2035007.649914891459048 ], [ 2900915.735604194924235, 2035015.432194493710995 ], [ 2900934.58258894784376, 2035030.220621203072369 ], [ 2900944.380131643265486, 2035037.006465295562521 ], [ 2900952.531616662628949, 2035054.489844900090247 ], [ 2900963.97300043143332, 2035090.681715388316661 ], [ 2900973.470520686358213, 2035113.995613798499107 ], [ 2900981.846400562673807, 2035132.450784294400364 ], [ 2900985.136394778266549, 2035151.159163280157372 ], [ 2900977.729406527243555, 2035199.298213057219982 ], [ 2900978.178257874213159, 2035201.241753412177786 ], [ 2900980.795786031521857, 2035203.666951452381909 ], [ 2900990.892697022296488, 2035207.292605336988345 ], [ 2900996.950940697453916, 2035206.794353573350236 ], [ 2901015.49936588248238, 2035211.375263030640781 ], [ 2901031.279995258431882, 2035221.794903704896569 ], [ 2901046.612087406218052, 2035230.271053966833279 ], [ 2901056.409650822170079, 2035237.056928480509669 ], [ 2901069.198636036831886, 2035252.343634428922087 ], [ 2901078.098268197849393, 2035268.610310825984925 ], [ 2901085.202365211211145, 2035290.470685353269801 ], [ 2901091.633698268793523, 2035309.415454245870933 ], [ 2901098.662803763989359, 2035335.407625639811158 ], [ 2901100.755955968983471, 2035353.388920792145655 ], [ 2901097.389681219588965, 2035365.548122006235644 ], [ 2901085.272532443515956, 2035379.912166958907619 ], [ 2901072.183152779005468, 2035394.521342977648601 ], [ 2901062.683573203161359, 2035411.310701539972797 ], [ 2901055.57737101148814, 2035429.553551074350253 ], [ 2901049.59357124986127, 2035439.287458248902112 ], [ 2901037.327077707275748, 2035448.547949822619557 ], [ 2901031.941673736087978, 2035451.961495151044801 ], [ 2901000.390036032535136, 2035481.191803503781557 ], [ 2900997.541214167606086, 2035483.074041902786121 ], [ 2900986.069868477992713, 2035491.8736668957863 ], [ 2900969.839212038554251, 2035506.246131372405216 ], [ 2900964.092275523114949, 2035511.745633100625128 ], [ 2900948.310383263509721, 2035528.061570807360113 ], [ 2900940.480050271376967, 2035537.163029086776078 ], [ 2900927.839329884853214, 2035553.715763590531424 ], [ 2900920.181047620717436, 2035565.283028561854735 ], [ 2900908.572718675713986, 2035585.758729181485251 ], [ 2900897.80189504288137, 2035605.953453613910824 ], [ 2900892.642332145012915, 2035617.213994243880734 ], [ 2900884.264696615282446, 2035638.862241789232939 ], [ 2900882.515853805001825, 2035643.745232767891139 ], [ 2900876.645061481744051, 2035661.546847776742652 ], [ 2900866.798275292851031, 2035687.251809094799682 ], [ 2900858.121359840035439, 2035712.060287099797279 ], [ 2900856.512283651158214, 2035717.070908224675804 ], [ 2900849.032103404402733, 2035742.606024465057999 ], [ 2900846.605748577509075, 2035752.80737771675922 ], [ 2900842.192485131323338, 2035776.792375426739454 ], [ 2900839.962071223184466, 2035787.893714993959293 ], [ 2900837.979601350612938, 2035807.112735699862242 ], [ 2900837.83066677255556, 2035828.564076725859195 ], [ 2900837.601476108655334, 2035855.203542754519731 ], [ 2900837.600683835335076, 2035881.938916673185304 ], [ 2900838.224095289595425, 2035893.108696990413591 ], [ 2900841.140187019016594, 2035919.109153618803248 ], [ 2900846.989260695874691, 2035943.296026670606807 ], [ 2900855.322275399230421, 2035965.177456199191511 ], [ 2900861.406561541371047, 2035980.544310284545645 ], [ 2900867.143507106229663, 2036000.649511232739314 ], [ 2900866.072293136734515, 2036017.275354652432725 ], [ 2900864.975018234923482, 2036027.281038023764268 ], [ 2900859.811041365377605, 2036044.919593140948564 ], [ 2900854.949069215916097, 2036061.975033486960456 ], [ 2900846.858327497728169, 2036085.13172070030123 ], [ 2900840.071752494201064, 2036105.325249941786751 ], [ 2900833.343719096854329, 2036121.498054955154657 ], [ 2900823.023649927228689, 2036144.646759819472209 ], [ 2900819.888321238569915, 2036152.543905982282013 ], [ 2900809.736773445270956, 2036181.910071754595265 ], [ 2900802.780555296689272, 2036205.256924196844921 ], [ 2900800.459846954792738, 2036214.655139051144943 ], [ 2900796.196187319234014, 2036236.295169225428253 ], [ 2900794.614712213166058, 2036247.704747012583539 ], [ 2900792.744353109970689, 2036270.798376834020019 ], [ 2900792.218566786497831, 2036288.949506331700832 ], [ 2900791.925527695566416, 2036305.224165661260486 ], [ 2900791.441416776739061, 2036323.71413868223317 ], [ 2900790.353755834512413, 2036365.260728885885328 ], [ 2900790.734129556920379, 2036377.009148802841082 ], [ 2900792.753092726692557, 2036399.122696038335562 ], [ 2900794.891418803483248, 2036412.466947599546984 ], [ 2900800.276001962367445, 2036435.788943007821217 ], [ 2900805.43621189147234, 2036458.139255383284763 ], [ 2900812.203070185147226, 2036487.118531906511635 ], [ 2900817.961602091323584, 2036508.289346587378532 ], [ 2900821.288179133553058, 2036526.056508081965148 ], [ 2900824.673706376925111, 2036548.95458425860852 ], [ 2900826.152250250335783, 2036556.776071259984747 ], [ 2900829.068966444581747, 2036569.408865195931867 ], [ 2900837.31419753562659, 2036604.699513946892694 ], [ 2900843.380150413606316, 2036626.564604814630002 ], [ 2900850.120512694120407, 2036651.344332773704082 ], [ 2900851.615883970167488, 2036656.321192676434293 ], [ 2900857.761778962798417, 2036674.978909484576434 ], [ 2900864.159333183430135, 2036697.279540963936597 ], [ 2900869.506220909766853, 2036718.52581536071375 ], [ 2900878.630136964842677, 2036742.821289546554908 ], [ 2900887.076361108571291, 2036764.896874981466681 ], [ 2900887.063351335003972, 2036776.291313578840345 ], [ 2900887.811065627727658, 2036801.810165634844452 ], [ 2900888.744316561147571, 2036812.824957467848435 ], [ 2900892.655147043056786, 2036839.92838375759311 ], [ 2900896.843330787494779, 2036862.523574836784974 ], [ 2900898.621887345332652, 2036870.341672922484577 ], [ 2900901.845253557432443, 2036880.513354381313547 ], [ 2900906.82530975015834, 2036896.228855813154951 ], [ 2900907.18472193274647, 2036901.447558125946671 ], [ 2900911.151539478451014, 2036913.446095258928835 ], [ 2900915.059780661948025, 2036922.125715808942914 ], [ 2900918.258093668613583, 2036929.228754266165197 ], [ 2900922.333236042410135, 2036942.412450082832947 ], [ 2900931.772207827772945, 2036958.787868699990213 ], [ 2900936.26184010785073, 2036965.077090999344364 ], [ 2900938.763032735325396, 2036973.200438143452629 ], [ 2900942.640091696754098, 2036989.991766539867967 ], [ 2900945.534668013453484, 2037010.021360394544899 ], [ 2900948.576168931089342, 2037030.590221548685804 ], [ 2900937.314255305565894, 2037063.736508103320375 ], [ 2900914.786676060408354, 2037096.402003483148292 ], [ 2900907.765907489694655, 2037111.059656343189999 ], [ 2900902.292351525276899, 2037139.612436794210225 ], [ 2900896.869460524525493, 2037167.900872914120555 ], [ 2900896.130296662449837, 2037187.359654539031908 ], [ 2900898.64315006043762, 2037203.001409688265994 ], [ 2900903.92025840561837, 2037235.849111952120438 ], [ 2900908.829017901793122, 2037259.917826336575672 ], [ 2900916.608051513321698, 2037283.77858374803327 ], [ 2900927.178411397151649, 2037316.201014587655663 ], [ 2900936.655393613968045, 2037345.269886987516657 ], [ 2900946.208039223682135, 2037374.570631321286783 ], [ 2900951.488183312583715, 2037417.731989706633613 ], [ 2900959.505446397699416, 2037490.836045181145892 ], [ 2900965.095336155034602, 2037539.742394788889214 ], [ 2900930.631766013335437, 2037614.372884697513655 ], [ 2900912.448550022207201, 2037654.704092986648902 ], [ 2900893.231463400647044, 2037697.328180184820667 ], [ 2900817.872167930938303, 2037770.031275147106498 ], [ 2900792.132678825873882, 2037811.062201938359067 ], [ 2900749.516548914369196, 2037883.086373432539403 ], [ 2900730.8528759367764, 2037915.919135053874925 ], [ 2900730.359957539942116, 2037916.778115518623963 ], [ 2900729.923452391289175, 2037917.666596194496378 ], [ 2900729.756416374817491, 2037918.049657244933769 ], [ 2900724.446639736648649, 2037930.699318570783362 ], [ 2900724.235278404783458, 2037931.230279783951119 ], [ 2900723.916813269257545, 2037932.166064088931307 ], [ 2900723.659533293917775, 2037933.119427665835246 ], [ 2900723.490928606130183, 2037933.934172110399231 ], [ 2900719.452900813892484, 2037956.546445568557829 ], [ 2900719.426514440681785, 2037956.698792633600533 ], [ 2900719.294738707132638, 2037957.675286079291254 ], [ 2900719.226726009510458, 2037958.657025290187448 ], [ 2900719.222614862956107, 2037959.639827301725745 ], [ 2900719.232976340688765, 2037959.916213363409042 ], [ 2900720.280781163368374, 2037982.275121836457402 ], [ 2900720.330348874442279, 2037982.978417683159932 ], [ 2900720.45403128489852, 2037983.950670947786421 ], [ 2900720.515096804127097, 2037984.303635027026758 ], [ 2900724.704083734191954, 2038006.899197952821851 ], [ 2900724.829934998881072, 2038007.507197867380455 ], [ 2900725.012879894580692, 2038008.223978438880295 ], [ 2900730.697659419849515, 2038028.385840234346688 ], [ 2900730.764038988389075, 2038028.6142197616864 ], [ 2900731.074775788001716, 2038029.539903299883008 ], [ 2900731.117454256862402, 2038029.652926355134696 ], [ 2900741.282473710365593, 2038056.246814366895705 ], [ 2900745.977325514890254, 2038072.74636771902442 ], [ 2900745.772491274401546, 2038096.351719059515744 ], [ 2900745.778065691702068, 2038096.911098525160924 ], [ 2900745.837898397352546, 2038097.890799008775502 ], [ 2900745.850423303432763, 2038098.017313643125817 ], [ 2900748.319329422898591, 2038122.074687687680125 ], [ 2900748.617506214417517, 2038123.881373962620273 ], [ 2900748.62408194411546, 2038123.909689253428951 ], [ 2900753.785417725332081, 2038146.260114456759766 ], [ 2900754.028298529796302, 2038147.177139259176329 ], [ 2900754.14978684252128, 2038147.563743121223524 ], [ 2900761.031333584338427, 2038168.452260348247364 ], [ 2900761.171579820569605, 2038168.857866891659796 ], [ 2900769.698724468238652, 2038192.416711611207575 ], [ 2900769.747728609945625, 2038192.550185601692647 ], [ 2900770.118494024500251, 2038193.452183352317661 ], [ 2900770.547652232460678, 2038194.326633312506601 ], [ 2900771.033518744632602, 2038195.169988043606281 ], [ 2900771.221080052666366, 2038195.463962863199413 ], [ 2900783.826381448656321, 2038214.714343556435779 ], [ 2900796.144927825778723, 2038234.704305432504043 ], [ 2900800.95663929078728, 2038247.466774219414219 ], [ 2900801.308611293323338, 2038248.318643472157419 ], [ 2900801.542046989314258, 2038248.812375283334404 ], [ 2900809.2462637135759, 2038264.352098655421287 ], [ 2900809.441987004131079, 2038264.732817413052544 ], [ 2900809.89985233778134, 2038265.53116521704942 ], [ 2900821.41849354095757, 2038284.222736885538325 ], [ 2900821.446298699826002, 2038284.267780317692086 ], [ 2900821.986634524539113, 2038285.076188632519916 ], [ 2900822.449728383682668, 2038285.686991478549317 ], [ 2900829.810274572111666, 2038294.882076445268467 ], [ 2900824.23544848151505, 2038309.814718368696049 ], [ 2900803.473772182129323, 2038356.893498042132705 ], [ 2900796.407288794405758, 2038358.674465515883639 ], [ 2900776.70737633574754, 2038358.937084312317893 ], [ 2900752.110293201170862, 2038358.987498737405986 ], [ 2900751.412029157858342, 2038359.005385616561398 ], [ 2900750.435164437629282, 2038359.085263585671782 ], [ 2900749.464328736066818, 2038359.229151340667158 ], [ 2900748.503656783141196, 2038359.436297432053834 ], [ 2900747.55728330463171, 2038359.70595040707849 ], [ 2900746.629133763257414, 2038360.03668697597459 ], [ 2900746.578749865293503, 2038360.056694709695876 ], [ 2900732.443480935879052, 2038365.675775236450136 ], [ 2900731.588026778772473, 2038366.046540919458494 ], [ 2900730.708428837358952, 2038366.495318511733785 ], [ 2900729.858752063009888, 2038367.000417151954025 ], [ 2900729.042877881787717, 2038367.55950886150822 ], [ 2900728.263884316664189, 2038368.170310253743082 ], [ 2900727.525294128339738, 2038368.830152895534411 ], [ 2900726.830417351797223, 2038369.536305584013462 ], [ 2900726.821181825362146, 2038369.546299721812829 ], [ 2900714.683616577647626, 2038382.719839885132387 ], [ 2900699.862036132719368, 2038397.608352940762416 ], [ 2900699.458104815334082, 2038398.029805020196363 ], [ 2900698.809681101236492, 2038398.779133912408724 ], [ 2900698.806875672657043, 2038398.782483270391822 ], [ 2900685.195687753148377, 2038415.581152425613254 ], [ 2900684.599441781174392, 2038416.367039156146348 ], [ 2900684.052288073115051, 2038417.19298500707373 ], [ 2900683.559396200813353, 2038418.052067208802328 ], [ 2900683.288541957736015, 2038418.586035073269159 ], [ 2900674.239682416431606, 2038437.319788994966075 ], [ 2900674.073928138241172, 2038437.674224449554458 ], [ 2900673.695656048133969, 2038438.588330673286691 ], [ 2900673.679746859706938, 2038438.630569328553975 ], [ 2900666.05208432674408, 2038459.062955158064142 ], [ 2900665.74942534416914, 2038459.956423564115539 ], [ 2900665.492140661925077, 2038460.909691956359893 ], [ 2900665.29725891398266, 2038461.876768848858774 ], [ 2900665.165394964627922, 2038462.853283245582134 ], [ 2900665.138447320088744, 2038463.145273971604183 ], [ 2900662.970804203767329, 2038489.399725483264774 ], [ 2900662.929651028476655, 2038490.089494943385944 ], [ 2900662.925550034269691, 2038491.072299969615415 ], [ 2900662.985488731879741, 2038492.051984690362588 ], [ 2900663.109195974189788, 2038493.024339132942259 ], [ 2900663.296121107414365, 2038493.985305545153096 ], [ 2900663.545469094999135, 2038494.930566362570971 ], [ 2900663.85619705170393, 2038495.85615327488631 ], [ 2900664.017107788473368, 2038496.26865312224254 ], [ 2900673.516784520354122, 2038519.582443175837398 ], [ 2900673.726659495383501, 2038520.072040368337184 ], [ 2900674.15583770442754, 2038520.946589502738789 ], [ 2900674.32708615809679, 2038521.258842401904985 ], [ 2900685.999607639852911, 2038541.945083784172311 ], [ 2900687.177116587758064, 2038544.981187402037904 ], [ 2900687.273788308724761, 2038556.847823937423527 ], [ 2900679.466583137400448, 2038571.489153655944392 ], [ 2900664.549260539002717, 2038586.044232916785404 ], [ 2900643.678480828180909, 2038595.932967659085989 ], [ 2900643.145607592537999, 2038596.198257548268884 ], [ 2900616.520691331475973, 2038610.107167098671198 ], [ 2900616.412155634723604, 2038610.164414902916178 ], [ 2900598.664241609163582, 2038619.617750030942261 ], [ 2900575.853595341555774, 2038629.37515805545263 ], [ 2900575.361887049395591, 2038629.595851138234138 ], [ 2900574.805731413885951, 2038629.871356840943918 ], [ 2900551.903978832997382, 2038641.79778134659864 ], [ 2900528.030213938094676, 2038653.969740767031908 ], [ 2900527.589636790566146, 2038654.203451936133206 ], [ 2900527.123739433474839, 2038654.471275522373617 ], [ 2900507.689923734404147, 2038666.097736047813669 ], [ 2900488.477897274307907, 2038672.743166661821306 ], [ 2900467.403818093240261, 2038676.232521328143775 ], [ 2900447.604248473420739, 2038675.609864215366542 ], [ 2900421.777184435166419, 2038673.040090232621878 ], [ 2900421.534008009359241, 2038673.017965060658753 ], [ 2900420.557683271821588, 2038672.969368105754256 ], [ 2900419.883630821481347, 2038672.973328390624374 ], [ 2900392.285780860111117, 2038673.759321311023086 ], [ 2900391.981177313253284, 2038673.771076796576381 ], [ 2900391.004238863475621, 2038673.851079572923481 ], [ 2900390.033412554766983, 2038673.994975784560665 ], [ 2900389.072652020025998, 2038674.202148276381195 ], [ 2900388.386077829636633, 2038674.391127170994878 ], [ 2900367.220549349207431, 2038680.754102528793737 ], [ 2900366.960760476998985, 2038680.834785260027274 ], [ 2900366.032736346591264, 2038681.165611429838464 ], [ 2900365.126992071047425, 2038681.556277009425685 ], [ 2900364.247291287407279, 2038682.004982428159565 ], [ 2900363.833085838705301, 2038682.242015370400622 ], [ 2900345.734332270920277, 2038692.973741659196094 ], [ 2900345.519798995926976, 2038693.103394916979596 ], [ 2900325.700794238131493, 2038705.29708163626492 ], [ 2900325.479982551187277, 2038705.435583375627175 ], [ 2900324.663924411870539, 2038705.994719829875976 ], [ 2900323.885140822269022, 2038706.605494172312319 ], [ 2900323.393563137389719, 2038707.035073341801763 ], [ 2900314.045149023644626, 2038715.56135947490111 ], [ 2900313.798149802722037, 2038715.791631462750956 ], [ 2900313.103156452067196, 2038716.497613329207525 ], [ 2900312.454843697138131, 2038717.246931773144752 ], [ 2900311.855820022989064, 2038718.036273200064898 ], [ 2900311.308776527643204, 2038718.862207577330992 ], [ 2900311.293259788304567, 2038718.887338184053078 ], [ 2900309.754653739742935, 2038721.390925154089928 ], [ 2900294.511873490177095, 2038733.328596690203995 ], [ 2900294.119815757963806, 2038733.646080367267132 ], [ 2900293.381239756941795, 2038734.305932100396603 ], [ 2900292.686278762295842, 2038735.01211144356057 ], [ 2900292.124765921384096, 2038735.655297096353024 ], [ 2900276.04576203180477, 2038755.133051901124418 ], [ 2900275.958947069011629, 2038755.239086615620181 ], [ 2900275.360023167915642, 2038756.028410852653906 ], [ 2900274.81288254680112, 2038756.854363791411743 ], [ 2900274.319987738505006, 2038757.713354111881927 ], [ 2900273.88350594509393, 2038758.601844174554572 ], [ 2900273.505131430923939, 2038759.515875249868259 ], [ 2900273.428822419140488, 2038759.723236740101129 ], [ 2900265.277880371548235, 2038782.344318457646295 ], [ 2900265.035861225798726, 2038783.072830280289054 ], [ 2900264.778603538870811, 2038784.026201673550531 ], [ 2900264.583618234377354, 2038784.993201833451167 ], [ 2900264.451862963847816, 2038785.969701675698161 ], [ 2900264.440905204042792, 2038786.081217083148658 ], [ 2900263.544002268463373, 2038795.562274029012769 ], [ 2900263.486868716776371, 2038796.432521506445482 ], [ 2900263.482792367693037, 2038797.415427136234939 ], [ 2900263.542739274911582, 2038798.395113318925723 ], [ 2900263.66645409213379, 2038799.36746862065047 ], [ 2900263.853370299562812, 2038800.328336748993024 ], [ 2900264.102740323636681, 2038801.273695719894022 ], [ 2900264.160821274854243, 2038801.463020130759105 ], [ 2900271.940578600391746, 2038826.238787726964802 ], [ 2900272.193231360986829, 2038826.97504939022474 ], [ 2900272.564006136264652, 2038827.877046383684501 ], [ 2900272.993188328109682, 2038828.751593325287104 ], [ 2900273.479061752092093, 2038829.594945701537654 ], [ 2900273.748662107624114, 2038830.012941855937243 ], [ 2900278.461012476123869, 2038837.051797771826386 ], [ 2900278.731669960543513, 2038837.442322305869311 ], [ 2900279.324218087829649, 2038838.212436924921349 ], [ 2900279.966517598368227, 2038838.940956077072769 ], [ 2900280.655553246382624, 2038839.624878426780924 ], [ 2900281.388687727972865, 2038840.261032505193725 ], [ 2900282.162673794664443, 2038840.84686480066739 ], [ 2900282.566536141559482, 2038841.121807461138815 ], [ 2900299.544817897491157, 2038852.267431461252272 ], [ 2900299.952431766316295, 2038852.525365293957293 ], [ 2900300.797918877564371, 2038853.003180262865499 ], [ 2900301.67393753817305, 2038853.423827833030373 ], [ 2900302.576532102189958, 2038853.785390268312767 ], [ 2900302.965371548663825, 2038853.920175578678027 ], [ 2900322.310763752087951, 2038860.322568673407659 ], [ 2900335.895342315547168, 2038869.240348813822493 ], [ 2900350.732684196904302, 2038886.973053826484829 ], [ 2900363.684281497262418, 2038909.695461917668581 ], [ 2900373.272794250398874, 2038929.416461862390861 ], [ 2900373.415966761764139, 2038929.702785767382011 ], [ 2900382.660820913035423, 2038947.708110693376511 ], [ 2900392.255133924074471, 2038967.929239550605416 ], [ 2900400.899063896853477, 2038992.486640539485961 ], [ 2900408.282447292469442, 2039015.748642332851887 ], [ 2900415.609119105152786, 2039043.108737349044532 ], [ 2900427.392405447550118, 2039094.127523333765566 ], [ 2900428.584826836828142, 2039113.480312599567696 ], [ 2900420.235577811021358, 2039132.213166833855212 ], [ 2900403.34103880263865, 2039151.280093559995294 ], [ 2900373.775900139473379, 2039180.980386556126177 ], [ 2900354.519653767347336, 2039199.073165927547961 ], [ 2900354.440588882192969, 2039199.147977433633059 ], [ 2900353.992842848412693, 2039199.592409593518823 ], [ 2900338.839652179274708, 2039215.262110001407564 ], [ 2900322.338472028262913, 2039228.758671477437019 ], [ 2900304.935514064505696, 2039238.775640313979238 ], [ 2900281.55301621183753, 2039249.646395357558504 ], [ 2900259.855265250429511, 2039259.093398816650733 ], [ 2900237.55418664868921, 2039266.718899122904986 ], [ 2900236.906794682145119, 2039266.956841500941664 ], [ 2900236.001045435667038, 2039267.347412965493277 ], [ 2900235.960090639069676, 2039267.366823358694091 ], [ 2900217.412630073726177, 2039276.155267102178186 ], [ 2900217.014579598326236, 2039276.350932311499491 ], [ 2900193.08249262906611, 2039288.553484703414142 ], [ 2900192.839131584390998, 2039288.680266634328291 ], [ 2900174.57895681867376, 2039298.407103915931657 ], [ 2900152.391338285990059, 2039309.962315303040668 ], [ 2900131.445061979815364, 2039318.221582025056705 ], [ 2900131.274591820314527, 2039318.289987619267777 ], [ 2900111.530466869473457, 2039326.351856100838631 ], [ 2900111.004907575435936, 2039326.57810176955536 ], [ 2900090.658577525056899, 2039335.790833938634023 ], [ 2900067.477001520805061, 2039345.707544886739925 ], [ 2900042.204286953434348, 2039356.178284153807908 ], [ 2900041.551925784908235, 2039356.466622220817953 ], [ 2900040.672469790559262, 2039356.915497689507902 ], [ 2900039.82280563050881, 2039357.420514894183725 ], [ 2900039.526089197956026, 2039357.615003347396851 ], [ 2900019.931950062513351, 2039370.780881488928571 ], [ 2900019.41270749270916, 2039371.145421240944415 ], [ 2900018.633759958669543, 2039371.756338159786537 ], [ 2900017.922719802707434, 2039372.390101789496839 ], [ 2900012.01459414511919, 2039377.992719696369022 ], [ 2900011.987173164263368, 2039378.018797439755872 ], [ 2900011.29241007193923, 2039378.724849996389821 ], [ 2900010.906205981969833, 2039379.159419579198584 ], [ 2899997.217012473382056, 2039395.159291247371584 ], [ 2899980.107198269106448, 2039409.154056770727038 ], [ 2899979.969942124560475, 2039409.26774023915641 ], [ 2899979.231482332572341, 2039409.927582431351766 ], [ 2899978.53662195103243, 2039410.633653558557853 ], [ 2899977.888213772326708, 2039411.382899798685685 ], [ 2899977.289209031499922, 2039412.172249428229406 ], [ 2899977.007265380583704, 2039412.583507932722569 ], [ 2899965.565631478093565, 2039429.864487918559462 ], [ 2899965.300452372059226, 2039430.279189727036282 ], [ 2899965.284952046349645, 2039430.304419111693278 ], [ 2899962.732715017162263, 2039434.457477842690423 ], [ 2899952.438942789100111, 2039447.735408486332744 ], [ 2899938.24179067928344, 2039459.300326448865235 ], [ 2899921.785263910423964, 2039469.058971400605515 ], [ 2899898.772131274454296, 2039479.75840772036463 ], [ 2899876.721752669662237, 2039488.318619766505435 ], [ 2899849.55637301877141, 2039498.211399869294837 ], [ 2899823.96244571171701, 2039506.703131951857358 ], [ 2899823.831253687851131, 2039506.747362398542464 ], [ 2899800.945930745452642, 2039514.57295003766194 ], [ 2899800.49631685577333, 2039514.734588794177398 ], [ 2899775.890981337986887, 2039524.022036798996851 ], [ 2899775.693309648893774, 2039524.098329591332003 ], [ 2899775.362563339062035, 2039524.232987202238292 ], [ 2899750.981695131398737, 2039534.492247087182477 ], [ 2899750.491074051242322, 2039534.70890252199024 ], [ 2899730.971516632474959, 2039543.742771986639127 ], [ 2899730.887163017410785, 2039543.782139688497409 ], [ 2899730.492841204162687, 2039543.974496317328885 ], [ 2899710.225567170418799, 2039554.225239453138784 ], [ 2899709.740327465347946, 2039554.481684813043103 ], [ 2899708.890688268467784, 2039554.986807752400637 ], [ 2899708.404050762299448, 2039555.310844610445201 ], [ 2899693.474258160218596, 2039565.670208759140223 ], [ 2899693.144863110035658, 2039565.905323422979563 ], [ 2899692.365908921696246, 2039566.516148524126038 ], [ 2899691.62745698262006, 2039567.175996361067519 ], [ 2899690.932521830312908, 2039567.88218932878226 ], [ 2899690.284219881054014, 2039568.631422818172723 ], [ 2899689.685222845524549, 2039569.420777311781421 ], [ 2899689.138107420876622, 2039570.246742070186883 ], [ 2899688.645237592048943, 2039571.105743622407317 ], [ 2899688.208780453540385, 2039571.994244274916127 ], [ 2899687.830446000676602, 2039572.908383802976459 ], [ 2899687.512010992970318, 2039573.844086982076988 ], [ 2899687.254874260630459, 2039574.797448731027544 ], [ 2899687.060025024227798, 2039575.764536988455802 ], [ 2899686.928192287683487, 2039576.741061363834888 ], [ 2899686.860120887868106, 2039577.722829999402165 ], [ 2899686.85606344230473, 2039578.705740496283397 ], [ 2899686.916012356057763, 2039579.685332121094689 ], [ 2899687.039759701117873, 2039580.657789017306641 ], [ 2899687.226691391784698, 2039581.618659280939028 ], [ 2899687.476075623650104, 2039582.564019476762041 ], [ 2899687.786806092597544, 2039583.489507149904966 ], [ 2899688.157607841305435, 2039584.391601838869974 ], [ 2899688.586898188106716, 2039585.266129101160914 ], [ 2899689.072665575891733, 2039586.109398119384423 ], [ 2899689.613028555177152, 2039586.917897244216874 ], [ 2899690.205581799149513, 2039587.6880072359927 ], [ 2899690.847884871996939, 2039588.416520871920511 ], [ 2899691.537020958960056, 2039589.100418934831396 ], [ 2899692.270073249004781, 2039589.736682228045538 ], [ 2899693.04405815154314, 2039590.3225064848084 ], [ 2899693.855547367129475, 2039590.855472536291927 ], [ 2899694.701112598180771, 2039591.33316119806841 ], [ 2899695.577109390869737, 2039591.753699649590999 ], [ 2899696.479696398600936, 2039592.115250842180103 ], [ 2899697.405194061808288, 2039592.416353981709108 ], [ 2899698.349414769560099, 2039592.655539197847247 ], [ 2899699.308446967042983, 2039592.831793508026749 ], [ 2899700.27824555337429, 2039592.944533857749775 ], [ 2899701.254635312594473, 2039592.992998011643067 ], [ 2899702.233272375538945, 2039592.977265682304278 ], [ 2899703.210190808866173, 2039592.897246473701671 ], [ 2899704.180913192220032, 2039592.753450027899817 ], [ 2899705.141635371372104, 2039592.546162185259163 ], [ 2899706.087990768253803, 2039592.276582330232486 ], [ 2899707.016089176759124, 2039591.945721817202866 ], [ 2899707.921824239194393, 2039591.555138375842944 ], [ 2899708.801270646043122, 2039591.106255395105109 ], [ 2899709.650925086811185, 2039590.601230860222131 ], [ 2899710.137447978835553, 2039590.277113302145153 ], [ 2899724.193442073650658, 2039580.524115250911564 ], [ 2899743.275949983391911, 2039570.872677961364388 ], [ 2899762.310674019157887, 2039562.063136222306639 ], [ 2899786.182013911660761, 2039552.018292320659384 ], [ 2899810.297574421390891, 2039542.915606123628095 ], [ 2899832.891220273450017, 2039535.189789388561621 ], [ 2899858.627594606019557, 2039526.65076922159642 ], [ 2899859.041920240037143, 2039526.506599289830774 ], [ 2899886.564041146077216, 2039516.48397273896262 ], [ 2899886.863850986585021, 2039516.371165244607255 ], [ 2899909.524661468341947, 2039507.573842928046361 ], [ 2899909.589118942152709, 2039507.548740336438641 ], [ 2899910.434613788966089, 2039507.186149096582085 ], [ 2899934.591020008549094, 2039495.955201017903164 ], [ 2899934.651249280199409, 2039495.927114785183221 ], [ 2899935.53079966828227, 2039495.478218818316236 ], [ 2899935.945109382271767, 2039495.24126104824245 ], [ 2899954.043594568967819, 2039484.509069719817489 ], [ 2899954.478846720419824, 2039484.241025840165094 ], [ 2899955.2948850505054, 2039483.681879387702793 ], [ 2899955.912467496469617, 2039483.204237881815061 ], [ 2899972.365346717648208, 2039469.8018405046314 ], [ 2899972.526527773123235, 2039469.668697874294594 ], [ 2899973.26506896968931, 2039469.008738881209865 ], [ 2899973.959928167052567, 2039468.302667401032522 ], [ 2899974.608319356106222, 2039467.553322298917919 ], [ 2899974.817161956336349, 2039467.289923956850544 ], [ 2899986.707568137906492, 2039451.952456992352381 ], [ 2899987.097843758761883, 2039451.426586190704256 ], [ 2899987.644867731258273, 2039450.60064382199198 ], [ 2899987.660368055570871, 2039450.575414445949718 ], [ 2899990.515017377678305, 2039445.930406460538507 ], [ 2900000.521540218964219, 2039430.816922834608704 ], [ 2900016.885488183237612, 2039417.432138194562867 ], [ 2900017.022760252468288, 2039417.318553378339857 ], [ 2900017.761319007258862, 2039416.658693907549605 ], [ 2900018.456164108589292, 2039415.952524859691039 ], [ 2900018.84228525031358, 2039415.5180716693867 ], [ 2900032.901245532091707, 2039399.086014583939686 ], [ 2900037.286837710998952, 2039394.927183401305228 ], [ 2900054.540075321681798, 2039383.334270813968033 ], [ 2900078.484477778896689, 2039373.413872119272128 ], [ 2900078.645224426873028, 2039373.346118076471612 ], [ 2900102.053941864520311, 2039363.332246740348637 ], [ 2900102.346419279463589, 2039363.203432604204863 ], [ 2900122.577701339498162, 2039354.04274777835235 ], [ 2900141.972029350232333, 2039346.123764851829037 ], [ 2900163.575169457122684, 2039337.605465469649062 ], [ 2900164.470321630127728, 2039337.218947625020519 ], [ 2900165.02656428469345, 2039336.943417343776673 ], [ 2900187.986359349451959, 2039324.986116155749187 ], [ 2900188.112367529422045, 2039324.919707502936944 ], [ 2900191.031741230748594, 2039323.364626272814348 ], [ 2900187.644259700551629, 2039341.039660922018811 ], [ 2900197.912579632364213, 2039346.55199515982531 ], [ 2900197.753151793032885, 2039374.753783090040088 ], [ 2900235.346888220869005, 2039379.324005037546158 ], [ 2900246.903821172658354, 2039367.832535981200635 ], [ 2900236.740330861881375, 2039362.971971966559067 ], [ 2900228.448385222814977, 2039353.075892137829214 ], [ 2900247.541227303911, 2039350.947084424551576 ], [ 2900267.540319564286619, 2039341.945811795769259 ], [ 2900274.561938300728798, 2039327.253867235733196 ], [ 2900269.316274544224143, 2039315.462527910247445 ], [ 2900288.290836023166776, 2039295.914918076945469 ], [ 2900338.985327679198235, 2039265.235868742223829 ], [ 2900382.66742436029017, 2039228.452846015803516 ], [ 2900431.732049247249961, 2039179.288214942440391 ], [ 2900453.880544856656343, 2039154.468413100577891 ], [ 2900458.507113262079656, 2039112.108877086080611 ], [ 2900457.171311634592712, 2039090.431133502395824 ], [ 2900457.133756683208048, 2039089.948346177348867 ], [ 2900457.010022235102952, 2039088.975890382193029 ], [ 2900456.823102252557874, 2039088.015020054765046 ], [ 2900456.816608644556254, 2039087.986588229192421 ], [ 2900444.696985059417784, 2039035.51141363568604 ], [ 2900444.572394883260131, 2039035.011588127585128 ], [ 2900439.001276258379221, 2039014.207276348490268 ], [ 2900443.827555833850056, 2038995.979268178343773 ], [ 2900442.488891730550677, 2038983.477636734722182 ], [ 2900437.475619342178106, 2038968.961042685667053 ], [ 2900428.404998867306858, 2038962.560343486489728 ], [ 2900420.606116100680083, 2038957.769927341490984 ], [ 2900420.223423279821873, 2038956.682788256555796 ], [ 2900420.130433539859951, 2038956.426285180263221 ], [ 2900419.759657201822847, 2038955.524286435684189 ], [ 2900419.636823089793324, 2038955.258604444097728 ], [ 2900409.613515430130064, 2038934.133175749098882 ], [ 2900409.40974055416882, 2038933.720657231751829 ], [ 2900400.132888018153608, 2038915.652996634831652 ], [ 2900390.403973793145269, 2038895.64334054896608 ], [ 2900390.158388702198863, 2038895.161044762004167 ], [ 2900389.955882934853435, 2038894.793626500526443 ], [ 2900376.117960060946643, 2038870.516330800717697 ], [ 2900375.83470597025007, 2038870.040475983871147 ], [ 2900375.294364917092025, 2038869.232070405734703 ], [ 2900374.70181617885828, 2038868.461954440688714 ], [ 2900374.631212012842298, 2038868.376925362739712 ], [ 2900357.57761556096375, 2038847.995265884092078 ], [ 2900357.005919766612351, 2038847.351774656446651 ], [ 2900356.316785193048418, 2038846.66786903119646 ], [ 2900355.583650172688067, 2038846.031713724136353 ], [ 2900354.809761957731098, 2038845.445862271124497 ], [ 2900354.405915126670152, 2038845.171017497777939 ], [ 2900337.427623754367232, 2038834.025373223936185 ], [ 2900337.019978078082204, 2038833.767242012545466 ], [ 2900336.174392205663025, 2038833.28944429080002 ], [ 2900335.298487463966012, 2038832.868876721244305 ], [ 2900334.395908338949084, 2038832.507412196369842 ], [ 2900334.007068713195622, 2038832.372626616386697 ], [ 2900314.661672371905297, 2038825.970229030121118 ], [ 2900301.746735719498247, 2038817.492057162337005 ], [ 2900299.849864129908383, 2038814.658501947997138 ], [ 2900293.60787957906723, 2038794.779958263039589 ], [ 2900294.037207857705653, 2038790.241367247188464 ], [ 2900300.6245481306687, 2038771.959599333582446 ], [ 2900313.926555579062551, 2038755.845759508898482 ], [ 2900330.032933085691184, 2038743.231806240277365 ], [ 2900330.424975218251348, 2038742.914224337087944 ], [ 2900331.163453260902315, 2038742.254391102818772 ], [ 2900331.858430604916066, 2038741.54831088706851 ], [ 2900332.506841660477221, 2038740.798974730074406 ], [ 2900333.105881054885685, 2038740.00973201286979 ], [ 2900333.653022917918861, 2038739.183779924875125 ], [ 2900333.668441210873425, 2038739.158667211886495 ], [ 2900335.518371417187154, 2038736.148536803666502 ], [ 2900342.183452729601413, 2038730.069620648864657 ], [ 2900360.66114457231015, 2038718.701113939052448 ], [ 2900377.04584441985935, 2038708.985729010542855 ], [ 2900394.51696574408561, 2038703.733328560832888 ], [ 2900419.178323554806411, 2038703.030983696924523 ], [ 2900444.561496257781982, 2038705.556595530593768 ], [ 2900444.804672720376402, 2038705.578720832010731 ], [ 2900445.563540373928845, 2038705.622119024163112 ], [ 2900467.327774371020496, 2038706.306422111345455 ], [ 2900467.545247504487634, 2038706.311720031779259 ], [ 2900468.523986745625734, 2038706.295889060944319 ], [ 2900469.500843552872539, 2038706.216004389105365 ], [ 2900470.238843018654734, 2038706.112499418668449 ], [ 2900494.022299964912236, 2038702.17472979449667 ], [ 2900495.215677215717733, 2038701.927107400493696 ], [ 2900496.16205776296556, 2038701.657546699978411 ], [ 2900496.493856225628406, 2038701.547044395003468 ], [ 2900518.407297894358635, 2038693.967269580345601 ], [ 2900519.003525902982801, 2038693.746948743239045 ], [ 2900519.909272746182978, 2038693.356286334805191 ], [ 2900520.788846028968692, 2038692.907404866069555 ], [ 2900521.254857263527811, 2038692.639661773806438 ], [ 2900541.600983617827296, 2038680.467306688660756 ], [ 2900565.071944476105273, 2038668.500596715835854 ], [ 2900565.18918514624238, 2038668.440144050633535 ], [ 2900587.634581435471773, 2038656.751417204504833 ], [ 2900590.556939095724374, 2038655.501490694005042 ], [ 2900593.017517112195492, 2038648.945410560118034 ], [ 2900618.724211417138577, 2038634.045655133901164 ], [ 2900638.775709623005241, 2038625.287659507244825 ], [ 2900645.767965057864785, 2038628.411282850662246 ], [ 2900656.260350893717259, 2038622.930029336363077 ], [ 2900674.826931119896472, 2038614.133032880956307 ], [ 2900682.239183831959963, 2038612.785902643110603 ], [ 2900693.691696766763926, 2038604.567922597751021 ], [ 2900717.642123707570136, 2038578.737143059028313 ], [ 2900731.990542466752231, 2038540.844221547245979 ], [ 2900720.88924809359014, 2038516.270220648497343 ], [ 2900698.998526116833091, 2038484.963707219576463 ], [ 2900694.062932977452874, 2038475.751404174137861 ], [ 2900694.775038779713213, 2038467.126825007144362 ], [ 2900694.919472382869571, 2038466.739959466271102 ], [ 2900715.27038459200412, 2038443.141553616849706 ], [ 2900714.92341898009181, 2038431.442922726273537 ], [ 2900723.893970713950694, 2038423.676047085784376 ], [ 2900739.290500945411623, 2038405.025071148760617 ], [ 2900747.091110927052796, 2038399.516380351269618 ], [ 2900769.69745444599539, 2038406.658157033612952 ], [ 2900795.574085400439799, 2038405.534919268917292 ], [ 2900815.049510110169649, 2038396.370227673090994 ], [ 2900834.834140405990183, 2038376.410498075885698 ], [ 2900841.392411758191884, 2038356.8090723042842 ], [ 2900851.133712650276721, 2038344.299752115970477 ], [ 2900870.636679265648127, 2038344.846218080725521 ], [ 2900877.080785159021616, 2038346.367324262624606 ], [ 2900882.811310910619795, 2038352.121888787252828 ], [ 2900882.967066331766546, 2038352.275918046245351 ], [ 2900898.898264672607183, 2038367.79877853882499 ], [ 2900899.154070874676108, 2038368.042018528329208 ], [ 2900899.686654688790441, 2038368.512720817932859 ], [ 2900917.562486139126122, 2038383.545477014034986 ], [ 2900917.762857188470662, 2038383.711071752477437 ], [ 2900918.536846106871963, 2038384.296913673169911 ], [ 2900918.597267202101648, 2038384.339376229094341 ], [ 2900936.174332262948155, 2038396.609562049387023 ], [ 2900950.244925394188613, 2038409.644886068068445 ], [ 2900962.046337024308741, 2038425.003990230849013 ], [ 2900968.991979714948684, 2038437.697010766947642 ], [ 2900971.226951719727367, 2038458.46584246866405 ], [ 2900969.673120616469532, 2038481.207703101448715 ], [ 2900969.657810331322253, 2038481.464924371102825 ], [ 2900968.578681483864784, 2038502.526245398912579 ], [ 2900964.143125645816326, 2038530.210284083615988 ], [ 2900958.706102670170367, 2038554.81993991532363 ], [ 2900958.645481623709202, 2038555.107300654286519 ], [ 2900953.860090130008757, 2038578.936428725719452 ], [ 2900953.772725590970367, 2038579.41047893720679 ], [ 2900953.73883273312822, 2038579.620777953183278 ], [ 2900949.626603496260941, 2038606.365023942664266 ], [ 2900949.528632182627916, 2038607.131239021895453 ], [ 2900949.460546957328916, 2038608.113097781315446 ], [ 2900949.456445805728436, 2038609.095903213368729 ], [ 2900949.472730045672506, 2038609.487329540308565 ], [ 2900950.745259440504014, 2038632.817903574090451 ], [ 2900950.789028496481478, 2038633.406243500299752 ], [ 2900950.816667850129306, 2038633.674116355367005 ], [ 2900953.734816258773208, 2038659.675030609825626 ], [ 2900954.017795789521188, 2038661.340383415110409 ], [ 2900954.210518569685519, 2038662.091493828920648 ], [ 2900959.67125963838771, 2038681.281619746703655 ], [ 2900959.727886429522187, 2038681.47577245766297 ], [ 2900960.038632204756141, 2038682.401460699737072 ], [ 2900960.409388242755085, 2038683.303363737417385 ], [ 2900960.838666923344135, 2038684.177898318041116 ], [ 2900960.969900623429567, 2038684.418932968983427 ], [ 2900971.516440096311271, 2038703.355619505513459 ], [ 2900971.870980535633862, 2038703.957961723906919 ], [ 2900972.390294342301786, 2038704.737033570883796 ], [ 2900985.950601933524013, 2038723.731639584992081 ], [ 2900990.387579440604895, 2038730.359495079144835 ], [ 2900997.601308492012322, 2038742.065273098647594 ], [ 2900999.858618313446641, 2038748.712919280631468 ], [ 2901001.168146989308298, 2038757.381427540909499 ], [ 2900986.152838403359056, 2038820.164678424363956 ], [ 2900986.140446371864527, 2038820.216824602335691 ], [ 2900985.945552268065512, 2038821.183803318068385 ], [ 2900985.865437191911042, 2038821.718093354720622 ], [ 2900982.501248500309885, 2038847.245814966037869 ], [ 2900982.449586130678654, 2038847.687923779711127 ], [ 2900982.381489283870906, 2038848.669685281580314 ], [ 2900982.377408090047538, 2038849.652590560959652 ], [ 2900982.437350885011256, 2038850.63227743213065 ], [ 2900982.441755970008671, 2038850.679241353645921 ], [ 2900984.686903574038297, 2038873.764854916138574 ], [ 2900984.993041666224599, 2038875.651235584635288 ], [ 2900984.999519276432693, 2038875.679568911436945 ], [ 2900990.610346307046711, 2038899.973438904387876 ], [ 2900990.77813040278852, 2038900.631120346253738 ], [ 2900996.676958529744297, 2038921.725673775887117 ], [ 2901003.249269541352987, 2038945.735395164927468 ], [ 2901003.345962665043771, 2038946.072963395388797 ], [ 2901003.432803270407021, 2038946.352996821748093 ], [ 2901010.682641973719001, 2038968.932507352903485 ], [ 2901016.199426934123039, 2038988.49674882623367 ], [ 2901026.072795090731233, 2039031.247253988403827 ], [ 2901028.89866575691849, 2039051.307338458718732 ], [ 2901025.822083353064954, 2039072.360915066674352 ], [ 2901018.332961056381464, 2039094.651976958382875 ], [ 2901018.267499042209238, 2039094.851179955294356 ], [ 2901011.593751842156053, 2039115.653715090593323 ], [ 2900999.186562250368297, 2039137.094721936853603 ], [ 2900999.174924799241126, 2039137.114989474415779 ], [ 2900986.686340566258878, 2039158.772606179816648 ], [ 2900986.430125388782471, 2039159.234955607214943 ], [ 2900985.993527176789939, 2039160.123359626624733 ], [ 2900985.777027579024434, 2039160.626053039450198 ], [ 2900976.21143027022481, 2039183.964034871896729 ], [ 2900965.076825671829283, 2039204.667040672851726 ], [ 2900965.043014217633754, 2039204.730279979528859 ], [ 2900964.60641722381115, 2039205.618684479268268 ], [ 2900964.228140736930072, 2039206.532693685498089 ], [ 2900964.151733256876469, 2039206.740072310669348 ], [ 2900956.001085346564651, 2039229.361020373879001 ], [ 2900955.759034652262926, 2039230.089332868810743 ], [ 2900955.755727326497436, 2039230.100277870194986 ], [ 2900949.49037575442344, 2039250.715559257660061 ], [ 2900941.320526975672692, 2039271.834054266102612 ], [ 2900941.271860808134079, 2039271.961854162393138 ], [ 2900940.989719489589334, 2039272.779900424182415 ], [ 2900933.287996871862561, 2039297.344463742338121 ], [ 2900933.251681250985712, 2039297.462109017884359 ], [ 2900932.99442576430738, 2039298.41547888587229 ], [ 2900932.79944312851876, 2039299.382478471845388 ], [ 2900932.700407811906189, 2039300.066343215061352 ], [ 2900929.860002574510872, 2039323.405561927240342 ], [ 2900929.827301718294621, 2039323.698295977432281 ], [ 2900929.759198443032801, 2039324.679961753077805 ], [ 2900929.755126358941197, 2039325.662869732594118 ], [ 2900929.815176379401237, 2039326.642541307490319 ], [ 2900929.903302612714469, 2039327.382039044750854 ], [ 2900933.345399681478739, 2039351.19445617753081 ], [ 2900933.567832776345313, 2039352.388307758141309 ], [ 2900933.574424896389246, 2039352.41672179941088 ], [ 2900942.10336010158062, 2039389.343636890174821 ], [ 2900942.346112966537476, 2039390.260391098214313 ], [ 2900942.43306989595294, 2039390.540505742887035 ], [ 2900949.479209586977959, 2039412.48505878681317 ], [ 2900953.355469324160367, 2039433.17929168487899 ], [ 2900952.082249120809138, 2039449.353767281631008 ], [ 2900944.098061169497669, 2039474.241994983050972 ], [ 2900932.492797096259892, 2039495.510794145520777 ], [ 2900917.354689144995064, 2039513.849244329147041 ], [ 2900917.267957364208996, 2039513.955161803634837 ], [ 2900916.668939481955022, 2039514.74449859187007 ], [ 2900916.325040311552584, 2039515.250065702712163 ], [ 2900901.892078453674912, 2039537.397874668939039 ], [ 2900901.688842259347439, 2039537.718256124528125 ], [ 2900901.195969463326037, 2039538.577341652708128 ], [ 2900900.759478507563472, 2039539.465730742085725 ], [ 2900900.542885314673185, 2039539.968443647725508 ], [ 2900897.252683236729354, 2039547.996117722941563 ], [ 2900897.091106029227376, 2039548.407398596405983 ], [ 2900896.772670925129205, 2039549.343190534971654 ], [ 2900896.515420850366354, 2039550.296562060946599 ], [ 2900896.320459363050759, 2039551.263661795528606 ], [ 2900896.188712411560118, 2039552.240163573995233 ], [ 2900896.120629558339715, 2039553.22192923957482 ], [ 2900896.116561916656792, 2039554.204838529461995 ], [ 2900896.126978560350835, 2039554.481522681657225 ], [ 2900897.175795145332813, 2039576.84056157944724 ], [ 2900897.225318793673068, 2039577.543469682801515 ], [ 2900897.349058952182531, 2039578.515929011860862 ], [ 2900897.398986377287656, 2039578.808351460145786 ], [ 2900901.140260787680745, 2039599.460415006848052 ], [ 2900901.156435664277524, 2039599.547833002870902 ], [ 2900905.449502310715616, 2039622.46727156941779 ], [ 2900907.60035539790988, 2039644.578881323337555 ], [ 2900908.774039432406425, 2039666.08235110482201 ], [ 2900905.405424872413278, 2039689.1372554237023 ], [ 2900905.324298216030002, 2039689.791298188269138 ], [ 2900905.265909962356091, 2039690.554687998723239 ], [ 2900904.519131297245622, 2039705.139634423423558 ], [ 2900904.509537700563669, 2039705.357993165263906 ], [ 2900904.499434033408761, 2039705.91302970959805 ], [ 2900904.50169774517417, 2039732.649283178849146 ], [ 2900904.507819300051779, 2039733.077040402218699 ], [ 2900904.511867057532072, 2039733.201852350495756 ], [ 2900905.486342675052583, 2039759.693068908061832 ], [ 2900905.542238434776664, 2039760.547850247705355 ], [ 2900905.577082685660571, 2039760.878812728682533 ], [ 2900906.619296635501087, 2039769.821720751235262 ], [ 2900908.426993422210217, 2039786.253998946398497 ], [ 2900909.23099353723228, 2039807.107905257027596 ], [ 2900909.285891793202609, 2039807.936298387357965 ], [ 2900909.409619967918843, 2039808.908660457003862 ], [ 2900909.596549518872052, 2039809.869536156067625 ], [ 2900909.84591698506847, 2039810.814804961206391 ], [ 2900909.949305043555796, 2039811.146088138222694 ], [ 2900917.056337423622608, 2039833.00652897101827 ], [ 2900917.263711978681386, 2039833.60093946591951 ], [ 2900917.634499677456915, 2039834.50294625107199 ], [ 2900917.652921202592552, 2039834.543813788564876 ], [ 2900926.031114569399506, 2039852.998846256174147 ], [ 2900926.441872312221676, 2039853.832437730627134 ], [ 2900926.927659912034869, 2039854.675819238880649 ], [ 2900927.468028421513736, 2039855.484333819244057 ], [ 2900927.710655056871474, 2039855.812622228637338 ], [ 2900939.529035162180662, 2039871.343834771076217 ], [ 2900939.87898436980322, 2039871.785771899158135 ], [ 2900940.331846696324646, 2039872.309504448436201 ], [ 2900954.867521093692631, 2039888.334424583939835 ], [ 2900968.171346621587873, 2039907.597592565929517 ], [ 2900981.779169171117246, 2039927.923380656633526 ], [ 2900992.0734927454032, 2039947.971423556795344 ], [ 2900998.614553159102798, 2039968.090789006091654 ], [ 2901003.182190727442503, 2039987.865721486741677 ], [ 2901003.424936529714614, 2039988.782380447490141 ], [ 2901003.735701317898929, 2039989.708075502188876 ], [ 2901003.739754780195653, 2039989.71879836008884 ], [ 2901011.819123032968491, 2040011.334118032827973 ], [ 2901012.053594045341015, 2040011.92248971411027 ], [ 2901021.065828912891448, 2040033.199931359384209 ], [ 2901029.95244468934834, 2040055.007064962526783 ], [ 2901033.642019190359861, 2040075.124033699044958 ], [ 2901033.773187581449747, 2040075.76058948552236 ], [ 2901033.947592571377754, 2040076.446787994122133 ], [ 2901039.857958801090717, 2040097.580529025057331 ], [ 2901039.933023469988257, 2040097.839583437191322 ], [ 2901040.243789761327207, 2040098.76527926325798 ], [ 2901040.614580928813666, 2040099.667288264259696 ], [ 2901040.68272648146376, 2040099.816452688537538 ], [ 2901050.732224173843861, 2040121.484363299794495 ], [ 2901058.107173677533865, 2040140.497724498156458 ], [ 2901066.836247909814119, 2040165.294542263494805 ], [ 2901072.881540373433381, 2040187.231809983262792 ], [ 2901076.419740540906787, 2040206.762163213687018 ], [ 2901077.365799473598599, 2040214.878124464303255 ], [ 2901078.372154168784618, 2040231.203790836501867 ], [ 2901075.983630595728755, 2040248.639915006933734 ], [ 2901065.802007428370416, 2040264.091100871562958 ], [ 2901050.484637942630798, 2040286.357364281779155 ], [ 2901050.066089246422052, 2040286.999209693167359 ], [ 2901049.573229163885117, 2040287.858297417173162 ], [ 2901049.145663240458816, 2040288.727119331248105 ], [ 2901037.555671952664852, 2040314.272065175464377 ], [ 2901037.546858252957463, 2040314.291616932488978 ], [ 2901037.1685203560628, 2040315.205747969914228 ], [ 2901036.954980459064245, 2040315.810639444040135 ], [ 2901030.300741462502629, 2040335.998155284207314 ], [ 2901030.195844085887074, 2040336.328960417071357 ], [ 2901029.938623805530369, 2040337.282434019027278 ], [ 2901029.743758806958795, 2040338.249421071959659 ], [ 2901029.611911318730563, 2040339.225846145302057 ], [ 2901029.553464894648641, 2040339.98945351364091 ], [ 2901028.433944959193468, 2040361.866927082417533 ], [ 2901028.424337995238602, 2040362.085188053315505 ], [ 2901028.420284045860171, 2040363.068101730197668 ], [ 2901028.468197059817612, 2040363.912878814851865 ], [ 2901030.265364083461463, 2040385.055218521039933 ], [ 2901030.277404497377574, 2040385.190038157626987 ], [ 2901030.401141776237637, 2040386.162403587484732 ], [ 2901030.588095981627703, 2040387.123381292214617 ], [ 2901030.594720247667283, 2040387.151992572005838 ], [ 2901036.633196727838367, 2040413.293261252576485 ], [ 2901035.714209818281233, 2040431.251026353100315 ], [ 2901034.49501818139106, 2040435.345233300467953 ], [ 2901033.44888085918501, 2040437.047416519606486 ], [ 2901020.027013721875846, 2040450.927250242326409 ], [ 2901007.55587441381067, 2040459.139381122076884 ], [ 2900988.269599112682045, 2040466.872905238997191 ], [ 2900987.456240932457149, 2040467.226797112030908 ], [ 2900986.576686759013683, 2040467.675674909725785 ], [ 2900985.771980033256114, 2040468.152123111533001 ], [ 2900966.926139758899808, 2040480.100930899148807 ], [ 2900966.88119936035946, 2040480.129583805333823 ], [ 2900966.094620673917234, 2040480.667134667048231 ], [ 2900946.725314815994352, 2040494.804545545019209 ], [ 2900946.69585416931659, 2040494.826125819934532 ], [ 2900945.917091225273907, 2040495.436896207742393 ], [ 2900945.592590232379735, 2040495.716342746978626 ], [ 2900929.364625784568489, 2040510.090391325997189 ], [ 2900928.950571922585368, 2040510.470793107757345 ], [ 2900928.255633411929011, 2040511.176970201078802 ], [ 2900927.60734483692795, 2040511.926287815906107 ], [ 2900927.008346244692802, 2040512.71562940813601 ], [ 2900926.857183182612062, 2040512.93254073522985 ], [ 2900910.705073282588273, 2040536.542635455727577 ], [ 2900910.309104966931045, 2040537.151579268276691 ], [ 2900909.816251957789063, 2040538.010669970884919 ], [ 2900909.379682433791459, 2040538.899082244839519 ], [ 2900909.001449212431908, 2040539.81319781858474 ], [ 2900908.779624386224896, 2040540.443429165519774 ], [ 2900900.818068572785705, 2040564.73891855077818 ], [ 2900890.611235290300101, 2040582.590049210703 ], [ 2900878.878834947478026, 2040603.018384879687801 ], [ 2900878.635893220547587, 2040603.457945709815249 ], [ 2900878.315455783158541, 2040604.095553248655051 ], [ 2900867.712560642044991, 2040626.473831312032416 ], [ 2900856.120177234057337, 2040644.066799710970372 ], [ 2900855.873651345726103, 2040644.453162280842662 ], [ 2900855.857986115384847, 2040644.478624366922304 ], [ 2900843.145894517656416, 2040665.164954641135409 ], [ 2900842.668808715883642, 2040665.998566818190739 ], [ 2900842.232356993015856, 2040666.887061146786436 ], [ 2900841.961672755889595, 2040667.523435693699867 ], [ 2900832.839913995936513, 2040690.389793716371059 ], [ 2900832.732254376634955, 2040690.667455486953259 ], [ 2900832.655688689090312, 2040690.875069050816819 ], [ 2900824.777735671028495, 2040712.742814864264801 ], [ 2900816.090209189802408, 2040730.731728766812012 ], [ 2900803.649391549639404, 2040756.273709832923487 ], [ 2900793.746666630730033, 2040775.031735126161948 ], [ 2900793.332021213602275, 2040775.878745136782527 ], [ 2900793.08357997238636, 2040776.459966191556305 ], [ 2900777.382203407585621, 2040815.38209901470691 ], [ 2900777.252418099436909, 2040815.714996047550812 ], [ 2900776.933993943035603, 2040816.650697456905618 ], [ 2900776.676786166615784, 2040817.60417542164214 ], [ 2900776.481933325529099, 2040818.571166498353705 ], [ 2900776.412208585068583, 2040819.028127780882642 ], [ 2900773.537557130679488, 2040840.015264773741364 ], [ 2900767.667464633006603, 2040857.825185305206105 ], [ 2900758.596497489139438, 2040876.037775732111186 ], [ 2900752.766655663028359, 2040882.366250460036099 ], [ 2900741.262591283768415, 2040894.451956390868872 ], [ 2900741.099643039517105, 2040894.625781300943345 ], [ 2900740.451266467571259, 2040895.375121497549117 ], [ 2900739.852278362959623, 2040896.164467647206038 ], [ 2900739.305172781459987, 2040896.990425490075722 ], [ 2900738.812427942641079, 2040897.849502223310992 ], [ 2900738.585164876189083, 2040898.293923153076321 ], [ 2900728.790094236843288, 2040918.245223786216229 ], [ 2900728.580880294088274, 2040918.689102557720616 ], [ 2900728.202558679040521, 2040919.603239791933447 ], [ 2900727.884137218818069, 2040920.538942170562223 ], [ 2900727.626932078041136, 2040921.492421037750319 ], [ 2900727.432081801816821, 2040922.459412953117862 ], [ 2900727.300264386925846, 2040923.435941003961489 ], [ 2900727.232208767905831, 2040924.417714772978798 ], [ 2900727.227420760318637, 2040924.569487184751779 ], [ 2900726.483026469126344, 2040952.522812447277829 ], [ 2900726.483773646876216, 2040953.353957245592028 ], [ 2900726.543755397666246, 2040954.333655559690669 ], [ 2900726.631951205898076, 2040955.073455322766677 ], [ 2900730.075256939511746, 2040978.886084740050137 ], [ 2900730.297775272279978, 2040980.079632719047368 ], [ 2900730.464318642392755, 2040980.737651915755123 ], [ 2900736.599801174364984, 2041002.843315402278677 ], [ 2900736.682644143234938, 2041003.13057020213455 ], [ 2900736.993424431420863, 2041004.056268642889336 ], [ 2900737.028194279409945, 2041004.148421020247042 ], [ 2900752.379332017619163, 2041044.490024044178426 ], [ 2900763.074725359678268, 2041090.787318118382245 ], [ 2900766.980108696036041, 2041112.077114300569519 ], [ 2900767.11125735193491, 2041112.713475989643484 ], [ 2900767.360661351121962, 2041113.658849347848445 ], [ 2900767.39463259652257, 2041113.770618261303753 ], [ 2900771.509864891879261, 2041127.130425164476037 ], [ 2900771.786628126632422, 2041127.944059912115335 ], [ 2900772.157335306052119, 2041128.84608969441615 ], [ 2900772.586660944856703, 2041129.720732380403206 ], [ 2900773.07234900817275, 2041130.56403725175187 ], [ 2900773.135296719148755, 2041130.664454905083403 ], [ 2900787.722406037151814, 2041153.72466016211547 ], [ 2900788.199840252287686, 2041154.432760829338804 ], [ 2900788.792427802924067, 2041155.202989496989176 ], [ 2900788.86339311953634, 2041155.288360646693036 ], [ 2900805.918099865317345, 2041175.669814058579504 ], [ 2900806.489471561275423, 2041176.313076348975301 ], [ 2900807.178707720246166, 2041176.996880049351603 ], [ 2900807.18883316218853, 2041177.006296581588686 ], [ 2900820.278689868282527, 2041189.132004882907495 ], [ 2900821.001716200262308, 2041189.758758178446442 ], [ 2900821.260056618601084, 2041189.96351179247722 ], [ 2900826.001894445624202, 2041193.633422886952758 ], [ 2900846.237248761113733, 2041210.870051948819309 ], [ 2900846.404363016132265, 2041211.010255660163239 ], [ 2900850.218947611283511, 2041214.162030447507277 ], [ 2900850.322549352888018, 2041214.246844961075112 ], [ 2900851.096550660207868, 2041214.832693349570036 ], [ 2900851.908055394887924, 2041215.365684014512226 ], [ 2900852.753651027567685, 2041215.843496224842966 ], [ 2900853.382253255229443, 2041216.152545986929908 ], [ 2900857.146921723149717, 2041217.892394802067429 ], [ 2900869.801761374343187, 2041229.276957214111462 ], [ 2900870.368293360807002, 2041229.760867641307414 ], [ 2900870.863122929818928, 2041230.144734421744943 ], [ 2900889.368492380715907, 2041243.871932009002194 ], [ 2900909.297042060643435, 2041259.295315958093852 ], [ 2900909.812604828737676, 2041259.676429179031402 ], [ 2900910.624110227450728, 2041260.209421009523794 ], [ 2900910.649265319108963, 2041260.224726072978228 ], [ 2900927.747134803794324, 2041270.606982447206974 ], [ 2900945.850270670838654, 2041285.330171955516562 ], [ 2900958.921126953791827, 2041302.803852362791076 ], [ 2900960.552896366454661, 2041320.647949819918722 ], [ 2900958.628703383263201, 2041341.003626835066825 ], [ 2900955.916839078534395, 2041359.84486779035069 ], [ 2900955.902393547818065, 2041359.947892199503258 ], [ 2900952.838968408294022, 2041382.315681802108884 ], [ 2900952.776960638351738, 2041382.835132732754573 ], [ 2900952.745343563146889, 2041383.184973792172968 ], [ 2900951.211677530314773, 2041402.683429874479771 ], [ 2900948.437582011334598, 2041422.939652504632249 ], [ 2900941.259884377941489, 2041442.172004625434056 ], [ 2900928.998975126072764, 2041454.852046084590256 ], [ 2900909.571890869177878, 2041467.169941029278561 ], [ 2900890.867415271699429, 2041476.869760587578639 ], [ 2900890.520437927916646, 2041477.055330708622932 ], [ 2900890.277320021297783, 2041477.192411772208288 ], [ 2900864.850712461862713, 2041491.828960292739794 ], [ 2900864.244316124357283, 2041492.197066834196448 ], [ 2900863.428295781835914, 2041492.756203766446561 ], [ 2900862.649355022236705, 2041493.36701553221792 ], [ 2900861.910902093164623, 2041494.026752996491268 ], [ 2900861.70659700082615, 2041494.225031153531745 ], [ 2900857.519071091897786, 2041498.365813433425501 ], [ 2900857.028457337990403, 2041498.873718013288453 ], [ 2900856.38009041454643, 2041499.623059315839782 ], [ 2900855.781096383929253, 2041500.412308283615857 ], [ 2900855.705556112341583, 2041500.519743608310819 ], [ 2900841.797372281551361, 2041520.47969476156868 ], [ 2900841.325817627366632, 2041521.198219105601311 ], [ 2900840.832969413138926, 2041522.057217266876251 ], [ 2900840.396534841507673, 2041522.945716222980991 ], [ 2900840.316837591584772, 2041523.124997850274667 ], [ 2900838.298131068702787, 2041527.74740392761305 ], [ 2900837.999599977396429, 2041528.482145403977484 ], [ 2900837.681189246475697, 2041529.417850298108533 ], [ 2900837.423994823358953, 2041530.371331850998104 ], [ 2900837.229072603397071, 2041531.338443053420633 ], [ 2900837.097446796949953, 2041532.314839800819755 ], [ 2900837.086475075222552, 2041532.426867337198928 ], [ 2900835.592830219771713, 2041548.22887274180539 ], [ 2900835.535871289670467, 2041549.098702860530466 ], [ 2900835.531824709381908, 2041550.081524786539376 ], [ 2900835.591832071077079, 2041551.061324969632551 ], [ 2900835.715476048178971, 2041552.033615668769926 ], [ 2900835.902548613026738, 2041552.994580981321633 ], [ 2900835.909106688573956, 2041553.023407382657751 ], [ 2900837.705194047652185, 2041560.797557570505887 ], [ 2900837.947932368144393, 2041561.714026532601565 ], [ 2900838.258720571175218, 2041562.639728388749063 ], [ 2900838.456711505539715, 2041563.142248025629669 ], [ 2900840.77591609954834, 2041568.727745153941214 ], [ 2900840.948850963264704, 2041569.127320672851056 ], [ 2900841.37805207259953, 2041570.001786826411262 ], [ 2900841.863942230120301, 2041570.84505854616873 ], [ 2900842.404328724835068, 2041571.653579250909388 ], [ 2900842.996920400299132, 2041572.423810231965035 ], [ 2900843.639162450097501, 2041573.152463542297482 ], [ 2900844.328385784290731, 2041573.836170578608289 ], [ 2900845.061457357835025, 2041574.472458383534104 ], [ 2900845.67288298998028, 2041574.941922449273989 ], [ 2900866.324984325096011, 2041589.944884178694338 ], [ 2900881.235052990261465, 2041602.264025093056262 ], [ 2900881.338540766853839, 2041602.348759195534512 ], [ 2900882.112544084433466, 2041602.934609144926071 ], [ 2900882.173407386988401, 2041602.977296302560717 ], [ 2900900.326211689971387, 2041615.648497433867306 ], [ 2900916.317474214825779, 2041627.827836065087467 ], [ 2900916.395668203942478, 2041627.886946213664487 ], [ 2900933.503862419165671, 2041640.735749837011099 ], [ 2900949.545011860318482, 2041654.224612761056051 ], [ 2900955.117067185230553, 2041662.394881112268195 ], [ 2900956.799925434403121, 2041667.174905339954421 ], [ 2900958.374637296423316, 2041690.263680259697139 ], [ 2900959.41741703171283, 2041712.464109188178554 ], [ 2900959.423311782535166, 2041712.578953373944387 ], [ 2900960.697968018241227, 2041735.90998855419457 ], [ 2900960.741674734279513, 2041736.497747511370108 ], [ 2900960.79655799549073, 2041736.992405870230868 ], [ 2900962.069439298473299, 2041746.955141684273258 ], [ 2900962.325391930527985, 2041748.393822732847184 ], [ 2900962.331965921446681, 2041748.422747714910656 ], [ 2900964.352655331138521, 2041757.168706695083529 ], [ 2900964.595380315557122, 2041758.085078703472391 ], [ 2900964.906155237928033, 2041759.010683802654967 ], [ 2900965.276969245634973, 2041759.912700200919062 ], [ 2900965.706188598647714, 2041760.787266889121383 ], [ 2900965.837807269301265, 2041761.028744426788762 ], [ 2900969.353783377446234, 2041767.341005748370662 ], [ 2900969.708057274110615, 2041767.942802101373672 ], [ 2900970.248446131125093, 2041768.7513250883203 ], [ 2900970.841024260036647, 2041769.521459935465828 ], [ 2900970.912006113212556, 2041769.606930159730837 ], [ 2900975.175674673169851, 2041774.702334059402347 ], [ 2900975.747019730508327, 2041775.345403272425756 ], [ 2900976.436178466305137, 2041776.029327931581065 ], [ 2900977.169318871572614, 2041776.66540350089781 ], [ 2900977.943339566700161, 2041777.251354089938104 ], [ 2900978.754945706110448, 2041777.784330464433879 ], [ 2900978.780100858770311, 2041777.799635604256764 ], [ 2901000.321406580507755, 2041790.879923216765746 ], [ 2901001.141849650070071, 2041791.342434220714495 ], [ 2901001.502284420654178, 2041791.524273489369079 ], [ 2901027.390050795860589, 2041804.134373359847814 ], [ 2901028.478444190230221, 2041805.142570212250575 ], [ 2901032.110796065535396, 2041815.021899977233261 ], [ 2901032.312509073875844, 2041817.3926944041159 ], [ 2901026.354398326948285, 2041839.175482992315665 ], [ 2901003.358776902779937, 2041876.599259644979611 ], [ 2900990.382076974026859, 2041892.617755723418668 ], [ 2900989.786322456784546, 2041893.403171721845865 ], [ 2900989.239331117365509, 2041894.229113518958911 ], [ 2900989.002343764528632, 2041894.626220452366397 ], [ 2900976.515606883447617, 2041916.284529314609244 ], [ 2900976.259767407551408, 2041916.746519431006163 ], [ 2900975.823240353725851, 2041917.635036966996267 ], [ 2900975.55260401032865, 2041918.271612476324663 ], [ 2900966.431651747785509, 2041941.138272901298478 ], [ 2900966.324065889231861, 2041941.415721426019445 ], [ 2900966.005661745090038, 2041942.351427586283535 ], [ 2900965.748473951593041, 2041943.304910615319386 ], [ 2900965.553755253087729, 2041944.271987693849951 ], [ 2900965.505966532509774, 2041944.574772805906832 ], [ 2900961.097864039242268, 2041974.480342701543123 ], [ 2900961.013837110251188, 2041975.153992083622143 ], [ 2900960.959826613776386, 2041975.835369774373248 ], [ 2900959.55292928032577, 2042000.691394543508068 ], [ 2900957.795886663720012, 2042022.435293574817479 ], [ 2900948.161625450011343, 2042062.737229368416592 ], [ 2900942.217846991028637, 2042085.702704374911264 ], [ 2900942.149064998608083, 2042085.978881346993148 ], [ 2900935.977981641888618, 2042111.793823557207361 ], [ 2900929.768154954537749, 2042132.233378048753366 ], [ 2900922.462483806535602, 2042153.363154807826504 ], [ 2900922.41854059882462, 2042153.491925425361842 ], [ 2900914.494495485909283, 2042177.08548052655533 ], [ 2900914.362287264317274, 2042177.49843174405396 ], [ 2900914.105104729533195, 2042178.451916430378333 ], [ 2900913.910178459249437, 2042179.418932342901826 ], [ 2900913.778580132406205, 2042180.395430981181562 ], [ 2900913.767527127638459, 2042180.507575343595818 ], [ 2900911.378237723838538, 2042205.790869395481423 ], [ 2900911.321257409639657, 2042206.660505555337295 ], [ 2900911.317222211509943, 2042207.643331072758883 ], [ 2900911.37722481880337, 2042208.623036380857229 ], [ 2900911.38968862220645, 2042208.750378007534891 ], [ 2900913.861614327412099, 2042232.80817620200105 ], [ 2900913.972935694269836, 2042233.653308266540989 ], [ 2900914.051980395801365, 2042234.101592025021091 ], [ 2900924.231810042634606, 2042287.067448245594278 ], [ 2900924.339734780136496, 2042287.580053199082613 ], [ 2900924.480995411518961, 2042288.145622219191864 ], [ 2900931.515442690812051, 2042314.138330591376871 ], [ 2900931.623587988782674, 2042314.518043271498755 ], [ 2900931.934386964887381, 2042315.443749466445297 ], [ 2900932.1323994519189, 2042315.946370041696355 ], [ 2900933.858788968063891, 2042320.103735715383664 ], [ 2900937.989161799661815, 2042342.14532265230082 ], [ 2900938.009353631176054, 2042342.250774223124608 ], [ 2900943.532715150620788, 2042370.596821634564549 ], [ 2900947.390789838507771, 2042391.624988611554727 ], [ 2900954.825368366669863, 2042458.131221371237189 ], [ 2900954.403644548263401, 2042460.876075632637367 ], [ 2900953.549092111177742, 2042464.451075895223767 ], [ 2900943.435179572552443, 2042480.911592481425032 ], [ 2900928.043583083897829, 2042499.560182039625943 ], [ 2900927.957303935661912, 2042499.665716431569308 ], [ 2900927.954003219958395, 2042499.669764428399503 ], [ 2900914.527206775266677, 2042516.244821456959471 ], [ 2900900.884049380663782, 2042531.855109018040821 ], [ 2900900.515093260444701, 2042532.293445371091366 ], [ 2900900.305836852174252, 2042532.557327828602865 ], [ 2900884.453937344253063, 2042553.00766667816788 ], [ 2900884.064235399942845, 2042553.53313642507419 ], [ 2900883.517160294111818, 2042554.359100866829976 ], [ 2900883.501330989412963, 2042554.384796099737287 ], [ 2900870.790615192148834, 2042575.07168378517963 ], [ 2900870.313616807572544, 2042575.904991898452863 ], [ 2900869.877202889882028, 2042576.79349620337598 ], [ 2900869.498995130881667, 2042577.707524777390063 ], [ 2900869.285352383740246, 2042578.312855208758265 ], [ 2900862.779512647539377, 2042598.05483808554709 ], [ 2900853.833263273350894, 2042620.485187554964796 ], [ 2900853.725764551199973, 2042620.76252108020708 ], [ 2900853.407375370617956, 2042621.698231901274994 ], [ 2900853.379301539156586, 2042621.791463468689471 ], [ 2900846.427954186685383, 2042645.139896855922416 ], [ 2900846.198855469468981, 2042646.00015302025713 ], [ 2900846.030272902920842, 2042646.815841928357258 ], [ 2900842.024304182268679, 2042669.267807666445151 ], [ 2900832.491815391462296, 2042716.76726815616712 ], [ 2900832.404560941737145, 2042717.240505987778306 ], [ 2900832.324417660012841, 2042717.775632488774136 ], [ 2900828.96338028088212, 2042743.3042388248723 ], [ 2900828.911838149186224, 2042743.745632264763117 ], [ 2900828.843799875117838, 2042744.727317465702072 ], [ 2900828.834197246469557, 2042745.151656615780666 ], [ 2900828.619909724220634, 2042770.268867745762691 ], [ 2900826.292236313223839, 2042794.906256064539775 ], [ 2900826.260100910905749, 2042795.300717039266601 ], [ 2900823.02156456373632, 2042842.795258212601766 ], [ 2900820.748821216169745, 2042857.589731656946242 ], [ 2900819.848369681276381, 2042861.35675363894552 ], [ 2900819.836166515946388, 2042861.408157685538754 ], [ 2900819.641368875280023, 2042862.375258575659245 ], [ 2900819.607408178038895, 2042862.586288469145074 ], [ 2900816.415698792785406, 2042883.363409463549033 ], [ 2900810.864523294381797, 2042906.587939864955842 ], [ 2900804.002193846739829, 2042931.680520677706227 ], [ 2900793.318678779061884, 2042955.233069870853797 ], [ 2900790.833909736946225, 2042959.277207015780732 ], [ 2900790.357018368784338, 2042960.110500107519329 ], [ 2900789.92051483457908, 2042960.999025221215561 ], [ 2900789.542300000786781, 2042961.912958095315844 ], [ 2900789.526127818506211, 2042961.956057705683634 ], [ 2900774.652129397727549, 2043001.816530099604279 ], [ 2900763.21254893951118, 2043022.930594385834411 ], [ 2900750.967949136160314, 2043041.593655151780695 ], [ 2900736.00675554247573, 2043060.895818343618885 ], [ 2900721.257336786016822, 2043076.150981056271121 ], [ 2900701.005997519940138, 2043093.916352091124281 ], [ 2900684.008026102557778, 2043105.712173875886947 ], [ 2900660.649189589545131, 2043117.389383591013029 ], [ 2900641.464830236509442, 2043125.083363113924861 ], [ 2900623.777426048181951, 2043129.542733150767162 ], [ 2900503.170867959968746, 2043146.788177979644388 ], [ 2900501.649799857288599, 2043147.086257932009175 ], [ 2900500.703377166762948, 2043147.355846592923626 ], [ 2900499.775510168634355, 2043147.686663731699809 ], [ 2900498.869714431464672, 2043148.077259031822905 ], [ 2900497.99021043535322, 2043148.526155434316024 ], [ 2900497.140698187984526, 2043149.031159184640273 ], [ 2900496.324712497647852, 2043149.590309384744614 ], [ 2900495.54590584943071, 2043150.201116660609841 ], [ 2900494.807521131820977, 2043150.861064688768238 ], [ 2900494.112623592838645, 2043151.567162342136726 ], [ 2900493.464294321835041, 2043152.316517046419904 ], [ 2900492.865338328294456, 2043153.105779326055199 ], [ 2900492.318379584234208, 2043153.931734033394605 ], [ 2900491.825584935955703, 2043154.790843434864655 ], [ 2900491.389187997207046, 2043155.679354855557904 ], [ 2900491.010898499749601, 2043156.593407999258488 ], [ 2900490.692524613812566, 2043157.529124676017091 ], [ 2900490.435366471298039, 2043158.482617624569684 ], [ 2900490.24056240497157, 2043159.449623354244977 ], [ 2900490.108790227212012, 2043160.426164886681363 ], [ 2900490.040778670925647, 2043161.407951748929918 ], [ 2900490.036764267832041, 2043162.390782943693921 ], [ 2900490.09680251032114, 2043163.370591783197597 ], [ 2900490.220590214245021, 2043164.342971131904051 ], [ 2900490.407674830872566, 2043165.303845226531848 ], [ 2900490.657095774076879, 2043166.249129254836589 ], [ 2900490.967809857334942, 2043167.174854822224006 ], [ 2900491.338643771596253, 2043168.076874351128936 ], [ 2900491.767963694408536, 2043168.951326818205416 ], [ 2900492.253789555281401, 2043169.794718358200043 ], [ 2900492.794192208908498, 2043170.603241629432887 ], [ 2900493.386781989596784, 2043171.373375805560499 ], [ 2900494.029134147800505, 2043172.102012105751783 ], [ 2900494.718284219503403, 2043172.785835616989061 ], [ 2900495.451445371843874, 2043173.422006182605401 ], [ 2900496.225452859885991, 2043174.007853785529733 ], [ 2900497.036960895173252, 2043174.540842719841748 ], [ 2900497.88245849031955, 2043175.018670134944841 ], [ 2900498.758482173550874, 2043175.439328784355894 ], [ 2900499.661060435697436, 2043175.800802347250283 ], [ 2900500.586545367725194, 2043176.101827026577666 ], [ 2900501.530863617546856, 2043176.341013502562419 ], [ 2900502.489906751550734, 2043176.517384486971423 ], [ 2900503.459582180716097, 2043176.630061251344159 ], [ 2900504.435974950436503, 2043176.67863983171992 ], [ 2900505.414595307316631, 2043176.662922177929431 ], [ 2900506.391493213362992, 2043176.582916349405423 ], [ 2900506.801833777688444, 2043176.53003312414512 ], [ 2900628.190577673725784, 2043159.172737523447722 ], [ 2900629.711747423745692, 2043158.874644019408152 ], [ 2900629.74086425639689, 2043158.86732336669229 ], [ 2900649.185211239382625, 2043153.964983048383147 ], [ 2900650.102421164046973, 2043153.702736116480082 ], [ 2900651.030290741473436, 2043153.371922149788588 ], [ 2900651.12314960360527, 2043153.335065193939954 ], [ 2900671.838192266877741, 2043145.027184772770852 ], [ 2900672.651017941534519, 2043144.673369336407632 ], [ 2900672.981106693390757, 2043144.513275450328365 ], [ 2900697.883587459102273, 2043132.064545864239335 ], [ 2900698.433022128418088, 2043131.775845768861473 ], [ 2900699.282522410154343, 2043131.270747486036271 ], [ 2900699.769662020262331, 2043130.94621234270744 ], [ 2900718.389801735058427, 2043118.024657020810992 ], [ 2900718.718553515616804, 2043117.790063921129331 ], [ 2900719.497463097330183, 2043117.179242919897661 ], [ 2900719.765940033830702, 2043116.949114857940003 ], [ 2900741.152166458778083, 2043098.188161806901917 ], [ 2900741.622095040977001, 2043097.758444675244391 ], [ 2900742.070227856747806, 2043097.313521759118885 ], [ 2900757.847707042470574, 2043080.995078471023589 ], [ 2900758.094362906180322, 2043080.733827483374625 ], [ 2900758.742697934620082, 2043079.984477150952443 ], [ 2900758.951851515099406, 2043079.720610979478806 ], [ 2900774.803399077616632, 2043059.269960444187745 ], [ 2900775.193207627162337, 2043058.744568676920608 ], [ 2900775.510199911426753, 2043058.279873979976401 ], [ 2900788.445133418310434, 2043038.564617468742654 ], [ 2900788.67509057559073, 2043038.203263213625178 ], [ 2900789.110982594080269, 2043037.450237130047753 ], [ 2900801.372238784097135, 2043014.819661562331021 ], [ 2900801.429065647535026, 2043014.713698817417026 ], [ 2900801.86556827230379, 2043013.825173537945375 ], [ 2900802.243750555440784, 2043012.91104342113249 ], [ 2900802.259922700002789, 2043012.867943808203563 ], [ 2900816.986301055178046, 2042973.403257430763915 ], [ 2900819.192327530123293, 2042969.812806706642732 ], [ 2900819.669219130650163, 2042968.979513898491859 ], [ 2900820.097075650002807, 2042968.110308319097385 ], [ 2900831.684773999266326, 2042942.564309998648241 ], [ 2900831.693437132053077, 2042942.545089275343344 ], [ 2900832.071652922779322, 2042941.631156893214211 ], [ 2900832.390019621234387, 2042940.69534559128806 ], [ 2900832.512279578950256, 2042940.272232193266973 ], [ 2900839.762032306287438, 2042913.763265304267406 ], [ 2900839.884720236528665, 2042913.284194843843579 ], [ 2900845.63917622808367, 2042889.208970931591466 ], [ 2900845.651395216584206, 2042889.157665419159457 ], [ 2900845.846192622557282, 2042888.190564515767619 ], [ 2900845.880153272300959, 2042887.979534613899887 ], [ 2900849.071867253165692, 2042867.202415687497705 ], [ 2900849.972303818911314, 2042863.435295725474134 ], [ 2900849.984522839076817, 2042863.383990224916488 ], [ 2900850.17932079359889, 2042862.416889492888004 ], [ 2900850.213281561620533, 2042862.205859622219577 ], [ 2900852.678458678536117, 2042846.158525688573718 ], [ 2900852.776311357039958, 2042845.393214209470898 ], [ 2900852.819367859978229, 2042844.886429160833359 ], [ 2900856.088100062683225, 2042796.950626647099853 ], [ 2900858.458201869390905, 2042771.864275586558506 ], [ 2900858.515204074792564, 2042770.994833588600159 ], [ 2900858.524806605651975, 2042770.570494396612048 ], [ 2900858.736703976988792, 2042745.732102010399103 ], [ 2900861.909810030832887, 2042721.631191739346832 ], [ 2900871.373824222013354, 2042674.472767408005893 ], [ 2900871.434843920171261, 2042674.150841878028587 ], [ 2900875.318142145872116, 2042652.386047725798562 ], [ 2900881.825876701623201, 2042630.528007814660668 ], [ 2900890.689676788635552, 2042608.304525198414922 ], [ 2900890.797175733372569, 2042608.027191794244573 ], [ 2900891.010818275157362, 2042607.421861365437508 ], [ 2900897.101143348962069, 2042588.94042937643826 ], [ 2900908.430065093562007, 2042570.502351411152631 ], [ 2900923.48946127621457, 2042551.074407633161172 ], [ 2900937.023416065610945, 2042535.589038380887359 ], [ 2900937.39248677669093, 2042535.150782981421798 ], [ 2900937.395689048804343, 2042535.146752877626568 ], [ 2900950.960048735141754, 2042518.401980741648003 ], [ 2900966.991438307799399, 2042498.977922042598948 ], [ 2900967.077815989032388, 2042498.872369842370972 ], [ 2900967.676776521839201, 2042498.083018974168226 ], [ 2900968.223869885317981, 2042497.25715445051901 ], [ 2900968.239699264056981, 2042497.231459261383861 ], [ 2900980.202620731666684, 2042477.761510120006278 ], [ 2900980.67972104344517, 2042476.928185876924545 ], [ 2900981.11613854020834, 2042476.039683275856078 ], [ 2900981.494349841959774, 2042475.125656296266243 ], [ 2900981.812743572518229, 2042474.189947300124913 ], [ 2900982.057717401534319, 2042473.287865283433348 ], [ 2900983.627168426290154, 2042466.721938559552655 ], [ 2900983.639372105710208, 2042466.670534680830315 ], [ 2900983.834293542429805, 2042465.703517512883991 ], [ 2900983.868256272748113, 2042465.49248825549148 ], [ 2900984.69003616925329, 2042460.14342491934076 ], [ 2900984.787863977253437, 2042459.377918440382928 ], [ 2900984.855778892990202, 2042458.396056020399556 ], [ 2900984.859825950115919, 2042457.413327712099999 ], [ 2900984.799803622998297, 2042456.433522459352389 ], [ 2900984.7729561496526, 2042456.173204139340669 ], [ 2900977.05835036886856, 2042387.160103041911498 ], [ 2900976.961327467113733, 2042386.448063014540821 ], [ 2900976.905486281961203, 2042386.12334303651005 ], [ 2900972.938057058490813, 2042364.499264911515638 ], [ 2900972.907605301588774, 2042364.33817631052807 ], [ 2900967.378882797434926, 2042335.964402386453003 ], [ 2900962.972189819440246, 2042312.449494280153885 ], [ 2900962.851418872363865, 2042311.868944079382345 ], [ 2900962.602028709836304, 2042310.923760678851977 ], [ 2900962.291229874826968, 2042309.998054313939065 ], [ 2900962.093217460438609, 2042309.495433632517233 ], [ 2900960.140585517510772, 2042304.792811531573534 ], [ 2900953.501067173667252, 2042280.259267976274714 ], [ 2900943.549178882502019, 2042228.479496075538918 ], [ 2900941.295826588291675, 2042206.54928868310526 ], [ 2900943.37965617980808, 2042184.499116081278771 ], [ 2900950.720191704574972, 2042162.642658654600382 ], [ 2900958.098788739647716, 2042141.302179605932906 ], [ 2900958.274924985133111, 2042140.760359518462792 ], [ 2900958.278447778895497, 2042140.748867975315079 ], [ 2900964.706980776507407, 2042119.589182588271797 ], [ 2900964.948454079218209, 2042118.698692422593012 ], [ 2900971.19367921538651, 2042092.573441419750452 ], [ 2900977.137675332836807, 2042069.608032671036199 ], [ 2900977.206374931614846, 2042069.331972215557471 ], [ 2900987.147026822902262, 2042027.747860077768564 ], [ 2900987.159313570708036, 2042027.696339907357469 ], [ 2900987.354145162273198, 2042026.729343120241538 ], [ 2900987.485845615155995, 2042025.752827728400007 ], [ 2900987.514867230318487, 2042025.435401688562706 ], [ 2900989.381064114626497, 2042002.340814404422417 ], [ 2900989.40606851875782, 2042001.976961196633056 ], [ 2900990.784773609600961, 2041977.618730376241729 ], [ 2900994.832575788721442, 2041950.157610091846436 ], [ 2901002.878726528957486, 2041929.985637588426471 ], [ 2901014.201851561665535, 2041910.345299767330289 ], [ 2901027.041647313162684, 2041894.495597237022594 ], [ 2901027.637418242171407, 2041893.710280292434618 ], [ 2901028.184508631471545, 2041892.884321111487225 ], [ 2901028.200354238972068, 2041892.858724567573518 ], [ 2901052.875036609359086, 2041852.702360068447888 ], [ 2901053.352035761810839, 2041851.868959198240191 ], [ 2901053.788581076078117, 2041850.980541373370215 ], [ 2901054.166707422584295, 2041850.066536386497319 ], [ 2901054.485098690725863, 2041849.130732903024182 ], [ 2901054.607401162385941, 2041848.70781998638995 ], [ 2901061.858154886867851, 2041822.199207646306604 ], [ 2901061.993141903076321, 2041821.66862086369656 ], [ 2901062.187994170468301, 2041820.701724157901481 ], [ 2901062.319797766860574, 2041819.725192323094234 ], [ 2901062.387725369073451, 2041818.743333662394434 ], [ 2901062.391768875531852, 2041817.760510447435081 ], [ 2901062.343786370940506, 2041816.915430850116536 ], [ 2901061.744399022310972, 2041809.867819790029898 ], [ 2901061.732402729801834, 2041809.733294682111591 ], [ 2901061.608657260425389, 2041808.761020030127838 ], [ 2901061.421680052299052, 2041807.800034696003422 ], [ 2901061.172282214276493, 2041806.85475487052463 ], [ 2901060.88511205278337, 2041805.992805803427473 ], [ 2901055.348455819301307, 2041790.934670339804143 ], [ 2901055.324933216441423, 2041790.870897041866556 ], [ 2901054.954134740866721, 2041789.968978338874876 ], [ 2901054.524816590826958, 2041789.094428610987961 ], [ 2901054.039006274193525, 2041788.251037313137203 ], [ 2901053.498617026023567, 2041787.442513267276809 ], [ 2901052.906038453802466, 2041786.672377301380038 ], [ 2901052.263711096718907, 2041785.943836739985272 ], [ 2901051.574567704461515, 2041785.260009450139478 ], [ 2901051.56432790402323, 2041785.250512185506523 ], [ 2901046.328283955808729, 2041780.400179063668475 ], [ 2901045.605351189151406, 2041779.773402555380017 ], [ 2901044.831361631862819, 2041779.187647882383317 ], [ 2901044.019853347912431, 2041778.654652425320819 ], [ 2901043.174451611936092, 2041778.176799718523398 ], [ 2901042.813918223138899, 2041777.994978019036353 ], [ 2901015.595614604651928, 2041764.736686860444024 ], [ 2900996.687856661621481, 2041753.255611796630546 ], [ 2900994.855455062352121, 2041751.06588568049483 ], [ 2900993.026069472078234, 2041747.781664625508711 ], [ 2900991.644640214275569, 2041741.802097007632256 ], [ 2900990.535359536297619, 2041733.11948324739933 ], [ 2900989.293442984111607, 2041710.389255373738706 ], [ 2900988.245927846059203, 2041688.087463523959741 ], [ 2900988.227632746100426, 2041687.770018038107082 ], [ 2900986.503842524252832, 2041662.49539739289321 ], [ 2900986.472552861087024, 2041662.110338484635577 ], [ 2900986.348777785431594, 2041661.137867711717263 ], [ 2900986.161834293976426, 2041660.177080484572798 ], [ 2900985.912422631401569, 2041659.231703252298757 ], [ 2900985.694455966353416, 2041658.562033072812483 ], [ 2900982.701621308922768, 2041650.061219959985465 ], [ 2900982.608798758126795, 2041649.805186887271702 ], [ 2900982.238002116326243, 2041648.903269412461668 ], [ 2900981.808784190565348, 2041648.028703096555546 ], [ 2900981.32287715235725, 2041647.185331053799018 ], [ 2900980.98316892888397, 2041646.663438374875113 ], [ 2900973.203345938585699, 2041635.255815232405439 ], [ 2900973.002879335545003, 2041634.969248090405017 ], [ 2900972.410302472300828, 2041634.199113744078204 ], [ 2900971.767976737581193, 2041633.470574853708968 ], [ 2900971.078819036949426, 2041632.786650740075856 ], [ 2900970.545664988458157, 2041632.315635652048513 ], [ 2900952.66876623313874, 2041617.283148722955957 ], [ 2900952.468764976132661, 2041617.117990324506536 ], [ 2900952.043008161708713, 2041616.78566104802303 ], [ 2900934.654262627474964, 2041603.726296592736617 ], [ 2900918.462078995537013, 2041591.393725659931079 ], [ 2900918.035622235387564, 2041591.080995358992368 ], [ 2900917.974758912809193, 2041591.038308155955747 ], [ 2900900.058293053880334, 2041578.532044017920271 ], [ 2900885.253990764729679, 2041566.300463467137888 ], [ 2900885.150503010489047, 2041566.215729371644557 ], [ 2900884.538978727068752, 2041565.74628268671222 ], [ 2900866.83826596243307, 2041552.887251581298187 ], [ 2900866.571630314923823, 2041552.245088130002841 ], [ 2900865.600134579930454, 2041548.039994831895456 ], [ 2900866.634123282507062, 2041537.099722675047815 ], [ 2900867.061706855893135, 2041536.120850763982162 ], [ 2900879.290139160118997, 2041518.571540491422638 ], [ 2900881.053654103539884, 2041516.827686649747193 ], [ 2900904.463574381545186, 2041503.352045655716211 ], [ 2900923.459365298040211, 2041493.501115259481594 ], [ 2900923.80644121626392, 2041493.315527491504326 ], [ 2900924.611213750205934, 2041492.838958270382136 ], [ 2900946.148861960507929, 2041479.18277230928652 ], [ 2900946.19371883617714, 2041479.154235600028187 ], [ 2900947.009642434306443, 2041478.5951181743294 ], [ 2900947.788584936410189, 2041477.984307998325676 ], [ 2900948.527023807168007, 2041477.324473541229963 ], [ 2900948.974914464168251, 2041476.879808205645531 ], [ 2900964.753415598534048, 2041460.561871441546828 ], [ 2900965.000363304279745, 2041460.300472154747695 ], [ 2900965.648650172632188, 2041459.551249118987471 ], [ 2900966.247729377821088, 2041458.761885493528098 ], [ 2900966.794827398378402, 2041457.935927736340091 ], [ 2900967.287564491853118, 2041457.076850751182064 ], [ 2900967.724002194590867, 2041456.188353496836498 ], [ 2900968.102233713958412, 2041455.274331983178854 ], [ 2900968.118340636603534, 2041455.231447795173153 ], [ 2900977.015073778107762, 2041431.393140381900594 ], [ 2900977.317463894374669, 2041430.500204897485673 ], [ 2900977.574661954771727, 2041429.546724821906537 ], [ 2900977.769603543449193, 2041428.579713461454958 ], [ 2900977.83930791541934, 2041428.122652424266562 ], [ 2900980.902604438364506, 2041405.754778451751918 ], [ 2900980.964612123090774, 2041405.235327502945438 ], [ 2900980.996229145675898, 2041404.88548643165268 ], [ 2900982.529801370576024, 2041385.387049508746713 ], [ 2900985.526713114231825, 2041363.504342392086983 ], [ 2900988.28406431991607, 2041344.34846811578609 ], [ 2900988.360616707243025, 2041343.725975087145343 ], [ 2900988.371589000336826, 2041343.613947716774419 ], [ 2900990.462760431692004, 2041321.491226663347334 ], [ 2900990.519724372774363, 2041320.621397991199046 ], [ 2900990.523776385001838, 2041319.63857747707516 ], [ 2900990.467501666396856, 2041318.69836200773716 ], [ 2900988.445206479169428, 2041296.584154780721292 ], [ 2900988.441577462479472, 2041296.544553361833096 ], [ 2900988.317840287927538, 2041295.572281624656171 ], [ 2900988.130871086381376, 2041294.611299260286614 ], [ 2900987.881480928510427, 2041293.666022435994819 ], [ 2900987.57069702912122, 2041292.740320972632617 ], [ 2900987.19988944940269, 2041291.838306641904637 ], [ 2900986.872965409886092, 2041291.159538376145065 ], [ 2900985.002703654579818, 2041287.517468687845394 ], [ 2900984.900331711396575, 2041287.321788666304201 ], [ 2900984.414543161168694, 2041286.478498820448294 ], [ 2900983.874159377999604, 2041285.669977660756558 ], [ 2900983.703761359676719, 2041285.437475812621415 ], [ 2900968.817943409085274, 2041265.537653283216059 ], [ 2900968.395752160344273, 2041264.99992364901118 ], [ 2900967.753429496660829, 2041264.271386136766523 ], [ 2900967.064274428412318, 2041263.587463304866105 ], [ 2900966.347665601409972, 2041262.964712930843234 ], [ 2900946.077439802698791, 2041246.478932851459831 ], [ 2900946.060781172476709, 2041246.465430191252381 ], [ 2900945.286778985057026, 2041245.879580109613016 ], [ 2900944.475371770560741, 2041245.34656980051659 ], [ 2900944.450315112713724, 2041245.331246825167909 ], [ 2900927.201674989424646, 2041234.857531088870019 ], [ 2900907.805640480015427, 2041219.846349141327664 ], [ 2900907.569135612342507, 2041219.667137576732785 ], [ 2900889.495800107251853, 2041206.260269684018567 ], [ 2900875.719338769093156, 2041193.866860099835321 ], [ 2900875.152791075408459, 2041193.382851153146476 ], [ 2900874.378805515822023, 2041192.797100951429456 ], [ 2900873.567300656344742, 2041192.264109932119027 ], [ 2900872.721803309395909, 2041191.786279492080212 ], [ 2900872.093185111880302, 2041191.477130949031562 ], [ 2900868.045386863872409, 2041189.606500373221934 ], [ 2900865.766555675771087, 2041187.72357037756592 ], [ 2900845.3548668846488, 2041170.336642706999555 ], [ 2900845.084182650782168, 2041170.111821610014886 ], [ 2900844.825858042575419, 2041169.907166415592656 ], [ 2900840.32342442125082, 2041166.422529738862067 ], [ 2900828.383490019477904, 2041155.361971186241135 ], [ 2900812.543845130130649, 2041136.432683426653966 ], [ 2900799.522403803654015, 2041115.847459305077791 ], [ 2900796.242882827296853, 2041105.200573868351057 ], [ 2900792.434053104370832, 2041084.43649763870053 ], [ 2900792.302904830314219, 2041083.80013598757796 ], [ 2900792.296248530969024, 2041083.771327554015443 ], [ 2900781.296104269567877, 2041036.154566011857241 ], [ 2900781.053259355947375, 2041035.238019295269623 ], [ 2900780.742478722706437, 2041034.312320425873622 ], [ 2900780.707823117729276, 2041034.220248640747741 ], [ 2900765.241015425417572, 2040993.574939770391211 ], [ 2900759.542687491513789, 2040973.044472901150584 ], [ 2900756.418367823585868, 2040951.43790793302469 ], [ 2900757.040305333212018, 2040928.090090009151027 ], [ 2900764.317633107304573, 2040913.266858938150108 ], [ 2900774.274753887206316, 2040902.806338066933677 ], [ 2900774.437702228315175, 2040902.632513269782066 ], [ 2900774.447283372282982, 2040902.622151813004166 ], [ 2900781.850497619248927, 2040894.585810995660722 ], [ 2900782.48930958006531, 2040893.846931426785886 ], [ 2900783.088396859355271, 2040893.057568003889173 ], [ 2900783.635388919617981, 2040892.231530105695128 ], [ 2900784.128248821012676, 2040891.372534579597414 ], [ 2900784.316502126865089, 2040891.006902799941599 ], [ 2900794.85931639932096, 2040869.838764146668836 ], [ 2900795.107624111697078, 2040869.315980549436063 ], [ 2900795.485865032300353, 2040868.401960639981553 ], [ 2900795.699364085681736, 2040867.796868819976225 ], [ 2900802.353295837063342, 2040847.609151541953906 ], [ 2900802.458204479888082, 2040847.2784433378838 ], [ 2900802.715411976911128, 2040846.324965378735214 ], [ 2900802.910264568403363, 2040845.357974282931536 ], [ 2900802.979989198036492, 2040844.901012985035777 ], [ 2900805.786223507486284, 2040824.412992663914338 ], [ 2900820.480202726088464, 2040787.98809766327031 ], [ 2900830.131671934854239, 2040769.706138121662661 ], [ 2900830.358194812200963, 2040769.259621848119423 ], [ 2900842.919999402947724, 2040743.469305517384782 ], [ 2900842.942519448697567, 2040743.422822096850723 ], [ 2900851.990002007223666, 2040724.688520700205117 ], [ 2900852.15547551214695, 2040724.33433180488646 ], [ 2900852.533735942095518, 2040723.420411761151627 ], [ 2900852.610285706818104, 2040723.212699657538906 ], [ 2900860.671833256259561, 2040700.835560412611812 ], [ 2900869.207073219120502, 2040679.439499820116907 ], [ 2900881.097355633042753, 2040660.090280072530732 ], [ 2900893.151802816893905, 2040641.796548222191632 ], [ 2900893.398214716464281, 2040641.410105235176161 ], [ 2900893.891065420117229, 2040640.551013794727623 ], [ 2900894.21148665715009, 2040639.913307697512209 ], [ 2900905.017518581356853, 2040617.10625824984163 ], [ 2900916.45433512981981, 2040597.192771892994642 ], [ 2900916.468952638097107, 2040597.167094611097127 ], [ 2900927.461092729121447, 2040577.942705483175814 ], [ 2900927.689319110009819, 2040577.528840171173215 ], [ 2900928.125872286967933, 2040576.640329346992075 ], [ 2900928.504136702045798, 2040575.7264108217787 ], [ 2900928.725961224641651, 2040575.096179452491924 ], [ 2900936.491162847727537, 2040551.399625453865156 ], [ 2900950.322879094164819, 2040531.181523215258494 ], [ 2900964.576600168831646, 2040518.556142861954868 ], [ 2900982.951465237885714, 2040505.144459973322228 ], [ 2900989.578856411390007, 2040500.942431939765811 ], [ 2901000.119419874157757, 2040500.863843235187232 ], [ 2901062.874876158777624, 2040483.018966855481267 ], [ 2901067.984740463085473, 2040462.771461191819981 ], [ 2901069.365859139710665, 2040439.338123211637139 ], [ 2901065.957198330201209, 2040424.953270856989548 ], [ 2901066.613483969122171, 2040412.129581567365676 ], [ 2901066.623090800829232, 2040411.911320549203083 ], [ 2901066.627144165802747, 2040410.928406631574035 ], [ 2901066.567174393683672, 2040409.948711123783141 ], [ 2901066.443436923436821, 2040408.976345491828397 ], [ 2901066.256498367525637, 2040408.015466074924916 ], [ 2901066.249956705607474, 2040407.986738363746554 ], [ 2901066.027607129886746, 2040407.024283015169203 ], [ 2901074.680564704351127, 2040364.317285115364939 ], [ 2901078.937699158675969, 2040310.73930570227094 ], [ 2901104.138519493862987, 2040271.385822266107425 ], [ 2901109.32719851937145, 2040255.631807268597186 ], [ 2901106.716442399658263, 2040244.107310782885179 ], [ 2901108.207838714588434, 2040233.221061861841008 ], [ 2901108.269925714936107, 2040232.70139969419688 ], [ 2901108.33791514672339, 2040231.719747125403956 ], [ 2901108.341972137801349, 2040230.736834251089022 ], [ 2901108.319635255262256, 2040230.239715460222214 ], [ 2901107.195908784866333, 2040212.012811539461836 ], [ 2901107.158377967774868, 2040211.530217944644392 ], [ 2901107.123531511053443, 2040211.199254531180486 ], [ 2901106.075466008856893, 2040202.20829071267508 ], [ 2901105.986677151639014, 2040201.566871628398076 ], [ 2901105.936616818420589, 2040201.274268808308989 ], [ 2901102.195152414962649, 2040180.62212276016362 ], [ 2901102.058163699693978, 2040179.95376656530425 ], [ 2901101.898890241980553, 2040179.322013632627204 ], [ 2901095.539505668915808, 2040156.244760218542069 ], [ 2901095.449406754691154, 2040155.931241561891511 ], [ 2901095.23150379024446, 2040155.261871936963871 ], [ 2901086.254086783155799, 2040129.759432435268536 ], [ 2901086.161238688975573, 2040129.503204187611118 ], [ 2901086.092598646413535, 2040129.322590419324115 ], [ 2901078.461975084617734, 2040109.650677145691589 ], [ 2901078.159922264982015, 2040108.929263659752905 ], [ 2901078.091776696033776, 2040108.780099174240604 ], [ 2901068.345635516103357, 2040087.76602394413203 ], [ 2901062.940406949725002, 2040068.439010403584689 ], [ 2901059.097237539011985, 2040047.484101049602032 ], [ 2901058.96608536504209, 2040046.847643842222169 ], [ 2901058.71669895388186, 2040045.902274560416117 ], [ 2901058.405949314124882, 2040044.976677415659651 ], [ 2901058.244981561787426, 2040044.56387724308297 ], [ 2901048.744301298167557, 2040021.25000988598913 ], [ 2901048.666941269766539, 2040021.06367944041267 ], [ 2901039.738819667138159, 2039999.984927119221538 ], [ 2901032.109362333081663, 2039979.573537384625524 ], [ 2901027.614239471964538, 2039960.112377082929015 ], [ 2901027.371379906311631, 2039959.195637505501509 ], [ 2901027.267991183325648, 2039958.864353815093637 ], [ 2901020.160823575686663, 2039937.003900246461853 ], [ 2901019.953562487848103, 2039936.409569634357467 ], [ 2901019.582773529924452, 2039935.507561573758721 ], [ 2901019.255977228749543, 2039934.828878578729928 ], [ 2901008.035488870926201, 2039912.976897194050252 ], [ 2901007.932990654371679, 2039912.781039357651025 ], [ 2901007.447103849612176, 2039911.937674647895619 ], [ 2901007.177382501773536, 2039911.519591282587498 ], [ 2900993.040011106990278, 2039890.402787136379629 ], [ 2900992.921166356187314, 2039890.228154313750565 ], [ 2900979.008336302358657, 2039870.083044421626255 ], [ 2900978.85656497720629, 2039869.867442132672295 ], [ 2900978.264004778116941, 2039869.09731455380097 ], [ 2900977.811126521322876, 2039868.573483102722093 ], [ 2900963.049164277035743, 2039852.299240135122091 ], [ 2900952.608574306592345, 2039838.578510736580938 ], [ 2900945.254117401782423, 2039822.37819713470526 ], [ 2900939.041014734655619, 2039803.267326718661934 ], [ 2900938.296445021405816, 2039783.954726484837011 ], [ 2900938.241547292098403, 2039783.126333453226835 ], [ 2900938.217584132216871, 2039782.89145843940787 ], [ 2900936.346332632936537, 2039765.881427905289456 ], [ 2900936.335451510269195, 2039765.785340394591913 ], [ 2900935.356407580431551, 2039757.384963686577976 ], [ 2900934.413957559503615, 2039731.76513887103647 ], [ 2900934.411802630871534, 2039705.692200913792476 ], [ 2900935.102205309085548, 2039692.205343858571723 ], [ 2900938.587023593019694, 2039668.355249582324177 ], [ 2900938.668166577350348, 2039667.701305510941893 ], [ 2900938.736231838352978, 2039666.719440765446052 ], [ 2900938.740215158089995, 2039665.736647309968248 ], [ 2900938.724005977623165, 2039665.345102234743536 ], [ 2900937.450613345950842, 2039642.014267180580646 ], [ 2900937.406963709741831, 2039641.426103112054989 ], [ 2900937.402443673461676, 2039641.379058341030031 ], [ 2900935.156860238872468, 2039618.293266513152048 ], [ 2900935.037655476015061, 2039617.367950188927352 ], [ 2900934.971553028561175, 2039616.988109627738595 ], [ 2900930.565175703261048, 2039593.464366034604609 ], [ 2900927.008504365570843, 2039573.831200466724113 ], [ 2900926.163622604683042, 2039555.81952251913026 ], [ 2900927.618135230615735, 2039552.270663752686232 ], [ 2900940.779080368578434, 2039532.074686827370897 ], [ 2900956.303358453325927, 2039513.268629148136824 ], [ 2900956.389976043254137, 2039513.162631106562912 ], [ 2900956.988994598388672, 2039512.373294895049185 ], [ 2900957.536130917258561, 2039511.547346999868751 ], [ 2900957.950753000564873, 2039510.833710173144937 ], [ 2900970.962558883242309, 2039486.987377074547112 ], [ 2900971.040826919488609, 2039486.842027749866247 ], [ 2900971.477319932542741, 2039485.953639693791047 ], [ 2900971.855590924620628, 2039485.039629026316106 ], [ 2900972.107040307950228, 2039484.318125282414258 ], [ 2900981.079863822087646, 2039456.348139865556732 ], [ 2900981.146867765579373, 2039456.133951201103628 ], [ 2900981.40410487819463, 2039455.180482236202806 ], [ 2900981.598970731720328, 2039454.213401378598064 ], [ 2900981.730736253783107, 2039453.236999007407576 ], [ 2900981.762413931079209, 2039452.88745745155029 ], [ 2900983.331388250924647, 2039432.95366317499429 ], [ 2900983.367894772440195, 2039432.321422007167712 ], [ 2900983.371981175150722, 2039431.338612011400983 ], [ 2900983.312012292444706, 2039430.35882340464741 ], [ 2900983.188290995545685, 2039429.386463244911283 ], [ 2900983.122288310900331, 2039429.006605125498027 ], [ 2900978.707863394636661, 2039405.439231308409944 ], [ 2900978.58704173984006, 2039404.858197680907324 ], [ 2900978.337680811993778, 2039403.912930632242933 ], [ 2900978.250723853707314, 2039403.632815912133083 ], [ 2900971.109316888730973, 2039381.391706594033167 ], [ 2900962.86028752848506, 2039345.676389009226114 ], [ 2900959.793579442892224, 2039324.460532243130729 ], [ 2900962.222321, 2039304.503557923715562 ], [ 2900969.355183688923717, 2039281.753393827704713 ], [ 2900977.549372321926057, 2039260.571966220391914 ], [ 2900977.598152866587043, 2039260.444247025996447 ], [ 2900977.916496314108372, 2039259.508475233800709 ], [ 2900977.919803633354604, 2039259.497530223568901 ], [ 2900984.237201231531799, 2039238.711144850356504 ], [ 2900991.87014842312783, 2039217.526869891444221 ], [ 2901002.847054619342089, 2039197.11741581116803 ], [ 2901002.880866123363376, 2039197.054176529636607 ], [ 2901003.317463836632669, 2039196.165772483684123 ], [ 2901003.533963175490499, 2039195.66307906457223 ], [ 2901013.012656191363931, 2039172.53712685382925 ], [ 2901024.978357401676476, 2039151.786440855357796 ], [ 2901038.208966814447194, 2039128.922173595055938 ], [ 2901038.476820192299783, 2039128.439557044068351 ], [ 2901038.913419787772, 2039127.551153747364879 ], [ 2901039.291683034971356, 2039126.637047143653035 ], [ 2901039.543138613924384, 2039125.915545369964093 ], [ 2901046.689600777812302, 2039103.639700778061524 ], [ 2901054.582553920336068, 2039080.146548948250711 ], [ 2901054.714990281499922, 2039079.732960910769179 ], [ 2901054.972235708497465, 2039078.779494543094188 ], [ 2901055.167109716217965, 2039077.812416196335107 ], [ 2901055.217747717164457, 2039077.490056325681508 ], [ 2901058.806196087040007, 2039052.934224261203781 ], [ 2901058.887414515018463, 2039052.280067842686549 ], [ 2901058.955508238170296, 2039051.298305373406038 ], [ 2901058.959503757767379, 2039050.315515464637429 ], [ 2901058.899640581570566, 2039049.335711023770273 ], [ 2901058.819083567708731, 2039048.649601345183328 ], [ 2901055.601582746487111, 2039025.809115338372067 ], [ 2901055.371493591926992, 2039024.561896224506199 ], [ 2901055.365000089164823, 2039024.533464329317212 ], [ 2901045.265490086749196, 2038980.804267065599561 ], [ 2901045.088980626314878, 2038980.115617829374969 ], [ 2901039.403731115162373, 2038959.953750533750281 ], [ 2901039.337380013428628, 2038959.725566508015618 ], [ 2901039.250523546244949, 2038959.445434460882097 ], [ 2901032.018101665657014, 2038936.920053773326799 ], [ 2901025.520161534659564, 2038913.182083769468591 ], [ 2901025.498445720877498, 2038913.103684703353792 ], [ 2901019.680077095516026, 2038892.296711745671928 ], [ 2901014.364164350554347, 2038869.279551240149885 ], [ 2901012.380311121232808, 2038848.878864185186103 ], [ 2901015.414918712805957, 2038825.852101768599823 ], [ 2901030.933289265725762, 2038760.965146269416437 ], [ 2901030.945681386627257, 2038760.913000117987394 ], [ 2901031.140577163081616, 2038759.946021983167157 ], [ 2901031.272439106367528, 2038758.969507296336815 ], [ 2901031.340439633466303, 2038757.987764304503798 ], [ 2901031.344538726843894, 2038757.004958112956956 ], [ 2901031.284582095220685, 2038756.025173192843795 ], [ 2901031.182541492395103, 2038755.19146202900447 ], [ 2901029.237211876548827, 2038742.31363914324902 ], [ 2901029.028713993728161, 2038741.214006830006838 ], [ 2901028.779363530687988, 2038740.268742968095466 ], [ 2901028.615078265313059, 2038739.75453103124164 ], [ 2901025.398593600373715, 2038730.281979030231014 ], [ 2901025.25203402666375, 2038729.870519920485094 ], [ 2901024.881277437787503, 2038728.9686161626596 ], [ 2901024.452096645720303, 2038728.094062910182402 ], [ 2901023.993997439742088, 2038727.295549809234217 ], [ 2901015.76632973831147, 2038713.944386158371344 ], [ 2901015.738555966410786, 2038713.899539585690945 ], [ 2901015.468857096973807, 2038713.481557281920686 ], [ 2901010.756701041944325, 2038706.442595581524074 ], [ 2901010.507085961289704, 2038706.081505555659533 ], [ 2900997.294467777013779, 2038687.574062573956326 ], [ 2900987.976442911662161, 2038670.843196192756295 ], [ 2900983.322069057263434, 2038654.486677165143192 ], [ 2900980.589806126430631, 2038630.142699057469144 ], [ 2900979.426089893095195, 2038608.807277710177004 ], [ 2900983.246150529477745, 2038583.962616874370724 ], [ 2900987.934353012125939, 2038560.618252479704097 ], [ 2900993.436098389327526, 2038535.715830156812444 ], [ 2900993.583986384328455, 2038534.954437397886068 ], [ 2900993.602917605545372, 2038534.838938323082402 ], [ 2900998.238749910145998, 2038505.906042717164382 ], [ 2900998.351586651057005, 2038505.045046293875203 ], [ 2900998.410024569835514, 2038504.28185892640613 ], [ 2900999.524250648915768, 2038482.533393042860553 ], [ 2901001.159811689518392, 2038458.596264248946682 ], [ 2901001.184870486147702, 2038458.120354499667883 ], [ 2901001.188974808901548, 2038457.137549956561998 ], [ 2901001.129023266024888, 2038456.157766708638519 ], [ 2901001.108850501477718, 2038455.957800648640841 ], [ 2900998.415247718803585, 2038430.928808882832527 ], [ 2900998.124809536151588, 2038429.19555143546313 ], [ 2900997.875447962898761, 2038428.250190794467926 ], [ 2900997.564705999568105, 2038427.324503585230559 ], [ 2900997.193953517824411, 2038426.422601499129087 ], [ 2900996.764776568859816, 2038425.548049883916974 ], [ 2900996.686334979254752, 2038425.402888287324458 ], [ 2900987.785453116055578, 2038409.136459826491773 ], [ 2900987.378041276242584, 2038408.438362027984113 ], [ 2900986.837687957566231, 2038407.629852750804275 ], [ 2900986.553497702348977, 2038407.247159326914698 ], [ 2900973.314601799938828, 2038390.017341601662338 ], [ 2900973.006245756987482, 2038389.629913146141917 ], [ 2900972.36402948666364, 2038388.901269507594407 ], [ 2900971.674812104552984, 2038388.217472560936585 ], [ 2900971.665159845724702, 2038388.208477216772735 ], [ 2900955.958344986662269, 2038373.657188765704632 ], [ 2900955.234975246712565, 2038373.030101208249107 ], [ 2900954.460986094549298, 2038372.444258688017726 ], [ 2900954.400580813642591, 2038372.401894627138972 ], [ 2900936.536683539394289, 2038359.931217356817797 ], [ 2900919.567700498737395, 2038345.661045670509338 ], [ 2900904.096097697503865, 2038330.585943163372576 ], [ 2900874.92139049526304, 2038301.289195787161589 ], [ 2900862.001860269811004, 2038287.168833591975272 ], [ 2900859.476187042426318, 2038283.570822730194777 ], [ 2900859.38803829299286, 2038283.446592220803723 ], [ 2900858.92486174358055, 2038282.835905439918861 ], [ 2900846.470902206376195, 2038267.277718958677724 ], [ 2900835.777050749398768, 2038249.92454489110969 ], [ 2900828.698823892511427, 2038235.647494256263599 ], [ 2900823.647471661679447, 2038222.249228695174679 ], [ 2900823.295500024221838, 2038221.397359398659319 ], [ 2900822.866325650364161, 2038220.522810303606093 ], [ 2900822.408444971777499, 2038219.724364026915282 ], [ 2900809.244244085159153, 2038198.36257120477967 ], [ 2900809.216454811394215, 2038198.317626339150593 ], [ 2900809.028877636417747, 2038198.023552829166874 ], [ 2900797.251326684840024, 2038180.037304324796423 ], [ 2900789.381871424149722, 2038158.295357571449131 ], [ 2900782.779242797754705, 2038138.253628330538049 ], [ 2900777.979896755889058, 2038117.470726855797693 ], [ 2900775.69130530860275, 2038095.171283809933811 ], [ 2900775.907515256199986, 2038070.243000130867586 ], [ 2900775.902039694599807, 2038069.683602864388376 ], [ 2900775.842109251767397, 2038068.703920415835455 ], [ 2900775.718409896828234, 2038067.731568046612665 ], [ 2900775.531508076936007, 2038066.770702042849734 ], [ 2900775.338906391523778, 2038066.019675381481647 ], [ 2900769.878426915500313, 2038046.829517242033035 ], [ 2900769.821687712334096, 2038046.635284775635228 ], [ 2900769.511049206368625, 2038045.709583014715463 ], [ 2900769.468370720278472, 2038045.596559925470501 ], [ 2900759.309671556111425, 2038019.019266735762358 ], [ 2900753.990948609542102, 2038000.155754966661334 ], [ 2900750.112525703385472, 2037979.235225276090205 ], [ 2900749.192077028565109, 2037959.593677307479084 ], [ 2900752.632867909036577, 2037940.325334263499826 ], [ 2900756.335414288565516, 2037931.505055160494521 ], [ 2900760.364996396936476, 2037926.844302440527827 ], [ 2900763.404742086306214, 2037923.394173287320882 ], [ 2900775.697309171780944, 2037909.441910846158862 ], [ 2900791.913414181210101, 2037896.645483309635893 ], [ 2900795.158865804784, 2037906.497035307809711 ], [ 2900801.641255018301308, 2037930.180713597917929 ], [ 2900801.647839060053229, 2037930.204666707664728 ], [ 2900808.005836861208081, 2037953.281809313222766 ], [ 2900808.096086675766855, 2037953.595699944766238 ], [ 2900808.406822182703763, 2037954.521383590064943 ], [ 2900808.777485840022564, 2037955.423398385988548 ], [ 2900809.206739461049438, 2037956.297829709947109 ], [ 2900809.377871186006814, 2037956.610001531429589 ], [ 2900821.569602095056325, 2037978.216940981801599 ], [ 2900821.884220028296113, 2037978.748042732244357 ], [ 2900822.403411841485649, 2037979.5270293680951 ], [ 2900835.188030608929694, 2037997.43560056691058 ], [ 2900838.98205524077639, 2038006.204398220404983 ], [ 2900839.069666879251599, 2038006.402856801869348 ], [ 2900839.498822695575655, 2038007.277306518983096 ], [ 2900839.984671262092888, 2038008.120562607655302 ], [ 2900840.525020034983754, 2038008.929068529047072 ], [ 2900840.715302480850369, 2038009.188272086204961 ], [ 2900851.111813780386001, 2038023.021153711946681 ], [ 2900851.514073604717851, 2038023.532068867236376 ], [ 2900852.156270480249077, 2038024.26061095809564 ], [ 2900852.687209244351834, 2038024.795498924329877 ], [ 2900889.800400271080434, 2038060.288689638720825 ], [ 2900899.967285220511258, 2038075.670780501328409 ], [ 2900900.285622982308269, 2038076.132958163274452 ], [ 2900900.878181806765497, 2038076.90317631023936 ], [ 2900901.295947099104524, 2038077.388254125602543 ], [ 2900917.348374866880476, 2038095.213482588762417 ], [ 2900930.556259608827531, 2038113.714987933635712 ], [ 2900930.577416279353201, 2038113.744506960501894 ], [ 2900930.987307773903012, 2038114.288414265261963 ], [ 2900941.159402295947075, 2038127.149430350866169 ], [ 2900941.271701924968511, 2038127.289655252126977 ], [ 2900959.687725501134992, 2038149.993266793899238 ], [ 2900973.114570341072977, 2038168.801213942933828 ], [ 2900973.1356285889633, 2038168.830750883556902 ], [ 2900973.728188530541956, 2038169.600970323896036 ], [ 2900974.146052991971374, 2038170.086031128652394 ], [ 2900990.750492936000228, 2038188.524196618702263 ], [ 2900990.974827179685235, 2038188.767680240795016 ], [ 2900991.663846368901432, 2038189.451512602623552 ], [ 2900992.379980694502592, 2038190.073931757360697 ], [ 2901012.649077187757939, 2038206.5601333421655 ], [ 2901012.666094142943621, 2038206.573976294836029 ], [ 2901013.440098819322884, 2038207.159917891025543 ], [ 2901014.25157929584384, 2038207.692805850412697 ], [ 2901015.097186403349042, 2038208.170713574625552 ], [ 2901015.910593279171735, 2038208.563609632430598 ], [ 2901021.068839299026877, 2038210.860967406770214 ], [ 2901051.596075569745153, 2038250.329768918221816 ], [ 2901099.001767840236425, 2038299.436943933367729 ], [ 2901070.303261151537299, 2038257.084985028253868 ], [ 2901058.766014070250094, 2038235.130718338536099 ], [ 2901066.787848463281989, 2038225.924442810704932 ], [ 2901071.903445273637772, 2038224.22426045499742 ], [ 2901112.346476682461798, 2038216.874390922952443 ], [ 2901176.009231363423169, 2038203.385467438027263 ], [ 2901214.704322983510792, 2038200.82646070420742 ], [ 2901257.735093429684639, 2038203.471603570505977 ], [ 2901307.499326445627958, 2038206.221622178563848 ], [ 2901364.833753950893879, 2038214.668458431493491 ], [ 2901380.645024590194225, 2038216.99781374190934 ], [ 2901404.01704479008913, 2038223.384331033565104 ], [ 2901430.437302284874022, 2038239.785283378092572 ], [ 2901434.635834592394531, 2038246.734150326577947 ], [ 2901434.503426258452237, 2038257.172628040891141 ], [ 2901443.000557710416615, 2038266.852380646858364 ], [ 2901481.129553692415357, 2038291.456790816737339 ], [ 2901514.422079938463867, 2038315.871364147169515 ], [ 2901535.304535965435207, 2038324.423384903930128 ], [ 2901535.755632025189698, 2038324.89896481577307 ], [ 2901550.829419163987041, 2038341.518048007041216 ], [ 2901551.018995360471308, 2038341.723027716390789 ], [ 2901551.050994250923395, 2038341.756965679815039 ], [ 2901566.00992082292214, 2038357.524902151664719 ], [ 2901566.667075611650944, 2038358.174984924728051 ], [ 2901566.67682636436075, 2038358.18396250391379 ], [ 2901587.421357306651771, 2038377.402353446464986 ], [ 2901597.926020502578467, 2038387.884467921685427 ], [ 2901598.30498811416328, 2038388.249131084186956 ], [ 2901598.767089408822358, 2038388.660141902044415 ], [ 2901619.260724963620305, 2038406.118230995023623 ], [ 2901619.531665957067162, 2038406.343412147834897 ], [ 2901619.878766727168113, 2038406.616309686563909 ], [ 2901636.109119378495961, 2038418.978993681492284 ], [ 2901636.256401857826859, 2038419.089742100797594 ], [ 2901654.880050642415881, 2038432.905889718793333 ], [ 2901655.159579401835799, 2038433.108214434469119 ], [ 2901655.971082078292966, 2038433.641212980961427 ], [ 2901656.81668007094413, 2038434.11903466982767 ], [ 2901656.857030195184052, 2038434.139995804289356 ], [ 2901675.55533888656646, 2038443.824113142909482 ], [ 2901676.390809176489711, 2038444.223762943409383 ], [ 2901677.16721130348742, 2038444.538922209991142 ], [ 2901698.557883255183697, 2038452.516169215086848 ], [ 2901698.684304729104042, 2038452.562662370735779 ], [ 2901698.959958305582404, 2038452.659515041392297 ], [ 2901714.187038612551987, 2038457.837391916895285 ], [ 2901738.123619126621634, 2038467.570275801932439 ], [ 2901757.187479258514941, 2038477.546186569845304 ], [ 2901776.033753952477127, 2038488.208541304105893 ], [ 2901794.923514488618821, 2038503.573004058096558 ], [ 2901811.59734220802784, 2038519.391963006462902 ], [ 2901829.64581716619432, 2038536.855685652466491 ], [ 2901844.643078237771988, 2038554.095437772572041 ], [ 2901845.033032025676221, 2038554.525950702372938 ], [ 2901845.583834742195904, 2038555.079756405204535 ], [ 2901859.691283043008298, 2038568.520524484571069 ], [ 2901875.453956381417811, 2038586.024007730418816 ], [ 2901888.499806512147188, 2038603.661273230332881 ], [ 2901888.968635659664869, 2038604.261716703884304 ], [ 2901889.610940403304994, 2038604.990257480181754 ], [ 2901889.994377577677369, 2038605.382100841030478 ], [ 2901908.398049429059029, 2038623.487443514633924 ], [ 2901930.764396758750081, 2038665.005973681341857 ], [ 2901930.863161346875131, 2038665.186182972043753 ], [ 2901941.116646647453308, 2038683.596878129290417 ], [ 2901951.261796418577433, 2038705.945661809295416 ], [ 2901960.239309622906148, 2038727.142855929676443 ], [ 2901960.344961104914546, 2038727.386108176782727 ], [ 2901971.020374132320285, 2038751.379767081700265 ], [ 2901981.657768816687167, 2038775.742782364832237 ], [ 2901987.778760445769876, 2038794.054398224921897 ], [ 2901991.770171050447971, 2038815.582135286414996 ], [ 2901995.277787537313998, 2038835.214298012433574 ], [ 2901995.304818648844957, 2038835.361096362350509 ], [ 2901999.736784920562059, 2038858.808401544112712 ], [ 2902000.474818129092455, 2038877.966539999470115 ], [ 2901998.279272310435772, 2038898.004263722803444 ], [ 2901998.267344269901514, 2038898.11605603643693 ], [ 2901998.205076558049768, 2038898.958836279809475 ], [ 2901997.031739361584187, 2038924.489610247779638 ], [ 2901994.766464447136968, 2038945.163384782383218 ], [ 2901994.754650792106986, 2038945.275257769972086 ], [ 2901994.686546576209366, 2038946.257017432246357 ], [ 2901994.682557449210435, 2038947.239904441637918 ], [ 2901994.686684994027019, 2038947.364599397871643 ], [ 2901995.615361918695271, 2038972.63035265984945 ], [ 2901993.227173842955381, 2038991.58869765070267 ], [ 2901993.18665270647034, 2038991.944406515685841 ], [ 2901993.118549381382763, 2038992.926166444318369 ], [ 2901993.114409463480115, 2038993.054899007314816 ], [ 2901992.467593733221292, 2039015.989536611130461 ], [ 2901989.215307266451418, 2039038.243771045701578 ], [ 2901982.283576589077711, 2039058.28481843881309 ], [ 2901982.107181376777589, 2039058.827170404838398 ], [ 2901981.862218460999429, 2039059.728502476355061 ], [ 2901980.292002358473837, 2039066.294095885939896 ], [ 2901980.279676753561944, 2039066.346026865532622 ], [ 2901980.084693885874003, 2039067.313118202611804 ], [ 2901979.952926744706929, 2039068.289613139117137 ], [ 2901979.884824971668422, 2039069.271373529452831 ], [ 2901979.880739762447774, 2039070.254279134096578 ], [ 2901979.881203465163708, 2039070.267885325942189 ], [ 2901979.981126447208226, 2039073.673254280351102 ], [ 2901976.049021690618247, 2039093.639180660946295 ], [ 2901975.972726603969932, 2039094.057267790660262 ], [ 2901975.900189081672579, 2039094.535315776709467 ], [ 2901971.852321697864681, 2039124.389250129461288 ], [ 2901968.793637232854962, 2039135.44238881347701 ], [ 2901961.984704828355461, 2039158.694123907247558 ], [ 2901949.014866322278976, 2039178.595697079319507 ], [ 2901933.625291915610433, 2039199.686606949195266 ], [ 2901933.540259960573167, 2039199.804381984984502 ], [ 2901921.873794103506953, 2039216.112533893203363 ], [ 2901921.839477317407727, 2039216.160652429098263 ], [ 2901921.292418608441949, 2039216.986568309832364 ], [ 2901920.7995241782628, 2039217.845640040235594 ], [ 2901920.363028079736978, 2039218.734115104889497 ], [ 2901920.092478512786329, 2039219.370244075544178 ], [ 2901910.969379120506346, 2039242.235801982926205 ], [ 2901910.861639689654112, 2039242.513673422858119 ], [ 2901910.675510921515524, 2039243.035789337242022 ], [ 2901906.930434906855226, 2039254.183048104401678 ], [ 2901869.38405879586935, 2039301.275169420521706 ], [ 2901837.125069703906775, 2039373.829101433278993 ], [ 2901779.77961557963863, 2039507.023689940106124 ], [ 2901764.246150300838053, 2039559.646228990517557 ], [ 2901764.000135399401188, 2039559.968395848292857 ], [ 2901763.679936312139034, 2039560.403325024293736 ], [ 2901763.132772585377097, 2039561.229164100484923 ], [ 2901762.639887380413711, 2039562.088239533826709 ], [ 2901762.584762584418058, 2039562.192873482592404 ], [ 2901753.561713336966932, 2039579.47634174185805 ], [ 2901741.131542822346091, 2039599.701884644571692 ], [ 2901740.865993431769311, 2039600.150917759630829 ], [ 2901730.620966942049563, 2039618.15783427329734 ], [ 2901730.409231931436807, 2039618.542630509473383 ], [ 2901729.97273073811084, 2039619.431011229055002 ], [ 2901729.594452165998518, 2039620.345015564234927 ], [ 2901729.578492474742234, 2039620.387567598139867 ], [ 2901722.0504340371117, 2039640.554392922436818 ], [ 2901713.559773426968604, 2039660.969875075854361 ], [ 2901713.367996335960925, 2039661.454281590878963 ], [ 2901713.049553074873984, 2039662.390067649772391 ], [ 2901712.792311343364418, 2039663.34353294223547 ], [ 2901712.643974428530782, 2039664.047206965042278 ], [ 2901709.429286180995405, 2039681.310513485455886 ], [ 2901709.382654921151698, 2039681.573935603257269 ], [ 2901709.36710720974952, 2039681.668234023731202 ], [ 2901705.554562147706747, 2039705.252345913089812 ], [ 2901705.438456108793616, 2039706.1345291712787 ], [ 2901705.409453229978681, 2039706.451538295950741 ], [ 2901703.541429151780903, 2039729.545491047902033 ], [ 2901703.502345013432205, 2039730.210246638860554 ], [ 2901703.498274096287787, 2039731.193156187189743 ], [ 2901703.558227421715856, 2039732.172848312184215 ], [ 2901703.68194961361587, 2039733.145211548078805 ], [ 2901703.868874125182629, 2039734.106089584063739 ], [ 2901703.875497995875776, 2039734.134700847323984 ], [ 2901706.167024473659694, 2039744.055454143788666 ], [ 2901705.819652385078371, 2039775.886328591965139 ], [ 2901704.501100754830986, 2039796.389271565014496 ], [ 2901704.481568778865039, 2039796.767739262199029 ], [ 2901703.585879317484796, 2039819.616564163705334 ], [ 2901703.584405149333179, 2039819.654050080338493 ], [ 2901703.574787640478462, 2039820.331299923826009 ], [ 2901703.797084768302739, 2039847.492417501751333 ], [ 2901702.552996138110757, 2039866.835587670560926 ], [ 2901697.9692990956828, 2039889.664412861922756 ], [ 2901697.8818797506392, 2039890.138070790329948 ], [ 2901697.782846918329597, 2039890.821935728890821 ], [ 2901694.998608047142625, 2039913.702435984974727 ], [ 2901690.522056605666876, 2039938.048492275876924 ], [ 2901690.481732225976884, 2039938.278013012604788 ], [ 2901690.447776597924531, 2039938.488527955021709 ], [ 2901687.158878020942211, 2039959.884100494906306 ], [ 2901687.060988022014499, 2039960.650104507803917 ], [ 2901687.006981668062508, 2039961.331061009783298 ], [ 2901685.588173237629235, 2039986.368628303287551 ], [ 2901685.574081526137888, 2039986.669339422136545 ], [ 2901685.570015431381762, 2039987.652250410290435 ], [ 2901685.62998924870044, 2039988.632042475277558 ], [ 2901685.675083647482097, 2039989.048864129232243 ], [ 2901687.62949807010591, 2040005.013479101937264 ], [ 2901687.076337133999914, 2040015.323522384278476 ], [ 2901670.266260175034404, 2040012.371282822685316 ], [ 2901657.45958168245852, 2040023.339951964328066 ], [ 2901644.399951044004411, 2040032.734440789325163 ], [ 2901645.851842274423689, 2040038.41149905975908 ], [ 2901650.431123476009816, 2040046.760948986047879 ], [ 2901658.819862764328718, 2040045.236513998126611 ], [ 2901670.137870413716882, 2040035.078285004710779 ], [ 2901672.348718444816768, 2040045.478392225690186 ], [ 2901675.934438239783049, 2040044.286663950188085 ], [ 2901684.697114821057767, 2040038.373533534351736 ], [ 2901682.713590994011611, 2040049.535856183152646 ], [ 2901683.043574284296483, 2040068.378938059089705 ], [ 2901688.887822058051825, 2040084.599696937482804 ], [ 2901697.249894865788519, 2040090.156526566017419 ], [ 2901703.300367780029774, 2040113.846010208595544 ], [ 2901733.489430544432253, 2040147.246328809997067 ], [ 2901760.186642875429243, 2040169.298196310643107 ], [ 2901787.450078872032464, 2040195.36227864632383 ], [ 2901792.541256168391556, 2040200.229444940574467 ], [ 2901762.512658342253417, 2040217.044716622913256 ], [ 2901785.152585252653807, 2040226.972852678736672 ], [ 2901802.380857370793819, 2040236.804274084046483 ], [ 2901830.30418194970116, 2040241.005061669740826 ], [ 2901834.467391864396632, 2040245.186368344817311 ], [ 2901859.96319702360779, 2040265.078827576013282 ], [ 2901883.353165805339813, 2040273.938544670818374 ], [ 2901913.457657775841653, 2040282.1388303716667 ], [ 2901952.357017066329718, 2040294.842507084831595 ], [ 2901960.180180239491165, 2040303.38918697508052 ], [ 2901960.501626643817872, 2040308.177046774653718 ], [ 2901948.459765306673944, 2040319.449841098161414 ], [ 2901961.280853904783726, 2040321.95991198415868 ], [ 2901959.937015480361879, 2040332.90357551141642 ], [ 2901961.92509689880535, 2040357.166140165412799 ], [ 2901962.244665584992617, 2040372.406874205451459 ], [ 2901964.630576037801802, 2040384.406217840733007 ], [ 2901974.557929237373173, 2040398.619661428499967 ], [ 2901981.346472467295825, 2040400.732967757852748 ], [ 2901988.084806167520583, 2040398.074229712598026 ], [ 2901993.492250156588852, 2040391.593049821909517 ], [ 2901982.866991371847689, 2040364.118625590810552 ], [ 2901988.517881634645164, 2040348.747653935104609 ], [ 2901990.973285151645541, 2040331.327848007902503 ], [ 2901990.090339217334986, 2040296.106390026398003 ], [ 2901987.386565236840397, 2040282.253708775853738 ], [ 2901967.914993022102863, 2040268.101118832593784 ], [ 2901940.736264416947961, 2040263.955380504019558 ], [ 2901912.26412926055491, 2040256.219744496978819 ], [ 2901875.038040157407522, 2040238.599627939518541 ], [ 2901850.957584543153644, 2040219.547039465745911 ], [ 2901826.061347046867013, 2040196.794841588940471 ], [ 2901796.260319693014026, 2040165.652449727291241 ], [ 2901767.836665133479983, 2040130.570628840010613 ], [ 2901762.340403232723475, 2040115.135232239495963 ], [ 2901767.910468219779432, 2040099.962197455577552 ], [ 2901777.810577191412449, 2040100.444497627671808 ], [ 2901778.283706903457642, 2040100.460033205803484 ], [ 2901779.262372930534184, 2040100.444346482399851 ], [ 2901779.615764588117599, 2040100.422822162741795 ], [ 2901796.817510676104575, 2040099.172316293464974 ], [ 2901797.441165477968752, 2040099.113849201938137 ], [ 2901798.22840611403808, 2040099.002127705840394 ], [ 2901822.983782547526062, 2040094.819576863432303 ], [ 2901823.16726270923391, 2040094.787350416183472 ], [ 2901823.594110431149602, 2040094.703394810203463 ], [ 2901848.383618287742138, 2040089.455108559690416 ], [ 2901869.723183304071426, 2040087.060657312860712 ], [ 2901869.762792257592082, 2040087.056197745027021 ], [ 2901869.889447288587689, 2040087.041092293336987 ], [ 2901893.897066180594265, 2040084.075214224634692 ], [ 2901894.557767448946834, 2040083.978680500993505 ], [ 2901918.681672272272408, 2040079.902829331345856 ], [ 2901940.438814007677138, 2040078.112502303672954 ], [ 2901963.234941320959479, 2040081.893774351803586 ], [ 2901963.405792444944382, 2040081.92103968327865 ], [ 2901983.313322948757559, 2040084.983818974345922 ], [ 2902009.955819063819945, 2040090.445595381082967 ], [ 2902010.731228933669627, 2040090.583066962193698 ], [ 2902011.590164534747601, 2040090.686092463554814 ], [ 2902031.918446768075228, 2040092.525371497031301 ], [ 2902094.411630787421018, 2040104.13256740453653 ], [ 2902115.447231158614159, 2040108.804074529092759 ], [ 2902138.160760042257607, 2040115.207344402559102 ], [ 2902138.961787665262818, 2040115.409021955449134 ], [ 2902160.514456132426858, 2040120.195402125129476 ], [ 2902183.142704752273858, 2040125.676338600693271 ], [ 2902207.104627923108637, 2040131.915067952824757 ], [ 2902207.621317571029067, 2040132.039621086791158 ], [ 2902253.170002759434283, 2040142.155021890066564 ], [ 2902253.221357283182442, 2040142.166276894742623 ], [ 2902254.180521400645375, 2040142.342568551888689 ], [ 2902254.859569574240595, 2040142.428290448850021 ], [ 2902276.668347830884159, 2040144.670121761038899 ], [ 2902299.548134983051568, 2040151.486745941918343 ], [ 2902319.412644914351404, 2040157.732303936267272 ], [ 2902319.739969925023615, 2040157.831028874963522 ], [ 2902320.632837498094887, 2040158.058817819692194 ], [ 2902341.953361261636019, 2040162.793773612938821 ], [ 2902366.868812812492251, 2040169.689897888107225 ], [ 2902367.602681097108871, 2040169.872751299990341 ], [ 2902388.888955394737422, 2040174.600062000565231 ], [ 2902416.574590760283172, 2040182.405119056347758 ], [ 2902424.359940207563341, 2040188.430756284622476 ], [ 2902424.596332939341664, 2040188.609894254710525 ], [ 2902443.220547378994524, 2040202.426028535002843 ], [ 2902443.499935064464808, 2040202.628082003910094 ], [ 2902443.510220289696008, 2040202.63534019747749 ], [ 2902460.056966621428728, 2040214.290734083624557 ], [ 2902477.293118635192513, 2040229.530812643701211 ], [ 2902492.97299194522202, 2040244.808162325294688 ], [ 2902493.228463297709823, 2040245.051171480678022 ], [ 2902493.961620736867189, 2040245.687365359859541 ], [ 2902494.73564617941156, 2040246.273337662685663 ], [ 2902495.547162164002657, 2040246.806355512700975 ], [ 2902495.572187508456409, 2040246.821482212282717 ], [ 2902505.14586394559592, 2040252.635266622994095 ], [ 2902505.966432652436197, 2040253.097882634261623 ], [ 2902506.007126136217266, 2040253.119086624355987 ], [ 2902523.22860774025321, 2040262.038121691904962 ], [ 2902542.004423595964909, 2040278.032160646980628 ], [ 2902555.565861009992659, 2040291.649798144819215 ], [ 2902568.39436171296984, 2040308.992114242864773 ], [ 2902568.863059221766889, 2040309.592292022192851 ], [ 2902569.480110018514097, 2040310.294103951426223 ], [ 2902585.860928697511554, 2040327.760580928763375 ], [ 2902585.886199798900634, 2040327.787325384560972 ], [ 2902586.575357271358371, 2040328.471269448054954 ], [ 2902587.000458408612758, 2040328.85058402409777 ], [ 2902603.597069184295833, 2040343.085417203372344 ], [ 2902621.425064565613866, 2040358.848809899529442 ], [ 2902638.298648804426193, 2040374.856413312721997 ], [ 2902653.821194333024323, 2040389.980490136891603 ], [ 2902670.108766087330878, 2040408.065830645617098 ], [ 2902670.332750382833183, 2040408.308984633767977 ], [ 2902671.02190889371559, 2040408.992930227890611 ], [ 2902671.032018593046814, 2040409.002248603850603 ], [ 2902686.739523167256266, 2040423.553425721591339 ], [ 2902687.095696596894413, 2040423.872654724400491 ], [ 2902706.393397643230855, 2040440.604041208978742 ], [ 2902706.560141392052174, 2040440.746347141684964 ], [ 2902724.436553141567856, 2040455.77934888121672 ], [ 2902724.636686192825437, 2040455.944693347904831 ], [ 2902725.184605116955936, 2040456.36761160637252 ], [ 2902770.505600557662547, 2040489.669997318647802 ], [ 2902788.114658047445118, 2040505.239703379105777 ], [ 2902788.587764072231948, 2040505.640316012548283 ], [ 2902789.361792979761958, 2040506.226294025080279 ], [ 2902789.4226413378492, 2040506.268884999677539 ], [ 2902807.489719095639884, 2040518.881062599131837 ], [ 2902824.932012639008462, 2040532.565517565002665 ], [ 2902839.433094056323171, 2040549.233888307586312 ], [ 2902839.822701543569565, 2040549.6640733955428 ], [ 2902840.016011056024581, 2040549.865138354711235 ], [ 2902856.172453199513257, 2040566.359916203189641 ], [ 2902856.668485346250236, 2040566.842665747506544 ], [ 2902857.401564467698336, 2040567.478982840897515 ], [ 2902858.175578355323523, 2040568.064863654086366 ], [ 2902858.98708274634555, 2040568.597790227504447 ], [ 2902859.012124051339924, 2040568.613015681505203 ], [ 2902879.160840864293277, 2040580.848628500010818 ], [ 2902896.52211914723739, 2040597.646784628974274 ], [ 2902912.436076262500137, 2040613.152056199731305 ], [ 2902912.691435126587749, 2040613.394987469539046 ], [ 2902913.424499060492963, 2040614.031207069288939 ], [ 2902913.428219390567392, 2040614.034181940834969 ], [ 2902929.829840472899377, 2040627.325058502843603 ], [ 2902948.84964664420113, 2040643.04051852482371 ], [ 2902948.953250035177916, 2040643.125337589764968 ], [ 2902949.378898276481777, 2040643.457603403134272 ], [ 2902966.806448987219483, 2040656.54698242014274 ], [ 2902967.041893610265106, 2040656.720211487496272 ], [ 2902981.459383090957999, 2040667.102090298198164 ], [ 2902983.472174416761845, 2040668.765027920715511 ], [ 2902989.407125587575138, 2040676.963358320528641 ], [ 2903001.387661097571254, 2040698.74710920243524 ], [ 2903001.780072964727879, 2040699.417944443877786 ], [ 2903002.320454891771078, 2040700.226486488012597 ], [ 2903002.802941759116948, 2040700.86138335778378 ], [ 2903016.813808077014983, 2040718.288524220930412 ], [ 2903027.325620952062309, 2040734.190935947699472 ], [ 2903038.890051927417517, 2040753.553543590242043 ], [ 2903048.980358048342168, 2040770.532775733154267 ], [ 2903049.13009071489796, 2040770.779180486453697 ], [ 2903049.40006318828091, 2040771.197537277359515 ], [ 2903063.537683745846152, 2040792.314368278719485 ], [ 2903063.808192627970129, 2040792.704536609584466 ], [ 2903064.400768462568521, 2040793.474694387754425 ], [ 2903064.471635998226702, 2040793.560086759971455 ], [ 2903080.104892827570438, 2040812.243280568392947 ], [ 2903080.676270975731313, 2040812.886569869471714 ], [ 2903102.692571595311165, 2040835.726671451702714 ], [ 2903127.794569398276508, 2040845.428409849992022 ], [ 2903139.831999947316945, 2040841.492289896355942 ], [ 2903169.577268260531127, 2040830.504278483102098 ], [ 2903211.886063957586884, 2040809.686680790269747 ], [ 2903225.493647995404899, 2040796.134188052499667 ], [ 2903255.067155838944018, 2040765.674504776019603 ], [ 2903279.26080702804029, 2040730.919579214183614 ], [ 2903313.296424971427768, 2040686.295752245001495 ], [ 2903328.722060645930469, 2040667.307830695062876 ], [ 2903339.102371021173894, 2040657.370511434739456 ], [ 2903361.202201865613461, 2040636.213508823420852 ], [ 2903371.995032493025064, 2040613.559658321551979 ], [ 2903395.952858177479357, 2040551.124973919708282 ], [ 2903409.188382117077708, 2040533.859555942937732 ], [ 2903415.252778032794595, 2040532.975303310202435 ], [ 2903428.132972348481417, 2040532.78881006478332 ], [ 2903435.539590592496097, 2040536.087633763672784 ], [ 2903455.437807767651975, 2040548.17118102312088 ], [ 2903473.0981923523359, 2040562.535192100564018 ], [ 2903484.768418470397592, 2040580.923366025323048 ], [ 2903485.234025951009244, 2040581.612749976571649 ], [ 2903485.301895216107368, 2040581.706597736570984 ], [ 2903496.948624022305012, 2040597.666582693578675 ], [ 2903507.890086970292032, 2040615.986271047731861 ], [ 2903515.561844002921134, 2040633.310063097858801 ], [ 2903526.557737205643207, 2040680.912689473479986 ], [ 2903529.888695078436285, 2040703.423455578973517 ], [ 2903528.453964081592858, 2040721.654710162198171 ], [ 2903528.438479959964752, 2040721.87109677772969 ], [ 2903527.186838323716074, 2040741.338160191429779 ], [ 2903521.568324877880514, 2040763.040467980084941 ], [ 2903521.48725291993469, 2040763.368255699286237 ], [ 2903521.292384661734104, 2040764.335330687696114 ], [ 2903521.1722965487279, 2040765.200287099229172 ], [ 2903518.891957500018179, 2040786.022415551356971 ], [ 2903515.68130891956389, 2040806.909618330188096 ], [ 2903514.368190428242087, 2040814.266089462442324 ], [ 2903514.341894146054983, 2040814.417711515910923 ], [ 2903514.210145073477179, 2040815.394210479455069 ], [ 2903514.14204631280154, 2040816.37587852915749 ], [ 2903514.137980644125491, 2040817.358792456565425 ], [ 2903514.197940506972373, 2040818.338491514557973 ], [ 2903514.293317976407707, 2040819.12749033770524 ], [ 2903517.96069465065375, 2040843.911160822492093 ], [ 2903517.988964632619172, 2040844.094651143997908 ], [ 2903518.039056072942913, 2040844.38745420682244 ], [ 2903521.780695277266204, 2040865.039193555247039 ], [ 2903521.796870861202478, 2040865.126612929394469 ], [ 2903526.212055079638958, 2040888.693583040498197 ], [ 2903526.33283669501543, 2040889.2743315261323 ], [ 2903526.582211321219802, 2040890.21961857820861 ], [ 2903526.724117393605411, 2040890.667634468292817 ], [ 2903533.382546119391918, 2040910.584307472454384 ], [ 2903533.551411844789982, 2040911.062006982509047 ], [ 2903533.922194958664477, 2040911.963940374553204 ], [ 2903534.351403078995645, 2040912.83852621121332 ], [ 2903534.609026732388884, 2040913.301722914446145 ], [ 2903546.577778800390661, 2040933.93676625424996 ], [ 2903546.806072090752423, 2040934.317063257098198 ], [ 2903547.346457676962018, 2040935.125612555071712 ], [ 2903547.939020616933703, 2040935.895678505767137 ], [ 2903548.581367874518037, 2040936.624349275836721 ], [ 2903548.859411095269024, 2040936.911334355128929 ], [ 2903549.827989393845201, 2040937.883856844389811 ], [ 2903563.14997030235827, 2040955.586141836596653 ], [ 2903582.235591860488057, 2040975.163194850087166 ], [ 2903608.565500600263476, 2040992.980865549296141 ], [ 2903629.931618818547577, 2041001.950898139039055 ], [ 2903653.947946767322719, 2041010.882634085370228 ], [ 2903667.224284159019589, 2041019.106549979420379 ], [ 2903700.194533397443593, 2041024.954922034870833 ], [ 2903737.762352048419416, 2041039.582442446378991 ], [ 2903759.493317085318267, 2041042.228117069462314 ], [ 2903776.740735078696162, 2041044.85584950610064 ], [ 2903792.736791514791548, 2041049.974547907942906 ], [ 2903806.997072778642178, 2041049.922805480426177 ], [ 2903820.032272353768349, 2041049.875493386061862 ], [ 2903833.206349332351238, 2041040.802019637310877 ], [ 2903854.301628600805998, 2041034.310693660518155 ], [ 2903868.207288486417383, 2041030.79922579578124 ], [ 2903894.16977174859494, 2041001.364740340970457 ], [ 2903928.336938031483442, 2040963.250142527744174 ], [ 2903940.903271885588765, 2040945.013400650816038 ], [ 2903958.547911507077515, 2040928.069955089362338 ], [ 2903969.649187312461436, 2040928.269066533772275 ], [ 2903987.435253639239818, 2040937.003322397125885 ], [ 2904004.637562842108309, 2040947.616317334584892 ], [ 2904032.980200538877398, 2040964.182266456540674 ], [ 2904054.207930631469935, 2040972.291218614671379 ], [ 2904072.966720576398075, 2040981.796701261773705 ], [ 2904089.007031328976154, 2040998.031261382391676 ], [ 2904118.317998936865479, 2041035.095628897193819 ], [ 2904153.011197921819985, 2041089.436246744822711 ], [ 2904153.285031386651099, 2041090.085433510597795 ], [ 2904153.611870062537491, 2041090.764339071232826 ], [ 2904161.060509650968015, 2041105.269717603223398 ], [ 2904172.316484759561718, 2041127.715546591207385 ], [ 2904180.776684566400945, 2041146.819664973998442 ], [ 2904180.814026732929051, 2041146.903239518869668 ], [ 2904181.243237721733749, 2041147.77783222286962 ], [ 2904181.729126261547208, 2041148.621136417612433 ], [ 2904181.804031677078456, 2041148.740480232052505 ], [ 2904207.328341950662434, 2041188.956853345967829 ], [ 2904218.056963920593262, 2041209.849748439155519 ], [ 2904228.588237540796399, 2041233.515818605665118 ], [ 2904228.614898494444788, 2041233.57516925688833 ], [ 2904229.044110578019172, 2041234.449762788135558 ], [ 2904229.396810330450535, 2041235.074583921581507 ], [ 2904241.1411795290187, 2041254.737814743304625 ], [ 2904241.274286826141179, 2041254.956415153108537 ], [ 2904241.349176591727883, 2041255.075660587288439 ], [ 2904254.290136751718819, 2041275.465671180514619 ], [ 2904254.485239213332534, 2041275.764889040961862 ], [ 2904268.623086425475776, 2041296.881626966409385 ], [ 2904268.893469164147973, 2041297.271624071057886 ], [ 2904269.212354047223926, 2041297.699257055064663 ], [ 2904283.873441526200622, 2041316.627497051144019 ], [ 2904284.147157154977322, 2041316.97013779100962 ], [ 2904284.789494995959103, 2041317.698721608379856 ], [ 2904284.892981787212193, 2041317.807397366501391 ], [ 2904298.431732289493084, 2041331.876926308963448 ], [ 2904298.901900654658675, 2041332.34370526811108 ], [ 2904314.855054111219943, 2041347.478076737141237 ], [ 2904327.811414637602866, 2041366.830107746180147 ], [ 2904337.885078568477184, 2041384.360755895962939 ], [ 2904338.142967166379094, 2041384.792168512940407 ], [ 2904338.683343384414911, 2041385.600630238419399 ], [ 2904339.275846410542727, 2041386.370922954520211 ], [ 2904339.512804489117116, 2041386.651281181722879 ], [ 2904342.201305000577122, 2041389.751881085569039 ], [ 2904342.201305000577122, 2041311.389128631446511 ], [ 2904332.554815042298287, 2041298.170355566777289 ], [ 2904332.140304688829929, 2041297.629373003961518 ], [ 2904318.205380245111883, 2041280.296864053467289 ], [ 2904307.622414539102465, 2041263.694492057198659 ], [ 2904297.099642051383853, 2041244.247225562809035 ], [ 2904296.68662142381072, 2041243.532659447286278 ], [ 2904290.949869676493108, 2041234.224465883336961 ], [ 2904283.611855344381183, 2041222.318128946004435 ], [ 2904270.401465271599591, 2041199.704720364417881 ], [ 2904260.697259317152202, 2041179.254068686626852 ], [ 2904260.646881997585297, 2041179.148016054648906 ], [ 2904260.340706241782755, 2041178.539690765319392 ], [ 2904260.247203000821173, 2041178.36703589418903 ], [ 2904247.829524573870003, 2041155.788629185641184 ], [ 2904247.437123232521117, 2041155.117880566511303 ], [ 2904247.306409928947687, 2041154.922373028006405 ], [ 2904246.89683226775378, 2041154.30930441734381 ], [ 2904246.414322754368186, 2041153.674294680124149 ], [ 2904232.657649110537022, 2041136.563689508941025 ], [ 2904219.941034143790603, 2041114.795224325498566 ], [ 2904210.203248726204038, 2041093.800028918078169 ], [ 2904208.861546138301492, 2041090.274176039965823 ], [ 2904202.533418442122638, 2041073.643782769795507 ], [ 2904202.197419146541506, 2041072.834096927894279 ], [ 2904201.933962619863451, 2041072.280380492564291 ], [ 2904193.317703999578953, 2041055.098490120144561 ], [ 2904190.842117659747601, 2041050.161607154412195 ], [ 2904187.875366524793208, 2041042.224939365172759 ], [ 2904183.038973208516836, 2041029.286644563311711 ], [ 2904182.936284007504582, 2041029.019621589686722 ], [ 2904175.529986916575581, 2041010.31976066576317 ], [ 2904175.266060291789472, 2041009.695648689754307 ], [ 2904174.836866895668209, 2041008.821155209327117 ], [ 2904174.484070700593293, 2041008.196353100473061 ], [ 2904171.079778209794313, 2041002.496613084571436 ], [ 2904162.739966756664217, 2040988.533128029666841 ], [ 2904162.606761832721531, 2040988.314546030946076 ], [ 2904162.066374368965626, 2040987.505989424185827 ], [ 2904161.473793089855462, 2040986.735816925531253 ], [ 2904161.221040136646479, 2040986.437236089957878 ], [ 2904146.143695537000895, 2040969.106792812468484 ], [ 2904130.141523600555956, 2040947.911412262124941 ], [ 2904129.75841951649636, 2040947.425879007903859 ], [ 2904129.116168048232794, 2040946.697182244388387 ], [ 2904128.426915028132498, 2040946.013329437468201 ], [ 2904127.964336328208447, 2040945.601965490030125 ], [ 2904107.469904738478363, 2040928.14364439737983 ], [ 2904107.199311138130724, 2040927.918786313850433 ], [ 2904106.575246803462505, 2040927.446400666143745 ], [ 2904106.425285978242755, 2040927.332883306778967 ], [ 2904106.364404993131757, 2040927.29009342007339 ], [ 2904087.964435450732708, 2040914.445530627388507 ], [ 2904087.213784313760698, 2040913.955272577004507 ], [ 2904086.877071716357023, 2040913.755913886008784 ], [ 2904069.073067143559456, 2040903.541217612335458 ], [ 2904067.086827437393367, 2040902.401758765336126 ], [ 2904061.970166681334376, 2040899.466161971678957 ], [ 2904061.46133544947952, 2040899.187532373936847 ], [ 2904061.357913739979267, 2040899.134115150431171 ], [ 2904043.855812164023519, 2040890.176450275350362 ], [ 2904043.083205371629447, 2040889.809340704698116 ], [ 2904042.283603471703827, 2040889.485468946630135 ], [ 2904017.526883592829108, 2040880.299399341922253 ], [ 2904017.423734481446445, 2040880.261550151277333 ], [ 2904016.90699886996299, 2040880.085059151984751 ], [ 2904004.281085308641195, 2040876.033819543896243 ], [ 2903998.56530954875052, 2040874.199791457969695 ], [ 2903993.571503582410514, 2040872.597458401927724 ], [ 2903993.16270599886775, 2040872.472854408435524 ], [ 2903992.218333855271339, 2040872.233595417113975 ], [ 2903991.259231285192072, 2040872.05714975995943 ], [ 2903990.728139690123498, 2040871.987417167983949 ], [ 2903965.37362760771066, 2040869.121865961467847 ], [ 2903964.934880757238716, 2040869.07886342308484 ], [ 2903963.958615497685969, 2040869.030171604361385 ], [ 2903962.979822615161538, 2040869.045828519156203 ], [ 2903962.965853252448142, 2040869.046540881274268 ], [ 2903942.622699817176908, 2040870.059682594845071 ], [ 2903941.659791589248925, 2040870.13887914433144 ], [ 2903940.689027145504951, 2040870.282682592282072 ], [ 2903939.72823117300868, 2040870.489781593205407 ], [ 2903939.699407081119716, 2040870.497046238742769 ], [ 2903918.309659987688065, 2040875.887126095825806 ], [ 2903917.392071352805942, 2040876.149353086715564 ], [ 2903916.464014529250562, 2040876.480109508847818 ], [ 2903915.558140700682998, 2040876.870725545566529 ], [ 2903914.678540642838925, 2040877.319545317674056 ], [ 2903914.593613182194531, 2040877.366715907817706 ], [ 2903907.622367077507079, 2040881.26937701064162 ], [ 2903894.550845884718001, 2040888.587291873060167 ], [ 2903893.78606536379084, 2040889.045068162959069 ], [ 2903893.095034345984459, 2040889.513481099158525 ], [ 2903889.716689532622695, 2040891.939454534323886 ], [ 2903888.682745339348912, 2040892.681912584230304 ], [ 2903888.557806431781501, 2040892.772657597903162 ], [ 2903887.778802061919123, 2040893.383412051247433 ], [ 2903887.040203333366662, 2040894.043211120879278 ], [ 2903886.345320329070091, 2040894.749323825584725 ], [ 2903885.696891713421792, 2040895.498615912394598 ], [ 2903885.258266231045127, 2040896.066092413850129 ], [ 2903870.376961562782526, 2040916.26912725972943 ], [ 2903870.216548555530608, 2040916.490952294087037 ], [ 2903869.669493190478534, 2040917.316851442912593 ], [ 2903869.65374412573874, 2040917.342428866075352 ], [ 2903857.069249380379915, 2040937.819234414491802 ], [ 2903855.5040153125301, 2040940.194402964320034 ], [ 2903845.014572222717106, 2040956.111823838436976 ], [ 2903844.949427458457649, 2040956.211481568403542 ], [ 2903830.104884389787912, 2040979.119728613877669 ], [ 2903823.223972498439252, 2040985.39526839973405 ], [ 2903821.046500099822879, 2040986.775767060695216 ], [ 2903818.210243528708816, 2040987.490511528914794 ], [ 2903797.21634288225323, 2040990.888214237056673 ], [ 2903773.880079058930278, 2040990.935290771536529 ], [ 2903753.245334301143885, 2040990.535701769404113 ], [ 2903734.161877193488181, 2040985.037321553798392 ], [ 2903733.846970257814974, 2040984.950323840370402 ], [ 2903711.932588681578636, 2040979.161350869107991 ], [ 2903711.314370485953987, 2040979.012224768754095 ], [ 2903711.085362582933158, 2040978.964181306073442 ], [ 2903689.710499535314739, 2040974.65172826172784 ], [ 2903667.618114899843931, 2040965.8917985802982 ], [ 2903648.406990090385079, 2040956.673228219617158 ], [ 2903647.969156584236771, 2040956.471961862873286 ], [ 2903647.395221961662173, 2040956.233966046944261 ], [ 2903630.63832079898566, 2040949.699514449806884 ], [ 2903582.6972068795003, 2040906.698567693820223 ], [ 2903580.516654134262353, 2040902.451978642726317 ], [ 2903573.894270669668913, 2040885.73124379827641 ], [ 2903569.565012857317924, 2040862.834510237444192 ], [ 2903565.672034699469805, 2040837.55677075101994 ], [ 2903565.881423483602703, 2040813.215546025894582 ], [ 2903566.842717747669667, 2040786.465587430167943 ], [ 2903567.72462891228497, 2040763.955588994547725 ], [ 2903569.566730541177094, 2040741.175417880993336 ], [ 2903569.605746373534203, 2040740.510876101907343 ], [ 2903569.609918927773833, 2040740.381730551831424 ], [ 2903570.280701390467584, 2040716.561523521086201 ], [ 2903570.280596733558923, 2040715.707755741896108 ], [ 2903570.232646324671805, 2040714.862680432619527 ], [ 2903567.836567762307823, 2040686.673777347197756 ], [ 2903567.824544745497406, 2040686.539055620087311 ], [ 2903567.700817329343408, 2040685.56668353267014 ], [ 2903567.625769884325564, 2040685.139379085972905 ], [ 2903562.761796364095062, 2040659.628990622470155 ], [ 2903562.649814494885504, 2040659.095423604594544 ], [ 2903562.400427751243114, 2040658.150039033498615 ], [ 2903562.342263976112008, 2040657.960216229083017 ], [ 2903554.561598381027579, 2040633.184784349519759 ], [ 2903554.380853910930455, 2040632.645760149229318 ], [ 2903545.627864767797291, 2040608.115335039561614 ], [ 2903545.556119482032955, 2040607.918548482470214 ], [ 2903545.358154136687517, 2040607.416118960594758 ], [ 2903536.081927454099059, 2040585.074204306351021 ], [ 2903536.02687181532383, 2040584.943447098601609 ], [ 2903529.294171799905598, 2040569.158754308940843 ], [ 2903529.176299762446433, 2040568.889928479911759 ], [ 2903528.849481948651373, 2040568.211127568269148 ], [ 2903525.109275594353676, 2040560.927076217485592 ], [ 2903525.006905523128808, 2040560.731391477864236 ], [ 2903524.726476173382252, 2040560.22903654887341 ], [ 2903511.112256265245378, 2040536.923666774760932 ], [ 2903510.906788871157914, 2040536.582628377247602 ], [ 2903510.518084072042257, 2040535.989710284629837 ], [ 2903496.605059476569295, 2040515.844572401605546 ], [ 2903496.453414727468044, 2040515.629140391713008 ], [ 2903495.860824269242585, 2040514.858879650942981 ], [ 2903495.218496576882899, 2040514.130309658823535 ], [ 2903494.529332747217268, 2040513.446351353311911 ], [ 2903493.899755090475082, 2040512.894862338202074 ], [ 2903490.085094641894102, 2040509.74287670920603 ], [ 2903489.981506652198732, 2040509.65815500356257 ], [ 2903489.486780843697488, 2040509.27434166544117 ], [ 2903470.862483569420874, 2040495.458037389907986 ], [ 2903470.583190959412605, 2040495.25595945189707 ], [ 2903469.771764076314867, 2040494.722905681468546 ], [ 2903468.926144314929843, 2040494.245045900577679 ], [ 2903468.050204866565764, 2040493.824414558941498 ], [ 2903468.000841972418129, 2040493.80285781645216 ], [ 2903448.554291127249599, 2040485.335329260211438 ], [ 2903447.701023887842894, 2040484.995258089853451 ], [ 2903446.775595349259675, 2040484.694157127058133 ], [ 2903445.831229195930064, 2040484.454909899272025 ], [ 2903444.872049912810326, 2040484.278592502698302 ], [ 2903444.341044121887535, 2040484.208749991375953 ], [ 2903418.986651406623423, 2040481.343311448581517 ], [ 2903418.547710256651044, 2040481.300350037170574 ], [ 2903417.571450642310083, 2040481.251670033205301 ], [ 2903416.592663242481649, 2040481.267338688718155 ], [ 2903416.578792404849082, 2040481.268033331027254 ], [ 2903401.321519497316331, 2040482.027967830887064 ], [ 2903400.358419508207589, 2040482.107211483409628 ], [ 2903399.387561610899866, 2040482.251044122036546 ], [ 2903398.426868850830942, 2040482.458136315457523 ], [ 2903397.480460206978023, 2040482.727638300042599 ], [ 2903396.552308722399175, 2040483.058422617148608 ], [ 2903395.950756367761642, 2040483.309993571601808 ], [ 2903374.486641286406666, 2040492.832282535266131 ], [ 2903374.18240608740598, 2040492.971220995532349 ], [ 2903373.302809732034802, 2040493.420050478540361 ], [ 2903372.453203094191849, 2040493.924988345010206 ], [ 2903371.637121363077313, 2040494.484073963947594 ], [ 2903370.858217455912381, 2040495.094818262383342 ], [ 2903370.146794931031764, 2040495.728898015338928 ], [ 2903352.422978068236262, 2040512.535119604319334 ], [ 2903352.395819378085434, 2040512.560944667551666 ], [ 2903351.700839822180569, 2040513.267082225065678 ], [ 2903351.052412729244679, 2040514.016380658140406 ], [ 2903351.049375279806554, 2040514.020177685655653 ], [ 2903337.439037159085274, 2040530.818155352957547 ], [ 2903336.843005964998156, 2040531.603468686342239 ], [ 2903336.560897488612682, 2040532.015038852579892 ], [ 2903325.119570421520621, 2040549.294746245956048 ], [ 2903324.854541845619678, 2040549.709196763811633 ], [ 2903324.361637192778289, 2040550.568160326918587 ], [ 2903323.925147762987763, 2040551.456627677194774 ], [ 2903323.546882120892406, 2040552.370720801642165 ], [ 2903323.228404440917075, 2040553.306301875272766 ], [ 2903323.040906495414674, 2040553.975610576104373 ], [ 2903316.1145198950544, 2040581.05843534017913 ], [ 2903309.107359359040856, 2040603.408854855922982 ], [ 2903298.801434420049191, 2040620.178166340803728 ], [ 2903282.73026965605095, 2040638.766984140267596 ], [ 2903268.088626798242331, 2040654.658757084980607 ], [ 2903267.449884050525725, 2040655.397678713779896 ], [ 2903267.096669841557741, 2040655.85036130505614 ], [ 2903249.006588864140213, 2040679.939885783474892 ], [ 2903235.791975677479059, 2040697.482300816569477 ], [ 2903222.353734418749809, 2040714.068068806780502 ], [ 2903221.757838733494282, 2040714.853563866578043 ], [ 2903221.210690995678306, 2040715.679488347144797 ], [ 2903221.194926274009049, 2040715.704967447323725 ], [ 2903206.765392209403217, 2040739.184424843406305 ], [ 2903193.832383486442268, 2040755.146714149741456 ], [ 2903181.512359910644591, 2040770.071037614019588 ], [ 2903171.77644353127107, 2040779.696422891924158 ], [ 2903168.355521719902754, 2040781.024296608520672 ], [ 2903146.75735721969977, 2040785.524643869372085 ], [ 2903134.213215729221702, 2040786.851102632004768 ], [ 2903129.347926329821348, 2040786.860999266151339 ], [ 2903119.908475313801318, 2040783.471768610877916 ], [ 2903104.364239986054599, 2040773.362093098461628 ], [ 2903092.08419428858906, 2040755.581604900537059 ], [ 2903091.932466543279588, 2040755.366290367674083 ], [ 2903091.339973592199385, 2040754.596015961142257 ], [ 2903090.697744152043015, 2040753.867432849481702 ], [ 2903090.124212241265923, 2040753.292075417237356 ], [ 2903074.010463083162904, 2040738.005261190468445 ], [ 2903061.263307702727616, 2040720.150843893643469 ], [ 2903052.19142902828753, 2040706.600597172509879 ], [ 2903043.949905838817358, 2040692.635611945064738 ], [ 2903043.777492072433233, 2040692.350836664205417 ], [ 2903043.324889095500112, 2040691.666091315681115 ], [ 2903040.508868243545294, 2040687.65476019657217 ], [ 2903027.572775900829583, 2040666.664852720219642 ], [ 2903027.545245174784213, 2040666.620264340657741 ], [ 2903027.092642458155751, 2040665.935519238235429 ], [ 2903014.825158196501434, 2040648.460670719621703 ], [ 2903014.737296705134213, 2040648.336990077281371 ], [ 2903014.144706574268639, 2040647.566734959371388 ], [ 2903014.073937656357884, 2040647.481324841734022 ], [ 2902998.440707763191313, 2040628.798070057062432 ], [ 2902997.869331281632185, 2040628.154782348545268 ], [ 2902997.180086791049689, 2040627.470947555731982 ], [ 2902996.446923776995391, 2040626.834744467167184 ], [ 2902996.021275383420289, 2040626.502478233771399 ], [ 2902978.593706777784973, 2040613.412991275312379 ], [ 2902978.245340032503009, 2040613.159374329727143 ], [ 2902977.433818618766963, 2040612.626346983481199 ], [ 2902977.408777276985347, 2040612.61112145986408 ], [ 2902962.061377502977848, 2040603.29113690671511 ], [ 2902960.746604847721756, 2040601.418320025783032 ], [ 2902960.658727620728314, 2040601.29454098129645 ], [ 2902960.066153947263956, 2040600.524385269731283 ], [ 2902959.813518597744405, 2040600.225892208516598 ], [ 2902944.404759679920971, 2040582.514476371463388 ], [ 2902944.01513590849936, 2040582.084191789617762 ], [ 2902943.325990489684045, 2040581.400340067455545 ], [ 2902942.793044358026236, 2040580.92936706985347 ], [ 2902925.124231671914458, 2040566.071202908176929 ], [ 2902905.803300061263144, 2040548.550477835349739 ], [ 2902905.19408337585628, 2040548.027952587464824 ], [ 2902905.011279240250587, 2040547.882174894213676 ], [ 2902887.167940591461957, 2040533.883058100938797 ], [ 2902869.994106579571962, 2040514.698910920647904 ], [ 2902869.741128076799214, 2040514.423501399811357 ], [ 2902869.051967716775835, 2040513.739552481798455 ], [ 2902868.318790383636951, 2040513.103253247216344 ], [ 2902868.060461812652647, 2040512.898587196832523 ], [ 2902848.34695652872324, 2040497.641037321649492 ], [ 2902807.450388081837445, 2040462.028700496070087 ], [ 2902807.059958078898489, 2040461.700584314996377 ], [ 2902806.285960907116532, 2040461.114803191274405 ], [ 2902805.88184040505439, 2040460.839576206170022 ], [ 2902788.903197433799505, 2040449.693604608764872 ], [ 2902788.810634085908532, 2040449.633350005140528 ], [ 2902767.045139568392187, 2040435.580462337238714 ], [ 2902766.730304189026356, 2040435.38292033248581 ], [ 2902766.705361366737634, 2040435.367677046684548 ], [ 2902750.493825236335397, 2040425.523099816637114 ], [ 2902731.71804584376514, 2040411.747127767419443 ], [ 2902714.112908778712153, 2040396.180899929953739 ], [ 2902713.639689191710204, 2040395.780207626521587 ], [ 2902713.144967504777014, 2040395.396402932005003 ], [ 2902695.789754916448146, 2040382.521675241878256 ], [ 2902681.418837420176715, 2040366.002932396484539 ], [ 2902681.21845492394641, 2040365.777394956443459 ], [ 2902650.850118274800479, 2040332.297895647818223 ], [ 2902650.660894728265703, 2040332.093249884666875 ], [ 2902650.190840053372085, 2040331.617040092824027 ], [ 2902632.098966511897743, 2040314.111870009684935 ], [ 2902615.686796236317605, 2040295.183544460916892 ], [ 2902615.281280168797821, 2040294.735057677840814 ], [ 2902615.157507685013115, 2040294.605429525719956 ], [ 2902597.739127285778522, 2040276.576922585489228 ], [ 2902582.708892670460045, 2040260.006839674199 ], [ 2902582.519653547089547, 2040259.802095731953159 ], [ 2902581.830429803580046, 2040259.118366913869977 ], [ 2902581.405427381861955, 2040258.739034619415179 ], [ 2902564.725624451413751, 2040244.432829646859318 ], [ 2902564.688269925303757, 2040244.400877732783556 ], [ 2902544.193951094057411, 2040226.942759526427835 ], [ 2902543.939907322637737, 2040226.731333969393745 ], [ 2902523.670046123676002, 2040210.245038999244571 ], [ 2902523.653387362137437, 2040210.23153582890518 ], [ 2902522.879460306372494, 2040209.645545235136524 ], [ 2902522.401917696930468, 2040209.322612508200109 ], [ 2902502.344570654910058, 2040196.327855697833002 ], [ 2902482.90942345559597, 2040181.285626333206892 ], [ 2902466.580350955948234, 2040168.053475598571822 ], [ 2902465.810046390630305, 2040167.470478807576001 ], [ 2902464.99854676052928, 2040166.937560213031247 ], [ 2902464.973604045342654, 2040166.922317115124315 ], [ 2902429.071947677060962, 2040145.120698960265145 ], [ 2902428.251364071853459, 2040144.657986017176881 ], [ 2902427.375353381969035, 2040144.237491919659078 ], [ 2902426.47273490158841, 2040143.875885004876181 ], [ 2902426.430565414018929, 2040143.860628350870684 ], [ 2902417.14935586694628, 2040140.528304112842306 ], [ 2902394.662782770581543, 2040129.296094990102574 ], [ 2902394.017203536815941, 2040128.993048761272803 ], [ 2902393.114585434086621, 2040128.631442534737289 ], [ 2902392.189055074937642, 2040128.330283063929528 ], [ 2902392.097201123833656, 2040128.304076274624094 ], [ 2902368.9862553589046, 2040121.788712027249858 ], [ 2902368.487140360753983, 2040121.657515399856493 ], [ 2902347.769607772119343, 2040116.595551353413612 ], [ 2902347.416239604353905, 2040116.513829200528562 ], [ 2902347.15748733934015, 2040116.459738701814786 ], [ 2902326.972064711619169, 2040112.431026202160865 ], [ 2902306.558927267789841, 2040107.443579721497372 ], [ 2902306.205559297464788, 2040107.361857901560143 ], [ 2902305.946905622258782, 2040107.307749752188101 ], [ 2902286.0561647657305, 2040103.337876165518537 ], [ 2902265.703757356852293, 2040097.474171258276328 ], [ 2902264.770451578311622, 2040097.238114105071872 ], [ 2902264.281296689994633, 2040097.139893134124577 ], [ 2902240.64695802051574, 2040092.813148324145004 ], [ 2902240.327695341780782, 2040092.758290045429021 ], [ 2902218.824791922233999, 2040089.308252106187865 ], [ 2902200.957733294926584, 2040084.024223760236055 ], [ 2902200.869810542091727, 2040083.998520015273243 ], [ 2902200.710696742869914, 2040083.953503480413929 ], [ 2902175.430645565502346, 2040076.956607978558168 ], [ 2902174.645507164765149, 2040076.762386440299451 ], [ 2902173.986794793512672, 2040076.634231388336048 ], [ 2902110.787417516112328, 2040065.825767121743411 ], [ 2902110.487163748592138, 2040065.777596888598055 ], [ 2902109.628210901282728, 2040065.674470940139145 ], [ 2902090.192548262886703, 2040063.915933007840067 ], [ 2902071.73167200665921, 2040058.111722727539018 ], [ 2902071.404348023235798, 2040058.012999628903344 ], [ 2902070.511368995532393, 2040057.785135079640895 ], [ 2902049.13755182409659, 2040053.038508442696184 ], [ 2902030.002478082664311, 2040047.895628459285945 ], [ 2902010.326905222609639, 2040041.709484705235809 ], [ 2902009.999483055435121, 2040041.610779954353347 ], [ 2902009.106603196822107, 2040041.382898756768554 ], [ 2901985.247781926766038, 2040036.084399881772697 ], [ 2901985.1964275771752, 2040036.073145190253854 ], [ 2901984.239216402173042, 2040035.897012130590156 ], [ 2901958.659410097170621, 2040032.060354015789926 ], [ 2901957.688745630905032, 2040031.947411853587255 ], [ 2901956.850482461042702, 2040031.901782176923007 ], [ 2901930.97274222318083, 2040031.225621714256704 ], [ 2901930.834666647017002, 2040031.222621325170621 ], [ 2901930.091341975145042, 2040031.228700222913176 ], [ 2901907.413076542783529, 2040031.979209596989676 ], [ 2901887.426292863674462, 2040030.473644855897874 ], [ 2901873.040768921375275, 2040026.989160458324477 ], [ 2901844.577958853449672, 2039974.41890472592786 ], [ 2901815.544351600110531, 2039893.834532672539353 ], [ 2901812.147429525852203, 2039881.036185399862006 ], [ 2901796.355470594018698, 2039874.514978687744588 ], [ 2901776.210493989288807, 2039832.562537002842873 ], [ 2901761.365922411903739, 2039773.548160057514906 ], [ 2901753.565858585759997, 2039752.392109158216044 ], [ 2901754.602598923258483, 2039744.159858349710703 ], [ 2901754.643129839096218, 2039743.804246188374236 ], [ 2901754.711216916330159, 2039742.822481462499127 ], [ 2901754.720811606384814, 2039742.398562110261992 ], [ 2901754.94322160538286, 2039716.634428079705685 ], [ 2901754.937485576141626, 2039716.075375198852271 ], [ 2901754.921262587420642, 2039715.683731439523399 ], [ 2901753.648034259676933, 2039692.353177599376068 ], [ 2901753.641828989610076, 2039692.247721852269024 ], [ 2901752.319354538805783, 2039670.787933204323053 ], [ 2901753.185201132204384, 2039668.088918466120958 ], [ 2901759.980882841162384, 2039648.440241215284914 ], [ 2901772.055457139387727, 2039628.7932661594823 ], [ 2901796.209083054214716, 2039598.624022359726951 ], [ 2901796.748687006067485, 2039597.908777195960283 ], [ 2901797.295818866230547, 2039597.082741302903742 ], [ 2901797.311319929547608, 2039597.057512576226145 ], [ 2901800.302637236192822, 2039592.190366126364097 ], [ 2901800.779938723426312, 2039591.356636134441942 ], [ 2901801.216425657272339, 2039590.468157786410302 ], [ 2901801.59468996245414, 2039589.554055741289631 ], [ 2901801.671180794015527, 2039589.346561811864376 ], [ 2901809.604806318879128, 2039567.328023216221482 ], [ 2901811.049894387833774, 2039564.16922046430409 ], [ 2901830.076058414764702, 2039546.907730156322941 ], [ 2901861.226444006897509, 2039512.896757513750345 ], [ 2901895.24033584818244, 2039466.610610289964825 ], [ 2901909.187286118976772, 2039411.524385806638747 ], [ 2901902.068249558564276, 2039355.42188903526403 ], [ 2901902.210232700221241, 2039354.255518563091755 ], [ 2901905.138179484754801, 2039332.036210654303432 ], [ 2901906.053132385481149, 2039330.5475505865179 ], [ 2901918.630226517096162, 2039313.652333734557033 ], [ 2901933.59545973315835, 2039301.463081192690879 ], [ 2901933.756648662500083, 2039301.329946097685024 ], [ 2901934.495128431357443, 2039300.670039593940601 ], [ 2901935.1900240839459, 2039299.964000890729949 ], [ 2901935.838451016228646, 2039299.214686603983864 ], [ 2901936.437489508651197, 2039298.425365390023217 ], [ 2901936.984661122784019, 2039297.599529932951555 ], [ 2901937.477554204873741, 2039296.740457970183343 ], [ 2901937.914064819458872, 2039295.85208121035248 ], [ 2901937.993608694057912, 2039295.67303697578609 ], [ 2901938.06501633906737, 2039295.50956733408384 ], [ 2901957.205130005255342, 2039280.408435743767768 ], [ 2901996.410882802680135, 2039244.933918586233631 ], [ 2901997.918317840434611, 2039215.618247758597136 ], [ 2901993.666802509687841, 2039207.797847658861428 ], [ 2901998.269054155796766, 2039199.167123780352995 ], [ 2901998.276675458997488, 2039199.15275830635801 ], [ 2901998.713074616156518, 2039198.264302072115242 ], [ 2901999.091463726945221, 2039197.350284673739225 ], [ 2901999.277463537175208, 2039196.827990143327042 ], [ 2902007.203870778903365, 2039173.235785352764651 ], [ 2902007.336327398195863, 2039172.822298794286326 ], [ 2902007.51247054617852, 2039172.197038089623675 ], [ 2902013.261388590093702, 2039149.994645395781845 ], [ 2902018.753706732299179, 2039136.023042521905154 ], [ 2902018.832612463273108, 2039135.817950743483379 ], [ 2902019.15107012167573, 2039134.882170074386522 ], [ 2902019.408325944561511, 2039133.928709778934717 ], [ 2902019.603307945653796, 2039132.961618269328028 ], [ 2902019.622223239392042, 2039132.846020794706419 ], [ 2902024.257570010609925, 2039103.913443637080491 ], [ 2902024.370437378063798, 2039103.052644658368081 ], [ 2902024.438523089513183, 2039102.070785650983453 ], [ 2902024.446204069536179, 2039101.788786287885159 ], [ 2902024.80854001827538, 2039081.705472949659452 ], [ 2902027.087084056809545, 2039057.621660328935832 ], [ 2902030.981411105953157, 2039035.811157288961112 ], [ 2902036.252607215195894, 2039009.977381985168904 ], [ 2902036.349381317384541, 2039009.457205747719854 ], [ 2902036.481264434289187, 2039008.480792009271681 ], [ 2902036.54936786275357, 2039007.499032096471637 ], [ 2902036.559456354007125, 2039006.894008097471669 ], [ 2902036.484153774566948, 2038984.544505641795695 ], [ 2902037.065028290264308, 2038965.396668668836355 ], [ 2902038.676176344975829, 2038941.814546956913546 ], [ 2902039.255495083518326, 2038935.691065212944523 ], [ 2902039.312557921744883, 2038934.820937041891739 ], [ 2902039.316796479281038, 2038934.692186640342698 ], [ 2902039.988699331879616, 2038910.871651152381673 ], [ 2902039.988580979872495, 2038910.017693940550089 ], [ 2902039.983522791881114, 2038909.866395744262263 ], [ 2902039.159742954187095, 2038888.479516088962555 ], [ 2902039.148502208292484, 2038888.239288747077808 ], [ 2902037.889387994073331, 2038865.157542498083785 ], [ 2902037.369882849510759, 2038840.859660901129246 ], [ 2902037.367258648388088, 2038840.753149616066366 ], [ 2902037.307323414832354, 2038839.773462229641154 ], [ 2902037.302820220123976, 2038839.726516138995066 ], [ 2902035.057992021553218, 2038816.64115137909539 ], [ 2902035.051101891323924, 2038816.598898269003257 ], [ 2902034.938790560699999, 2038815.715738535393029 ], [ 2902034.868162838742137, 2038815.311470772372559 ], [ 2902030.229743842035532, 2038790.772683582734317 ], [ 2902030.113546436652541, 2038790.215960705885664 ], [ 2902029.947093593422323, 2038789.558339317096397 ], [ 2902023.813181437086314, 2038767.453171423403546 ], [ 2902023.730172542389482, 2038767.165443220408633 ], [ 2902023.684648777823895, 2038767.016427657101303 ], [ 2902015.680713444948196, 2038741.269183764699847 ], [ 2902015.415508997626603, 2038740.492602678248659 ], [ 2902015.217718452215195, 2038739.990560617763549 ], [ 2902005.942602884955704, 2038717.648658784106374 ], [ 2902005.807139241136611, 2038717.332737574819475 ], [ 2901997.205072735436261, 2038697.905986920464784 ], [ 2901997.167555847205222, 2038697.821940364548936 ], [ 2901997.149182543158531, 2038697.781368259573355 ], [ 2901986.677306984551251, 2038674.712606868473813 ], [ 2901986.266516179777682, 2038673.878715839702636 ], [ 2901986.221425773575902, 2038673.794828567188233 ], [ 2901975.450611305423081, 2038653.88649283349514 ], [ 2901975.238369363360107, 2038653.507654188899323 ], [ 2901963.379687692970037, 2038633.060254495823756 ], [ 2901947.3267130125314, 2038603.388725829077885 ], [ 2901946.885946723166853, 2038602.629342913161963 ], [ 2901946.345589288510382, 2038601.820821726927534 ], [ 2901945.753022046759725, 2038601.050588167039678 ], [ 2901945.682417441159487, 2038600.965556795708835 ], [ 2901936.411572185344994, 2038589.885345566086471 ], [ 2901925.447225984185934, 2038572.0932423369959 ], [ 2901925.419436392374337, 2038572.048296730499715 ], [ 2901924.87909515760839, 2038571.239874450257048 ], [ 2901924.286626724526286, 2038570.469623394543305 ], [ 2901924.216022158041596, 2038570.384592064656317 ], [ 2901911.425907864235342, 2038555.098291411763057 ], [ 2901910.854306428227574, 2038554.454763924237341 ], [ 2901910.822208924219012, 2038554.420843559317291 ], [ 2901895.863209730945528, 2038538.652779568685219 ], [ 2901895.461762294173241, 2038538.245955159654841 ], [ 2901879.530650828033686, 2038522.722994718002155 ], [ 2901879.274956417270005, 2038522.479829700896516 ], [ 2901878.541797291487455, 2038521.843552321894094 ], [ 2901878.538419888354838, 2038521.840819503646344 ], [ 2901862.855232945177704, 2038509.131673219846562 ], [ 2901847.154761959332973, 2038492.389850012026727 ], [ 2901847.129329759627581, 2038492.362729955930263 ], [ 2901846.791090637911111, 2038492.015711782965809 ], [ 2901829.47846766281873, 2038474.833548088325188 ], [ 2901810.744225095957518, 2038455.953213141532615 ], [ 2901810.314276444260031, 2038455.537371375365183 ], [ 2901809.581134000793099, 2038454.901193848345429 ], [ 2901808.807137868832797, 2038454.315336540574208 ], [ 2901807.995732232462615, 2038453.78231731406413 ], [ 2901807.971116840839386, 2038453.767218091757968 ], [ 2901787.627318981103599, 2038441.412959669716656 ], [ 2901786.806417698971927, 2038440.950118301669136 ], [ 2901785.930383367929608, 2038440.529442445142195 ], [ 2901785.027672813273966, 2038440.167868539923802 ], [ 2901784.985830585472286, 2038440.152755973627791 ], [ 2901779.038126213476062, 2038438.017313316231593 ], [ 2901757.939072576817125, 2038427.600951367989182 ], [ 2901734.669385907240212, 2038415.125417875591666 ], [ 2901734.526100606657565, 2038415.049639160744846 ], [ 2901734.234838171862066, 2038414.901672396343201 ], [ 2901712.942580012604594, 2038404.390130823478103 ], [ 2901697.016497693955898, 2038394.031667293049395 ], [ 2901676.51342860236764, 2038349.321065022377297 ], [ 2901669.157966581173241, 2038308.175337406573817 ], [ 2901669.160184125881642, 2038303.625168590573594 ], [ 2901672.919759857468307, 2038300.988020638003945 ], [ 2901676.336555914022028, 2038292.183740603504702 ], [ 2901669.174270663410425, 2038273.518811190733686 ], [ 2901657.920033027417958, 2038257.278232808224857 ], [ 2901637.165106602013111, 2038244.994612309383228 ], [ 2901610.279244202189147, 2038235.772380134789273 ], [ 2901563.135599908418953, 2038216.786844046786427 ], [ 2901545.712609902955592, 2038212.077025546925142 ], [ 2901522.579298941418529, 2038197.675809626001865 ], [ 2901503.859104026574641, 2038197.235526180593297 ], [ 2901485.989802645519376, 2038187.184136752504855 ], [ 2901479.329141715541482, 2038173.989219117676839 ], [ 2901467.766668235883117, 2038166.791266698157415 ], [ 2901437.461341741494834, 2038167.868103569140658 ], [ 2901413.338282457087189, 2038163.443327666958794 ], [ 2901413.214952341280878, 2038163.421119125094265 ], [ 2901386.143377003259957, 2038163.025749372085556 ], [ 2901368.37145754089579, 2038158.815987239824608 ], [ 2901340.602232862729579, 2038155.120680389693007 ], [ 2901306.953399433288723, 2038151.819287594174966 ], [ 2901280.151512883137912, 2038149.18979664798826 ], [ 2901229.383140293881297, 2038150.249219474615529 ], [ 2901164.752795838750899, 2038156.762741714948788 ], [ 2901130.905625668354332, 2038156.590450378367677 ], [ 2901097.000390639062971, 2038156.056666749762371 ], [ 2901076.597405949607491, 2038149.349503182573244 ], [ 2901051.287787298671901, 2038149.113527142908424 ], [ 2901033.86435663793236, 2038147.072416701354086 ], [ 2901020.251349850092083, 2038140.991082571214065 ], [ 2901007.366082429885864, 2038123.246456921333447 ], [ 2900998.465557583607733, 2038102.545944140292704 ], [ 2900988.759354206733406, 2038086.083448281511664 ], [ 2900977.151562890969217, 2038076.289965226082131 ], [ 2900959.397801278159022, 2038058.314317016163841 ], [ 2900936.078829286620021, 2038035.77058963268064 ], [ 2900919.930973473004997, 2038020.850761090638116 ], [ 2900919.234185964334756, 2038016.513828456634656 ], [ 2900923.802842599339783, 2038014.308423340553418 ], [ 2900927.678334595635533, 2038007.183841506717727 ], [ 2900934.282902197912335, 2038001.465542373014614 ], [ 2900906.751303201541305, 2037984.632172414334491 ], [ 2900891.723580477759242, 2037951.972467037150636 ], [ 2900890.676657773554325, 2037922.042849913239479 ], [ 2900911.662397406063974, 2037870.037175168283284 ], [ 2900917.804841472767293, 2037854.094650730025023 ], [ 2900962.591787315439433, 2037753.753113928250968 ], [ 2900977.277641147375107, 2037718.350557843688875 ], [ 2901003.654035265557468, 2037674.070403239689767 ], [ 2901019.524935432709754, 2037648.544217693386599 ], [ 2901045.073543764650822, 2037603.867456828709692 ], [ 2901058.793742340989411, 2037580.347408029949293 ], [ 2901075.991561681497842, 2037555.447083868086338 ], [ 2901089.727585211396217, 2037535.559006661642343 ], [ 2901091.135199340526015, 2037532.802645688643679 ], [ 2901097.760993754956871, 2037519.829361903015524 ], [ 2901109.489537789486349, 2037495.591992944711819 ], [ 2901112.239151852205396, 2037466.298297203844413 ], [ 2901109.474950915202498, 2037449.092301554046571 ], [ 2901103.773460601456463, 2037423.782747710123658 ], [ 2901097.232189673930407, 2037396.988961729221046 ], [ 2901097.174106439575553, 2037378.490673671476543 ], [ 2901095.912965043913573, 2037355.50268076476641 ], [ 2901100.913977798540145, 2037347.873659937409684 ], [ 2901124.223301654681563, 2037333.267695699818432 ], [ 2901154.804167700000107, 2037314.094610945787281 ], [ 2901148.183368174359202, 2037293.996042100712657 ], [ 2901140.928931446745992, 2037270.657093248330057 ], [ 2901135.319070403464139, 2037250.159527173964307 ], [ 2901129.588903800584376, 2037225.729271808639169 ], [ 2901124.333427115343511, 2037206.652350694406778 ], [ 2901122.389723050408065, 2037192.200126982526854 ], [ 2901121.541276982985437, 2037178.933407959528267 ], [ 2901125.805471815168858, 2037166.655845444649458 ], [ 2901129.651787337847054, 2037152.273419627919793 ], [ 2901130.28021019231528, 2037146.117866923566908 ], [ 2901139.16009681019932, 2037133.107795567950234 ], [ 2901149.930166075006127, 2037112.912765729008242 ], [ 2901159.767509454395622, 2037085.903094392037019 ], [ 2901163.207888627424836, 2037069.611701909452677 ], [ 2901165.035645182710141, 2037040.229899971513078 ], [ 2901163.761709350161254, 2037025.366358801256865 ], [ 2901165.188603377901018, 2037012.114830427104607 ], [ 2901165.725799329578876, 2036998.374546154402196 ], [ 2901165.127504927106202, 2036977.959499719319865 ], [ 2901163.499265294987708, 2036962.681600453099236 ], [ 2901158.428869165480137, 2036935.845442728605121 ], [ 2901153.043849083129317, 2036912.523498533992097 ], [ 2901144.238309483975172, 2036888.805513461120427 ], [ 2901133.243950869888067, 2036867.925399444531649 ], [ 2901130.677984745241702, 2036863.354007618967444 ], [ 2901121.49326494988054, 2036847.973319126758724 ], [ 2901117.300756338983774, 2036838.982301833340898 ], [ 2901112.288436945527792, 2036825.132693918421865 ], [ 2901108.955525557044894, 2036810.69770419690758 ], [ 2901105.999909253325313, 2036794.751915190368891 ], [ 2901104.638779129367322, 2036779.846042979741469 ], [ 2901103.942666801624, 2036761.748256422812119 ], [ 2901102.688340418506414, 2036712.337388082873076 ], [ 2901100.167465027421713, 2036692.426421795971692 ], [ 2901094.333930992521346, 2036667.160904072457924 ], [ 2901088.050295581109822, 2036648.592992510879412 ], [ 2901080.816515553742647, 2036632.65559352375567 ], [ 2901076.308204937726259, 2036616.182042676024139 ], [ 2901072.881259289570153, 2036605.910264280391857 ], [ 2901065.47708423808217, 2036587.210332604823634 ], [ 2901059.980319108814001, 2036575.609509583562613 ], [ 2901053.576617181766778, 2036564.110223074443638 ], [ 2901050.208594139199704, 2036551.80332145979628 ], [ 2901046.048768240958452, 2036531.647586190607399 ], [ 2901046.388310217298567, 2036512.902455076342449 ], [ 2901041.422911413945258, 2036479.93005702458322 ], [ 2901040.217649973928928, 2036474.418990873498842 ], [ 2901038.691476319916546, 2036466.270599695388228 ], [ 2901034.155634146183729, 2036446.62555603007786 ], [ 2901029.183982566930354, 2036420.919425541302189 ], [ 2901027.327605875674635, 2036413.054245029576123 ], [ 2901021.472072185948491, 2036392.109956008847803 ], [ 2901016.472754520364106, 2036374.08944549690932 ], [ 2901014.45638999575749, 2036363.319594293599948 ], [ 2901013.869437528774142, 2036302.369937189621851 ], [ 2901013.459248534869403, 2036294.222789207706228 ], [ 2901011.679784948006272, 2036274.731969443382695 ], [ 2901011.329629583284259, 2036265.620674661593512 ], [ 2901012.922313988674432, 2036255.267269184114411 ], [ 2901015.701295546721667, 2036240.162996580591425 ], [ 2901021.333789883181453, 2036224.522322910372168 ], [ 2901030.010276467073709, 2036199.713741556741297 ], [ 2901032.514726767316461, 2036191.447236690903082 ], [ 2901037.34317932324484, 2036172.682573491707444 ], [ 2901042.67045361828059, 2036159.482605046592653 ], [ 2901044.484559200704098, 2036154.63905090559274 ], [ 2901050.708458236418664, 2036136.649698448833078 ], [ 2901056.341450352221727, 2036123.459284838289022 ], [ 2901063.693352110218257, 2036110.540517368353903 ], [ 2901074.727645011153072, 2036081.827131426893175 ], [ 2901079.739412252325565, 2036058.970420272089541 ], [ 2901082.0063138268888, 2036033.158861447591335 ], [ 2901081.474841038696468, 2036020.291927281301469 ], [ 2901082.131932255811989, 2035995.762052310630679 ], [ 2901081.245815652888268, 2035979.501348925288767 ], [ 2901078.254925691522658, 2035957.632955382345244 ], [ 2901076.907234793528914, 2035950.004231168888509 ], [ 2901061.427011980675161, 2035878.719774320721626 ], [ 2901058.85726123303175, 2035859.951780798844993 ], [ 2901056.108356652781367, 2035840.921249435981736 ], [ 2901055.464472814463079, 2035827.163106735562906 ], [ 2901055.974721802398562, 2035809.132322331424803 ], [ 2901057.44024421274662, 2035787.711589500540867 ], [ 2901058.402043469250202, 2035775.837676391936839 ], [ 2901062.008077748119831, 2035763.735449258238077 ], [ 2901066.622685066889971, 2035749.357289704727009 ], [ 2901073.137467836029828, 2035735.987523349467665 ], [ 2901083.278515622019768, 2035720.481275686062872 ], [ 2901088.15069491462782, 2035712.214313127566129 ], [ 2901098.173649459145963, 2035693.236336839850992 ], [ 2901100.441308015957475, 2035688.672110033687204 ], [ 2901107.61755742225796, 2035673.281266142614186 ], [ 2901112.165351332630962, 2035666.353127106558532 ], [ 2901119.336550479754806, 2035658.384434923529625 ], [ 2901123.779709557071328, 2035654.270518206758425 ], [ 2901150.686736390925944, 2035637.697473787935451 ], [ 2901150.800154339522123, 2035637.18422438739799 ], [ 2901154.183386830613017, 2035635.100329903652892 ], [ 2901157.328691720962524, 2035653.843202938092873 ], [ 2901158.120811758562922, 2035658.980375909479335 ], [ 2901161.859562091529369, 2035679.632008737651631 ], [ 2901168.522115628235042, 2035701.550396308768541 ], [ 2901179.44078777031973, 2035726.562458054162562 ], [ 2901192.683753128629178, 2035748.502066294196993 ], [ 2901205.696933925151825, 2035764.760076899779961 ], [ 2901221.53897777851671, 2035780.451101881684735 ], [ 2901240.386146135162562, 2035795.239296187646687 ], [ 2901244.396113452035934, 2035798.221738170133904 ], [ 2901261.597910512238741, 2035810.339813817059621 ], [ 2901272.945592176169157, 2035817.222431435948238 ], [ 2901346.539948429912329, 2035855.233563339337707 ], [ 2901353.18843690585345, 2035858.355145580368116 ], [ 2901379.009279610123485, 2035869.249213446630165 ], [ 2901402.585339772514999, 2035878.328648090362549 ], [ 2901427.089003446977586, 2035887.407977359602228 ], [ 2901444.939934985712171, 2035893.385355958947912 ], [ 2901463.117170434445143, 2035902.56178875407204 ], [ 2901474.085247041191906, 2035907.277803668053821 ], [ 2901486.723638300783932, 2035907.270337264752015 ], [ 2901494.54319766536355, 2035912.706131132086739 ], [ 2901499.210407813079655, 2035915.950667723547667 ], [ 2901511.277268825098872, 2035920.72237630863674 ], [ 2901518.451636981219053, 2035923.846489585004747 ], [ 2901538.723336530849338, 2035932.875912356888875 ], [ 2901547.749406805727631, 2035936.369762164307758 ], [ 2901568.915522014722228, 2035943.375737690133974 ], [ 2901583.662574119865894, 2035947.014989136718214 ], [ 2901606.688277894631028, 2035950.83534051431343 ], [ 2901617.385240578092635, 2035953.632532567484304 ], [ 2901624.700402546674013, 2035962.376160267507657 ], [ 2901627.726975715719163, 2035970.417897349223495 ], [ 2901627.440721625462174, 2035975.994113209657371 ], [ 2901624.428549343720078, 2035989.731591220246628 ], [ 2901619.834978828206658, 2036008.930263442220166 ], [ 2901613.58201539888978, 2036031.517429502913728 ], [ 2901611.076617550104856, 2036043.190545104211196 ], [ 2901606.962204716168344, 2036069.934033715631813 ], [ 2901606.235594131983817, 2036075.785178425954655 ], [ 2901603.841422654688358, 2036101.066833235090598 ], [ 2901603.914347269572318, 2036120.796630871482193 ], [ 2901606.381820112466812, 2036144.853446648456156 ], [ 2901609.345620505511761, 2036160.800416472600773 ], [ 2901616.151009199209511, 2036185.820724559249356 ], [ 2901619.364430478774011, 2036195.593229431426153 ], [ 2901621.907414906658232, 2036202.150722682708874 ], [ 2901627.821916881948709, 2036214.692387382965535 ], [ 2901637.574660730548203, 2036228.940390545874834 ], [ 2901641.684298518113792, 2036233.614915827987716 ], [ 2901656.823792118579149, 2036249.759635827271268 ], [ 2901671.040945287793875, 2036266.103700859937817 ], [ 2901682.429034520871937, 2036277.2077285295818 ], [ 2901698.941255614161491, 2036290.852579579921439 ], [ 2901713.659286395646632, 2036304.81686470261775 ], [ 2901718.627727237995714, 2036309.217512263916433 ], [ 2901737.69929616432637, 2036324.977459982736036 ], [ 2901761.614837385714054, 2036339.5016987870913 ], [ 2901779.864030140917748, 2036347.2428626017645 ], [ 2901790.097758657298982, 2036350.924486542819068 ], [ 2901814.405087264254689, 2036358.167335053440183 ], [ 2901821.13291634619236, 2036359.914292390225455 ], [ 2901842.822581161279231, 2036364.731914705364034 ], [ 2901849.329496779479086, 2036366.177170335780829 ], [ 2901861.057682345155627, 2036367.165531276725233 ], [ 2901876.972994407638907, 2036369.719690338242799 ], [ 2901891.334743279032409, 2036373.768986593699083 ], [ 2901904.268000396899879, 2036378.412902192212641 ], [ 2901919.642938411328942, 2036385.519930162467062 ], [ 2901931.609833728522062, 2036392.343577676918358 ], [ 2901942.307589804753661, 2036401.045313665177673 ], [ 2901954.604587717913091, 2036413.028069163905457 ], [ 2901965.244917722418904, 2036423.713754182448611 ], [ 2901980.228257234208286, 2036442.181244655512273 ], [ 2901994.331520890351385, 2036458.394424305297434 ], [ 2902006.103467049077153, 2036473.101512257708237 ], [ 2902014.137182896025479, 2036481.959374120924622 ], [ 2902027.925082995556295, 2036495.394897912163287 ], [ 2902035.062411143444479, 2036503.264450730290264 ], [ 2902041.503344296012074, 2036513.717057191068307 ], [ 2902048.502180020324886, 2036525.4376124155242 ], [ 2902053.298712175805122, 2036538.046710529597476 ], [ 2902058.701058590319008, 2036549.838308946928009 ], [ 2902071.519727369770408, 2036573.34935302962549 ], [ 2902081.19577063433826, 2036589.552993448683992 ], [ 2902089.230911198072135, 2036605.941007986199111 ], [ 2902099.666900586336851, 2036632.545554072828963 ], [ 2902129.009947404265404, 2036698.552225107327104 ], [ 2902135.68524165591225, 2036712.283407792216167 ], [ 2902141.283780906349421, 2036729.917836274253204 ], [ 2902149.612354443408549, 2036755.313015374820679 ], [ 2902157.914066333323717, 2036777.899905270896852 ], [ 2902164.922714462503791, 2036792.914600957650691 ], [ 2902176.77963115926832, 2036813.460043623112142 ], [ 2902183.009839748963714, 2036823.570700419601053 ], [ 2902186.878833600785583, 2036831.106762123294175 ], [ 2902202.00945848133415, 2036852.748687098035589 ], [ 2902214.350034341681749, 2036866.09163851570338 ], [ 2902219.24128226749599, 2036870.088481086539105 ], [ 2902228.205942912958562, 2036882.691430357517675 ], [ 2902239.8056680993177, 2036895.369698346126825 ], [ 2902245.731114300433546, 2036902.772559523582458 ], [ 2902251.277792335487902, 2036912.73301536636427 ], [ 2902261.7698740568012, 2036933.659836417762563 ], [ 2902278.386857756879181, 2036957.267294433433563 ], [ 2902287.885358596220613, 2036967.213203186169267 ], [ 2902307.664133462123573, 2036983.112696491880342 ], [ 2902312.450829984620214, 2036986.019644279498607 ], [ 2902334.536430737469345, 2036995.90731974830851 ], [ 2902356.674852915108204, 2037002.668509987881407 ], [ 2902377.982968281023204, 2037006.669735924107954 ], [ 2902399.97180966893211, 2037008.327249491587281 ], [ 2902414.867845628876239, 2037008.327455482911319 ], [ 2902442.352482648566365, 2037006.171951455296949 ], [ 2902465.388497972860932, 2037003.452477244660258 ], [ 2902478.143278978765011, 2037001.101892324630171 ], [ 2902501.296524899080396, 2036995.251238447381184 ], [ 2902542.537620624527335, 2036984.063752152724192 ], [ 2902553.373305825516582, 2036984.880627943901345 ], [ 2902572.382752757985145, 2036987.773094567237422 ], [ 2902596.765182645060122, 2036990.88426579372026 ], [ 2902603.412999577820301, 2036991.504638460697606 ], [ 2902623.232995124533772, 2036992.680461958050728 ], [ 2902637.25356114981696, 2036992.519363051746041 ], [ 2902651.585586871951818, 2036991.351481836987659 ], [ 2902675.819639992900193, 2036988.313566095195711 ], [ 2902698.184853565879166, 2036982.678612695308402 ], [ 2902720.908497711643577, 2036977.905528513714671 ], [ 2902746.41267851088196, 2036972.507922922726721 ], [ 2902763.085471188649535, 2036967.440950725460425 ], [ 2902783.80303539102897, 2036959.13625585497357 ], [ 2902804.249036611989141, 2036950.940539717208594 ], [ 2902821.549917151220143, 2036944.121023913379759 ], [ 2902840.788188486360013, 2036938.417115369113162 ], [ 2902861.954586003907025, 2036932.05605231737718 ], [ 2902879.621342955622822, 2036924.873675318667665 ], [ 2902906.200714753009379, 2036910.941406531026587 ], [ 2902972.062320902943611, 2036873.196633813437074 ], [ 2902992.651038943324238, 2036862.23281342186965 ], [ 2903002.443223813548684, 2036856.291290291352198 ], [ 2903015.688983830623329, 2036847.203554949956015 ], [ 2903030.528467434458435, 2036840.732854500645772 ], [ 2903051.02181750535965, 2036831.456695883767679 ], [ 2903070.463542393408716, 2036819.90788486879319 ], [ 2903084.963220349512994, 2036808.961827871156856 ], [ 2903100.626655163243413, 2036799.327407335396856 ], [ 2903112.734269678592682, 2036790.604884196538478 ], [ 2903125.209197896532714, 2036778.199817487737164 ], [ 2903130.804885256104171, 2036770.315655503654853 ], [ 2903135.434338726103306, 2036763.880418058019131 ], [ 2903145.375966920517385, 2036750.061160770244896 ], [ 2903158.494509198702872, 2036730.997231194283813 ], [ 2903164.676314952783287, 2036723.3694365946576 ], [ 2903170.487677640281618, 2036718.070551016367972 ], [ 2903182.077310484834015, 2036710.941788089694455 ], [ 2903186.361185566522181, 2036708.157169111771509 ], [ 2903204.331928179599345, 2036695.827829596586525 ], [ 2903209.199555420316756, 2036693.026909699896351 ], [ 2903216.513088090345263, 2036690.915590314660221 ], [ 2903227.492726093158126, 2036689.83288579271175 ], [ 2903234.3340786062181, 2036688.91878554248251 ], [ 2903283.847108636982739, 2036680.557712608017027 ], [ 2903299.052583157550544, 2036676.751569268526509 ], [ 2903320.229424657765776, 2036669.662504990585148 ], [ 2903334.453859374858439, 2036666.0789146842435 ], [ 2903351.600057151168585, 2036663.373712482629344 ], [ 2903377.132954719476402, 2036659.333763649920002 ], [ 2903398.74819434992969, 2036654.916409525554627 ], [ 2903407.382418649271131, 2036652.750173229258507 ], [ 2903419.777244868688285, 2036649.051781297894195 ], [ 2903425.40977415908128, 2036648.551918597891927 ], [ 2903437.588251356035471, 2036649.804642989998683 ], [ 2903462.575792760588229, 2036653.186509271152318 ], [ 2903476.029732164926827, 2036654.07824518578127 ], [ 2903492.768865336664021, 2036654.045335830422118 ], [ 2903513.346097324974835, 2036655.596981831593439 ], [ 2903533.815339542925358, 2036657.450272295391187 ], [ 2903557.973287615925074, 2036659.590265394654125 ], [ 2903566.902713259682059, 2036659.975817266153172 ], [ 2903591.584294194821268, 2036659.927338481880724 ], [ 2903600.928684122860432, 2036660.42664187727496 ], [ 2903651.253408716991544, 2036667.409096640301868 ], [ 2903671.620913235004991, 2036672.30837913043797 ], [ 2903684.553231881931424, 2036674.517722226679325 ], [ 2903707.738931058440357, 2036676.902670819545165 ], [ 2903713.428373065311462, 2036677.322220885194838 ], [ 2903737.833706526085734, 2036678.34945504902862 ], [ 2903756.327772138640285, 2036678.502774285385385 ], [ 2903767.870497869327664, 2036679.268013949273154 ], [ 2903792.552138906437904, 2036679.219548752531409 ], [ 2903803.453309051226825, 2036678.599080464337021 ], [ 2903825.517254836857319, 2036676.125373205868527 ], [ 2903834.786325022578239, 2036674.643513474846259 ], [ 2903856.474516063928604, 2036670.126257424242795 ], [ 2903873.542497594375163, 2036667.244341413024813 ], [ 2903881.822458654642105, 2036666.832530940650031 ], [ 2903891.877774642314762, 2036668.63444158481434 ], [ 2903917.34376905951649, 2036673.381846644217148 ], [ 2903922.918254741933197, 2036674.256437155650929 ], [ 2903944.499475677497685, 2036677.01076096878387 ], [ 2903950.910729249939322, 2036678.205917439889163 ], [ 2903958.730193998664618, 2036684.667754913913086 ], [ 2903987.766516050323844, 2036701.196447228780016 ], [ 2903998.962041530758142, 2036705.216846395283937 ], [ 2904009.930938326753676, 2036710.754613619763404 ], [ 2904032.741436515469104, 2036718.897308113053441 ], [ 2904047.261899955570698, 2036722.123001122148708 ], [ 2904070.066052841022611, 2036729.701924902154133 ], [ 2904094.373559509869665, 2036736.945719701005146 ], [ 2904101.101594616193324, 2036738.693023246014491 ], [ 2904120.62250241311267, 2036743.029563739895821 ], [ 2904142.312192427925766, 2036747.848024738952518 ], [ 2904153.577119156718254, 2036749.67173268343322 ], [ 2904162.70739532308653, 2036750.610927414847538 ], [ 2904179.150942272506654, 2036753.142054033465683 ], [ 2904201.411994080990553, 2036757.219107768498361 ], [ 2904211.751641140319407, 2036758.551548681687564 ], [ 2904227.458191309124231, 2036759.736109539400786 ], [ 2904242.354679524898529, 2036759.736837765900418 ], [ 2904265.615241353865713, 2036757.99012745777145 ], [ 2904273.706038617063314, 2036757.049538035178557 ], [ 2904293.881096964236349, 2036753.866883206646889 ], [ 2904316.218350551556796, 2036751.109959135297686 ], [ 2904328.443086843006313, 2036748.823930715443566 ], [ 2904342.201305000577122, 2036745.358062837505713 ], [ 2904342.201305000577122, 2036506.995377756655216 ], [ 2904342.061070803552866, 2036507.051796801155433 ], [ 2904335.711560531519353, 2036509.502128552179784 ], [ 2904319.647025115787983, 2036515.701350533170626 ], [ 2904305.429293042980134, 2036522.9737814955879 ], [ 2904289.566666516475379, 2036530.430002992041409 ], [ 2904276.226054067723453, 2036528.496628902154043 ], [ 2904253.716306265443563, 2036527.906284297117963 ], [ 2904245.440402709878981, 2036528.034550103591755 ], [ 2904224.098275883123279, 2036529.254916177596897 ], [ 2904215.881662796717137, 2036528.886776145314798 ], [ 2904208.210038367658854, 2036527.355064013507217 ], [ 2904192.429711585864425, 2036522.290856446605176 ], [ 2904180.344920934177935, 2036517.751893987646326 ], [ 2904171.524710480123758, 2036513.591734147164971 ], [ 2904158.962172749452293, 2036505.38442397932522 ], [ 2904154.078615511767566, 2036502.395889851963148 ], [ 2904134.535900992807001, 2036491.215319162700325 ], [ 2904122.439289724454284, 2036482.605676802340895 ], [ 2904093.289887684397399, 2036468.489456867333502 ], [ 2904066.813405936118215, 2036460.763894167263061 ], [ 2904055.402527499012649, 2036458.162758063990623 ], [ 2904035.914580221287906, 2036454.928547011921182 ], [ 2904016.121377233881503, 2036449.448748539900407 ], [ 2903995.672598983161151, 2036443.555754317902029 ], [ 2903983.068464541342109, 2036440.807338020531461 ], [ 2903958.243194347247481, 2036437.081802933011204 ], [ 2903933.249268461018801, 2036432.940826419973746 ], [ 2903914.175862831994891, 2036430.004959789803252 ], [ 2903893.900241738185287, 2036426.371468875091523 ], [ 2903879.608812326099724, 2036424.875111690023914 ], [ 2903862.112745817750692, 2036424.323117630323395 ], [ 2903849.06018439354375, 2036422.777874001068994 ], [ 2903830.035874900408089, 2036418.551536342594773 ], [ 2903811.77185847517103, 2036416.258354099933058 ], [ 2903783.605754717253149, 2036415.369964330922812 ], [ 2903760.524628275539726, 2036414.243300286354497 ], [ 2903739.409797391854227, 2036415.465633221669123 ], [ 2903718.211017803288996, 2036418.973142292350531 ], [ 2903698.748247658833861, 2036421.1551817888394 ], [ 2903692.007642261683941, 2036422.144288456998765 ], [ 2903675.152183948550373, 2036426.746785887284204 ], [ 2903655.920568869449198, 2036436.246639573946595 ], [ 2903639.165655514225364, 2036432.865395987406373 ], [ 2903618.329069558996707, 2036430.927676963852718 ], [ 2903596.788679072633386, 2036431.213011163752526 ], [ 2903589.952720114029944, 2036431.539010365027934 ], [ 2903568.623093352653086, 2036433.292285501025617 ], [ 2903553.129939532838762, 2036433.657160960836336 ], [ 2903546.461878377012908, 2036433.261470768135041 ], [ 2903530.772422005422413, 2036423.732755362521857 ], [ 2903518.283133572898805, 2036417.334231871180236 ], [ 2903513.720522006973624, 2036415.398699817247689 ], [ 2903508.878066600300372, 2036413.495447425637394 ], [ 2903492.158905998803675, 2036409.062355970032513 ], [ 2903476.041393790394068, 2036407.629345787223428 ], [ 2903436.548156214412302, 2036407.366935978177935 ], [ 2903419.222737161908299, 2036407.251629594713449 ], [ 2903411.353162511251867, 2036407.981936137424782 ], [ 2903401.886484479531646, 2036408.860409347107634 ], [ 2903394.580663577653468, 2036410.855386633658782 ], [ 2903385.031112707220018, 2036413.463018366601318 ], [ 2903358.421211953274906, 2036415.464472480816767 ], [ 2903337.030296275392175, 2036420.85353316552937 ], [ 2903319.526484748348594, 2036425.263257315848023 ], [ 2903298.755718945525587, 2036429.62548674386926 ], [ 2903275.154943161644042, 2036433.684905244037509 ], [ 2903251.685008342377841, 2036437.568456923123449 ], [ 2903227.900804785080254, 2036441.503944260068238 ], [ 2903219.754531304351985, 2036443.201286986470222 ], [ 2903196.419018281623721, 2036449.080400322098285 ], [ 2903170.338275813031942, 2036455.726986439665779 ], [ 2903145.282372487708926, 2036463.067629950353876 ], [ 2903132.683937686961144, 2036467.685340077616274 ], [ 2903117.140855484642088, 2036474.579393869498745 ], [ 2903101.196251243818551, 2036479.337021403945982 ], [ 2903075.820977412164211, 2036490.905839750543237 ], [ 2903054.280257985927165, 2036504.558854593196884 ], [ 2903035.196481943130493, 2036520.157943121390417 ], [ 2903016.946519579738379, 2036539.151400754693896 ], [ 2903010.222403632011265, 2036546.885132854105905 ], [ 2902995.113795316778123, 2036566.115517678204924 ], [ 2902986.797543252352625, 2036578.436290881363675 ], [ 2902976.577787989750504, 2036596.224106539972126 ], [ 2902969.842861660290509, 2036609.522870058426633 ], [ 2902966.726216597016901, 2036615.676990323700011 ], [ 2902962.1151138599962, 2036618.587402106029913 ], [ 2902950.37199666723609, 2036639.026670281309634 ], [ 2902946.818399379961193, 2036646.55627796263434 ], [ 2902943.31665676087141, 2036653.97597015905194 ], [ 2902922.684235457330942, 2036655.158172459807247 ], [ 2902912.056161288637668, 2036659.476410928415135 ], [ 2902907.418946525081992, 2036661.672894275281578 ], [ 2902901.550001735799015, 2036664.689234833233058 ], [ 2902879.99381790868938, 2036676.664347774116322 ], [ 2902861.710902150720358, 2036685.69596953317523 ], [ 2902843.919477588497102, 2036694.123659858480096 ], [ 2902837.171738926321268, 2036697.633811538340524 ], [ 2902821.616466430947185, 2036706.477266466012225 ], [ 2902808.637093184515834, 2036710.377990347566083 ], [ 2902793.680780365131795, 2036716.200088009936735 ], [ 2902775.567976656369865, 2036724.9557465526741 ], [ 2902762.58364041429013, 2036729.854943812591955 ], [ 2902723.150039145722985, 2036738.069119472522289 ], [ 2902701.187079310417175, 2036745.352764261886477 ], [ 2902650.079779211897403, 2036769.074874512618408 ], [ 2902639.579973389860243, 2036767.129010970704257 ], [ 2902625.340333582833409, 2036765.312077609123662 ], [ 2902615.143104273825884, 2036764.795055825030431 ], [ 2902608.101064285263419, 2036764.437965853605419 ], [ 2902586.37262979708612, 2036763.12607388291508 ], [ 2902573.475090353749692, 2036764.613499639322981 ], [ 2902552.920379261486232, 2036761.868330073775724 ], [ 2902535.71815432747826, 2036763.117706801276654 ], [ 2902502.824124205391854, 2036771.240281098056585 ], [ 2902497.214593896642327, 2036773.68182705133222 ], [ 2902482.403514587320387, 2036780.12870928295888 ], [ 2902469.421332202386111, 2036783.399607322877273 ], [ 2902446.466604981105775, 2036788.15507788467221 ], [ 2902433.698385758791119, 2036791.372105021961033 ], [ 2902426.440862447954714, 2036779.934953279560432 ], [ 2902418.914949995931238, 2036769.63518836745061 ], [ 2902401.873768804594874, 2036749.41496157203801 ], [ 2902388.112140374258161, 2036734.373382048448548 ], [ 2902382.024048583116382, 2036727.719048477243632 ], [ 2902377.022429539822042, 2036718.737632470205426 ], [ 2902373.408604042138904, 2036712.76161203510128 ], [ 2902361.427411050535738, 2036694.463110375683755 ], [ 2902355.467444784939289, 2036684.790808887220919 ], [ 2902350.43433497287333, 2036671.58516992116347 ], [ 2902343.381146289873868, 2036653.771771218627691 ], [ 2902336.448132174089551, 2036635.2184680365026 ], [ 2902329.827011285815388, 2036614.592500275932252 ], [ 2902328.104363805148751, 2036609.67657022504136 ], [ 2902319.771046422421932, 2036587.795144783332944 ], [ 2902312.366965028457344, 2036569.095320650842041 ], [ 2902309.787510255817324, 2036563.15994860813953 ], [ 2902300.315438295714557, 2036543.193662450648844 ], [ 2902292.23419414460659, 2036524.940275203669444 ], [ 2902288.247742302715778, 2036516.942759267054498 ], [ 2902279.025272809900343, 2036500.381653471849859 ], [ 2902270.417758887633681, 2036482.675771435489878 ], [ 2902266.431093985214829, 2036475.297599281882867 ], [ 2902255.445206189993769, 2036456.900356882251799 ], [ 2902247.570641415659338, 2036442.759469990152866 ], [ 2902238.761198616586626, 2036423.350429257145151 ], [ 2902233.673473922535777, 2036413.629000351764262 ], [ 2902221.931588333565742, 2036393.965543665457517 ], [ 2902219.244722644798458, 2036389.718677648808807 ], [ 2902205.109536417294294, 2036368.601654978236184 ], [ 2902196.568616015836596, 2036357.629481215495616 ], [ 2902181.783845409750938, 2036341.210599112091586 ], [ 2902169.604587244801223, 2036326.059390536043793 ], [ 2902154.737692798487842, 2036306.874728875933215 ], [ 2902121.381461056880653, 2036264.893925740383565 ], [ 2902112.090135210193694, 2036254.765039057005197 ], [ 2902092.345457728486508, 2036236.089651733171195 ], [ 2902087.486607314087451, 2036231.792869489407167 ], [ 2902072.229314961936325, 2036219.184818356530741 ], [ 2902058.217255068942904, 2036209.542540533468127 ], [ 2902040.507277742959559, 2036199.522397658554837 ], [ 2902015.983226175419986, 2036188.795468459837139 ], [ 2902011.616119321901351, 2036181.969264904037118 ], [ 2902003.23679905757308, 2036178.669928850373253 ], [ 2901995.753426294773817, 2036175.356972441310063 ], [ 2901979.972523821052164, 2036168.370738900732249 ], [ 2901963.25370642868802, 2036163.938224458601326 ], [ 2901941.688978686463088, 2036161.44289633538574 ], [ 2901932.747856153640896, 2036158.074376895325258 ], [ 2901906.81108503928408, 2036154.894436766160652 ], [ 2901901.214546126313508, 2036151.995769578497857 ], [ 2901896.714764755684882, 2036149.810087198158726 ], [ 2901876.507679441012442, 2036140.630112896440551 ], [ 2901859.70210494985804, 2036132.234659084118903 ], [ 2901844.679589838720858, 2036122.501042041694745 ], [ 2901832.5777832781896, 2036114.231829842319712 ], [ 2901823.297628975007683, 2036102.067348193377256 ], [ 2901823.678035956807435, 2036088.62077830103226 ], [ 2901824.972920954227448, 2036076.813210675958544 ], [ 2901827.724753861315548, 2036064.140880227088928 ], [ 2901833.692132885567844, 2036042.585752769140527 ], [ 2901835.906381784938276, 2036032.698623197618872 ], [ 2901840.096249343827367, 2036007.754139752360061 ], [ 2901842.640043471939862, 2035987.576185768004507 ], [ 2901843.41059326659888, 2035972.817000239156187 ], [ 2901842.887869947589934, 2035948.270256282761693 ], [ 2901841.748636435717344, 2035935.191298927180469 ], [ 2901837.635988400317729, 2035908.464235692750663 ], [ 2901832.529913962818682, 2035888.870718208141625 ], [ 2901824.453177075367421, 2035867.255724170943722 ], [ 2901814.832054203376174, 2035848.165814815321937 ], [ 2901800.472854188643396, 2035826.077151554170996 ], [ 2901779.017860752064735, 2035802.617800978012383 ], [ 2901764.663667411543429, 2035791.354847876355052 ], [ 2901755.628792907577008, 2035783.313599775312468 ], [ 2901750.617844241671264, 2035779.434824179159477 ], [ 2901734.597530183382332, 2035769.369447044329718 ], [ 2901711.33749733492732, 2035757.749529500491917 ], [ 2901701.856166116893291, 2035753.627398599870503 ], [ 2901680.465737033635378, 2035745.649659725837409 ], [ 2901662.713478358928114, 2035740.874184561194852 ], [ 2901642.513184891082346, 2035737.430658054538071 ], [ 2901633.387453671079129, 2035734.561012662015855 ], [ 2901617.689604130107909, 2035727.902294285129756 ], [ 2901599.027592709753662, 2035721.47736299270764 ], [ 2901584.690116608515382, 2035711.913061789702624 ], [ 2901580.18524516467005, 2035709.677943674381822 ], [ 2901569.027242307551205, 2035704.141648698132485 ], [ 2901554.305238713510334, 2035696.540412608301267 ], [ 2901508.721056125126779, 2035673.004593186313286 ], [ 2901500.324546326883137, 2035669.150139041012153 ], [ 2901480.34482056228444, 2035661.103874119929969 ], [ 2901463.193961260840297, 2035654.002636178629473 ], [ 2901447.158161529805511, 2035645.610680898884311 ], [ 2901442.293985427357256, 2035643.235416507115588 ], [ 2901420.455044062808156, 2035633.314104022923857 ], [ 2901414.927575714886189, 2035631.005524069536477 ], [ 2901397.215764177963138, 2035624.240296005737036 ], [ 2901390.4097028109245, 2035620.106797903543338 ], [ 2901384.548880267888308, 2035615.263570371549577 ], [ 2901378.842900479212403, 2035610.026834719115868 ], [ 2901376.962117535062134, 2035601.953481221105903 ], [ 2901375.710248551797122, 2035596.5794032078702 ], [ 2901371.632580174598843, 2035587.065313307801262 ], [ 2901369.852723537944257, 2035576.941817204933614 ], [ 2901360.800651673227549, 2035563.686769153224304 ], [ 2901364.173167628236115, 2035545.986843479331583 ], [ 2901361.419902211986482, 2035530.0988593401853 ], [ 2901359.782656558323652, 2035523.602867588633671 ], [ 2901358.403653248678893, 2035513.07442672830075 ], [ 2901352.822112925350666, 2035502.628997649531811 ], [ 2901352.833595536649227, 2035497.428654364310205 ], [ 2901352.874359827488661, 2035479.057847483316436 ], [ 2901347.420225648209453, 2035450.618829917861149 ], [ 2901331.717150289565325, 2035382.596422326983884 ], [ 2901328.761810237541795, 2035372.350177990971133 ], [ 2901321.655741537921131, 2035356.567669509910047 ], [ 2901314.5632403222844, 2035346.205870306584984 ], [ 2901308.065582531504333, 2035355.361375400796533 ], [ 2901263.273709789849818, 2035418.47599739767611 ], [ 2901259.538091321475804, 2035381.406258408213034 ], [ 2901244.256161103025079, 2035336.107237242627889 ], [ 2901231.32232660241425, 2035307.288205137941986 ], [ 2901225.089138017967343, 2035307.95774912647903 ], [ 2901223.343785614240915, 2035305.020235007395968 ], [ 2901197.543453200720251, 2035246.740128583274782 ], [ 2901109.59475833363831, 2035093.064378858776763 ], [ 2901097.180241191759706, 2035070.485374336596578 ], [ 2901094.488327621482313, 2035058.824430677806959 ], [ 2901092.768743411637843, 2035046.918246439425275 ], [ 2901078.261143350042403, 2035006.357694882899523 ], [ 2901071.756370848044753, 2034964.808961623581126 ], [ 2901071.010011423844844, 2034939.290089779533446 ], [ 2901072.881945248693228, 2034902.828792482148856 ], [ 2901071.240498187951744, 2034833.31963036977686 ], [ 2901070.867730115540326, 2034813.876343187643215 ], [ 2901069.746945143677294, 2034795.649682790972292 ], [ 2901064.512629152275622, 2034777.431272369343787 ], [ 2901062.793034267611802, 2034765.525322663830593 ], [ 2901063.243512860033661, 2034740.733310838695616 ], [ 2901065.637546409852803, 2034728.81899898359552 ], [ 2901070.200593939982355, 2034717.386493080295622 ], [ 2901069.977229880169034, 2034703.047066431026906 ], [ 2901067.286250473000109, 2034678.018222247716039 ], [ 2901071.624959374777973, 2034665.614041903289035 ], [ 2901077.384754355996847, 2034654.908273787936196 ], [ 2901085.462823571637273, 2034649.788176866946742 ], [ 2901098.103057900443673, 2034646.603309435071424 ], [ 2901105.133642699103802, 2034645.860248630167916 ], [ 2901110.743213029578328, 2034643.418562188511714 ], [ 2901112.987335527315736, 2034639.768282016040757 ], [ 2901114.334220272488892, 2034632.231056607561186 ], [ 2901111.866644985973835, 2034621.541836193064228 ], [ 2901101.471345288679004, 2034607.708713700063527 ], [ 2901085.092757632955909, 2034590.241661660606042 ], [ 2901081.129356591962278, 2034581.985851971199736 ], [ 2901082.176653480622917, 2034577.60885682166554 ], [ 2901089.656966024078429, 2034565.441412110347301 ], [ 2901097.960136011242867, 2034547.925315976608545 ], [ 2901097.586537899449468, 2034541.849777309689671 ], [ 2901094.670558912679553, 2034529.217055786168203 ], [ 2901100.580366152804345, 2034510.247382213594392 ], [ 2901110.529004440642893, 2034495.401480600470677 ], [ 2901135.736438415944576, 2034466.42851289594546 ], [ 2901138.803638915065676, 2034457.429552400717512 ], [ 2901137.308463098481297, 2034446.495299047790468 ], [ 2901134.39249059278518, 2034433.862483429256827 ], [ 2901134.617820736952126, 2034421.466550975339487 ], [ 2901138.956707742996514, 2034409.062379183247685 ], [ 2901155.414288063999265, 2034368.926432860316709 ], [ 2901165.363801282364875, 2034340.712990176165476 ], [ 2901183.541867628693581, 2034299.115411653881893 ], [ 2901191.620937671512365, 2034280.627767170779407 ], [ 2901212.492786761373281, 2034223.955843500327319 ], [ 2901221.992871672380716, 2034207.166642614640296 ], [ 2901234.484967462718487, 2034185.510502504883334 ], [ 2901236.655126159079373, 2034172.624609223566949 ], [ 2901245.706718234345317, 2034153.891834102803841 ], [ 2901261.639591997954994, 2034129.312416575383395 ], [ 2901266.801797672174871, 2034111.559689113171771 ], [ 2901273.535135863348842, 2034087.241480474360287 ], [ 2901292.536748075857759, 2034040.295524631161243 ], [ 2901314.753616148605943, 2034002.822124789934605 ], [ 2901325.899243111722171, 2033988.703157379059121 ], [ 2901330.985133453272283, 2033988.450114720733836 ], [ 2901337.192473784089088, 2033993.055800161091611 ], [ 2901348.859497247263789, 2034003.483715950511396 ], [ 2901353.645948617719114, 2034006.39085594448261 ], [ 2901356.338754383847117, 2034004.684169960208237 ], [ 2901356.488924729637802, 2033996.420261356281117 ], [ 2901348.563470399007201, 2033966.540960644138977 ], [ 2901347.817761939950287, 2033941.022414012346417 ], [ 2901353.577816361095756, 2033930.316929436754435 ], [ 2901361.357835924252868, 2033914.989502865355462 ], [ 2901366.520045532844961, 2033897.236829170025885 ], [ 2901381.558622089214623, 2033842.035267474595457 ], [ 2901391.657892369199544, 2033818.925676027312875 ], [ 2901394.874417148530483, 2033815.030609819339588 ], [ 2901399.287591822445393, 2033811.862399045843631 ], [ 2901403.176945654209703, 2033810.882492796052247 ], [ 2901418.808232837356627, 2033816.198696167906746 ], [ 2901432.408125406131148, 2033821.830173692665994 ], [ 2901440.422838935628533, 2033825.148970905225724 ], [ 2901441.170981347560883, 2033823.932243891758844 ], [ 2901436.460700372233987, 2033803.525606147246435 ], [ 2901429.881131450179964, 2033779.476821861462668 ], [ 2901424.123657247051597, 2033763.44702035561204 ], [ 2901423.601029059849679, 2033752.267866779118776 ], [ 2901428.764895549044013, 2033721.1475941601675 ], [ 2901431.534138360992074, 2033701.941498427418992 ], [ 2901434.079023295082152, 2033681.763533591292799 ], [ 2901438.642523530870676, 2033670.331321036443114 ], [ 2901442.607131252996624, 2033665.219652772881091 ], [ 2901446.796057888306677, 2033661.079560879617929 ], [ 2901455.995589626021683, 2033660.81842472567223 ], [ 2901470.28125271666795, 2033660.304328629048541 ], [ 2901470.697941225487739, 2033659.892555705038831 ], [ 2901474.470084251370281, 2033656.164257490076125 ], [ 2901475.517697671428323, 2033651.787359881680459 ], [ 2901470.657342070713639, 2033639.644610674586147 ], [ 2901466.993507985956967, 2033628.228539876174182 ], [ 2901468.26667643757537, 2033611.455773041350767 ], [ 2901470.661363730207086, 2033599.541709814686328 ], [ 2901473.429235955700278, 2033593.703208380378783 ], [ 2901482.77933100797236, 2033585.178235481027514 ], [ 2901497.141547472216189, 2033567.164530975511298 ], [ 2901501.480853546410799, 2033554.760641599539667 ], [ 2901512.404987494461238, 2033512.935196383390576 ], [ 2901520.93326302152127, 2033496.391232633963227 ], [ 2901524.524552229326218, 2033485.204154691426083 ], [ 2901527.295350625179708, 2033452.630427514435723 ], [ 2901529.689903079532087, 2033440.716513552935794 ], [ 2901535.22588212415576, 2033429.039396132109687 ], [ 2901539.566707679536194, 2033403.267958166077733 ], [ 2901542.036707943305373, 2033387.22205593646504 ], [ 2901548.694098632317036, 2033380.403659627772868 ], [ 2901558.417497295886278, 2033377.95415261038579 ], [ 2901582.575629564467818, 2033380.09433862939477 ], [ 2901591.400561833754182, 2033387.12523993011564 ], [ 2901608.377573729027063, 2033398.272206604480743 ], [ 2901612.042732778005302, 2033396.320631188806146 ], [ 2901613.613994112703949, 2033389.755287124076858 ], [ 2901609.650854238308966, 2033381.499566706828773 ], [ 2901601.275956218596548, 2033363.044369090814143 ], [ 2901590.656797502655536, 2033348.23939947411418 ], [ 2901577.569213783368468, 2033336.112752568908036 ], [ 2901553.712062972132117, 2033317.444846717640758 ], [ 2901552.814933596644551, 2033313.558020581258461 ], [ 2901553.189666244667023, 2033306.265900299418718 ], [ 2901558.50144022796303, 2033293.617006395943463 ], [ 2901560.297266850247979, 2033288.023498228285462 ], [ 2901558.877785169985145, 2033272.957316271960735 ], [ 2901551.324644620530307, 2033262.521248064236715 ], [ 2901549.006806585937738, 2033256.935642421245575 ], [ 2901548.559769054874778, 2033241.624728687340394 ], [ 2901550.207917897030711, 2033217.559868380660191 ], [ 2901545.720962213352323, 2033211.492553602904081 ], [ 2901544.375337228644639, 2033205.662053827662021 ], [ 2901546.545806861948222, 2033192.776351713808253 ], [ 2901547.968215307220817, 2033181.107352992985398 ], [ 2901547.446026893332601, 2033169.928280931897461 ], [ 2901551.785462925676256, 2033157.524525226326659 ], [ 2901552.384542051237077, 2033151.204083557473496 ], [ 2901551.564209584612399, 2033129.817669537151232 ], [ 2901551.415241406299174, 2033124.714029207359999 ], [ 2901553.435297679156065, 2033120.092117649037391 ], [ 2901566.002047630026937, 2033107.672270197886974 ], [ 2901587.470672729425132, 2033084.784010047093034 ], [ 2901604.974522491917014, 2033067.007414977066219 ], [ 2901618.513813130557537, 2033054.342639554757625 ], [ 2901621.206389813683927, 2033052.636035315692425 ], [ 2901628.909970256499946, 2033054.808421755908057 ], [ 2901636.538171003572643, 2033061.112677328521386 ], [ 2901641.174190887250006, 2033072.283715483965352 ], [ 2901647.753234541043639, 2033096.332272534957156 ], [ 2901653.361357861198485, 2033107.258339954074472 ], [ 2901664.952702179551125, 2033121.818511198973283 ], [ 2901675.796047789044678, 2033137.59517112490721 ], [ 2901686.56572489021346, 2033144.136440814472735 ], [ 2901704.889698528684676, 2033147.746329238871112 ], [ 2901735.554745705798268, 2033151.332060527754948 ], [ 2901761.433444178663194, 2033152.010621981695294 ], [ 2901774.298365763388574, 2033149.798079076688737 ], [ 2901778.711526054888964, 2033146.62984132533893 ], [ 2901779.459498468786478, 2033145.413161354837939 ], [ 2901776.842083677649498, 2033142.987824937328696 ], [ 2901768.166094838641584, 2033141.060437388019636 ], [ 2901743.559404958039522, 2033136.976766252657399 ], [ 2901719.401174507569522, 2033134.836489983368665 ], [ 2901707.135468499734998, 2033130.728691387921572 ], [ 2901697.338313054293394, 2033123.942569689825177 ], [ 2901692.178653478156775, 2033114.959975346690044 ], [ 2901686.945102414116263, 2033096.741829163162038 ], [ 2901687.396730079315603, 2033071.95033363532275 ], [ 2901689.194057824090123, 2033052.989223576150835 ], [ 2901694.132864024490118, 2033034.265120165422559 ], [ 2901693.985417017713189, 2033015.794067505514249 ], [ 2901690.097677462734282, 2033003.40629349485971 ], [ 2901681.572353834286332, 2032993.215110612334684 ], [ 2901669.83038601372391, 2032986.918855412863195 ], [ 2901657.789104841649532, 2032983.782726136269048 ], [ 2901644.699847573414445, 2032985.023529338650405 ], [ 2901626.449442769400775, 2032990.649168904870749 ], [ 2901610.068496051244438, 2032999.916921854251996 ], [ 2901551.426291111856699, 2033031.141445593675599 ], [ 2901545.343495308421552, 2033030.453634050907567 ], [ 2901542.974649362266064, 2033030.185773977544159 ], [ 2901537.739721662830561, 2033025.335050557507202 ], [ 2901532.355753092095256, 2033015.380807099398226 ], [ 2901521.140789547935128, 2032980.161038463003933 ], [ 2901509.551080606877804, 2032952.233483377844095 ], [ 2901500.42834216170013, 2032934.995127419475466 ], [ 2901489.212021606042981, 2032913.1428707705345 ], [ 2901464.983284023124725, 2032875.032220650697127 ], [ 2901448.157195249572396, 2032855.621489267330617 ], [ 2901442.773120972327888, 2032845.667085745604709 ], [ 2901434.84703934378922, 2032829.155506765469909 ], [ 2901426.770390652585775, 2032820.907719601178542 ], [ 2901404.782678950577974, 2032805.881950746290386 ], [ 2901384.964208198245615, 2032791.337976450799033 ], [ 2901369.408129043877125, 2032781.889563602628186 ], [ 2901350.635641674511135, 2032776.336262542521581 ], [ 2901332.611033776775002, 2032769.566302216844633 ], [ 2901310.772473111748695, 2032759.644078230950981 ], [ 2901289.233547712676227, 2032746.56178826559335 ], [ 2901277.118459898047149, 2032734.19022790226154 ], [ 2901267.471810985356569, 2032719.140246242517605 ], [ 2901265.004977704025805, 2032708.451059900224209 ], [ 2901267.175732793752104, 2032695.565342704765499 ], [ 2901266.802459514699876, 2032689.489947819616646 ], [ 2901261.791796324774623, 2032685.61104884929955 ], [ 2901255.957664754241705, 2032687.08071521227248 ], [ 2901241.297001195140183, 2032694.88678612257354 ], [ 2901235.462986768223345, 2032696.356535992352292 ], [ 2901230.15251303371042, 2032695.637851292267442 ], [ 2901212.876282834913582, 2032687.651084779994562 ], [ 2901191.785743880085647, 2032676.512333957478404 ], [ 2901173.239122532308102, 2032658.563186591956764 ], [ 2901134.276515047065914, 2032619.023135280469432 ], [ 2901120.964931742753834, 2032605.924860473489389 ], [ 2901097.631917173042893, 2032585.068652650108561 ], [ 2901062.557036453858018, 2032557.916373943444341 ], [ 2901045.505077794194221, 2032550.901459605433047 ], [ 2901028.97677863528952, 2032541.698196451645344 ], [ 2901002.202744447626173, 2032523.765358924167231 ], [ 2900980.814579464495182, 2032502.419334798585624 ], [ 2900966.681280792690814, 2032481.30206214194186 ], [ 2900955.465088155120611, 2032459.449885756941512 ], [ 2900951.801762401126325, 2032448.033971179742366 ], [ 2900953.375033055432141, 2032428.100989312166348 ], [ 2900955.845440124627203, 2032412.055101881735027 ], [ 2900955.696515660732985, 2032406.951481859665364 ], [ 2900952.106715734116733, 2032404.77104603452608 ], [ 2900947.993074914906174, 2032404.779099653242156 ], [ 2900934.080632555298507, 2032411.368730913149193 ], [ 2900921.439812961965799, 2032414.553223159862682 ], [ 2900917.101941384375095, 2032413.589497861452401 ], [ 2900910.446117699146271, 2032407.040357805090025 ], [ 2900888.012138905003667, 2032376.703643537126482 ], [ 2900875.823590620420873, 2032355.09654114744626 ], [ 2900870.963612757623196, 2032342.953605448827147 ], [ 2900865.952979788184166, 2032339.074756573420018 ], [ 2900857.277060046326369, 2032337.147451868280768 ], [ 2900838.953032208606601, 2032333.537855844013393 ], [ 2900827.659906605258584, 2032329.185051285894588 ], [ 2900815.394115091301501, 2032325.077446406008676 ], [ 2900784.730863782577217, 2032308.124584588455036 ], [ 2900768.202788525260985, 2032298.92119413940236 ], [ 2900757.433250166010112, 2032292.38016845099628 ], [ 2900746.290741828270257, 2032279.763614309718832 ], [ 2900740.607339448295534, 2032272.969555873656645 ], [ 2900734.100553216412663, 2032271.524044330464676 ], [ 2900727.817802265286446, 2032271.050349766854197 ], [ 2900709.269555974751711, 2032266.468929063295946 ], [ 2900692.965744046494365, 2032258.237446593120694 ], [ 2900677.933553396258503, 2032246.600822221022099 ], [ 2900666.118379733525217, 2032231.069049520418048 ], [ 2900658.940580969676375, 2032213.340727832168341 ], [ 2900658.942456502933055, 2032199.973210995551199 ], [ 2900662.309874696657062, 2032187.814227470895275 ], [ 2900698.145692741964012, 2032120.176567526999861 ], [ 2900714.078368868678808, 2032108.965128747280687 ], [ 2900727.617900801822543, 2032096.300113706849515 ], [ 2900728.141848363913596, 2032094.11160765378736 ], [ 2900724.551978418603539, 2032091.93130939733237 ], [ 2900695.1570631172508, 2032098.308208612725139 ], [ 2900684.161421791184694, 2032104.163033781806007 ], [ 2900664.264063056558371, 2032120.486371400067583 ], [ 2900654.240804868750274, 2032126.096059146337211 ], [ 2900647.958366699051112, 2032125.622420457890257 ], [ 2900642.199447670485824, 2032122.960149558959529 ], [ 2900639.581968257203698, 2032120.534809854347259 ], [ 2900637.712595853954554, 2032116.892956714145839 ], [ 2900633.225811411626637, 2032110.825549539877102 ], [ 2900627.467106193304062, 2032108.163343436084688 ], [ 2900623.053762250579894, 2032111.331713043618947 ], [ 2900620.509905582293868, 2032118.142016149591655 ], [ 2900599.340337507426739, 2032137.870443596038967 ], [ 2900575.479908769018948, 2032145.938065238296986 ], [ 2900575.281669265590608, 2032145.969323459081352 ], [ 2900564.559768133796751, 2032147.66075770300813 ], [ 2900557.828682053368539, 2032145.243609980447218 ], [ 2900539.804215635173023, 2032138.473788344068453 ], [ 2900529.782963700592518, 2032130.715974946506321 ], [ 2900495.680714838672429, 2032103.318847266025841 ], [ 2900480.873092887923121, 2032092.654021424474195 ], [ 2900467.337373644579202, 2032078.583897397387773 ], [ 2900453.204401756636798, 2032057.466692788759246 ], [ 2900445.054227121639997, 2032039.983274444006383 ], [ 2900437.426151686348021, 2032033.679151196498424 ], [ 2900421.346594919450581, 2032026.419356151483953 ], [ 2900410.801418997347355, 2032020.850082509685308 ], [ 2900391.955388739705086, 2032006.06138226413168 ], [ 2900358.228414694778621, 2031971.372024134034291 ], [ 2900346.637329648248851, 2031956.81206923420541 ], [ 2900337.963530877605081, 2031941.51713424990885 ], [ 2900331.531982212327421, 2031935.939772079465911 ], [ 2900325.473763736896217, 2031936.437758617568761 ], [ 2900318.891405158676207, 2031939.124291434884071 ], [ 2900309.167817576322705, 2031941.573882229393348 ], [ 2900300.491953099612147, 2031939.646688170032576 ], [ 2900273.942557256668806, 2031922.685678727691993 ], [ 2900254.348573748022318, 2031909.113641909090802 ], [ 2900214.186168670654297, 2031895.582383729284629 ], [ 2900206.034339925274253, 2031891.466581430286169 ], [ 2900202.968337763100863, 2031887.097834135172889 ], [ 2900203.642977818846703, 2031876.645351225277409 ], [ 2900207.982905082404613, 2031864.241375039564446 ], [ 2900205.889484304003417, 2031859.627535275183618 ], [ 2900198.410239893011749, 2031858.427080198191106 ], [ 2900183.300940444692969, 2031864.290064770029858 ], [ 2900165.349873826373369, 2031866.756086224457249 ], [ 2900147.47448165435344, 2031865.089918571291491 ], [ 2900129.674431916326284, 2031859.292027348186821 ], [ 2900113.370595645625144, 2031851.060492124408484 ], [ 2900104.321505388244987, 2031843.057876498205587 ], [ 2900098.713633399456739, 2031832.131752206711099 ], [ 2900097.443593882024288, 2031822.169272627914324 ], [ 2900099.090748507529497, 2031811.471910816151649 ], [ 2900098.418083700351417, 2031808.556684176903218 ], [ 2900093.631602061912417, 2031805.64952644216828 ], [ 2900087.34897642955184, 2031805.175805695122108 ], [ 2900069.398026650771499, 2031807.64184699091129 ], [ 2900058.029404730536044, 2031807.421226366655901 ], [ 2900040.453585471957922, 2031802.595048287883401 ], [ 2900025.421683045104146, 2031790.958334306953475 ], [ 2900005.154984088614583, 2031774.471108217258006 ], [ 2899989.599178154021502, 2031765.023116494296119 ], [ 2899973.819215668365359, 2031754.603141375118867 ], [ 2899964.321986405178905, 2031744.656955351587385 ], [ 2899956.396195698529482, 2031728.145307438680902 ], [ 2899932.468351342249662, 2031686.874408845789731 ], [ 2899931.123029648326337, 2031681.043963936623186 ], [ 2899934.865585011895746, 2031661.592629098333418 ], [ 2899941.973887423053384, 2031643.349933671765029 ], [ 2899948.93118560500443, 2031633.371258238097653 ], [ 2899972.569443134125322, 2031610.964135316899046 ], [ 2899979.975384217686951, 2031602.928879560902715 ], [ 2899982.295129269361496, 2031595.146765549201518 ], [ 2899981.324965415522456, 2031582.024099234724417 ], [ 2899983.120861193630844, 2031576.430477953748778 ], [ 2899987.012285215780139, 2031562.082971471594647 ], [ 2899987.9113893751055, 2031552.602240391541272 ], [ 2899978.711583150550723, 2031552.863521619932726 ], [ 2899970.557653732132167, 2031562.115475594066083 ], [ 2899965.021163633558899, 2031573.792627425631508 ], [ 2899958.512197121977806, 2031585.714860810199752 ], [ 2899951.405883647035807, 2031590.589853842975572 ], [ 2899934.727057296317071, 2031589.650697073200718 ], [ 2899916.178926091641188, 2031585.069320274749771 ], [ 2899890.524427806027234, 2031585.363169208867475 ], [ 2899879.67966837156564, 2031582.954099867260084 ], [ 2899873.921100718900561, 2031580.291880070697516 ], [ 2899865.395982511807233, 2031570.100712932879105 ], [ 2899852.084712149575353, 2031557.002463947981596 ], [ 2899840.493801145348698, 2031542.442452204413712 ], [ 2899835.858373011928052, 2031531.271410461282358 ], [ 2899822.700060325674713, 2031496.541490595089272 ], [ 2899816.494997592177242, 2031478.568165170261636 ], [ 2899813.207031663507223, 2031459.859960508067161 ], [ 2899814.181465494912118, 2031446.247310411185026 ], [ 2899820.541563341394067, 2031429.221471873577684 ], [ 2899836.403363139368594, 2031395.406444233376533 ], [ 2899841.416002712212503, 2031385.917680287500843 ], [ 2899840.519134176895022, 2031382.03069218667224 ], [ 2899834.760455506388098, 2031379.368398915743455 ], [ 2899810.526968098245561, 2031381.360733047826216 ], [ 2899786.293179872911423, 2031383.353035815991461 ], [ 2899776.420923399738967, 2031380.699007928371429 ], [ 2899770.737580315209925, 2031373.904804720310494 ], [ 2899770.664317571092397, 2031364.669143641600385 ], [ 2899774.031909048557281, 2031352.510125510860234 ], [ 2899780.989343492314219, 2031342.531422444852069 ], [ 2899791.760841924231499, 2031335.704807007685304 ], [ 2899807.61834365921095, 2031328.625070983311161 ], [ 2899814.724476903676987, 2031323.750098708318546 ], [ 2899817.492986423894763, 2031317.911476579960436 ], [ 2899817.419523997232318, 2031308.67575599369593 ], [ 2899814.877699971199036, 2031302.118404851062223 ], [ 2899809.269814771134406, 2031291.192364142742008 ], [ 2899808.672593398950994, 2031284.145117316162214 ], [ 2899812.713066285010427, 2031274.901385345263407 ], [ 2899816.677889466285706, 2031269.789524863706902 ], [ 2899826.701329831033945, 2031264.179640720132738 ], [ 2899839.566335019655526, 2031261.966831374447793 ], [ 2899852.355803841724992, 2031263.885976758552715 ], [ 2899861.555515703279525, 2031263.62468953197822 ], [ 2899866.71707902289927, 2031259.239720877958462 ], [ 2899870.233389602042735, 2031252.184440280077979 ], [ 2899870.459702785126865, 2031239.78854419500567 ], [ 2899869.116718807257712, 2031220.59041381906718 ], [ 2899871.212395396549255, 2031211.836522242752835 ], [ 2899897.990096180699766, 2031203.034076421754435 ], [ 2899902.17925381520763, 2031198.893979377578944 ], [ 2899902.778683836571872, 2031192.573640990070999 ], [ 2899905.17411832883954, 2031180.659476316068321 ], [ 2899909.438744897954166, 2031172.387548504164442 ], [ 2899913.852222840301692, 2031169.219206354347989 ], [ 2899932.700033508241177, 2031170.640319612808526 ], [ 2899952.968785249628127, 2031173.760002266615629 ], [ 2899955.661564169451594, 2031172.053280318388715 ], [ 2899956.933636164292693, 2031168.648158358642831 ], [ 2899950.877436314709485, 2031155.77854878269136 ], [ 2899946.466292259283364, 2031145.579290458699688 ], [ 2899946.541844301857054, 2031141.447342870989814 ], [ 2899950.582365819718689, 2031132.203632689546794 ], [ 2899957.240117562003434, 2031125.385149256326258 ], [ 2899978.032655939925462, 2031126.316375085385516 ], [ 2899990.597960108891129, 2031127.263888186775148 ], [ 2899995.983756057918072, 2031123.850611589616165 ], [ 2900006.306934668682516, 2031115.080617342377082 ], [ 2900015.058068674989045, 2031112.87595620797947 ], [ 2900036.896528504788876, 2031122.797841341001913 ], [ 2900050.582908689975739, 2031128.604128600563854 ], [ 2900053.49992747604847, 2031127.869283039821312 ], [ 2900054.996207610238343, 2031125.435837765689939 ], [ 2900058.064227922819555, 2031116.437018951401114 ], [ 2900058.066490991972387, 2031103.069444984896109 ], [ 2900061.059168986976147, 2031098.202636243076995 ], [ 2900068.465151379816234, 2031090.167539180722088 ], [ 2900080.881707755848765, 2031086.011280971113592 ], [ 2900101.90078285895288, 2031074.546765698119998 ], [ 2900115.065459496341646, 2031069.173903962597251 ], [ 2900121.572318162769079, 2031070.619303172919899 ], [ 2900127.555412483401597, 2031074.253267153166234 ], [ 2900155.381170252338052, 2031061.074105015723035 ], [ 2900182.085698037873954, 2031043.036239917622879 ], [ 2900193.978308616671711, 2031041.068515606690198 ], [ 2900223.82661641901359, 2031009.90001427102834 ], [ 2900234.373976479750127, 2031002.101772689493373 ], [ 2900253.59718065103516, 2030996.231027190573514 ], [ 2900265.71400951128453, 2030995.234996247570962 ], [ 2900278.055069670081139, 2030995.210838654311374 ], [ 2900288.602461643517017, 2030987.412709784694016 ], [ 2900295.335773382335901, 2030976.462362070567906 ], [ 2900303.490039900876582, 2030967.210685153491795 ], [ 2900314.4858528370969, 2030961.356008370406926 ], [ 2900320.544241794385016, 2030960.858108666026965 ], [ 2900327.27523619774729, 2030963.275327181210741 ], [ 2900333.109512673690915, 2030961.805639839731157 ], [ 2900343.881022939924151, 2030954.979217229876667 ], [ 2900359.814312556758523, 2030943.767978761345148 ], [ 2900401.328835858032107, 2030923.027751216897741 ], [ 2900412.3246796336025, 2030917.173101336229593 ], [ 2900427.28549282066524, 2030906.206860753940418 ], [ 2900463.86282598786056, 2030890.823324517579749 ], [ 2900481.440898626111448, 2030882.2823571767658 ], [ 2900500.591099807061255, 2030867.176096777198836 ], [ 2900517.496792259160429, 2030855.719992000376806 ], [ 2900526.099339779466391, 2030848.411846042843536 ], [ 2900535.749919953290373, 2030836.726914405124262 ], [ 2900555.799275668803602, 2030812.140143240103498 ], [ 2900578.466119486838579, 2030789.978804510552436 ], [ 2900593.427029177546501, 2030779.012631743680686 ], [ 2900605.619375310372561, 2030773.884897306328639 ], [ 2900612.053106983192265, 2030766.09485993324779 ], [ 2900607.715422557666898, 2030765.131132254842669 ], [ 2900591.260486522689462, 2030765.163195294560865 ], [ 2900578.843851539306343, 2030769.319278332404792 ], [ 2900562.462124358396977, 2030778.586959222098812 ], [ 2900529.399084387347102, 2030800.282470726873726 ], [ 2900519.00020382925868, 2030813.184238291112706 ], [ 2900495.960598951205611, 2030829.270230411784723 ], [ 2900478.60669881850481, 2030838.78286138898693 ], [ 2900461.328219900839031, 2030844.163696471368894 ], [ 2900443.15290870051831, 2030845.657453223597258 ], [ 2900401.041056297719479, 2030859.35041196574457 ], [ 2900387.951851963996887, 2030860.591239154106006 ], [ 2900368.87964220251888, 2030858.198058773297817 ], [ 2900362.821159646846354, 2030858.696067388867959 ], [ 2900352.27381900511682, 2030866.494153133360669 ], [ 2900328.785819763317704, 2030880.636815374484286 ], [ 2900325.044989459216595, 2030886.720305114518851 ], [ 2900292.881278005428612, 2030898.93556281668134 ], [ 2900276.575187150854617, 2030904.071537608746439 ], [ 2900269.095881902612746, 2030902.870972615899518 ], [ 2900263.412771713919938, 2030896.076787420781329 ], [ 2900271.571855182759464, 2030860.090082810493186 ], [ 2900272.695143739692867, 2030851.58130341116339 ], [ 2900267.236248020082712, 2030845.758890114957467 ], [ 2900265.067409283481538, 2030845.276993797859177 ], [ 2900262.374480756931007, 2030846.983611741336063 ], [ 2900257.885533951688558, 2030854.283715619472787 ], [ 2900252.723873906768858, 2030858.668624888872728 ], [ 2900244.645207622554153, 2030863.788562738569453 ], [ 2900224.220559125300497, 2030895.667519825743511 ], [ 2900213.897388549055904, 2030904.437528907321393 ], [ 2900200.130844494327903, 2030929.498234077589586 ], [ 2900193.921312167309225, 2030938.260032904334366 ], [ 2900188.535670432727784, 2030941.673244375735521 ], [ 2900182.477309624664485, 2030942.171260755974799 ], [ 2900176.418736737221479, 2030942.669215228408575 ], [ 2900137.675018859095871, 2030944.20356790907681 ], [ 2900123.164951181039214, 2030943.745910817058757 ], [ 2900118.527332954108715, 2030945.94253656687215 ], [ 2900114.786633649840951, 2030952.026029903907329 ], [ 2900104.463373022153974, 2030960.795889699133113 ], [ 2900084.865071718581021, 2030973.95887733111158 ], [ 2900057.711854905821383, 2030990.053405677201226 ], [ 2900036.244436835870147, 2030999.574376752832904 ], [ 2900018.741630128584802, 2031003.983678715769202 ], [ 2899961.074707956053317, 2031008.228866496356204 ], [ 2899918.814302731305361, 2031016.818767491960898 ], [ 2899908.418026152998209, 2031016.353117443155497 ], [ 2899897.349220949225128, 2031012.972240750677884 ], [ 2899886.055907146073878, 2031008.619650692213327 ], [ 2899882.166390620172024, 2031009.599488566396758 ], [ 2899874.087796740699559, 2031014.719403188442811 ], [ 2899860.547937365714461, 2031027.384438753360882 ], [ 2899847.607450149953365, 2031033.729262513341382 ], [ 2899836.762460384052247, 2031031.320143596502021 ], [ 2899831.900742857716978, 2031032.544915452832356 ], [ 2899825.167356474790722, 2031043.495476701995358 ], [ 2899813.645549208391458, 2031064.906342036323622 ], [ 2899804.519006088376045, 2031074.403085514903069 ], [ 2899787.91335268272087, 2031082.699527194257826 ], [ 2899769.662443942390382, 2031088.325570397544652 ], [ 2899769.283715481869876, 2031088.326357570709661 ], [ 2899768.176265756133944, 2031088.328465567436069 ], [ 2899757.321510548703372, 2031088.349970578448847 ], [ 2899744.532130402047187, 2031086.430736409965903 ], [ 2899740.642726253252476, 2031087.410569742089137 ], [ 2899734.508689860347658, 2031092.04073105729185 ], [ 2899727.551203791517764, 2031102.01942613418214 ], [ 2899714.459659553598613, 2031116.628090917831287 ], [ 2899705.633028564974666, 2031122.964760950300843 ], [ 2899695.161151966545731, 2031126.631128323497251 ], [ 2899689.626717607490718, 2031124.940724625717849 ], [ 2899676.613052727654576, 2031122.049856958910823 ], [ 2899634.352919375058264, 2031130.64004371361807 ], [ 2899622.236120972782373, 2031131.63617113372311 ], [ 2899617.673892801627517, 2031129.700842119287699 ], [ 2899613.860041354782879, 2031126.548738248413429 ], [ 2899611.99088663328439, 2031122.906712031457573 ], [ 2899612.217301107011735, 2031110.510803270153701 ], [ 2899611.098429886624217, 2031092.284379227319732 ], [ 2899608.032563329674304, 2031087.915572884492576 ], [ 2899600.329023732803762, 2031085.743370009586215 ], [ 2899595.54279220988974, 2031082.836337336339056 ], [ 2899591.131524922326207, 2031072.636936578666791 ], [ 2899585.899166021496058, 2031054.418675404740497 ], [ 2899582.608986692037433, 2031049.078120731282979 ], [ 2899578.046957604587078, 2031047.142760596936569 ], [ 2899553.289387394674122, 2031051.323457554215565 ], [ 2899541.172710481099784, 2031052.319686839124188 ], [ 2899529.579687770921737, 2031051.127365606604144 ], [ 2899506.769134880043566, 2031041.450471341377124 ], [ 2899490.24130243062973, 2031032.247306229313836 ], [ 2899465.412644487805665, 2031013.82475297478959 ], [ 2899421.365710992831737, 2030974.538043067557737 ], [ 2899407.082223629578948, 2030961.684623191133142 ], [ 2899394.443618139252067, 2030951.501768850488588 ], [ 2899389.732899943366647, 2030944.462518502725288 ], [ 2899390.556529586669058, 2030939.113848555134609 ], [ 2899396.76590765081346, 2030930.351831542560831 ], [ 2899418.533041471615434, 2030917.670333894668147 ], [ 2899433.718102283310145, 2030907.675243825651705 ], [ 2899447.482162865810096, 2030895.981732912361622 ], [ 2899459.601386923342943, 2030881.617862764745951 ], [ 2899476.808890049345791, 2030853.633375179255381 ], [ 2899485.711185037624091, 2030843.164708836469799 ], [ 2899491.172398891299963, 2030835.619352305307984 ], [ 2899490.275772675871849, 2030831.732444828609005 ], [ 2899479.055693457834423, 2030836.615496888756752 ], [ 2899457.961042400449514, 2030852.212275825208053 ], [ 2899439.259534141048789, 2030869.262671804986894 ], [ 2899425.719583661761135, 2030881.927968346280977 ], [ 2899413.751361679285765, 2030888.027878923108801 ], [ 2899403.355240877252072, 2030887.562231254065409 ], [ 2899393.03437902405858, 2030882.964695431524888 ], [ 2899377.702889969572425, 2030874.488424135372043 ], [ 2899360.202691975515336, 2030865.530288566835225 ], [ 2899346.143440200015903, 2030853.648661385057494 ], [ 2899328.570028237532824, 2030835.45480466610752 ], [ 2899317.951939289458096, 2030820.649751311633736 ], [ 2899310.847750485874712, 2030812.157184262527153 ], [ 2899304.116829216480255, 2030809.740022476529703 ], [ 2899297.010485915932804, 2030814.614999452838674 ], [ 2899287.284590773284435, 2030830.432372573530301 ], [ 2899282.347191421315074, 2030835.789380196947604 ], [ 2899278.682006368413568, 2030837.740920457523316 ], [ 2899266.489611876197159, 2030842.869202196365222 ], [ 2899258.934849521610886, 2030845.800654027378187 ], [ 2899247.040087395813316, 2030861.136309213703498 ], [ 2899236.565848629921675, 2030878.170478903222829 ], [ 2899226.990973143838346, 2030885.723901313263923 ], [ 2899215.936565821990371, 2030889.502246718388051 ], [ 2899215.546777946874499, 2030889.635454583214596 ], [ 2899184.730846683029085, 2030894.314442055765539 ], [ 2899153.242202376015484, 2030896.078269745921716 ], [ 2899133.646082540974021, 2030895.874091680627316 ], [ 2899121.604885306674987, 2030892.738309770589694 ], [ 2899099.094078227877617, 2030879.901271223090589 ], [ 2899089.821107373107225, 2030870.926995443180203 ], [ 2899081.520694647915661, 2030861.707507511600852 ], [ 2899064.020330573897809, 2030852.74932721327059 ], [ 2899035.451093947514892, 2030840.410530173452571 ], [ 2899024.906162459403276, 2030834.8412973403465 ], [ 2899017.578065309673548, 2030825.376956350402907 ], [ 2899011.746107297949493, 2030813.479058113880455 ], [ 2899011.972514596302062, 2030801.083063639933243 ], [ 2899017.136443204246461, 2030783.330310150515288 ], [ 2899025.665869134478271, 2030766.786060232436284 ], [ 2899055.813948713708669, 2030732.456190617522225 ], [ 2899067.708911888767034, 2030717.120556437410414 ], [ 2899079.379572927486151, 2030700.813180323923007 ], [ 2899082.971718679182231, 2030689.625762670533732 ], [ 2899081.553145609796047, 2030674.559564053080976 ], [ 2899078.63849364919588, 2030661.926705867983401 ], [ 2899079.313580854795873, 2030651.474314786726609 ], [ 2899082.306306965649128, 2030646.607332575833425 ], [ 2899092.853597674984485, 2030638.808909031795338 ], [ 2899106.990697056055069, 2030633.190741656115279 ], [ 2899111.404065450653434, 2030630.022444796049967 ], [ 2899114.396698405966163, 2030625.155483446549624 ], [ 2899116.192839606665075, 2030619.561818931018934 ], [ 2899118.963630082085729, 2030600.35543152759783 ], [ 2899121.732169962488115, 2030594.516787951579317 ], [ 2899125.921316309832036, 2030590.376630616607144 ], [ 2899143.350870577152818, 2030576.731442810269073 ], [ 2899143.874746134504676, 2030574.542952544055879 ], [ 2899128.543590942863375, 2030566.066625546664 ], [ 2899117.026158262975514, 2030560.74237513449043 ], [ 2899114.708497426006943, 2030555.156770765082911 ], [ 2899115.307957735843956, 2030548.836441114312038 ], [ 2899118.22761189751327, 2030534.733727084938437 ], [ 2899117.55488213384524, 2030531.818453096086159 ], [ 2899114.189568371511996, 2030530.609811781672761 ], [ 2899110.299901603721082, 2030531.589848865289241 ], [ 2899101.024643301498145, 2030535.983027660520747 ], [ 2899070.203804255463183, 2030567.397413178347051 ], [ 2899061.601094594690949, 2030574.705911475466564 ], [ 2899059.154768131673336, 2030575.322217885637656 ], [ 2899056.739204531535506, 2030575.930702301906422 ], [ 2899049.035810652654618, 2030573.75858055963181 ], [ 2899045.221978966146708, 2030570.606434449320659 ], [ 2899044.849038688931614, 2030564.531084660673514 ], [ 2899044.478621700778604, 2030545.087744811782613 ], [ 2899022.87450170237571, 2030482.667042637011036 ], [ 2899016.518923038616776, 2030472.957620337139815 ], [ 2899013.377429575193673, 2030472.720821694238111 ], [ 2899009.336921105161309, 2030481.964686812600121 ], [ 2899007.684568512253463, 2030519.39747976930812 ], [ 2899004.316604583058506, 2030531.556656337808818 ], [ 2898981.874105405062437, 2030554.690769669832662 ], [ 2898967.361800760496408, 2030567.601169414119795 ], [ 2898957.411499193869531, 2030582.446867864346132 ], [ 2898948.88212092127651, 2030598.991095350822434 ], [ 2898940.723095092922449, 2030634.978594108484685 ], [ 2898937.727959522046149, 2030653.213369945529848 ], [ 2898931.967012240551412, 2030663.918869140790775 ], [ 2898926.281440241727978, 2030670.492562525440007 ], [ 2898923.364251544699073, 2030671.227418003370985 ], [ 2898912.295471591874957, 2030667.846710192738101 ], [ 2898898.236200555227697, 2030655.965251392684877 ], [ 2898878.194110657088459, 2030640.449872133089229 ], [ 2898858.600633842870593, 2030626.877895273035392 ], [ 2898824.650295818224549, 2030591.217141798464581 ], [ 2898804.535195411648601, 2030566.465942492941394 ], [ 2898794.889573662076145, 2030551.41604289948009 ], [ 2898790.030151036567986, 2030539.273184197256342 ], [ 2898787.115314255468547, 2030526.640387651976198 ], [ 2898779.787246705498546, 2030517.176000927807763 ], [ 2898766.70039902953431, 2030505.049604026135057 ], [ 2898753.613817973062396, 2030492.922960879746825 ], [ 2898742.174342751037329, 2030470.099115782184526 ], [ 2898732.304417253471911, 2030454.077394198160619 ], [ 2898723.255889083724469, 2030446.074740948621184 ], [ 2898708.972439638804644, 2030433.221493332181126 ], [ 2898699.326733452733606, 2030418.171543414937332 ], [ 2898691.401600746437907, 2030401.659856624202803 ], [ 2898690.880086375400424, 2030390.480601403163746 ], [ 2898695.893057578243315, 2030380.991702597588301 ], [ 2898703.823203917127103, 2030370.76783799030818 ], [ 2898710.256908691488206, 2030362.977592083625495 ], [ 2898711.828825538046658, 2030356.412058163899928 ], [ 2898707.790621523279697, 2030352.288316882681102 ], [ 2898690.738848699256778, 2030345.273707746528089 ], [ 2898673.311664693523198, 2030345.551429444923997 ], [ 2898654.612498810980469, 2030349.234188101720065 ], [ 2898632.472330298274755, 2030355.840617830166593 ], [ 2898623.272585376165807, 2030356.101877375971526 ], [ 2898617.289687804877758, 2030352.468009213916957 ], [ 2898616.168738060630858, 2030347.609187281923369 ], [ 2898619.98510755226016, 2030337.39351185457781 ], [ 2898634.648712605237961, 2030316.219107819022611 ], [ 2898640.409872636198997, 2030305.513455576030537 ], [ 2898642.581336877774447, 2030292.627475431654602 ], [ 2898641.236101378686726, 2030286.797010410344228 ], [ 2898629.048692438751459, 2030265.189834074117243 ], [ 2898620.375511796213686, 2030249.894905473571271 ], [ 2898612.8258455414325, 2030226.090926466276869 ], [ 2898612.080152846407145, 2030213.939922577701509 ], [ 2898615.075300760567188, 2030195.70528301387094 ], [ 2898621.211853672284633, 2030177.707532811444253 ], [ 2898631.910472877323627, 2030161.644925236934796 ], [ 2898666.097237398382276, 2030131.438998480094597 ], [ 2898664.452325132675469, 2030128.768690381199121 ], [ 2898657.945530246943235, 2030127.323212932795286 ], [ 2898645.604410393163562, 2030127.347871471894905 ], [ 2898622.343001877889037, 2030129.095217448426411 ], [ 2898614.115648324601352, 2030129.111585166770965 ], [ 2898606.636481863446534, 2030127.911204255884513 ], [ 2898603.195424334146082, 2030130.834668077062815 ], [ 2898601.175155851058662, 2030135.456562102772295 ], [ 2898596.7591015053913, 2030151.992784340400249 ], [ 2898590.997797363903373, 2030162.698351944796741 ], [ 2898561.219595566857606, 2030216.471491219941527 ], [ 2898556.655025856569409, 2030227.903916622279212 ], [ 2898556.055478041991591, 2030234.22436143620871 ], [ 2898553.060355786699802, 2030252.459010019199923 ], [ 2898547.223545012064278, 2030267.296721344813704 ], [ 2898538.620779223740101, 2030274.605328650679439 ], [ 2898520.818395564332604, 2030282.175299113616347 ], [ 2898508.932612689677626, 2030284.142166615929455 ], [ 2898508.925705291330814, 2030284.143320755334571 ], [ 2898478.185353433713317, 2030284.690465415129438 ], [ 2898459.261864494532347, 2030287.401778785977513 ], [ 2898447.817606588825583, 2030291.31333685782738 ], [ 2898437.046078933868557, 2030298.140159393893555 ], [ 2898413.77973301243037, 2030326.623382067074999 ], [ 2898399.267343346960843, 2030339.533992158481851 ], [ 2898387.523451762273908, 2030346.605825182981789 ], [ 2898384.168552084360272, 2030347.45110757322982 ], [ 2898378.104789292439818, 2030348.978813651250675 ], [ 2898377.799680675379932, 2030349.055669752880931 ], [ 2898368.675531997345388, 2030345.185046010650694 ], [ 2898364.413227203302085, 2030340.089557886589319 ], [ 2898356.490533966105431, 2030310.210070714820176 ], [ 2898350.06167774181813, 2030291.264956645667553 ], [ 2898342.733738035429269, 2030281.800534608308226 ], [ 2898335.181491684168577, 2030271.364372931653634 ], [ 2898329.349808564409614, 2030259.466459728544578 ], [ 2898327.92900422681123, 2030257.767938708653674 ], [ 2898323.291302110999823, 2030259.96478220471181 ], [ 2898321.719371430575848, 2030266.530131326755509 ], [ 2898312.212505839765072, 2030310.05513625824824 ], [ 2898308.844513486139476, 2030322.214474407257512 ], [ 2898303.383169684093446, 2030329.759898332413286 ], [ 2898300.241920793429017, 2030329.523213245673105 ], [ 2898291.86595446523279, 2030324.435848352964967 ], [ 2898285.061779500450939, 2030312.782953226240352 ], [ 2898279.605385704431683, 2030293.592733562458307 ], [ 2898254.331157804466784, 2030259.859022191492841 ], [ 2898245.433774475939572, 2030243.592404952505603 ], [ 2898242.519264655187726, 2030230.959606084274128 ], [ 2898245.368195122107863, 2030194.253170783165842 ], [ 2898245.821729216724634, 2030169.461140165338293 ], [ 2898243.282352299429476, 2030149.536077759228647 ], [ 2898239.246708990074694, 2030132.044414899777621 ], [ 2898228.031823085620999, 2030110.192245535552502 ], [ 2898216.217301648110151, 2030094.660545360529795 ], [ 2898195.951358353719115, 2030078.173421400832012 ], [ 2898187.650867317803204, 2030068.95406990358606 ], [ 2898178.529305887408555, 2030051.715625924291089 ], [ 2898167.092812649905682, 2030015.523862487869337 ], [ 2898157.749639043584466, 2029983.945812026271597 ], [ 2898155.580661520827562, 2029983.464055916061625 ], [ 2898153.560311116743833, 2029988.08598600840196 ], [ 2898150.94053978100419, 2029999.028539286926389 ], [ 2898151.081339783966541, 2030044.235728457337245 ], [ 2898153.769144777208567, 2030069.264597978675738 ], [ 2898156.683527103159577, 2030081.897398416418582 ], [ 2898165.208339323289692, 2030092.088582963682711 ], [ 2898181.809128051623702, 2030110.527317651780322 ], [ 2898187.416578039992601, 2030121.453445449471474 ], [ 2898194.218157527968287, 2030146.474085535155609 ], [ 2898195.187899268232286, 2030159.59697402594611 ], [ 2898190.023746030405164, 2030177.349904503906146 ], [ 2898182.84185027051717, 2030186.357194047654048 ], [ 2898173.042547818273306, 2030192.939113509841263 ], [ 2898145.443403901997954, 2030193.723299742210656 ], [ 2898140.581587184220552, 2030194.948287499370053 ], [ 2898138.337050213478506, 2030198.598466359544545 ], [ 2898145.211689483374357, 2030232.854953614762053 ], [ 2898149.398454651702195, 2030242.082550924969837 ], [ 2898154.409050419460982, 2030245.961436395766214 ], [ 2898160.988805717788637, 2030256.642585819587111 ], [ 2898168.538614864461124, 2030280.446481707505882 ], [ 2898175.113744263537228, 2030317.863229497103021 ], [ 2898179.970543003641069, 2030343.37391409277916 ], [ 2898178.771554372273386, 2030356.015023632207885 ], [ 2898173.607493724673986, 2030373.768075585830957 ], [ 2898164.329803123138845, 2030391.529357279883698 ], [ 2898152.434904704336077, 2030406.865234058583155 ], [ 2898139.940155287273228, 2030428.521844096947461 ], [ 2898128.269606317859143, 2030444.829571231501177 ], [ 2898127.670028722845018, 2030451.150148461107165 ], [ 2898129.612408823333681, 2030464.027922476409003 ], [ 2898128.788718251977116, 2030469.376723155844957 ], [ 2898120.483474467881024, 2030486.893121647415683 ], [ 2898108.364231068175286, 2030501.257395050954074 ], [ 2898097.816942797973752, 2030509.056090244092047 ], [ 2898085.400438188575208, 2030513.212852485477924 ], [ 2898030.64587835688144, 2030543.460806872462854 ], [ 2898018.22949416609481, 2030547.617571641691029 ], [ 2898007.085022496059537, 2030548.369088263716549 ], [ 2897998.933195125311613, 2030544.25355038465932 ], [ 2897994.670856942422688, 2030539.157894535455853 ], [ 2897993.549795983359218, 2030534.299197501968592 ], [ 2897994.977703006006777, 2030495.894045124063268 ], [ 2897995.728205915540457, 2030481.309400785947219 ], [ 2897993.858971379697323, 2030477.66737062507309 ], [ 2897991.24157456215471, 2030475.242104512406513 ], [ 2897981.817721807397902, 2030474.53174116788432 ], [ 2897946.81031651282683, 2030496.719641278730705 ], [ 2897930.428812657017261, 2030505.988415142055601 ], [ 2897925.536956167779863, 2030507.750558451050892 ], [ 2897922.90405867388472, 2030508.698980191955343 ], [ 2897920.929373800754547, 2030509.410222706152126 ], [ 2897912.253610694315284, 2030507.483225400093943 ], [ 2897900.512105397880077, 2030501.187335113296285 ], [ 2897886.22872148361057, 2030488.33414673502557 ], [ 2897876.656200353521854, 2030482.520105139352381 ], [ 2897865.811461925506592, 2030480.111275735544041 ], [ 2897852.946576568298042, 2030482.324587099719793 ], [ 2897833.574690839275718, 2030483.09259895933792 ], [ 2897799.47130567021668, 2030469.063889861106873 ], [ 2897788.702091747894883, 2030462.523038494167849 ], [ 2897782.122117004357278, 2030451.841966113541275 ], [ 2897779.880067206919193, 2030442.124371180543676 ], [ 2897785.268210821785033, 2030425.342919081449509 ], [ 2897801.729989352636039, 2030385.206286416389048 ], [ 2897803.901299227960408, 2030372.320151485735551 ], [ 2897804.503316888585687, 2030352.631680627120659 ], [ 2897810.042447526007891, 2030327.586183314444497 ], [ 2897814.010034868493676, 2030309.106205536518246 ], [ 2897813.11318518826738, 2030305.219177169026807 ], [ 2897809.299208394251764, 2030302.067175313364714 ], [ 2897798.754309561103582, 2030296.498065476771444 ], [ 2897792.471631429158151, 2030296.024606360588223 ], [ 2897785.665282755158842, 2030297.739519099937752 ], [ 2897752.154011600650847, 2030317.493955204961821 ], [ 2897730.835013283416629, 2030332.119801871478558 ], [ 2897714.229319441132247, 2030340.416890368796885 ], [ 2897703.309096255339682, 2030342.140238581690937 ], [ 2897690.29550148639828, 2030339.249602430732921 ], [ 2897678.778161284513772, 2030333.925648087402806 ], [ 2897664.719023186247796, 2030322.044198144227266 ], [ 2897626.877258530817926, 2030300.731602771673352 ], [ 2897610.349423776380718, 2030291.528624316910282 ], [ 2897602.497371261008084, 2030284.252881733002141 ], [ 2897600.404131204821169, 2030279.639079213608056 ], [ 2897601.227614763192832, 2030274.290308075025678 ], [ 2897605.716671695001423, 2030266.989674011012539 ], [ 2897614.095237425528467, 2030258.709086643066257 ], [ 2897623.670080951415002, 2030251.155199609464034 ], [ 2897628.458783163223416, 2030240.694306342629716 ], [ 2897634.219862128142267, 2030229.988401691196486 ], [ 2897642.598343446850777, 2030221.707839865935966 ], [ 2897660.17653601244092, 2030213.165799572365358 ], [ 2897677.454768383875489, 2030207.783885187702253 ], [ 2897681.419910524971783, 2030202.671884295996279 ], [ 2897685.760325566865504, 2030190.267569713992998 ], [ 2897700.272722222842276, 2030177.356692840345204 ], [ 2897732.811587776057422, 2030157.847362459637225 ], [ 2897745.228285637218505, 2030153.69057380920276 ], [ 2897765.796491649933159, 2030153.649329591542482 ], [ 2897802.668456689920276, 2030161.83935899566859 ], [ 2897807.081923772580922, 2030158.670803320128471 ], [ 2897807.457208996172994, 2030151.378492470365018 ], [ 2897801.625545082613826, 2030139.480652123689651 ], [ 2897800.280369437299669, 2030133.649998982204124 ], [ 2897806.265534253790975, 2030123.916015832452103 ], [ 2897819.206116564571857, 2030117.570746860932559 ], [ 2897817.493118512444198, 2030078.928908261237666 ], [ 2897814.805337551981211, 2030053.899934868095443 ], [ 2897817.800566773395985, 2030035.665111887967214 ], [ 2897823.937051084823906, 2030017.667040787171572 ], [ 2897840.172669446095824, 2029989.92669148510322 ], [ 2897847.505862712394446, 2029972.655359041877091 ], [ 2897847.133100896608084, 2029966.579801349900663 ], [ 2897841.374355123843998, 2029963.917717895004898 ], [ 2897820.130988928023726, 2029974.411303034285083 ], [ 2897755.052532086148858, 2030013.429781288141385 ], [ 2897746.822644077707082, 2030026.81409563915804 ], [ 2897739.11683754902333, 2030038.00997287617065 ], [ 2897716.152799929957837, 2030049.965425960486755 ], [ 2897693.712768467608839, 2030059.732567999744788 ], [ 2897675.910308423917741, 2030067.302829754306003 ], [ 2897650.404471141286194, 2030072.701044991612434 ], [ 2897632.453554882202297, 2030075.167501901742071 ], [ 2897619.440073508769274, 2030072.276968941558152 ], [ 2897607.92282725404948, 2030066.952922204509377 ], [ 2897585.787565228529274, 2030046.823907036799937 ], [ 2897574.794166215695441, 2030039.311266155447811 ], [ 2897564.921830075792968, 2030036.65749945375137 ], [ 2897561.032429779879749, 2030037.637536673806608 ], [ 2897556.095019183587283, 2030042.994638171279803 ], [ 2897549.729430361650884, 2030086.756839841604233 ], [ 2897546.585610872134566, 2030099.888000585371628 ], [ 2897539.403607355430722, 2030108.895333076594397 ], [ 2897506.715965716168284, 2030123.301050067413598 ], [ 2897488.689394366927445, 2030129.899736401857808 ], [ 2897470.514312645420432, 2030131.394408346386626 ], [ 2897460.641895418986678, 2030128.740682152332738 ], [ 2897455.855761356186122, 2030125.833693323191255 ], [ 2897451.893103397451341, 2030117.577836839482188 ], [ 2897449.950817191042006, 2030104.699895991012454 ], [ 2897452.122460728045553, 2030091.813806031364948 ], [ 2897455.865734859369695, 2030072.361981361405924 ], [ 2897456.092331330757588, 2030059.965881773270667 ], [ 2897453.999090239871293, 2030055.351992735173553 ], [ 2897433.584297047927976, 2030033.761284599080682 ], [ 2897429.397653329186141, 2030024.533742885105312 ], [ 2897428.876177433878183, 2030013.35430042934604 ], [ 2897432.992390201427042, 2029999.978218641364947 ], [ 2897443.318115738220513, 2029977.839632511837408 ], [ 2897461.198752638883889, 2029952.769251267891377 ], [ 2897465.463441398926079, 2029944.496898775920272 ], [ 2897465.539081899449229, 2029940.364850662648678 ], [ 2897460.528545487672091, 2029936.486145965289325 ], [ 2897450.132460780441761, 2029936.02089284453541 ], [ 2897430.684938507154584, 2029940.920923468424007 ], [ 2897371.967578183393925, 2029962.913601731415838 ], [ 2897362.464404799975455, 2029965.873496651882306 ], [ 2897354.68914148490876, 2029968.295367268146947 ], [ 2897341.59987541846931, 2029969.537002004915848 ], [ 2897335.093101784586906, 2029968.091737944632769 ], [ 2897329.110282163601369, 2029964.457949685398489 ], [ 2897327.689689714927226, 2029962.759426499251276 ], [ 2897327.543598616495728, 2029944.287661361275241 ], [ 2897331.287017337977886, 2029924.835921623976901 ], [ 2897332.934423268772662, 2029914.138317734701559 ], [ 2897330.46821728348732, 2029903.448919944930822 ], [ 2897321.943752801511437, 2029893.257748632226139 ], [ 2897309.91021279245615, 2029850.018517360556871 ], [ 2897311.482284581288695, 2029843.452909963671118 ], [ 2897315.822715560905635, 2029831.048483295598999 ], [ 2897315.149996578227729, 2029828.133244129829109 ], [ 2897310.663481420837343, 2029822.065721180289984 ], [ 2897306.101353948935866, 2029820.130441873800009 ], [ 2897298.846496337093413, 2029819.90183853241615 ], [ 2897272.443813374266028, 2029821.413173200329766 ], [ 2897254.94116776343435, 2029825.823220077902079 ], [ 2897242.972956952173263, 2029831.92374094738625 ], [ 2897236.315120057202876, 2029838.742647992447019 ], [ 2897230.327230275142938, 2029861.844903437653556 ], [ 2897222.994171516038477, 2029879.116434606257826 ], [ 2897214.615683785174042, 2029887.39696242637001 ], [ 2897212.362472982145846, 2029888.221842844504863 ], [ 2897196.589051548391581, 2029893.995776168769225 ], [ 2897187.016209659166634, 2029894.865675887092948 ], [ 2897177.441254514269531, 2029895.735657986486331 ], [ 2897164.876364492811263, 2029894.788746523670852 ], [ 2897152.610794924199581, 2029890.681434584315866 ], [ 2897151.190008654724807, 2029888.982953320024535 ], [ 2897150.593115580268204, 2029881.935631280764937 ], [ 2897154.85787355992943, 2029873.663232210790738 ], [ 2897164.657122245058417, 2029867.081076218513772 ], [ 2897193.006962866522372, 2029851.711575974710286 ], [ 2897202.357777352444828, 2029843.185728773707524 ], [ 2897206.098495261743665, 2029837.101880101952702 ], [ 2897206.922282684128731, 2029831.752961503574625 ], [ 2897205.801328755449504, 2029826.894085692707449 ], [ 2897182.620458226185292, 2029797.773635582532734 ], [ 2897177.461229572072625, 2029788.790889794239774 ], [ 2897177.312633650377393, 2029783.686895377468318 ], [ 2897178.584854150656611, 2029780.281579284928739 ], [ 2897208.582027554512024, 2029754.214220504742116 ], [ 2897244.564793343190104, 2029718.412776076002046 ], [ 2897259.301397784613073, 2029706.473441687645391 ], [ 2897312.18480728007853, 2029685.950730142649263 ], [ 2897337.166575945913792, 2029682.741072524571791 ], [ 2897379.124561832286417, 2029690.677992495708168 ], [ 2897415.69934603292495, 2029688.660397178027779 ], [ 2897421.309416715987027, 2029686.218646133085713 ], [ 2897426.246860490180552, 2029680.861541205085814 ], [ 2897426.770813528448343, 2029678.672922555590048 ], [ 2897399.025510767474771, 2029660.98529409407638 ], [ 2897385.714786426629871, 2029647.8867711070925 ], [ 2897378.910587555263191, 2029636.233772148843855 ], [ 2897378.537810487672687, 2029630.158030739054084 ], [ 2897385.870874448679388, 2029612.886374641209841 ], [ 2897397.766079775057733, 2029597.5500082524959 ], [ 2897408.313709526322782, 2029589.751134778605774 ], [ 2897413.301970047876239, 2029588.289525046944618 ], [ 2897424.4606794686988, 2029589.463155294768512 ], [ 2897444.903294511139393, 2029587.316756476880983 ], [ 2897459.179181955754757, 2029585.81798021774739 ], [ 2897486.636553706601262, 2029578.552084156079218 ], [ 2897502.627957289107144, 2029577.999971881043166 ], [ 2897514.563641242682934, 2029576.615134494844824 ], [ 2897531.936731734313071, 2029567.569004309829324 ], [ 2897545.271541141439229, 2029560.625537248328328 ], [ 2897559.687044158577919, 2029552.318670736625791 ], [ 2897566.476656073238701, 2029551.250286901835352 ], [ 2897570.381462374702096, 2029549.589781766524538 ], [ 2897580.199404664803296, 2029545.414816768839955 ], [ 2897599.646996529772878, 2029540.514986750669777 ], [ 2897611.315411400981247, 2029537.575078669236973 ], [ 2897615.50452143792063, 2029533.434800472809002 ], [ 2897614.383683133404702, 2029528.575807378860191 ], [ 2897604.811187844723463, 2029522.761651537613943 ], [ 2897592.994134568609297, 2029520.597690908238292 ], [ 2897574.670259333215654, 2029516.988336941925809 ], [ 2897556.570506762713194, 2029514.350858747726306 ], [ 2897514.310002745594829, 2029522.942066232440993 ], [ 2897495.610745622776449, 2029526.62534718750976 ], [ 2897493.710016277618706, 2029526.720011683413759 ], [ 2897480.961772070266306, 2029517.951745914993808 ], [ 2897467.422222691588104, 2029512.577202728949487 ], [ 2897460.577926899772137, 2029507.104807489085943 ], [ 2897459.167916755191982, 2029500.644706956343725 ], [ 2897462.666950184386224, 2029496.200522524071857 ], [ 2897461.585501065012068, 2029495.09591765794903 ], [ 2897459.567662858404219, 2029486.349960160208866 ], [ 2897463.983745128381997, 2029469.81326157017611 ], [ 2897468.92382999509573, 2029451.088147041853517 ], [ 2897471.695225954055786, 2029431.881062547909096 ], [ 2897473.493985121138394, 2029412.919245592085645 ], [ 2897478.058643331751227, 2029401.486538752913475 ], [ 2897487.185345104895532, 2029391.989145339466631 ], [ 2897498.929525512270629, 2029384.917059700470418 ], [ 2897511.794621428940445, 2029382.703847985016182 ], [ 2897542.45954183395952, 2029386.288702124962583 ], [ 2897554.352264712564647, 2029384.320515788858756 ], [ 2897564.309055414050817, 2029380.834191772621125 ], [ 2897564.824210389051586, 2029380.653842982836068 ], [ 2897586.367754018399864, 2029366.999760392121971 ], [ 2897613.521451930981129, 2029350.904068602481857 ], [ 2897642.84394406247884, 2029335.290161772165447 ], [ 2897665.357186791487038, 2029334.759239283157513 ], [ 2897672.387900579720736, 2029334.016055682208389 ], [ 2897679.4969727024436, 2029315.772831212962046 ], [ 2897683.313614755868912, 2029305.556995688471943 ], [ 2897708.973595960065722, 2029278.526903942460194 ], [ 2897718.548772868700325, 2029270.973070190288126 ], [ 2897723.410838436800987, 2029269.748206496238708 ], [ 2897757.51422569481656, 2029283.777501020114869 ], [ 2897761.010473712347448, 2029283.4080228083767 ], [ 2897764.544970015063882, 2029283.034431301290169 ], [ 2897767.013741221278906, 2029280.355905808741227 ], [ 2897770.006508805789053, 2029275.488870308501646 ], [ 2897770.905992918647826, 2029266.007969598285854 ], [ 2897768.963987053837627, 2029253.129864389775321 ], [ 2897767.694601660128683, 2029243.167210690909997 ], [ 2897770.987274611368775, 2029235.139897667104378 ], [ 2897778.917402141727507, 2029224.915851748082787 ], [ 2897815.422220491804183, 2029200.294854972744361 ], [ 2897818.190905613359064, 2029194.45605637668632 ], [ 2897817.742418424226344, 2029192.512572051724419 ], [ 2897805.252907398156822, 2029187.433167862007394 ], [ 2897786.928849140182137, 2029183.823745579458773 ], [ 2897774.063858548179269, 2029186.036835588747635 ], [ 2897726.565737693570554, 2029203.144902357133105 ], [ 2897701.732277986593544, 2029211.458179268287495 ], [ 2897685.350334175862372, 2029220.726782473735511 ], [ 2897663.806764592416584, 2029234.380684899864718 ], [ 2897645.255872633308172, 2029243.167573830578476 ], [ 2897609.653364573605359, 2029244.939813565462828 ], [ 2897604.043216858059168, 2029247.381433440838009 ], [ 2897595.88883740035817, 2029256.633781333919615 ], [ 2897589.53071653097868, 2029260.29222791432403 ], [ 2897556.618343866430223, 2029273.725768919102848 ], [ 2897547.018474317155778, 2029277.23968424485065 ], [ 2897538.591592448763549, 2029280.324175260961056 ], [ 2897525.213369431905448, 2029282.312046291772276 ], [ 2897518.695547066628933, 2029283.2804221927654 ], [ 2897505.158024526201189, 2029282.578244550619274 ], [ 2897482.047801448963583, 2029276.061786596197635 ], [ 2897463.499738373793662, 2029271.480730266775936 ], [ 2897445.848484510555863, 2029270.786779905436561 ], [ 2897428.345544997602701, 2029275.196654696017504 ], [ 2897411.963714173063636, 2029284.46536645363085 ], [ 2897390.49326748913154, 2029307.355506643187255 ], [ 2897374.40861575352028, 2029326.831981567433104 ], [ 2897321.589775700122118, 2029396.694547917926684 ], [ 2897301.988557026721537, 2029423.226947707589716 ], [ 2897292.861708058975637, 2029432.724418847123161 ], [ 2897280.893274825066328, 2029438.824732582317665 ], [ 2897271.549763087183237, 2029440.665212525054812 ], [ 2897264.143180806655437, 2029442.124059005407616 ], [ 2897262.194258041679859, 2029442.507976584834978 ], [ 2897249.18037127237767, 2029439.617332806577906 ], [ 2897244.09445302374661, 2029439.870447841938585 ], [ 2897230.778359660878778, 2029453.508380428887904 ], [ 2897220.230822801124305, 2029461.307174132671207 ], [ 2897213.948232548311353, 2029460.833580966573209 ], [ 2897207.217240252066404, 2029458.416488917777315 ], [ 2897180.066418289206922, 2029461.144522768212482 ], [ 2897173.783733520191163, 2029460.670953247696161 ], [ 2897171.166461799293756, 2029458.24563015718013 ], [ 2897169.521663601510227, 2029455.57526801363565 ], [ 2897176.930294717662036, 2029434.171474151313305 ], [ 2897185.611268604174256, 2029409.362259733723477 ], [ 2897191.747986730188131, 2029391.363827229011804 ], [ 2897203.794549761340022, 2029367.763256976613775 ], [ 2897207.162581608630717, 2029355.603695090394467 ], [ 2897207.165268054697663, 2029342.235562147339806 ], [ 2897202.53027121629566, 2029331.064280736958608 ], [ 2897198.943218528758734, 2029315.515864807646722 ], [ 2897199.766946553252637, 2029310.166881731711328 ], [ 2897205.528357641771436, 2029299.460843995446339 ], [ 2897215.554552034474909, 2029280.482462994987145 ], [ 2897212.645055678673089, 2029278.715336825232953 ], [ 2897210.347976425662637, 2029277.320059625199065 ], [ 2897204.994759369175881, 2029283.272244015010074 ], [ 2897197.341372538357973, 2029292.923283084528521 ], [ 2897189.784987013787031, 2029301.467521698214114 ], [ 2897184.8127955137752, 2029307.916674806037918 ], [ 2897181.688799768686295, 2029314.625572043703869 ], [ 2897180.519524634815753, 2029319.133673131698743 ], [ 2897180.216782017610967, 2029324.046417909441516 ], [ 2897181.434521187096834, 2029329.302009247941896 ], [ 2897183.30609092861414, 2029335.105358288157731 ], [ 2897185.443449541926384, 2029340.487224887823686 ], [ 2897184.921637413091958, 2029343.678833673708141 ], [ 2897183.712401100900024, 2029347.739205796737224 ], [ 2897181.221145425923169, 2029352.495856058783829 ], [ 2897178.666682472452521, 2029352.500898560043424 ], [ 2897165.274904592894018, 2029370.270879998803139 ], [ 2897146.421895530074835, 2029395.586380577180535 ], [ 2897125.699634783435613, 2029417.259936522692442 ], [ 2897106.473742382600904, 2029436.499961576191708 ], [ 2897092.933475479483604, 2029449.166089341742918 ], [ 2897067.873360858298838, 2029469.876176193589345 ], [ 2897051.715750022325665, 2029480.117020526668057 ], [ 2897039.299161892849952, 2029484.273770538857207 ], [ 2897021.496668354608119, 2029491.844287166139111 ], [ 2897002.570708218496293, 2029507.923979496117681 ], [ 2896990.226991249248385, 2029521.316986564779654 ], [ 2896981.546325253322721, 2029546.126125893555582 ], [ 2896975.407242669723928, 2029577.492939063813537 ], [ 2896971.439625078812242, 2029595.973319482989609 ], [ 2896966.950454153586179, 2029603.274108243873343 ], [ 2896957.899555538780987, 2029608.639485722174868 ], [ 2896952.289348195306957, 2029611.081429942045361 ], [ 2896933.665701202116907, 2029610.632653039647266 ], [ 2896890.811008323915303, 2029598.808883483754471 ], [ 2896886.921437201090157, 2029599.789013105677441 ], [ 2896886.316991462372243, 2029632.846040013013408 ], [ 2896883.092461360618472, 2029676.846176084131002 ], [ 2896878.752194028347731, 2029689.250817544525489 ], [ 2896866.632982539944351, 2029703.615590397268534 ], [ 2896851.896214226260781, 2029715.555114107904956 ], [ 2896834.317977366503328, 2029724.097587421769276 ], [ 2896821.900597152300179, 2029726.543691558530554 ], [ 2896815.618861804716289, 2029727.780988855985925 ], [ 2896797.74354431591928, 2029726.11557228048332 ], [ 2896786.374664233066142, 2029725.895398071967065 ], [ 2896772.537403054535389, 2029728.353764346567914 ], [ 2896765.452787603251636, 2029731.437577040866017 ], [ 2896761.317446093540639, 2029733.237634578719735 ], [ 2896713.225487167015672, 2029729.931550483684987 ], [ 2896688.394850422162563, 2029724.877446761820465 ], [ 2896663.863929561339319, 2029716.662880054907873 ], [ 2896653.842969768680632, 2029708.905147548764944 ], [ 2896647.263046475127339, 2029698.223785693757236 ], [ 2896642.030827957671136, 2029680.004869043128565 ], [ 2896641.660460847429931, 2029660.560983532806858 ], [ 2896644.055936893448234, 2029648.646188355050981 ], [ 2896646.675835474394262, 2029637.703205289784819 ], [ 2896645.030852255411446, 2029635.032993567176163 ], [ 2896637.851483745500445, 2029630.672391244210303 ], [ 2896631.568859470076859, 2029630.198899727547541 ], [ 2896625.510442396625876, 2029630.697157379239798 ], [ 2896616.086606475524604, 2029629.986905189231038 ], [ 2896611.300296729430556, 2029627.079851930961013 ], [ 2896612.12407235102728, 2029621.73092621890828 ], [ 2896618.633342844899744, 2029609.807922928128392 ], [ 2896650.353634933941066, 2029568.910173969343305 ], [ 2896679.683425925206393, 2029513.190778435207903 ], [ 2896682.975874101743102, 2029505.163067983696237 ], [ 2896681.106773828156292, 2029501.520992580102757 ], [ 2896676.320560906082392, 2029498.613916124682873 ], [ 2896671.0102101219818, 2029497.895502636674792 ], [ 2896627.553487616591156, 2029505.76081086602062 ], [ 2896586.265439773444086, 2029514.107895197579637 ], [ 2896502.941602623090148, 2029532.019011967815459 ], [ 2896470.629279922693968, 2029539.133004579227418 ], [ 2896464.448825688101351, 2029539.71928520523943 ], [ 2896457.540024849586189, 2029540.374717914266512 ], [ 2896439.216128658503294, 2029536.765692590503022 ], [ 2896427.923015518113971, 2029532.413449999410659 ], [ 2896414.833965990226716, 2029533.655140232527629 ], [ 2896403.613938790746033, 2029538.539015748305246 ], [ 2896386.783847209066153, 2029545.864794513210654 ], [ 2896368.757279930636287, 2029552.463756561279297 ], [ 2896349.833878437057137, 2029555.175641246605664 ], [ 2896337.044458205811679, 2029553.256896130042151 ], [ 2896320.516835488379002, 2029544.054030896397308 ], [ 2896307.205818764399737, 2029530.9557069609873 ], [ 2896297.336024302989244, 2029514.933695371262729 ], [ 2896293.449104529805481, 2029502.54550771904178 ], [ 2896294.051173194311559, 2029482.856383638456464 ], [ 2896291.363365711644292, 2029457.826653398806229 ], [ 2896289.237930935807526, 2029450.800122305983678 ], [ 2896289.235839147120714, 2029450.793404418043792 ], [ 2896291.388093269430101, 2029447.943859287071973 ], [ 2896291.402794254012406, 2029447.924353382084519 ], [ 2896292.829756704624742, 2029446.035147040616721 ], [ 2896297.151760946027935, 2029440.312494529178366 ], [ 2896305.911150380969048, 2029428.714287827489898 ], [ 2896319.45022770576179, 2029415.253182041924447 ], [ 2896319.269898874685168, 2029413.776583070633933 ], [ 2896320.6931281555444, 2029402.106806884752586 ], [ 2896327.202596484683454, 2029390.18373785703443 ], [ 2896343.062820211984217, 2029369.73475932655856 ], [ 2896358.771912727504969, 2029357.55014639091678 ], [ 2896375.153541824780405, 2029348.280893608927727 ], [ 2896392.207985043525696, 2029341.926848953589797 ], [ 2896415.993093923199922, 2029337.990031864726916 ], [ 2896434.168417010921985, 2029336.495064397575334 ], [ 2896478.595156729687005, 2029341.752822618465871 ], [ 2896504.922918600030243, 2029344.373392398934811 ], [ 2896519.559580836445093, 2029344.525640391279012 ], [ 2896524.518151571974158, 2029344.577079931972548 ], [ 2896543.217369087040424, 2029340.893647568300366 ], [ 2896560.795437272638083, 2029332.35121371364221 ], [ 2896576.50481734238565, 2029320.166648260783404 ], [ 2896596.77862944919616, 2029296.549209554679692 ], [ 2896619.74538376647979, 2029271.225036544026807 ], [ 2896625.206819159910083, 2029263.679111486766487 ], [ 2896623.861780655570328, 2029257.848400973714888 ], [ 2896607.910954564809799, 2029254.99070611409843 ], [ 2896598.289183219894767, 2029258.57181632774882 ], [ 2896581.209610553923994, 2029269.197670710505918 ], [ 2896563.47017424274236, 2029275.713379001244903 ], [ 2896544.597943634726107, 2029281.024843437829986 ], [ 2896539.50511353649199, 2029281.480793647933751 ], [ 2896522.345474644098431, 2029283.017169857164845 ], [ 2896504.259164384566247, 2029275.316804895643145 ], [ 2896498.80370612628758, 2029268.794629383832216 ], [ 2896486.465253147296607, 2029255.451100278878585 ], [ 2896475.847462922334671, 2029240.645936193410307 ], [ 2896465.156651622615755, 2029216.604680694406852 ], [ 2896463.438630329910666, 2029204.698189893271774 ], [ 2896463.81685098959133, 2029184.037422007648274 ], [ 2896460.975401796400547, 2029180.640398185467348 ], [ 2896443.324074918404222, 2029179.946608883095905 ], [ 2896418.342150027863681, 2029183.156732962233946 ], [ 2896404.504679982550442, 2029185.615140109090135 ], [ 2896394.632431510835886, 2029182.961345708463341 ], [ 2896389.8462387137115, 2029180.054304055636749 ], [ 2896382.742531094700098, 2029171.561519260751083 ], [ 2896367.792115951888263, 2029129.056306258076802 ], [ 2896366.595535763539374, 2029128.329501900123432 ], [ 2896363.678425753489137, 2029129.06451932922937 ], [ 2896354.251883537508547, 2029141.722662233514711 ], [ 2896341.308532033115625, 2029161.436507066246122 ], [ 2896327.244258541613817, 2029176.291420717025176 ], [ 2896310.862593162804842, 2029185.560680475784466 ], [ 2896300.614970951341093, 2029190.199413625989109 ], [ 2896295.304526795633137, 2029189.480964890215546 ], [ 2896291.714804373681545, 2029187.300655678845942 ], [ 2896287.228459880221635, 2029181.233234915416688 ], [ 2896286.85576752666384, 2029175.157396893948317 ], [ 2896293.96471636928618, 2029156.913810684112832 ], [ 2896303.915300011634827, 2029142.067106548696756 ], [ 2896323.216909850016236, 2029118.694567190250382 ], [ 2896333.915680584963411, 2029102.631090125301853 ], [ 2896336.535759115591645, 2029091.688103279098868 ], [ 2896331.903401608578861, 2029067.148504973622039 ], [ 2896331.906047726515681, 2029053.780286402441561 ], [ 2896334.674598449841142, 2029047.941293823067099 ], [ 2896338.639729676768184, 2029042.829104938311502 ], [ 2896341.408282462507486, 2029036.990113211795688 ], [ 2896336.848947505932301, 2029021.686606884934008 ], [ 2896330.120769620873034, 2029005.901320517994463 ], [ 2896330.720479911193252, 2028999.580547754652798 ], [ 2896332.292458395007998, 2028993.014754018047825 ], [ 2896331.695410116575658, 2028985.967313130851835 ], [ 2896329.378009178675711, 2028980.381559904431924 ], [ 2896319.659834813326597, 2028956.095197509974241 ], [ 2896313.604097338393331, 2028943.225381607655436 ], [ 2896307.397121109534055, 2028938.619707891484722 ], [ 2896301.338598070666194, 2028939.118023228598759 ], [ 2896293.184219647198915, 2028948.370640833862126 ], [ 2896282.70950073376298, 2028965.405873991549015 ], [ 2896278.144556513056159, 2028976.838856226066127 ], [ 2896273.204400957562029, 2028995.564302784856409 ], [ 2896261.9060013233684, 2029017.948541290359572 ], [ 2896250.159089799504727, 2029038.389119934290648 ], [ 2896236.243463415652514, 2029058.348007929744199 ], [ 2896224.12391225900501, 2029072.712863239226863 ], [ 2896204.225372209213674, 2029089.038077934179455 ], [ 2896180.513097141869366, 2029102.211027899291366 ], [ 2896162.710469048470259, 2029109.781733762938529 ], [ 2896151.790149171836674, 2029111.505188668612391 ], [ 2896140.497057659551501, 2029107.152927656657994 ], [ 2896135.486663672141731, 2029103.274072406580672 ], [ 2896127.934543544892222, 2029092.837647089269012 ], [ 2896120.98204627726227, 2029076.080659067258239 ], [ 2896112.460388482548296, 2029052.521025219932199 ], [ 2896093.471964929252863, 2029005.891833098605275 ], [ 2896083.829421915579587, 2028977.473384701414034 ], [ 2896071.644981935154647, 2028942.497416079044342 ], [ 2896067.38549230992794, 2028924.033456694567576 ], [ 2896066.864275976084173, 2028912.853757213568315 ], [ 2896069.632820525206625, 2028907.01475168322213 ], [ 2896072.625661751255393, 2028902.147470571799204 ], [ 2896082.200891970656812, 2028894.593431509099901 ], [ 2896092.896913643926382, 2028891.89814051031135 ], [ 2896154.450812930706888, 2028900.038163586519659 ], [ 2896189.526501880958676, 2028913.821889261947945 ], [ 2896208.298808449879289, 2028919.374488923233002 ], [ 2896221.836399990599602, 2028920.076313251396641 ], [ 2896222.594245844520628, 2028919.810955501860008 ], [ 2896226.743494244292378, 2028918.358068760251626 ], [ 2896232.308166150003672, 2028916.409429812803864 ], [ 2896263.5053855413571, 2028877.700201135128736 ], [ 2896277.268607641104609, 2028851.185794999124482 ], [ 2895721.846017217729241, 2028851.185794999124482 ], [ 2895724.467613223008811, 2028860.315000151051208 ] ] ], [ [ [ 2901693.98023328743875, 2056044.77538797724992 ], [ 2901686.565870793536305, 2056026.074783746851608 ], [ 2901676.685259971767664, 2056010.053484375588596 ], [ 2901652.136079762130976, 2055975.104980572359636 ], [ 2901618.5335788205266, 2055932.155220561195165 ], [ 2901602.073568229563534, 2055918.822788859019056 ], [ 2901579.331419102847576, 2055905.018486942630261 ], [ 2901558.605787184555084, 2055886.590964768780395 ], [ 2901540.651546916924417, 2055875.692803068319336 ], [ 2901515.965264064259827, 2055862.379088607383892 ], [ 2901508.7111327778548, 2055862.152382247382775 ], [ 2901484.112595430575311, 2055871.445237159263343 ], [ 2901444.338612302672118, 2055890.73880234034732 ], [ 2901372.632110493257642, 2055909.861582604702562 ], [ 2901371.023574818391353, 2055909.83085944224149 ], [ 2901349.897621307522058, 2055909.426934693241492 ], [ 2901332.023388274945319, 2055907.765810816548765 ], [ 2901307.714484569616616, 2055900.528319580247626 ], [ 2901301.954627855680883, 2055897.867491063894704 ], [ 2901296.492025618441403, 2055892.045836430974305 ], [ 2901273.140086062718183, 2055857.823890257393941 ], [ 2901252.864201464690268, 2055841.340038026217371 ], [ 2901246.357182892970741, 2055839.896353842690587 ], [ 2901218.392735754605383, 2055847.981496961554512 ], [ 2901198.654471634421498, 2055856.048028956865892 ], [ 2901193.272057035006583, 2055859.463405549759045 ], [ 2901176.449902457650751, 2055866.794014811748639 ], [ 2901164.110585547052324, 2055866.822131301509216 ], [ 2901160.069956762716174, 2055862.698799282312393 ], [ 2901135.745860112830997, 2055828.722130590351298 ], [ 2901109.33281433628872, 2055803.501232601003721 ], [ 2901098.110368568450212, 2055795.018703132402152 ], [ 2901071.030269293114543, 2055780.252100957324728 ], [ 2901052.85109874419868, 2055768.382104140240699 ], [ 2901022.107727771624923, 2055755.568417377304286 ], [ 2900994.585345516912639, 2055752.227707582293078 ], [ 2900974.019894353114069, 2055752.274443082511425 ], [ 2900960.780869925394654, 2055748.415125497616827 ], [ 2900931.234508201014251, 2055736.328064171364531 ], [ 2900922.181111568585038, 2055728.326754155801609 ], [ 2900918.662670854479074, 2055722.014568980084732 ], [ 2900917.225662965327501, 2055693.576882439665496 ], [ 2900920.648813271895051, 2055663.912786788772792 ], [ 2900918.472170927096158, 2055650.061891188612208 ], [ 2900892.871243306901306, 2055606.121681813616306 ], [ 2900870.571453502867371, 2055580.891439832746983 ], [ 2900847.82178607583046, 2055553.71762701519765 ], [ 2900834.350489457137883, 2055535.516846241429448 ], [ 2900828.663027234375477, 2055528.72340654139407 ], [ 2900793.574170430190861, 2055501.577621416654438 ], [ 2900787.589433786459267, 2055497.944913683691993 ], [ 2900775.322600821964443, 2055493.840343086281791 ], [ 2900758.122974062338471, 2055495.094933026004583 ], [ 2900752.138239952735603, 2055491.462230045581236 ], [ 2900749.142084208782762, 2055482.961072419537231 ], [ 2900754.357084224000573, 2055447.701751920860261 ], [ 2900749.264473531395197, 2055434.586722356732935 ], [ 2900737.809826637618244, 2055411.762802015291527 ], [ 2900715.944795149378479, 2055361.737048079026863 ], [ 2900703.51808809582144, 2055339.158339660614729 ], [ 2900685.106646409258246, 2055312.946847158716992 ], [ 2900672.904772260691971, 2055291.340117282932624 ], [ 2900667.217516573145986, 2055284.546571126207709 ], [ 2900649.408222801983356, 2055265.383349921088666 ], [ 2900632.875808908604085, 2055256.183617201400921 ], [ 2900583.141309907659888, 2055250.21960720140487 ], [ 2900564.367405381985009, 2055244.671332353726029 ], [ 2900524.49836216494441, 2055227.98908193805255 ], [ 2900434.952384422533214, 2055174.470833304570988 ], [ 2900414.909178162924945, 2055172.328743170946836 ], [ 2900398.601695950143039, 2055164.100847168825567 ], [ 2900384.39079018868506, 2055160.486987616401166 ], [ 2900367.1911910478957, 2055161.741524587618187 ], [ 2900347.300401572138071, 2055164.703800605377182 ], [ 2900335.708216049708426, 2055163.51481216144748 ], [ 2900320.285445970483124, 2055132.435011554975063 ], [ 2900281.388558576349169, 2055115.507483039284125 ], [ 2900269.121686732396483, 2055111.402974306838587 ], [ 2900248.099073169752955, 2055096.136340676806867 ], [ 2900231.719154603313655, 2055092.041192600503564 ], [ 2900216.158792810514569, 2055082.596332014538348 ], [ 2900199.329199377913028, 2055076.557585827773437 ], [ 2900194.316459489054978, 2055072.679577528266236 ], [ 2900185.408132869750261, 2055056.413165611214936 ], [ 2900158.400760252494365, 2055037.513974089175463 ], [ 2900129.006828398443758, 2055030.531441439175978 ], [ 2900103.653678661677986, 2055027.672213671496138 ], [ 2900061.318220958579332, 2055013.669634153135121 ], [ 2900033.788623471278697, 2054996.959515588358045 ], [ 2900020.549729610793293, 2054993.100383816519752 ], [ 2899999.534423009958118, 2054991.20350917102769 ], [ 2899942.473275355063379, 2054989.145926557015628 ], [ 2899932.752783318050206, 2054991.599008326884359 ], [ 2899892.006457166746259, 2055011.139031938277185 ], [ 2899875.184095892123878, 2055018.47006574831903 ], [ 2899866.435676849447191, 2055020.677851301152259 ], [ 2899839.588098186999559, 2055020.253020299365744 ], [ 2899819.472366113215685, 2055022.243720357306302 ], [ 2899788.141849044244736, 2055029.12175798881799 ], [ 2899775.882446543313563, 2055038.387107412796468 ], [ 2899768.18595291627571, 2055049.586636587977409 ], [ 2899752.640583756845444, 2055066.881466389633715 ], [ 2899728.796426140703261, 2055088.327741519082338 ], [ 2899696.501280365511775, 2055108.821106824325398 ], [ 2899677.51010256074369, 2055115.67099123634398 ], [ 2899596.605048234574497, 2055135.060213242424652 ], [ 2899595.353929713368416, 2055135.142063867533579 ], [ 2899591.890484814997762, 2055135.36857320042327 ], [ 2899558.093003264628351, 2055137.57936794240959 ], [ 2899526.602663537953049, 2055125.98325085779652 ], [ 2899505.137552081607282, 2055122.143057857640088 ], [ 2899492.573350490536541, 2055121.199526395183057 ], [ 2899487.190872938372195, 2055124.61523020779714 ], [ 2899481.808364647440612, 2055128.03073767060414 ], [ 2899481.823390633799136, 2055154.770385099109262 ], [ 2899480.031656695064157, 2055160.365576891461387 ], [ 2899463.914182132575661, 2055153.3199016477447 ], [ 2899454.528376423753798, 2055149.216930952854455 ], [ 2899436.062701124697924, 2055159.369660506024957 ], [ 2899431.366745425853878, 2055161.007698480039835 ], [ 2899424.811839107424021, 2055163.294031590688974 ], [ 2899417.370852137450129, 2055174.122323459247127 ], [ 2899415.956495197024196, 2055185.793895114446059 ], [ 2899407.745283130556345, 2055212.552460891893134 ], [ 2899406.186072028242052, 2055232.489420722937211 ], [ 2899405.591287321876734, 2055238.811040341155604 ], [ 2899409.117206295952201, 2055258.493136585690081 ], [ 2899411.438677659258246, 2055264.078871382400393 ], [ 2899412.040961297228932, 2055271.127093453891575 ], [ 2899409.052378264255822, 2055275.99565491755493 ], [ 2899408.345593376550823, 2055276.503714126767591 ], [ 2899404.641972783021629, 2055279.166050281608477 ], [ 2899372.187067452818155, 2055281.185218658531085 ], [ 2899353.34835449885577, 2055293.139922914793715 ], [ 2899331.970907715149224, 2055311.906988193280995 ], [ 2899325.021639221347868, 2055321.889565679011866 ], [ 2899320.69882386084646, 2055347.666954515269026 ], [ 2899314.207045877352357, 2055372.963252013083547 ], [ 2899313.539866763167083, 2055383.417574868071824 ], [ 2899317.065973617136478, 2055403.099859809968621 ], [ 2899322.01379775069654, 2055424.480231530731544 ], [ 2899323.813055619597435, 2055432.254978041863069 ], [ 2899339.903287392109632, 2055452.880555560579523 ], [ 2899350.088760542217642, 2055479.110800055554137 ], [ 2899349.356886013410985, 2055507.067867082543671 ], [ 2899352.513177873566747, 2055534.043544029351324 ], [ 2899357.156168382614851, 2055545.215024649165571 ], [ 2899372.201870841905475, 2055570.218568795360625 ], [ 2899379.841193184722215, 2055589.89131143107079 ], [ 2899385.536225329618901, 2055610.054641250055283 ], [ 2899390.259320675395429, 2055630.463279275922105 ], [ 2899398.878400105051696, 2055663.260561664123088 ], [ 2899413.93186650518328, 2055701.634089271072298 ], [ 2899415.044126683380455, 2055703.939704521792009 ], [ 2899447.550002687610686, 2055771.323522727470845 ], [ 2899452.27304880367592, 2055791.732202001847327 ], [ 2899453.260661541484296, 2055818.226689046714455 ], [ 2899459.478189332410693, 2055836.201100181555375 ], [ 2899480.58123201597482, 2055860.704512630123645 ], [ 2899510.368204103782773, 2055900.502587793627754 ], [ 2899529.896887994371355, 2055918.203202094882727 ], [ 2899545.232369131874293, 2055926.676096541108564 ], [ 2899570.440858710091561, 2055937.800135635538027 ], [ 2899610.912451766431332, 2055961.529716860735789 ], [ 2899620.560482033062726, 2055963.209234846755862 ], [ 2899669.330534720793366, 2055982.787224920466542 ], [ 2899681.669768403284252, 2055982.758856133790687 ], [ 2899701.407884493935853, 2055974.69144970132038 ], [ 2899711.803039679303765, 2055975.153723756317049 ], [ 2899721.161529160104692, 2055993.363999153254554 ], [ 2899727.604076295625418, 2056012.310093789594248 ], [ 2899736.070768140256405, 2056040.00284348311834 ], [ 2899744.232300757896155, 2056057.486499202437699 ], [ 2899749.152154873125255, 2056063.834505 ], [ 2901699.790850740391761, 2056063.834505 ], [ 2901693.98023328743875, 2056044.77538797724992 ] ] ], [ [ [ 2903603.756700733210891, 2051451.305556455161422 ], [ 2903600.738968727178872, 2051459.689368830062449 ], [ 2903598.465588407590985, 2051468.293605557875708 ], [ 2903596.954398537054658, 2051477.050926362164319 ], [ 2903596.21704967552796, 2051485.892681359080598 ], [ 2903596.259359580464661, 2051494.74986073281616 ], [ 2903597.081084632314742, 2051503.552933386992663 ], [ 2903598.675732178613544, 2051512.233199566369876 ], [ 2903601.030824143905193, 2051520.722540089860559 ], [ 2903604.12800467479974, 2051528.954715277068317 ], [ 2903607.942894160747528, 2051536.865087216487154 ], [ 2903612.445704905316234, 2051544.391927774529904 ], [ 2903617.601209431886673, 2051551.476221522083506 ], [ 2903623.369080028496683, 2051558.062516807811335 ], [ 2903629.704066445119679, 2051564.099400585517287 ], [ 2903636.556799242272973, 2051569.539453849196434 ], [ 2903643.873341832775623, 2051574.340245787752792 ], [ 2903651.596765471622348, 2051578.464047637535259 ], [ 2903659.66639013402164, 2051581.878781935432926 ], [ 2903668.019115068949759, 2051584.557476485148072 ], [ 2903676.589609021320939, 2051586.479446876561269 ], [ 2903685.31077402131632, 2051587.629400765988976 ], [ 2903694.114329347386956, 2051587.99854885507375 ], [ 2903702.93138961493969, 2051587.583789895754308 ], [ 2903711.693001176230609, 2051586.38852597726509 ], [ 2903720.330555036664009, 2051584.422080412274227 ], [ 2903728.776425017509609, 2051581.69988601305522 ], [ 2903736.964510812424123, 2051578.243082156870514 ], [ 2903744.830809420906007, 2051574.078918068902567 ], [ 2903752.313682072330266, 2051569.239892924204469 ], [ 2903759.354574974160641, 2051563.763827739749104 ], [ 2903765.898397203534842, 2051557.693695282097906 ], [ 2903771.89390192180872, 2051551.076840858440846 ], [ 2903777.294241956435144, 2051543.96528703533113 ], [ 2903782.05707489233464, 2051536.414497508434579 ], [ 2903786.145102804061025, 2051528.483583276160061 ], [ 2903789.526485179550946, 2051520.234720520675182 ], [ 2903792.174613672308624, 2051511.732380166882649 ], [ 2903794.068785307463259, 2051503.043104130774736 ], [ 2903795.194205808453262, 2051494.234896189300343 ], [ 2903795.542024633847177, 2051485.376809951383621 ], [ 2903795.109586059115827, 2051476.537990399636328 ], [ 2903793.900248164776713, 2051467.787808262510225 ], [ 2903791.923373638652265, 2051459.194543157704175 ], [ 2903789.194672646932304, 2051450.825625565368682 ], [ 2903785.735291862860322, 2051442.746382482815534 ], [ 2903781.572354204952717, 2051435.02024357765913 ], [ 2903776.738457460422069, 2051427.7075138266664 ], [ 2903771.271394837182015, 2051420.865525711560622 ], [ 2903765.214094880968332, 2051414.547635926166549 ], [ 2903758.613767247647047, 2051408.803583394736052 ], [ 2903751.522188826929778, 2051403.67811885359697 ], [ 2903743.994766924530268, 2051399.211479304358363 ], [ 2903736.090593460015953, 2051395.438465346582234 ], [ 2903727.87137803947553, 2051392.388736536260694 ], [ 2903719.401451251935214, 2051390.086202173959464 ], [ 2903710.747110659722239, 2051388.548734514042735 ], [ 2903701.976160296238959, 2051387.78845523041673 ], [ 2903693.157224952243268, 2051387.811251547420397 ], [ 2903684.35917538497597, 2051388.616982043255121 ], [ 2903675.651112468913198, 2051390.199378153076395 ], [ 2903667.101055815815926, 2051392.546079620951787 ], [ 2903658.775829473510385, 2051395.638553807279095 ], [ 2903650.740779140032828, 2051399.45285707921721 ], [ 2903643.058629283215851, 2051403.958828250411898 ], [ 2903635.789705046452582, 2051409.121468151919544 ], [ 2903628.990706796757877, 2051414.900249557569623 ], [ 2903622.714836928062141, 2051421.24990551173687 ], [ 2903617.011371088214219, 2051428.120912914397195 ], [ 2903611.924807279836386, 2051435.45924150547944 ], [ 2903607.49498935462907, 2051443.207751299487427 ], [ 2903603.756700733210891, 2051451.305556455161422 ] ] ], [ [ [ 2897776.136437923647463, 2055749.693392420886084 ], [ 2897772.401861792430282, 2055752.443185391835868 ], [ 2897768.416784304194152, 2055755.303860283456743 ], [ 2897764.634505617897958, 2055757.721434737090021 ], [ 2897760.570227833464742, 2055759.794939069077373 ], [ 2897756.239197285845876, 2055761.3541443888098 ], [ 2897752.103996857535094, 2055762.738472355762497 ], [ 2897748.154408450238407, 2055763.36525802500546 ], [ 2897743.073864730075002, 2055764.01021066471003 ], [ 2897742.970526326447725, 2055764.02525368030183 ], [ 2897736.880489004775882, 2055765.014987319009379 ], [ 2897736.451894142199308, 2055765.121443773154169 ], [ 2897731.835850294679403, 2055766.635020686779171 ], [ 2897731.746701429598033, 2055766.665841125650331 ], [ 2897727.436563459224999, 2055768.228958242572844 ], [ 2897726.952954365406185, 2055768.455570801626891 ], [ 2897726.550744283944368, 2055768.734116918640211 ], [ 2897723.609638386406004, 2055771.137551459483802 ], [ 2897720.225891427602619, 2055772.817586853634566 ], [ 2897716.543752367142588, 2055774.246803905582055 ], [ 2897716.391843395773321, 2055774.310643553500995 ], [ 2897712.197142257355154, 2055776.20573190622963 ], [ 2897708.343971624970436, 2055777.440281822578982 ], [ 2897708.21957478299737, 2055777.483091949718073 ], [ 2897707.903726470656693, 2055777.620363657362759 ], [ 2897704.013742500916123, 2055779.579002730548382 ], [ 2897703.655905146151781, 2055779.790853526210412 ], [ 2897703.32928333664313, 2055780.049362931400537 ], [ 2897699.794709234498441, 2055783.260589908575639 ], [ 2897699.513749998062849, 2055783.551668975967914 ], [ 2897699.365563191939145, 2055783.741209673928097 ], [ 2897696.866296746768057, 2055787.209797905758023 ], [ 2897693.899789965711534, 2055791.327001206343994 ], [ 2897691.025920379441231, 2055795.315481439465657 ], [ 2897687.954232746269554, 2055799.578498958144337 ], [ 2897684.804625520482659, 2055803.22278521116823 ], [ 2897681.85886550322175, 2055805.067396493628621 ], [ 2897676.351780116558075, 2055806.696191312978044 ], [ 2897676.162250089924783, 2055806.759165511000901 ], [ 2897675.978919118642807, 2055806.833589129615575 ], [ 2897667.976296488195658, 2055810.392157431459054 ], [ 2897667.683867675252259, 2055810.541499551618472 ], [ 2897667.474791897460818, 2055810.67436218704097 ], [ 2897662.773257536813617, 2055813.936175488401204 ], [ 2897662.423565423581749, 2055814.218761264812201 ], [ 2897662.118289506994188, 2055814.549458805005997 ], [ 2897661.864367559552193, 2055814.921022035414353 ], [ 2897661.667365944013, 2055815.325237160781398 ], [ 2897660.480915756896138, 2055818.291840150486678 ], [ 2897660.327047584578395, 2055818.828077658079565 ], [ 2897660.275113811716437, 2055819.299016648437828 ], [ 2897660.156296884641051, 2055823.065515733789653 ], [ 2897659.424299111124128, 2055825.987494493834674 ], [ 2897657.45380839984864, 2055829.091533017810434 ], [ 2897655.315032594837248, 2055832.269693060778081 ], [ 2897652.732319040223956, 2055834.318677724804729 ], [ 2897634.537951817270368, 2055839.197410620050505 ], [ 2897632.097450354136527, 2055839.462191193597391 ], [ 2897628.675862418022007, 2055839.855518897995353 ], [ 2897625.506538446061313, 2055840.157726337667555 ], [ 2897625.304897909983993, 2055840.183854183647782 ], [ 2897618.866081293672323, 2055841.242118574446067 ], [ 2897618.325743180699646, 2055841.388172538252547 ], [ 2897615.133124659769237, 2055842.590319942682981 ], [ 2897614.676593037322164, 2055842.807039132574573 ], [ 2897614.494705529417843, 2055842.92126421071589 ], [ 2897612.110358045902103, 2055844.537997249513865 ], [ 2897611.795857193879783, 2055844.782436015084386 ], [ 2897611.515153923537582, 2055845.065659528132528 ], [ 2897611.273239568341523, 2055845.382804258028045 ], [ 2897611.074273751117289, 2055845.728245120495558 ], [ 2897609.349474034737796, 2055849.228298795409501 ], [ 2897609.229600235819817, 2055849.50498876045458 ], [ 2897609.139890022575855, 2055849.782785032643005 ], [ 2897608.098273121751845, 2055853.627066438086331 ], [ 2897608.045646958053112, 2055853.855822433717549 ], [ 2897608.000506550073624, 2055854.199046524940059 ], [ 2897607.70257044583559, 2055858.228468155721202 ], [ 2897607.694502887316048, 2055858.42629832518287 ], [ 2897607.687020325101912, 2055862.058747579110786 ], [ 2897607.047431521117687, 2055865.153893328737468 ], [ 2897606.037635670974851, 2055867.229889528360218 ], [ 2897603.80917195789516, 2055869.821282033110037 ], [ 2897598.228335740510374, 2055873.653821637388319 ], [ 2897594.655215471517295, 2055875.324093492003158 ], [ 2897590.401080716867, 2055876.658568235579878 ], [ 2897586.31856840569526, 2055877.944685814902186 ], [ 2897581.98954610619694, 2055878.789400343317538 ], [ 2897581.697380908764899, 2055878.861712166806683 ], [ 2897577.421375283040106, 2055880.149047282291576 ], [ 2897573.560152618214488, 2055880.772153530502692 ], [ 2897569.151234231423587, 2055880.587514461483806 ], [ 2897569.011429457459599, 2055880.584949812386185 ], [ 2897568.853394175879657, 2055880.589961059391499 ], [ 2897563.825890141073614, 2055880.88338089431636 ], [ 2897558.374182248022407, 2055881.274651454063132 ], [ 2897558.295240334235132, 2055881.281403261004016 ], [ 2897549.681517898105085, 2055882.129756750538945 ], [ 2897545.631224524695426, 2055882.12077880394645 ], [ 2897541.094413357786834, 2055880.998789607314393 ], [ 2897535.228341305162758, 2055879.255843830062076 ], [ 2897532.185945596545935, 2055884.792546243406832 ], [ 2897533.562754156067967, 2055885.061321178684011 ], [ 2897539.358830595389009, 2055886.783527416177094 ], [ 2897539.490199296735227, 2055886.819271660642698 ], [ 2897544.43867993960157, 2055888.043067429447547 ], [ 2897544.645096639171243, 2055888.086257929680869 ], [ 2897545.141508100554347, 2055888.129240048117936 ], [ 2897549.709345701150596, 2055888.139422469772398 ], [ 2897549.997465792112052, 2055888.125051041366532 ], [ 2897558.720681131351739, 2055887.265910097630695 ], [ 2897564.093339037615806, 2055886.880092402454466 ], [ 2897568.932605064939708, 2055886.5978873684071 ], [ 2897573.494074387941509, 2055886.78875682130456 ], [ 2897573.633879165165126, 2055886.79132148460485 ], [ 2897574.094736075028777, 2055886.753138016909361 ], [ 2897578.481402383185923, 2055886.045006826054305 ], [ 2897578.840903053991497, 2055885.960548704257235 ], [ 2897583.164738315157592, 2055884.65883394354023 ], [ 2897587.512707990594208, 2055883.810368821024895 ], [ 2897587.841838590800762, 2055883.726667736889794 ], [ 2897592.083149925805628, 2055882.390569362323731 ], [ 2897596.527270791120827, 2055880.996587004046887 ], [ 2897596.669395862147212, 2055880.94811760331504 ], [ 2897596.904998832382262, 2055880.849783118115738 ], [ 2897600.890949612483382, 2055878.986461887834594 ], [ 2897601.131006754934788, 2055878.861047648591921 ], [ 2897601.327943776734173, 2055878.736478071194142 ], [ 2897607.447870043106377, 2055874.533653415739536 ], [ 2897607.682275773026049, 2055874.355510819936171 ], [ 2897608.040226328186691, 2055874.002147522987798 ], [ 2897610.799261982552707, 2055870.793725872179493 ], [ 2897611.112476960755885, 2055870.353766694432124 ], [ 2897611.226851009763777, 2055870.140454669715837 ], [ 2897612.579608283005655, 2055867.359334164997563 ], [ 2897612.692638694308698, 2055867.096770138945431 ], [ 2897612.825460958760232, 2055866.638097643852234 ], [ 2897613.609665642492473, 2055862.842259401455522 ], [ 2897613.667622624896467, 2055862.277215954614803 ], [ 2897613.675505839288235, 2055858.446505418745801 ], [ 2897613.944032814353704, 2055854.815868584206328 ], [ 2897614.831378632225096, 2055851.540558043634519 ], [ 2897616.063504147343338, 2055849.04022165434435 ], [ 2897617.472317221574485, 2055848.084938099840656 ], [ 2897620.036343757994473, 2055847.119344646111131 ], [ 2897626.055466577410698, 2055846.130318245850503 ], [ 2897629.182260406203568, 2055845.831992353545502 ], [ 2897632.637085512280464, 2055845.434951966628432 ], [ 2897635.293158082291484, 2055845.146885387599468 ], [ 2897635.506688799709082, 2055845.115957788657397 ], [ 2897635.74807149451226, 2055845.061707352288067 ], [ 2897654.77651091106236, 2055839.959253138164058 ], [ 2897655.169054995290935, 2055839.824563396861777 ], [ 2897655.54047686746344, 2055839.637322124559432 ], [ 2897655.883743952028453, 2055839.401039860676974 ], [ 2897659.339079055003822, 2055836.659829411888495 ], [ 2897659.687394537962973, 2055836.337227401556447 ], [ 2897659.981864902656525, 2055835.964577266247943 ], [ 2897662.413429362699389, 2055832.351086989277974 ], [ 2897662.458535310812294, 2055832.282026536995545 ], [ 2897664.715740108396858, 2055828.726317282766104 ], [ 2897664.945601196028292, 2055828.290870040887967 ], [ 2897665.102829604409635, 2055827.825223074760288 ], [ 2897666.034649312961847, 2055824.104979510884732 ], [ 2897666.072503236588091, 2055823.9329711755272 ], [ 2897666.12443699548021, 2055823.462032184936106 ], [ 2897666.2366578951478, 2055819.906281064264476 ], [ 2897666.86697693169117, 2055818.330577586544678 ], [ 2897670.569141392596066, 2055815.762135843979195 ], [ 2897678.1260467893444, 2055812.401887978659943 ], [ 2897683.841516946442425, 2055810.711456718156114 ], [ 2897684.229392386041582, 2055810.567270945059136 ], [ 2897684.595075628720224, 2055810.37143825320527 ], [ 2897688.287815036252141, 2055808.05909168953076 ], [ 2897688.630906315986067, 2055807.809757713228464 ], [ 2897688.983895334415138, 2055807.462064980529249 ], [ 2897692.536813277751207, 2055803.350986523553729 ], [ 2897692.69547188654542, 2055803.149094087537378 ], [ 2897695.847066254820675, 2055798.775187173159793 ], [ 2897698.720920023974031, 2055794.786608634749427 ], [ 2897701.687541138380766, 2055790.669486226281151 ], [ 2897703.997524031437933, 2055787.4636385361664 ], [ 2897706.981513615231961, 2055784.752685331972316 ], [ 2897710.284886949695647, 2055783.08939736825414 ], [ 2897714.07689259853214, 2055781.874492502072826 ], [ 2897714.201289446093142, 2055781.831682389136404 ], [ 2897714.401146334595978, 2055781.749790353700519 ], [ 2897718.679298158735037, 2055779.816803887253627 ], [ 2897722.413198195397854, 2055778.367421044036746 ], [ 2897722.665833298116922, 2055778.255948297679424 ], [ 2897726.482768763788044, 2055776.360804046271369 ], [ 2897726.657863698434085, 2055776.266680496511981 ], [ 2897727.060089581180364, 2055775.988232912495732 ], [ 2897729.864567454904318, 2055773.696369326207787 ], [ 2897733.632210240699351, 2055772.330106063280255 ], [ 2897737.980931653641164, 2055770.904099431587383 ], [ 2897743.759251127950847, 2055769.965281615499407 ], [ 2897748.835219643544406, 2055769.320856853621081 ], [ 2897748.927715882658958, 2055769.307684466941282 ], [ 2897753.169578694738448, 2055768.634432403603569 ], [ 2897753.236222316510975, 2055768.623020866652951 ], [ 2897753.654712024144828, 2055768.515461193164811 ], [ 2897758.061562216840684, 2055767.040240466827527 ], [ 2897758.126133987680078, 2055767.017845960799605 ], [ 2897762.67997192312032, 2055765.378355923574418 ], [ 2897763.021528370678425, 2055765.229613155359402 ], [ 2897767.389967203140259, 2055763.000982396770269 ], [ 2897767.535353937186301, 2055762.921796678565443 ], [ 2897767.647711934056133, 2055762.853284039068967 ], [ 2897771.625077789649367, 2055760.31097056157887 ], [ 2897771.762097358703613, 2055760.218194113345817 ], [ 2897775.846865657251328, 2055757.285833719652146 ], [ 2897779.575453492812812, 2055754.540375782176852 ], [ 2897783.270268709864467, 2055751.899140861118212 ], [ 2897786.759551654569805, 2055749.869670173618942 ], [ 2897791.247553937137127, 2055748.554959037806839 ], [ 2897794.939521945081651, 2055748.800345853436738 ], [ 2897799.81332770222798, 2055749.473923018202186 ], [ 2897804.857846166938543, 2055750.309973327908665 ], [ 2897813.111070044338703, 2055751.940498748794198 ], [ 2897818.866443472914398, 2055753.565171034540981 ], [ 2897821.899114405736327, 2055755.094248233363032 ], [ 2897821.995521459728479, 2055755.140612282557413 ], [ 2897825.609360517933965, 2055756.799295035656542 ], [ 2897829.071691211313009, 2055758.864770225482062 ], [ 2897832.351981475017965, 2055760.771659068763256 ], [ 2897832.443774993531406, 2055760.822716493625194 ], [ 2897835.633261657319963, 2055762.523590673459694 ], [ 2897838.636562380474061, 2055765.108083912171423 ], [ 2897848.423135745339096, 2055773.200659474125132 ], [ 2897850.393847170285881, 2055775.512587759410962 ], [ 2897850.492113601416349, 2055775.622106944676489 ], [ 2897852.980270967818797, 2055778.25871234969236 ], [ 2897853.135647093877196, 2055778.411499088164419 ], [ 2897856.274140526540577, 2055781.273859620792791 ], [ 2897856.352400938980281, 2055781.342795445118099 ], [ 2897856.664812906179577, 2055781.573721140623093 ], [ 2897860.135168254375458, 2055783.797284187050536 ], [ 2897863.479391945526004, 2055786.235384210711345 ], [ 2897863.744544337503612, 2055786.407456777524203 ], [ 2897867.51817318238318, 2055788.553444853518158 ], [ 2897867.760037793777883, 2055788.676503956317902 ], [ 2897871.335281834937632, 2055790.289874444017187 ], [ 2897874.84465988073498, 2055792.159258318599313 ], [ 2897878.360750797204673, 2055794.1804747893475 ], [ 2897881.998014036566019, 2055796.235132976667956 ], [ 2897882.438777439296246, 2055796.437744075898081 ], [ 2897882.675361758098006, 2055796.512267324607819 ], [ 2897886.21916461084038, 2055797.466504245297983 ], [ 2897889.594809120520949, 2055798.784513981081545 ], [ 2897893.038634650409222, 2055801.057228843215853 ], [ 2897896.523307215888053, 2055803.817173822782934 ], [ 2897899.28946708701551, 2055806.330597000895068 ], [ 2897901.220467009581625, 2055808.394560754997656 ], [ 2897901.362497662659734, 2055808.53618379146792 ], [ 2897904.632335933856666, 2055811.580758693162352 ], [ 2897904.732709731906652, 2055811.670015055453405 ], [ 2897905.167616355232894, 2055811.975321443285793 ], [ 2897909.005428951699287, 2055814.15061618690379 ], [ 2897909.159530993551016, 2055814.23192604444921 ], [ 2897912.68609669432044, 2055815.960753726307303 ], [ 2897916.308619407936931, 2055818.109481853898615 ], [ 2897916.669256714172661, 2055818.288834567647427 ], [ 2897920.279411511495709, 2055819.781754573341459 ], [ 2897925.789309877436608, 2055823.348990560742095 ], [ 2897928.856323477812111, 2055826.014607195742428 ], [ 2897929.194230390246958, 2055826.264833190944046 ], [ 2897932.887723302468657, 2055828.605232869042084 ], [ 2897936.503832076210529, 2055830.958287646295503 ], [ 2897936.631205802317709, 2055831.036547697382048 ], [ 2897937.117620655801147, 2055831.261588628869504 ], [ 2897941.376807188615203, 2055832.745599244488403 ], [ 2897941.502693179063499, 2055832.786297653336078 ], [ 2897945.839158091694117, 2055834.080784640973434 ], [ 2897949.917716012801975, 2055835.522593145258725 ], [ 2897955.354459850117564, 2055837.789558332413435 ], [ 2897955.483294141478837, 2055837.839761801995337 ], [ 2897955.721580317709595, 2055837.914787366986275 ], [ 2897960.297964695841074, 2055839.144035225501284 ], [ 2897960.56125136744231, 2055839.201936768833548 ], [ 2897960.789402466267347, 2055839.232250760309398 ], [ 2897964.41689315577969, 2055839.569811566267163 ], [ 2897970.175650762394071, 2055840.829057306284085 ], [ 2897973.86404927726835, 2055841.853358428459615 ], [ 2897977.744156894274056, 2055843.165532332379371 ], [ 2897981.909116422757506, 2055844.926338267046958 ], [ 2897985.95112275891006, 2055847.05861894111149 ], [ 2897989.800481230951846, 2055849.734189274953678 ], [ 2897994.006575407460332, 2055852.564872009679675 ], [ 2897998.193434975109994, 2055855.330184704158455 ], [ 2898002.195464486256242, 2055858.411081633530557 ], [ 2898002.354896506294608, 2055858.525501902913675 ], [ 2898006.242296463809907, 2055861.120214693248272 ], [ 2898009.804075839929283, 2055864.572483215713874 ], [ 2898009.946762158535421, 2055864.701816172106192 ], [ 2898010.049870278686285, 2055864.785402719397098 ], [ 2898013.933581412304193, 2055867.786393666174263 ], [ 2898017.552754937671125, 2055870.595218477305025 ], [ 2898021.118050607386976, 2055873.71376244421117 ], [ 2898021.193279983475804, 2055873.776454285252839 ], [ 2898024.963355112820864, 2055876.809068559668958 ], [ 2898025.265785112977028, 2055877.022032890236005 ], [ 2898029.145763531792909, 2055879.401348470943049 ], [ 2898032.681032479740679, 2055881.546077401842922 ], [ 2898035.804777312092483, 2055884.597456836374477 ], [ 2898035.864111141767353, 2055884.653911345172673 ], [ 2898039.288098151795566, 2055887.815299348207191 ], [ 2898042.311262564267963, 2055891.268265385180712 ], [ 2898044.793880069628358, 2055894.856566554866731 ], [ 2898044.943120864685625, 2055895.053677880903706 ], [ 2898048.027111142873764, 2055898.784445608267561 ], [ 2898048.205474563874304, 2055898.981230088509619 ], [ 2898051.465745264664292, 2055902.263375868555158 ], [ 2898053.799747013486922, 2055905.202189840609208 ], [ 2898052.849533297587186, 2055910.065605971496552 ], [ 2898052.813073670025915, 2055910.418711805017665 ], [ 2898052.813888218253851, 2055910.511876490199938 ], [ 2898053.022269426845014, 2055917.087625129614025 ], [ 2898053.043900308199227, 2055917.324580061016604 ], [ 2898053.744518860243261, 2055921.938154852949083 ], [ 2898053.768794392235577, 2055922.066304747248068 ], [ 2898055.022346075158566, 2055927.652309342520311 ], [ 2898055.06792632304132, 2055927.820299408631399 ], [ 2898056.508247487712651, 2055932.336257988121361 ], [ 2898056.991820829920471, 2055937.495734373573214 ], [ 2898057.398822004906833, 2055942.73080546525307 ], [ 2898057.421275427564979, 2055942.911825978197157 ], [ 2898058.370261780917645, 2055948.178452675463632 ], [ 2898059.355154758319259, 2055953.398789580445737 ], [ 2898060.348874026443809, 2055963.129503167467192 ], [ 2898060.900299140252173, 2055968.506575260544196 ], [ 2898061.268712408840656, 2055973.858105864142999 ], [ 2898061.272802054416388, 2055973.908684128662571 ], [ 2898062.73731436021626, 2055989.430557539220899 ], [ 2898062.052878189831972, 2056000.644063184503466 ], [ 2898062.04934973269701, 2056000.737307855859399 ], [ 2898062.057969531975687, 2056000.955735424067825 ], [ 2898062.392532765865326, 2056004.491590980207548 ], [ 2898061.483094045892358, 2056019.624998924788088 ], [ 2898059.643949758261442, 2056035.65483656944707 ], [ 2898058.562315717805177, 2056041.060453541809693 ], [ 2898058.539624759927392, 2056041.203941401094198 ], [ 2898057.873807648196816, 2056046.677956834202632 ], [ 2898057.862643521279097, 2056046.80180131457746 ], [ 2898057.532387470826507, 2056052.342177991289645 ], [ 2898057.212117395363748, 2056058.321541002718732 ], [ 2898056.254377605393529, 2056063.523882290581241 ], [ 2898056.233966982923448, 2056063.660768380854279 ], [ 2898056.21410424914211, 2056063.834505 ], [ 2898060.2380316038616, 2056063.834505 ], [ 2898061.156569882761687, 2056058.845291662728414 ], [ 2898061.187099848873913, 2056058.586881078081205 ], [ 2898061.513469316996634, 2056052.493114694254473 ], [ 2898061.839466406032443, 2056047.023193133529276 ], [ 2898062.48850161395967, 2056041.687838118523359 ], [ 2898063.571279387455434, 2056036.276739041088149 ], [ 2898063.595518071204424, 2056036.119581315899268 ], [ 2898065.450695836916566, 2056019.950205489993095 ], [ 2898065.460274110548198, 2056019.841052114032209 ], [ 2898066.382331942208111, 2056004.498437986243516 ], [ 2898066.385653818491846, 2056004.407056577270851 ], [ 2898066.377018150873482, 2056004.188530466053635 ], [ 2898066.042531094513834, 2056000.653776751132682 ], [ 2898066.726999391801655, 2055989.440468273824081 ], [ 2898066.730512010399252, 2055989.347125073662028 ], [ 2898066.721873159054667, 2055989.129208136582747 ], [ 2898065.245032894890755, 2055973.475997525500134 ], [ 2898064.876318784430623, 2055968.119450315833092 ], [ 2898064.870643611997366, 2055968.052729240618646 ], [ 2898064.31574622541666, 2055962.6414992173668 ], [ 2898063.313522097654641, 2055952.827742365887389 ], [ 2898063.298547112382948, 2055952.71331777353771 ], [ 2898063.289339944720268, 2055952.66052604559809 ], [ 2898062.292234715539962, 2055947.376279845833778 ], [ 2898061.366549269296229, 2055942.239298866130412 ], [ 2898060.965111646801233, 2055937.07654765015468 ], [ 2898060.458251716103405, 2055931.667941934429109 ], [ 2898060.441627797670662, 2055931.536980387289077 ], [ 2898060.373069480061531, 2055931.249529995955527 ], [ 2898058.894001352600753, 2055926.611806296277791 ], [ 2898057.674834248609841, 2055921.178991112625226 ], [ 2898057.004013989120722, 2055916.761227807030082 ], [ 2898056.806780464481562, 2055910.532259125495329 ], [ 2898057.002291600219905, 2055909.531622029608116 ], [ 2898057.48152506724, 2055907.07897949567996 ], [ 2898058.156187377870083, 2055903.625816393643618 ], [ 2898057.980917260050774, 2055900.739031334640458 ], [ 2898056.053257318213582, 2055898.311951800249517 ], [ 2898055.855422392953187, 2055898.091120602097362 ], [ 2898052.574711503461003, 2055894.788349735550582 ], [ 2898049.656543736346066, 2055891.258270029909909 ], [ 2898047.14995417650789, 2055887.635583586758003 ], [ 2898047.002195841632783, 2055887.440129748079926 ], [ 2898046.9458316154778, 2055887.373803831404075 ], [ 2898043.711633891332895, 2055883.67968730814755 ], [ 2898043.496216937433928, 2055883.458504037000239 ], [ 2898039.990626983810216, 2055880.221890488639474 ], [ 2898036.655892363749444, 2055876.964243585243821 ], [ 2898036.505136553198099, 2055876.826945489272475 ], [ 2898036.132127424702048, 2055876.55815187538974 ], [ 2898032.323640614748001, 2055874.247887277510017 ], [ 2898028.613816741388291, 2055871.972826062934473 ], [ 2898025.033777528442442, 2055869.093085002386943 ], [ 2898021.450228545814753, 2055865.958691000705585 ], [ 2898021.33518118551001, 2055865.864496131660417 ], [ 2898017.644018932245672, 2055862.999895435525104 ], [ 2898013.883822227828205, 2055860.094094770494848 ], [ 2898010.249671730212867, 2055856.571717305341735 ], [ 2898010.10708384308964, 2055856.442366452421993 ], [ 2898009.840299334842712, 2055856.241277356864884 ], [ 2898005.814539100509137, 2055853.55417536967434 ], [ 2898001.807287478819489, 2055850.469156635692343 ], [ 2898001.636065127328038, 2055850.346940956544131 ], [ 2897997.380177711136639, 2055847.536065130028874 ], [ 2897993.229650990106165, 2055844.742844765307382 ], [ 2897989.274183046072721, 2055841.993362019304186 ], [ 2897989.073067357763648, 2055841.865426432108507 ], [ 2897988.970978373661637, 2055841.808938436442986 ], [ 2897984.66108197811991, 2055839.535408723168075 ], [ 2897984.436041578650475, 2055839.428762890165672 ], [ 2897980.057818131055683, 2055837.577831568196416 ], [ 2897979.885903459973633, 2055837.511729580583051 ], [ 2897975.797117284499109, 2055836.128476043697447 ], [ 2897975.642573013436049, 2055836.080920106032863 ], [ 2897971.796267521567643, 2055835.012717318953946 ], [ 2897971.637680751271546, 2055834.973402238450944 ], [ 2897965.623131697997451, 2055833.658137131016701 ], [ 2897965.49439284671098, 2055833.6330701475963 ], [ 2897965.266241723671556, 2055833.602756131673232 ], [ 2897961.707659381441772, 2055833.271628957241774 ], [ 2897957.561130751855671, 2055832.157721062889323 ], [ 2897952.229182128794491, 2055829.934478667099029 ], [ 2897952.089487268589437, 2055829.880367768928409 ], [ 2897947.855261988937855, 2055828.383397626224905 ], [ 2897947.716813779436052, 2055828.338289853883907 ], [ 2897943.375700905453414, 2055827.042619514279068 ], [ 2897939.528848097659647, 2055825.702289446257055 ], [ 2897936.17720297165215, 2055823.521432796726003 ], [ 2897932.641873607877642, 2055821.281280961586162 ], [ 2897929.586132634431124, 2055818.625277946470305 ], [ 2897929.27205406781286, 2055818.390293425181881 ], [ 2897923.365778995677829, 2055814.566426001256332 ], [ 2897923.243957608472556, 2055814.491821767995134 ], [ 2897922.895751963369548, 2055814.319843471050262 ], [ 2897919.232961245812476, 2055812.805155853973702 ], [ 2897915.690517453476787, 2055810.703935913974419 ], [ 2897915.49910122808069, 2055810.601013257866725 ], [ 2897911.946138402912766, 2055808.859236825956032 ], [ 2897908.494563181884587, 2055806.902759023709223 ], [ 2897905.548739039804786, 2055804.159925749525428 ], [ 2897903.605012937448919, 2055802.082352489698678 ], [ 2897903.436938979662955, 2055801.916762451408431 ], [ 2897900.511427082121372, 2055799.258578030392528 ], [ 2897900.437112473882735, 2055799.193387232255191 ], [ 2897900.361372010782361, 2055799.131295726634562 ], [ 2897896.700898073147982, 2055796.232015577144921 ], [ 2897896.497248256579041, 2055796.084560274612159 ], [ 2897892.690811476670206, 2055793.572401280514896 ], [ 2897892.547596747521311, 2055793.483837081352249 ], [ 2897892.14555855281651, 2055793.290207900805399 ], [ 2897888.333061261568218, 2055791.801433587446809 ], [ 2897888.265891621820629, 2055791.776224026922137 ], [ 2897888.029291422106326, 2055791.701602209592238 ], [ 2897884.687437943182886, 2055790.801816881634295 ], [ 2897881.385389887727797, 2055788.936611791374162 ], [ 2897877.852095778565854, 2055786.905440008500591 ], [ 2897877.769924383610487, 2055786.860036541474983 ], [ 2897874.133901559747756, 2055784.923214145004749 ], [ 2897873.962509929202497, 2055784.838963488349691 ], [ 2897870.424066205509007, 2055783.242126231547445 ], [ 2897866.922188992612064, 2055781.250680501339957 ], [ 2897863.639573493041098, 2055778.857362453360111 ], [ 2897863.49523295648396, 2055778.758657579077408 ], [ 2897860.160333172883838, 2055776.622026848606765 ], [ 2897857.284485581330955, 2055773.999237716896459 ], [ 2897854.922228578943759, 2055771.495930422795936 ], [ 2897852.834519494324923, 2055769.046853071544319 ], [ 2897852.488569419831038, 2055768.70386509411037 ], [ 2897842.538902977947146, 2055760.476641175802797 ], [ 2897839.324483170639724, 2055757.710247576003894 ], [ 2897838.894097847864032, 2055757.405336745083332 ], [ 2897838.803643999621272, 2055757.35504990350455 ], [ 2897835.375902966596186, 2055755.52711289585568 ], [ 2897832.17745986673981, 2055753.668019032105803 ], [ 2897828.588380691129714, 2055751.526908753672615 ], [ 2897828.3266117637977, 2055751.390329024754465 ], [ 2897824.619787546806037, 2055749.688919561682269 ], [ 2897821.383048930205405, 2055748.05698970798403 ], [ 2897821.063536792527884, 2055747.919147071894258 ], [ 2897820.861169617623091, 2055747.85391895333305 ], [ 2897814.721330152824521, 2055746.120866177603602 ], [ 2897814.492687061429024, 2055746.066097169881687 ], [ 2897806.079999191686511, 2055744.404023583279923 ], [ 2897806.000154542736709, 2055744.389436554862186 ], [ 2897800.863193669356406, 2055743.537946161814034 ], [ 2897800.784678962081671, 2055743.525957198580727 ], [ 2897795.767488386016339, 2055742.832614416722208 ], [ 2897795.5587093452923, 2055742.811253375839442 ], [ 2897791.231781873852015, 2055742.523738472023979 ], [ 2897790.882067849859595, 2055742.521114334231243 ], [ 2897790.533593507949263, 2055742.559545478085056 ], [ 2897790.191146506462246, 2055742.638566795736551 ], [ 2897784.836804998107255, 2055744.206903187325224 ], [ 2897784.639626048970968, 2055744.272079433314502 ], [ 2897784.162778781726956, 2055744.496649901149794 ], [ 2897780.226909745018929, 2055746.785757930018008 ], [ 2897779.984933112282306, 2055746.942049437435344 ], [ 2897776.136437923647463, 2055749.693392420886084 ] ] ] ] } }
]
}
